ÍTEM,DEL FOLIO/PAGINAS,RAZON SOCIAL REMITENTE,No. RADICADO REMITENTE,RAZON SOCIAL DESTINATARIO,No. RADICADO DESTINATARIO,FECHA (DD/MM/AAAA),ASUNTO / TIPO DOCUMENTAL,UBICACION_ARCHIVO
37,1,CONCESIÓN ALTO MAGDALENA S.A.S.,ALMA-2019-03446,CONSORCIO 4C,GP-11323,07/11/2019,Informe ejecutivo avance de ejecución predial y sabana de avalúos del mes de octubre del año 2019,15_04_Comunic_Recibidas/2019/CI004_GP-11323_070401_CON_03446_INF_PREDIAL_OCT19.pdf
39,1,CONCESIÓN ALTO MAGDALENA S.A.S.,ALMA-2019-03716,CONSORCIO 4C,GP-11545,29/11/2019,Reiteración a nuestra solicitud radicada con número: CAR 04191100762 del 13 de mayo de 2019. Expediente 52059,15_04_Comunic_Recibidas/2019/CI004_GP-11545_070108_CON_03716_REITERA_CAR_04191100762.pdf
38,2,CONCESIÓN ALTO MAGDALENA S.A.S.,ALMA-2019-02187,CONSORCIO 4C,GP-10564,04/07/2019,Respuesta comunicación CI.004/GP6481/19/7.3.3 del 31 de mayo de 2019 (Rad. Interno ALMA-R 20190428) – Resultado Medición Niveles de Servicio Abril 2019,15_04_Comunic_Recibidas/2019/CI004_GP-10564_070303_CON_02187_NIVEL_SERVIC_ABR.pdf
40,1,CONCESIÓN ALTO MAGDALENA S.A.S.,ALMA-2019-03615,CONSORCIO 4C,GP-11469,25/11/2019,Respuesta comunicación CI.004/GP7124/19/7.4.6 (Rad. interno ALMA-R-20192572 del 30/10/2019). Entrega expediente ALMA-5-0117 para aprobación del Avalúo Comercial Corporativo.,15_04_Comunic_Recibidas/2019/CI004_GP-11469_070406_CON_03615_EXP_AVALUO.pdf
41,2,CONCESIÓN ALTO MAGDALENA S.A.S.,ALMA-2019-03319,CONSORCIO 4C,GP-11440,25/10/2019,Solicitud Desenglobe Catastral Predio ALMA-4-0007,15_04_Comunic_Recibidas/2019/CI004_GP-11440_070401_CON_03319_DESENGLO_CATASTRAL.pdf
43,4,CONCESIÓN ALTO MAGDALENA S.A.S.,ALMA-2019-02567,CONSORCIO 4C,GP-10797,05/08/2019,Cumplimiento Auto No.0525 del 06 de junio de 2019 - Expediente 75999,15_04_Comunic_Recibidas/2019/CI004_GP-10797_070108_CON_02567_ART_3_AUTO_0525.pdf
42,1,CONCESIÓN ALTO MAGDALENA S.A.S.,ALMA-2019-02308,CONSORCIO 4C,GP-10670,15/07/2019,Entrega del expediente ALMA-2-0003-1 para aprobación del Avalúo Comercial Corporativo,15_04_Comunic_Recibidas/2019/CI004_GP-10670_070406_CON_02308_EXP_AVALUO.pdf
44,1,CONCESIÓN ALTO MAGDALENA S.A.S.,ALMA-2019-03722,CONSORCIO 4C,GP-11551,29/11/2019,Siembra compensaciones. Expediente 62025,15_04_Comunic_Recibidas/2019/CI004_GP-11551_070108_CON_03722_SIEMBRA_COMPENSA_EXP_62025.pdf
45,5,CONCESIÓN ALTO MAGDALENA S.A.S.,ALMA-2019-00061,CONSORCIO 4C,GP-9470,08/01/2019,Respuesta a comunicaciones de fecha 13 y 19 de diciembre de 2018; 2 y 8 de enero de 2019 – PQRS-UFS-2018-490. Reclamación de No pago Subcontratista IIP al Señor Alvaro Cubillos Mojica.,15_04_Comunic_Recibidas/2019/CI004_GP-9470_070110-070109_CON_00061_PQRS_ACUBILLOS.pdf
46,2,CONCESIÓN ALTO MAGDALENA S.A.S.,CI.004/GP5866/19/7.5,CONSORCIO 4C,GP-9790,22/02/2019,Respuesta comunicación CI.004/GP5866/19/7.5 - Radicado ALMA-R-2019-0169 del 25 de enero de 2019. Memoria Técnica noviembre 2018.,15_04_Comunic_Recibidas/2019/CI004_GP-9790_070500_CON_00699_OBS_MEMOTEC_NOV.pdf
48,2,CONCESIÓN ALTO MAGDALENA S.A.S.,ALMA-2019-02211,CONSORCIO 4C,GP-10582,05/07/2019,Respuesta PQRS UF2 2019-435 del 26/06/2019- Solicitud permiso para demolición de 6 mts lineales de andén en el Municipio de Nariño.,15_04_Comunic_Recibidas/2019/CI004_GP-10582_070109-070114_CON_02211_PQRS_UGUTIERREZ.pdf
47,7,CONSORCIO 4C,"No aplica (No visible en el documento como remitente principal, solo como firma del director)",CONSORCIO 4C,GP-10364,12/05/2019,Ref. Solicitud de Informe sobre gestión predial – predios ALMA-5-0044 y ALMA-5-0049 – Contrato de Interventoría No. 145 del 2014 – Contrato de Concesión bajo el esquema de APP No. 003 de 2014 – Proyecto Vial Concesión Honda – Puerto Salgar – Girardot.,15_04_Comunic_Recibidas/2019/CI004_GP-10364_070401_ANI_015384-1_INF_PREDIOS_5-0044_5-0049.pdf
49,1,CONCESIÓN ALTO MAGDALENA S.A.S.,ALMA 2019 03520,CONSORCIO 4C,GP-11420,13/11/2019,Siembra compensaciones. Expediente 51862,15_04_Comunic_Recibidas/2019/CI004_GP-11420_070108_CON_03520_SIEMBRA_COMPENSA_EXP_51862.pdf
52,1,CONCESIÓN ALTO MAGDALENA S.A.S.,ALMA-2018-4746,CONSORCIO 4C,GP-9462,26/12/2018,Entrega del expediente predial ALMA-3-0114 para aprobación de ficha predial,15_04_Comunic_Recibidas/2019/CI004_GP-9462_070401_CON_4746_EXP_PREDIAL.pdf
51,5,CONCESIÓN ALTO MAGDALENA S.A.S.,ALMA-2019-02122,CONSORCIO 4C,GP-10529,25/06/2019,Solicitud desistimiento trámite de prórroga iniciado mediante Auto DRBM No. 056 de 23 de enero de 2017 y en consecuencia se solicita que se declare la pérdida de fuerza ejecutoria de Resolución No. 0976 de 03 de mayo de 2016. Expediente 52057.,15_04_Comunic_Recibidas/2019/CI004_GP-10529_070108_CON_02122_RESOL_0976_EXP_52057.pdf
50,11,CONCESIÓN ALTO MAGDALENA S.A.S.,ALMA-2019-00922,CONSORCIO 4C,GP-9946,12/03/2019,Respuesta a comunicaciones ANI 2019-305-000757-1 (ALMA-R-20190106) y CI.004/GP5789/5.3 (ALMA-R-2019-00049). Cálculo de los intereses,15_04_Comunic_Recibidas/2019/CI004_GP-9946_050300_CON_00922_CALCULO_INTERES.pdf
53,4,CONCESIÓN ALTO MAGDALENA S.A.S.,ALMA-2019-02030,CONSORCIO 4C,GP-10463,14/06/2019,GCSP-F-001 Informe Mantenimiento de Bienes de uso Público del mes de mayo de 2019,15_04_Comunic_Recibidas/2019/CI004_GP-10463_070201_CON_02030_FOR_GCSP-F001_MAY.pdf
54,1,CONCESIÓN ALTO MAGDALENA S.A.S.,ALMA-2018-3884,CONSORCIO 4C,GP-9511,08/10/2018,Entrega un (1) expediente para aprobación de Ficha Predial y Estudio de Títulos.,15_04_Comunic_Recibidas/2019/CI004_GP-9511_070401_CON_3884_EXP_PREDIAL.pdf
56,1,CONCESIÓN ALTO MAGDALENA S.A.S.,ALMA-2019-03443,CONSORCIO 4C,GP-11339,07/11/2019,Solicitud información sobre reglamentación vigente para señalización fluvial,15_04_Comunic_Recibidas/2019/CI004_GP-11339_070108_CON_03443_REGLA_VIG_SEÑAL_FLUVIAL.pdf
55,3,CONCESIÓN ALTO MAGDALENA S.A.S.,ALMA-2019-03274,CONSORCIO 4C,GP-11222,21/10/2019,Solicitud copia del expediente QBN-15031,15_04_Comunic_Recibidas/2019/CI004_GP-11222_070108_CON_03274_SCTUD_EXP_QBN-15031.pdf
57,2,CONCESIÓN ALTO MAGDALENA S.A.S.,ALMA-2019-01774,CONSORCIO 4C,GP-10367,20/05/2019,Alcance artículos primero y segundo del Auto No. 0146 de 14 de febrero de 2019 - Entrega justificación hidráulica,15_04_Comunic_Recibidas/2019/CI004_GP-10367_070108_CON_01774_ART_1_2_AUTO_0146.pdf
58,1,CONCESIÓN ALTO MAGDALENA S.A.S.,ALMA-2019-00297,CONSORCIO 4C,GP-9797,28/01/2019,Entrega del expediente ALMA-3-0130 para aprobación del Avalúo Comercial Corporativo,15_04_Comunic_Recibidas/2019/CI004_GP-9797_070406_CON_00297_EXP_AVALUO.pdf
151,2,CONCESIÓN ALTO MAGDALENA S.A.S.,CI004|GP-11622|070110,CONSORCIO 4C,GP-11622,13/12/2019,Entrega soportes correspondientes a Pagos de Seguridad Social para el mes de septiembre de 2019 y Pago de Salarios del mes de agosto de 2019.,15_04_Comunic_Recibidas/2019/CI004_GP-11622_070110_CON_03902_PAG_SEGYSAL_SEP_AGO.pdf
152,1,CONCESIÓN ALTO MAGDALENA S.A.S.,ALMA-2019-01275,CONSORCIO 4C,GP-10071,09/04/2019,Planos y Cartilla de Andenes Unidad Funcional 5.2,15_04_Comunic_Recibidas/2019/CI004_GP-10071_070107_CON_01275_CARTIL_ANDEN_UF5.pdf
153,1,Jaime Eduardo Bravo Contreras,GP-10419,CONSORCIO 4C,GP-10419,15/05/2019,Carta remisoria,15_04_Comunic_Recibidas/2019/CI004_GP-10419_070400-070109_JBRAVO_SINNUMERO_DP.pdf
150,1,CONCESIÓN ALTO MAGDALENA S.A.S.,ALMA-2019-01385,CONSORCIO 4C,GP-10172,16/04/2018,Divulgación Resolución ANLA No. 1685 del 24 de Diciembre del 2015 y Resolución ANLA No. 0265 del 13 de marzo del 2017; Exp. LAV0063-00-2015.,15_04_Comunic_Recibidas/2019/CI004_GP-10172_070108_CON_01385_RESOL_ANLA_1685.pdf
155,10,Agencia Nacional de Infraestructura,2019-305-009024-1,CONSORCIO 4C,GP-9994,22/03/2019,"Ref. Respuesta a las comunicaciones con radicado ANI No 20184091230202, 20194090216382 y 20194090244122 – No Objeción Periodo de Cura - Contrato de Concesión No 003 de 2014 – Proyecto Girardot – Honda – Puerto Salgar",15_04_Comunic_Recibidas/2019/CI004_GP-9994_050300_ANI_009024-1_PLAZO_CURA_PMT_UF3_5.pdf
156,1,CONCESIÓN ALTO MAGDALENA S.A.S.,ALMA-2019-00988,CONSORCIO 4C,GP-9980,19/03/2019,Entrega Expediente Final ALMA-4-0056,15_04_Comunic_Recibidas/2019/CI004_GP-9980_070401_CON_00988_EXP_FINAL.pdf
154,1,CONCESIÓN ALTO MAGDALENA S.A.S.,ALMA-2019-01805,CONSORCIO 4C,GP-10381,24/05/2019,Entrega de la Sabana Predial y Tira topográfica,15_04_Comunic_Recibidas/2019/CI004_GP-10381_070401_CON_01805_SABANA_PREDIAL.pdf
157,1,Agencia Nacional de Infraestructura,20194090773152,CONSORCIO 4C,GP-10794,08/08/2019,"Ref. Remisión Solicitud de Intervención radicada por la Personería de La Dorada Caldas - Proyecto Girardot – Honda – Puerto Salgar, Contrato de Concesión 003 de 2014. Alto Magdalena S.A.S.",15_04_Comunic_Recibidas/2019/CI004_GP-10794_070109_ANI_025879-1_SCTUD_PERSON_LDORADA.pdf
158,1,CONCESIÓN ALTO MAGDALENA S.A.S.,ALMA-2019-02227,CONSORCIO 4C,GP-10605,08/07/2019,Cumplimiento Resolución DRMC No. 769 del 13 de abril de 2016 - Expediente 51969,15_04_Comunic_Recibidas/2019/CI004_GP-10605_070108_CON_02227_RESOL_DRMC_769.pdf
161,1,Fiduciaria Bogotá S.A.,CI.004,CONSORCIO 4C,GP-10379,23/04/2019,Ref. INFORME MENSUAL DEL 1 AL 31 DE MARZO DE 2019 FIDEICOMISO FIDUBOGOTA–CONCESION ALTO MAGDALENA 3-1-63664,15_04_Comunic_Recibidas/2019/CI004_GP-10379_070201_FBTA_010265_INF_MEN_MAR.pdf
160,2,CONCESIÓN ALTO MAGDALENA S.A.S.,ALMA-2019-01982,CONSORCIO 4C,GP-10480,10/06/2019,Auto No. 0148 de 15 de febrero de 2019 Alcance artículos primero y segundo. Entrega justificación hidráulica. Expediente: 51483,15_04_Comunic_Recibidas/2019/CI004_GP-10480_070108_CON_01982_JUST_HIDRAU_51483.pdf
159,2,CONCESIÓN ALTO MAGDALENA S.A.S.,07191100590,CONSORCIO 4C,GP-10326,13/05/2019,"Ref. Contrato de Concesión bajo esquema APP N° 003-2014 – “La financiación, construcción, rehabilitación, mejoramiento, operación y mantenimiento del corredor Honda – Puerto Salgar – Girardot, de acuerdo con el Apéndice Técnico 1 y demás Apéndices del Contrato.” Cumplimiento Resolución No. 2438 del 11 septiembre de 2017 y Auto CAR-DRMC No. 089 del 4 de febrero de 2019. Expediente 62723.",15_04_Comunic_Recibidas/2019/CI004_GP-10326_070108_CON_01702_CUMPLI_RESOL_2438.pdf
162,1,CONCESIÓN ALTO MAGDALENA S.A.S.,ALMA-2019-03633,CONSORCIO 4C,GP-11483,25/11/2019,Entrega del expediente ALMA-2-0001-7 para aprobación del Avalúo Comercial Corporativo,15_04_Comunic_Recibidas/2019/CI004_GP-11483_070406_CON_03633_EXP_AVALUO.pdf
164,1,CONCESIÓN ALTO MAGDALENA S.A.S.,ALMA-2019-02741,CONSORCIO 4C,GP-10917,23/08/2019,"Ref. Contrato de Concesión bajo esquema APP N° 003-2014 – “Financiación, construcción, rehabilitación, mejoramiento, operación y mantenimiento del corredor Honda – Puerto Salgar – Girardot” - Entrega Expediente Predial Final ALMA-4-0041",15_04_Comunic_Recibidas/2019/CI004_GP-10917_070401_CON_02741_EXP_FINAL.pdf
163,2,CONCESIÓN ALTO MAGDALENA S.A.S.,ALMA-2019-01207,CONSORCIO 4C,GP-10106,04/04/2019,Respuesta oficio CL.004/GP6207/19/7.4.1 (rad int ALMA-R-2018-0809 – 27/03/2019,15_04_Comunic_Recibidas/2019/CI004_GP-10106_070401_CON_01207_EXP_PREDIAL.pdf
165,1,CONCESIÓN ALTO MAGDALENA S.A.S.,ALMA-2019-00990,CONSORCIO 4C,GP-10009,19/03/2019,Entrega Expediente Final ALMA-4-0049,15_04_Comunic_Recibidas/2019/CI004_GP-10009_070401_CON_00990_EXP_FINAL.pdf
167,12,Ministerio de Hacienda y Crédito Público,2-2019-008010,CONSORCIO 4C,GP-10964,13/03/2019,Aprobación del seguimiento plan de aportes al Fondo de Contingencias de las Entidades Estatales del proyecto Girardot – Honda – Puerto Salgar.,15_04_Comunic_Recibidas/2019/CI004_GP-10964_070203_ANI_026048-2_PLAN_APORTE_FONDO.pdf
168,1,CONCESIÓN ALTO MAGDALENA S.A.S.,ALMA-2019-03611,CONSORCIO 4C,GP-11459,22/11/2019,"Ref. Contrato de Concesión bajo esquema APP N° 003-2014 – “La financiación, construcción, rehabilitación, mejoramiento, operación y mantenimiento del corredor Honda – Puerto Salgar – Girardot, de acuerdo con el Apéndice Técnico 1 y demás Apéndices del Contrato.",15_04_Comunic_Recibidas/2019/CI004_GP-11459_070301_CON_03611_PUNTOS_CONTEO_VEHICUL.pdf
166,5,CONCESIÓN ALTO MAGDALENA S.A.S.,ALMA-2019-03644,CONSORCIO 4C,GP-11658,26/11/2019,Respuesta PQRS-UF4-2019-0522 del 15/10/2019 y oficio Nos. 20193050364521 20193050395011,15_04_Comunic_Recibidas/2019/CI004_GP-11658_070108_CON_03644_AGRIETA_POTREROS.pdf
169,2,CONCESIÓN ALTO MAGDALENA S.A.S.,ALMA-2019-02290,CONSORCIO 4C,GP-10624,12/07/2019,Cronograma de Andenes de los Centros Poblados Unidad Funcional 2,15_04_Comunic_Recibidas/2019/CI004_GP-10624_050300-090300_CON_02290_ANDEN_CTROS_POB_UF2.pdf
170,1,CONCESIÓN ALTO MAGDALENA S.A.S.,ALMA-2019-01717,CONSORCIO 4C,GP-10261,13/05/2019,Respuesta radicado CI.004/GP6389/19/7.4.4 el 10 de mayo de 2019 - Devolución avalúos y solicitud acciones correctivas de los aprobados,15_04_Comunic_Recibidas/2019/CI004_GP-10261_070406_CON_01717_DEV_AVALUOS.pdf
172,1,CONCESIÓN ALTO MAGDALENA S.A.S.,ALMA-2019-02765,CONSORCIO 4C,GP-10885,26/08/2019,Memoria Técnica Mes de Julio 2019,15_04_Comunic_Recibidas/2019/CI004_GP-10885_070500_CON_02765_MEMOTEC_JUL19.pdf
171,1,CONCESIÓN ALTO MAGDALENA S.A.S.,20191132335,CONSORCIO 4C,GP-10610,08/07/2019,Inicio Siembra compensación en cumplimiento Resolución No. 0328 febrero 16 de 2016 del expediente 52117,15_04_Comunic_Recibidas/2019/CI004_GP-10610_070108_CON_02233_COMPENSA_RESOL_0328.pdf
271,4,AGENCIA NACIONAL DE INFRAESTRUCTURA,20193050245601,CONSORCIO 4C,GP-10952,04/09/2019,Ref. Respuesta comunicación Rad ANI No 20194090896662 del 28 de agosto de 2019 – Construcción Nuevo Puente Honda - Proyecto Girardot – Honda – Puerto Salgar. Contrato de Concesión 003 de 2014 – Concesión Alto Magdalena S.A.S.,15_04_Comunic_Recibidas/2019/CI004_GP-10952_050300_ANI_030111-1_CANAL_RECOLECT_AGUAS.pdf
272,1,CONCESIÓN ALTO MAGDALENA S.A.S.,ALMA-2019-02569,CONSORCIO 4C,GP-10774,05/08/2019,Informe semanal desarrollo del Evento Eximente de Responsabilidad periodo del 29 de julio al 04 de agosto del 2019,15_04_Comunic_Recibidas/2019/CI004_GP-10774_070109_CON_02569_INF_EER_ARQUEO_UF5.pdf
270,7,CONCESIÓN ALTO MAGDALENA S.A.S.,ALMA-2019-03190,CONSORCIO 4C,GP-11152,15/10/2019,"Respuesta comunicado ANI 2019-3050332971 (Rad. Int. ALMA-R-20192377), remisión Derecho de Petición veeduría Ciudadana de la Región Central de Colombia.",15_04_Comunic_Recibidas/2019/CI004_GP-11152_070109_CON_03190_DP_VEEDURIA.pdf
273,1,CONCESIÓN ALTO MAGDALENA S.A.S.,CI.004/GP6763/19/7.1.15(Rad),CONSORCIO 4C,GP-11272,24/10/2019,Respuesta comunicado CI.004/GP6763/19/7.1.15(Rad). Interno ALMA-R-20191862 de 01 agosto de 2019. Periodo Especial Norcasia,15_04_Comunic_Recibidas/2019/CI004_GP-11272_070111-070115_CON_03303_PERIOD_ESP_NORCASIA.pdf
275,1,CONCESIÓN ALTO MAGDALENA S.A.S.,CI.004/GP5021/18/7.1.7,CONSORCIO 4C,GP-9959,13/03/2019,Respuesta comunicación CI.004/GP5021/18/7.1.7 – Radicado ALMA-R-2018-2630 del 22 de agosto de 2018. Revisión Diseño Puente Peatonal de Puerto Bogotá – UF 5.1,15_04_Comunic_Recibidas/2019/CI004_GP-9959_070107_CON_00933_DISEÑ_PTE_PEATON_PTO_BGTA.pdf
277,1,CONCESIÓN ALTO MAGDALENA S.A.S.,ALMA-2019-02519,CONSORCIO 4C,GP-11691,01/08/2019,Respuesta comunicación CI.004/GP6477/19/7.2.2 con radicado interno ALMA-R-20191264 - Informe de Ingresos y Egresos,15_04_Comunic_Recibidas/2019/CI004_GP-11691_070202_CON_02519_INF_INGRE_EGRE_19.pdf
274,3,CONCESIÓN ALTO MAGDALENA S.A.S.,ALMA-2019-02274,CONSORCIO 4C,GP-10663,11/07/2019,Informe criterios para contabilizar Ingresos y Egresos por Unidad Funcional.,15_04_Comunic_Recibidas/2019/CI004_GP-10663_070201_CON_02274_INF_ING_EGRES_JUN19.pdf
276,3,CONCESIÓN ALTO MAGDALENA S.A.S.,ALMA-2019-03276,CONSORCIO 4C,GP-11224,21/10/2019,Solicitud copia del expediente RJ6-11001,15_04_Comunic_Recibidas/2019/CI004_GP-11224_070108_CON_03276_SCTUD_EXP_RJ6-11001.pdf
281,1,FIDUCIARIA BOGOTÁ S.A.,CSSA2019008603,CONSORCIO 4C,GP-10377,14/03/2019,Ref. ESTADOS FINANCIEROS AUDITADOS Y LAS REVELACIONES AL 31 DE DICIEMBRE DE 2018. FIDEICOMISO FIDUBOGOTA–CONCESION ALTO MAGDALENA 3-1-63664,15_04_Comunic_Recibidas/2019/CI004_GP-10377_070202_FBTA_006603_ESTAD_FINAN_31-DIC18.pdf
280,1,CONCESIÓN ALTO MAGDALENA S.A.S.,ALMA-2019-00201,CONSORCIO 4C,GP-9660,22/01/2019,Entrega Expediente Final ALMA-1-0013,15_04_Comunic_Recibidas/2019/CI004_GP-9660_070401_CON_00201_EXP_FINAL_1-0013.pdf
278,7,CONCESIÓN ALTO MAGDALENA S.A.S.,ALMA-2019-00713,CONSORCIO 4C,GP-9816,22/02/2019,Declaración de producción y liquidación de regalías Autorización temporal SFT-08411,15_04_Comunic_Recibidas/2019/CI004_GP-9816_070108_CON_00713_REGALIAS_SFT-08411.pdf
279,3,CONCESIÓN ALTO MAGDALENA S.A.S.,ALMA-2019-01714,CONSORCIO 4C,GP-10376,13/05/2019,Informe sobre los criterios para contabilizar Ingresos y Egresos por Unidad Funcional,15_04_Comunic_Recibidas/2019/CI004_GP-10376_070201_CON_01714_INF_ING_EGRE_ABR.pdf
282,5,CONCESIÓN ALTO MAGDALENA S.A.S.,CI.004/GP7067/19/7.3.3,CONSORCIO 4C,GP-11282,30/10/2019,Respuesta comunicación CI.004/GP7067/19/7.3.3 del 16 de octubre de 2019 (ALMA-R-20192467) / resultados medición niveles de servicio – septiembre de 2019.,15_04_Comunic_Recibidas/2019/CI004_GP-11282_070303_CON_03393_MEDI_NIVEL_SERVICIO.pdf
284,1,CONCESIÓN ALTO MAGDALENA S.A.S.,ALMA-2019-01718,CONSORCIO 4C,GP-10309,13/05/2019,Entrega de la Sabana Predial y Tira topográfica,15_04_Comunic_Recibidas/2019/CI004_GP-10309_070401_CON_01718_SABANA_PREDIAL.pdf
283,1,CONCESIÓN ALTO MAGDALENA S.A.S.,ALMA-2019-03548,CONSORCIO 4C,GP-11405,13/11/2019,Respuesta comunicación ALMA-2019-3189. Entrega Informe Final Puentes Resolución CORPOCALDAS No. 355 del 08 de 2016. Expediente 284,15_04_Comunic_Recibidas/2019/CI004_GP-11405_070108_CON_03548_INF_FINAL_PTES_RESOL_355.pdf
285,4,CONSORCIO 4C,CI.004/GP6554/19/5.3,CONSORCIO 4C,GP-10856,15/08/2019,"Ref. Respuesta comunicado CI.004/GP6554/19/5.3, radicado ANI No. 20194090624582 – Solicitud No Objeción Plazo de Cura - Ambiental. Contrato de Concesión APP No. 003 de 2014. Proyecto Girardot - Honda – Puerto Salgar",15_04_Comunic_Recibidas/2019/CI004_GP-10856_050300_ANI_027230-1_PLAZO_CURA_AMB.pdf
287,5,CONCESIÓN ALTO MAGDALENA S.A.S.,ALMA-2019-02732,CONSORCIO 4C,GP-10875,23/08/2019,Respuesta comunicación CE/C.I.000/HID/0008/19 del 22 de junio de 2019 - Justificación hidráulica Km 69+975,15_04_Comunic_Recibidas/2019/CI004_GP-10875_070108-070107_CON_02732_JUSTI_HIDRAU_K69+975.pdf
286,1,CONCESIÓN ALTO MAGDALENA S.A.S.,ALMA-2019-02254,CONSORCIO 4C,GP-10638,10/07/2019,"Ref. Contrato de Concesión bajo esquema APP N° 003-2014 – “Financiación, construcción, rehabilitación, operación y mantenimiento del Corredor Honda – Puerto Salgar – Girardot, de acuerdo con el Apéndice Técnico 1 y demás apéndices del Contrato”. Entrega Resolución No. 2618 del 04 de septiembre de 2018 - Permiso de Aprovechamiento “Acceso al puente del río Guarino (K9+580 - K9+700) Intersección del nuevo puente de Honda - Costado Occidental",15_04_Comunic_Recibidas/2019/CI004_GP-10638_070108_CON_02254_RESOL_2618.pdf
288,1,CONCESIÓN ALTO MAGDALENA S.A.S.,ALMA-2019-02927,CONSORCIO 4C,GP-10998,11/09/2019,Entrega expediente ALMA-5-0274 para aprobación del Avalúo Comercial Corporativo,15_04_Comunic_Recibidas/2019/CI004_GP-10998_070406_CON_02927_EXP_AVALUO.pdf
289,1,CONCESIÓN ALTO MAGDALENA S.A.S.,ALMA-2019-00787,CONSORCIO 4C,GP-9856,04/03/2019,Entrega de la Sabana Predial y Tira topográfica,15_04_Comunic_Recibidas/2019/CI004_GP-9856_070401_CON_00787_SABANA_PREDIAL.pdf
290,2,CONCESIÓN ALTO MAGDALENA S.A.S.,ALMA-2019-03795,CONSORCIO 4C,GP-11587,09/12/2019,"Remisión pólizas Todo Riesgo Construcción, Cumplimiento, Responsabilidad Civil Extracontractual, actualización diciembre 2019.",15_04_Comunic_Recibidas/2019/CI004_GP-11587_050300_CON_03795_POLIZAS_ACTUAL_DIC19.pdf
292,1,CONCESIÓN ALTO MAGDALENA S.A.S.,ALMA-2019-02347,CONSORCIO 4C,GP-10658,18/07/2019,Entrega Resultados medición indicadores Unidad Funcional 5 Etapa 1 (Honda – Purnio 5.2 y Purnio – Korán de la Unidad Funcional 5.4,15_04_Comunic_Recibidas/2019/CI004_GP-10658_090300-070303_CON_02347_INDICAD_UF5.pdf
293,10,CONCESIÓN ALTO MAGDALENA S.A.S.,ALMA-2019-00631,CONSORCIO 4C,GP-9746,19/02/2019,Informe semanal Avance Gestión Predial Unidad Funcional 4 - Evento Eximente de Responsabilidad.,15_04_Comunic_Recibidas/2019/CI004_GP-9746_070401_CON_00631_INF_PREDIAL_EER_UF4.pdf
294,3,CONCESIÓN ALTO MAGDALENA S.A.S.,CI.004_GP-11367_070201_CON_03503,CONSORCIO 4C,GP-11367,12/11/2019,Informe criterios para contabilizar Ingresos y Egresos por Unidad Funcional.,15_04_Comunic_Recibidas/2019/CI004_GP-11367_070201_CON_03503_INF_INGRE_EGRE_OCT.pdf
291,1,CONCESIÓN ALTO MAGDALENA S.A.S.,ALMA-2019-03384,CONSORCIO 4C,GP-11293,30/10/2019,"Respuesta comunicación ANLA No.2019164627-2-000 (rad. Int. ALMA-R-20192520 del 23/10/2019) - Alcance radicado ANLA 2019141966-1-000, Informe ICA No. 11 - Exp: LAV0004-00-2016",15_04_Comunic_Recibidas/2019/CI004_GP-11293_070108_CON_03384_INF_ICA_N°11.pdf
388,1,CONCESIÓN ALTO MAGDALENA S.A.S.,ALMA-2018-4380,CONSORCIO 4C,GP-9478,19/11/2018,Informe de Cumplimiento Ambiental N°3. Expediente N° LAV0068-00-2015.,15_04_Comunic_Recibidas/2019/CI004_GP-9478_070108_CON_4380_INF_CUMPLI_AMB_N°3.pdf
387,12,CONCESIÓN ALTO MAGDALENA S.A.S.,ALMA-2019-02528,CONSORCIO 4C,GP-10752,01/08/2019,Informe semanal Avance Gestión Predial Unidad Funcional 4 - Evento Eximente de Responsabilidad.,15_04_Comunic_Recibidas/2019/CI004_GP-10752_070401_CON_02528_INF_PREDIAL_EER_UF4.pdf
386,1,CONCESIÓN ALTO MAGDALENA S.A.S.,ALMA-2019-03066,CONSORCIO 4C,GP-11647,26/09/2019,Respuesta comunicación CI.004/GP6824/19/5.3 del 14/08/2019. Entrega del expediente ALMA-5-0074 para aprobación del Avalúo Comercial Corporativo.,15_04_Comunic_Recibidas/2019/CI004_GP-11647_070406_CON_03066_EXP_AVALUO.pdf
389,5,CONCESIÓN ALTO MAGDALENA S.A.S.,ALMA-2019-00771,CONSORCIO 4C,GP-9829,01/03/2019,Ref. Evasión peaje Chicoral – Concesión San Rafael,15_04_Comunic_Recibidas/2019/CI004_GP-9829_070114-070109_CON_00771_PEAJE_CHICORAL.pdf
391,1,CONCESIÓN ALTO MAGDALENA S.A.S.,ALMA-2019-01348,CONSORCIO 4C,GP-10442,11/04/2019,"Entrega del expediente predial ALMA-4-0071, para revisión y aprobación del componente social.",15_04_Comunic_Recibidas/2019/CI004_GP-10442_070402_CON_01348_EXP_SOCIAL.pdf
392,1,CONCESIÓN ALTO MAGDALENA S.A.S.,20191132337,CONSORCIO 4C,GP-10612,08/07/2019,Inicio siembra - compensación en cumplimiento de la Resolución No. 0296 de marzo 16 de 2016. Expediente 51494,15_04_Comunic_Recibidas/2019/CI004_GP-10612_070108_CON_02235_COMPENSA_RESOL_0296.pdf
390,1,CONCESIÓN ALTO MAGDALENA S.A.S.,ALMA-2019-03619,CONSORCIO 4C,GP-11472,25/11/2019,Respuesta comunicación CI.004/GP7182/19/7.4.6 (Rad. interno ALMA-R-20192687 del 15/11/2019). Entrega del expediente ALMA-5-0132 para aprobación del Avalúo Comercial Corporativo.,15_04_Comunic_Recibidas/2019/CI004_GP-11472_070406_CON_03619_EXP_AVALUO.pdf
393,1,CONCESIÓN ALTO MAGDALENA S.A.S.,ALMA-2019-00697,CONSORCIO 4C,GP-9871,22/02/2019,"Ref. Contrato de Concesión bajo esquema APP N° 003-2014 – “La financiación, construcción, rehabilitación, mejoramiento, operación y mantenimiento del corredor Honda – Puerto Salgar – Girardot, de acuerdo con el Apéndice Técnico 1 y demás Apéndices del Contrato.”",15_04_Comunic_Recibidas/2019/CI004_GP-9871_070406_CON_00697_EXP_AVALUO.pdf
394,2,CONCESIÓN ALTO MAGDALENA S.A.S.,ALMA-2019-00593,CONSORCIO 4C,GP-9741,18/02/2019,"Acta No 12 Ejecución de obras de protección, Traslado o Reubicación de Redes eléctricas, húmedas e hidrocarburos.",15_04_Comunic_Recibidas/2019/CI004_GP-9741_070115_CON_00593_ACTA_N°12_REDES.pdf
395,1,CONCESIÓN ALTO MAGDALENA S.A.S.,CI.004/GP7200/19/7.1.7,CONSORCIO 4C,GP-11609,10/12/2019,Respuesta a su comunicación CI.004/GP7200/19/7.1.7 con radicado interno ALMA-R-20192714 de fecha 20 de noviembre de 2019- Diseño Geométrico Glorieta Oriental Nuevo Puente de Honda.,15_04_Comunic_Recibidas/2019/CI004_GP-11609_070401_CON_03819_DISEÑ_GLORIET_NPH.pdf
396,1,CONCESIÓN ALTO MAGDALENA S.A.S.,ALMA-2019-02710,CONSORCIO 4C,GP-10925,20/08/2019,Respuesta comunicación ANLA No.2019108805-2-000 (Rad. interno ALMA-R-2019-1876) del 02/08/2019 – Información complementaria Informe ICA No. 8. Expediente: LAV0004-00-2016,15_04_Comunic_Recibidas/2019/CI004_GP-10925_070108_CON_02710_INF_ICA_N08.pdf
397,3,CONCESIÓN ALTO MAGDALENA S.A.S.,ALMA-2019-00536,CONSORCIO 4C,GP-9724,11/02/2019,Reporte de Avance áreas compensación y solicitud visita a predios.,15_04_Comunic_Recibidas/2019/CI004_GP-9724_070108_CON_00536_AVANC_AREAS_COMPENSA.pdf
398,1,CONCESIÓN ALTO MAGDALENA S.A.S.,CI.004/GP6128/19/7.1.1,CONSORCIO 4C,GP-9978,19/03/2019,Respuesta comunicación CI.004/GP6128/19/7.1.1 (Rad. interno ALMA-R-2019-0646 del 13/03/2019). Atraso Construcción Muros Coluvión – UF5.1,15_04_Comunic_Recibidas/2019/CI004_GP-9978_070101_CON_00985_ATRASO_MUROS_UF5.1.pdf
399,1,CONCESIÓN ALTO MAGDALENA S.A.S.,ALMA-2019-01850,CONSORCIO 4C,GP-10394,28/05/2019,Respuesta comunicación CI.004/GP5396/18/7.4.2 (Rad. Interno ALMA-R-2018-3246) - Entrega del expediente predial ALMA-3-0005 para revisión del componente Social.,15_04_Comunic_Recibidas/2019/CI004_GP-10394_070402_CON_01850_EXP_SOCIAL.pdf
401,2,CONCESIÓN ALTO MAGDALENA S.A.S.,ALMA-2019-00858,CONSORCIO 4C,GP-9882,07/03/2019,Respuesta auto 018 de 2019 Comportamientos contrarios que afectan el ejercicio de las acciones de protección de los bienes inmuebles (Pr 13+400,15_04_Comunic_Recibidas/2019/CI004_GP-9882_070109_CON_00858_PROTE_BIENES.pdf
400,1,CONCESIÓN ALTO MAGDALENA S.A.S.,ALMA-2018-4307,CONSORCIO 4C,GP-9621,14/11/2018,"Ref. Contrato de Concesión bajo esquema APP N° 003-2014 – “La financiación, construcción, rehabilitación, mejoramiento, operación y mantenimiento del corredor Honda – Puerto Salgar – Girardot, de acuerdo con el Apéndice Técnico 1 y demás Apéndices del Contrato.” Entrega de un (1) expediente para aprobación del Avalúo Comercial Corporativo, ALMA-1-0015 para aprobación.",15_04_Comunic_Recibidas/2019/CI004_GP-9621_070406_CON_4307_EXP_AVALUO.pdf
403,1,CONCESIÓN ALTO MAGDALENA S.A.S.,ALMA-2019-03796,CONSORCIO 4C,GP-11588,09/12/2019,Envío corrección Formulario de liquidación y declaración de regalías primer Trimestre Año 2019. Autorización Temporal SCV-09031.,15_04_Comunic_Recibidas/2019/CI004_GP-11588_070108_CON_03796_REGALIAS_1TRIM_SCV-09031.pdf
402,3,CONCESIONARIA SAN RAFAEL S.A.,GIC-BG-2019-1098,CONSORCIO 4C,GP-10756,02/08/2019,"Respuesta a la comunicación ALMA-2019-01963 de fecha 10 de junio de 2019, recibida con radicado N° SR-2891 el 11 de junio de 2019 – Solicitud Autorización Intervenciones Ruta Nacional 4004B en Intersecciones Flandes PR19+100.",15_04_Comunic_Recibidas/2019/CI004_GP-10756_050300_SRAFAEL_1098_INTERV_INTER_FLANDES.pdf
404,1,CONCESIÓN ALTO MAGDALENA S.A.S.,ALMA-2019-01128,CONSORCIO 4C,GP-10145,01/04/2019,Entrega del expediente ALMA-5-0124 para aprobación del Avalúo Comercial Corporativo,15_04_Comunic_Recibidas/2019/CI004_GP-10145_070406_CON_01128_EXP_AVALUO.pdf
406,6,CONCESIÓN ALTO MAGDALENA S.A.S.,ALMA-2019-03138,CONSORCIO 4C,GP-11117,07/10/2019,Atención prioritaria zona de alto riesgo barrio Las Colinas Inspección de Puerto Bogotá - Caso Juliett Perdomo.,15_04_Comunic_Recibidas/2019/CI004_GP-11117_070109_CON_03138_ZONA_RIESGO_LAS_COLINAS.pdf
405,4,Agencia Nacional de Infraestructura,2019-305-007565-1,CONSORCIO 4C,GP-9918,11/03/2019,Ref. Respuesta a su oficio 20194090122652 de 07 de febrero de 2019 Aprobación Hoja de vida Profesional Socio Ambiental– Contrato de Interventoría No.145 de 2014.- Proyecto Girardot Honda Puerto Salgar. Contrato 003 de 2014 Concesión Alto Magdalena SAS.,15_04_Comunic_Recibidas/2019/CI004_GP-9918_020200_ANI_007565-1_APROB_HV_PROF_AMB.pdf
407,3,CONCESIÓN ALTO MAGDALENA S.A.S.,ALMA-2019-03438,CONSORCIO 4C,GP-11330,07/11/2019,"Solicitud imposición de medidas correctivas definitivas problemática generada por comportamientos contrarios a la limpieza de la vía en el km 03+850 RN 4508, ingreso de la escombrera del municipio de Girardot.",15_04_Comunic_Recibidas/2019/CI004_GP-11330_070109_CON_03438_LIMPIEZA_VIA_K03+850.pdf
408,1,CONCESIÓN ALTO MAGDALENA S.A.S.,ALMA-2019-03566,CONSORCIO 4C,GP-11486,14/11/2019,"Ref. Contrato de Concesión bajo esquema APP N° 003-2014 – “La financiación, construcción, rehabilitación, mejoramiento, operación y mantenimiento del corredor Honda – Puerto Salgar – Girardot, de acuerdo con el Apéndice Técnico 1 y demás Apéndices del Contrato.",15_04_Comunic_Recibidas/2019/CI004_GP-11486_070402_CON_03566_EXP_SOCIAL.pdf
504,36,Agencia Nacional de Infraestructura,20194090567312,CONSORCIO 4C,GP-10457,05/06/2019,Ref. Radicado 20194090567312 - Traslado solicitud Procuraduría General de la Nación – Contrato de Concesión No 003 de 2014 – Proyecto Girardot – Honda – Puerto Salgar.,15_04_Comunic_Recibidas/2019/CI004_GP-10457_050300_ANI_017505-1_TRASL_SCTUD_MELISSA.pdf
507,2,CONCESIÓN ALTO MAGDALENA S.A.S.,ALMA-2019-01265,CONSORCIO 4C,GP-10093,08/04/2019,Envío Formulario de liquidación y declaración de regalías primer Trimestre Año 2019,15_04_Comunic_Recibidas/2019/CI004_GP-10093_070108_CON_01265_FOR_REGALIAS_QBN-15031.pdf
509,1,CONCESIÓN ALTO MAGDALENA S.A.S.,ALMA-2019-00111,CONSORCIO 4C,GP-9509,14/01/2019,"Entrega del expediente predial ALMA-2-0121-1, para revisión y aprobación del componente social del predio",15_04_Comunic_Recibidas/2019/CI004_GP-9509_070402_CON_00111_EXP_SOCIAL.pdf
508,2,CONCESIÓN ALTO MAGDALENA S.A.S.,ALMA-2019-00373,CONSORCIO 4C,GP-9646,31/01/2019,"Ref. Contrato de Concesión bajo esquema APP N° 003-2014 – “Financiación, construcción, rehabilitación, mejoramiento, operación y mantenimiento del Corredor Honda – Puerto Salgar – Girardot, de acuerdo con el Apéndice Técnico 1 y demás apéndices del Contrato”",15_04_Comunic_Recibidas/2019/CI004_GP-9646_070108_CON_00373_RESOL_CAR-DRBM_0274.pdf
511,1,Agencia Nacional de Infraestructura,2019-409-000020-4,CONSORCIO 4C,GP-10303,08/05/2019,Ref. Lineamientos sobre reversión de archivos a la Agencia Nacional de Infraestructura una vez finalizados los contratos,15_04_Comunic_Recibidas/2019/CI004_GP-10303_010000-040200_ANI_000020-4_ARCHIVO_ANI.pdf
510,8,CONCESIÓN ALTO MAGDALENA S.A.S.,ALMA-2019-02972,CONSORCIO 4C,GP-11042,18/09/2019,Respuesta comunicación ANI 2019-605-016425-1 (Rad. Interno ALMA-R-20191350 – 28/05/2019). Información Compensaciones Ambientales.,15_04_Comunic_Recibidas/2019/CI004_GP-11042_070108_CON_02972_INFO_COMPENSA_AMB.pdf
512,3,CONCESIÓN ALTO MAGDALENA S.A.S.,ALMA-2019-02978,CONSORCIO 4C,GP-11043,19/09/2019,Respuesta comunicación CI.004/GP6952/19/7.3.3 - Nivel de servicio E11,15_04_Comunic_Recibidas/2019/CI004_GP-11043_070303-070304_CON_02978_NIVEL_SERVI_E11.pdf
513,5,CONCESIÓN ALTO MAGDALENA S.A.S.,ALMA-2019-01578,CONSORCIO 4C,GP-10244,06/05/2019,Protección banca derecha de la quebrada Guacamayas PR18+050 Ruta 4509 Vía Cambao Honda - Gestión de Riesgo,15_04_Comunic_Recibidas/2019/CI004_GP-10244_070108_CON_01578_PROT_QGUACAMAYAS.pdf
514,1,CONCESIÓN ALTO MAGDALENA S.A.S.,ALMA-2019-02217,CONSORCIO 4C,GP-10595,05/07/2019,Entrega Sabana Predial y Tira topográfica,15_04_Comunic_Recibidas/2019/CI004_GP-10595_070401_CON_02217_SABANA_PREDIAL.pdf
517,7,CONCESIÓN ALTO MAGDALENA S.A.S.,ALMA-2019-03860,CONSORCIO 4C,GP-11620,12/12/2019,Respuesta comunicación CI.004/GP7221/19/7.3.3 del 27/11/2019,15_04_Comunic_Recibidas/2019/CI004_GP-11620_070303_CON_03860_ROCERIA_PAISAJISMO.pdf
516,1,CONCESIÓN ALTO MAGDALENA S.A.S.,ALMA-2019-03383,CONSORCIO 4C,GP-11285,30/10/2019,Informe semanal del 21 al 27 de octubre trabajos de protección de tubería activa de 6” y pasiva de 8” Unidad Funcional 5.2.,15_04_Comunic_Recibidas/2019/CI004_GP-11285_070115_CON_03383_INF_PROTEC_TUB_UF5.pdf
515,1,CONCESIÓN ALTO MAGDALENA S.A.S.,ALMA-2019-03366,CONSORCIO 4C,GP-11277,28/10/2019,Memoria Técnica Mes de Septiembre 2019,15_04_Comunic_Recibidas/2019/CI004_GP-11277_070500_CON_03366_MEMOTEC_SEP19.pdf
518,1,CONCESIÓN ALTO MAGDALENA S.A.S.,ALMA-2019-02962,CONSORCIO 4C,GP-11077,13/09/2019,Respuesta radicados ANLA No. 2019087751-2-249 (Rad. Interno ALMA-R-20191689 del 12/07/2019) y ANLA No. 2019125787-2-546 (Rad. Interno ALMA-R-20192104 del 30/08/2019). Ajuste información geográfica ICA. Expediente: LAV0068-00-2015.,15_04_Comunic_Recibidas/2019/CI004_GP-11077_070108_CON_02962_INFO_GEOGRAFICA_ICA.pdf
520,3,CONCESIÓN ALTO MAGDALENA S.A.S.,ALMA-2019-00142,CONSORCIO 4C,GP-9522,16/01/2019,Respuesta comunicación CAR No. 03182105704,15_04_Comunic_Recibidas/2019/CI004_GP-9522_070108_CON_00142_RTA_CAR_N°03182105704.pdf
519,5,CONCESIÓN ALTO MAGDALENA S.A.S.,NIT 900.745.219-8,CONSORCIO 4C,GP-9977,19/03/2019,Respuesta a su comunicación CI.004/GP6129/19/7.1.1 (Rad. interno ALMA-R-20190647 del 13/03/2019). Atraso Construcción Puente Peatonal Puerto Bogotá – UF5.1,15_04_Comunic_Recibidas/2019/CI004_GP-9977_070109-070101_CON_00984_ATRASO_PTE_PEATON.pdf
521,13,CONCESIÓN ALTO MAGDALENA S.A.S.,ALMA-2019-01951,CONSORCIO 4C,GP-10436,06/06/2019,"Respuesta comunicado N° CI.004/GP6407/19/7.1.9 (rad. ALMA-R-20191191), PQRS UF3 2018 263 – Avances compromiso reunión del 16 de enero de 2019.",15_04_Comunic_Recibidas/2019/CI004_GP-10436_070109_CON_01951_COMPRO_REUNION.pdf
523,1,CONCESIÓN ALTO MAGDALENA S.A.S.,ALMA-2019-03627,CONSORCIO 4C,GP-11478,25/11/2019,Entrega del expediente ALMA-2-0001-2 para aprobación del Avalúo Comercial Corporativo.,15_04_Comunic_Recibidas/2019/CI004_GP-11478_070406_CON_03627_EXP_AVALUO.pdf
522,1,CONCESIÓN ALTO MAGDALENA S.A.S.,ALMA-2019-02877,CONSORCIO 4C,GP-11035,09/09/2019,Entrega Expediente Predial Final ALMA-2-0053,15_04_Comunic_Recibidas/2019/CI004_GP-11035_070401_CON_02877_EXP_FINAL.pdf
525,3,CONCESIÓN ALTO MAGDALENA S.A.S.,ALMA-2019-02524,CONSORCIO 4C,GP-10771,01/08/2019,"Solicitud prórroga Resolución S.A.F-B.D No. 157 del 01 de julio de 2016, Expediente 500-05-01-708-P1",15_04_Comunic_Recibidas/2019/CI004_GP-10771_070108_CON_02524_PRORROGA_RESOL_N157.pdf
524,2,CONCESIÓN ALTO MAGDALENA S.A.S.,ALMA-2019-03664,CONSORCIO 4C,GP-11506,27/11/2019,"Ref. Contrato de Concesión bajo esquema APP N° 003-2014 – “La financiación, construcción, rehabilitación, mejoramiento, operación y mantenimiento del corredor Honda – Puerto Salgar – Girardot, de acuerdo con el Apéndice Técnico 1 y demás Apéndices del Contrato.” - Siembra compensaciones. Expediente 52000.",15_04_Comunic_Recibidas/2019/CI004_GP-11506_070108_CON_03664_SIEMBRA_COMPENSA_EXP_52000.pdf
526,1,CONCESIÓN ALTO MAGDALENA S.A.S.,ALMA-2019-02002,CONSORCIO 4C,GP-10483,12/06/2019,Inicio de Siembra compensación en cumplimiento Resolución CAR-DRMC No. 1089 de 16 de mayo de 2016 del expediente 51963.,15_04_Comunic_Recibidas/2019/CI004_GP-10483_070108_CON_02002_RESOL_DRMC_1089.pdf
529,2,CONCESIÓN ALTO MAGDALENA S.A.S.,ALMA-2019-01266,CONSORCIO 4C,GP-10094,08/04/2019,Envío Formulario de liquidación y declaración de regalías primer Trimestre Año 2019. Expediente: QBN-15032X,15_04_Comunic_Recibidas/2019/CI004_GP-10094_070108_CON_01266_FOR_REGALIAS_QBN15032X.pdf
527,2,CONCESIÓN ALTO MAGDALENA S.A.S.,ALMA-2019-02126,CONSORCIO 4C,GP-10531,25/06/2019,"Ref. Contrato de Concesión bajo esquema APP N° 003-2014 – “La financiación, construcción, rehabilitación, mejoramiento, operación y mantenimiento del corredor Honda – Puerto Salgar – Girardot, de acuerdo con el Apéndice Técnico 1 y demás Apéndices del Contrato. Solicitud paz y salvo - Resolución DRBM No. 274 de Agosto 29 de 2018 - Expediente 68915.",15_04_Comunic_Recibidas/2019/CI004_GP-10531_070108_CON_02126_PAZ_SALVO_DRBM_274.pdf
528,4,CONCESIÓN ALTO MAGDALENA S.A.S.,CI.004/GP6951/19/7.3.1,CONSORCIO 4C,GP-11052,23/09/2019,"Respuesta comunicación CI.004/GP6951/19/7.3.1, radicado ALMA-R-20192204; Seguimiento Funcionamiento puntos de conteo Glorietas Koran - Purnio.",15_04_Comunic_Recibidas/2019/CI004_GP-11052_070301_CON_03012_PUNTOS_CONTEO_VEHICUL.pdf
530,2,CONCESIÓN ALTO MAGDALENA S.A.S.,ALMA-2019-01039,CONSORCIO 4C,GP-10015,26/03/2019,Respuesta comunicación CI 004/GP6143/19/7.1.9 (rad. Int. ALMA-R-20190667 - PQRS-UFS-2019-667) - Demora en pago 5 meses de arriendo e inconvenientes en juicio de sucesión relacionado con el predio ALMA-5-0198,15_04_Comunic_Recibidas/2019/CI004_GP-10015_070109_CON_01039_JUIC_SUCESION_5-0198.pdf
627,3,CONCESIÓN ALTO MAGDALENA S.A.S.,ALMA-2019-03376,CONSORCIO 4C,GP-11284,29/10/2019,Respuesta comunicación CI.004/GP7083/19/5.3 (Rad. Interno ALMA-R-20192479) del 18/10/2019 - Actualización Póliza,15_04_Comunic_Recibidas/2019/CI004_GP-11284_050300_CON_03376_ACT_POLIZA.pdf
628,10,CONCESIÓN ALTO MAGDALENA S.A.S.,CI.004/GP6234/19/7.5 del 05 de abril de 2019,CONSORCIO 4C,GP-10356,20/05/2019,Respuesta comunicación CI.004/GP6234/19/7.5 del 05 de abril de 2019 (Radicado ALMA-R-2019-0898 del 05 de abril de 2019). Memoria Técnica enero 2019.,15_04_Comunic_Recibidas/2019/CI004_GP-10356_070500_CON_01772_OBS_MEMOTEC_ENE19.pdf
629,1,CONCESIÓN ALTO MAGDALENA S.A.S.,ALMA-2019-01239,CONSORCIO 4C,GP-10550,08/04/2019,"Ref. Contrato de Concesión bajo esquema APP N° 003-2014 – “Financiación, construcción, rehabilitación, mejora, operación y mantenimiento del Corredor Honda – Puerto Salgar – Girardot, de acuerdo con el Apéndice Técnico 1 y demás apéndices del Contrato”. Informe de Cumplimiento Ambiental N°9. Expediente N° LAV0004-00-2016.",15_04_Comunic_Recibidas/2019/CI004_GP-10550_070108_CON_01239_INF_AMB_N9.pdf
630,1,CONCESIÓN ALTO MAGDALENA S.A.S.,ALMA-2019-03874,CONSORCIO 4C,GP-11639,12/12/2019,Siembra compensaciones. Expediente 51728.,15_04_Comunic_Recibidas/2019/CI004_GP-11639_070108_CON_03874_SIEMBRA_COMPENSA_EXP_51728.pdf
631,1,CONCESIÓN ALTO MAGDALENA S.A.S.,ALMA-2019-00954,CONSORCIO 4C,GP-10003,15/03/2019,Entrega del expediente predial ALMA-2-0004-2 para revisión carpeta expropiación,15_04_Comunic_Recibidas/2019/CI004_GP-10003_070404_CON_00954_EXP_EXPRO.pdf
632,1,CONCESIÓN ALTO MAGDALENA S.A.S.,CI.004/GP6023/19/7.1.9,CONSORCIO 4C,GP-9838,01/03/2019,"Alcance al oficio CI.004/GP6023/19/7.1.9, recibido mediante el consecutivo ALMA-R-20190434 radicado el 20 de febrero de 2019.",15_04_Comunic_Recibidas/2019/CI004_GP-9838_070402-070109_CON_00774_INF_PROG_SCIAL.pdf
633,4,CONCESIÓN ALTO MAGDALENA S.A.S.,03191102542,CONSORCIO 4C,GP-11408,13/11/2019,Solicitud visita compensación permisos de ocupación de cauce de las Unidades Funcionales 2 y 3.,15_04_Comunic_Recibidas/2019/CI004_GP-11408_070108_CON_03539_OCUPA_CAUCE_UF2_3.pdf
634,2,CONCESIÓN ALTO MAGDALENA S.A.S.,"ALMA-2018-3376, ALMA-2018-3397",CONSORCIO 4C,GP-9448,26/12/2018,Respuesta comunicación 20183050300841,15_04_Comunic_Recibidas/2019/CI004_GP-9448_070101_CON_4732_CRONOG_OBRAS_ENTREG_UF5.pdf
635,7,CONCESIÓN ALTO MAGDALENA S.A.S.,CI.004/GP5965/19/7.1.10,CONSORCIO 4C,GP-9851,01/03/2019,Respuesta a su comunicación CI.004/GP5965/19/7.1.10 del 01 de febrero del 2019 (Radicado ALMA-R-20190374) Incumplimiento condiciones Seguridad UF2 y 3 semana 209.,15_04_Comunic_Recibidas/2019/CI004_GP-9851_070110_CON_00770_CONDI_SEG_UF2_3.pdf
637,7,CONCESIÓN ALTO MAGDALENA S.A.S.,ALMA-2019-00010,CONSORCIO 4C,GP-9466,03/01/2019,Comité de Aprobación de Aportes subcuenta de Redes,15_04_Comunic_Recibidas/2019/CI004_GP-9466_070115_CON_00010_APROBA_SUBCTA_REDES.pdf
636,3,CONCESIÓN ALTO MAGDALENA S.A.S.,ALMA-2019-02684,CONSORCIO 4C,GP-10851,15/08/2019,Solicitud información sitios de disposición final de materiales sobrantes.,15_04_Comunic_Recibidas/2019/CI004_GP-10851_070108_CON_02684_DISPOSI_FINAL_MATERIAL.pdf
639,1,CONCESIÓN ALTO MAGDALENA S.A.S.,ALMA-2019-02173,CONSORCIO 4C,GP-10542,02/07/2019,Entrega del expediente ALMA-2-0150 para aprobación del Avalúo Comercial Corporativo,15_04_Comunic_Recibidas/2019/CI004_GP-10542_070401_CON_02173_EXP_AVALUO.pdf
640,2,CONCESIÓN ALTO MAGDALENA S.A.S.,ALMA-2019-02194,CONSORCIO 4C,GP-10576,04/07/2019,Ficha Técnica Información SIPUCOL Cumplimiento indicador E-15 y Memoria Técnica del Nuevo Puente de Puerto Salgar Unidad Funcional 5.4 del Proyecto,15_04_Comunic_Recibidas/2019/CI004_GP-10576_070303-090300_CON_02194_SIPUCOL_PTE_SALGAR.pdf
638,2,CONCESIÓN ALTO MAGDALENA S.A.S.,ALMA-2019-03576,CONSORCIO 4C,GP-11490,15/11/2019,Respuesta comunicaciones No. S-2019-021380/SETRA-SOAPO-29.25 y No. S-2019-096529/SETRA-SOAPO-29.25 remitidas vía correo electrónico. Fichas técnicas vehículos (camionetas y motocicletas).,15_04_Comunic_Recibidas/2019/CI004_GP-11490_050300_CON_03576_FICHAS_TEC_VEHICUL.pdf
641,1,CONCESIÓN ALTO MAGDALENA S.A.S.,ALMA-2019-02558,CONSORCIO 4C,GP-10764,02/08/2019,"Ref. Contrato de Concesión bajo esquema APP N° 003-2014 – “Financiación, construcción, rehabilitación, mejoramiento, operación y mantenimiento del corredor Honda – Puerto Salgar – Girardot”",15_04_Comunic_Recibidas/2019/CI004_GP-10764_070401_CON_02558_EXP_FINAL.pdf
643,1,CONCESIÓN ALTO MAGDALENA S.A.S.,ALMA-2019-03515,CONSORCIO 4C,GP-11425,13/11/2019,Siembra compensaciones. Expediente 51840,15_04_Comunic_Recibidas/2019/CI004_GP-11425_070108_CON_03515_SIEMBRA_COMPENSA_EXP_51840.pdf
642,2,CONCESIÓN ALTO MAGDALENA S.A.S.,ALMA-2019-03845,CONSORCIO 4C,GP-11611,11/12/2019,Respuesta comunicación CI.004/GP7266/18/7.1.9,15_04_Comunic_Recibidas/2019/CI004_GP-11611_070109_CON_03845_ACTAS_VECINDAD.pdf
644,2,CONCESIÓN ALTO MAGDALENA S.A.S.,2019007921-1-000,CONSORCIO 4C,GP-9606,21/01/2019,Respuesta comunicación ANLA No. 2018164563-2-000 (Rad. interno ALMA-R-2018-3667 del 28/11/2018) – Entrega de Información ICA No. 6. Expediente LAV0004-00-2016.,15_04_Comunic_Recibidas/2019/CI004_GP-9606_070108_CON_00170_INF_ICA_N°6.pdf
645,1,CONCESIÓN ALTO MAGDALENA S.A.S.,CI.004/GP5962/19/7.1.3,CONSORCIO 4C,GP-9901,07/03/2019,Respuesta a su comunicación CI.004/GP5962/19/7.1.3 (Rad. interno ALMA-R-20190371 del 13/02/2019). Seguimiento Calidad Procesos Constructivos Losa Aproximación Puente Guarinó UF 5.4.,15_04_Comunic_Recibidas/2019/CI004_GP-9901_070103_CON_00848_SEGUI_LOSA_PTE_GUARINO.pdf
646,1,CONCESIÓN ALTO MAGDALENA S.A.S.,ALMA-2019-03513,CONSORCIO 4C,GP-11427,13/11/2019,Siembra compensaciones. Expediente 51783,15_04_Comunic_Recibidas/2019/CI004_GP-11427_070108_CON_03513_SIEMBRA_COMPENSA_EXP_51783.pdf
647,2,CONCESIÓN ALTO MAGDALENA S.A.S.,ALMA-2019-01041,CONSORCIO 4C,GP-9989,26/03/2019,Informe semanal Avance Gestión Predial Unidad Funcional 3 - Evento Eximente de Responsabilidad.,15_04_Comunic_Recibidas/2019/CI004_GP-9989_070401_CON_01041_INF_PREDIAL_EER_UF3.pdf
648,1,CONCESIÓN ALTO MAGDALENA S.A.S.,ALMA-2019-01332,CONSORCIO 4C,GP-10235,12/04/2019,Entrega Informe No. 5. Resolución No. 1701 del 17 de julio de 2015 UF 1.,15_04_Comunic_Recibidas/2019/CI004_GP-10235_070108_CON_01332_INF_N°5_RESOL_1701.pdf
649,5,CONCESIÓN ALTO MAGDALENA S.A.S.,ALMA-2019-01777,CONSORCIO 4C,GP-10343,20/05/2019,"Ref. Solicitud de extensión de Eventos Eximentes de Responsabilidad en la Unidad Funcional 5, subsector 5.1. del Proyecto de Concesión",15_04_Comunic_Recibidas/2019/CI004_GP-10343_050300_CON_01777_EXTENSION_EER_UF5.pdf
744,12,CONCESIÓN ALTO MAGDALENA S.A.S.,CI.004/GP-10043_060200-050300,CONSORCIO 4C,GP-10043,05/03/2019,Remisión del ejemplar original del Acta de Terminación Parcial de la Unidad Funcional 3,15_04_Comunic_Recibidas/2019/CI004_GP-10043_060200-050300_CON_00812_ACTA_TERMI_UF3.pdf
745,1,CONCESIÓN ALTO MAGDALENA S.A.S.,ALMA-2019-01209,CONSORCIO 4C,GP-10248,04/04/2019,Ref. Estados Financieros auditados y revelaciones al 31 de diciembre de 2018 de la Concesión Alto Magdalena SAS,15_04_Comunic_Recibidas/2019/CI004_GP-10248_070202_CON_01209_ESTAD_FINAN_31-DIC18.pdf
746,2,CONCESIÓN ALTO MAGDALENA S.A.S.,CI004_741,CONSORCIO 4C,GP-9589,30/01/2019,Informe semanal Avance Gestión Predial Unidad Funcional 3 - Evento Eximente de Responsabilidad.,15_04_Comunic_Recibidas/2019/CI004_GP-9589_070401_CON_00344_INF_PREDIAL_EER_UF3.pdf
747,3,CONCESIÓN ALTO MAGDALENA S.A.S.,ALMA-2019-02943,CONSORCIO 4C,GP-11028,12/09/2019,Respuesta comunicación 04192103577,15_04_Comunic_Recibidas/2019/CI004_GP-11028_070108_CON_02943_RTA_04192103577.pdf
749,2,CONCESIÓN ALTO MAGDALENA S.A.S.,CI.004/GP6623/19/7.2.1,CONSORCIO 4C,GP-10809,16/07/2019,Respuesta comunicación CI.004/GP6623/19/7.2.1 con radicado ALMA-R-20191577 Faltante Fondeo Redes Mayo 2017,15_04_Comunic_Recibidas/2019/CI004_GP-10809_070201_CON_02327_FONDEO_REDES_MAY17.pdf
748,2,CONCESIÓN ALTO MAGDALENA S.A.S.,CI004/GP6601/19/7.1.7,CONSORCIO 4C,GP-10714,31/07/2019,Respuesta Comunicado CI.004/GP6601/19/7.1.7 Ajuste Diseño Geométrico Planta y Perfil del tramo 5.1 UF 5,15_04_Comunic_Recibidas/2019/CI004_GP-10714_070107_CON_02487_DISEÑ_GEOME_UF5.1.pdf
750,2,CONCESIÓN ALTO MAGDALENA S.A.S.,ALMA-2019-00455,CONSORCIO 4C,GP-9666,05/02/2019,Respuesta al oficio CI.004/GP5885/19/7.4.1 (Rad. Interno ALMA-R-2019-0188 del 28/01/2019). Entrega del expediente predial ALMA-2-0136-1 para aprobación.,15_04_Comunic_Recibidas/2019/CI004_GP-9666_070401_CON_00455_EXP_PREDIAL.pdf
751,1,CONCESIÓN ALTO MAGDALENA S.A.S.,ALMA-2019-00860,CONSORCIO 4C,GP-9927,07/03/2019,"Entrega del expediente predial ALMA-5-0272, para revisión y aprobación de componente social.",15_04_Comunic_Recibidas/2019/CI004_GP-9927_070402_CON_00860_EXP_SOCIAL.pdf
753,6,Instituto Nacional de Vías - INVIAS,20194090127992,CONSORCIO 4C,GP-9796,26/02/2019,Ref. Radicado 20194090127992 – Traslado derecho de Petición por afectaciones a predio Finca El Rescate – Contrato de Concesión No 003 de 2014. Concesión Girardot – Honda – Puerto Salgar.,15_04_Comunic_Recibidas/2019/CI004_GP-9796_070109_ANI_005680-1_DP_FINCA-RESCATE.pdf
752,1,CONCESIÓN ALTO MAGDALENA S.A.S.,ALMA-2019-02310,CONSORCIO 4C,GP-10672,15/07/2019,Entrega del expediente ALMA-2-0032 para aprobación del Avalúo Comercial Corporativo,15_04_Comunic_Recibidas/2019/CI004_GP-10672_070406_CON_02310_EXP_AVALUO.pdf
754,2,Agencia Nacional de Infraestructura,ANI No 20184091284662,CONSORCIO 4C,GP-9548,21/01/2019,Ref. Respuesta Estado corrección / complementos Unidad Funcional 4 - comunicación radicado ANI No 20184091284662 - Contrato de Concesión No 003 de 2014 - Proyecto Girardot – Honda – Puerto Salgar,15_04_Comunic_Recibidas/2019/CI004_GP-9548_050300_ANI_001338-1_PDTES_UF4.pdf
755,1,CONCESIÓN ALTO MAGDALENA S.A.S.,ALMA-2019-03838,CONSORCIO 4C,GP-11695,11/12/2019,Remisión Actas de Retribución UF1 y UF3 del mes de Octubre de 2019 Remisión Acta VPIP Noviembre 2019,15_04_Comunic_Recibidas/2019/CI004_GP-11695_070209_CON_03838_ACTAS_RETRIB_VPIP_OCT_NOV.pdf
757,1,CONCESIÓN ALTO MAGDALENA S.A.S.,ALMA-2019-01477,CONSORCIO 4C,GP-10195,29/04/2019,Entrega de la Sabana Predial y Tira topográfica,15_04_Comunic_Recibidas/2019/CI004_GP-10195_070401_CON_01477_SABANA_PREDIAL.pdf
756,2,CONCESIÓN ALTO MAGDALENA S.A.S.,ALMA-2019-03654,CONSORCIO 4C,GP-11497,27/11/2019,Siembra compensaciones. Expediente 52009.,15_04_Comunic_Recibidas/2019/CI004_GP-11497_070108_CON_03654_SIEMBRA_COMPENSA_EXP_52009.pdf
758,2,CONCESIÓN ALTO MAGDALENA S.A.S.,ALMA-2019-03715,CONSORCIO 4C,GP-11536,29/11/2019,Respuesta comunicación CI.004/GP6910/19/7.1.10 (Rad. interno ALMA-R-20192109 del 30/08/2019) Incumplimiento Condiciones de seguridad UF5,15_04_Comunic_Recibidas/2019/CI004_GP-11536_070110_CON_03715_CONDIC_SEG_UF5.pdf
759,2,CONCESIÓN ALTO MAGDALENA S.A.S.,ALMA-2019-01690,CONSORCIO 4C,GP-10291,10/05/2019,Respuesta comunicación CI.004/GP6111/19/7.1.3 (Rad. interno ALMA-R-20190613 del 08/03/2019) - Reiteración Pendientes CCO,15_04_Comunic_Recibidas/2019/CI004_GP-10291_070103_CON_01690_REITERA_PDTES_CCO.pdf
761,1,CONCESIÓN ALTO MAGDALENA S.A.S.,ALMA-2019-02337,CONSORCIO 4C,GP-10734,16/07/2019,Entrega expediente ALMA-5-0080 para aprobación del Avalúo Comercial Corporativo,15_04_Comunic_Recibidas/2019/CI004_GP-10734_070406_CON_02337_EXP_AVALUO.pdf
760,4,CONCESIÓN ALTO MAGDALENA S.A.S.,ALMA-2019-02722,CONSORCIO 4C,GP-10873,22/08/2019,"Respuesta oficio CI.004/GP6740/19/7.4.1, 26 de julio de 2019 (Rad. Interno ALMA-R-2019-1818) - Observaciones informe ejecutivo avance de ejecución predial del mes de junio del 2019.",15_04_Comunic_Recibidas/2019/CI004_GP-10873_070401_CON_02722_OBS_INF_PREDIAL_JUN.pdf
762,4,CONCESIÓN ALTO MAGDALENA S.A.S.,ALMA-2018-4755,CONSORCIO 4C,GP-9451,26/12/2018,Acciones Estratégicas y de Contingencias para el Plan de Movilidad y Seguridad Vial durante la temporada de fin de año 2018 e inicio de año 2019,15_04_Comunic_Recibidas/2019/CI004_GP-9451_070302_CON_4755_PLAN_SEG_VIAL.pdf
763,1,CONCESIÓN ALTO MAGDALENA S.A.S.,ALMA-2019-01476,CONSORCIO 4C,GP-10369,29/04/2019,"Ref. Contrato de Concesión bajo esquema APP N° 003-2014 – “Financiación, construcción, rehabilitación, mejoramiento, operación y mantenimiento del Corredor Honda – Puerto Salgar – Girardot, de acuerdo con el Apéndice Técnico 1 y demás apéndices del Contrato”",15_04_Comunic_Recibidas/2019/CI004_GP-10369_070401_CON_01476_INF_PREDIAL_ABR.pdf
764,1,Agencia Nacional de Infraestructura,20194091216192,CONSORCIO 4C,GP-11494,27/11/2019,"Ref. Remisión Queja radicada en la Agencia por parte de la Sra. Luz Dary Rondón Vargas - Proyecto Girardot – Honda – Puerto Salgar, Contrato de Concesión 003 de 2014. Alto Magdalena S.A.S.",15_04_Comunic_Recibidas/2019/CI004_GP-11494_070109_ANI_040859-1_QUEJA_LRONDON.pdf
766,1,CONCESIÓN ALTO MAGDALENA S.A.S.,ALMA-2019-02583,CONSORCIO 4C,GP-10869,06/08/2019,Entrega Expediente Predial Final ALMA-2-0009-1,15_04_Comunic_Recibidas/2019/CI004_GP-10869_070401_CON_02583_EXP_FINAL.pdf
765,1,CONCESIÓN ALTO MAGDALENA S.A.S.,ALMA-2010-03386,CONSORCIO 4C,GP-11354,30/10/2019,Respuesta Auto DRMC No. 0655 del 22 de julio de 2019. Expediente 51524,15_04_Comunic_Recibidas/2019/CI004_GP-11354_070108_CON_03386_AUTO_DRMC_0655_EXP_51524.pdf
767,3,CONCESIÓN ALTO MAGDALENA S.A.S.,CI004_GP-10249_070204,CONSORCIO 4C,GP-10249,10/04/2019,"Ref. Contrato de Concesión bajo esquema APP N° 003-2014 – “Financiación, construcción, rehabilitación, mejoramiento, operación y mantenimiento del Corredor Honda – Puerto Salgar – Girardot, de acuerdo con el Apéndice Técnico 1 y demás apéndices del Contrato”",15_04_Comunic_Recibidas/2019/CI004_GP-10249_070204_CON_01287_INF_ING_EGRE_MAR.pdf
769,1,CONCESIÓN ALTO MAGDALENA S.A.S.,ALMA-2019-03493,CONSORCIO 4C,GP-11387,30/10/2019,Siembra compensaciones. Expediente 61894,15_04_Comunic_Recibidas/2019/CI004_GP-11387_070108_CON_03493_SIEMBRA_COMPENSA_EXP_61894.pdf
768,1,CONCESIÓN ALTO MAGDALENA S.A.S.,ALMA-2019-00211,CONSORCIO 4C,GP-9742,23/01/2019,Entrega del expediente predial ALMA-2-0159 para aprobación de ficha predial,15_04_Comunic_Recibidas/2019/CI004_GP-9742_070401_CON_00211_EXP_PREDIAL.pdf
861,6,CONSORCIO 4C,20194091006792,CONSORCIO 4C,GP-11080,26/09/2019,"Ref. Remisión derecho de Petición Veeduría Ciudadana de la Región Central de Colombia - Proyecto Girardot – Honda – Puerto Salgar, Contrato de Concesión 003 de 2014. Alto Magdalena S.A.S.",15_04_Comunic_Recibidas/2019/CI004_GP-11080_070109_ANI_033297-1_DP_VEEDURIA.pdf
867,1,CONCESIÓN ALTO MAGDALENA S.A.S.,ALMA-2019-01920,CONSORCIO 4C,GP-10418,31/05/2019,Entrega Expediente Predial Final ALMA-1-0011,15_04_Comunic_Recibidas/2019/CI004_GP-10418_070401_CON_01920_EXP_FINAL.pdf
866,1,CONCESIÓN ALTO MAGDALENA S.A.S.,ALMA-2019-00314,CONSORCIO 4C,GP-9688,29/01/2019,Entrega del expediente ALMA-5-0067 para aprobación del Avalúo Comercial Corporativo,15_04_Comunic_Recibidas/2019/CI004_GP-9688_070406_CON_00314_EXP_AVALUO.pdf
868,1,CONCESIÓN ALTO MAGDALENA S.A.S.,ALMA-2019-02003,CONSORCIO 4C,GP-10485,12/06/2019,Inicio siembra compensación en cumplimiento Resolución CAR-DRMC No. 768 de 07 de abril de 2016 del expediente 51964.,15_04_Comunic_Recibidas/2019/CI004_GP-10485_070108_CON_02003_RESOL_CAR-DRMC_768.pdf
869,1,CONCESIÓN ALTO MAGDALENA S.A.S.,ALMA-2019-02612,CONSORCIO 4C,GP-10894,12/08/2019,Entrega expediente ALMA-5-0063-1 para aprobación del Avalúo Comercial Corporativo,15_04_Comunic_Recibidas/2019/CI004_GP-10894_070406_CON_02612_EXP_AVALUO.pdf
870,1,CONSORCIO 4C,CI.004/GP5776/19/5.3-7.1.11,CONSORCIO 4C,GP-9579,24/01/2019,Ref. Oficio radicado ANI 20194090010232. Cierres no autorizados Unidad Funcional 5.2. Proyecto Girardot – Honda -- Puerto Salgar. Contrato de Concesión 003 de 2014 – Concesión Alto Magdalena S.A.S.,15_04_Comunic_Recibidas/2019/CI004_GP-9579_050300-070111_ANI_001689-1_CIERR_NO_AUTO.pdf
872,1,CONCESIÓN ALTO MAGDALENA S.A.S.,ALMA-2019-01337,CONSORCIO 4C,GP-10114,12/04/2019,Entrega Expediente Predial Final ALMA-4-0060,15_04_Comunic_Recibidas/2019/CI004_GP-10114_070401_CON_01337_EXP_FINAL.pdf
871,2,Consorcio 4C,20194090938562,CONSORCIO 4C,GP-11074,26/09/2019,"Ref. Remisión derecho de Petición Libardo Mora Muñeton - Proyecto Girardot – Honda – Puerto Salgar, Contrato de Concesión 003 de 2014. Alto Magdalena S.A.S.",15_04_Comunic_Recibidas/2019/CI004_GP-11074_070109_ANI_033208-1_DP_LMORA.pdf
873,1,CONCESIÓN ALTO MAGDALENA S.A.S.,ALMA-2019-03236,CONSORCIO 4C,GP-11179,18/10/2019,"Siembra de me ida compensatoria. Expediente 51902. l l l/11 m,r 1 11 IHI / I I I I 1 SEDE HONDA Bor,uÍ3 lJ., ( • c. • l ,'} .. ¡ i 1 .• ( ) . !i ·' i ALMA-2019-03236 OM,.\ REGIONAL DE CUNDINAMARCA - CAR e: ESC B .R CRISTAN1..HO tJ .. 1 ·.DALE!JA ,. ' ct e 1::_:,1,ln IB, l. esquema APP N° 003-2014 - ""La financiación, Ϊ1 . ;·;,Ji.Jil'tación, mejoramiento, operación y mantenimiento del ""V1L' 01 Ho,1ci., Puerto Salgar- Girardot, de acuerdo con el Apéndice Técnico 1 ""'· 11 "" •• .Ó.p-""nclic2s del Contrato.'' ,. rnl, ·;:, dP 1nr>rfid;:i compensatoria. Expediente 51902. En CU1itp i niento ele 1cis obligaciones establecidas en el artículo 4 de la Resolución No. 0340 de· f ' f',, ,e ir,, ariJ :¡ fo ma qJP desde el 29 de mayo de 2019 quedaron scr,dJ Ϋe e, .es rlvc1 · ;toά · 1001 árboles aistribuidos en inmediaciones de las coordenadas E: 9a.ü 11 '/ .i· _ 788:l 7 ab:.cisa 102+540 en el predio ""Palma Real"", ·ubicado en la vereda Horizonte dE'I L 1:1cicio Nñ1· •. 10 - Cu,winamai-ca. P2-, c,c.•11er c,1· ir"" 2• i1 uietud frente a Psta comuni ación, está a su disposición nuestro (i:,c,··c 11 ·1 :)r kié o, 01 :ngeni:-ro Luis Gabriel Ca macho, con el número telefónico de contacto 3;'s,1);5:.··'+ ·'.) Pέ, -=ctrónico _...:_ :_ήί""!,::···n.,-·ΰ1?"",:;-r,α:- o nuestro Coordinador A, rie.iu,. 1β1 i··,gr: f'i'""'t''i Jo,;,=- Cγrve 0a con el número telefónico de contacto 3219740961 y correo /' ( o '··. ( Carrera 19 A II Sb-04 F1' Ciudadela Bavaria PBX (578) 251 2243 (. ,,,J SEDE BOGOTÁ G:· .- t Calle 102 A N' 47 - 30 e e PBX {571)7657331 . , e : ·, :,;-! • ü'.:i J\ ''C , n F- ,' \ I. ·; ,iu-:>;-i.,,·;'c,.\1r ... •. δ,' · ·_-, ,, ···.b,er·r.;/ {ε) ζ.!\l. .4.V. Calle 26 N' 59 - 51, Bogotá D.C >ir,: - 1 ·,tE:rve, ,to 1a. Cc1mom<1 <lC Caile, 30 N'8· 19, Barrio La Magdalena, G1rardot Cundinamarca . 1 L .. ·; η_¡- .,-.1 .-;¡ o u E ou (IJe: (IJ ""OO) Cil E o (il i  -o 'Eo1 ,_(il .21 ro (/) o t (1) o.. 1 ro -o eo I ro ·;; ,_ o -o ...o ü",15_04_Comunic_Recibidas/2019/CI004_GP-11179_070108_CON_03236_SIEMBRA_COMPENSA_51902.pdf
874,35,CONCESIÓN ALTO MAGDALENA S.A.S.,ALMA-2019-03842,CONSORCIO 4C,GP-11618,11/12/2019,Respuesta comunicación interventoría CI.004/GP6614/19/7.5 (Rad Interno ALMA-R-20191558) y ALMA-2019-01906 - Entrega Anexos Oficio ALMA-2019-0594 (Pendientes Apéndice técnico 3 de la UF3,15_04_Comunic_Recibidas/2019/CI004_GP-11618_090300_CON_03842_PDTES_APT3_UF3.pdf
875,9,CONCESIÓN ALTO MAGDALENA S.A.S.,CI.004/GP5869/19/7.1.10,CONSORCIO 4C,GP-9730,12/02/2019,Respuesta comunicación CI.004/GP5869/19/7.1.10 del 23 de enero del 2019 (Radicado ALMA-R-20190171) Incumplimiento condiciones Seguridad UF4 y 5 semana 207,15_04_Comunic_Recibidas/2019/CI004_GP-9730_070110_CON_00561_CONDI_SEG_UF4_5.pdf
876,2,CONCESIÓN ALTO MAGDALENA S.A.S.,ALMA-2019-02702,CONSORCIO 4C,GP-10860,20/08/2019,Solicitud fichas técnicas vehículos y sistemas de control de tráfico,15_04_Comunic_Recibidas/2019/CI004_GP-10860_070304-070600_CON_02702_FCHAS_TEC_VEHICUL.pdf
877,5,Agencia Nacional de Infraestructura,CI004/GP-10502/050300,CONSORCIO 4C,GP-10502,19/06/2019,Ref. Respuesta comunicaciones con radicados ANI No. 20194090609372 y 20194090609412 del 13 de junio de 2019 - Informe Pendientes Unidades Funcionales 1 y 2 - Contrato de Concesión No 003/2014. - Proyecto Girardot - Honda - Puerto Salgar,15_04_Comunic_Recibidas/2019/CI004_GP-10502_050300_ANI_019557-1_INF_PDTES_UF1_UF2.pdf
878,1,CONCESIÓN ALTO MAGDALENA S.A.S.,ALMA-2019-01675,CONSORCIO 4C,GP-10426,10/05/2019,Informe de Cumplimiento Ambiental No. 6 - Expediente N° LAV0063-00-2015,15_04_Comunic_Recibidas/2019/CI004_GP-10426_070108_CON_01675_INF_AMB_N6.pdf
879,5,CONCESIÓN ALTO MAGDALENA S.A.S.,ALMA-2019-01905,CONSORCIO 4C,GP-10411,31/05/2019,"Ref. Contrato de Concesión bajo esquema APP N° 003-2014 – “Financiación, construcción, rehabilitación, mejoramiento, operación y mantenimiento del Corredor Honda – Puerto Salgar – Girardot, de acuerdo con el Apéndice Técnico 1 y demás apéndices del Contrato”. Respuesta comunicación CI.004/GP6213/19/7.1.11 (Radicado ALMA-R-20190823) Implementación PMT UF5 Alto Riesgo Accidente Reiteración.",15_04_Comunic_Recibidas/2019/CI004_GP-10411_070111_CON_01905_PMT_UF5_ACCIDENT_REITERA.pdf
880,2,CONCESIÓN ALTO MAGDALENA S.A.S.,ALMA-2019-03134,CONSORCIO 4C,GP-11123,04/10/2019,Respuesta comunicado CI.004/GP7012/19/7.1.15 (Rad Interno ALMA-R-20192334) Materiales de Retiro y Reintegro,15_04_Comunic_Recibidas/2019/CI004_GP-11123_070115_CON_03134_MATERIAL_RETIR_REINTEG.pdf
882,1,CONCESIÓN ALTO MAGDALENA S.A.S.,ALMA-2019-00443,CONSORCIO 4C,GP-9699,04/02/2019,Entrega del expediente predial ALMA-2-0036 para aprobación.,15_04_Comunic_Recibidas/2019/CI004_GP-9699_070401_CON_00443_EXP_PREDIAL.pdf
881,5,CONCESIÓN ALTO MAGDALENA S.A.S.,ALMA-2019-00715,CONSORCIO 4C,GP-9810,25/02/2019,"Respuesta a comunicado Radicado ANI N° 20193050041251, con radicado interno ALMA-R-20190406 del 19 de febrero de 2019 ingresado al sistema de atención al usuario como ente de control a PQRS UF4 2019 513.",15_04_Comunic_Recibidas/2019/CI004_GP-9810_070201-070109_CON_00715_DP_MPIO_SJUAN_RSECO.pdf
884,1,CONCESIÓN ALTO MAGDALENA S.A.S.,ALMA-2019-03474,CONSORCIO 4C,GP-11357,12/11/2019,Siembra compensaciones. Expediente 51723,15_04_Comunic_Recibidas/2019/CI004_GP-11357_070108_CON_03474_SIEMBRA_COMPENSA_EXP_51723.pdf
981,3,CONCESIÓN ALTO MAGDALENA S.A.S.,ALMA-2019-03260,CONSORCIO 4C,GP-11211,21/10/2019,Solicitud copia del expediente RF9-08541,15_04_Comunic_Recibidas/2019/CI004_GP-11211_070108_CON_03260_SCTUD_EXP_RF9-08541.pdf
980,2,CONCESIÓN ALTO MAGDALENA S.A.S.,ALMA-2019-00337,CONSORCIO 4C,GP-9620,29/01/2019,"Ref. Contrato de Concesión bajo esquema APP N° 003-2014 – “La financiación, construcción, rehabilitación, mejoramiento, operación y mantenimiento del corredor Honda – Puerto Salgar – Girardot, de acuerdo con el Apéndice Técnico 1 y demás Apéndices del Contrato.”",15_04_Comunic_Recibidas/2019/CI004_GP-9620_070109_CON_00337_FOR_GCSP-F203_ENE.pdf
982,1,CONCESIÓN ALTO MAGDALENA S.A.S.,ALMA-2019-00910,CONSORCIO 4C,GP-9984,12/03/2019,"Entrega del expediente predial ALMA-5-0068, para revisión y aprobación del componente social del predio.",15_04_Comunic_Recibidas/2019/CI004_GP-9984_070402_CON_00910_EXP_SOCIAL.pdf
985,1,CONCESIÓN ALTO MAGDALENA S.A.S.,ALMA-2019-03641,CONSORCIO 4C,GP-11492,26/11/2019,Entrega del Informe No. 4. Resolución No. 0817 del 24 de mayo de 2016. Unidad Funcional 4.1 - Sector la Cajita,15_04_Comunic_Recibidas/2019/CI004_GP-11492_070108_CON_03641_INF_N°4_RESOL_0817.pdf
983,1,CONCESIÓN ALTO MAGDALENA S.A.S.,ALMA-2018-4770,CONSORCIO 4C,GP-9536,26/12/2018,Devolución Actas UF4 Febrero y Marzo 2018 con fecha de Junio de 2018 y Remisión Actas UF de Febrero y Marzo 2018 con fecha 26 de Diciembre de 2018.,15_04_Comunic_Recibidas/2019/CI004_GP-9536_060200_CON_4770_ACTAS_N°2_N°3_UF4.pdf
984,4,CONCESIÓN ALTO MAGDALENA S.A.S.,CONSORCIO 4C - ALMA-2018-4771,CONSORCIO 4C,GP-9455,26/12/2018,"Solicitud Paz y Salvo, pago de tasas por aprovechamiento forestal, Resolución ANLA No. 1685 de 2015",15_04_Comunic_Recibidas/2019/CI004_GP-9455_070108_CON_4771_PAZYSALVO_PAG_TASAS.pdf
883,14,CONCESIÓN ALTO MAGDALENA S.A.S.,ALMA-2019-00140,CONSORCIO 4C,GP-9527,16/01/2019,"Respuesta comunicado 5973 del 21 diciembre de 2018 Alcaldía Municipal de Honda; correo electrónico Consorcio 4C del 19 y del 29 de diciembre de 2018, identificado como PQRS UFS 2018 578 - Afectaciones generadas por las obras en ejecución a la Señora Enciso.",15_04_Comunic_Recibidas/2019/CI004_GP-9527_070109_CON_00140_AFECTA_OBRA.pdf
987,5,CONSORCIO 4C,ANI-000217-1,CONSORCIO 4C,GP-9472,04/01/2019,Ref. Denuncia irregularidades en el municipio de Nariño – Condominio El Oasis radicado ANI No. 20184091285352 - Contrato de Concesión No. 003 de 2014. Proyecto Girardot – Honda – Puerto Salgar.,15_04_Comunic_Recibidas/2019/CI004_GP-9472_070109_ANI_000217-1_DENUNCIA_IRREGULA_NARIÑO.pdf
986,1,CONCESIÓN ALTO MAGDALENA S.A.S.,ALMA-2019-02772,CONSORCIO 4C,GP-10896,26/08/2019,Entrega Sabana Predial y Tira topográfica,15_04_Comunic_Recibidas/2019/CI004_GP-10896_070401_CON_02772_SABANA_PREDIAL.pdf
988,9,CONCESIÓN ALTO MAGDALENA S.A.S.,ALMA-2019-00950,CONSORCIO 4C,GP-9962,15/03/2019,Respuesta a su comunicación CI.004/GP6003/19/7.1.10 del 19 de febrero del 2019 (Radicado ALMA-R-20190413) Incumplimiento condiciones Seguridad UF4 y 5 semana 211.,15_04_Comunic_Recibidas/2019/CI004_GP-9962_070110_CON_00950_CONDI_SEG_UF4_UF5.pdf
989,5,CONCESIÓN ALTO MAGDALENA S.A.S.,ALMA-2019-00651,CONSORCIO 4C,GP-9821,19/02/2019,"Solicitud de custodia en zona de exclusión en el Pr 1 + 600, Costado derecho sentido Puerto Bogotá - Guaduas",15_04_Comunic_Recibidas/2019/CI004_GP-9821_070109_CON_00651_ZONA_EXCLUS_PR1+600.pdf
990,2,CONCESIÓN ALTO MAGDALENA S.A.S.,ALMA-2019-03364,CONSORCIO 4C,GP-11267,28/10/2019,Envío Formulario de liquidación y declaración de regalías tercer Trimestre Año 2019. Expediente: QBN-15031,15_04_Comunic_Recibidas/2019/CI004_GP-11267_070108_CON_03364_REGALIAS_QBN-15031.pdf
991,2,CONCESIÓN ALTO MAGDALENA S.A.S.,ALMA-2019-03231,CONSORCIO 4C,GP-11294,23/09/2019,Respuesta Auto CAR DRAM 832 del 6 de agosto de 2019. Informe estado de avance del cumplimiento de compensación. Expediente 52291,15_04_Comunic_Recibidas/2019/CI004_GP-11294_070108_CON_03231_CUMPLI_COMPENSA_EXP_52291.pdf
993,1,CONCESIÓN ALTO MAGDALENA S.A.S.,ALMA-2019-03246,CONSORCIO 4C,GP-11188,18/10/2019,Siembra de compensaciones. Expediente 51993.,15_04_Comunic_Recibidas/2019/CI004_GP-11188_070108_CON_03246_SIEMBRA_COMPENSA_51993.pdf
992,1,CONCESIÓN ALTO MAGDALENA S.A.S.,ALMA-2019-03061,CONSORCIO 4C,GP-11094,26/09/2019,"Entrega Expedientes Prediales Finales ALMA-2-0081, ALMA-2-0093, ALMA-2-0100 Y ALMA-2-0101",15_04_Comunic_Recibidas/2019/CI004_GP-11094_070401_CON_03061_EXP_FINAL.pdf
994,3,CONCESIÓN ALTO MAGDALENA S.A.S.,ALMA-2019-02660,CONSORCIO 4C,GP-10828,15/08/2019,Condiciones climáticas para el cumplimiento del Auto DRMC No. 0498 del 22 de mayo de 2019. Expediente 51507.,15_04_Comunic_Recibidas/2019/CI004_GP-10828_070108_CON_02660_AUTO_DRMC_0498.pdf
995,1,CONCESIÓN ALTO MAGDALENA S.A.S.,ALMA-2019-01358,CONSORCIO 4C,GP-10391,15/04/2019,Entrega expediente ALMA-3-0065 para revisión en la etapa de expropiación,15_04_Comunic_Recibidas/2019/CI004_GP-10391_070404_CON_01358_EXP_EXPRO.pdf
997,1,CONCESIÓN ALTO MAGDALENA S.A.S.,ALMA-2019-03745,CONSORCIO 4C,GP-11562,02/12/2019,Respuesta comunicación CAR 07192103163 (Rad. Interno ALMA-R-20192590 del 05/11/2019). Requerimiento de documentación.,15_04_Comunic_Recibidas/2019/CI004_GP-11562_070108_CON_03745_REQUE_DCTO_K69.pdf
998,10,CONCESIÓN ALTO MAGDALENA S.A.S.,ALMA-2019-01042,CONSORCIO 4C,GP-9990,26/03/2019,Informe semanal Avance Gestión Predial Unidad Funcional 4 - Evento Eximente de Responsabilidad,15_04_Comunic_Recibidas/2019/CI004_GP-9990_070401_CON_01042_INF_PREDIAL_EER_UF4.pdf
996,2,CONCESIÓN ALTO MAGDALENA S.A.S.,ALMA-2019-02092,CONSORCIO 4C,GP-10626,25/06/2019,"Respuesta Oficio No. CI.004/GP6301/19/7.4.4 (Rad. Interno ALMA-R-201909999), Entrega del expediente (ALMA-3-0098) para revisión en la etapa de expropiación.",15_04_Comunic_Recibidas/2019/CI004_GP-10626_070404_CON_02092_EXP_EXPRO.pdf
1000,1,CONCESIÓN ALTO MAGDALENA S.A.S.,CI.004/GP6133/19/7.1.3,CONSORCIO 4C,GP-10084,08/04/2019,Respuesta comunicación CI.004/GP6133/19/7.1.3. Seguimiento Calidad Proceso Constructivo Pavimento Área de Servicio UF 5.2.,15_04_Comunic_Recibidas/2019/CI004_GP-10084_070103_CON_01241_SEGUI_AREA_SERV_UF5.pdf
999,3,CONCESIÓN ALTO MAGDALENA S.A.S.,ALMA-2019-00372,CONSORCIO 4C,GP-9645,31/01/2019,Solicitud visita conforme al permiso de Levantamiento de Veda – Resolución No. 2284 del 3 de noviembre de 2015,15_04_Comunic_Recibidas/2019/CI004_GP-9645_070108_CON_00372_LEV_VEDA_RESOL_2284.pdf
1002,4,CONCESIÓN ALTO MAGDALENA S.A.S.,ALMA-2019-03121,CONSORCIO 4C,GP-11093,02/10/2019,Solicitud aclaración linderos de espacio público para construcción andén en Puerto Bogotá Ruta Nacional 5008,15_04_Comunic_Recibidas/2019/CI004_GP-11093_070109_CON_03121_ESPAC_PUB_PTO_BGTA.pdf
1001,3,CONCESIÓN ALTO MAGDALENA S.A.S.,ALMA-2019-02029,CONSORCIO 4C,GP-10464,14/06/2019,Informe criterios para contabilizar Ingresos y Egresos por Unidad Funcional,15_04_Comunic_Recibidas/2019/CI004_GP-10464_070201_CON_02029_INF_ING_EGRE_MAY.pdf
1004,12,CONCESIÓN ALTO MAGDALENA S.A.S.,ALMA-2019-02295,CONSORCIO 4C,GP-10632,15/07/2019,Informe semanal No. 17 sobre el desarrollo del Evento Eximente de Responsabilidad período del 08 al 14 de julio del 2019,15_04_Comunic_Recibidas/2019/CI004_GP-10632_070109_CON_02295_INF_EER_ARQUEO_UF5.pdf
1005,5,CONCESIÓN ALTO MAGDALENA S.A.S.,ALMA-2019-00607,CONSORCIO 4C,GP-9738,18/02/2019,Solicitud de liberación de Bienes de Uso Público – Glorieta la Melisa,15_04_Comunic_Recibidas/2019/CI004_GP-9738_070109_CON_00607_LIBERA_BIENES_USO_PUB.pdf
1003,2,CONCESIÓN ALTO MAGDALENA S.A.S.,ALMA-2019-03132,CONSORCIO 4C,GP-11118,04/10/2019,Entrega de la Sabana Predial y Tira topográfica,15_04_Comunic_Recibidas/2019/CI004_GP-11118_070401_CON_03132_SABANA_PREDIAL.pdf
1102,3,CONCESIÓN ALTO MAGDALENA S.A.S.,ALMA-2019-02858,CONSORCIO 4C,GP-11078,06/09/2019,Solicitud aplicación Código de Policía retiro ventas ambulantes ubicadas en Bienes de Uso Público en la vereda Guarino,15_04_Comunic_Recibidas/2019/CI004_GP-11078_070109_CON_02858_BIENES_USO_PUB_GUARINO.pdf
1100,1,CONCESIÓN ALTO MAGDALENA S.A.S.,ALMA-2019-02172,CONSORCIO 4C,GP-10541,02/07/2019,Entrega del expediente ALMA-2-0157 para aprobación del Avalúo Comercial Corporativo,15_04_Comunic_Recibidas/2019/CI004_GP-10541_070401_CON_02172_EXP_AVALUO.pdf
1099,3,CONCESIÓN ALTO MAGDALENA S.A.S.,CI.004/GP7058/19/5.3,CONSORCIO 4C,GP-11242,25/10/2019,"Respuesta comunicación CI.004/GP7058/19/5.3 (Rad. Int. ALMA-R-20192436). Otorgamiento plazo de cura por no entrega de avalúos de los predios, ALMA-2-0036, ALMA-2-0136-1, ALMA-5-0253, ALMA-5-0255 Y ALMA-5-0274.",15_04_Comunic_Recibidas/2019/CI004_GP-11242_070401-050300_CON_03344_PLAZO_CURA_AVALUOS.pdf
1101,3,CONCESIÓN ALTO MAGDALENA S.A.S.,ALMA-2019-02619,CONSORCIO 4C,GP-10815,12/08/2019,Informe Ingresos y Egresos por Unidad Funcional,15_04_Comunic_Recibidas/2019/CI004_GP-10815_070201_CON_02619_ING_EGRES_JUL19.pdf
1103,8,CONCESIÓN ALTO MAGDALENA S.A.S.,CI.004/GP5757/18/5.3,CONSORCIO 4C,GP-9518,16/01/2019,Respuesta comunicación CI.004/GP5757/18/5.3 (Radicado ALMA-R-2018-3912 del 21/12/2018). Complementos/Correcciones Pendientes UF1. Corte 20.dic.2018,15_04_Comunic_Recibidas/2019/CI004_GP-9518_050300_CON_00134_PDTES_UF1.pdf
1106,10,FIDUCIARIA BOGOTÁ,CI.004/GP5858/19/7.4.2,CONSORCIO 4C,GP-10058,05/04/2019,CERTIFICACION DE PAGO COMPENSACIONES SOCIOECONOMICA FIDEICOMISO P.A ALTO MAGDALENA3-1-63664,15_04_Comunic_Recibidas/2019/CI004_GP-10058_070402_FBTA_008624_CERT_PAG_COMPENSA.pdf
1104,26,Agencia Nacional de Infraestructura,CI004_GP-11372_070109_ANI,CONSORCIO 4C,GP-11372,15/11/2019,"Ref. Remisión Peritaje relacionado a Queja radicada en la Agencia por parte de la Sra. Nohora Cardona de Zuluaga - Proyecto Girardot – Honda – Puerto Salgar, Contrato de Concesión 003 de 2014. Alto Magdalena S.A.S.",15_04_Comunic_Recibidas/2019/CI004_GP-11372_070109_ANI_039503-1_DP_NCARDONA.pdf
1105,1,CONCESIÓN ALTO MAGDALENA S.A.S.,ALMA-2019-02770,CONSORCIO 4C,GP-11002,26/08/2019,Entrega del expediente predial ALMA-3-0020-13 para aprobación de insumos,15_04_Comunic_Recibidas/2019/CI004_GP-11002_070401_CON_02770_EXP_PREDIAL.pdf
1107,1,CONCESIÓN ALTO MAGDALENA S.A.S.,ALMA-2019-00371,CONSORCIO 4C,GP-9644,31/01/2019,Entrega del Informe No. 3. Resolución No. 2284 del 3 de noviembre de 2015 UF5.3,15_04_Comunic_Recibidas/2019/CI004_GP-9644_070108_CON_00371_INF_N°3_RESOL_2284.pdf
1108,1,CONCESIÓN ALTO MAGDALENA S.A.S.,ALMA-2019-00763,CONSORCIO 4C,GP-9849,01/03/2019,Su comunicación CI.004/GP5866/19/7.5 – Radicado ALMA-R-20190169 del 25 de enero de 2019. Memoria Técnica noviembre 2018.,15_04_Comunic_Recibidas/2019/CI004_GP-9849_070500_CON_00763_OBS_MEMOTEC_NOV.pdf
1109,1,CONCESIÓN ALTO MAGDALENA S.A.S.,ALMA-2019-01881,CONSORCIO 4C,GP-10635,31/05/2019,Entrega del expediente predial ALMA-3-0111 para revisión en la etapa de expropiación,15_04_Comunic_Recibidas/2019/CI004_GP-10635_070404_CON_01881_EXP_EXPRO.pdf
1110,2,CONCESIÓN ALTO MAGDALENA S.A.S.,ALMA-2019-01851,CONSORCIO 4C,GP-10395,28/05/2019,"Ref. Contrato de Concesión bajo esquema APP N° 003-2014 – “La financiación, construcción, rehabilitación, mejoramiento, operación y mantenimiento del corredor Honda – Puerto Salgar – Girardot, de acuerdo con el Apéndice Técnico 1 y demás Apéndices del Contrato.”",15_04_Comunic_Recibidas/2019/CI004_GP-10395_070109_CON_01851_ESPAC_PUB.pdf
1111,3,CONCESIÓN ALTO MAGDALENA S.A.S,20191113137,CONSORCIO 4C,GP-9974,18/03/2019,"Ref. Contrato de Concesión bajo esquema APP N° 003-2014 – “La financiación, construcción, rehabilitación, mejoramiento, operación y mantenimiento del corredor Honda – Puerto Salgar – Girardot, de acuerdo con el Apéndice Técnico 1 y demás Apéndices del Contrato.”",15_04_Comunic_Recibidas/2019/CI004_GP-9974_070108_CON_00979_RTA_CAR_023192100858.pdf
1112,1,CONCESIÓN ALTO MAGDALENA S.A.S.,ALMA-2019-03328,CONSORCIO 4C,GP-11273,25/10/2019,"Notificación Entrega de Intervención del Tramo de Pavimento Rígido, Glorieta Melisa, Glorieta occidental nuevo puente de honda de la UF5.2 y Mejoramiento de vía UF 5.1",15_04_Comunic_Recibidas/2019/CI004_GP-11273_070103_CON_03328_ENTREG_UF5.pdf
1114,1,CONCESIÓN ALTO MAGDALENA S.A.S.,ALMA-2019-02270,CONSORCIO 4C,GP-10623,11/07/2019,Entrega del expediente predial ALMA-2-0005 para revisión en la etapa de expropiación,15_04_Comunic_Recibidas/2019/CI004_GP-10623_070404_CON_02270_EXP_EXPRO.pdf
1113,2,Agencia Nacional de Infraestructura,ANI 2019-305-009022-1,CONSORCIO 4C,GP-9993,22/03/2019,Ref. Respuesta comunicación radicado ANI No 20194090139512 – No Objeción Periodo de Cura Contrato de Concesión No 003 de 2014 – Proyecto Girardot – Honda – Puerto Salgar,15_04_Comunic_Recibidas/2019/CI004_GP-9993_050300_ANI_009022-1_PLAZO_CURA_SST.pdf
1116,1,CONCESIÓN ALTO MAGDALENA S.A.S.,ALMA-2019-01355,CONSORCIO 4C,GP-10178,15/04/2019,"Entrega del expediente predial ALMA-5-0123, para revisión y aprobación de componente social del predio.",15_04_Comunic_Recibidas/2019/CI004_GP-10178_070402_CON_01355_EXP_SOCIAL.pdf
1118,1,CONCESIÓN ALTO MAGDALENA S.A.S.,ALMA-2019-02174,CONSORCIO 4C,GP-10543,02/07/2019,Entrega del expediente ALMA-2-0146 para aprobación del Avalúo Comercial Corporativo,15_04_Comunic_Recibidas/2019/CI004_GP-10543_070406_CON_02174_EXP_AVALUO.pdf
1115,2,CONCESIÓN ALTO MAGDALENA S.A.S.,ALMA-2019-02127,CONSORCIO 4C,GP-10533,25/06/2019,Solicitud paz y salvo Resolución DRBM No. 193 del 20 de junio de 2018 - Aclaratoria Resolución DRBM No. 202 de 28 de Junio de 2018 - Expediente 68855.,15_04_Comunic_Recibidas/2019/CI004_GP-10533_070108_CON_02127_PAZ_SALVO_DRBM_193.pdf
1117,2,CONCESIÓN ALTO MAGDALENA S.A.S.,ALMA-2019-00550,CONSORCIO 4C,GP-9728,30/01/2019,Respuesta comunicación 2018-305-040085-1 (Rad. ALMA-R-2018-3750 – 06/12/2018) y oficio con radicado ANI No. 20184091152652 del 2/11/2018 – No Objeción Plazo de cura entrega información de estudios y diseños para andenes en la UF 5.2,15_04_Comunic_Recibidas/2019/CI004_GP-9728_050300_CON_00550_ANDEN_UF5.pdf
1119,2,CONCESIÓN ALTO MAGDALENA S.A.S.,ALMA-2019-03507,CONSORCIO 4C,GP-11346,12/11/2019,"Acta No 14 Ejecución de obras de protección, Traslado o Reubicación de Redes Eléctricas, Húmedas, Gas y Telemáticos",15_04_Comunic_Recibidas/2019/CI004_GP-11346_070115_CON_03507_ACTA_N°14_REDES.pdf
1121,2,CONCESIÓN ALTO MAGDALENA S.A.S.,ALMA-2019-01205,CONSORCIO 4C,GP-10078,04/04/2019,Solicitud de ampliación de plazo Resolución DRAM No. 0038 del 25 de abril de 2016. Expediente 52291.,15_04_Comunic_Recibidas/2019/CI004_GP-10078_070108_CON_01205_RESOL_DRAM_0038.pdf
1120,46,CONCESIÓN ALTO MAGDALENA S.A.S.,CI004-696651193-211,CONSORCIO 4C,GP-10808,04/07/2019,Remisión Actas de Retribución UF3 Marzo y Abril 2019,15_04_Comunic_Recibidas/2019/CI004_GP-10808_070210_CON_02198_ACTA_RETRIBU_UF3.pdf
1122,1,CONCESIÓN ALTO MAGDALENA S.A.S.,ALMA-2019-00965,CONSORCIO 4C,GP-9951,18/03/2019,"Entrega de expediente predial ALMA-4-0059-1, para revisión y aprobación de componente social.",15_04_Comunic_Recibidas/2019/CI004_GP-9951_070402_CON_00965_EXP_SOCIAL.pdf
1123,1,CONCESIÓN ALTO MAGDALENA S.A.S.,ALMA-2019-02426,CONSORCIO 4C,GP-10729,24/07/2019,Respuesta oficio CL.004/GP6643/19/7.4.4,15_04_Comunic_Recibidas/2019/CI004_GP-10729_070401_CON_02426_EXP_PREDIAL.pdf
1124,6,CONCESIÓN ALTO MAGDALENA S.A.S.,CI.004/GP5603/18/7.1.10,CONSORCIO 4C,GP-9764,18/02/2019,Respuesta comunicación CI.004/GP5603/18/7.1.10 del 22 de Noviembre del 2018 (Radicado interno ALMA-R-2018-3629) Observaciones pago seguridad social Agosto y Salarios Julio 2018,15_04_Comunic_Recibidas/2019/CI004_GP-9764_070110_CON_00609_PAG_SEGYSAL_AGO_JUL18.pdf
1125,7,CONCESIÓN ALTO MAGDALENA S.A.S.,20184091369822,CONSORCIO 4C,GP-10111,11/04/2019,Ref. Respuesta a la comunicación con radicado ANI No. 20184091369822 de 28 de diciembre de 2018. Remisión de Cuenta de Cobro No.1 por concepto de reembolso de recursos a cargo de la ANI fondeados por el Concesionario a la subcuenta de redes. Pronunciamiento de la Interventoría a través de Comunicaciones ANI No. 20194090080492 del 25 de enero de 2019.,15_04_Comunic_Recibidas/2019/CI004_GP-10111_070201-070115_ANI_011513-1_REEMBOLS_RECUR.pdf
1216,1,CONCESIÓN ALTO MAGDALENA S.A.S.,ALMA-2019-01116,CONSORCIO 4C,GP-10127,01/04/2019,Entrega del expediente ALMA-5-0136 para aprobación del Avalúo Comercial Corporativo,15_04_Comunic_Recibidas/2019/CI004_GP-10127_070406_CON_01116_EXP_AVALUO.pdf
1217,1,CONCESIÓN ALTO MAGDALENA S.A.S.,CI.004/GP5021/18/7.1.7,CONSORCIO 4C,GP-9864,04/03/2019,Respuesta comunicación CI.004/GP5021/18/7.1.7 (Rad. Interno ALMA-R-2018-2630 del 22/08/2018). Revisión Diseño Puente Peatonal de Puerto Bogotá – UF 5.1,15_04_Comunic_Recibidas/2019/CI004_GP-9864_070107_CON_00802_DISEÑ_PTE_PEATON_UF5.pdf
1219,2,CONCESIÓN ALTO MAGDALENA S.A.S.,CI.004/GP6709/19/7.4.4,CONSORCIO 4C,GP-10814,13/08/2019,Respuesta comunicación Nro. CI.004/GP6709/19/7.4.4 observaciones a resoluciones de expropiación de la UF 2 y UF 3. ALMA-2-0005 – ALMA-3-0136,15_04_Comunic_Recibidas/2019/CI004_GP-10814_070404_CON_02636_EXP_EXPRO.pdf
1218,3,CONCESIÓN ALTO MAGDALENA S.A.S.,ALMA-2019-02758,CONSORCIO 4C,GP-10906,26/08/2019,"Ref. Contrato de Concesión bajo esquema APP N° 003-2014 – “La financiación, construcción, rehabilitación, operación y mantenimiento del corredor Honda – Puerto Salgar – Girardot, de acuerdo con el Apéndice Técnico 1 y demás Apéndices del Contrato.”",15_04_Comunic_Recibidas/2019/CI004_GP-10906_070108_CON_02758_INF_N1_RESOL_2602.pdf
1221,3,CONCESIÓN ALTO MAGDALENA S.A.S.,CI004_GP-9638_070109_CON_00439,CONSORCIO 4C,GP-9638,04/02/2019,Solicitud de Restitución de Bienes de Uso Público,15_04_Comunic_Recibidas/2019/CI004_GP-9638_070109_CON_00439_RESTITU_BIENES_USO_PUB.pdf
1220,1,CONCESIÓN ALTO MAGDALENA S.A.S.,ALMA-2019-01103,CONSORCIO 4C,GP-10162,01/04/2019,Entrega del expediente ALMA-5-0267 para aprobación del Avalúo Comercial Corporativo,15_04_Comunic_Recibidas/2019/CI004_GP-10162_070406_CON_01103_EXP_AVALUO.pdf
1223,2,CONCESIÓN ALTO MAGDALENA S.A.S.,CI.004/GP5687/18/5.3,CONSORCIO 4C,GP-9732,13/02/2019,Respuesta a su comunicado CI.004/GP5687/18/5.3 con radicado ALMA-R-2018-3798. Garantía única de cumplimiento Póliza GU62068.,15_04_Comunic_Recibidas/2019/CI004_GP-9732_050300_CON_00567_POLIZA_GU62068.pdf
1222,11,CONCESIÓN ALTO MAGDALENA S.A.S.,CI.004/GP6422/19/5.3,CONSORCIO 4C,GP-10566,03/07/2019,Respuesta comunicación CI.004/GP6422/19/5.3 - 7.3.3 (Rad. Interno ALMA-R-20191199 del 16/05/2019) – Solicitud No Objeción Plazo de Cura por Incumplimiento en el funcionamiento del Sistema Informático de Contabilización y Control – SICC.,15_04_Comunic_Recibidas/2019/CI004_GP-10566_050300_CON_02175_PLAZO_CURA_SICC.pdf
1225,2,CONCESIÓN ALTO MAGDALENA S.A.S.,ALMA-2019-01599,CONSORCIO 4C,GP-10323,13/05/2019,Definición del tamaño de área para rehabilitación ecológica. Resolución No. 2284 de 2015. Expediente ATV247.,15_04_Comunic_Recibidas/2019/CI004_GP-10323_070108_CON_01699_REHABILTA_ECO_RESOL_2284.pdf
1224,3,AGENCIA NACIONAL DE INFRAESTRUCTURA - ANI,CI004_GP-11694_050300-070210,CONSORCIO 4C,GP-11694,27/12/2019,"Ref. Distribución de la Vigencia Futura 2019 en el proyecto Girardot – Honda – Puerto Salgar, Contrato de Concesión 003 de 2014 – Concesión ALTO MAGDALENA SAS",15_04_Comunic_Recibidas/2019/CI004_GP-11694_050300-070210_ANI_045143-1_VIG_FUTURA_19.pdf
1226,4,CONCESIÓN ALTO MAGDALENA S.A.S.,ALMA-2019-00461,CONSORCIO 4C,GP-9677,06/02/2019,Recurso de Reposición contra la Resolución No. 2019 - 0113 del 17 de enero de 2019,15_04_Comunic_Recibidas/2019/CI004_GP-9677_070108_CON_00461_RESOL_2019-0113.pdf
1227,1,CONCESIÓN ALTO MAGDALENA S.A.S.,ALMA-2019-01924,CONSORCIO 4C,GP-10429,04/06/2019,Respuesta oficio CI.004/GP6459/19/5.3 (Rad. Interno ALMA-R-2019-1248) Cierre plazo de cura sabana de avalúos.,15_04_Comunic_Recibidas/2019/CI004_GP-10429_070401_CON_01924_PLAZO_CURA_AVALUOS.pdf
1229,11,Agencia Nacional de Infraestructura,20194090741632,CONSORCIO 4C,GP-10718,30/07/2019,Ref. Remisión Petición señora Mary Isabel Patiño Pinzón – Proyecto Girardot – Honda – Puerto Salgar – Contrato de Concesión No 003/2014,15_04_Comunic_Recibidas/2019/CI004_GP-10718_070109_ANI_024650-1_DP_MPATIÑO.pdf
1228,11,CONCESIÓN ALTO MAGDALENA S.A.S.,ALMA-2019-00975,CONSORCIO 4C,GP-9950,18/03/2019,"Respuesta comunicación Radicado ANI No. 20193050056801, radicado interno ALMA-R-20190538, del 01 de marzo de 2019 ingresado al sistema de atención al usuario como ente de control a la PQRS-UF5-2018-514 – Traslado de derecho de petición por afectaciones a predio Finca el Rescate.",15_04_Comunic_Recibidas/2019/CI004_GP-9950_070109_CON_00975_DP_FINCA_RESCATE.pdf
1230,7,CONCESIÓN ALTO MAGDALENA S.A.S.,ALMA-2019-00267,CONSORCIO 4C,GP-9612,25/01/2019,"Respuesta Auto GSC-ZC No. 001575 del 20 de Diciembre de 2018, Notificado por Estado No 191 del 26 de diciembre de 2018. Expediente: Autorización Temporal SAV-08571–“Nuevo Lote oriental”",15_04_Comunic_Recibidas/2019/CI004_GP-9612_070108_CON_00267_RTA_AUTO_GSC-ZC_N°001575.pdf
1231,2,CONCESIÓN ALTO MAGDALENA S.A.S.,ALMA-2019-03680,CONSORCIO 4C,GP-11530,27/11/2019,Alcance comunicación ALMA-2019-02004 (Radicado CAR 07191100733 del 19 de junio de 2019). Siembra medida compensatoria Expediente 60684.,15_04_Comunic_Recibidas/2019/CI004_GP-11530_070108_CON_03680_SIEMBRA_COMPENSA_EXP_60684.pdf
1233,4,Agencia Nacional de Infraestructura,20193050071381,CONSORCIO 4C,GP-9880,07/03/2019,Ref. Solicitud emisión de respuesta al reclamo presentado por el señor Luis Fernando Melo Casallas - Contrato de Concesión No 003 de 2014 - Concesión Girardot – Honda – Puerto Salgar,15_04_Comunic_Recibidas/2019/CI004_GP-9880_070110_ANI_007138-1_PQRS_LMELO.pdf
1232,3,CONCESIÓN ALTO MAGDALENA S.A.S.,CI.004/GP6708/19/7.4.4,CONSORCIO 4C,GP-11100,24/09/2019,Respuesta comunicación No. CI.004/GP6708/19/7.4.4 - Observaciones resoluciones de expropiación predios ALMA-3-0089 y ALMA-3-0098,15_04_Comunic_Recibidas/2019/CI004_GP-11100_070404_CON_03039_EXP_EXPRO.pdf
1234,1,CONCESIÓN ALTO MAGDALENA S.A.S.,ALMA-2019-03104,CONSORCIO 4C,GP-11089,02/10/2019,Entrega planos de Diseño del Acceso a Cambras Glorieta Costado Oriental del nuevo puente de Honda Unidad Funcional 5.1,15_04_Comunic_Recibidas/2019/CI004_GP-11089_070107_CON_03104_DISEÑ_CAMBRAS_NPH_UF5.1.pdf
1235,1,CONCESIÓN ALTO MAGDALENA S.A.S.,ALMA 2019-03523,CONSORCIO 4C,GP-11417,13/11/2019,Siembra compensaciones. Expediente 51893,15_04_Comunic_Recibidas/2019/CI004_GP-11417_070108_CON_03523_SIEMBRA_COMPENSA_EXP_51893.pdf
1237,1,CONCESIÓN ALTO MAGDALENA S.A.S.,ALMA-2019-03055,CONSORCIO 4C,GP-11464,26/09/2019,Respuesta comunicación CI.004/GP6908/19/5.3 (Rad. interno ALMA-R-20192113 del 02/09/2019). Entrega del expediente ALMA-2-0163-1 para aprobación del Avalúo Comercial Corporativo.,15_04_Comunic_Recibidas/2019/CI004_GP-11464_070406_CON_03055_EXP_AVALUO.pdf
1238,1,CONCESIÓN ALTO MAGDALENA S.A.S.,ALMA-2019-00736,CONSORCIO 4C,GP-9808,26/02/2019,Entrega Expediente Final ALMA-4-0002,15_04_Comunic_Recibidas/2019/CI004_GP-9808_070401_CON_00736_EXP_FINAL_4-0002.pdf
1236,1,CONCESIÓN ALTO MAGDALENA S.A.S.,ALMA-2019-02332,CONSORCIO 4C,GP-10699,16/07/2019,Entrega expediente ALMA-5-0249 para aprobación del Avalúo Comercial Corporativo,15_04_Comunic_Recibidas/2019/CI004_GP-10699_070406_CON_02332_EXP_AVALUO.pdf
1239,2,CONCESIÓN ALTO MAGDALENA S.A.S.,ALMA-2019-03834,CONSORCIO 4C,GP-11605,10/12/2019,Respuesta comunicación CI.004/GP7274/19/7.1.8 (Rad Interno ALMA-R-20192867 del 05/12/2019) Alcance Informe Multa por Incumplimiento del Apéndice Técnico 6. Numeral 4.1 Literal (a) y Medidas de Manejo Contenidas PAGA Unidad Funcional 4.2,15_04_Comunic_Recibidas/2019/CI004_GP-11605_050300-070108_CON_03834_MULTA_AGUA_RESIDUAL.pdf
1240,1,CONCESIÓN ALTO MAGDALENA S.A.S.,ALMA-2019-01750,CONSORCIO 4C,GP-10337,16/05/2019,Propuesta Complemento Franja de Circulación Peatonal,15_04_Comunic_Recibidas/2019/CI004_GP-10337_070107_CON_01750_FRANJA_PEATONAL.pdf
1241,1,CONCESIÓN ALTO MAGDALENA S.A.S.,ALMA-2019-03208,CONSORCIO 4C,GP-11245,17/10/2019,Entrega Informe Gerencial Mensual N° 59 – septiembre de 2019,15_04_Comunic_Recibidas/2019/CI004_GP-11245_070500_CON_03208_INF_MEN_N59_SEP19.pdf
1242,1,CONCESIÓN ALTO MAGDALENA S.A.S.,ALMA-2019-02654,CONSORCIO 4C,GP-10855,15/08/2019,Entrega Informe Trimestral Ambiental N° 19.,15_04_Comunic_Recibidas/2019/CI004_GP-10855_070108_CON_02654_INF_TRIME_AMB_19.pdf
1243,2,CONCESIÓN ALTO MAGDALENA S.A.S.,ALMA-2019-00544,CONSORCIO 4C,GP-9711,11/02/2019,Entrega de seis (6) expedientes para revisión en la etapa de expropiación.,15_04_Comunic_Recibidas/2019/CI004_GP-9711_070404_CON_00544_EXP_EXPRO.pdf
1244,1,CONCESIÓN ALTO MAGDALENA S.A.S.,ALMA-2019-02249,CONSORCIO 4C,GP-10616,10/07/2019,Entrega Expediente Predial Final ALMA-1-0004 devuelto con observaciones mediante oficio CI.004/GP6605/19/7.4.1,15_04_Comunic_Recibidas/2019/CI004_GP-10616_070401_CON_02249_EXP_FINAL.pdf
1245,3,CONCESIÓN ALTO MAGDALENA S.A.S.,ALMA-2019-00630,CONSORCIO 4C,GP-9745,19/02/2019,Informe semanal Avance Gestión Predial Unidad Funcional 3 - Evento Eximente de Responsabilidad.,15_04_Comunic_Recibidas/2019/CI004_GP-9745_070401_CON_00630_INF_PREDIAL_EER_UF3.pdf
1343,1,CONCESIÓN ALTO MAGDALENA S.A.S.,ALMA-2019-00323,CONSORCIO 4C,GP-9586,29/01/2019,"Ref. Contrato de Concesión bajo esquema APP N° 003-2014 – “La financiación, construcción, rehabilitación, mejoramiento, operación y mantenimiento del corredor Honda – Puerto Salgar – Girardot, de acuerdo con el Apéndice Técnico 1 y demás Apéndices del Contrato.”",15_04_Comunic_Recibidas/2019/CI004_GP-9586_070406_CON_00323_EXP_AVALUO.pdf
1344,2,CONCESIÓN ALTO MAGDALENA S.A.S.,ALMA-2019-00624,CONSORCIO 4C,GP-10625,12/07/2019,"Ref. Contrato de Concesión bajo esquema APP N° 003-2014 – “La financiación, construcción, rehabilitación, mejoramiento, operación y mantenimiento del corredor Honda – Puerto Salgar – Girardot, de acuerdo con el Apéndice Técnico 1 y demás Apéndices del Contrato.” Solicitud de modificación al Contrato de Concesión No. 03 de 2014, no demolición del Puente “Guarinó”",15_04_Comunic_Recibidas/2019/CI004_GP-10625_050300_CON_02291_MODIFI_CONTRATO.pdf
1345,3,CONCESIÓN ALTO MAGDALENA S.A.S.,ALMA-2019-00946,CONSORCIO 4C,GP-10019,14/03/2019,Informe sobre los criterios para contabilizar Ingresos y Egresos por Unidad Funcional.,15_04_Comunic_Recibidas/2019/CI004_GP-10019_070202_CON_00946_INF_ING_EGRE_FEB.pdf
1346,1,CONCESIÓN ALTO MAGDALENA S.A.S.,ALMA-2019-00992,CONSORCIO 4C,GP-9981,19/03/2019,Entrega Expediente Final ALMA-4-0047,15_04_Comunic_Recibidas/2019/CI004_GP-9981_070401_CON_00992_EXP_FINAL.pdf
1349,9,CONCESIÓN ALTO MAGDALENA S.A.S.,ALMA-2019-01742,CONSORCIO 4C,GP-10342,16/05/2019,Informe semanal desarrollo del Evento Eximente de Responsabilidad periodo del 13 al 19 de mayo de 2019.,15_04_Comunic_Recibidas/2019/CI004_GP-10342_070109_CON_01742_INF_EER_UF5.pdf
1347,1,CONCESIÓN ALTO MAGDALENA S.A.S.,ALMA-2019-03045,CONSORCIO 4C,GP-11610,26/09/2019,Respuesta comunicación CI.004/GP6769/19/5.3 (Rad. interno ALMA-R-20191868 del 01/08/2019). Entrega del expediente ALMA-2-0032 para aprobación del Avalúo Comercial Corporativo.,15_04_Comunic_Recibidas/2019/CI004_GP-11610_070406_CON_03045_EXP_AVALUO.pdf
1348,2,CONCESIÓN ALTO MAGDALENA S.A.S.,ALMA-2019-03149,CONSORCIO 4C,GP-11157,07/10/2019,Solicitud de permiso de ocupación de cauce – K58+490. Unidad Funcional 3.,15_04_Comunic_Recibidas/2019/CI004_GP-11157_070108_CON_03149_OCUP_CAUCE_K58+490_UF3.pdf
1352,4,CONSORCIO 4C,20194091222392,CONSORCIO 4C,GP-11521,28/11/2019,"Ref. Solicitud información características iluminación proyecto - Proyecto Girardot – Honda – Puerto Salgar, Contrato de Concesión 003 de 2014. Alto Magdalena S.A.S.",15_04_Comunic_Recibidas/2019/CI004_GP-11521_070115-070107_ANI_041086-1_ILUMINA_PROYECTO.pdf
1351,1,Consorcio 4C,20194091094472,CONSORCIO 4C,GP-11208,21/10/2019,"Ref. Remisión derecho de Petición Esperanza Hernandez - Proyecto Girardot – Honda – Puerto Salgar, Contrato de Concesión 003 de 2014. Alto Magdalena S.A.S.",15_04_Comunic_Recibidas/2019/CI004_GP-11208_070109_ANI_036109-1_DP_EHERNANDEZ.pdf
1353,7,CONCESIÓN ALTO MAGDALENA S.A.S.,ALMA-2019-01056,CONSORCIO 4C,GP-10032,27/03/2019,"Solicitud inicio querella en contra de comportamientos contrarios a la integridad urbanística del espacio público en el Pr 38 + 767, ruta nacional 4508, colindante de la Alcaldía",15_04_Comunic_Recibidas/2019/CI004_GP-10032_070109_CON_01056_ESPAC_PUB.pdf
1350,8,CONCESIÓN ALTO MAGDALENA S.A.S.,ALMA-2019-00278-1,CONSORCIO 4C,GP-9573,25/01/2019,"Ref. Contrato de Concesión bajo esquema APP N° 003-2014 – “Financiación, construcción, rehabilitación, mejoramiento, operación y mantenimiento del Corredor Honda – Puerto Salgar – Girardot, de acuerdo con el Apéndice Técnico 1 y demás apéndices del Contrato”",15_04_Comunic_Recibidas/2019/CI004_GP-9573_050300_CON_00263_LIC_AMB_PTE_HONDA.pdf
1357,5,CONCESIÓN ALTO MAGDALENA S.A.S.,CI.004/GP5499/18/7.1.7,CONSORCIO 4C,GP-9517,14/01/2019,Respuesta comunicación CI.004/GP5499/18/7.1.7 – Radicado ALMA-R-2018-3471 del 01 de noviembre de 2018. Observaciones Diseño Rehabilitación Honda – Dorada UF5.2,15_04_Comunic_Recibidas/2019/CI004_GP-9517_070107_CON_00115_OBS_REHAB_HONDA.pdf
1354,3,CONCESIÓN ALTO MAGDALENA S.A.S.,CI.004/GP6555/19/7.1.10,CONSORCIO 4C,GP-10688,22/07/2019,Respuesta comunicado CI.004/GP6555/19/7.1.10 (Rad. ALMA-R-20191463 14/06/2019) Protección de datos personales.,15_04_Comunic_Recibidas/2019/CI004_GP-10688_070110-070109_CON_02404_PROTE_DATOS_PERSONAL.pdf
1356,1,CONCESIÓN ALTO MAGDALENA S.A.S.,CI.004/GP5664/18/7.4.6,CONSORCIO 4C,GP-9435,26/12/2018,"Respuesta comunicación, CI.004/GP5664/18/7.4.6 del 29 de Noviembre de 2018 (Rad. ALMA-R-2018-3758), Entrega expediente predial ALMA-3-0068 aprobación de Avalúo comercial corporativo.",15_04_Comunic_Recibidas/2019/CI004_GP-9435_070406_CON_4741_EXP_AVALUO.pdf
1355,3,CONCESIÓN ALTO MAGDALENA S.A.S.,ALMA-2019-00045,CONSORCIO 4C,GP-9469,04/01/2019,"Ref. Contrato de Concesión bajo esquema APP N° 003-2014 – “La financiación, construcción, rehabilitación, mejoramiento, operación y mantenimiento del corredor Honda – Puerto Salgar – Girardot, de acuerdo con el Apéndice Técnico 1 y demás Apéndices del Contrato.”",15_04_Comunic_Recibidas/2019/CI004_GP-9469_070304_CON_00045_BIENES_POLICIA.pdf
1361,1,CONCESIÓN ALTO MAGDALENA S.A.S.,ALMA-2019-01330,CONSORCIO 4C,GP-10135,12/04/2019,"Inicio de siembra para compensación, en cumplimiento Resolución CAR-DRMC No. 762 de 07 de abril de 2016, y al Auto CAR - DRMC No. 169 de 18 de febrero de 2019 del expediente 51967",15_04_Comunic_Recibidas/2019/CI004_GP-10135_070108_CON_01330_RESOL_CAR-DRMC_762_169.pdf
1359,6,CONCESIÓN ALTO MAGDALENA S.A.S.,ALMA-2019-01845,CONSORCIO 4C,GP-10399,28/05/2019,Gestión de Riesgo quebrada “Pericos”. Unidad Funcional 5.2.,15_04_Comunic_Recibidas/2019/CI004_GP-10399_070108_CON_01845_QUEBRADA_PERICOS.pdf
1358,14,CONCESIÓN ALTO MAGDALENA S.A.S.,ALMA-2019-00231,CONSORCIO 4C,GP-9577,24/01/2019,"Ref. Contrato de Concesión bajo esquema APP N° 003-2014 – “Financiación, construcción, rehabilitación, mejoramiento, operación y mantenimiento del Corredor Honda – Puerto Salgar – Girardot, de acuerdo con el Apéndice Técnico 1 y demás apéndices del Contrato”. Notificación Evento Eximente de Responsabilidad como consecuencia de las graves afectaciones que ha tenido el Proyecto en la Unidad Funcional 1.",15_04_Comunic_Recibidas/2019/CI004_GP-9577_050300_CON_00231_EER_PREDIAL_UF1.pdf
1360,7,CONCESIÓN ALTO MAGDALENA S.A.S.,ALMA-2019-02023,CONSORCIO 4C,GP-10447,13/06/2019,"Ref. Contrato de Concesión bajo esquema APP N° 003-2014 – “Financiación, construcción, rehabilitación, mejoramiento, operación y mantenimiento del Corredor Honda – Puerto Salgar – Girardot, de acuerdo con el Apéndice Técnico 1 y demás apéndices del Contrato”",15_04_Comunic_Recibidas/2019/CI004_GP-10447_050300_CON_02023_EXTENSIÓN_EER_UF5.1.pdf
1362,2,CONCESIÓN ALTO MAGDALENA S.A.S.,ALMA-2019-03857,CONSORCIO 4C,GP-11612,12/12/2019,"Ref. Entrega de resultados, encuesta semestral de evaluación al Sistema de Atención al Usuario de la Concesión Alto Magdalena para el segundo semestre del año 2019.",15_04_Comunic_Recibidas/2019/CI004_GP-11612_070109_CON_03857_ENCUEST_ATENCION_USUARIO.pdf
1364,1,CONCESIÓN ALTO MAGDALENA S.A.S.,ALMA-2019-03738,CONSORCIO 4C,GP-11570,02/12/2019,Reiteración solicitud radicada con número: CAR 20191120871 del 3 de mayo de 2019. Expediente 52046,15_04_Comunic_Recibidas/2019/CI004_GP-11570_070108_CON_03738_REITERA_CAR_20191120871.pdf
1365,1,CONCESIÓN ALTO MAGDALENA S.A.S.,ALMA-2019-01032,CONSORCIO 4C,GP-10063,26/03/2019,Divulgación Plan de Contingencia Licencia Ambiental Resolución 1685 del 2015 - Expediente LAV0063-00-2015,15_04_Comunic_Recibidas/2019/CI004_GP-10063_070108_CON_01032_LICEN_AMB_RESOL_1685.pdf
1363,6,CONCESIÓN ALTO MAGDALENA S.A.S.,ALMA-2019-02130,CONSORCIO 4C,GP-10536,25/06/2019,Respuesta comunicación CAR No. 03192101830 (Rad. Interno ALMA-R-20190888) DEL 04/04/2019. Especies vegetales derecho de vía.,15_04_Comunic_Recibidas/2019/CI004_GP-10536_070108_CON_02130_ESPECIES_VEGETAL.pdf
1367,4,CONCESIÓN ALTO MAGDALENA S.A.S.,ALMA-2019-01958,CONSORCIO 4C,GP-10439,06/06/2019,"Alcance comunicado ALMA-2019-1333 del 16 de abril de 2019. Nuevos hallazgos arqueológicos predio ALMA-5-0200 - Sitio Arqueológico ubicado del K130 + 410 A K130+720 de la Unidad Funcional 5.1, Puerto Bogotá.",15_04_Comunic_Recibidas/2019/CI004_GP-10439_050300-070109_CON_01958_HALLAZG_ARQUEO_K130.pdf
1369,1,CONCESIÓN ALTO MAGDALENA S.A.S.,ALMA-2019-01282,CONSORCIO 4C,GP-10102,10/04/2019,"Entrega del expediente predial ALMA-5-0265, para revisión y aprobación de componente social.",15_04_Comunic_Recibidas/2019/CI004_GP-10102_070402_CON_01282_EXP_SOCIAL.pdf
1366,1,CONCESIÓN ALTO MAGDALENA S.A.S.,ALMA-2019-03439,CONSORCIO 4C,GP-11375,07/11/2019,"Ref. Contrato de Concesión bajo esquema APP N° 003-2014 – “La financiación, construcción, rehabilitación, mejoramiento, operación y mantenimiento del corredor Honda – Puerto Salgar – Girardot, de acuerdo con el Apéndice Técnico 1 y demás Apéndices del Contrato.” - Respuesta comunicación CI.004/GP7077/19/7.4.6 (Rad. interno ALMA-R-20192476 del 18/10/2019). Entrega expediente ALMA-2-0098-1 para aprobación del Avalúo Comercial Corporativo.",15_04_Comunic_Recibidas/2019/CI004_GP-11375_070406_CON_03439_EXP_AVALUO.pdf
1368,2,CONCESIÓN ALTO MAGDALENA S.A.S.,ALMA-2019-03656,CONSORCIO 4C,GP-11499,27/11/2019,Siembra compensaciones. Expediente 51999.,15_04_Comunic_Recibidas/2019/CI004_GP-11499_070108_CON_03656_SIEMBRA_COMPENSA_EXP_51999.pdf
1370,1,CONCESIÓN ALTO MAGDALENA S.A.S.,ALMA-2019-00206,CONSORCIO 4C,GP-9654,23/01/2019,Entrega del Informe No. 4 - Resolución No. 1701 del 17 de julio de 2015 UF 1.,15_04_Comunic_Recibidas/2019/CI004_GP-9654_070108_CON_00206_INF_N°4_RESOL_1701.pdf
1455,38,Agencia Nacional de Infraestructura,20194090421012,CONSORCIO 4C,GP-10262,10/05/2019,Ref. Radicado 20194090421012 – Remisión Solicitud de Intervención radicada por parte de la Personería del Municipio de La Dorada – Contrato de Concesión No 003 de 2014. Concesión Girardot – Honda – Puerto Salgar.,15_04_Comunic_Recibidas/2019/CI004_GP-10262_070109_ANI_014394-1_SCTUD_PERSON_LDORADA.pdf
1456,3,CONCESIÓN ALTO MAGDALENA S.A.S.,ALMA-2019-02522,CONSORCIO 4C,GP-10770,01/08/2019,"Solicitud de prórroga de Resolución S.A.F-B.D No. 159 de julio 01 de 2016, Expediente 500-05-01-710-P1.",15_04_Comunic_Recibidas/2019/CI004_GP-10770_070108_CON_02522_PRORROGA_RESOL_N159.pdf
1457,15,CONCESIÓN ALTO MAGDALENA S.A.S.,ALMA-2019-00597,CONSORCIO 4C,GP-9759,18/02/2019,"Ref. Su comunicación CI.004/GP5934/19/5.3 - Solicitud no objeción para otorgar plazo de cura al Concesionario por Incumplimiento de condiciones SST de la UF 4.2. 5.1, 5.2 y 5.4.",15_04_Comunic_Recibidas/2019/CI004_GP-9759_070110_CON_00597_PLAZO_CURA_INCUMP_SST.pdf
1459,6,CONCESIÓN ALTO MAGDALENA S.A.S.,CI004/GP-6630/19/7.2.11,CONSORCIO 4C,GP-10807,17/06/2019,Remisión Acta de VPIP Abril de 2019,15_04_Comunic_Recibidas/2019/CI004_GP-10807_070209_CON_02051_ACTA_VPIP_MAY19.pdf
1460,1,CONCESIÓN ALTO MAGDALENA S.A.S.,CI.004/GP6320/19/7.1.7,CONSORCIO 4C,GP-10354,20/05/2019,Respuesta comunicación CI.004/GP6320/19/7.1.7 (Rad. interno ALMA-R-20191039 del 23/04/2019). Andenes en Centros poblados – UF2,15_04_Comunic_Recibidas/2019/CI004_GP-10354_070107_CON_01770_ANDEN_CTROS_POB.pdf
1461,5,CONCESIÓN ALTO MAGDALENA S.A.S.,ALMA-2019-01797,CONSORCIO 4C,GP-10372,23/05/2019,Alcance solicitud realizada mediante radicación No. 20171146593 del 30/11/2017. Expediente 51996.,15_04_Comunic_Recibidas/2019/CI004_GP-10372_070108_CON_01797_RENUNC_EXP_51996.pdf
1462,2,CONCESIÓN ALTO MAGDALENA S.A.S.,04191101907,CONSORCIO 4C,GP-11574,02/12/2019,"Ref. Contrato de Concesión bajo esquema APP N° 003-2014 – “La financiación, construcción, rehabilitación, mejoramiento, operación y mantenimiento del corredor Honda – Puerto Salgar – Girardot, de acuerdo con el Apéndice Técnico 1 y demás Apéndices del Contrato.” Solicitud permiso aprovechamiento forestal árboles aislados en Glorieta costado oriental, Nuevo Puente de Honda, Municipio de Guaduas.",15_04_Comunic_Recibidas/2019/CI004_GP-11574_070108_CON_03758_APROVE_FORESTAL.pdf
1463,1,CONCESIÓN ALTO MAGDALENA S.A.S.,20191132334,CONSORCIO 4C,GP-10609,08/07/2019,Inicio siembra - compensación en cumplimiento de la Resolución No. 0311 del 16 de febrero del 2016. Expediente 52203.,15_04_Comunic_Recibidas/2019/CI004_GP-10609_070108_CON_02232_COMPENSA_RESOL_0311.pdf
1464,1,CONCESIÓN ALTO MAGDALENA S.A.S.,ALMA-2019-03974,CONSORCIO 4C,GP-11684,20/12/2019,"Ref. Contrato de Concesión bajo esquema APP N° 003-2014 – ""La financiación, construcción, rehabilitación, mejoramiento, operación y mantenimiento del corredor Honda – Puerto Salgar – Girardot, de acuerdo con el Apéndice Técnico 1 y demás Apéndices del Contrato.",15_04_Comunic_Recibidas/2019/CI004_GP-11684_070500_CON_03974_MEMOTEC_NOV19.pdf
1465,1,CONCESIÓN ALTO MAGDALENA S.A.S.,ALMA-2018-4806,CONSORCIO 4C,GP-9496,28/12/2018,Entrega dos (2) expedientes prediales para revisión en la etapa de expropiación,15_04_Comunic_Recibidas/2019/CI004_GP-9496_070404_CON_4806_EXP_EXPRO.pdf
1466,1,CONCESIÓN ALTO MAGDALENA S.A.S.,ALMA-2019-00678,CONSORCIO 4C,GP-9772,21/02/2019,Remisión de Expedientes en Aprobación de Insumo,15_04_Comunic_Recibidas/2019/CI004_GP-9772_070401_CON_00678_EXP_PREDIAL.pdf
1458,2,CONCESIÓN ALTO MAGDALENA S.A.S.,ALMA-2019-03640,CONSORCIO 4C,GP-11491,26/11/2019,"Solicitud visita predios El Rodeo y El Tocuy, implementación compensación por pérdida de la biodiversidad. Licencia Ambiental con Resolución ANLA No. 1684 del 24 de diciembre de 2015. Unidad funcional 5.3.",15_04_Comunic_Recibidas/2019/CI004_GP-11491_070108_CON_03640_LIC_AMB_RESOL_1684.pdf
1468,1,CONCESIÓN ALTO MAGDALENA S.A.S.,ALMA-2019-03189,CONSORCIO 4C,GP-11205,15/10/2019,Cumplimiento Resolución No. 335 del 08 de junio de 2016. Entrega Informe final puentes. Expediente 284.,15_04_Comunic_Recibidas/2019/CI004_GP-11205_070108_CON_03189_CUMPLI_RESOL_335.pdf
1467,2,CONCESIÓN ALTO MAGDALENA S.A.S.,ALMA-2019-03226,CONSORCIO 4C,GP-11161,18/10/2019,Respuesta comunicación GP7045/19/7.4.1 (Rad. Int. ALMA-R-20192419 – 08/10/2019) –solicitud soportes notificación EER del predio ALMA-4-0044,15_04_Comunic_Recibidas/2019/CI004_GP-11161_070401_CON_03226_EER_PREDIO_4-0044.pdf
1469,3,CONCESIÓN ALTO MAGDALENA S.A.S.,ALMA-2019-00823,CONSORCIO 4C,GP-9894,06/03/2019,Respuesta AUTO GSC-ZC No. 000081 del 28 de enero de 2019 Autorización temporal SFT-08411,15_04_Comunic_Recibidas/2019/CI004_GP-9894_070108_CON_00823_AUTO_GSC-ZC-000081.pdf
1470,16,Agencia Nacional de Infraestructura,20193050395011,CONSORCIO 4C,GP-11373,15/11/2019,"Ref. Reiteración Queja Juan Diego Mesa Zuluaga - Proyecto Girardot – Honda – Puerto Salgar, Contrato de Concesión 003 de 2014. Alto Magdalena S.A.S.",15_04_Comunic_Recibidas/2019/CI004_GP-11373_070109_ANI_039501-1_QUEJA_JMESA.pdf
1472,2,CONCESIÓN ALTO MAGDALENA S.A.S.,ALMA-2019-03665,CONSORCIO 4C,GP-11507,27/11/2019,Siembra compensaciones. Expediente 52003.,15_04_Comunic_Recibidas/2019/CI004_GP-11507_070108_CON_03665_SIEMBRA_COMPENSA_EXP_52003.pdf
1474,1,CONCESIÓN ALTO MAGDALENA S.A.S.,ALMA-2019-03975,CONSORCIO 4C,GP-11685,20/12/2019,Prueba de Carga Puente peatonal Norcasia y Paso Férreo,15_04_Comunic_Recibidas/2019/CI004_GP-11685_070107_CON_03975_PTE_PEATON_NORCASIA.pdf
1473,6,CONCESIÓN ALTO MAGDALENA S.A.S.,ALMA-2019-02833,CONSORCIO 4C,GP-10931,02/09/2019,Respuesta oficio CI.004/GP6873/19/7.1.4 (Rad. Int. ALMA-R-20192034 - 23/08/2019) - Seguridad vial paso semovientes centro poblado Islas PQRS - UF3 - 2017 - 132 / PQRS - UF2 - 2018 - 291,15_04_Comunic_Recibidas/2019/CI004_GP-10931_070109_CON_02833_PASO_SEMOVIENTES_UF3.pdf
1475,2,CONCESIÓN ALTO MAGDALENA S.A.S.,ALMA-2019-03651,CONSORCIO 4C,GP-11524,26/11/2019,Respuesta oficio CI.004/GP6905/19/7.5 observaciones memoria técnica junio de 2019,15_04_Comunic_Recibidas/2019/CI004_GP-11524_070500_CON_03651_OBS_MEMOTEC_JUN19.pdf
1476,5,CONCESIÓN ALTO MAGDALENA S.A.S.,ALMA-2019-01158,CONSORCIO 4C,GP-10039,01/04/2019,Solicitud inicio querella en contra de los comportamientos contrarios a la integridad urbanística y se restituya la integridad del espacio público en zona de exclusión en el Pr 28 + 900,15_04_Comunic_Recibidas/2019/CI004_GP-10039_070109_CON_01158_ESPAC_PUB.pdf
1477,4,CONCESIÓN ALTO MAGDALENA S.A.S.,CI.004/GP6721/19/7.1.8,CONSORCIO 4C,GP-10863,20/08/2019,Respuesta comunicación CI.004/GP6721/19/7.1.8 (Rad. Interno ALMA-R-20191798 del 25/07/2019). Seguimiento Marco Normativo UF 4.2.,15_04_Comunic_Recibidas/2019/CI004_GP-10863_070108_CON_02709_MARCO_NORMA_UF4.2.pdf
1478,1,CONCESIÓN ALTO MAGDALENA S.A.S.,ALMA-2018-4366,CONSORCIO 4C,GP-9622,19/11/2018,Entrega del expediente ALMA-3-0127 para aprobación del Avalúo Comercial Corporativo,15_04_Comunic_Recibidas/2019/CI004_GP-9622_070406_CON_4366_EXP_AVALUO.pdf
1471,1,CONCESIÓN ALTO MAGDALENA S.A.S.,No identificado explícitamente en el documento (solo se menciona 'Radicado por: RADICACION BOGOTÁ' sin número visible),CONSORCIO 4C,GP-10238,06/05/2019,Divulgación de la Resolución CAR No. 0719 del 28 de Marzo del 2019,15_04_Comunic_Recibidas/2019/CI004_GP-10238_070108_CON_01560_RESOL_CAR_0719.pdf
1479,3,CONCESIÓN ALTO MAGDALENA S.A.S.,ALMA-2019-02667,CONSORCIO 4C,GP-10835,15/08/2019,Condiciones climáticas para el cumplimiento del Auto DRMC No. 0512 del 22 de mayo de 2019,15_04_Comunic_Recibidas/2019/CI004_GP-10835_070108_CON_02667_AUTO_DRMC_0512.pdf
1480,3,CONCESIÓN ALTO MAGDALENA S.A.S.,ALMA-2019-00107,CONSORCIO 4C,GP-9493,11/01/2019,Solicitud inicio querella por comportamientos contrarios a la limpieza y recolección de residuos y escombros y malas prácticas habitacionales a la empresa Ser Ambiental S.A.,15_04_Comunic_Recibidas/2019/CI004_GP-9493_070108-070304_CON_00107_COMPOR_SER_AMBIENTAL.pdf
1571,1,CONCESIÓN ALTO MAGDALENA S.A.S.,03191102523,CONSORCIO 4C,GP-11401,12/10/2019,Siembra compensaciones. Expediente 51859,15_04_Comunic_Recibidas/2019/CI004_GP-11401_070108_CON_03479_SIEMBRA_COMPENSA_EXP_51859.pdf
1572,6,CONCESIÓN ALTO MAGDALENA S.A.S.,ALMA-2019-02322,CONSORCIO 4C,GP-10654,16/07/2019,"Respuesta correo electrónico del 25/06/2019, ente de control PQRS-UF5-2019-786 - solicitud informe gestiones realizadas respecto a la petición de la Sra. María Miriam Castillo López.",15_04_Comunic_Recibidas/2019/CI004_GP-10654_070109_CON_02322_DP_MCASTILLO.pdf
1579,1,CONCESIÓN ALTO MAGDALENA S.A.S.,ALMA-2019-01723,CONSORCIO 4C,GP-10299,14/05/2019,Respuesta comunicación 20197100107881 del 26 de abril de 2019 - CVN31 Seguimiento temas de accesibilidad,15_04_Comunic_Recibidas/2019/CI004_GP-10299_070600_CON_01723_TEMAS_ACCESIBILIDAD.pdf
1581,1,CONCESIÓN ALTO MAGDALENA S.A.S.,ALMA-2019-03050,CONSORCIO 4C,GP-11575,26/09/2019,Entrega del expediente ALMA-2-0064-1 para aprobación del Avalúo Comercial Corporativo.,15_04_Comunic_Recibidas/2019/CI004_GP-11575_070406_CON_03050_EXP_AVALUO.pdf
1580,1,CONCESIÓN ALTO MAGDALENA S.A.S.,ALMA-2019-00191,CONSORCIO 4C,GP-9558,22/01/2019,Memoria Técnica Mes de Diciembre de 2018,15_04_Comunic_Recibidas/2019/CI004_GP-9558_070500_CON_00191_MEMOTEC_DIC.pdf
1582,2,CONCESIÓN ALTO MAGDALENA S.A.S.,CI004_1697169147_5_3,CONSORCIO 4C,GP-11047,19/09/2019,"Ref. Respuesta comunicado radicado ANI No. 20193050281231 del 21 de agosto de 2019, solicitud documentación adicional para aprobación modificación pólizas del Contrato de Concesión - Comunicado ALMA-R-20192042",15_04_Comunic_Recibidas/2019/CI004_GP-11047_050300_CON_02985_MODIFI_POLIZAS.pdf
1583,1,CONCESIÓN ALTO MAGDALENA S.A.S.,ALMA-2019-02326,CONSORCIO 4C,GP-10712,26/07/2019,Comunicación Cl.004/GP6675/19/7.1.7 - Radicado ALMA-R-20191732 del 18 de julio de 2019. Propuesta Franja Circulación Peatonal Intersección La Melisa Unidad Funcional 5.2,15_04_Comunic_Recibidas/2019/CI004_GP-10712_070107_CON_02449_FRANJA_PEATON_LMELISA.pdf
1584,11,CONCESIÓN ALTO MAGDALENA S.A.S.,"ALMA-2018-2807, ANI No. 2018-409-074221-2",CONSORCIO 4C,GP-10570,04/07/2019,Finalización período Especial EER y Predios Glorieta Occidental del nuevo puente de Honda.,15_04_Comunic_Recibidas/2019/CI004_GP-10570_050300_CON_02190_FINAL_EER_PTE_HONDA.pdf
1586,1,CONCESIÓN ALTO MAGDALENA S.A.S.,ALMA-2019-01208,CONSORCIO 4C,GP-10079,04/04/2019,Entrega Informe Gerencial Mensual N° 53 – Marzo de 2019,15_04_Comunic_Recibidas/2019/CI004_GP-10079_070500_CON_01208_INF_MEN_MAR.pdf
1585,1,AGENCIA NACIONAL DE INFRAESTRUCTURA (ANI),20164090247372,CONSORCIO 4C,GP-10656,16/07/2019,"Radicados No. 20194090578722 del 6 de junio del 2019 y No. 20194090694042 del 8 de julio de 2019 – Solicitud revisión permiso de ocupación temporal de vía para la construcción de los carriles de aceleración y desaceleración para el acceso y salida al proyecto Estación de Servicio de Gas Vehicular Terminal de Transporte de Honda S.A., ubicada en los PR00+237.63 al PR00+444.37 margen derecho ruta 45 Tramo 10, que pertenece al proyecto Girardot- Honda - Puerto Salgar.",15_04_Comunic_Recibidas/2019/CI004_GP-10656_070114_ANI_022698-1_PERMI_EDS_TERMINAL.pdf
1588,2,CONCESIÓN ALTO MAGDALENA S.A.S.,ALMA-2019-02687,CONSORCIO 4C,GP-10854,15/08/2019,Solicitud información sitios de disposición final de material sobrante.,15_04_Comunic_Recibidas/2019/CI004_GP-10854_070108_CON_02687_DISPOSI_FINAL_MATERIAL.pdf
1587,2,CONCESIÓN ALTO MAGDALENA S.A.S.,ALMA-2019-03457,CONSORCIO 4C,GP-11320,08/11/2019,"Entrega Resultados Indicadores Apéndice Técnico 4 del pavimento Flexible y Rígido sector comprendido entre Honda y la Glorieta de Norcasia Unidad Funcional 5.1, 5.2 y 5.4",15_04_Comunic_Recibidas/2019/CI004_GP-11320_090300_CON_03457_INDICA_APT4_UF5.pdf
1589,5,CONCESIÓN ALTO MAGDALENA S.A.S.,CI.004/GP5683/18/6.1,CONSORCIO 4C,GP-10020,18/03/2019,Respuesta comunicado CI.004/GP5683/18/6.1 Reintegros gastos bancarios Subcuenta Aportes ANI,15_04_Comunic_Recibidas/2019/CI004_GP-10020_070201_CON_00983_REINTG_GASTOS_BANCA.pdf
1591,1,CONCESIÓN ALTO MAGDALENA S.A.S.,03191102589,CONSORCIO 4C,GP-11431,13/11/2019,Siembra compensaciones. Expediente 51738,15_04_Comunic_Recibidas/2019/CI004_GP-11431_070108_CON_03508_SIEMBRA_COMPENSA_EXP_51738.pdf
1590,3,CONCESIÓN ALTO MAGDALENA S.A.S.,ALMA-2019-02544,CONSORCIO 4C,GP-10758,02/08/2019,Ref. Respuesta Solicitud trámite permiso de ocupación temporal de la infraestructura vial nacional de carreteras concesionadas,15_04_Comunic_Recibidas/2019/CI004_GP-10758_070114-070115_CON_02544_PERMI_OCUPA_TEMPO.pdf
1592,1,CONCESIÓN ALTO MAGDALENA S.A.S.,ALMA-2019-02796,CONSORCIO 4C,GP-10976,28/08/2019,Respuesta comunicación CI.004/GP6803/19/5.3 (Rad. interno ALMA-R-20191925) del 08/08/2019. Entrega expediente ALMA-5-0066 para aprobación del Avalúo Comercial Corporativo.,15_04_Comunic_Recibidas/2019/CI004_GP-10976_070406_CON_02796_EXP_AVALUO.pdf
1593,9,CONCESIÓN ALTO MAGDALENA S.A.S.,ALMA-2019-02955,CONSORCIO 4C,GP-11021,17/09/2019,Cargue Información Olympus,15_04_Comunic_Recibidas/2019/CI004_GP-11021_070401_CON_02955_INFO_OLYMPUS.pdf
1594,1,CONCESIÓN ALTO MAGDALENA S.A.S.,ALMA-2019-00624,CONSORCIO 4C,GP-9766,19/02/2019,Análisis aprovechamiento del puente existente sobre el río Guarinó en la Unidad Funcional 5.2.,15_04_Comunic_Recibidas/2019/CI004_GP-9766_070107_CON_00624_PTE_GUARINO_UF5.2.pdf
1596,5,CONCESIÓN ALTO MAGDALENA S.A.S.,NIT 900.745.219-8,CONSORCIO 4C,GP-10819,14/08/2019,"Atención pendientes indicador E13 - barreras y elementos de contención unidad funcional 5, tramo 2.",15_04_Comunic_Recibidas/2019/CI004_GP-10819_090300-070303_CON_02649_PDTES_INDICAD_E13.pdf
1595,1,Fiduciaria Bogotá,CI004_GP-11316_070202_FBTA_024547,CONSORCIO 4C,GP-11316,28/10/2019,Ref. SOPORTES DE INTERVENTORIA DE LOS MESES DE AGOSTO Y SEPTIEMBRE. FIDEICOMISO FIDUBOGOTA–CONCESION ALTO MAGDALENA 3-1-63664,15_04_Comunic_Recibidas/2019/CI004_GP-11316_070202_FBTA_024547_SOPORTES_AGO_SEP.pdf
1598,6,CONCESIÓN ALTO MAGDALENA S.A.S.,ALMA-2019-02271,CONSORCIO 4C,GP-10660,11/07/2019,GCSP-F-009 Informe Mensual Recaudo de Peajes del mes de junio de 2019,15_04_Comunic_Recibidas/2019/CI004_GP-10660_070208_CON_02271_FOR_GCSP-F009_JUN.pdf
1597,1,CONCESIÓN ALTO MAGDALENA S.A.S.,ALMA-2019-02452,CONSORCIO 4C,GP-10742,26/07/2019,Entrega Informe No. 1. Resolución No. 1082 del 13 de junio de 2018 UF 5.3,15_04_Comunic_Recibidas/2019/CI004_GP-10742_070108_CON_02452_INF_N1_RESOL_1082.pdf
1599,1,CONCESIÓN ALTO MAGDALENA S.A.S.,CI004_GP-9649_070107_CON_00393,CONSORCIO 4C,GP-9649,31/01/2019,Diseños de Iluminación Unidades Funcionales 3 y 5,15_04_Comunic_Recibidas/2019/CI004_GP-9649_070107_CON_00393_DISEÑ_ILUMINA_UF3_5.pdf
1600,1,CONCESIÓN ALTO MAGDALENA S.A.S.,ALMA-2019-03351,CONSORCIO 4C,GP-11325,28/10/2019,"Entrega Expedientes Prediales ALMA-4-0007, ALMA-4-0008 Y ALMA-4-0012",15_04_Comunic_Recibidas/2019/CI004_GP-11325_070401_CON_03351_EXP_FINAL.pdf
1602,1,CONCESIÓN ALTO MAGDALENA S.A.S.,ALMA-2019-02919,CONSORCIO 4C,GP-11250,11/09/2019,Entrega del expediente ALMA-5-0132 para aprobación del Avalúo Comercial Corporativo,15_04_Comunic_Recibidas/2019/CI004_GP-11250_070406_CON_02919_EXP_AVALUO.pdf
1601,1,CONCESIÓN ALTO MAGDALENA S.A.S.,ALMA-2019-02801,CONSORCIO 4C,GP-10981,28/08/2019,Respuesta comunicación CI.004/GP6814/19/5.3. Entrega expediente ALMA-5-0250 para aprobación del Avalúo Comercial Corporativo,15_04_Comunic_Recibidas/2019/CI004_GP-10981_070406_CON_02801_EXP_AVALUO.pdf
1603,1,CONCESIÓN ALTO MAGDALENA S.A.S.,ALMA-2019-01471,CONSORCIO 4C,GP-10191,29/04/2019,Entrega Expediente Predial Final ALMA-4-0050,15_04_Comunic_Recibidas/2019/CI004_GP-10191_070401_CON_01471_EXP_FINAL.pdf
1690,2,CONSORCIO 4C,20194091062182,CONSORCIO 4C,GP-11495,26/11/2019,Devolución CD radicado Nro. 20194091062182. Registro Fílmico Informe Mensual Técnico 59,15_04_Comunic_Recibidas/2019/CI004_GP-11495_090200_ANI_040743-1_DEV_CD_INF_MEN_N59.pdf
1691,3,CONCESIÓN ALTO MAGDALENA S.A.S.,ALMA-2019-03264,CONSORCIO 4C,GP-11215,21/10/2019,Solicitud copia del expediente RDI-09381,15_04_Comunic_Recibidas/2019/CI004_GP-11215_070108_CON_03264_SCTUD_EXP_RDI-09381.pdf
1693,3,CONCESIÓN ALTO MAGDALENA S.A.S.,ALMA-2019-00585,CONSORCIO 4C,GP-9795,27/02/2019,Respuesta comunicado C.I 004/GP6021/19/7.1.8 del 20 de febrero de 2019,15_04_Comunic_Recibidas/2019/CI004_GP-9795_070108_CON_00746_DP_CCORRALES.pdf
1692,2,CONCESIÓN ALTO MAGDALENA S.A.S.,ALMA-2019-01983,CONSORCIO 4C,GP-10481,10/06/2019,"Ref. Contrato de Concesión bajo esquema APP N° 003-2014 – “Financiación, construcción, rehabilitación, mejoramiento, operación y mantenimiento del Corredor Honda – Puerto Salgar – Girardot, de acuerdo con el Apéndice Técnico 1 y demás apéndices del Contrato”. Auto No. 0507 del 22 de mayo de 2019 Alcance artículos primero y tercero. Entrega justificación hidráulica.",15_04_Comunic_Recibidas/2019/CI004_GP-10481_070108_CON_01983_ART1_3_AUTO_0507.pdf
1695,1,CONCESIÓN ALTO MAGDALENA S.A.S.,ALMA-2019-03930,CONSORCIO 4C,GP-11670,17/12/2019,Entrega de la Sabana Predial y Tira topográfica,15_04_Comunic_Recibidas/2019/CI004_GP-11670_070401_CON_03930_SABANA_PREDIAL.pdf
1696,1,CONCESIÓN ALTO MAGDALENA S.A.S.,ALMA-2019-01660,CONSORCIO 4C,GP-10273,10/05/2019,Respuesta comunicación CI.004/GP6051/19/7.1.8 (Rad. Interno ALMA-R-2019-0495 del 27/02/2019) - Observaciones Informe Trimestral Socio Ambiental No. 17,15_04_Comunic_Recibidas/2019/CI004_GP-10273_070109_CON_01660_OBS_INF_TRIME_AMB17.pdf
1697,2,CONCESIÓN ALTO MAGDALENA S.A.S.,ALMA-2019-03663,CONSORCIO 4C,GP-11505,27/11/2019,Siembra compensaciones. Expediente 52042.,15_04_Comunic_Recibidas/2019/CI004_GP-11505_070108_CON_03663_SIEMBRA_COMPENSA_EXP_52042.pdf
1694,2,CONCESIÓN ALTO MAGDALENA S.A.S.,ALMA-2018-4756,CONSORCIO 4C,GP-9452,26/12/2018,"Ref. Contrato de Concesión bajo esquema APP N° 003-2014 – “La financiación, construcción, rehabilitación, mejoramiento, operación y mantenimiento del corredor Honda – Puerto Salgar – Girardot, de acuerdo con el Apéndice Técnico 1 y demás Apéndices del Contrato.” Respuesta a sus comunicaciones CI.004/GP5282/18/7.3.3 del 27 de septiembre de 2018, CI.004/GP5297/18/7.3.3 del 03 de octubre de 2018 y CI.004/GP5514/18/7.3.3 del 02 de noviembre de 2018 - Resultados Nivel de Servicio E12 – Primer Semestre 2018",15_04_Comunic_Recibidas/2019/CI004_GP-9452_070303_CON_4756_NIVEL_SERV_E12.pdf
1700,1,CONCESIÓN ALTO MAGDALENA S.A.S.,ALMA-2019-03300,CONSORCIO 4C,GP-11289,24/10/2019,Entrega del expediente ALMA-5-0044 y ALMA-5-0049 para conocimiento del Avalúo Comercial Corporativo.,15_04_Comunic_Recibidas/2019/CI004_GP-11289_070406_CON_03300_EXP_AVALUO.pdf
1698,4,CONCESIÓN ALTO MAGDALENA S.A.S.,CI.004/GP5730/18/5.3,CONSORCIO 4C,GP-9727,12/02/2019,Respuesta comunicación CI.004/GP5730/18/5.3 – Radicado ALMA-R-2018-3867 del 17 de diciembre de 2018. Terminación CCO Unidad Funcional 3,15_04_Comunic_Recibidas/2019/CI004_GP-9727_070103_CON_00549_TERMI_CCO_UF3.pdf
1699,4,CONCESIÓN ALTO MAGDALENA S.A.S.,CI.004/GP5640/18/7.1.8,CONSORCIO 4C,GP-9870,04/03/2019,Respuesta a su comunicación CI.004/GP5640/18/7.1.8 (Rad. Interno ALMA-R-2018-3705 del 29/11/2018) – Explotación de materiales pétreos 'La Argentina,15_04_Comunic_Recibidas/2019/CI004_GP-9870_070108_CON_00804_EXPLOT_MATERIAL.pdf
1701,12,CONCESIÓN ALTO MAGDALENA S.A.S.,ALMA-2019-02203,CONSORCIO 4C,GP-10675,05/07/2019,Informe semanal Avance Gestión Predial Unidad Funcional 4 - Evento Eximente de Responsabilidad,15_04_Comunic_Recibidas/2019/CI004_GP-10675_070401_CON_02203_INF_PREDIAL_EER_UF4.pdf
1704,1,CONCESIÓN ALTO MAGDALENA S.A.S.,ALMA-2019-00298,CONSORCIO 4C,GP-9798,28/01/2019,Entrega del expediente ALMA-3-0121 para aprobación del Avalúo Comercial Corporativo.,15_04_Comunic_Recibidas/2019/CI004_GP-9798_070406_CON_00298_EXP_AVALUO.pdf
1702,2,CONCESIÓN ALTO MAGDALENA S.A.S.,ALMA-2019-03258,CONSORCIO 4C,GP-11210,21/10/2019,Solicitud copia del expediente QBN-15031X,15_04_Comunic_Recibidas/2019/CI004_GP-11210_070108_CON_03258_SCTUD_EXP_QBN-15031X.pdf
1703,1,CONCESIÓN ALTO MAGDALENA S.A.S.,ALMA-2019-01331,CONSORCIO 4C,GP-10136,12/04/2019,"Inicio de siembra para compensación en cumplimiento de la Resolución CAR-DRMC No. 761 de 13 de abril de 2016, del expediente 51968",15_04_Comunic_Recibidas/2019/CI004_GP-10136_070108_CON_01331_RESOL_CAR-DRMC_761.pdf
1705,6,AGENCIA NACIONAL DE INFRAESTRUCTURA,CI.004,CONSORCIO 4C,GP-11314,30/10/2019,Ref. Solicitud con radicado ANI N° 2019-409-106985-2 del 10 de octubre de 2019. Solicitud de información sobre la Sociedad CONCESIÓN ALTO MAGDALENA S.A.S. – NIT 900.745.219,15_04_Comunic_Recibidas/2019/CI004_GP-11314_060100-070201_ANI_037219-1_SCTUD_INFO_ALMA.pdf
1706,4,CONCESIÓN ALTO MAGDALENA S.A.S.,ALMA-2019-00164,CONSORCIO 4C,GP-9572,18/01/2019,Reposición del cerramiento Polideportivo Puerto Bogotá.,15_04_Comunic_Recibidas/2019/CI004_GP-9572_070103_CON_00164_CERRA_POLIDEPORTIVO.pdf
1707,3,CONCESIÓN ALTO MAGDALENA S.A.S.,ALMA-2019-02663,CONSORCIO 4C,GP-10831,15/08/2019,Condiciones climáticas para el cumplimiento del Auto DRMC No. 0505 del 22 de mayo de 2019. Expediente 51526,15_04_Comunic_Recibidas/2019/CI004_GP-10831_070108_CON_02663_AUTO_DRMC_0505.pdf
1708,17,CONCESIÓN ALTO MAGDALENA S.A.S.,ALMA-2019-02966,CONSORCIO 4C,GP-11040,18/09/2019,Notificación Evento Eximente de Responsabilidad derivado de la imposibilidad de cierre del Expediente ambiental contenido en las Resoluciones 020 de 2016 y 374 de 2016.,15_04_Comunic_Recibidas/2019/CI004_GP-11040_050300_CON_02966_EER_CIERRE_EXP_AMB.pdf
1709,1,CONCESIÓN ALTO MAGDALENA S.A.S.,ALMA-2019-03617,CONSORCIO 4C,GP-11470,25/11/2019,Respuesta comunicación CI.004/GP7191/19/7.4.6 (Rad. interno ALMA-R-20192694 del 15/11/2019). Entrega del expediente ALMA-5-0130 para aprobación del Avalúo Comercial Corporativo.,15_04_Comunic_Recibidas/2019/CI004_GP-11470_070406_CON_03617_EXP_AVALUO.pdf
1710,1,CONCESIÓN ALTO MAGDALENA S.A.S.,ALMA-2019-03797,CONSORCIO 4C,GP-11589,09/12/2019,Envío corrección Formulario de liquidación y declaración de regalías segundo Trimestre Año 2019. Autorización Temporal SCV-09031.,15_04_Comunic_Recibidas/2019/CI004_GP-11589_070108_CON_03797_REGALIAS_2TRIM_SCV-09031.pdf
1712,1,CONCESIÓN ALTO MAGDALENA S.A.S.,ALMA-2019-00967,CONSORCIO 4C,GP-9971,18/03/2019,Entrega de proyección de costos de adquisición predial,15_04_Comunic_Recibidas/2019/CI004_GP-9971_070401_CON_00967_COSTOS_ADQUI_PREDIAL.pdf
1711,7,CONCESIÓN ALTO MAGDALENA S.A.S.,20194090968822,CONSORCIO 4C,GP-11098,26/09/2019,Ref. Respuesta a la comunicación con radicado ANI No. 20194090968822 del 16 de septiembre de 2019. Remisión de Cuenta de Cobro No.2 por concepto de reembolso de recursos a cargo de la ANI fondeados por el Concesionario a la subcuenta de redes. Pronunciamiento de la Interventoría a través de Comunicaciones ANI No. 20194090979102 del 17 de septiembre de 2019.,15_04_Comunic_Recibidas/2019/CI004_GP-11098_070201-070115_ANI_033279-1_CTA_COBRO_N2_REDES.pdf
1714,3,Agencia Nacional de Infraestructura,20193050164411,CONSORCIO 4C,GP-10505,19/06/2019,Ref. Alcance comunicación con radicado ANI No. 20193050164411. Instalación Puntos de Conteo – Sección 3.6 Parte Especial Contrato de Concesión No 003/2014. - Proyecto Girardot - Honda - Puerto Salgar.,15_04_Comunic_Recibidas/2019/CI004_GP-10505_050300_ANI_019554-1_PUNTOS_CONTEO.pdf
1713,11,CONCESIÓN ALTO MAGDALENA S.A.S.,ALMA-2019-01400,CONSORCIO 4C,GP-10143,22/04/2019,Informe semanal Avance Gestión Predial Unidad Funcional 4 - Evento Eximente de Responsabilidad,15_04_Comunic_Recibidas/2019/CI004_GP-10143_070401_CON_01400_INF_PREDIAL_EER_UF4.pdf
1715,63,CONCESIÓN ALTO MAGDALENA S.A.S.,CI.004/GP6446/19/7.1.3,CONSORCIO 4C,GP-10537,02/07/2019,Respuesta comunicación CI.004/GP6446/19/7.1.3 del 27 de mayo de 2019 (Rad. Interno ALMA-R-20191229) - Actividades pendientes Seguridad Vial Apertura Unidad Funcional 5.4,15_04_Comunic_Recibidas/2019/CI004_GP-10537_070103_CON_02161_SEG_VIAL_APERTU_UF5.4.pdf
1716,1,CONCESIÓN ALTO MAGDALENA S.A.S.,ALMA-2019-01754,CONSORCIO 4C,GP-10349,16/05/2019,"Remisión de Expedientes para Aprobación de Insumos de los predios 5-0268, 5-0270 y 5-0271",15_04_Comunic_Recibidas/2019/CI004_GP-10349_070401_CON_01754_EXP_PREDIAL.pdf
1717,3,CONCESIÓN ALTO MAGDALENA S.A.S.,ALMA-2019-03265,CONSORCIO 4C,GP-11216,21/10/2019,Solicitud copia del expediente RED-09531,15_04_Comunic_Recibidas/2019/CI004_GP-11216_070108_CON_03265_SCTUD_EXP_RED-09531.pdf
1718,1,CONCESIÓN ALTO MAGDALENA S.A.S.,ALMA-2019-01397,CONSORCIO 4C,GP-10157,16/04/2019,Entrega Expediente Predial Final ALMA-4-0096-3,15_04_Comunic_Recibidas/2019/CI004_GP-10157_070401_CON_01397_EXP_FINAL.pdf
1720,6,CONCESIÓN ALTO MAGDALENA S.A.S.,CI004_GP-11165_070401,CONSORCIO 4C,GP-11165,17/10/2019,Informe semanal Avance Gestión Predial Unidad Funcional 2 - Evento Eximente de Responsabilidad.,15_04_Comunic_Recibidas/2019/CI004_GP-11165_070401_CON_03210_INF_EER_PREDIAL_UF2.pdf
1719,1,CONCESIÓN ALTO MAGDALENA S.A.S.,ALMA-2019-03849,CONSORCIO 4C,GP-11667,12/12/2019,"Respuesta comunicación CI.004/GP7173/19/7.4.6-5.3 (Rad. interno ALMA-R-20192671 del 14/11/2019). Respuesta y aclaraciones comunicado ALMA-2019-03344. Entrega expedientes ALMA-2-0036, ALMA-2-0136-1 Y ALMA-5-0274. para aprobación del Avalúo Comercial Corporativo.",15_04_Comunic_Recibidas/2019/CI004_GP-11667_070406_CON_03849_EXP_AVALUO.pdf
1721,3,CONCESIÓN ALTO MAGDALENA S.A.S.,CI004/GP6562/19/7.10,CONSORCIO 4C,GP-10939,02/09/2019,Respuesta comunicado CI.004/GP6562/19/7.10 (Rad. Int. ALMA-R-20191474 de 14/06/2019) Observaciones SST Memoria Técnica abril 2019,15_04_Comunic_Recibidas/2019/CI004_GP-10939_070110_CON_02829_OBS_MEMOTEC_ABR.pdf
1722,1,CONCESIÓN ALTO MAGDALENA S.A.S.,ALMA-2019-00074,CONSORCIO 4C,GP-9485,09/01/2019,Devolución recursos transacción número 235F004183552995 del 26 de Diciembre de 2018,15_04_Comunic_Recibidas/2019/CI004_GP-9485_070108_CON_00074_DEV_RECUR_TRANSA.pdf
1724,6,CONCESIÓN ALTO MAGDALENA S.A.S.,ALMA-2019-03652,CONSORCIO 4C,GP-11525,26/11/2019,Respuesta comunicación interventoría CI.004/GP6782/19/7.5 (Rad Int. ALMA-R-20191896) Observaciones memoria técnica febrero de 2019.,15_04_Comunic_Recibidas/2019/CI004_GP-11525_070500_CON_03652_OBS_MEMOTEC_FEB19.pdf
1723,1,CONCESIÓN ALTO MAGDALENA S.A.S.,ALMA-2019-02800,CONSORCIO 4C,GP-10980,28/08/2019,Respuesta comunicación CI.004/GP6832/19/5.3 (Rad. interno ALMA-R-20191976 del 15/08/2019). Entrega del expediente ALMA-5-0249 para aprobación del Avalúo Comercial Corporativo.,15_04_Comunic_Recibidas/2019/CI004_GP-10980_070406_CON_02800_EXP_AVALUO.pdf
1726,1,CONCESIÓN ALTO MAGDALENA S.A.S.,ALMA-2018-4414,CONSORCIO 4C,GP-9499,20/11/2018,Entrega del expediente ALMA-5-0261 para aprobación del Avalúo Comercial Corporativo,15_04_Comunic_Recibidas/2019/CI004_GP-9499_070406_CON_4414_EXP_AVALUO.pdf
1725,2,SOCIEDAD CONCESIÓN ALTO MAGDALENA S.A.S.,20184091089812,CONSORCIO 4C,GP-9916,13/03/2019,"Radicado No. 20194090200082 del 26 de febrero del 2019 - Solicitud de concepto técnico para el permiso de ocupación temporal de vía para la construcción de accesos de la EDS BALCONES DE LA CEIBA S.A.S. ubicada en la vía Nacional Honda – La Dorada, del proyecto Girardot – Honda – Puerto Salgar.",15_04_Comunic_Recibidas/2019/CI004_GP-9916_070114_ANI_007506-1_EDS_BALCON_CEIBA.pdf
1727,1,CONCESIÓN ALTO MAGDALENA S.A.S.,ALMA-2019-01508,CONSORCIO 4C,GP-10196,05/05/2019,Entrega del expediente predial ALMA-4-0018 para revisión y aprobación de componente social.,15_04_Comunic_Recibidas/2019/CI004_GP-10196_070402_CON_01508_EXP_SOCIAL.pdf
1728,1,CONCESIÓN ALTO MAGDALENA S.A.S.,ALMA-2019-00664,CONSORCIO 4C,GP-9834,21/02/2019,"Ref. Contrato de Concesión bajo esquema APP N° 003-2014 – “La financiación, construcción, rehabilitación, mejoramiento, operación y mantenimiento del corredor Honda – Puerto Salgar – Girardot, de acuerdo con el Apéndice Técnico 1 y demás Apéndices del Contrato.”",15_04_Comunic_Recibidas/2019/CI004_GP-9834_070406_CON_00664_EXP_AVALUO.pdf
1808,2,CONCESIÓN ALTO MAGDALENA S.A.S.,CI.004/GP6959/19/1.10,CONSORCIO 4C,GP-11160,17/10/2019,Respuesta comunicado CI.004/GP6959/19/1.10 (Radicado interno ALMA-R-20192248 del 18/09/2019) Observaciones sistema protección contra incendios Áreas Contractuales Proyecto.,15_04_Comunic_Recibidas/2019/CI004_GP-11160_070110_CON_03206_OBS_PROTEC_INCENDIO.pdf
1810,1,CONCESIÓN ALTO MAGDALENA S.A.S.,ALMA-2018-4726,CONSORCIO 4C,GP-9444,26/12/2018,Cumplimiento Artículo Cuadragésimo de la Resolución 0660 del 20 de junio de 2016,15_04_Comunic_Recibidas/2019/CI004_GP-9444_070108_CON_4726_ART_40_RESOL_0660.pdf
1809,1,CONCESIÓN ALTO MAGDALENA S.A.S.,ALMA-2019-03423,CONSORCIO 4C,GP-11297,05/11/2019,Respuesta comunicación GP7025/19/5.3 (Radi. Int. ALMA-R-20192372 - 02/10/2019) – Tercer Informe plazo de cura Sábana de Avalúos (Unidades Funcionales 1 y 2,15_04_Comunic_Recibidas/2019/CI004_GP-11297_070401_CON_03423_PLAZO_CURA_AVALUOS.pdf
1811,10,Agencia Nacional de Infraestructura,CI004_GP-11243_070109_ANI_036611-1,CONSORCIO 4C,GP-11243,24/10/2019,Ref. Contrato de Concesión No. 003 de 2014 – Honda – Girardot – Puerto Salgar. Traslado Rad. ANI 20194091117012 solicitud Procuraduría General de la Nación – Derecho de petición Victoria García Pulido.,15_04_Comunic_Recibidas/2019/CI004_GP-11243_070109_ANI_036611-1_DP_VGARCIA.pdf
1812,1,CONCESIÓN ALTO MAGDALENA S.A.S.,ALMA-2019-02593,CONSORCIO 4C,GP-10796,12/08/2019,Entrega del expediente ALMA-3-0020-20 para aprobación del Avalúo Comercial Corporativo,15_04_Comunic_Recibidas/2019/CI004_GP-10796_070406_CON_02593_EXP_AVALUO.pdf
1814,1,Agencia Nacional de Infraestructura (ANI),20184091089812,CONSORCIO 4C,GP-9555,22/01/2019,"Radicado No. 20184091352642 del 21 de diciembre del 2018 - Solicitud de concepto técnico para el permiso de ocupación temporal de vía para la construcción de accesos de la EDS BALCONES DE LA CEIBA S.A.S. ubicada en la vía Nacional Honda – La Dorada, del proyecto Girardot – Honda – Puerto Salgar",15_04_Comunic_Recibidas/2019/CI004_GP-9555_070114_ANI_001456-1_EDS_BALCON_CEIBA.pdf
1813,6,CONCESIÓN ALTO MAGDALENA S.A.S.,CI.004/GP5947/19/7.1.8,CONSORCIO 4C,GP-9710,15/02/2019,Respuesta comunicado CI.004/GP5947/19/7.1.8 del 12 de febrero de 2019 (Radicado interno ALMA-2019-0342 del 12 de febrero de 2019) - Resolución No. 604 de 16 de marzo de 2016 / Ocupación de cauce K82+415 UF3,15_04_Comunic_Recibidas/2019/CI004_GP-9710_070108_CON_00585_OCUP_CAUCE_K82.pdf
1815,1,CONCESIÓN ALTO MAGDALENA S.A.S.,ALMA-2019-03865,CONSORCIO 4C,GP-11630,12/12/2019,Siembra compensaciones. Expediente 51714,15_04_Comunic_Recibidas/2019/CI004_GP-11630_070108_CON_03865_SIEMBRA_COMPENSA_EXP_51714.pdf
1816,3,CONCESIÓN ALTO MAGDALENA S.A.S.,ALMA-2019-02679,CONSORCIO 4C,GP-10846,15/08/2019,Solicitud información sitios de disposición final de material sobrante.,15_04_Comunic_Recibidas/2019/CI004_GP-10846_070108_CON_02679_DISPOSI_FINAL_MATERIAL.pdf
1817,5,Agencia Nacional de Infraestructura,20194090488172,CONSORCIO 4C,GP-10357,20/05/2019,Ref. Radicado 20194090488172 – Traslado solicitud Alcaldía La Dorada Caldas – Contrato de Concesión No 003 de 2014. Concesión Girardot – Honda – Puerto Salgar.,15_04_Comunic_Recibidas/2019/CI004_GP-10357_070401_ANI_015484-1_SCTUD_ALC_LDORADA.pdf
1818,1,CONCESIÓN ALTO MAGDALENA S.A.S.,ALMA-2019-02171,CONSORCIO 4C,GP-10614,02/07/2019,Entrega del expediente ALMA-2-0163-1 para aprobación del Avalúo Comercial Corporativo,15_04_Comunic_Recibidas/2019/CI004_GP-10614_070406_CON_02171_EXP_AVALUO.pdf
1819,2,CONCESIÓN ALTO MAGDALENA S.A.S.,ALMA-2019-00797,CONSORCIO 4C,GP-9867,04/03/2019,Respuesta comunicación CI.004/GP5949/19/7.1.8 (Rad. Interno ALMA-R-2019-0344 del 12/02/2019) Respuesta ALMA-2018-4380 / ICA No.3 Expediente LAV0068-00-2015 UF 5.3,15_04_Comunic_Recibidas/2019/CI004_GP-9867_070108_CON_00797_ICA_N°3.pdf
1820,2,CONCESIÓN ALTO MAGDALENA S.A.S.,ALMA-2019-03455,CONSORCIO 4C,GP-11360,13/11/2019,"Alcance a la comunicación ALMA-2019-03455 de fecha 08 de noviembre de 2019. Remisión comprobantes de pago de primas, pólizas Resoluciones Nos. 016 - 2016; 020 - 2016; 021 - 2016",15_04_Comunic_Recibidas/2019/CI004_GP-11360_070108_CON_03541_POLIZ_016_020_021-2016.pdf
1821,1,CONCESIÓN ALTO MAGDALENA S.A.S.,ALMA-2018-4808,CONSORCIO 4C,GP-9475,28/12/2018,"Entrega Expedientes Finales ALMA-4-0009, ALMA-4-0010",15_04_Comunic_Recibidas/2019/CI004_GP-9475_070401_CON_4808_EXP_PREDIAL.pdf
1822,1,CONCESIÓN ALTO MAGDALENA S.A.S.,ALMA-2019-03250,CONSORCIO 4C,GP-11192,18/10/2019,Siembra de compensaciones. Expediente 52020,15_04_Comunic_Recibidas/2019/CI004_GP-11192_070108_CON_03250_SIEMBRA_COMPENSA_52020.pdf
1823,1,CONCESIÓN ALTO MAGDALENA S.A.S.,ALMA-2019-03810,CONSORCIO 4C,GP-11598,09/12/2019,"Respuesta comunicación 2019189531-2-000 (Rad. Interno ALMA-R-20192846 del 04/12/2019) – Alcance radicado ANLA 2019169877-1-000, Informe ICA No. 7 - Exp: LAV0063-00-2015",15_04_Comunic_Recibidas/2019/CI004_GP-11598_070108_CON_03810_INF_ICA_N°7.pdf
1824,1,CONCESIÓN ALTO MAGDALENA S.A.S.,ALMA-2019-00546,CONSORCIO 4C,GP-9714,12/02/2019,Entrega Expedientes Finales ALMA-4-0031 y ALMA-4-0013,15_04_Comunic_Recibidas/2019/CI004_GP-9714_070401_CON_00546_EXP_FINAL.pdf
1825,2,CONCESIÓN ALTO MAGDALENA S.A.S.,ALMA-2019-01887,CONSORCIO 4C,GP-10393,31/05/2019,Entrega Formato ANI-GCSP-F-203 Informe Ejecutivo – Mayo de 2019,15_04_Comunic_Recibidas/2019/CI004_GP-10393_070201-070109_CON_01887_FOR_GCSP-F203_MAY.pdf
1826,2,CONCESIÓN ALTO MAGDALENA S.A.S.,ALMA-2019-00839,CONSORCIO 4C,GP-9899,06/03/2019,Derecho de Petición - Aval inicio de compensaciones. Expediente LAV0063-00-2015 UF 1,15_04_Comunic_Recibidas/2019/CI004_GP-9899_070108_CON_00839_DP_AVAL_COMPENSA.pdf
1828,1,CONCESIÓN ALTO MAGDALENA S.A.S.,ALMA-2019-02787,CONSORCIO 4C,GP-10904,28/08/2019,Entrega expedientes prediales ALMA-5-0100 y ALMA-5-0101 para aprobación de Actualización al Estudio de Títulos,15_04_Comunic_Recibidas/2019/CI004_GP-10904_070401_CON_02787_EXP_PREDIAL.pdf
1829,2,CONCESIÓN ALTO MAGDALENA S.A.S.,CI004_7_4_1,CONSORCIO 4C,GP-11166,17/10/2019,respuesta comunicación GP7044/19/7.4.1 (Rad. Int. ALMA-R-20192418 – 08/10/2019) – Solicitud soportes notificación EER del predio ALMA-1-0001,15_04_Comunic_Recibidas/2019/CI004_GP-11166_070401_CON_03212_EER_PREDIO_ALMA-1-0001.pdf
1830,3,CONCESIÓN ALTO MAGDALENA S.A.S.,CI.004/GP7059/19/7.1.8,CONSORCIO 4C,GP-11200,22/10/2019,"Respuesta comunicación CI.004/GP7059/19/7.1.8, del 9 de octubre de 2019 (Rad. Interno ALMA-R-20192441) – Solicitud Soportes y Aclaraciones Notificaciones EER Cormagdalena – UF2.",15_04_Comunic_Recibidas/2019/CI004_GP-11200_050300_CON_03287_EER_CORMAGDALENA_UF2.pdf
1831,1,CONCESIÓN ALTO MAGDALENA S.A.S.,ALMA-2019-03298,CONSORCIO 4C,GP-11262,24/10/2019,Entrega Expedientes Prediales Finales ALMA-2-0118 Y ALMA-2-0121,15_04_Comunic_Recibidas/2019/CI004_GP-11262_070401_CON_03298_EXP_FINAL.pdf
1833,1,CONCESIÓN ALTO MAGDALENA S.A.S.,ALMA-2019-03385,CONSORCIO 4C,GP-11353,30/10/2019,Respuesta Auto DRMC No. 0244 del 07 de marzo de 2019,15_04_Comunic_Recibidas/2019/CI004_GP-11353_070108_CON_03385_AUTO_DRMC_0244_EXP_51538.pdf
1832,1,CONCESIÓN ALTO MAGDALENA S.A.S.,ALMA-2019-00888,CONSORCIO 4C,GP-9931,12/03/2019,Prueba de carga Puente Salgar sobre Río Magdalena Unidad Funcional 5.4,15_04_Comunic_Recibidas/2019/CI004_GP-9931_070107_CON_00888_PRUEBA_PTE_SALGAR.pdf
1834,1,CONCESIÓN ALTO MAGDALENA S.A.S.,ALMA-2019-02409,CONSORCIO 4C,GP-10689,22/07/2019,Entrega Expediente Predial Final ALMA-2-0038,15_04_Comunic_Recibidas/2019/CI004_GP-10689_070401_CON_02409_EXP_FINAL.pdf
1827,1,CONCESIÓN ALTO MAGDALENA S.A.S.,ALMA-2019-03916,CONSORCIO 4C,GP-11660,16/12/2019,Entrega medición de impacto del Plan de Capacitaciones a la Comunidad y Programa de Acompañamiento Gestión Socio Predial,15_04_Comunic_Recibidas/2019/CI004_GP-11660_070109_CON_03916_PLAN_GEST_SOCIOPREDIAL.pdf
1835,1,CONCESIÓN ALTO MAGDALENA S.A.S.,ALMA-2019-03969,CONSORCIO 4C,GP-11682,20/12/2019,Diseño Hidráulico Glorieta Costado Oriental Nuevo Puente de Honda,15_04_Comunic_Recibidas/2019/CI004_GP-11682_070107_CON_03969_DISEÑ_HIDRAUL_GLORIET_NPH.pdf
1836,1,CONCESIÓN ALTO MAGDALENA S.A.S.,CI.004/GP5936/10/7.1.3,CONSORCIO 4C,GP-9857,04/03/2019,Respuesta comunicación CI.004/GP5936/10/7.1.3 - Radicado ALMA-R-20190329 del 08 de febrero de 2019. Seguimiento Calidad Procesos Constructivos Obras de Drenaje UF 5.4,15_04_Comunic_Recibidas/2019/CI004_GP-9857_070103_CON_00790_OBRA_DRENAJE_UF5.pdf
1838,2,CONCESIÓN ALTO MAGDALENA S.A.S.,ALMA-2019-03448,CONSORCIO 4C,GP-11341,07/11/2019,Cumplimiento Auto ANLA No. 8888 del 17 de octubre de 2019. Expediente LAV0063-00-2015,15_04_Comunic_Recibidas/2019/CI004_GP-11341_070108_CON_03448_CUMPLI_AUTO_ANLA_8888.pdf
1837,4,CONCESIÓN ALTO MAGDALENA S.A.S.,ALMA-2019-01936,CONSORCIO 4C,GP-10432,06/06/2019,"Solicitud inicio querella en contra de los Comportamientos contrarios a la integridad urbanística y restitución de la integridad del espacio público en el Km 01+500, Ruta Nacional 4510.",15_04_Comunic_Recibidas/2019/CI004_GP-10432_070109_CON_01936_RESTI_ESPAC_PUB.pdf
1839,18,CONCESIÓN ALTO MAGDALENA S.A.S.,ALMA-2019-01514,CONSORCIO 4C,GP-10197,02/05/2019,Respuesta a su comunicación CI.004/GP6260/19/5.3 - 7.1.11 (Rad. interno ALMA-R-20190922 del 08/04/2019) Verificación PMT UF5. Vencimiento periodo de Cura.,15_04_Comunic_Recibidas/2019/CI004_GP-10197_070111_CON_01514_VERIFI_PMT_UF5.pdf
1840,1,CONCESIÓN ALTO MAGDALENA S.A.S.,ALMA-2019-00662,CONSORCIO 4C,GP-10006,21/02/2019,Entrega del expediente ALMA-4-0062 para aprobación del Avalúo Comercial Corporativo.,15_04_Comunic_Recibidas/2019/CI004_GP-10006_070406_CON_00662_EXP_AVALUO.pdf
1841,1,CONCESIÓN ALTO MAGDALENA S.A.S.,ALMA-2019-02059,CONSORCIO 4C,GP-10493,19/06/2019,Ubicación Luminarias Glorieta Occidental Nuevo Puente de Honda,15_04_Comunic_Recibidas/2019/CI004_GP-10493_070107_CON_02059_LUMINA_GLORIET_OCCID_NPH.pdf
1842,2,CONCESIÓN ALTO MAGDALENA S.A.S.,CI.004/GP6308/19/7.1.1,CONSORCIO 4C,GP-10256,03/05/2019,"Respuesta comunicación CI.004/GP6308/19/7.1.1 radicado interno ALMA-R-20191009 (16/04/2019). Seguimiento Adquisición Predial Glorieta Puerto Bogotá. Predios ALMA-5-0200, ALMA-5-0210 y ALMA-5-0212.",15_04_Comunic_Recibidas/2019/CI004_GP-10256_070101_CON_01540_ADQUI_PREDIAL_PTO_BGTA.pdf
1927,9,CONCESIÓN ALTO MAGDALENA S.A.S.,ALMA-2019-00701,CONSORCIO 4C,GP-9775,22/02/2019,"Respuesta comunicado ANI Rad 20193050034921 (rad. ALMA-R-20190396) del 15/02/2019 - Traslado reclamación, solicitud informe de la reunión del día 23 de enero de 2019.",15_04_Comunic_Recibidas/2019/CI004_GP-9775_070109_CON_00701_INF-REUNI_23-ENE-19.pdf
1928,2,CONCESIÓN ALTO MAGDALENA S.A.S.,CI004/GP5809/19/7.1.15,CONSORCIO 4C,GP-9592,29/01/2019,Respuesta a su comunicación CI004/GP5809/19/7.1.15 de 10 de enero de 2019 Rad. Interno ALMA-R-20190082 - Redes Glorieta Norcasia UF5,15_04_Comunic_Recibidas/2019/CI004_GP-9592_070101-070115_CON_00341_REDES_GLORIET_NORCASIA.pdf
1929,10,CONCESIÓN ALTO MAGDALENA S.A.S.,CI004_GP-11313_050300,CONSORCIO 4C,GP-11313,21/10/2019,Remisión Acta declaratoria de Evento Eximente de Responsabilidad por Fuerza Mayor Redes,15_04_Comunic_Recibidas/2019/CI004_GP-11313_050300_CON_03281_ACTA_EER_MAYOR_REDES.pdf
1930,9,CONSORCIO 4C,2019-305-021740-1,CONSORCIO 4C,GP-10598,09/07/2019,"Ref. Respuesta a oficio con radicado ANI No 20194090665172 del 28/06/2019 - No Objeción Plazo de cura Incumplimiento en las condiciones de seguridad vial en las intersecciones a nivel Purnio, Ecopetrol y Korán de la UF5.4 - Contrato de Concesión No 003 de 2014 - Girardot – Honda – Puerto Salgar",15_04_Comunic_Recibidas/2019/CI004_GP-10598_050300_ANI_021740-1_SEG_VIAL_UF5.4.pdf
1933,1,CONCESIÓN ALTO MAGDALENA S.A.S.,ALMA-2019-02884,CONSORCIO 4C,GP-11015,09/09/2019,Entrega del expediente predial ALMA-5-0252 para revisión y aprobación de componente social.,15_04_Comunic_Recibidas/2019/CI004_GP-11015_070402_CON_02884_EXP_SOCIAL.pdf
1931,2,CONCESIÓN ALTO MAGDALENA S.A.S.,ALMA-2019-02017,CONSORCIO 4C,GP-10471,13/06/2019,Respuesta comunicación CI.004/GP6345/19/7.1.3 (Radicado ALMA-R-20191087 del 2 de mayo de 2019). Obras de alumbrado Público.,15_04_Comunic_Recibidas/2019/CI004_GP-10471_070103_CON_02017_ALUMBRA_PUBLICO.pdf
1932,3,CONCESIÓN ALTO MAGDALENA S.A.S.,ALMA-2018-4779,CONSORCIO 4C,GP-9459,27/12/2018,Concepto reparación espaldar Estribo 1 – Puente Guarinó,15_04_Comunic_Recibidas/2019/CI004_GP-9459_070107_CON_4779_REPARA_PTE_GUARINO.pdf
1934,2,CONCESIÓN ALTO MAGDALENA S.A.S.,ALMA-2019-03927,CONSORCIO 4C,GP-11657,17/12/2019,"Ref. Solicitud número de folios, estado de pagos de regalías y formulario básico minero de los títulos mineros vigentes a nombre de Concesión Alto Magdalena",15_04_Comunic_Recibidas/2019/CI004_GP-11657_070108_CON_03927_ESTADO_PAG_REGALIAS.pdf
1937,1,CONCESIÓN ALTO MAGDALENA S.A.S.,ALMA-2019-03605,CONSORCIO 4C,GP-11455,22/11/2019,Memoria Técnica Mes de Octubre 2019.,15_04_Comunic_Recibidas/2019/CI004_GP-11455_070500_CON_03605_MEMOTEC_OCT19.pdf
1935,3,CONCESIÓN ALTO MAGDALENA S.A.S.,ALMA-2019-01765,CONSORCIO 4C,GP-10341,17/05/2019,Respuesta comunicación 2019-305-012104-1 (Rad. Interno ALMA-2019-1024 del 22/04/2019). Obras de Rehabilitación Unidad Funcional 5.2.,15_04_Comunic_Recibidas/2019/CI004_GP-10341_070107_CON_01765_REHABILIT_UF5.2.pdf
1936,1,CONCESIÓN ALTO MAGDALENA S.A.S.,ALMA-2019-02597,CONSORCIO 4C,GP-10872,12/08/2019,Entrega del expediente predial ALMA-3-0134 para revisión en la etapa de expropiación.,15_04_Comunic_Recibidas/2019/CI004_GP-10872_070404_CON_02597_EXP_EXPRO.pdf
1938,2,CONSORCIO 4C,ALMA-2019-02584,CONSORCIO 4C,GP-10949,06/08/2019,"Respuesta comunicación CI.004/GP6741/19/7.1.8, Explotación fuente de materiales La Rivera",15_04_Comunic_Recibidas/2019/CI004_GP-10949_070108_CON_02584_EXPLOTA_MATERIAL_LRIVERA.pdf
1939,3,CONCESIÓN ALTO MAGDALENA S.A.S.,ALMA-2019-00168,CONSORCIO 4C,GP-9563,18/01/2019,"Ref. Contrato de Concesión bajo esquema APP N° 003-2014 - 'Financiación, construcción, rehabilitación, operación y mantenimiento del Corredor Honda – Puerto Salgar – Girardot, de acuerdo con el Apéndice Técnico 1 y demás apéndices del Contrato'. Solicitud prorroga de vigencia al permiso de ocupación de cauce Resolución No. 2018-2107 del 27 de agosto de 2018, la cual modificó la Resolución No. 355 del 8 de junio de 2016.",15_04_Comunic_Recibidas/2019/CI004_GP-9563_070108_CON_00168_PRORROG_VIG_PERMISO.pdf
1940,4,SOCIEDAD CONCESIÓN ALTO MAGDALENA S.A.S.,20163040280200135E,CONSORCIO 4C,GP-10005,29/03/2019,"Radicado No. 20193040047703 del 21 de marzo del 2019 - Solicitud información para el permiso de ocupación temporal de vía para la construcción de los carriles de aceleración y desaceleración para el acceso y salida al proyecto Estación de Servicio de Gas Vehicular Terminal de Transporte de Honda S.A., ubicada en los PR00+237.63 al PR00+444.37 margen derecho ruta 45 Tramo 10, que pertenece al proyecto Girardot- Honda - Puerto Salgar.",15_04_Comunic_Recibidas/2019/CI004_GP-10005_070114_ANI_009321-1_PER_OCUP_TEMPO.pdf
1941,1,CONCESIÓN ALTO MAGDALENA S.A.S.,ALMA-2019-01352,CONSORCIO 4C,GP-10634,15/04/2019,"Entrega del expediente predial ALMA-3-0082, para revisión en la etapa de expropiación.",15_04_Comunic_Recibidas/2019/CI004_GP-10634_070404_CON_01352_EXP_EXPRO.pdf
1942,1,CONCESIÓN ALTO MAGDALENA S.A.S.,ALMA-2019-02742,CONSORCIO 4C,GP-10926,23/08/2019,Cronograma actividades medidas de compensación - Acuerdo No. 016 de 2019,15_04_Comunic_Recibidas/2019/CI004_GP-10926_070108_CON_02742_CRONOG_ACTIV_COMPENSA.pdf
1943,1,CONCESIÓN ALTO MAGDALENA S.A.S.,ALMA-2019-01195,CONSORCIO 4C,GP-10069,04/04/2019,Entrega del expediente ALMA-2-0146 para aprobación del Avalúo Comercial Corporativo,15_04_Comunic_Recibidas/2019/CI004_GP-10069_070406_CON_01195_EXP_AVALUO.pdf
1944,2,CONCESIÓN ALTO MAGDALENA S.A.S.,ALMA-2019-02013,CONSORCIO 4C,GP-11531,27/11/2019,Alcance comunicación ALMA-2019-02013 (Radicado CAR 07191100735 del 19 de junio de 2019). Siembra medida compensatoria Expediente 51957.,15_04_Comunic_Recibidas/2019/CI004_GP-11531_070108_CON_03681_SIEMBRA_COMPENSA_EXP_51957.pdf
1946,1,CONCESIÓN ALTO MAGDALENA S.A.S.,ALMA-2019-00646,CONSORCIO 4C,GP-9800,20/02/2019,Entrega del expediente predial ALMA-2-0121-1 para revisión de la carpeta de expropiación,15_04_Comunic_Recibidas/2019/CI004_GP-9800_070404_CON_00646_EXP_EXPRO.pdf
1945,1,CONCESIÓN ALTO MAGDALENA S.A.S.,ALMA-2019-01677,CONSORCIO 4C,GP-10279,10/05/2019,Cumplimiento Resolución No. 2441 de 11 de septiembre de 2017. Expediente 62275,15_04_Comunic_Recibidas/2019/CI004_GP-10279_070108_CON_01677_CUMPLI_RESOL_2441.pdf
1947,4,Agencia Nacional de Infraestructura,2019-305-013707-1,CONSORCIO 4C,GP-10231,06/05/2019,Ref. Respuesta a la comunicación con radicado ANI No 20194090266122 – No Objeción Período de Cura Contrato de Concesión No 003 de 2014 – Proyecto Girardot – Honda – Puerto Salgar,15_04_Comunic_Recibidas/2019/CI004_GP-10231_050300_ANI_013707-1_PLAZO_CURA_SAB_AVALUOS.pdf
1948,1,CONCESIÓN ALTO MAGDALENA S.A.S.,CI004_GP-10456_070108_CON_02044,CONSORCIO 4C,GP-10456,17/06/2019,"Inicio actividades de explotación, Licencia Ambiental, otorgada mediante la Resolución No. 0719 de 18 de marzo de 2019.",15_04_Comunic_Recibidas/2019/CI004_GP-10456_070108_CON_02044_EXPLOT_MATERIAL.pdf
1949,1,CONCESIÓN ALTO MAGDALENA S.A.S.,ALMA-2019-02559,CONSORCIO 4C,GP-10765,05/08/2019,Entrega Expediente Predial Final ALMA-2-0099,15_04_Comunic_Recibidas/2019/CI004_GP-10765_070401_CON_02559_EXP_FINAL.pdf
1950,2,CONCESIÓN ALTO MAGDALENA S.A.S.,ALMA-2019-02444,CONSORCIO 4C,GP-10785,26/07/2019,"Respuesta comunicación CI.004/GP6651/19/7.1.1 (Rad. Interno ALMA-R-20191647 - 05/07/2019), PQRS-UF5-2018-575 – Solicitud Sra. Amanda Jiménez.",15_04_Comunic_Recibidas/2019/CI004_GP-10785_070109_CON_02444_PQRS_AJIMENEZ.pdf
1951,8,Agencia Nacional de Infraestructura,201940905603002,CONSORCIO 4C,GP-10461,14/06/2019,Ref. Respuesta a su oficio 201940905603002 de 31/05/2019 Aprobación Hojas de vida – Contrato de Interventoría No.145 de 2014.- Proyecto Girardot Honda Puerto Salgar. Contrato 003 de 2014 Concesión Alto Magdalena SAS.,15_04_Comunic_Recibidas/2019/CI004_GP-10461_020200_ANI_018930-1_APROB_HV_ESP.pdf
1952,1,CONCESIÓN ALTO MAGDALENA S.A.S.,ALMA-2019-01678,CONSORCIO 4C,GP-10280,10/05/2019,Cumplimiento Resolución No. 2360 de 03 de noviembre de 2015. Expediente 51482.,15_04_Comunic_Recibidas/2019/CI004_GP-10280_070108_CON_01678_CUMPLI_RESOL_2360.pdf
1953,1,CONCESIÓN ALTO MAGDALENA S.A.S.,ALMA-2019-00315,CONSORCIO 4C,GP-9736,29/01/2019,"Respuesta a sus comunicaciones CI.004/GP5953/19/7.4.6 del 12 de Febrero de 2019 (Rad. Interno ALMA-R-20190348) y CI.004/GP5938/19/7.4.6 del 07 de Febrero de 2019 (Rad. Interno ALMA-R-20190327). Entrega de tres (3) expedientes para aprobación del Avalúo Comercial Corporativo, ALMA-5-0277, ALMA-5-0272, ALMA-5-0271 para aprobación del Avalúo.",15_04_Comunic_Recibidas/2019/CI004_GP-9736_070406_CON_00315_EXP_AVALUO.pdf
1954,1,CONCESIÓN ALTO MAGDALENA S.A.S,ALMA-2019-03239,CONSORCIO 4C,GP-11182,18/10/2019,Siembra de medida compensatoria. Expediente 51906,15_04_Comunic_Recibidas/2019/CI004_GP-11182_070108_CON_03239_SIEMBRA_COMPENSA_51906.pdf
1955,1,CONCESIÓN ALTO MAGDALENA S.A.S.,ALMA-2019-00904,CONSORCIO 4C,GP-9940,12/03/2019,Entrega Expediente Final ALMA-4-0008,15_04_Comunic_Recibidas/2019/CI004_GP-9940_070401_CON_00904_EXP_FINAL.pdf
1956,1,CONCESIÓN ALTO MAGDALENA S.A.S.,ALMA-2019-03035,CONSORCIO 4C,GP-11154,24/09/2019,"Ref. Contrato de Concesión bajo esquema APP N° 003-2014 – “Financiación, construcción, rehabilitación, mejoramiento, operación y mantenimiento del Corredor Honda – Puerto Salgar – Girardot, de acuerdo con el Apéndice Técnico 1 y demás apéndices del Contrato”. Entrega de tres (3) expedientes de las Unidades Funcionales 4 y 5, para revisión en la etapa de expropiación.",15_04_Comunic_Recibidas/2019/CI004_GP-11154_070404_CON_03035_EXP_EXPRO.pdf
1959,3,ALCANOS DE COLOMBIA S.A.,"20194090348432, 20194090348732",CONSORCIO 4C,GP-10100,09/04/2019,Radicados No. 20194090348432 del 4 de abril del 2019 y No. 20194090348732 del 5 de abril del 2019 – Solicitud de concepto técnico para el permiso para la instalación de red de gas natural en el sector La Picota en el municipio de La Picota en el proyecto Girardot – Puerto Salgar.,15_04_Comunic_Recibidas/2019/CI004_GP-10100_070114_ANI_011170-1_PER_INSTA_RED.pdf
1957,1,CONCESIÓN ALTO MAGDALENA S.A.S.,ALMA-2019-01237,CONSORCIO 4C,GP-10092,08/04/2019,"Ref. Contrato de Concesión bajo esquema APP N° 003-2014 – “La financiación, construcción, rehabilitación, mejoramiento, operación y mantenimiento del corredor Honda – Puerto Salgar – Girardot, de acuerdo con el Apéndice Técnico 1 y demás Apéndices del Contrato.” - Entrega del Informe No. 3 de la Resolución No. 2129 del 30 de septiembre de 2015 UF 4.1",15_04_Comunic_Recibidas/2019/CI004_GP-10092_070108_CON_01237_INF_N3_RESOL_2129.pdf
1958,1,CONCESIÓN ALTO MAGDALENA S.A.S,NOT 900 145 319 3,CONSORCIO 4C,GP-11178,18/10/2019,"Siembra medida compensatoria. Expediente 52175. 11 111 li 1 11 l l SEDE HONDA Carrera 19 A tt 8b-04 Ciudadela Bavarla büε'Ot0 D -. _ ,! rl 0 O! _ulre de 2019 ALMA-2019-03235 MA HEGIONAL DE CUNDINAMARCA · CAR .-l , , ll din marra o1 t d V K · ζ or b3JC' esquema APP N° 003-2014 - ""La financiación, . , ,ó ·, , e, Joil1kción, mejoramiento, operación y mantenimiento del --:.re' r,r Honda - Pue,to Salgar-- Girardot, de acuerdo COf1 el Apéndice Técnico 1 , r1 • .Apéndices oel Contrato.'' e,;,.,, - 1 · i-n2rJid"" com ensatoria. Expediente 52175. En 1: rnpl • erro de h oblig::iciones establecidas en e! artículo 4 de la Resolución No. 0322 de f • ,'e/ ηr· Ji , r 01 ·2 )nMio ·,,fo, rr..; qLe e' día 30 de mayo de 2019 se sembraron los se,=- t· . O 0n- 1° ·2, r, tnbt idos en inmediaciones de las coordenadas E: 916442 y N: 978465, a·-· < '1 < 1 -4<1 en ¿θ¡ r,recí10 ""Palma Real"", ubic ado en la vereda Horizonte del Municipio de Nd;iio C 11dinarr.ar· ;_ Pa··ι : ') /, r cu 0t,ier inq·11etud frent,0 a esta comunicación, está a su disposición nuestro e,,) - ,¡ ·r' ' Qin I""(), 1 ir115f'n1Í o Luis Gabriel Camacho, con el número telefónico de contacto 3,·/ll·5':; ., ·, •i,C Aκct·óni,:o -λ __ -. ""': ,,, :-.μ-?, ;:-·'' --ν o nuestro Coordinador /1., . n' 1. :;,í IIWF"",e •J, sé C.e,vera, co,1 el nt:imero telefónico de contacto 3219740961 y correo e1..ξt ¡ rο, 11: e - r - .. .1 é.,.) , 1,¡it.•lrnente por r 1:, . \ C:CIL IA s ¡ I l ,-) ( L\ T.I lo PICO PBX (578) 251 2243 C SEDE BOGOTÁ C.,. ni Calle 102 A N° 47 - 30 e· PBX (571)7657331 p ,. 11·, -, ,, ""'""A ., t, entd1 (E) -ANI Av. (;lle 20 N' 39 -51, Bogotá o.e ·, , ,_, 1c:, ,, π 2, ··1 .. E ·verto,i¿ Co,1sc,rci0 4( Calle 30 N'8- 19, Sarrio La Magdalena, Girardot Cundinamarca 1, JJ. - , • 1 ,,·,.;., o(.) ρ o ü roe _g¿ (1J 'O O) co E o . ro s 5 5 -o 'tJ....ro 0 ¿roO) éü (f) o tCIJ:J Q. 1 Cü ""Oeo I - >",15_04_Comunic_Recibidas/2019/CI004_GP-11178_070108_CON_03235_SIEMBRA_COMPENSA_52175.pdf
1960,6,CONCESIÓN ALTO MAGDALENA S.A.S.,ALMA-2019-03271,CONSORCIO 4C,GP-11202,21/10/2019,Respuesta PQRS UF5 2019 886 comunicado 217 con fecha del 30-octubre-2019,15_04_Comunic_Recibidas/2019/CI004_GP-11202_070109_CON_03271_PQRS_UF5-2019-886.pdf
2047,4,CONCESIÓN ALTO MAGDALENA S.A.S.,ALMA-2019-00869,CONSORCIO 4C,GP-9883,07/03/2019,Reiteración solicitud de atención zonas de alto riesgo en los barrios la Colina y Brisas de la Inspección de Puerto Bogotá por condiciones del terreno.,15_04_Comunic_Recibidas/2019/CI004_GP-9883_070109_CON_00869_ZONA_ALTO_RIESG.pdf
2048,1,CONCESIÓN ALTO MAGDALENA S.A.S.,ALMA-2019-00498,CONSORCIO 4C,GP-9832,07/02/2019,"Respuesta a su comunicación, CI.004/GP5887/19/7.4.6 del 14 de diciembre de 2018",15_04_Comunic_Recibidas/2019/CI004_GP-9832_070406_CON_00498_EXP_AVALUO.pdf
2049,2,CONCESIÓN ALTO MAGDALENA S.A.S.,20191132330,CONSORCIO 4C,GP-10600,08/07/2019,Inicio siembra - Compensación en cumplimiento de la Resolución No. 3818 del 30 de noviembre de 2017. Expediente 62375.,15_04_Comunic_Recibidas/2019/CI004_GP-10600_070108_CON_02229_COMPENSA_RESOL_3818.pdf
2050,3,CONCESIÓN ALTO MAGDALENA S.A.S.,ALMA-2019-00183,CONSORCIO 4C,GP-9568,21/01/2019,Envío Formulario de liquidación y declaración de regalías cuarto Trimestre Año 2018,15_04_Comunic_Recibidas/2019/CI004_GP-9568_070108_CON_00183_FOR_REGALIAS_QBN15031.pdf
2051,1,AHUMADA INGENIEROS Y ASOCIADOS LTDA,CI.004-GP-10183,CONSORCIO 4C,GP-10183,29/04/2019,Ref. NO FIRMA DE CONTRATO AVALUOS PREDIO,15_04_Comunic_Recibidas/2019/CI004_GP-10183_070406_AHUMADA_SINNUMERO_AVALUOS.pdf
2052,6,CONCESIÓN ALTO MAGDALENA S.A.S.,CI004/GP6202/19/7.1.10,CONSORCIO 4C,GP-10294,10/05/2019,Respuesta comunicación CI.004/GP6202/19/7.1.10 (Rad. interno ALMA-R-20190804 del 27/03/2019). Solicitud Medidas Protección Contra Incendio.,15_04_Comunic_Recibidas/2019/CI004_GP-10294_070110_CON_01693_PROTEC_INCENDIO.pdf
2053,7,CONCESIÓN ALTO MAGDALENA S.A.S.,CI.004/GP6247/19/7.1.8 - 7.1.9,CONSORCIO 4C,GP-10155,16/04/2019,Respuesta comunicación CI.004/GP6247/19/7.1.8 - 7.1.9 del 08 de abril de 2019 (Rad. Interno ALMA-R-2019-0919) - Presupuesto Plan de Reasentamiento – Compensaciones ambientales.,15_04_Comunic_Recibidas/2019/CI004_GP-10155_070108-070109_CON_01391_PLAN_REASENTA.pdf
2054,7,CONCESIÓN ALTO MAGDALENA S.A.S.,ALMA-2019-03426,CONSORCIO 4C,GP-11310,05/11/2019,"Respuesta a comunicaciones CI.004/GP6947/19/7.4.1, CI.004/GP7087/19/7.4.1",15_04_Comunic_Recibidas/2019/CI004_GP-11310_070401_CON_03426_EXP_PREDIAL.pdf
2055,2,Agencia Nacional de Infraestructura,20194090609312,CONSORCIO 4C,GP-10506,20/06/2019,Ref. Respuesta comunicación con radicado ANI No 20194090609312 del 13 de junio de 2019 - Informe Análisis de Seguridad Vial Unidades Funcionales 1 y 2 - Contrato de Concesión No 003/2014 - Proyecto Girardot - Honda - Puerto Salgar.,15_04_Comunic_Recibidas/2019/CI004_GP-10506_070107_ANI_019586-1_INF_SEG_VIAL_UF1_2.pdf
2057,2,CONCESIÓN ALTO MAGDALENA S.A.S.,ALMA-2019-02932,CONSORCIO 4C,GP-11038,12/09/2019,Alcance comunicado radicado CAR No. 07191100617 del 21 de mayo de 2019. Expediente 51503,15_04_Comunic_Recibidas/2019/CI004_GP-11038_070108_CON_02932_ALC_CAR_07191100617.pdf
2056,5,CONCESIÓN ALTO MAGDALENA S.A.S.,ALMA-2019-00824,CONSORCIO 4C,GP-9860,05/03/2019,Alcance GCSP-F-001 Informe de Mantenimiento de Bienes de uso Público del mes de enero de 2019,15_04_Comunic_Recibidas/2019/CI004_GP-9860_070202_CON_00824_ALC_FOR_GCSP-F-001_ENE.pdf
2059,2,CONCESIÓN ALTO MAGDALENA S.A.S.,ALMA-2019-00185,CONSORCIO 4C,GP-9567,21/01/2019,Envío Formulario de liquidación y declaración de Cuarto Trimestre Año 2018. Expediente: QBN-15032X.,15_04_Comunic_Recibidas/2019/CI004_GP-9567_070108_CON_00185_FOR_REGALIAS_QBN15032X.pdf
2058,10,CONCESIÓN ALTO MAGDALENA S.A.S.,ALMA-2019-02163,CONSORCIO 4C,GP-10524,02/07/2019,"Ref. Contrato de Concesión bajo esquema APP N° 003-2014 – “Financiación, construcción, rehabilitación, mejoramiento, operación y mantenimiento del Corredor Honda – Puerto Salgar – Girardot, de acuerdo con el Apéndice Técnico 1 y demás apéndices del Contrato”. Solicitud de ampliación del Evento Eximente de Responsabilidad genérico de la UF4.",15_04_Comunic_Recibidas/2019/CI004_GP-10524_050300_CON_02163_AMPLIA_EER_UF4.pdf
2061,1,CONCESIÓN ALTO MAGDALENA S.A.S.,2019087896-1-000,CONSORCIO 4C,GP-10526,19/06/2019,Autorización notificación electrónica,15_04_Comunic_Recibidas/2019/CI004_GP-10526_070108_CON_02079_NOTIFI_ELECTRO.pdf
2060,7,CONCESIÓN ALTO MAGDALENA S.A.S.,ALMA-2019-00057,CONSORCIO 4C,GP-9491,08/01/2019,Respuesta comunicados CI.004/GP5259/18/7.1.8 (Rad. ALMA-R-2018-3037 del 27/09/2018) y CI.004/GP5505/18/7.1.8 (Rad. ALMA-R-2018-3481 del 02/11/2018) - Aspectos e impactos ambientales actividades constructivas puentes UF 3,15_04_Comunic_Recibidas/2019/CI004_GP-9491_070108_CON_00057_ASPEC_IMPACT_AMB_UF3.pdf
2062,15,Agencia Nacional de Infraestructura,"20194090443392, 2019490577032",CONSORCIO 4C,GP-10452,12/06/2019,Ref. Respuesta a su oficio 20194090443392 y 2019490577032 Aprobación Hojas de vida – Contrato de Interventoría No.145 de 2014.- Proyecto Girardot Honda Puerto Salgar. Contrato 003 de 2014 Concesión Alto Magdalena SAS.,15_04_Comunic_Recibidas/2019/CI004_GP-10452_020200_ANI_018488-1_HV_APROB_ESP.pdf
2063,2,AGENCIA NACIONAL DE INFRAESTRUCTURA,CI004_GP-11661_070114,CONSORCIO 4C,GP-11661,13/12/2019,"Radicado No. 20194091292412 del 11 de diciembre de 2019 - Solicitud de concepto técnico de permiso de uso, ocupación y la intervención temporal de la infraestructura vial - Proyecto vial Girardot – Honda – Puerto Salgar.",15_04_Comunic_Recibidas/2019/CI004_GP-11661_070114_ANI_043212-1_CONCEPT_PERMIS_USO.pdf
2064,2,CONCESIÓN ALTO MAGDALENA S.A.S.,ALMA-2019-02215,CONSORCIO 4C,GP-10583,05/07/2019,"Actualización planos Fotométricos - Área de servicios K80+500, Puente Peatonal Guataquí, Peaje y Pesaje Brisas.",15_04_Comunic_Recibidas/2019/CI004_GP-10583_070107_CON_02215_ACT_PLANOS_FOTO_UF3_5.pdf
2065,1,Agencia Nacional de Infraestructura (ANI),CI.004/GP7025/19/5.3,CONSORCIO 4C,GP-11163,16/10/2019,Ref. Comunicado CI.004/GP7025/19/5.3 – Incumplimiento Obligación relacionada con la actualización de la sabana de avalúos en todos y cada uno de los ítems que la componen - Contrato de Concesión No 003 de 2014 – Girardot – Honda – Puerto Salgar.,15_04_Comunic_Recibidas/2019/CI004_GP-11163_050300_ANI_035590-1_ACT_SABANA_AVALUOS.pdf
2066,1,CONCESIÓN ALTO MAGDALENA S.A.S.,ALMA-2019-02934,CONSORCIO 4C,GP-11010,12/09/2019,Entrega diseños de mezcla MDC 19 con asfalto 60/70 y asfalto Tipo III,15_04_Comunic_Recibidas/2019/CI004_GP-11010_070107_CON_02934_DISEÑ_MEZCLA_MDC-19.pdf
2067,2,CONCESIÓN ALTO MAGDALENA S.A.S.,ALMA-2019-02953,CONSORCIO 4C,GP-11030,17/09/2019,"Respuesta Comunicado CI.004/GP6859/19/7.1.7 (Rad. Interno ALMA-R-20192008) Estudio hidrológico, hidráulico y socavación Puentes Burras, Doraditas y Galleras UF5.2",15_04_Comunic_Recibidas/2019/CI004_GP-11030_070107_CON_02953_ESTUD_HIDRAU_PTES_UF5.2.pdf
2069,3,CONCESIÓN ALTO MAGDALENA S.A.S.,ALMA-2019-02141,CONSORCIO 4C,GP-10520,26/06/2019,Respuesta comunicación CI.004/GP6047/19/7.3.4 del 26 de febrero del 2019,15_04_Comunic_Recibidas/2019/CI004_GP-10520_070304_CON_02141_SEG_VIAL_UF5.2.pdf
2068,2,CONCESIÓN ALTO MAGDALENA S.A.S.,ALMA-2018-4733,CONSORCIO 4C,GP-9449,26/12/2018,Respuesta comunicación CI004/GP4932/18/7.1.3,15_04_Comunic_Recibidas/2019/CI004_GP-9449_070103_CON_4733_LOSA_PTE_K3_UF5.pdf
2070,1,CONCESIÓN ALTO MAGDALENA S.A.S.,ALMA-2019-00117,CONSORCIO 4C,GP-9502,14/01/2019,Entrega de 3 conceptos técnicos de desafectación predial.,15_04_Comunic_Recibidas/2019/CI004_GP-9502_070401_CON_00117_DESAFECT_PREDIAL.pdf
2071,1,CONCESIÓN ALTO MAGDALENA S.A.S.,ALMA-2019-02261,CONSORCIO 4C,GP-10615,11/07/2019,"Ref. Contrato de Concesión bajo esquema APP N° 003-2014 - 'La financiación, construcción, rehabilitación, mejoramiento, operación y mantenimiento del corredor Honda – Puerto Salgar – Girardot, de acuerdo con el Apéndice Técnico 1 y demás Apéndices del Contrato.",15_04_Comunic_Recibidas/2019/CI004_GP-10615_070107_CON_02261_DISEÑ_ANDEN_UF5.2.pdf
2072,5,CONCESIÓN ALTO MAGDALENA S.A.S.,ALMA-2019-03803,CONSORCIO 4C,GP-11592,09/12/2019,Respuesta comunicación CI.004/GP6974/19/5.3-7.1.11 del 19 de septiembre de 2019,15_04_Comunic_Recibidas/2019/CI004_GP-11592_050300-070111_CON_03803_DEFICI_IMPLEM_PMT.pdf
2074,1,CONCESIÓN ALTO MAGDALENA S.A.S.,ALMA-2019-01762,CONSORCIO 4C,GP-10352,17/05/2019,"Entrega plan de manejo de tráfico (PMT) para el desarrollo de prueba de carga - Puentes Burras, Doraditas y Galleras -Unidad Funcional 5.2.",15_04_Comunic_Recibidas/2019/CI004_GP-10352_070111_CON_01762_PMT_PRUEB_PTES_UF5.2.pdf
2073,1,CONCESIÓN ALTO MAGDALENA S.A.S.,ALMA-2019-01462,CONSORCIO 4C,GP-10187,29/04/2019,Respuesta comunicación CI.004/GP6311/19/7.4.2 (Rad. Interno ALMA-R-2019-1013). Entrega del expediente predial ALMA-5-0277 para revisión del componente Social.,15_04_Comunic_Recibidas/2019/CI004_GP-10187_070402_CON_01462_EXP_SOCIAL.pdf
2075,1,CONCESIÓN ALTO MAGDALENA S.A.S.,ALMA-2019-01564,CONSORCIO 4C,GP-10242,06/05/2019,Prueba de carga Puente Salgar UF 5.4,15_04_Comunic_Recibidas/2019/CI004_GP-10242_070107_CON_01564_PRUEBA_CARGA_PTE_SALGAR.pdf
2077,1,CONCESIÓN ALTO MAGDALENA S.A.S.,CI.004/GP6452/19/7.4.6,CONSORCIO 4C,GP-10588,10/07/2019,Respuesta comunicación CI.004/GP6452/19/7.4.6 con fecha de 22 de Mayo del 2019 - Acompañamiento visita Avalúos La Melissa- Predios ALMA-5-0044 y ALMA-5-0049,15_04_Comunic_Recibidas/2019/CI004_GP-10588_070406_CON_02258_AVALUOS_LMELISSA.pdf
2076,1,,,CONSORCIO 4C,GP-11317,,,15_04_Comunic_Recibidas/2019/CI004_GP-11317_070202_PWC_SINNUMERO_ESTAD_FINANCIER.pdf
2078,2,CONCESIÓN ALTO MAGDALENA S.A.S.,20191132332,CONSORCIO 4C,GP-10607,08/07/2019,Inicio siembra - Compensación en cumplimiento de la Resolución No. 3777 del 30 de noviembre de 2017. Expediente 62374,15_04_Comunic_Recibidas/2019/CI004_GP-10607_070108_CON_02230_COMPENSA_RESOL_3777.pdf
2081,3,CONCESIÓN ALTO MAGDALENA S.A.S.,ALMA-2019-03925,CONSORCIO 4C,GP-11656,17/12/2019,Respuesta comunicación CI.004/GP7255/19/7.1.8 (Rad. Interno ALMA-R-20192804 del 29/11/2019). Diseños Glorieta Costado Oriental Nuevo Puente de Honda / Componente Ambiental UF 5.1,15_04_Comunic_Recibidas/2019/CI004_GP-11656_070108_CON_03925_DISEÑ_GLORIET_NPH.pdf
2082,3,CONCESIÓN ALTO MAGDALENA S.A.S.,ALMA-2019-03402,CONSORCIO 4C,GP-11308,05/11/2019,Solicitud control salida de animales vagos en la vía Pública del km 47 + 000 al km 48+000 de la Ruta Nacional 4508,15_04_Comunic_Recibidas/2019/CI004_GP-11308_070109_CON_03402_ANIMAL_VAGOS_K47.pdf
2079,2,CONCESIÓN ALTO MAGDALENA S.A.S.,ALMA-2019-01648,CONSORCIO 4C,GP-10265,10/05/2019,"Solicitud prestación del servicio de aseo y recolección de residuos sólidos en las instalaciones ubicadas en los PR86+420, PR80+500 y PR45+547 Vía Cambao – Girardot.",15_04_Comunic_Recibidas/2019/CI004_GP-10265_070108_CON_01648_SERV_ASEO_PR86_PR80_PR45.pdf
2080,1,CONCESIÓN ALTO MAGDALENA S.A.S.,ANLA No. 2019001309-1-000 / ALMA-2018-4380,CONSORCIO 4C,GP-9642,31/01/2019,"Respuesta a la comunicación CI.004/GP5800/19/7.1.8, del 10 de enero de 2019 (Rad Interno ALMA-R-2019-0076). Respuesta a ALMA-2018-4380 / ICA No.3 Expediente LAV0068-00-2015 UF 5.3",15_04_Comunic_Recibidas/2019/CI004_GP-9642_070108_CON_00366_ICA_N°3.pdf
2083,1,CONCESIÓN ALTO MAGDALENA S.A.S.,ALMA-2019-02309,CONSORCIO 4C,GP-10671,15/07/2019,Entrega del expediente ALMA-2-0026-1 para aprobación del Avalúo Comercial Corporativo,15_04_Comunic_Recibidas/2019/CI004_GP-10671_070406_CON_02309_EXP_AVALUO.pdf
2164,1,CONCESIÓN ALTO MAGDALENA S.A.S.,ALMA-2019-00410,CONSORCIO 4C,GP-10018,04/02/2019,Entrega del expediente ALMA-2-0150 para aprobación del Avalúo Comercial Corporativo.,15_04_Comunic_Recibidas/2019/CI004_GP-10018_070406_CON_00410_EXP_AVALUO.pdf
2166,5,CONCESIÓN ALTO MAGDALENA S.A.S.,CI004_GP-9533_070202,CONSORCIO 4C,GP-9533,14/01/2018,GCSP-F-001 Informe de Mantenimiento de Bienes de uso Público correspondiente a diciembre de 2018.,15_04_Comunic_Recibidas/2019/CI004_GP-9533_070202_CON_00126_FOR_GCSP-F001_DIC.pdf
2165,17,CONCESIÓN ALTO MAGDALENA S.A.S.,ALMA-2019-01370,CONSORCIO 4C,GP-10131,16/04/2019,"Ref. Contrato de Concesión bajo esquema APP N° 003-2014 – “Financiación, construcción, rehabilitación, mejoramiento, operación y mantenimiento del Corredor Honda – Puerto Salgar – Girardot, de acuerdo con el Apéndice Técnico 1 y demás apéndices del Contrato”. Notificación Evento Eximente de Responsabilidad como consecuencia de la imposibilidad de liberación de los bienes de uso público requeridos para la construcción del puente peatonal de Puerto Bogotá.",15_04_Comunic_Recibidas/2019/CI004_GP-10131_050300_CON_01370_EER_LIBERA_USO_PUB.pdf
2167,1,CONCESIÓN ALTO MAGDALENA S.A.S.,ALMA-2019-02570,CONSORCIO 4C,GP-11568,05/08/2019,Entrega del Informe No. 7. Resolución No. 2280 del 30 de octubre de 2015 UF 3.,15_04_Comunic_Recibidas/2019/CI004_GP-11568_070108_CON_02570_INF_N°07_RESOL_2280.pdf
2168,1,CONCESIÓN ALTO MAGDALENA S.A.S.,CI.004/GP5963/19/7.1.3,CONSORCIO 4C,GP-10086,08/04/2019,Respuesta comunicación CI.004/GP5963/19/7.1.3 (Rad. interno ALMA-R-2019-0372 del 13/02/2019). Seguimiento Calidad Proceso Constructivo Pavimento K12+150 al K13+400 UF5.4,15_04_Comunic_Recibidas/2019/CI004_GP-10086_070103_CON_01243_SEGUI_PAVI_UF5.pdf
2170,1,CONCESIÓN ALTO MAGDALENA S.A.S.,ALMA-2019-00906,CONSORCIO 4C,GP-9942,12/03/2019,Entrega Expediente Final ALMA-4-0005,15_04_Comunic_Recibidas/2019/CI004_GP-9942_070401_CON_00906_EXP_FINAL.pdf
2169,7,CONCESIÓN ALTO MAGDALENA S.A.S.,ALMA-2019-00283,CONSORCIO 4C,GP-9614,28/01/2019,Gestión Cumplimiento Compensaciones Ambientales - Acuerdo No. 019 de 21 de junio de 2016,15_04_Comunic_Recibidas/2019/CI004_GP-9614_070108_CON_00283_GEST_COMPENSA_AMB.pdf
2172,1,CONCESIÓN ALTO MAGDALENA S.A.S.,ALMA-2019-00319,CONSORCIO 4C,GP-9633,29/01/2019,Respuesta a su comunicación CI.004/GP5664/18/7.4.6 del 29 de noviembre de 2018 (Rad. Interno ALMA-2018-4412) Entrega del expediente ALMA-5-0270 para aprobación del Avalúo Comercial Corporativo.,15_04_Comunic_Recibidas/2019/CI004_GP-9633_070406_CON_00319_EXP_AVALUO.pdf
2174,1,CONCESIÓN ALTO MAGDALENA S.A.S.,ALMA-2019-03642,CONSORCIO 4C,GP-11518,26/11/2019,Respuesta oficio CL.004/GP7197/19/7.4.1,15_04_Comunic_Recibidas/2019/CI004_GP-11518_070401_CON_03642_EXP_PREDIAL.pdf
2173,11,CONCESIÓN ALTO MAGDALENA S.A.S.,CI.004/GP6595/19/7.3.4,CONSORCIO 4C,GP-10538,02/07/2019,Respuesta comunicación CI.004/GP6595/19/7.3.4 del 20 de junio de 2019 (Rad. Interno ALMA-R-20191514) - Actividades NO Ejecutadas Apertura Unidad Funcional 5.4 – Seguridad Vial.,15_04_Comunic_Recibidas/2019/CI004_GP-10538_070304_CON_02162_SEG_VIAL_APERTU_UF5.4.pdf
2175,1,CONCESIÓN ALTO MAGDALENA S.A.S.,ALMA-2019-00229,CONSORCIO 4C,GP-9686,24/01/2019,Remisión Actas de Retribución Diciembre UF1 y UF2,15_04_Comunic_Recibidas/2019/CI004_GP-9686_070210_CON_00229_ACTA_RETRIB_DIC.pdf
2176,4,Agencia Nacional de Infraestructura,2019-305-009023-1,CONSORCIO 4C,GP-9991,22/03/2019,Ref. Respuesta comunicación radicado ANI No 20194090216592 – No objeción Periodo de Cura – Báscula dinámica - Contrato de Concesión No 003 de 2014 – Proyecto Girardot – Honda – Puerto Salgar,15_04_Comunic_Recibidas/2019/CI004_GP-9991_050300_ANI_009023-1_PLAZO_CURA_BASCULA.pdf
2177,1,CONCESIÓN ALTO MAGDALENA S.A.S.,"ALMA-2018-4575, ALMA-2018-4639, ALMA-2018-4664",CONSORCIO 4C,GP-9758,18/02/2019,Comunicación CI.004/GP5726/18/9.3 – Radicado ALMA-R-2018-3884 del 19 de diciembre de 2018. Informe Terminación Etapa Preoperativa – UF3 – Apéndice Técnico 3,15_04_Comunic_Recibidas/2019/CI004_GP-9758_090300-070500_CON_00594_INF_TERMINA_UF3.pdf
2178,2,CONCESIÓN ALTO MAGDALENA S.A.S.,ALMA-2019-00534,CONSORCIO 4C,GP-9695,11/02/2019,"Solicitud de Reunión con la Dirección de Biodiversidad, Bosques y Servicios Ecosistémicos del Ministerio del Ambiente y Desarrollo Sostenible",15_04_Comunic_Recibidas/2019/CI004_GP-9695_070108_CON_00534_REUNI_DBBSE.pdf
2179,1,CONCESIÓN ALTO MAGDALENA S.A.S.,ALMA-2019-02570,CONSORCIO 4C,GP-11561,05/08/2019,Entrega del Informe No. 7. Resolución No. 2280 del 30 de octubre de 2015 UF 3.,15_04_Comunic_Recibidas/2019/CI004_GP-11561_070108_CON_02570_INF_N°7_RESOL_2280.pdf
2180,1,CONCESIÓN ALTO MAGDALENA S.A.S.,ALMA-2019-01662,CONSORCIO 4C,GP-10591,10/05/2019,"Remisión de Expedientes ALMA-5-0104, ALMA-5-0106",15_04_Comunic_Recibidas/2019/CI004_GP-10591_070401_CON_01662_EXP_PREDIAL.pdf
2183,1,CONCESIÓN ALTO MAGDALENA S.A.S.,ALMA-2019-02758,CONSORCIO 4C,GP-10936,26/08/2019,Entrega Informe No. 1. Resolución No. 2602 del 18 de diciembre de 2015.,15_04_Comunic_Recibidas/2019/CI004_GP-10936_070108_CON_02758_INF_N1_RESOL_2602.pdf
2182,10,CONCESIÓN ALTO MAGDALENA S.A.S.,ALMA-2018-4791,CONSORCIO 4C,GP-9460,27/12/2018,Respuesta a su comunicación 2018-305-038824-1 (Rad. Interno ALMA-R-2018-3653 del 26/11/2018) No Objeción Plazo de Cura Incumplimiento Condiciones SST en el K79+650.,15_04_Comunic_Recibidas/2019/CI004_GP-9460_070110_CON_4791_PLAZO_CURA_CONDI_SST_K79.pdf
2181,1,CONCESIÓN ALTO MAGDALENA S.A.S.,ALMA-2019-01652,CONSORCIO 4C,GP-10267,10/05/2019,Solicitud pronunciamiento al cumplimiento obligaciones de la Resolución 2129 del 30 septiembre de 2015,15_04_Comunic_Recibidas/2019/CI004_GP-10267_070108_CON_01652_CUMPLI_RESOL_2129.pdf
2185,1,CONCESIÓN ALTO MAGDALENA S.A.S.,ALMA-2019-00911,CONSORCIO 4C,GP-10177,12/03/2019,"Entrega del expediente predial ALMA-5-0067, para revisión y aprobación del componente social.",15_04_Comunic_Recibidas/2019/CI004_GP-10177_070402_CON_00911_EXP_SOCIAL.pdf
2184,1,CONCESIÓN ALTO MAGDALENA S.A.S.,ALMA-2019-01416,CONSORCIO 4C,GP-10160,22/04/2019,"Ref. Contrato de Concesión bajo esquema APP N° 003-2014 – “Financiación, construcción, rehabilitación, mejoramiento, operación y mantenimiento del Corredor Honda – Puerto Salgar – Girardot”",15_04_Comunic_Recibidas/2019/CI004_GP-10160_070406_CON_01416_EXP_AVALUO.pdf
2186,2,Agencia Nacional de Infraestructura,20194090495972,CONSORCIO 4C,GP-10786,08/08/2019,Ref. Respuesta Solicitud modificación contractual puente Guarino – comunicación con radicado ANI No 20194090495972 del 1 de agosto de 2019 - Proyecto Girardot – Honda – Puerto Salgar – Contrato de Concesión No 003/2014,15_04_Comunic_Recibidas/2019/CI004_GP-10786_050300_ANI_025861-1_DEMOLI_PTE_GUARINO.pdf
2171,2,CONCESIÓN ALTO MAGDALENA S.A.S.,ALMA-2019-02713,CONSORCIO 4C,GP-10870,20/08/2019,Respuesta oficio ANI. No. 20193050257781 (Radic. ALMA-R-20191937) - PQRS UF5 2019 856 - Donación de lote JAC barrio brisas,15_04_Comunic_Recibidas/2019/CI004_GP-10870_070109-070401_CON_02713_DONACION_LOTE_JAC.pdf
2187,1,CONCESIÓN ALTO MAGDALENA S.A.S.,CI.004/GP6236/19/7.5,CONSORCIO 4C,GP-10579,04/07/2019,Respuesta comunicación CI.004/GP6236/19/7.5 (Rad. Interno ALMA-R-2019-0900) - Memoria Técnica septiembre 2018.,15_04_Comunic_Recibidas/2019/CI004_GP-10579_070500_CON_02199_OBS_MEMOTEC_SEP18.pdf
2189,1,CONCESIÓN ALTO MAGDALENA S.A.S.,ALMA-2019-03519,CONSORCIO 4C,GP-11421,13/11/2019,Siembra compensaciones. Expediente 51860,15_04_Comunic_Recibidas/2019/CI004_GP-11421_070108_CON_03519_SIEMBRA_COMPENSA_EXP_51860.pdf
2190,4,CONCESIÓN ALTO MAGDALENA S.A.S.,ALMA-2019-02790,CONSORCIO 4C,GP-10901,28/08/2019,Inclusión en inventario de redes estructura de canal existente PR 131+256 Puerto Bogotá,15_04_Comunic_Recibidas/2019/CI004_GP-10901_070115_CON_02790_INVENTA_REDES_CANAL.pdf
2188,13,CONCESIÓN ALTO MAGDALENA S.A.S.,"CI.004/GP6719/19/5.3, CI.004/GP6720/19/5.3",CONSORCIO 4C,GP-10789,12/08/2019,Respuesta a comunicaciones CI.004/GP6719/19/5.3 (Rad. Interno ALMA-R-20191796 del 25/07/2019) y CI.004/GP6720/19/5.3 (Rad. interno ALMA-R-20191797 del 25/07/2019) – Otorgamiento Período Cura por el Incumplimiento en el Funcionamiento del Sistema Informático de Contabilización y Control - SICC,15_04_Comunic_Recibidas/2019/CI004_GP-10789_050300_CON_02588_PLAZO_CURA_SICC.pdf
2191,1,CONCESIÓN ALTO MAGDALENA S.A.S.,ALMA-2019-03741,CONSORCIO 4C,GP-11573,02/12/2019,Reiteración solicitud radicada con número CAR 20191130457 de 27 de junio de 2019. Expediente 52057,15_04_Comunic_Recibidas/2019/CI004_GP-11573_070108_CON_03741_REITERA_CAR_20191130457.pdf
2192,1,CONCESIÓN ALTO MAGDALENA S.A.S.,ALMA-2019-01964,CONSORCIO 4C,GP-10517,10/06/2019,Entrega de cinco (5) expedientes para revisión en la etapa de expropiación.,15_04_Comunic_Recibidas/2019/CI004_GP-10517_070404_CON_01964_EXP_EXPRO.pdf
2194,7,CONCESIÓN ALTO MAGDALENA S.A.S.,ALMA-2019-02879,CONSORCIO 4C,GP-10992,09/09/2019,Respuesta oficio GP6780/19/7.4.1 del 02 (Rad. Interno ALMA-R-20191895)- Observación Conceptos de Desafectación Predial ALMA-5-0142 y ALMA-5-0143,15_04_Comunic_Recibidas/2019/CI004_GP-10992_070401_CON_02879_DESAFECTA_PREDIAL.pdf
2193,2,CONCESIÓN ALTO MAGDALENA S.A.S.,CI004_GP-11207_070108_CON_03192,CONSORCIO 4C,GP-11207,15/10/2019,"Ref. Respuesta Auto GSC ZC No 0001398 del 04 de septiembre de 2019. Expediente: Autorización Temporal QBN-15031. Ref. Contrato de Concesión bajo esquema APP N° 003-2014 – “Financiación, construcción, rehabilitación, mejoramiento, operación y mantenimiento del Corredor Honda – Puerto Salgar – Girardot, de acuerdo con el Apéndice Técnico 1 y demás apéndices del Contrato”",15_04_Comunic_Recibidas/2019/CI004_GP-11207_070108_CON_03192_AUTO_GSC_ZC_0001398.pdf
2195,1,CONCESIÓN ALTO MAGDALENA S.A.S.,ALMA-2019-03591,CONSORCIO 4C,GP-11450,21/11/2019,Respuesta PQRS-UF5-2019-863 radicado ANI 20193050376371 del 08/11/2019 (Rad. Int. ALMA-R-20192645). Remisión Petición señora Miryam Ruiz de Forero.,15_04_Comunic_Recibidas/2019/CI004_GP-11450_070109_CON_03591_DP_MRUIZ.pdf
2276,2,CONSORCIO 4C,GP-6271,CONCESIÓN ALTO MAGDALENA S.A.S.,ALMA-R-28190942,10/04/2019,Ref. Contrato de Concesión 003 de 2014 Concesión Honda – Girardot – Puerto Salgar. Revisión Fichas Sociales,15_01_Cartas_Enviadas/RADICADAS/2019/CI004_627119_070402_CON_FICH_SOCIA_ALMA 00962-01155.pdf
2277,3,CONSORCIO 4C,GP-6399,CONCESIÓN ALTO MAGDALENA S.A.S.,ALMA-R-20191181,14/05/2019,Ref. Contrato de Concesión 003 de 2014-Concesión Honda – Girardot – Puerto Salgar. Observaciones Expedientes Finales Prediales,15_01_Cartas_Enviadas/RADICADAS/2019/CI004_639919_070401_CON_EXP-FINAL_ALMA-2019-00733.pdf
2279,3,CONSORCIO 4C,GP-6146,CONCESIÓN ALTO MAGDALENA S.A.S.,ALMA-2019-00202,14/03/2019,Ref. Contrato de Concesión 003 de 2014 - Concesión Honda – Girardot – Puerto Salgar - Observaciones Expedientes Finales Prediales,15_01_Cartas_Enviadas/RADICADAS/2019/CI004_614619_070401_CON_OBS_ALMA-2019-00202.PDF
2278,5,CONSORCIO 4C,GP-6618,CONCESIÓN ALTO MAGDALENA S.A.S,ALMA-R-2019-1572,26/06/2019,Ref. Contrato de Concesión 003 de 2014 - Concesión Honda – Girardot – Puerto Salgar - Seguimiento Incumplimiento Condiciones Seguridad UF 5,15_01_Cartas_Enviadas/RADICADAS/2019/CI004_661819_070110_CON_SEGSISO_UF5_SEM228.pdf
2280,11,CONSORCIO 4C,GP-7041,AGENCIA NACIONAL DE INFRAESTRUCTURA – ANI,20194091058972,08/10/2019,Ref. Contrato de Concesión 003 de 2014 Concesión Honda – Girardot – Puerto Salgar. Concepto sobre los accesos Tipo 1 en el corredor,15_01_Cartas_Enviadas/RADICADAS/2019/CI004_704119_050300_ANI_ACCESOS_TIPO1.pdf
2281,6,CONSORCIO 4C,GP-6186,CONCESIÓN ALTO MAGDALENA S.A.S.,ALMA-R-201908769,22/03/2019,Ref. Contrato de Concesión 003 de 2014 - Concesión Honda – Girardot – Puerto Salgar - Seguimiento Constructivo Área de Servicio UF 5.2,15_01_Cartas_Enviadas/RADICADAS/2019/CI004_618619_070103_070107_CON_DEFICI_AREA-SERVICIO_UF5.2.pdf
2282,5,CONSORCIO 4C,GP-6678,CONCESIÓN ALTO MAGDALENA S.A.S.,ALMA-R-20191697,12/07/2019,Ref. Contrato de Concesión 003 de 2014 - Concesión Honda – Girardot – Puerto Salgar - Observaciones SST Memoria Técnica Febrero 2019,15_01_Cartas_Enviadas/RADICADAS/2019/CI004_667819_070110_CON_MEMORIA_TECNIC_FEBI.PDF
2283,21,CONSORCIO 4C,GP-7070,AGENCIA NACIONAL DE INFRAESTRUCTURA – ANI,ALMA-R-28192475,17/10/2019,Ref. Contrato de Concesión 003 de 2014 Concesión Honda – Girardot – Puerto Salgar. Informe de multa por el incumplimiento al que hace alusión el literal (m) de la Sección 6.1 de la Parte Especial / Vencimiento de Plazo de Cura otorgado para cumplir con el fondeo subcuenta de Interventoría y Supervisión.,15_01_Cartas_Enviadas/RADICADAS/2019/CI004_707019_050300_ANI_MULTA_FONDEO_SUBCUENTA_INTERV.pdf
2284,3,CONSORCIO 4C,GP-6753,CONCESIÓN ALTO MAGDALENA S.A.S.,ALMA-R-20191849,30/07/2019,Ref. Contrato de Concesión 003 de 2014 - Concesión Honda – Girardot – Puerto Salgar - Seguridad Vial Centros Poblados – Zonas Escolares,15_01_Cartas_Enviadas/RADICADAS/2019/CI004_675319_070304_CON_MONITOREO_VELOCIDAD.pdf
2285,3,CONSORCIO 4C,GP-6572,CONCESIÓN ALTO MAGDALENA S.A.S.,ALMA-R-20191471,14/06/2019,Ref. Contrato de Concesión 003 de 2014 - Concesión Honda – Girardot – Puerto Salgar - Compromisos ANLA – Sr. Alberto Leyva,15_01_Cartas_Enviadas/RADICADAS/2019/CI004_657219_070108_070109_CON_CUMP_ANLA-UF5.4_LEYVA.pdf
2286,3,CONSORCIO 4C,GP-6909,CONCESIÓN ALTO MAGDALENA S.A.S.,ALMA-R-2019-02017,30/08/2019,Ref. Contrato de Concesión 003 de 2014 - Concesión Honda – Girardot – Puerto Salgar - Respuesta comunicación ALMA 2019 - 02017,15_01_Cartas_Enviadas/RADICADAS/2019/CI004_690919_070103_CON_DISE-RETI-VERIF_ALMA_4776.pdf
2287,6,CONSORCIO 4C,GP-6751,CONCESIÓN ALTO MAGDALENA S.A.S.,ALMA-2019-02353,30/07/2019,Ref. Contrato de Concesión 003 de 2014-Concesión Honda – Girardot – Puerto Salgar-Entrega Informes Investigación Accidentes Laborales,15_01_Cartas_Enviadas/RADICADAS/2019/CI004_675119_070110_CON_OBSENTR_INVESTIGACIONES_AT-25072019.pdf
2288,1,CONSORCIO 4C,GP-6840,"AGENCIA NACIONAL DE INFRAESTRUCTURA - ANI, Ing. Manuel Isidro Raigozo Rubio",ALMA-R-20192015,15/08/2019,Ref. Contrato de Concesión 003 de 2014 Concesión Honda – Girardot – Puerto Salgar Actas No.5 y 6 de Compensación Especial UF3.,15_01_Cartas_Enviadas/RADICADAS/2019/CI004_684019_070209_CON_ACTA_COMPENSACION ESP5y6 UF3_MAY-JUN-2019.pdf
2289,6,CONSORCIO 4C,GP-6086,CONCESIÓN ALTO MAGDALENA S.A.S,ALMA-R-20190588,06/03/2019,Ref. Contrato de Concesión 003 de 2014-Concesión Honda – Girardot – Puerto Salgar-Revisión Ajuste Diseño Pavimento Aproches Puentes Menores UF5.2.,15_01_Cartas_Enviadas/RADICADAS/2019/CI004_608619_070107_CON_ALMA-0623_PAV-APROCHES-PUENTES-UF5.pdf
2290,4,CONSORCIO 4C,GP-6041,CONCESIÓN ALTO MAGDALENA S.A.S - Ing. Claudia Cecilia Castillo Pico,ALMA-R-20190469,22/02/2019,Ref. Contrato de Concesión 003 de 2014 - Concesión Honda – Girardot – Puerto Salgar - Suspensión Operación Planta de Concreto / UF5.4,15_01_Cartas_Enviadas/RADICADAS/2019/CI004_604119_070108_CON_PLANTA_CONC_UF5.4 (1).pdf
2291,3,CONSORCIO 4C,GP-6561,CONCESIÓN ALTO MAGDALENA S.A.S. - Ing. Claudia Cecilia Castillo Pico,HLMA-R-20191469,14/06/2019,Ref. Contrato de Concesión 003 de 2014 - Concesión Honda – Girardot – Puerto Salgar - Seguimiento Programa Atención Usuario,15_01_Cartas_Enviadas/RADICADAS/2019/CI004_656119_070109_CON__PRG_ATENCION_USUARIO.pdf
2292,5,CONSORCIO 4C,GP-7079,"AGENCIA NACIONAL DE INFRAESTRUCTURA – ANI
Atn.: Ing. Luis Eduardo Gutiérrez Díaz",2019-409-110231-2,17/10/2019,Fideicorniso Fidubogotá -Alto Magdalena 3-1-63664 Rendimientos mes de septiembre de 2019,15_01_Cartas_Enviadas/RADICADAS/2019/CI004_707919_070202_ANI_REM_FOR_GCSP-F-207_RS_SEP2019.pdf
2294,6,CONSORCIO 4C,GP-7043,CONCESIÓN ALTO MAGDALENA S.A.S.,ALMA-2019-02754,08/10/2019,Ref. Contrato de Concesión 003 de 2014-Concesión Honda – Girardot – Puerto Salgar-Alcance Comunicación Radicado CAR 07191100736 de 19 de junio de 2019 / Ocupación Cauce Expediente 51510. Obra K57+998 UF3.,15_01_Cartas_Enviadas/RADICADAS/2019/CI004_704319_070107_070108_CON_PERMISO_OC_K57+998.pdf
2293,7,CONSORCIO 4C,GP-6241,CONCESIÓN ALTO MAGDALENA S.A.S. - Ing. Claudia Cecilia Castillo Pico,ALMA-R-20190905,04/04/2019,Ref. Contrato de Concesión 003 de 2014 - Concesión Honda – Girardot – Puerto Salgar - Acta Parcial de Obra 12,15_01_Cartas_Enviadas/RADICADAS/2019/CI004_624119_070115_CON_APROB_DESMB_ACTA12.PDF
2295,2,CONSORCIO 4C,GP-6632,AGENCIA NACIONAL DE INFRAESTRUCTURA - ANI,20194090667122,28/06/2019,Ref. Contrato de Concesión 003 de 2014 - Concesión Honda – Girardot – Puerto Salgar. Remisión de Informe Especial No. 41 - Pendientes UF3 y UF5.,15_01_Cartas_Enviadas/RADICADAS/2019/CI004_663219_091000_ANI_INF_ESP_41.pdf
2296,2,CONSORCIO 4C,GP-7335,AGENCIA NACIONAL DE INFRAESTRUCTURA - ANI,ANI 20183050278451,18/12/2019,Ref. Contrato de Concesión 003 de 2014 Concesión Honda – Girardot – Puerto Salgar. Remisión de Informe Semanal 66. Avance de Unidades Funcionales en Construcción.,15_01_Cartas_Enviadas/RADICADAS/2019/CI004_733519_091000_ANI_INF_ESP_N66.pdf
2298,2,CONSORCIO 4C,GP-7161,AGENCIA NACIONAL DE INFRAESTRUCTURA - ANI,20194091175442,08/11/2019,Ref. Contrato de Concesión 003 de 2014-Concesión Honda – Girardot – Puerto Salgar. Informe Mensual Técnico 60 Versión 00.,15_01_Cartas_Enviadas/RADICADAS/2019/CI004_716119_090200_ANI_INFORME_MENSUAL_OCTUBRE-2019.pdf
2299,2,CONSORCIO 4C,GP-6822,CONCESIÓN ALTO MAGDALENA S.A.S - Ing. Claudia Cecilia Castillo Pico,Radicación Expedientes Finales - ALMA-2019-1935,14/08/2019,Ref. Contrato de Concesión 003 de 2014-Concesión Honda – Girardot – Puerto Salgar.,15_01_Cartas_Enviadas/RADICADAS/2019/CI004_682219_070401_CON_RADICACION_EXPEDIENTES_FINALES.pdf
2297,5,CONSORCIO 4C,GP-7042,CONCESIÓN ALTO MAGDALENA S.A.S.,ALMA-R-20192416,08/10/2019,Ref. Contrato de Concesión 003 de 2014 - Concesión Honda – Girardot – Puerto Salgar - Alcance Comunicación Radicado CAR 07191100737 de 19 de junio de 2019 / Ocupación de Cauce Expediente 51483. Obra K57+693 UF3,15_01_Cartas_Enviadas/RADICADAS/2019/CI004_704219_070107_070108_CON_PERMISO_OC_K57+693.pdf
2300,7,CONSORCIO 4C,GP-6693,CONCESIÓN ALTO MAGDALENA S.A.S.,ALMA-2019-2201,16/07/2019,Ref. Contrato de Concesión 003 de 2014-Concesión Honda – Girardot – Puerto Salgar.-Carriles de desaceleración. Pendientes UF1.,15_01_Cartas_Enviadas/RADICADAS/2019/CI004_669319_090300_CON_CARRILES_DESACELERA_UF1-R3.PDF
2301,12,CONSORCIO 4C,GP-7225,AGENCIA NACIONAL DE INFRAESTRUCTURA - ANI,ALMA-R-20192765,27/11/2019,Ref. Contrato de Concesión 003 de 2014 - Concesión Honda – Girardot – Puerto Salgar. Informe Segunda Revisión Intervenciones Para Acta Terminación Parcial - UF5,15_01_Cartas_Enviadas/RADICADAS/2019/CI004_722519_090300_ANI_INFOR_2DA_VERIFIC_UF5.pdf
2303,10,CONSORCIO 4C,GP-6521,AGENCIA NACIONAL DE INFRAESTRUCTURA - ANI,20194090584292,07/06/2019,Ref. Contrato de Concesión 003 de 2014 - Concesión Honda – Girardot – Puerto Salgar - Protección Redes - Bunker de Válvulas UF-5,15_01_Cartas_Enviadas/RADICADAS/2019/CI004_652119_070115_ANI_BUNK_VALV_UF5.pdf
2304,3,CONSORCIO 4C,GP-6085,CONCESIÓN ALTO MAGDALENA S.A.S,ALMA-R-201900582,06/03/2019,Ref. Contrato de Concesión 003 de 2014-Concesión Honda – Girardot – Puerto Salgar-Revisión Ajuste Cronograma Terminación de la UF 5.,15_01_Cartas_Enviadas/RADICADAS/2019/CI004_608519_070101_CON_ALMA-2019-00691_CRONOG_TER-UF5.pdf
2305,2,CONSORCIO 4C,GP-5779,AGENCIA NACIONAL DE INFRAESTRUCTURA - ANI,ANI 20183050278451,04/01/2019,Ref. Contrato de Concesión 003 de 2014 - Concesión Honda – Girardot – Puerto Salgar. Remisión de Informe Especial No. 15 - Pendientes UF3 y UF5.,15_01_Cartas_Enviadas/RADICADAS/2019/CI004_577919_091000_ANI_INF_ESP_15.pdf
2306,4,CONSORCIO 4C,GP-6932,CONCESIÓN ALTO MAGDALENA S.A.S - Atn. Ing. Claudia Cecilia Castillo Pico,ALMA-R-20192173,06/09/2019,Ref. Contrato de Concesión 003 de 2014-Concesión Honda – Girardot – Puerto Salgar-Manejo inadecuado Aguas Residuales Peaje PR10+200 y Estación de Pesaje PR10+700 “Brisas”,15_01_Cartas_Enviadas/RADICADAS/2019/CI004_693219_070108_CON_MAN_AGUA_RESID_UF5.pdf
2307,3,CONSORCIO 4C,GP-6643,CONCESIÓN ALTO MAGDALENA S.A.S.,ALMA-R-20191663,03/07/2019,Ref. Contrato de Concesión 003 de 2014 - Concesión Honda – Girardot – Puerto Salgar - Observaciones Resolución de Expropiación UF4 y UF5,15_01_Cartas_Enviadas/RADICADAS/2019/CI004_664319_070404_CON_RES_EXPRO_ALMA-2019-01964.PDF
2308,1,CONSORCIO 4C,GP-6697,"AGENCIA NACIONAL DE INFRAESTRUCTURA – ANI
Atn.: Dr. Luis Eduardo Gutiérrez Díaz",2019-409-075060-2,17/07/2019,Ref. Contrato de Concesión 003 de 2014 - Concesión Honda — Girardot — Puerto Salgar. Remisión Formato GCSP-F-207 Rendimientos Subcuentas — Junio 2019,15_01_Cartas_Enviadas/RADICADAS/2019/CI004_669719_070202_ANI_REMI_FORM_GCSP-F-207_RS_JUN2019.pdf
2302,4,CONSORCIO 4C,GP-6112,CONCESIÓN ALTO MAGDALENA S.A.S.,ALMA-R-20190814,08/03/2019,Ref. Contrato de Concesión 003 de 2014 - Concesión Honda – Girardot – Puerto Salgar - Cumplimiento de accesos vehiculares Tipo 1,15_01_Cartas_Enviadas/RADICADAS/2019/CI004_611219_070107_CON_ACCESOS_VEHICULARES_REITER.pdf
2309,9,CONSORCIO 4C,GP-7342,CONCESIÓN ALTO MAGDALENA S.A.S - Atn. Ing. Claudia Cecilia Castillo Pico,ALMA-R-20192960,18/12/2019,Ref. Contrato de Concesión 003 de 2014 Concesión Honda – Girardot – Puerto Salgar. Solicitud Reintegro Recursos Orden de Pago 2957 / Subcuenta Compensaciones Ambientales,15_01_Cartas_Enviadas/RADICADAS/2019/CI004_734219_070108_CON_SUBCUEN_COMPE_AMBI.pdf
2311,7,CONSORCIO 4C,GP-6941,CONCESIÓN ALTO MAGDALENA S.A.S,ALMA-R-20192183,10/09/2019,Ref. Contrato de Concesión 003 de 2014 Concesión Honda – Girardot – Puerto Salgar Memoria Técnica Noviembre 2018/ Respuesta comunicado ALMA-2019-02392,15_01_Cartas_Enviadas/RADICADAS/2019/CI004_694119_070500_CON_MEMOTEC_NOVI2018_ALMA-02392.pdf
2310,12,CONSORCIO 4C,GP-5819,AGENCIA NACIONAL DE INFRAESTRUCTURA – ANI,ALMA-R-20190082,14/01/2019,Ref. Contrato de Concesión 003 de 2014 Concesión Honda – Girardot – Puerto Salgar - Concepto Faja Retiro Obligatorio K23. Oasis – UF2,15_01_Cartas_Enviadas/RADICADAS/2019/CI004_581919_070109_ANI_FAJA_OASIS_UF2.pdf
2312,1,CONSORCIO 4C,GP-7039,"AGENCIA NACIONAL DE INFRAESTRUCTURA - ANI, Atn. Ing. Luis Eduardo Gutiérrez Díaz",2019-409-106218-2,04/10/2019,Ref. Contrato de Concesión 003 de 2014 - Concesión Honda — Girardot — Puerto Salgar - Registro Fílmico Informe Mensual Técnico 59,15_01_Cartas_Enviadas/RADICADAS/2019/CI004_703919_090200_ANI_REGIS_FIL_INFO_MEN_TEC59.pdf
2313,4,CONSORCIO 4C,GP-6100,CONCESIÓN ALTO MAGDALENA S.A.S.,ALMA-R-20190598,07/03/2019,"Ref. Contrato de Concesión 003 de 2014 Concesión Honda – Girardot – Puerto Salgar. Solicitud Evidencia Cumplimiento Capítulo XVI del Contrato, Atención de PQRS UF 5 2018 490",15_01_Cartas_Enviadas/RADICADAS/2019/CI004_610019_070110_CON_CASO_IIP_PQRS2018490.pdf
2395,2,CONSORCIO 4C,GP-6017,AGENCIA NACIONAL DE INFRAESTRUCTURA - ANI,20194090177092,20/02/2019,Ref. Contrato de Concesión 003 de 2014 Concesión Honda – Girardot – Puerto Salgar. Remisión de Informe Especial No. 23 Pendientes UF3 y UF5.,15_01_Cartas_Enviadas/RADICADAS/2019/CI004_601719_091000_ANI_INF_ESP_23.pdf
2394,3,CONSORCIO 4C,GP-5838,CONCESIÓN ALTO MAGDALENA S.A.S.,ALMA-2018-4549,17/01/2019,Ref. Contrato de Concesión 003 de 2014 - Concesión Honda – Girardot – Puerto Salgar - Observaciones Informe Avance Gestión Predial,15_01_Cartas_Enviadas/RADICADAS/2019/CI004_583819_070401_CON_INFO_GESTI-PREDIAL_ALMA-4549.pdf
2396,14,CONSORCIO 4C,GP-6221,CONCESIÓN ALTO MAGDALENA S.A.S - Atn. Ing. Claudia Cecilia Castillo Pico,ALMA-R-20190835,28/03/2019,Ref. Contrato de Concesión 003 de 2014-Concesión Honda – Girardot – Puerto Salgar-Tiempos muertos - Gestión Predial,15_01_Cartas_Enviadas/RADICADAS/2019/CI004_622119_070401_CON_AVANCE_PREDIAL_260319.pdf
2397,3,CONSORCIO 4C,GP-6826,CONCESIÓN ALTO MAGDALENA S.A.S,ALMA-R-20191973,15/08/2019,Ref. Contrato de Concesión 003 de 2014 - Concesión Honda – Girardot – Puerto Salgar - Informe de Seguimiento y Monitoreo N°1 Resolución 1082 de 2018.,15_01_Cartas_Enviadas/RADICADAS/2019/CI004_682619_070108_CON_INFO-RESO-1082-ALMA-02452.pdf
2400,2,CONSORCIO 4C,GP-6242,AGENCIA NACIONAL DE INFRAESTRUCTURA - ANI,20194090348492,04/04/2019,Ref. Contrato de Concesión 003 de 2014 Concesión Honda – Girardot – Puerto Salgar Cronograma Actividades Ejecutadas y Programadas Peaje Cambao y Guataquí,15_01_Cartas_Enviadas/RADICADAS/2019/CI004_624219_070301_ANI_CRONOG-PEAJES_CAMB-GATAQ_MARZ-ABRIL.pdf
2399,5,CONSORCIO 4C,GP-7110,CONCESIÓN ALTO MAGDALENA S.A.S.,FLMA-R-20192357,28/10/2019,Ref. Contrato de Concesión 003 de 2014 Concesión Honda – Girardot – Puerto Salgar Revisión al Diseño Geométrico de la Glorieta Oriental del Nuevo Puente de Honda.,15_01_Cartas_Enviadas/RADICADAS/2019/CI004_711019_070107_CON_OBSER_DISE_GLORIETA_ORIENTAL_NVO_PTE_HONDA.pdf
2398,3,CONSORCIO 4C,GP-6217,CONCESIÓN ALTO MAGDALENA S.A.S.,ALMA-R-28190831,28/03/2019,Ref. Contrato de Concesión 003 de 2014 - Concesión Honda – Girardot – Puerto Salgar - CCTV Interventoría Peaje Brisas,15_01_Cartas_Enviadas/RADICADAS/2019/CI004_621719_070301_CON_CCTV_PEAJE_BRISAS.pdf
2401,5,CONSORCIO 4C,GP-7139,CONCESIÓN ALTO MAGDALENA S.A.S,ALMA-R-201926530,07/11/2019,"Ref. Contrato de Concesión 003 de 2014-Concesión Honda – Girardot – Puerto Salgar.-Pago Seguridad Social Mayo, Salarios Abril/2019-Soportes Ingreso.",15_01_Cartas_Enviadas/RADICADAS/2019/CI004_713919_070110_CON_SEGSOC_MAY_SAL-ABR2019I.pdf
2405,2,CONSORCIO 4C,GP-6694,CONCESIÓN ALTO MAGDALENA S.A.S.,ALMA-R-20191738,16/07/2019,Ref. Contrato de Concesión 003 de 2014 Concesión Honda – Girardot – Puerto Salgar PMT Pruebas Carga Puentes Burras – Doraditas - Galleras,15_01_Cartas_Enviadas/RADICADAS/2019/CI004_669419_070111_CON_PMT_PRUE-CARG_BURRAS_DORADI_GALLER.pdf
2402,4,CONSORCIO 4C,GP-7059,CONCESIÓN ALTO MAGDALENA S.A.S - Ing. Claudia Cecilia Castillo Pico,ALMA-R-28192441,09/10/2019,Ref. Contrato de Concesión 003 de 2014 - Concesión Honda – Girardot – Puerto Salgar. Solicitud Soportes y Aclaraciones. Notificación EER Cormadgalena - UF2.,15_01_Cartas_Enviadas/RADICADAS/2019/CI004_705919_050300_CON_SOLIC-SOPOR_EER-CORMAGDALENA.pdf
2403,20,CONSORCIO 4C,GP-7028,CONCESIÓN ALTO MAGDALENA S.A.S. - At.: Ing. Claudia Cecilia Castillo Pico,ALMA-R-20192375,02/10/2019,Incumplimiento al que hace alusión el literal (f) de la Sección 6.1 de la Parte Especial,15_01_Cartas_Enviadas/RADICADAS/2019/CI004_702819_070108_CON_DIAGNOS_AMBI_UF4.pdf
2404,3,CONSORCIO 4C,GP-7149,CONCESIÓN ALTO MAGDALENA S.A.S,ALMA-R-28192644,08/11/2019,"Ref. Contrato de Concesión 003 de 2014 Concesión Honda – Girardot – Puerto Salgar. Pago Seguridad Social Julio, Salarios Junio/2019 y Soportes Ingreso",15_01_Cartas_Enviadas/RADICADAS/2019/CI004_714919_070110_CON_SEGSOC_JUL_SAL-JUN2019.pdf
2408,10,CONSORCIO 4C,GP-6943,AGENCIA NACIONAL DE INFRAESTRUCTURA – ANI,ALMA-R-28192198,11/09/2019,"Concepto Interventoría sobre predios ALMA-5-0268, ALMA-5-0270, ALMA-5-0271",15_01_Cartas_Enviadas/RADICADAS/2019/CI004_694319_070401_CON_CONCEPTO_INTERVENTORIA_OFERTAS.pdf
2407,7,CONSORCIO 4C,GP-6459,CONCESIÓN ALTO MAGDALENA S.A.S,DIRECTOR PREDIAL - Consorcio 4C - ALMA-20191248,20/05/2019,Otorgamiento Plazo Cura,15_01_Cartas_Enviadas/RADICADAS/2019/CI004_645919_050300_CON_OTOR_PLAZO-CURA_SAB-AVA.PDF
2409,5,CONSORCIO 4C,GP-6732,CONCESIÓN ALTO MAGDALENA S.A.S - Ing. Claudia Cecilia Castillo Pico,ALMA-R-20191819,26/07/2019,Ref. Contrato de Concesión 003 de 2014-Concesión Honda – Girardot – Puerto Salgar-Revisión Estudios de Suelos Paso Peatonal sobre Cruce Férreo K32+500– UF-5.2,15_01_Cartas_Enviadas/RADICADAS/2019/CI004_673219_070107_CON_ALMA-02241_SUEL-PEAT-K32-UF5.2.pdf
2406,2,CONSORCIO 4C,GP-6001,CONCESIÓN ALTO MAGDALENA S.A.S.,ALMA-R-20190411,19/02/2019,Ref. Contrato de Concesión 003 de 2014 - Concesión Honda – Girardot – Puerto Salgar - Observaciones Informe Trimestral Social 17,15_01_Cartas_Enviadas/RADICADAS/2019/CI004_600119_070109_CON_ALMA-0520_INFOTRIMESTRAL_SOCIAL17.pdf
2411,3,CONSORCIO 4C,GP-6857,CONCESIÓN ALTO MAGDALENA S.A.S,ALMA-R-20192689,22/08/2019,Ref. Contrato de Concesión 003 de 2014 - Concesión Honda – Girardot – Puerto Salgar - Incumplimiento Cronograma de Adquisición Predial EER Predial UF2,15_01_Cartas_Enviadas/RADICADAS/2019/CI004_685719_070401_CON_SOLICITUD_CRONOGRAMA_EER-PREDIAL-UF2.pdf
2410,3,CONSORCIO 4C,GP-6516,CONCESIÓN ALTO MAGDALENA S.A.S - Ing. Claudia Cecilia Castillo Pico,ALMA-R-20191402,07/06/2019,Ref. Contrato de Concesión 003 de 2014-Concesión Honda – Girardot – Puerto Salgar-Obras de Drenaje Unidad Funcional 5.2,15_01_Cartas_Enviadas/RADICADAS/2019/CI004_651619_070107_CON_ALMA-2019-01789_OBRAS-DRENAJE -UF5.2.pdf
2412,4,CONSORCIO 4C,GP-5773,CONCESIÓN ALTO MAGDALENA S.A.S.,ALMA-R-28190839,04/01/2019,Ref. Contrato de Concesión 003 de 2014 Concesión Honda – Girardot – Puerto Salgar Aprovechamiento Forestal Eje 4 Glorieta Norcasia / UF 5.2,15_01_Cartas_Enviadas/RADICADAS/2019/CI004_577319_070108_APROV_FOREST_UF 5.2.pdf
2413,19,CONSORCIO 4C,GP-6530,AGENCIA NACIONAL DE INFRAESTRUCTURA – ANI,ALMA-R-20191438,12/06/2019,"Solicitud No objeción Plazo de Cura. Incumplimiento de las Obligaciones contempladas en el Apéndice Técnico 6, capítulo II, numeral 2.1, literales (a), (b) (d) y numeral 2.2, literales (a), (b), (c), (d) y (f",15_01_Cartas_Enviadas/RADICADAS/2019/CI004_653019_050300_ANI_NO-OBJ-CURA_APEN-TEC6_OC-UF3.pdf
2414,2,CONSORCIO 4C,GP-7286,AGENCIA NACIONAL DE INFRAESTRUCTURA - ANI,,09/12/2019,Ref. Contrato de Concesión 003 de 2014 Concesión Honda – Girardot – Puerto Salgar. Informe Socioambiental 49 Versión 00,15_01_Cartas_Enviadas/RADICADAS/2019/CI004_728619_090200_ANI_INF_SOCIOAMB_NOV-2019.pdf
2415,2,CONSORCIO 4C,GP-6421,CONCESIÓN ALTO MAGDALENA S.A.S,ALMA-R-201911198,16/05/2019,Ref. Contrato de Concesión 003 de 2014 Concesión Honda – Girardot – Puerto Salgar. Reiteración Seguimiento Procesos de Expropiación,15_01_Cartas_Enviadas/RADICADAS/2019/CI004_642119_070404_CON_REITERA_SEGU_EXPROP.PDF
2416,2,CONSORCIO 4C,GP-6152,CONCESIÓN ALTO MAGDALENA S.A.S - Ing. Claudia Cecilia Castillo Pico,ALMA-R-20190681,15/03/2019,Ref. Contrato de Concesión 003 de 2014 - Concesión Honda – Girardot – Puerto Salgar - Informe Trimestral Socio Ambiental 16 Versión 4,15_01_Cartas_Enviadas/RADICADAS/2019/CI004_615219_070108_CON_RESP_ALMA-2019-00827.pdf
2418,8,CONSORCIO 4C,GP-6167,CONCESIÓN ALTO MAGDALENA S.A.S.,ALMA-R-201908703,19/03/2019,Ref. Contrato de Concesión 003 de 2014 Concesión Honda – Girardot – Puerto Salgar Revisión Informe Semanal Avance Gestión Predial Unidad Funcional 4,15_01_Cartas_Enviadas/RADICADAS/2019/CI004_616719_070401_CON_EER4_INF_SEM-00872.pdf
2417,6,CONSORCIO 4C,GP-6088,CONCESIÓN ALTO MAGDALENA S.A.S.,ALMA-R-20190578,06/03/2019,Ref. Contrato de Concesión 003 de 2014 - Concesión Honda – Girardot – Puerto Salgar - Incumplimiento PMT – Intervención Puentes Doraditas y Galleras,15_01_Cartas_Enviadas/RADICADAS/2019/CI004_608819_070111_CON_PMT_DORADITAS_GALLERAS.pdf
2419,2,CONSORCIO 4C,GP-7373,AGENCIA NACIONAL DE INFRAESTRUCTURA – ANI,20194091368082,30/12/2019,Ref. Contrato de Concesión 003 de 2014 Concesión Honda – Girardot – Puerto Salgar. Informe Mensual de Supervisión Ambiental diciembre 2019.,15_01_Cartas_Enviadas/RADICADAS/2019/CI004_737319_090200_ANI_INF_MENS_SUPERV_GHP.pdf
2420,3,CONSORCIO 4C,GP-5825,CONCESIÓN ALTO MAGDALENA S.A.S.,ALMA-R-2019-0162,15/01/2019,Ref. Contrato de Concesión 003 de 2014 - Concesión Honda – Girardot – Puerto Salgar - Observaciones Resolución de Expropiación - Unidades Funcionales 4 y 5,15_01_Cartas_Enviadas/RADICADAS/2019/CI004_582519_070404_CON_RES_EXP_ALMA-2018-4761.pdf
2421,11,CONSORCIO 4C,GP-7263,AGENCIA NACIONAL DE INFRAESTRUCTURA - ANI,ALMA-R-20192829,02/12/2019,Ref. Contrato de Concesión 003 de 2014--Concesión Honda – Girardot – Puerto Salgar--Informe Verificación Resultados Puntos Conteo UF5 - Elusión,15_01_Cartas_Enviadas/RADICADAS/2019/CI004_726319_050300_ANI_INFORME_VERIFICA_CONTEO-UF5.pdf
2422,11,CONSORCIO 4C,GP-7145,CONCESIÓN ALTO MAGDALENA S.A.S,ALMA-R-28192623,07/11/2019,Ref. Contrato de Concesión 003 de 2014 - Concesión Honda – Girardot – Puerto Salgar. Requerimiento formal. Entrega Registros Control Calidad Productos Asociados Gestión Predial – Avalúos.,15_01_Cartas_Enviadas/RADICADAS/2019/CI004_714519_070406_CON_CTRL_CALIDAD_AVALUOS.pdf
2423,3,CONSORCIO 4C,GP-6917,"AGENCIA NACIONAL DE INFRAESTRUCTURA – ANI
Atención: Ing. Luis Eduardo Gutiérrez Díaz",20194090920982,03/09/2019,Ref. Contrato de Concesión 003 de 2014-Concesión Honda – Girardot – Puerto Salgar-Seguimiento Bimestral-Plan de Obras-Corte al 03 de Julio de 2019,15_01_Cartas_Enviadas/RADICADAS/2019/CI004_691719_070101_ANI_SEG_BIMES_PLANOBRA-JUL-19.pdf
2424,2,CONSORCIO 4C,GP-6138,CONCESIÓN ALTO MAGDALENA S.A.S,ALMA-R-20190656,13/03/2019,Ref. Contrato de Concesión 003 de 2014 Concesión Honda – Girardot – Puerto Salgar. Reiteración Requerimiento Proyección Costos Gestión Predial y Adquisición Predios,15_01_Cartas_Enviadas/RADICADAS/2019/CI004_613819_070406_CON_PROYECC_COSTO_PREDIAL.pdf
2425,3,CONSORCIO 4C,GP-6865,CONCESIÓN ALTO MAGDALENA S.A.S.,ALMA-R-2019-02622,22/08/2019,Ref. Contrato de Concesión 003 de 2014 - Concesión Honda – Girardot – Puerto Salgar - Observaciones Fichas Prediales UF5,15_01_Cartas_Enviadas/RADICADAS/2019/CI004_686519_070401_CON_FICH_ALMA-2019-02622.pdf
2426,23,CONSORCIO 4C,GP-6505,AGENCIA NACIONAL DE INFRAESTRUCTURA – ANI,20194090576722,06/06/2019,Contrato de Concesión bajo el esquema de APP No. 003 de 2014 - Contrato de Interventoría No. 145 de 2014. Concesión Honda - Puerto Salgar – Girardot.,15_01_Cartas_Enviadas/RADICADAS/2019/CI004_650519_050300_ANI_CONTROVE_AMIGA-COMPON_CERRO-COLORA.pdf
2427,3,CONSORCIO 4C,GP-7108,CONCESIÓN ALTO MAGDALENA S.A.S.,"ALMA-2019-03111, ALMA-2019-03162, ALMA-2019-03211",25/10/2019,Ref. Contrato de Concesión 003 de 2014 Concesión Honda – Girardot – Puerto Salgar Respuesta comunicación ALMA 2019 – 03111-03162-03211,15_01_Cartas_Enviadas/RADICADAS/2019/CI004_710819_070115_CON_RES_ALMA_03111.pdf
2430,3,CONSORCIO 4C,GP-5900,CONCESIÓN ALTO MAGDALENA S.A.S.,ALMA-R-20190248,31/01/2019,Ref. Contrato de Concesión 003 de 2014 - Concesión Honda–Girardot–Puerto Salgar - Acceso Discapacitados Peaje Cambao,15_01_Cartas_Enviadas/RADICADAS/2019/CI004_590019_070600_ACCESO_DISCAP_PEAJE-CAMBAO.pdf
2428,4,CONSORCIO 4C,GP-7170,CONCESIÓN ALTO MAGDALENA S.A.S - Ing. Claudia Cecilia Castillo Pico,ALMA-R-20192708,13/11/2019,Ref. Contrato de Concesión 003 de 2014 - Concesión Honda – Girardot – Puerto Salgar - Respuesta ALMA-2019-03270 / ICA N° 7 - Expediente LAV0063-00-2015,15_01_Cartas_Enviadas/RADICADAS/2019/CI004_717019_070108_CON_ALMA-2019-3270_ICA-7_UF1.pdf
2429,5,CONSORCIO 4C,GP-6391,CONCESIÓN ALTO MAGDALENA S.A.S,ALMA-R-20191145,09/05/2019,"y considerando que a dicho evento no asisten los líderes de las áreas trasversales a la financiera, es pertinente e indispensable aclarar y objetar de manera invariable las precisiones efectuadas por la Gerente del Concesionario, ya que estas sin lugar a dudas pretenden obviar y dilatar la atención de los requerimientos efectuados por esta Interventoría: (...) ""La interventoría, mediante Andrés Beltrán, manifiesta que está solicitando reintegro de recursos con los respectivos rendimientos por concepto del giro de anticipos para realizar siembra de árboles, siendo que esta subcuenta no permite realizar giros de anticipos, por lo que la Fiduciaria aclara que estos pagos no corresponden a el rubro indicado, sino a pagos establecidos contractualmente, adicional la Gerente de la Concesión manifiesta que va remitió una carta, dando respuesta indicando la gestión realizada mediante estos contratos que se encuentran en ejecución, los respectivos proveedores están cumpliendo con las actividades que le dan derechos a estos pagos realizados"". Con base en lo expuesto, es pertinente aclarar que a la fecha de emisión del presente comunicado, la Interventoría no ha recibido información que desvirtúe las precisiones y requerimientos efectuados a través del comunicado CI.004/GP5976/19/5.3 del 13 de febrero de 2019 por medio de la cual se solicitó a la ANI no objeción al plazo de cura por el incumplimiento de las obligaciones contempladas, principalmente en la Parte General del Contrato de Concesión, numeral 3.14 (g) (ii) y numeral 8.1 (c) (i) y del cual se remitió la respectiva copia al Concesionario; obligaciones relacionadas con la utilización de recursos provenientes de la subcuenta de compensaciones ambientales que a la fecha no han sido invertidos en cumplimiento de los alcances contractuales definidos entre el Concesionario y sus contratistas; por ende, es necesario aclarar que lo afirmado en dicho comité carece de fundamentos tangibles, razón por la cual se recomienda elevar en el momento indicado al área encargada cualquier tipo de inquietud cuando no se tiene certeza de la gestión hasta ahora desarrollada. Calle 30 N°8 — 19— Teléfono 8884979 — Girardot, Cundinamarca Correo Electrónico: info@inten/entoriaconsorcio4c.com www.interventoriaconsorcio4c.com GIRARDOT-CUNDINAMARCA, 13 de Mayo de 2019 Al contestar cite el numero de radicado de este documento ANI Numero de Radicado 20194090483782 Fecha: 13/05/2019 SENORES: AGENCIA NACIONAL DE INFRAESTRUCTURA Asunto: CI004_639119_CON_ACTA_33_FIDEICOMISO_COMPONENTE_AMBIENTAL",15_01_Cartas_Enviadas/RADICADAS/2019/CI004_639119_070108_CON_ACTA_33_FIDEICOMISO.PDF
2509,2,CONSORCIO 4C,GP-6070,CONCESIÓN ALTO MAGDALENA S.A.S.,ALMA-R-26198523,28/02/2019,Ref. Contrato de Concesión 003 de 2014 - Concesión Honda – Girardot – Puerto Salgar - Puesta en marcha IP/REV,15_01_Cartas_Enviadas/RADICADAS/2019/CI004_607019_070301_CON_VERIF_IP-REV.pdf
2511,3,CONSORCIO 4C,GP-6707,CONCESIÓN ALTO MAGDALENA S.A.S.,ALMA-R-20191759,19/07/2019,Ref. Contrato de Concesión 003 de 2014-Concesión Honda – Girardot – Puerto Salgar-Observaciones Fichas Prediales UF5,15_01_Cartas_Enviadas/RADICADAS/2019/CI004_670719_070401_CON_FICH_ALMA-2019-02207.pdf
2510,2,CONSORCIO 4C,GP-6538,CONCESIÓN ALTO MAGDALENA S.A.S,ALMA-R-20191450,13/06/2019,Ref. Contrato de Concesión 003 de 2014 Concesión Honda – Girardot – Puerto Salgar. Solicitud Cierre Plazo de Cura de Avalúos,15_01_Cartas_Enviadas/RADICADAS/2019/CI004_653819_050300_070401_CON_SOLICITUD_CURA_SAB-AVALUOS.PDF
2512,3,CONSORCIO 4C,GP-6735,CONCESIÓN ALTO MAGDALENA S.A.S.,ALMA-R-28191814,26/07/2019,Ref. Contrato de Concesión 003 de 2014 - Concesión Honda–Girardot–Puerto Salgar - Daño Equipos Interventoría Julio de 2019 - Peaje de Cambao.,15_01_Cartas_Enviadas/RADICADAS/2019/CI004_673519_070301_DANOS_EQUIPO_INTERVENT.pdf
2513,3,CONSORCIO 4C,GP-6334,CONCESIÓN ALTO MAGDALENA S.A.S.,ALMA-R-20191872,29/04/2019,Ref. Contrato de Concesión 003 de 2014-Concesión Honda – Girardot – Puerto Salgar.-Observaciones Expedientes Finales Prediales,15_01_Cartas_Enviadas/RADICADAS/2019/CI004_633419_070401_CON_EXP_FINAL-ALMA-2019-00735.PDF
2514,5,CONSORCIO 4C,GP-6948,CONCESIÓN ALTO MAGDALENA S.A.S,"ALMA-R-20192200, ANI 20194090828872",11/09/2019,Ref. Contrato de Concesión 003 de 2014-Concesión Honda – Girardot – Puerto Salgar.-Observaciones Revisión de Avalúos UF2 y UF5,15_01_Cartas_Enviadas/RADICADAS/2019/CI004_694819_070406_CON_AVALU_ALMA-02600-02603-02612-02768-02769.pdf
2516,2,CONSORCIO 4C,GP-7313,"AGENCIA NACIONAL DE INFRAESTRUCTURA - ANI, Atn. Ing. Manuel Isidro Raigozo Rubio",ALMA-R-28192947,13/12/2019,ACTAS DE RETRIBUCION UF1 Y UF3 OCTUBRE tEr NLM—R-22:192947,15_01_Cartas_Enviadas/RADICADAS/2019/CI004_731319_070210_ANI_ACTAS_RET_UF1_UF3_OC2019.pdf
2515,6,CONSORCIO 4C,GP-7280,CONCESIÓN ALTO MAGDALENA S.A.S.,"[{'radicado': '2019-409-099111-2', 'fecha': '19/Septiembre/2019'}, {'radicado': '2019-409-102620-2', 'fecha': '30/Septiembre/2019'}, {'radicado': '2019-409-107397-2', 'fecha': '11/Octubre/2019'}]",06/12/2019,Ref. Contrato de Concesión 003 de 2014 Concesión Honda – Girardot – Puerto Salgar. Incumplimiento Condiciones SST UF 4 y 5 Semana 252,15_01_Cartas_Enviadas/RADICADAS/2019/CI004_728019_070110_CON_SEGSISO_UF4-5_SEM252.pdf
2517,3,CONSORCIO 4C,GP-5802,CONCESIÓN ALTO MAGDALENA S.A.S - Ing. Claudia Cecilia Castillo Pico,ALMA-R-2018-4723,10/01/2019,Ref. Contrato de Concesión 003 de 2014--Concesión Honda – Girardot – Puerto Salgar--Artículo 5 Resolución 2602 de 2015,15_01_Cartas_Enviadas/RADICADAS/2019/CI004_580219_070108_CON_RESP_ALMA-2018-4723.pdf
2518,2,CONSORCIO 4C,GP-7200,CONCESIÓN ALTO MAGDALENA S.A.S. - Ing. Claudia Cecilia Castillo Pico,ALMA-R-20192714,19/11/2019,Ref. Contrato de Concesión 003 de 2014 - Concesión Honda – Girardot – Puerto Salgar - Diseño Geométrico Glorieta Oriental Nuevo Puente de Honda,15_01_Cartas_Enviadas/RADICADAS/2019/CI004_720019_070107_CON_DISE3_GLORI-ORIENTAL_NVO-PTE-HONDA.pdf
2519,2,CONSORCIO 4C,GP-5790,AGENCIA NACIONAL DE INFRAESTRUCTURA - ANI,20194090025132,10/01/2019,Ref. Contrato de Concesión 003 de 2014 Concesión Honda – Girardot – Puerto Salgar. Informe Mensual Técnico 50 Versión 00.,15_01_Cartas_Enviadas/RADICADAS/2019/CI004_579019_090200_INFORME_MENSUAL_DIC_2018.pdf
2520,7,CONSORCIO 4C,GP-6768,CONCESIÓN ALTO MAGDALENA S.A.S - Ing. Claudia Cecilia Castillo Pico,ALMA-R-20191867,01/08/2019,Ref. Contrato de Concesión 003 de 2014-Concesión Honda – Girardot – Puerto Salgar-Solicitud Actualización Olympus,15_01_Cartas_Enviadas/RADICADAS/2019/CI004_676819_070401_CON_SOLICITUD_ACTUALIZACION_OLYMPUS.pdf
2521,7,CONSORCIO 4C,GP-6034,CONCESIÓN ALTO MAGDALENA S.A.S - Ing. Claudia Cecilia Castillo Pico,ALMA-R-20190448,21/02/2019,Ref. Contrato de Concesión 003 de 2014 - Concesión Honda – Girardot – Puerto Salgar - Análisis comunicado ALMA-2019-00539,15_01_Cartas_Enviadas/RADICADAS/2019/CI004_603419_070108_CON_COMPENS_ALMA-2019-00539.pdf
2522,9,CONSORCIO 4C,GP-6783,CONCESIÓN ALTO MAGDALENA S.A.S,ALMA-2019-02199,02/08/2019,Ref. Contrato de Concesión 003 de 2014 - Concesión Honda – Girardot – Puerto Salgar - Memoria Técnica septiembre 2018/ Respuesta comunicado ALMA-2019-02199,15_01_Cartas_Enviadas/RADICADAS/2019/CI004_678319_070500_CON_MEMOTEC_SEPT2018_ALMA-02199.pdf
2523,4,CONSORCIO 4C,GP-6872,CONCESIÓN ALTO MAGDALENA S.A.S - Ing. Claudia Cecilia Castillo Pico,ALMA-R-2019-02487,23/08/2019,Ref. Contrato de Concesión 003 de 2014-Concesión Honda – Girardot – Puerto Salgar-Diseño Geométrico K130+637 a K131+233 Tramo Glorieta Pto. Bogotá y Nuevo Puente de Honda UF-5.1,15_01_Cartas_Enviadas/RADICADAS/2019/CI004_687219_070107_CON_ALMA-2019-02487_DIS-GEO-UF5.1.pdf
2524,8,CONSORCIO 4C,GP-6021,CONCESIÓN ALTO MAGDALENA S.A.S - Atn. Ing. Claudia Cecilia Castillo Pico,ALMA-R-20190433,20/02/2019,Ref. Contrato de Concesión 003 de 2014-Concesión Honda – Girardot – Puerto Salgar-Respuesta ALMA-2019-00585/Ocupación de Cauce K82+415 UF3,15_01_Cartas_Enviadas/RADICADAS/2019/CI004_602119_070108_CON_RESP_ALMA-2019-00585 (1).pdf
2525,2,CONSORCIO 4C,GP-6958,AGENCIA NACIONAL DE INFRAESTRUCTURA – ANI,20194090985392,18/09/2019,Ref. Contrato de Concesión 003 de 2014-Concesión Honda – Girardot – Puerto Salgar-Inventario Socioeconómico 5,15_01_Cartas_Enviadas/RADICADAS/2019/CI004_695819_070109_ANI_INVENT_SOCIOECONOMICO_5.pdf
2526,3,CONSORCIO 4C,GP-6626,CONCESIÓN ALTO MAGDALENA S.A.S.,ALMA-R-28191588,26/06/2019,Ref. Contrato de Concesión 003 de 2014 - Concesión Honda – Girardot – Puerto Salgar - Observaciones Expedientes Finales Prediales,15_01_Cartas_Enviadas/RADICADAS/2019/CI004_662619_070401_CON_EXP-FINAL_ALMA-2019-01917.pdf
2527,13,CONSORCIO 4C,GP-6568,CONCESIÓN ALTO MAGDALENA S.A.S - Ing. Claudia Cecilia Castillo Pico,ALMA-2019-00863,14/06/2019,Ref. Contrato de Concesión 003 de 2014 - Concesión Honda – Girardot – Puerto Salgar - Memoria Técnica Octubre 2018,15_01_Cartas_Enviadas/RADICADAS/2019/CI004_656819_070500_CON_MEMOTEC_OCTUBRE2018_ALMA-00863.PDF
2528,3,CONSORCIO 4C,GP-7163,CONCESIÓN ALTO MAGDALENA S.A.S.,ALMA-R-20192647,08/11/2019,Ref. Contrato de Concesión 003 de 2014 - Concesión Honda – Girardot – Puerto Salgar - Requerimiento de atención a Solicitud Miriam Ruiz de Forero. Accesos al predio ALMA-5-0111,15_01_Cartas_Enviadas/RADICADAS/2019/CI004_716319_070109-070401_CON_ACCESO_PREDIO-5-0111_MRUIZ-UF5..pdf
2529,7,CONSORCIO 4C,GP-5891,CONCESIÓN ALTO MAGDALENA S.A.S.,ALMA-R-28196228,29/01/2019,Ref. Contrato de Concesión 003 de 2014 - Concesión Honda – Girardot – Puerto Salgar - Aspectos e Impactos Ambientales UF 5.4,15_01_Cartas_Enviadas/RADICADAS/2019/CI004_589119_070108_CON_ASP_IMP_UF 5.4.pdf
2530,2,CONSORCIO 4C,GP-6142,CONCESIÓN ALTO MAGDALENA S.A.S.,ALMA-R-28190666,14/03/2019,"Ref. Contrato de Concesión 003 de 2014 Concesión Honda – Girardot – Puerto Salgar. Aprobación Informe Trimestral Socio – Ambiental 17, Componente Social",15_01_Cartas_Enviadas/RADICADAS/2019/CI004_614219_070109_CON_APROB_INFOSOCIAL_TRIMESTRAL-17.PDF
2531,5,CONSORCIO 4C,GP-5853,"AGENCIA NACIONAL DE INFRAESTRUCTURA – ANI
Atn.: Dr. Luis Eduardo Gutiérrez Díaz",Rad No. 2019-409-006301-2,22/01/2019,Ref. Contrato de Concesión 003 de 2014 - Concesión Honda — Girardot — Puerto Salgar - Remisión Formato GCSP-F-007 Informe de Ejecución de Recursos Públicos — Diciembre 2018,15_01_Cartas_Enviadas/RADICADAS/2019/CI004_585319_070202_ANI_REMI_FORM_GCSP-F-007_INFO_EJEC_RP_DIC2018.pdf
2534,3,CONSORCIO 4C,GP-6012,CONCESIÓN ALTO MAGDALENA S.A.S - Atn. Ing. Claudia Cecilia Castillo Pico,ALMA-R-201908426,20/02/2019,Ref. Contrato de Concesión 003 de 2014--Concesión Honda – Girardot – Puerto Salgar--Actualización PAGA UF 5.2,15_01_Cartas_Enviadas/RADICADAS/2019/CI004_601219_070108_CON_PAGA_UF5.2.pdf
2533,3,CONSORCIO 4C,GP-6978,CONCESIÓN ALTO MAGDALENA S.A.S.,ALMA-R-20192272,20/09/2019,Ref. Contrato de Concesión 003 de 2014 - Concesión Honda – Girardot – Puerto Salgar - Observaciones Fichas Prediales UF3 y UF5,15_01_Cartas_Enviadas/RADICADAS/2019/CI004_697819_070401_CON_FICH_ALMA-2019-02894-02770.pdf
2532,1,CONSORCIO 4C,GP-6863,"AGENCIA NACIONAL DE INFRAESTRUCTURA - ANI
Atn. Ing. Manuel Isidro Raigozo Rubio","ALMA-R-20192102, Rad No. 2019-409-091489-2",22/08/2019,"ACTAS DE RETRIBUCION UF4 DE AGOSTO A D Co nsorcio 4C LMPI-R-20192102 .004/68d3/19/7.2.10 Girardot — CND, 22 de agosto de 2019",15_01_Cartas_Enviadas/RADICADAS/2019/CI004_686319_070210_ANI_ACTAS_RETRIB_UF4_AGOS-DICI2018.pdf
2535,2,CONSORCIO 4C,GP-7159,AGENCIA NACIONAL DE INFRAESTRUCTURA - ANI,ANI 20183050278451,08/11/2019,Ref. Contrato de Concesión 003 de 2014-Concesión Honda – Girardot – Puerto Salgar. Remisión de Informe Semanal 59. Avance de Unidades Funcionales en Construcción.,15_01_Cartas_Enviadas/RADICADAS/2019/CI004_715919_091000_ANI_INF_ESP_N59.pdf
2537,3,CONSORCIO 4C,GP-6634,CONCESIÓN ALTO MAGDALENA S.A.S.,ALMA-R-20191619,02/07/2019,Ref. Contrato de Concesión 003 de 2014 - Concesión Honda – Girardot – Puerto Salgar. Observaciones Expedientes Finales Prediales,15_01_Cartas_Enviadas/RADICADAS/2019/CI004_663419_070401_CON_EXP_FINAL_ALMA-2019-01920.PDF
2536,5,CONSORCIO 4C,GP-6437,CONCESIÓN ALTO MAGDALENA S.A.S.,ALMA-R-20191218,17/05/2019,Ref. Contrato de Concesión 003 de 2014 - Concesión Honda – Girardot – Puerto Salgar. Incumplimiento Condiciones de seguridad UF 5. Semana 223,15_01_Cartas_Enviadas/RADICADAS/2019/CI004_643719_070110_CON_SEGSISO_UF5_SEM223.pdf
2538,3,CONSORCIO 4C,GP-6354,CONCESIÓN ALTO MAGDALENA S.A.S.,ALMA-R-201911111,03/05/2019,Ref. Contrato de Concesión 003 de 2014-Concesión Honda – Girardot – Puerto Salgar-Atención Sitios Críticos – Estabilidad Geotécnica,15_01_Cartas_Enviadas/RADICADAS/2019/CI004_635419_070104_CON_SITIOS_CRITICOS_UF23.PDF
2539,6,CONSORCIO 4C,GP-6636,AGENCIA NACIONAL DE INFRAESTRUCTURA - ANI,20194090671012,02/07/2019,Ref. Contrato de Concesión 003 de 2014 - Concesión Honda – Girardot – Puerto Salgar - Actualización Fechas Pólizas 2019 TRC-C-RCE,15_01_Cartas_Enviadas/RADICADAS/2019/CI004_663619_050300_ANI_POLIZ_ACTUALIZ_NOV.pdf
2542,2,CONSORCIO 4C,GP-6033,CONCESIÓN ALTO MAGDALENA S.A.S,ALMA-R-20190447,21/02/2019,Ref. Contrato de Concesión 003 de 2014 - Concesión Honda – Girardot – Puerto Salgar - Posible Afectación Glorieta Puerto Bogotá UF5.1,15_01_Cartas_Enviadas/RADICADAS/2019/CI004_603319_070107_CON_POSIBLE-AFECTACION_GLORIETA_UF5.1.pdf
2540,5,CONSORCIO 4C,GP-6337,CONCESIÓN ALTO MAGDALENA S.A.S,ALMA-R-20191973,26/04/2019,Ref. Contrato de Concesión 003 de 2014-Concesión Honda – Girardot – Puerto Salgar.-Observaciones Revisión de Avalúo UF2,15_01_Cartas_Enviadas/RADICADAS/2019/CI004_633719_070406_CON_AVALU_ALMA-2019-001194.PDF
2541,6,CONSORCIO 4C,GP-7032,CONCESIÓN ALTO MAGDALENA S.A.S.,ALMA-R-20192408,03/10/2019,Ref. Contrato de Concesión 003 de 2014-Concesión Honda – Girardot – Puerto Salgar-Revisión Diseños de Mezcla Asfáltica MDC-19-Asfalto Convencional 60/70 y Modificado Tipo III,15_01_Cartas_Enviadas/RADICADAS/2019/CI004_703219_070107_CON_ALMA-2019-02934_DISE-PAV_MDC-19.pdf
2543,4,CONSORCIO 4C,GP-6770,CONCESIÓN ALTO MAGDALENA S.A.S,ALMA-R-20191869,01/08/2019,Ref. Contrato de Concesión 003 de 2014-Concesión Honda – Girardot – Puerto Salgar.-Observaciones Revisión de Avalúo UF2,15_01_Cartas_Enviadas/RADICADAS/2019/CI004_677019_070406_CON_AVALU_ALMA-2019-02422.pdf
2544,9,CONSORCIO 4C,GP-6044,CONCESIÓN ALTO MAGDALENA S.A.S.,CI.004/GP6044/19/7.4.4,26/02/2019,Ref. Contrato de Concesión 003 de 2014-Concesión Honda – Girardot – Puerto Salgar-Observaciones Resolución de Expropiación UF4,15_01_Cartas_Enviadas/RADICADAS/2019/CI004_604419_070404_CON_OBS_RES_EXP_ALMA-2019-00544.pdf
2546,2,CONSORCIO 4C,GP-7050,"AGENCIA NACIONAL DE INFRAESTRUCTURA - ANI
Atn. Ing. Luis Eduardo Gutiérrez Díaz","2019-409-107987-2
ALMA-R-20192451",09/10/2019,Ref. Contrato de Concesión 003 de 2014 - Concesión Honda – Girardot – Puerto Salgar - Observaciones Resolución de Expropiación No. ALMA-3-0060,15_01_Cartas_Enviadas/RADICADAS/2019/CI004_705019_070404_ANI_OBSERV_RESL_EXP_ALMA-3-0060.pdf
2545,7,CONSORCIO 4C,GP-7379,CONCESIÓN ALTO MAGDALENA S.A.S,"[{'tipo': 'Recibo', 'numero': 'ALMA-R-2020-0034'}, {'tipo': 'ANI', 'numero': '20194090828872'}, {'tipo': 'Proceso', 'numero': 'REVISIÓN AVALÚO UF5 PRE ALMA-5-0074'}]",31/12/2019,Ref. Contrato de Concesión 003 de 2014 - Concesión Honda – Girardot – Puerto Salgar. Observaciones Revisión de Avalúo UF5. Predio ALMA-5-0074.,15_01_Cartas_Enviadas/RADICADAS/2019/CI004_737919_070406_CON_AVALU_ALMA-2019-03066.pdf
2626,3,CONSORCIO 4C,GP-6227,CONCESIÓN ALTO MAGDALENA S.A.S.,ALMA-2019-0948,29/03/2019,Ref. Contrato de Concesión 003 de 2014-Concesión Honda – Girardot – Puerto Salgar-Estabilidad Talud K37+500 UF2,15_01_Cartas_Enviadas/RADICADAS/2019/CI004_622719_070103_090300_CON_TALUD_K37_UF2.pdf
2627,4,CONSORCIO 4C,GP-5780,CONCESIÓN ALTO MAGDALENA S.A.S.,ALMA-R-20190033,04/01/2019,Ref. Contrato de Concesión 003 de 2014 - Concesión Honda – Girardot – Puerto Salgar - Hallazgo Vigas Postensadas Puente Burras K12+935 UF5.2,15_01_Cartas_Enviadas/RADICADAS/2019/CI004_578019_070103_CON_HALLAZGOS_VIGAS_PTE-BURRAS.pdf
2628,3,CONSORCIO 4C,GP-6068,CONCESIÓN ALTO MAGDALENA S.A.S.,ALMA-R-20190521,01/03/2019,Ref. Contrato de Concesión 003 de 2014 Concesión Honda – Girardot – Puerto Salgar. Solicitud Plan de Gestión de Riesgos de Desastres Empresas Públicas y Privadas. PGRDEPP.,15_01_Cartas_Enviadas/RADICADAS/2019/CI004_606819_070110_CON_PLAN-GESTION_RIESGOS-PGRDEPPP.pdf
2629,3,CONSORCIO 4C,GP-6124,CONCESIÓN ALTO MAGDALENA S.A.S.,ALMA-R-20190634,12/03/2019,Ref. Contrato de Concesión 003 de 2014 - Concesión Honda – Girardot – Puerto Salgar - Implementación PMT Sector PR38+013 a PR38+309 Carretera Honda – Río Ermitaño Ruta 4510 UF5.4,15_01_Cartas_Enviadas/RADICADAS/2019/CI004_612418_070111_CON_PMT_KORAN_UF5.4.pdf
2630,5,CONSORCIO 4C,GP-6748,CONCESIÓN ALTO MAGDALENA S.A.S - Atn. Ing. Claudia Cecilia Castillo Pico,ALMA-2018-4639,30/07/2019,Ref. Contrato de Concesión 003 de 2014 - Concesión Honda – Girardot – Puerto Salgar - Respuesta ALMA-2018-4639 / Observaciones Informe de Cierre Ambiental UF3,15_01_Cartas_Enviadas/RADICADAS/2019/CI004_674819_070108_CON_INFO-CIERRE_UF3_ALMA-2018-4639.pdf
2631,4,CONSORCIO 4C,GP-6040,AGENCIA NACIONAL DE INFRAESTRUCTURA - ANI,ALMA-R-26198468,22/02/2019,Ref. Contrato de Concesión 003 de 2014 - Concesión Honda – Girardot – Puerto Salgar - Informe terminación 180 días. Plazo de Cura-UF1,15_01_Cartas_Enviadas/RADICADAS/2019/CI004_604019_050300_ANI_TERMINAC_180-CURA_UF1.pdf
2633,4,CONSORCIO 4C,GP-6895,CONCESIÓN ALTO MAGDALENA S.A.S.,ALMA-R-20192073,28/08/2019,Ref. Contrato de Concesión 003 de 2014 - Concesión Honda – Girardot – Puerto Salgar - Observaciones Diseños Eléctricos UF-3,15_01_Cartas_Enviadas/RADICADAS/2019/CI004_689519_070107_CON_DIS_ELEC_UF3.pdf
2632,3,CONSORCIO 4C,GP-6113,CONCESIÓN ALTO MAGDALENA S.A.S.,ALMA-R-20190615,08/03/2019,Ref. Contrato de Concesión 003 de 2014-Concesión Honda – Girardot – Puerto Salgar-Entrega Información SINC – 2da Reiteración,15_01_Cartas_Enviadas/RADICADAS/2019/CI004_611319_070107_CON_SINC_2DA_REITERA.pdf
2635,3,CONSORCIO 4C,GP-7323,FIDUCIARIA BOGOTÁ S.A. - Dra. Mónica Lozano Rojas,ALMA-R-20192946,17/12/2019,Ref. Contrato de Concesión 003 de 2014 - Concesión Honda – Girardot – Puerto Salgar - Certificación Pagos Compensaciones Socioeconómicas,15_01_Cartas_Enviadas/RADICADAS/2019/CI004_732319_070402_FID_CERTI_PAGOS_COMP-SOCIOEC.pdf
2634,5,CONSORCIO 4C,GP-7292,CONCESIÓN ALTO MAGDALENA S.A.S,"['ALMA-2019-03617', 'ALMA-2019-03618', 'ALMA-2019-03619', 'ALMA-2019-03620', 'ALMA-2019-03621', 'ALMA-2019-03622', 'ANI-20194090828872', 'ALMA-R-20191922']",11/12/2019,Ref. Contrato de Concesión 003 de 2014-Concesión Honda – Girardot – Puerto Salgar-Observaciones Revisión de Avalúos UF5,15_01_Cartas_Enviadas/RADICADAS/2019/CI004_729219_070406_CON_AVALU_ALMA-03617-03618-03619-03620-03621-03622.pdf
2636,6,CONSORCIO 4C,GP-7018,CONCESIÓN ALTO MAGDALENA S.A.S.,ALMA-R-20192329,27/09/2019,Ref. Contrato de Concesión 003 de 2014-Concesión Honda – Girardot – Puerto Salgar-Entrega Áreas Desuso,15_01_Cartas_Enviadas/RADICADAS/2019/CI004_701819_050300_CON_ENTREGA_AREAS_DESUSO.pdf
2637,4,CONSORCIO 4C,GP-6721,CONCESIÓN ALTO MAGDALENA S.A.S - Ing. Claudia Cecilia Castillo Pico,ALMA-R-20191798,25/07/2019,Ref. Contrato de Concesión 003 de 2014 - Concesión Honda – Girardot – Puerto Salgar - Seguimiento Marco Normativo UF 4.2,15_01_Cartas_Enviadas/RADICADAS/2019/CI004_672119_070108_CON_MARCO_NORM_UF4.2.PDF
2638,1,CONSORCIO 4C,GP-6525,"AGENCIA NACIONAL DE INFRAESTRUCTURA - ANI, Dr. Luis Eduardo Gutiérrez Díaz",2019-409-060787-2,13/06/2019,Ref. Contrato de Concesión 003 de 2014 - Concesión Honda – Girardot – Puerto Salgar - Registro Fílmico Informe Mensual Técnico 55,15_01_Cartas_Enviadas/RADICADAS/2019/CI004_652519_090200_ANI_REGIS_FIL_INFO_MEN_TEC55.pdf
2639,3,CONSORCIO 4C,GP-6409,CONCESIÓN ALTO MAGDALENA S.A.S.,ALMA-R-2019-1195,16/05/2019,Ref. Contrato de Concesión 003 de 2014 Concesión Honda – Girardot – Puerto Salgar Seguimiento Constructivo Área de Servicio UF 5.2,15_01_Cartas_Enviadas/RADICADAS/2019/CI004_640919_070103_070107_CON_ALMA-2019-01478_AREA-SERVICIO_UF5.2.PDF
2640,4,CONSORCIO 4C,GP-7056,CONCESIÓN ALTO MAGDALENA S.A.S.,ALMA-R-20191205,09/10/2019,Ref. Contrato de Concesión 003 de 2014 - Concesión Honda – Girardot – Puerto Salgar - Seguimiento y revisión uso mezcla MDC-19 con asfalto normalizado 60/70 UF 5 - MECO.,15_01_Cartas_Enviadas/RADICADAS/2019/CI004_705619_070103_CON_ALMA-2019-02971_DIS-MEZ-MDC19_MECO.pdf
2641,28,CONSORCIO 4C,GP-5876,AGENCIA NACIONAL DE INFRAESTRUCTURA – ANI,2019-409-008950-2,29/01/2019,Ref. Contrato de Concesión 003 de 2014 Concesión Honda – Girardot – Puerto Salgar Acta de Retribución Diciembre 2018 Unidades Funcionales 1 y 2.,15_01_Cartas_Enviadas/RADICADAS/2019/CI004_587619_060200_ANI_REMIS_ALCANC_ACTAS_ RETRIB. DIC 2018_UF1_2.pdf
2642,3,CONSORCIO 4C,GP-6724,CONCESIÓN ALTO MAGDALENA S.A.S.,ALMA-R-20191795,25/07/2019,Ref. Contrato de Concesión 003 de 2014-Concesión Honda – Girardot – Puerto Salgar. Observaciones Fichas Prediales UF5,15_01_Cartas_Enviadas/RADICADAS/2019/CI004_672419_070401_CON_FICH_ALMA-2019-02117.PDF
2644,6,CONSORCIO 4C,GP-6467,AGENCIA NACIONAL DE INFRAESTRUCTURA,20194090531392,23/05/2019,Ref. gestión predial interventoría revisión entregas del concesionario,15_01_Cartas_Enviadas/RADICADAS/2019/CI004_646719_070401_ANI_REVISION_ENTREGAS_MAY2019.pdf
2643,2,CONSORCIO 4C,GP-7052,AGENCIA NACIONAL DE INFRAESTRUCTURA - ANI,20194091064122,09/10/2019,Ref. Contrato de Concesión 003 de 2014 Concesión Honda – Girardot – Puerto Salgar. Informe Socioambiental 47 Versión 00,15_01_Cartas_Enviadas/RADICADAS/2019/CI004_705219_090200_ANI_INF_SOCIOAMB_SEPT-2019.pdf
2645,4,CONSORCIO 4C,GP-6925,CONCESIÓN ALTO MAGDALENA S.A.S - Ing. Claudia Cecilia Castillo Pico,ALMA-R-20192165,04/09/2019,Ref. Contrato de Concesión 003 de 2014 - Concesión Honda – Girardot – Puerto Salgar - Observaciones Revisión de Avalúo UF5,15_01_Cartas_Enviadas/RADICADAS/2019/CI004_692519_070406_CON_AVALU_ALMA-2019-02606-02607.pdf
2648,3,CONSORCIO 4C,GP-6385,CONCESIÓN ALTO MAGDALENA S.A.S.,ALMA-R-20191152,10/05/2019,Ref. Contrato de Concesión 003 de 2014 Concesión Honda – Girardot – Puerto Salgar. Revisión Fichas Sociales,15_01_Cartas_Enviadas/RADICADAS/2019/CI004_638519_070402_CON_FICH_SOC_ALMA-2019-1355-1346.PDF
2646,2,CONSORCIO 4C,GP-6622,CONCESIÓN ALTO MAGDALENA S.A.S.,ALMA-R-20191576,26/06/2019,Ref. Contrato de Concesión 003 de 2014 - Concesión Honda – Girardot – Puerto Salgar - Traslado Solicitud Señor Alirio Salgueiro Urquijo,15_01_Cartas_Enviadas/RADICADAS/2019/CI004_662219_070109_CON_TRASL_SOLIC-ASALGUERO.PDF
2647,3,CONSORCIO 4C,GP-6673,CONCESIÓN ALTO MAGDALENA S.A.S.,ALMA-R-201916159,11/07/2019,Ref. Contrato de Concesión 003 de 2014 Concesión Honda – Girardot – Puerto Salgar. Incumplimiento Indicadores E15 (Puentes) y E13 (Barreras). Proceso de Verificación UF5.,15_01_Cartas_Enviadas/RADICADAS/2019/CI004_667319_090300_CON_INDICADOR_E15-E13_VERIFICA-UF5.PDF
2649,4,CONSORCIO 4C,GP-5927,CONCESIÓN ALTO MAGDALENA S.A.S,ALMA-R-201893299,06/02/2019,Ref. Contrato de Concesión 003 de 2014 - Concesión Honda – Girardot – Puerto Salgar - Observaciones Revisión de Avalúo UF3,15_01_Cartas_Enviadas/RADICADAS/2019/CI004_592719_070406_CON_OBS_ALMA-2018-4364.pdf
2652,5,CONSORCIO 4C,GP-6383,CONCESIÓN ALTO MAGDALENA S.A.S.,ALMA-R-20191138,09/05/2019,Ref. Contrato de Concesión 003 de 2014-Concesión Honda – Girardot – Puerto Salgar-Intersección Insegura - Postes Alumbrado Público,15_01_Cartas_Enviadas/RADICADAS/2019/CI004_638319_070304_CON_ZONA-LATE_INSEGUR_DEFENSAS-UF1.pdf
2651,6,CONSORCIO 4C,GP-7199,CONCESIÓN ALTO MAGDALENA S.A.S - Ing. Claudia Cecilia Castillo Pico,ALMA-R-20192716,19/11/2019,Ref. Contrato de Concesión 003 de 2014 - Concesión Honda – Girardot – Puerto Salgar. Observaciones Revisión de Avalúo UF5. Predios La Melissa,15_01_Cartas_Enviadas/RADICADAS/2019/CI004_719919_070406_CON_AVALU_ALMA-03300_MELISSA-IGAC.pdf
2650,3,CONSORCIO 4C,GP-6132,CONCESIÓN ALTO MAGDALENA S.A.S.,ALMA-R-20190658,13/03/2019,Ref. Contrato de Concesión 003 de 2014 - Concesión Honda – Girardot – Puerto Salgar - Afectación Cubierta Área Servicio UF 5.2,15_01_Cartas_Enviadas/RADICADAS/2019/CI004_613219_070103_CON_AFEC-CUBI_VENDAVAL_A-SERVICIO-UF5.2.pdf
2653,4,CONSORCIO 4C,GP-6104,CONCESIÓN ALTO MAGDALENA S.A.S,ALMA-R-20190715,06/03/2019,Ref. Contrato de Concesión 003 de 2014-Concesión Honda – Girardot – Puerto Salgar.-Observaciones Revisión de Avalúos UF3,15_01_Cartas_Enviadas/RADICADAS/2019/CI004_610419_070406_CON_OBS_ALMA-2019-00298-00500.pdf
2655,3,CONSORCIO 4C,GP-6340,CONCESIÓN ALTO MAGDALENA S.A.S.,ALMA-R-20191097,02/05/2019,Ref. Contrato de Concesión 003 de 2014 - Concesión Honda – Girardot – Puerto Salgar - Observaciones Fichas Prediales UF4,15_01_Cartas_Enviadas/RADICADAS/2019/CI004_634019_070401_CON_FICH_PRED_ALMA-2019-01323.PDF
2654,3,CONSORCIO 4C,GP-6464,CONCESIÓN ALTO MAGDALENA S.A.S,ALMA-R-201911525,23/05/2019,Ref. Contrato de Concesión 003 de 2014 - Concesión Honda – Girardot – Puerto Salgar. Respuesta ALMA-2019-01332 / Alcance comunicado CI004/GP5988/19/7.1.8,15_01_Cartas_Enviadas/RADICADAS/2019/CI004_646419_070108_CON_RESP_ALMA_2019_01332.PDF
2656,3,CONSORCIO 4C,GP-6089,CONCESIÓN ALTO MAGDALENA S.A.S.,ALMA-R-20190583,05/03/2019,Ref. Contrato de Concesión 003 de 2014 - Concesión Honda – Girardot – Puerto Salgar - Observaciones Resolución de Expropiación UF2,15_01_Cartas_Enviadas/RADICADAS/2019/CI004_608919_070404_CON_OBSE-RESO_EXPR_ALMA-2019-00646.pdf
2657,3,CONSORCIO 4C,GP-7233,CONCESIÓN ALTO MAGDALENA S.A.S,ALMA-R-20192787,28/11/2019,Ref. Contrato de Concesión 003 de 2014 Concesión Honda – Girardot – Puerto Salgar. Siembra Compensaciones,15_01_Cartas_Enviadas/RADICADAS/2019/CI004_723319_070108_CON_ALMA-2019-03480_SIEMB_COMP.pdf
2660,5,CONSORCIO 4C,GP-0388,AGENCIA NACIONAL DE INFRAESTRUCTURA - Dr. Manuel Isidro Raigozo Rubio,ANI (Código de barras: 2018-409-095368-2),11/09/2019,Ref.: Contrato 145 de 2014-Interventoría Honda-Girardot-Puerto Salgar-Reemplazo Personal Interventoría,15_01_Cartas_Enviadas/RADICADAS/2019/CI004_038819_020200_ANI_REEM_AUX_ING_.pdf
2661,3,CONSORCIO 4C,GP-6064,AGENCIA NACIONAL DE INFRAESTRUCTURA - ANI,ALMA-R-2019554,04/03/2019,Ref. Contrato de Concesión 003 de 2014 - Concesión Honda – Girardot – Puerto Salgar. Informe Terminación 180 días - Plazo de Cura-UF2,15_01_Cartas_Enviadas/RADICADAS/2019/CI004_606419_050300_ANI_TERMINAC_180_CURA-UF2.pdf
2658,35,CONSORCIO 4C,GP-5913,"AGENCIA NACIONAL DE INFRAESTRUCTURA – ANI
Atn.: Ing. Luis Eduardo Gutiérrez Díaz",2019-409-011581-2,04/02/2019,Informe de Interventoría (en cumplimiento de lo estipulado en el artículo 86 de la Ley 1474 de 2.011) Tema: Incumplimiento de la obligación relacionada con la puesta en disposición de las Intervenciones de la UF4 según las Especiaciones Técnicas exigidas y en los términos establecidos en la Sección 4.17 de la Parte General del Contrato de Concesión. (Incumplimiento al que hace alusión en literal (k) de la Sección 6.1 de la Parte Especial del Contrato de Concesión) / Vencimiento de Plazo de Cura otorgado mediante Acta de Terminación UF4.,15_01_Cartas_Enviadas/RADICADAS/2019/CI004_591319_050300_ANI_INCUM_INTERVENC_UF4.pdf
2659,5,CONSORCIO 4C,GP-7257,AGENCIA NACIONAL DE INFRAESTRUCTURA - ANI,20194091259252,29/11/2019,Ref. Contrato de Concesión 003 de 2014 - Concesión Honda – Girardot – Puerto Salgar - Acta Parcial de Obra 14.,15_01_Cartas_Enviadas/RADICADAS/2019/CI004_725719_070115_ANI_DESEMB_ACT_RED14.pdf
2662,19,CONSORCIO 4C,GP-5930,"AGENCIA NACIONAL DE INFRAESTRUCTURA – ANI, Atn. Ing. Luis Eduardo Gutiérrez Díaz",2019-409-015702-2,15/02/2019,"Concepto Interventoría Notificación Presunto Evento Eximente de Responsabilidad Unidad Funcional 1 Tema: Análisis del Presunto Evento Eximente de Responsabilidad (EER) en la Unidad Funcional 1 Relacionado con la Gestión Predial como Consecuencia de las Graves Afectaciones que ha Tenido el Proyecto de Concesión Vial, Objeto del Contrato 003 de 2014.",15_01_Cartas_Enviadas/RADICADAS/2019/CI004_593019_050300_ANI_CONCEP_INTERV_NOTF_PEE_RESPO_UF1.pdf
2663,4,CONSORCIO 4C,GP-6498,CONCESIÓN ALTO MAGDALENA S.A.S - Ing. Claudia Cecilia Castillo Pico,ALMA-R-20191367,04/06/2019,Ref. Contrato de Concesión 003 de 2014-Concesión Honda – Girardot – Puerto Salgar. Visita de Seguimiento y control ANLA / Resolución 1685 de 2015 y 00265 de 2017,15_01_Cartas_Enviadas/RADICADAS/2019/CI004_649819_070108_CON_VISIT_ANLA_UF1.pdf
2737,2,CONSORCIO 4C,GP-6539,AGENCIA NACIONAL DE INFRAESTRUCTURA - ANI,20194090609362,13/06/2019,Ref. Contrato de Concesión 003 de 2014 - Concesión Honda – Girardot – Puerto Salgar. Remisión de Informe Especial No. 39 - Pendientes UF3 y UF5,15_01_Cartas_Enviadas/RADICADAS/2019/CI004_653919_091000_ANI_INF_ESP_39.pdf
2738,4,CONSORCIO 4C,GP-5919,CONCESIÓN ALTO MAGDALENA S.A.S,ALMA-R-20190270,01/02/2019,Ref. Contrato de Concesión 003 de 2014 Concesión Honda – Girardot – Puerto Salgar Observaciones Revisión de Avalúo UF3,15_01_Cartas_Enviadas/RADICADAS/2019/CI004_591919_070406_CON_OBS_ALMA-2019-00172.pdf
2739,4,CONSORCIO 4C,GP-6803,CONCESIÓN ALTO MAGDALENA S.A.S,ALMA-R-20191925,08/08/2019,Ref. Contrato de Concesión 003 de 2014 - Concesión Honda – Girardot – Puerto Salgar. Observaciones Revisión de Avalúo UF5,15_01_Cartas_Enviadas/RADICADAS/2019/CI004_680319_070406_CON_AVALU_ALMA-2019-02340.pdf
2740,6,CONSORCIO 4C,GP-6805,CONCESIÓN ALTO MAGDALENA S.A.S,ALMA-R-20191919,08/08/2019,Ref. Contrato de Concesión 003 de 2014 Concesión Honda – Girardot – Puerto Salgar. Aspectos e Impactos Unidad Funcional 1,15_01_Cartas_Enviadas/RADICADAS/2019/CI004_680519_070108_CON_ASP_IMPACT_UF1.pdf
2741,2,CONSORCIO 4C,GP-6331,CONCESIÓN ALTO MAGDALENA S.A.S,ALMA-2019-01048,24/04/2019,Ref. Contrato de Concesión 003 de 2014 Concesión Honda – Girardot – Puerto Salgar. Certificaciones Fiduciaria. Requerimiento Soportes para Revisión,15_01_Cartas_Enviadas/RADICADAS/2019/CI004_633119_070404_CON_CERTIFICACIONES_FIDUCIARIA_MARZO2019.pdf
2743,3,CONSORCIO 4C,GP-6144,ALVARO CUBILLOS MOJICA,20194090270322,14/03/2019,Ref. Contrato de Concesión 003 de 2014-Concesión Honda – Girardot – Puerto Salgar-Respuesta solicitud,15_01_Cartas_Enviadas/RADICADAS/2019/CI004_614419_070109_TER_RTA_ACUBILLOS.pdf
2744,13,CONSORCIO 4C,GP-6220,"AGENCIA NACIONAL DE INFRAESTRUCTURA – ANI
Atención: Ing. Manuel Isidro Raigozo Rubio",ALMA-R-20190334,28/03/2019,Ref. Contrato de Concesión 003 de 2014 - Concesión Honda – Girardot – Puerto Salgar. Gestión Predial Interventoría Revisión Expedientes Finales,15_01_Cartas_Enviadas/RADICADAS/2019/CI004_622019_070401_ANI_REVISION_EXPEDIENTES_FINALES.pdf
2742,3,CONSORCIO 4C,GP-5833,CONCESIÓN ALTO MAGDALENA S.A.S.,ALMA-R-28190116,17/01/2019,Ref. Contrato de Concesión 003 de 2014-Concesión Honda – Girardot – Puerto Salgar-Incumplimiento Condiciones Seguridad UF 5 Semana 200,15_01_Cartas_Enviadas/RADICADAS/2019/CI004_583319_070110_CON_INCUMP_UF5_SEM200.pdf
2746,3,CONSORCIO 4C,GP-6471,CONCESIÓN ALTO MAGDALENA S.A.S.,ALMA-2019-01464,23/05/2019,Ref. Contrato de Concesión 003 de 2014 - Concesión Honda – Girardot – Puerto Salgar. Observaciones Fichas Prediales UF3,15_01_Cartas_Enviadas/RADICADAS/2019/CI004_647119_070401_CON_FICH-PRED_ALMA-2019-01464.PDF
2745,4,CONSORCIO 4C,GP-6231,AGENCIA NACIONAL DE INFRAESTRUCTURA – ANI,ANI 2019-409-031879-2,02/04/2019,Ref. Contrato de Concesión 003 de 2014-Concesión Honda – Girardot – Puerto Salgar-Informe de Incumplimiento Plazo de Cura – Andenes UF5.2 Alcance,15_01_Cartas_Enviadas/RADICADAS/2019/CI004_623119_050300_ANI_INCUMPLECURA_ANDENES_UF5_ALCANCE.pdf
2748,4,CONSORCIO 4C,GP-6233,CONCESIÓN ALTO MAGDALENA S.A.S.,ALMA-R-20190892,02/04/2019,Ref. Contrato de Concesión 003 de 2014 - Concesión Honda – Girardot – Puerto Salgar - Reunión Expropiaciones UF4,15_01_Cartas_Enviadas/RADICADAS/2019/CI004_623319_070404_CON_AYUDA_MEMORIA_EXPROPIAC-UF4.PDF
2747,2,CONSORCIO 4C,GP-6367,AGENCIA NACIONAL DE INFRAESTRUCTURA - ANI,"[{'radicado': '2019-409-047341-2', 'fecha_radicado': '10/05/2019', 'hora_radicado': '10:12:33', 'sello': 'ANI'}, {'radicado': 'ALMA-R-20191179', 'fecha_radicado': '14/05/2019', 'hora_radicado': '15:56:27', 'sello': 'CONCESIÓN ALTO MAGDALENA S.A.S'}]",07/05/2019,Ref. Contrato de Concesión 003 de 2014 - Concesión Honda – Girardot – Puerto Salgar - Observaciones Resolución de Expropiación Unidades Funcionales 4 y 5,15_01_Cartas_Enviadas/RADICADAS/2019/CI004_636719_070404_ANI_OBESERV_RESOL_EXP_UF4Y5 (1)1.pdf
2749,2,CONSORCIO 4C,GP-7336,AGENCIA NACIONAL DE INFRAESTRUCTURA - ANI,20194091326722,18/12/2019,Ref. Contrato de Interventoría ANI 145 de 2014 Concesión Girardot – Honda – Puerto Salgar Encuesta Satisfacción al Cliente año 2019,15_01_Cartas_Enviadas/RADICADAS/2019/CI004_733619_140711_ANI_ENCUESTA_SATISFACCION_CLIENTE-2019.pdf
2751,13,CONSORCIO 4C,GP-6597,AGENCIA NACIONAL DE INFRAESTRUCTURA - ANI,2019-409-065999-2,21/06/2019,Ref. Contrato de Concesión 003 de 2014 Concesión Honda – Girardot – Puerto Salgar Informe de Multa por el Incumplimiento al que hace alusión el Literal (c) de la Sección 6.1 de la Parte Especial / Vencimiento de Plazo de Cura Otorgado por NO Terminación de las Intervenciones de la UF5,15_01_Cartas_Enviadas/RADICADAS/2019/CI004_659719_050300_ANI_INFO_MUL_INCUM_NO_TER_INTERUF5_.PDF
2753,7,CONSORCIO 4C,GP-6974,CONCESIÓN ALTO MAGDALENA S.A.S.,ALMA-R-20192254,20/09/2019,Ref. Contrato de Concesión 003 de 2014 - Concesión Honda – Girardot – Puerto Salgar - Deficiencias Implementación del PMT,15_01_Cartas_Enviadas/RADICADAS/2019/CI004_697419_070111_CON_INCUMPLIMIENTO_PMT.pdf
2752,3,CONSORCIO 4C,GP-6427,CONCESIÓN ALTO MAGDALENA S.A.S.,ALMA-R-20191204,16/05/2019,Ref. Contrato de Concesión 003 de 2014 Concesión Honda – Girardot – Puerto Salgar Implantación y Diseños Obras de Drenaje de la Intersección La Melisa Unidad Funcional 5.2,15_01_Cartas_Enviadas/RADICADAS/2019/CI004_642719_070107_CON_DISEÑ_DRENAJE_MELISA-UF5.2.PDF
2750,4,CONSORCIO 4C,GP-7077,CONCESIÓN ALTO MAGDALENA S.A.S,ALMA-R-20192476,17/10/2019,Ref. Contrato de Concesión 003 de 2014 Concesión Honda – Girardot – Puerto Salgar. Observaciones Revisión de Avalúo UF2,15_01_Cartas_Enviadas/RADICADAS/2019/CI004_707719_070406_CON_AVALU_ALMA-2019-03051.pdf
2754,12,CONSORCIO 4C,GP-6257,AGENCIA NACIONAL DE INFRAESTRUCTURA – ANI,20194090348752,05/04/2019,Contrato de Concesión bajo el esquema de APP No. 003 de 2014 Concesión Honda – Girardot – Puerto Salgar. Contrato de Interventoría No. 145 de 2014. Concepto Interventoría Alcance Notificación Presunto Evento Eximente de Responsabilidad Unidad Funcional 2.,15_01_Cartas_Enviadas/RADICADAS/2019/CI004_625719_050300_ANI_EER_ALMA-2-0004-2.pdf
2755,4,CONSORCIO 4C,GP-6971,CONCESIÓN ALTO MAGDALENA S.A.S.,ALMA-R-20192267,19/09/2019,Ref. Contrato de Concesión 003 de 2014-Concesión Honda – Girardot – Puerto Salgar-Seguimiento en la calidad de la mezcla Asfáltica-Área de Servicio UF 5.2,15_01_Cartas_Enviadas/RADICADAS/2019/CI004_697119_070103_CON_ALMA-02804_AREA-SERV_UF5.2.pdf
2757,7,CONSORCIO 4C,GP-6173,CONCESIÓN ALTO MAGDALENA S.A.S. - Ing. Claudia Cecilia Castillo Pico,ALMA-R-20190713,20/03/2019,Ref. Contrato de Concesión 003 de 2014 Concesión Honda – Girardot – Puerto Salgar Implementación del PMT UF5. Alto riesgo de accidente.,15_01_Cartas_Enviadas/RADICADAS/2019/CI004_617319_070304_CON_PMT_UF5_.pdf
2756,4,CONSORCIO 4C,GP-7299,"AGENCIA NACIONAL DE INFRAESTRUCTURA - ANI
Atención: Ing. Luis Eduardo Gutiérrez Díaz",ALMA-R-20192934,12/12/2019,Ref. Contrato de Concesión 003 de 2014 Concesión Honda – Girardot – Puerto Salgar. Alcance Concepto Solicitud Concesionario Modificación Contrato - Demolición Puente Guarinó UF5,15_01_Cartas_Enviadas/RADICADAS/2019/CI004_729919_050300_ANI_DEMOLI_GUARI-UF5_ALCANCE-3.pdf
2758,3,CONSORCIO 4C,GP-5986,CONCESIÓN ALTO MAGDALENA S.A.S.,ALMA-R-20190388,14/02/2019,Ref. Contrato de Concesión 003 de 2014 Concesión Honda – Girardot – Puerto Salgar Seguimiento Avance de Obras Intersección Puente Actual Puerto Salgar (Costado Occidental) Ruta 45CLA Vía Norcasia,15_01_Cartas_Enviadas/RADICADAS/2019/CI004_598619_070101_CON_INTERV-PREDIOS_AVA-OBRA_NORCASIA-UF5.pdf
2759,7,CONSORCIO 4C,GP-7031,CONCESIÓN ALTO MAGDALENA S.A.S.,ALMA-R-20192399,03/10/2019,Ref. Contrato de Concesión 003 de 2014-Concesión Honda – Girardot – Puerto Salgar-Observaciones Justificación hidráulica Ocupación Cauce Expediente 51481 - Obra K82+415 UF3,15_01_Cartas_Enviadas/RADICADAS/2019/CI004_703119_070107_070108_CON_OCUPA_K82+415_UF3.pdf
2760,8,CONSORCIO 4C,GP-7008,CONCESIÓN ALTO MAGDALENA S.A.S,ALMA-R-2019-02952,27/09/2019,Ref. Contrato de Concesión 003 de 2014-Concesión Honda – Girardot – Puerto Salgar-Respuesta ALMA-2019-02952-/Incremento presupuesto Compensaciones Ambientales,15_01_Cartas_Enviadas/RADICADAS/2019/CI004_700819_070108_CON_PPTO_COMP-AMB_ALMA-2019-02952.pdf
2761,1,CONSORCIO 4C,GP-7093,AGENCIA NACIONAL DE INFRAESTRUCTURA - ANI,ALMA-R-20192522,24/10/2019,Actas da RetrIbtalon UF1 y u13 Apdt) 20 III ALMA—R-20192522,15_01_Cartas_Enviadas/RADICADAS/2019/CI004_709319_070210_ANI_AC_RET_UF1-UF3_AGOS2019.pdf
2762,6,CONSORCIO 4C,GP-6229,CONCESIÓN ALTO MAGDALENA S.A.S - Ing. Claudia Cecilia Castillo Pico,ALMA-R-25190544,29/03/2019,Otorgamiento Plazo de Cura,15_01_Cartas_Enviadas/RADICADAS/2019/CI004_622918_050300_CON_PLAZO_CURA_PMT.PDF
2765,9,CONSORCIO 4C,GP-6720,CONCESIÓN ALTO MAGDALENA S.A.S.,ALMA-R-20191797,25/07/2019,Ref. Contrato de Concesión 003 de 2014 - Concesión Honda – Girardot – Puerto Salgar - Plazo Cura Funcionamiento del SICC,15_01_Cartas_Enviadas/RADICADAS/2019/CI004_672019_050300_CON_SICC_PLAZO_CURA2.pdf
2766,4,CONSORCIO 4C,GP-0439,Agencia Nacional de Infraestructura,2019-409-107985-2,10/10/2019,Ref. Contrato de Interventoría 145 de 2014 - Interventoría Concesión Vial Girardot – Honda – Puerto Salgar - Envío Pago de Interventoría 59 y Factura de Venta 63,15_01_Cartas_Enviadas/RADICADAS/2019/CI004_043919_020100_ANI_PAGO MENSUAL 59_20190901-20190930_FV 63.pdf
2763,4,CONSORCIO 4C,GP-5805,CONCESIÓN ALTO MAGDALENA S.A.S - Atn. Ing. Claudia Cecilia Castillo Pico,ALMA-R-20193854,10/01/2019,"Ref. Contrato de Concesión 003 de 2014 - Concesión Honda – Girardot – Puerto Salgar - Resolución 1082 del 2018, Artículo 7, numerales 1 y 2",15_01_Cartas_Enviadas/RADICADAS/2019/CI004_580519_CON_RESP_ALMA-2018-4692 (1)-.pdf
2764,4,CONSORCIO 4C,GP-0329,AGENCIA NACIONAL DE INFRAESTRUCTURA - Dr. Luis Eduardo Gutiérrez Díaz,2019-409-083915-2,09/08/2019,Ref. Contrato de Interventoría 145 de 2014 - Interventoría Concesión Vial Girardot – Honda – Puerto Salgar - Envío Pago de Interventoría 57 y Factura de Venta 61,15_01_Cartas_Enviadas/RADICADAS/2019/CI004_032919_020100_ANI_PAGO MENSUAL 57_20190701-20190731_FV 61.pdf
2767,4,CONSORCIO 4C,GP-7180,CONCESIÓN ALTO MAGDALENA S.A.S,ALMA-R-20192577,15/11/2019,Ref. Contrato de Concesión 003 de 2014-Concesión Honda – Girardot – Puerto Salgar-Observaciones Revisión de Avalúo UF5,15_01_Cartas_Enviadas/RADICADAS/2019/CI004_718019_070406_CON_AVALU_ALMA-2019-03368..pdf
2768,3,CONSORCIO 4C,GP-6830,CONCESIÓN ALTO MAGDALENA S.A.S.,CI.004/GP6830/19/7.3.3,15/08/2019,Ref. Contrato de Concesión 003 de 2014 - Concesión Honda – Girardot – Puerto Salgar - Resultado Medición Niveles Servicio Abril 2019,15_01_Cartas_Enviadas/RADICADAS/2019/CI004_683019_070303_CON_E1_ABRIL_2019.pdf
2770,5,CONSORCIO 4C,GP-6884,CONCESIÓN ALTO MAGDALENA S.A.S. - Atn. Ing. Claudia Cecilia Castillo Pico,ALMA-R-20192053,27/08/2019,Ref. Contrato de Concesión 003 de 2014 - Concesión Honda – Girardot – Puerto Salgar - Postes Alumbrado Público – Riesgo Inminente,15_01_Cartas_Enviadas/RADICADAS/2019/CI004_688419_070304_CON_ZONA_LATERAL_UF1.pdf
2769,4,CONSORCIO 4C,GP-5794,CONCESIÓN ALTO MAGDALENA S.A.S,ALMA-R-20190064,04/01/2019,Ref. Contrato de Concesión 003 de 2014 - Concesión Honda – Girardot – Puerto Salgar - Observaciones Revisión de Avalúo UF2,15_01_Cartas_Enviadas/RADICADAS/2019/CI004_579419_070401_CON_OBS_ALMA-2018-4766.pdf
2771,4,CONSORCIO 4C,GP-7102,CONCESIÓN ALTO MAGDALENA S.A.S - Atn. Dra. Claudia Cecilia Castillo Pico,ALMA-R-28192538,25/10/2019,Ref. Contrato de Concesión 003 de 2014 - Concesión Honda – Girardot – Puerto Salgar - Marco Normativo Adquisición Material Vegetal - Ejecución Compensaciones Ambientales,15_01_Cartas_Enviadas/RADICADAS/2019/CI004_710219_070108_CON_ADQ_MAT_VEGET.pdf
2773,4,CONSORCIO 4C,GP-5974,CONCESIÓN ALTO MAGDALENA S.A.S - Atn. Dra. Claudia Cecilia Castillo Pico,ALMA-R-20195329,13/02/2019,Ref. Contrato de Concesión 003 de 2014 - Concesión Honda – Girardot – Puerto Salgar - Seguimiento Calidad Procesos Constructivos Peaje Brisas UF5.4 y alcance al comunicado CI.004/GP5171/18/7.1.7,15_01_Cartas_Enviadas/RADICADAS/2019/CI004_597419_070103_CON_PROC_CONS-ANDEN_PEAJE-UF5.pdf
2852,4,CONSORCIO 4C,GP-6063,CONCESIÓN ALTO MAGDALENA S.A.S - Ing. Claudia Cecilia Castillo Pico,ALMA-R-20190544,04/03/2019,Ref. Contrato de Concesión 003 de 2014 - Concesión Honda – Girardot – Puerto Salgar - Observaciones Revisión de Avalúo UFS,15_01_Cartas_Enviadas/RADICADAS/2019/CI004_606319_070406_CON_OBS_ALMA-2019-00327.PDF
2854,10,CONSORCIO 4C,GP-6065,CONCESIÓN ALTO MAGDALENA S.A.S.,ALMA-R-20199518,28/02/2019,Ref. Contrato de Concesión 003 de 2014 - Concesión Honda – Girardot – Puerto Salgar. Faja de exclusión en Pasos Urbanos,15_01_Cartas_Enviadas/RADICADAS/2019/CI004_606519_050300_CON_FAJA_PASOS_URBANOS (1).pdf
2853,3,CONSORCIO 4C,GP-5804,CONCESIÓN ALTO MAGDALENA S.A.S,ALMA-R-20190879,10/01/2019,Ref. Contrato de Concesión 003 de 2014 Concesión Honda – Girardot – Puerto Salgar Resolución 2129 del 30 de septiembre de 2015 Artículo 5° / Respuesta ALMA-2018-3749,15_01_Cartas_Enviadas/RADICADAS/2019/CI004_580419_CON_RESP_ALMA-2018-3749.pdf
2855,10,CONSORCIO 4C,GP-7370,CONCESIÓN ALTO MAGDALENA S.A.S.,ALMA-R-20193005,24/12/2019,Ref. Contrato de Concesión 003 de 2014 - Concesión Honda – Girardot – Puerto Salgar - Reiteración Falta Implementación PMT,15_01_Cartas_Enviadas/RADICADAS/2019/CI004_737019_070111_INCUMPLIMIENTO_PMT_DIC-2019.pdf
2856,2,CONSORCIO 4C,GP-6356,CONCESIÓN ALTO MAGDALENA S.A.S,ALMA-R-20191166,03/05/2019,Ref. Contrato de Concesión 003 de 2014 - Concesión Honda – Girardot – Puerto Salgar - Información Financiera Marzo 2019,15_01_Cartas_Enviadas/RADICADAS/2019/CI004_635619_070202_CON_FIDUCIA_MARZO-19.PDF
2858,3,CONSORCIO 4C,GP-7155,CONCESIÓN ALTO MAGDALENA S.A.S.,ALMA-R-20192639,08/11/2019,Ref. Contrato de Concesión 003 de 2014 - Concesión Honda – Girardot – Puerto Salgar - Observaciones Informe Avance Gestión Predial,15_01_Cartas_Enviadas/RADICADAS/2019/CI004_715519_070401_CON_OBS_INFOGP_ALMA-2019-03133.pdf
2857,7,CONSORCIO 4C,GP-6758,AGENCIA NACIONAL DE INFRAESTRUCTURA - ANI,ALMA-R-20191572,30/07/2019,Ref. Contrato de Concesión 003 de 2014 - Concesión Honda – Girardot – Puerto Salgar. Verificación Intervenciones - Terminación UF3,15_01_Cartas_Enviadas/RADICADAS/2019/CI004_675819_090300_ANI_INFORME_VERIFICACION_UF3.pdf
2859,2,CONSORCIO 4C,GP-5810,CONCESIÓN ALTO MAGDALENA S.A.S.,"ALMA-2019-4652, ALMA-2018-4740, ALMA-2018-4739",10/01/2019,Ref. Contrato de Concesión 003 de 2014-Concesión Honda – Girardot – Puerto Salgar.-Revisión Fichas Sociales,15_01_Cartas_Enviadas/RADICADAS/2019/CI004_581019_070402_CON_FICH_SOCIAL_ALMA-4652-4740-4739.pdf
2860,4,CONSORCIO 4C,GP-5941,CONCESIÓN ALTO MAGDALENA S.A.S,ALMA-R-20198334,08/02/2019,Ref. Contrato de Concesión 003 de 2014 - Concesión Honda – Girardot – Puerto Salgar - Revisión de Diseño Canal de Drenaje Longitudinal K12+196 al K12+541 de la Unidad Funcional 5.4,15_01_Cartas_Enviadas/RADICADAS/2019/CI004_594119_070107_CON_ALMA-4580_DIS-CANAL_K12+196-UF5.4.pdf
2861,3,CONSORCIO 4C,GP-7086,CONCESIÓN ALTO MAGDALENA S.A.S.,ALMA-R-20192497,18/10/2019,Ref. Contrato de Concesión 003 de 2014 Concesión Honda – Girardot – Puerto Salgar Medición Niveles Servicio Noviembre 2019,15_01_Cartas_Enviadas/RADICADAS/2019/CI004_708619_070303_MEDICI_INDICAD_NOVIEMBRE-19.pdf
2862,3,CONSORCIO 4C,GP-6194,CONCESIÓN ALTO MAGDALENA S.A.S.,ALMA-R-2019-00656,22/03/2019,Ref. Contrato de Concesión 003 de 2014 - Concesión Honda – Girardot – Puerto Salgar - Rta. ALMA-2019-00656 - PMT cierre de media instalación de equipos UF5.2,15_01_Cartas_Enviadas/RADICADAS/2019/CI004_619419_070111_CON_PMT_SOS_UF5.pdf
2863,3,CONSORCIO 4C,GP-6888,CONCESIÓN ALTO MAGDALENA S.A.S.,ALMA-R-20192062,27/08/2019,Ref. Contrato de Concesión 003 de 2014 Concesión Honda – Girardot – Puerto Salgar,15_01_Cartas_Enviadas/RADICADAS/2019/CI004_688819_070301_CON_IP-REV_GESTION_CRONOG.pdf
2864,3,CONSORCIO 4C,GP-6211,CONCESIÓN ALTO MAGDALENA S.A.S - Ing. Claudia Cecilia Castillo Pico,ALMA-2019-00835,27/03/2019,Ref. Contrato de Concesión 003 de 2014 - Concesión Honda – Girardot – Puerto Salgar - Informe Semestral de Seguimiento y Monitoreo N°3,15_01_Cartas_Enviadas/RADICADAS/2019/CI004_621119_070108_CON_INFO-SEG-MONIT_ALMA-2019-00835.pdf
2865,4,CONSORCIO 4C,GP-6309,CONCESIÓN ALTO MAGDALENA S.A.S,ALMA-R-20191010,16/04/2019,Ref. Contrato de Concesión 003 de 2014 - Concesión Honda – Girardot – Puerto Salgar - Seguimiento Adquisición Predial Glorieta Oriental,15_01_Cartas_Enviadas/RADICADAS/2019/CI004_630919_070101_CON_PREDIOS_GLORIETA_ORIENTAL-UF5.1.PDF
2866,4,CONSORCIO 4C,GP-7221,CONCESIÓN ALTO MAGDALENA S.A.S.,ALMA-R-20192766,27/11/2019,"Ref. Contrato de Concesión 003 de 2014-Concesión Honda – Girardot – Puerto Salgar-Rocería, Paisajismo y Mantenimiento de Plantaciones.",15_01_Cartas_Enviadas/RADICADAS/2019/CI004_722119_070303_CON_ROCERÍA_.pdf
2867,3,CONSORCIO 4C,GP-6651,CONCESIÓN ALTO MAGDALENA S.A.S.,ALMA-R-20191647,05/07/2019,Ref. Contrato de Concesión 003 de 2014-Concesión Honda-Girardot-Puerto Salgar-Solicitud Sra. Amanda Lucia Jiménez Sanz,15_01_Cartas_Enviadas/RADICADAS/2019/CI004_665119_070101_CON_PQR-AMANDA-JIMENEZ_UF5.2.PDF
2868,6,CONSORCIO 4C,GP-6987,"AGENCIA NACIONAL DE INFRAESTRUCTURA - ANI
Atención: Dr. Luis Eduardo Gutiérrez Díaz",2019-409-100550-2,24/09/2019,Ref. Contrato de Concesión 003 de 2014 Concesión Honda – Girardot – Puerto Salgar. Remisión Formato GCSP-F-207 Rendimientos Subcuentas – Agosto 2019,15_01_Cartas_Enviadas/RADICADAS/2019/CI004_698719_070200_ANI_REMISION_FORMATO_GCSP-F-207_RENDIMIENTOS_AGO-2019.pdf
2870,2,CONSORCIO 4C,GP-6140,AGENCIA NACIONAL DE INFRAESTRUCTURA,20194090260842,13/03/2019,remisión de informe especial no. 26 pendientes uf3 y uf5,15_01_Cartas_Enviadas/RADICADAS/2019/CI004_614019_091000_ANI_INF-ESP_26.pdf
2871,7,CONSORCIO 4C,GP-7192,"AGENCIA NACIONAL DE INFRAESTRUCTURA – ANI
Atención: Dr. Luis Eduardo Gutiérrez Díaz",2019-409-120841-2,18/11/2019,Ref. Contrato de Concesión 003 de 2014 Concesión Honda – Girardot – Puerto Salgar. Remisión Formato GCSP-F-207 Rendimientos Subcuentas – Octubre 2019.,15_01_Cartas_Enviadas/RADICADAS/2019/CI004_719219_070200_ANI_REMISION_FORMATO_GCSP-F-207_RENDIMIENTOS_OCT-20191.pdf
2869,5,CONSORCIO 4C,GP-5990,CONCESIÓN ALTO MAGDALENA S.A.S - Atn. Ing. Claudia Cecilia Castillo Pico,ALMA-R-20190408,19/02/2019,Ref. Contrato de Concesión 003 de 2014 - Concesión Honda – Girardot – Puerto Salgar - Atrasos en Construcción de Muros - UF5.1,15_01_Cartas_Enviadas/RADICADAS/2019/CI004_599019_070101_CON_ATRASO_MUROS_UF5.1.pdf
2872,17,CONSORCIO 4C,GP-5932,AGENCIA NACIONAL DE INFRAESTRUCTURA – ANI,20194090139492,08/02/2019,Contrato de Concesión bajo el esquema de APP No. 003 de 2014 Concesión Honda – Girardot – Puerto Salgar. Contrato de Interventoría No. 145 de 2014. Concepto Interventoría presunto Evento Eximente de Responsabilidad Unidad Funcional 2.,15_01_Cartas_Enviadas/RADICADAS/2019/CI004_593219_050300_ANI_EER_ALMA-2-0004-2.pdf
2875,9,CONSORCIO 4C,GP-6992,AGENCIA NACIONAL DE INFRAESTRUCTURA - ANI,20194090320992,26/09/2019,Ref. Contrato de Concesión 003 de 2014 - Concesión Honda – Girardot – Puerto Salgar - Proceso Conteo Glorieta Purnio y Glorieta el Korán,15_01_Cartas_Enviadas/RADICADAS/2019/CI004_699219_050300_ANI_INFO_CONTE_PURNIO-KORAN.pdf
2873,2,CONSORCIO 4C,GP-6982,AGENCIA NACIONAL DE INFRAESTRUCTURA - ANI,ANI 20183050278451,19/09/2019,Ref. Contrato de Concesión 003 de 2014-Concesión Honda – Girardot – Puerto Salgar-Remisión de Informe Semanal #53. Avance de Unidades Funcionales en Construcción.,15_01_Cartas_Enviadas/RADICADAS/2019/CI004_698219_091000_ANI_INF-ESP_53.pdf
2874,2,CONSORCIO 4C,GP-7251,CONCESIÓN ALTO MAGDALENA S.A.S.,ALMA-R-20192500,29/11/2019,Ref. Contrato de Concesión 003 de 2014 - Concesión Honda – Girardot – Puerto Salgar - Concepto Franja Adicional Requerida Para Obra Hidráulica/Geotécnica. K131+250. Puerto Bogotá. UF5,15_01_Cartas_Enviadas/RADICADAS/2019/CI004_725119_070107_CON_AREA-ADIC_REQUE_UF5.pdf
2876,1,CONSORCIO 4C,GP-5945,"AGENCIA NACIONAL DE INFRAESTRUCTURA - ANI, Dr. Luis Eduardo Gutiérrez Díaz",Rad No. 2019-409-013937-2,08/02/2019,Ref. Contrato de Concesión 003 de 2014 - Concesión Honda – Girardot – Puerto Salgar - Registro Fílmico Informe Mensual Técnico 51,15_01_Cartas_Enviadas/RADICADAS/2019/CI004_594519_090200_ANI_REGIS_FIL_INFO_MEN_TEC51.pdf
2877,3,CONSORCIO 4C,GP-6736,CONCESIÓN ALTO MAGDALENA S.A.S.,ALMA-R-20191815,26/07/2019,Ref. Contrato de Concesión 003 de 2014-Concesión Honda – Girardot – Puerto Salgar-Observaciones Resolución de Expropiación UF2,15_01_Cartas_Enviadas/RADICADAS/2019/CI004_673619_070404_CON_RES_EXP_ALMA-2019-02269.pdf
2878,9,CONSORCIO 4C,GP-6099,CONCESIÓN ALTO MAGDALENA S.A.S.,ALMA-R-20190685,08/03/2019,Ref. Contrato de Concesión 003 de 2014 - Concesión Honda – Girardot – Puerto Salgar. Predio Gibraltar II UF5.4 / Comunicado ANLA Radicado 2019017691-2-000,15_01_Cartas_Enviadas/RADICADAS/2019/CI004_609919_070108_070109_CON_PREDIO_GIBRALTAR 2.pdf
2880,9,CONSORCIO 4C,GP-6322,CONCESIÓN ALTO MAGDALENA S.A.S,ALMA-R-20191844,23/04/2019,Ref. Contrato de Concesión 003 de 2014 - Concesión Honda – Girardot – Puerto Salgar - Cumplimiento Auto 021 de 2018,15_01_Cartas_Enviadas/RADICADAS/2019/CI004_632219_070108_CON_AUTO-021_ALMA-2019-01204.PDF
2879,4,CONSORCIO 4C,GP-6968,CONCESIÓN ALTO MAGDALENA S.A.S.,ALMA-R-20192270,20/09/2019,Ref. Contrato de Concesión 003 de 2014-Concesión Honda – Girardot – Puerto Salgar.-Incumplimiento condiciones de seguridad UF 4 y 5. Semana 241,15_01_Cartas_Enviadas/RADICADAS/2019/CI004_696819_070110_CON_SEGSISO_UF5_SEM241 (1).pdf
2882,12,CONSORCIO 4C,GP-6199,AGENCIA NACIONAL DE INFRAESTRUCTURA – ANI,ALMA-2019-0851,26/03/2019,Ref. Contrato de Concesión 003 de 2014 Concesión Honda – Girardot – Puerto Salgar. Concepto alcance obras de rehabilitación UF5,15_01_Cartas_Enviadas/RADICADAS/2019/CI004_619919_050300_ANI_OBSERVA_REHABILITA_UF5.pdf
2881,4,CONSORCIO 4C,GP-7334,CONCESIÓN ALTO MAGDALENA S.A.S - Ing. Claudia Cecilia Castillo Pico,ALMA-R-20192955,18/12/2019,Ref. Contrato de Concesión 003 de 2014 Concesión Honda – Girardot – Puerto Salgar. Auto ANLA 08192 de 26 de septiembre de 2019 / Seguimiento y Control Ambiental UF1,15_01_Cartas_Enviadas/RADICADAS/2019/CI004_733419_070108_CON_AUTO_ANLA__08192-UF1.pdf
2883,3,CONSORCIO 4C,GP-6401,CONCESIÓN ALTO MAGDALENA S.A.S. - Ing. Claudia Cecilia Castillo Pico,ALMA-R-201911183,14/05/2019,Ref. Contrato de Concesión 003 de 2014 Concesión Honda – Girardot – Puerto Salgar. Observaciones Expedientes Finales Prediales,15_01_Cartas_Enviadas/RADICADAS/2019/CI004_640119_070401_CON_EXP-FINAL_ALMA-2019-00904-00905-00906.PDF
2885,4,CONSORCIO 4C,GP-6116,CONCESIÓN ALTO MAGDALENA S.A.S,ALMA-2019-00669,07/03/2019,Ref. Contrato de Concesión 003 de 2014 - Concesión Honda – Girardot – Puerto Salgar - Observaciones Revisión de Avalúo UF3,15_01_Cartas_Enviadas/RADICADAS/2019/CI004_611619_070406_CON_OBS_ALMA-2019-00669.PDF
2884,17,CONSORCIO 4C,GP-6507,"AGENCIA NACIONAL DE INFRAESTRUCTURA – ANI, Atn.: Ing. Luis Eduardo Gutiérrez Díaz",2019-409-058852-2,07/06/2019,"se notifica un presunto Evento Eximente de Responsabilidad (EER) como consecuencia de la identificación de una nueva Red en el sector en el que se construirá la Intersección Puente Actual Puerto Salgar (Costado Occidental) vía Norcasia, de la Unidad Funcional 5. En consecuencia, la Interventoría rinde el presente informe con base en los hechos y actuaciones que se expondrán dentro del siguiente temario y que son conocidas por la ANI, por el Concesionario y por la Interventoría. TEMARIO 1 ANTECEDENTES 2 2 CONTEXTUALIZACIÓN 4 2.1 PRESUPUESTOS CONTRACTUALES 4 2.2 SOBRE EL EVENTO EXIMENTE DE RESPONSABILIDAD DE CARA AL CONTRATO DE CONCESIÓN 003 DE 2.014 6 2.3 PROCEDIMIENTO DE INFORMACIÓN DE UN EER 11 3 PRONUNCIAMIENTO DE LA INTERVENTORÍA 12 4 CONCLUSIONES 17 Calle 30 N° 8 — 19 — Teléfono 8884979 — Girardot, Cundinamarca Correo Electrónico: info@interventoriaconsorcio4c.com www.interventoriaconsorcio4c.com Atn.: Ing. Luis Eduardo Gutiérrez Díaz Vicepresidente de Gestión Contractual- AGENCIA NACIONAL DE INFRAESTRUCTURA — ANI Comunicación CI.004/GP6507/19/5.3 Página 2 de 17 DESARROLLO 1 ANTECEDENTES 1. El 9 de septiembre de 2.014, se celebró Contrato de Concesión bajo el esquema de APP 003 de 2.014 entre la ANI y el Concesionario ALTO MAGDALENA S.A.S. 2. Los Apéndices técnicos hacen parte integral del Contrato de Concesión y sus disposiciones son de obligatorio cumplimiento. 3. Las Partes suscribieron el Acta de Inicio mediante la cual se dio inicio a la Fase de Preconstrucción a partir del 4 de noviembre de 2.014. 4. El Concesionario con la comunicación ALMA-2015-1396 radicada el 21 de octubre de 2.015, presenta el Inventario y Plan de Traslado y/o Manejo de Redes, información que la Interventoría revisó y con la comunicación C1.004/GP0388/15/7.1.15 del 27 de octubre de 2.015, manifestó ""...que el documento cumple con los lineamientos establecidos en el Apéndice 5 Interferencias con Redes, Capítulo III Obligaciones del Concesionario con respecto a las Redes afectadas por el Proyecto"". 5. El día 27 de octubre de 2.015, los representantes de la ANI, el Concesionario y la Interventoría suscribieron el ""ACTA DE HALLAZGOS DE REDES PROYECTO HONDA - PUERTO SALGAR - GIRARDOT'. 6. En el Acta de Hallazgos de Redes se presentó corno anexo, entre otras, las redes pertenecientes a CENIT TRANSPORTE Y LOGÍSTICA DE HIDROCARBUROS S.A.S., como se aprecia en la siguiente tabla: Tabla 1. Redes de Cenit Identificadas el Acta de Hallaz os de Redes r. ' 1 1 1 k . X '' Pollducto Salgar - N« Oreó 74°39 '43 281'W 05°21'13,12""N Políducto Salgar - Marie uita ODECA 74°39'43 28""W 05°21'13,12N 2 Poliducte Salgar - Neívá 74°38 'Si 82''W 05°25'36,0n PoliduCto Salgar - Madi ijita ODECA) 74°38'51 82""W 05°25'36 03""N 3 Poliducto Salgar - Nelva _ 74°38'7 80""W 05°24'15 54% Foliducto Sal r Mari ita ODECA) 74°38'7.80""W 05°2415 4""N Pollducto Exxon Mobil 74°38'23 33""W 05°27'18 99""N Jet dücto Sal . ar4'alen• uen3 74°38'23 33AV 05°27'18 99""N Tubeda de Agua 74°3823 33""'W 05°27'18,99""N Fuente: Documento Convenio ALMA - CENIT En el esquema que se presenta a continuación, se puede observar la localización de cada uno de los puntos de cruce del Proyecto con las redes de CENIT, identificadas en el Acta de Hallazgos de Redes: Calle 30 N° 8 — 19 — Teléfono 8884979 — Girardot, Cundinamarca Correo Electrónico: info@interventoriaconsorcio4c.com www.interventoriaconsorcio4c.com O Google La O. ada ,uerto Salgar 9 Parque Simón Both'tar 4qCght,t,z1: 17 ARAISO PURNIO • Poliducto Salgar — Neiva Poliducto Salgar— Mariquita (ODECA) • Poliducto Salgar — Neiva Poliducto Salgar — Mariquita (ODECA) • Poliducto Salgar Neiva Poliducto Salgar — Mariquita (MECA) • Poliducto Exxon - Mobil Jet Ducto Salgar Palanquero Tubería de agua ® Glorieta con EER Atn.: Ing. Luis Eduardo Gutiérrez Díaz Vicepresidente de Gestión Contractual- AGENCIA NACIONAL DE INFRAESTRUCTURA — ANI Comunicación CI.004/GP6507/19/5.3 Página 3 de 17 Figura 1. Localización de Redes de CENIT identificadas en el Acta de Hallazgos de Redes 4 SC? Fuente: Elaboración propia 7. Posteriormente, el 3 de noviembre de 2.015, las Partes suscribieron el Acta de Inicio de la Fase de Construcción con la cual se dio inicio a la mencionada Fase. 8. La Interventoría con la comunicación C1.004/GP0732/16/7.1.15 del 7 de abril de 2.016, emite concepto de No Objeción al convenio firmado por la Concesión Alto Magdalena S.A.S. y CENIT TRANSPORTE Y LOGISTICA DE HIDROCARBUROS S.A.S. representada por ECOPETROL S.A., dado que cumple con los requisitos contractuales. 9. Según lo establece la sección 3.8 de la Parte Especial del Contrato de Concesión, la duración estimada de la Fase de construcción corresponde a mil ochenta (1.080) días (contados a partir de la fecha de suscripción del Acta de Inicio de la Fase de Construcción), es decir que la fecha en la cual el Concesionario debió haber terminado sus actividades constructivas es el 18 de octubre de 2.018. 10. Sin embargo, al 18 de octubre de 2.018 el Concesionario no había terminado las actividades constructivas en la Unidad Funcional 5, por lo cual esta Interventoría, emitió el documento con radicado ANI 2018-409-1284172 solicitando a la Agencia Nacional de Infraestructura el pronunciamiento de ""No objeción"" para el otorgamiento al Concesionario de un Plazo de Cura por el incumplimiento de la obligación relacionada con la terminación de la Unidad Funcional 5, el cual fue tasado en el veinte por ciento (20%) del plazo previsto en el Contrato para la terminación de dicha Unidad Funcional 5 estimado en 216 días calendario, ello en los términos de la sección 6.1(c) de la Parte Especial del Contrato de Concesión. Calle 30 N° 8 — 19 — Teléfono 8884979 — Girardot, Cundinamarca Correo Electrónico: info@interventoriaconsorcio4c.com www.interventoriaconsorcio4c.com Atn.: lng. Luis Eduardo Gutiérrez Díaz Vicepresidente de Gestión Contractual- AGENCIA NACIONAL DE INFRAESTRUCTURA — ANI Comunicación CI.004/GP6507/19/5.3 Página 4 de 17 11. En respuesta a la solicitud de No Objeción, la ANI se pronunció favorablemente por medio del comunicado 2018-305-039451-1 (radicado el 29 de noviembre de 2.018), en los siguientes términos: ""De acuerdo con lo expuesto, la Entidad considera procedente impartir la No Objeción al Plazo de Cura determinado por el Interventor para el saneamiento del presunto incumplimiento, el cual vence el 23 de mayo de 2.019, como quiera que, se ha observado el procedimiento y las condiciones establecidas para el otorgamiento del mismo."" 12. Por lo tanto, esta Interventoría, a través del oficio CI.004/GP5657/18/5.3 con radicado ANI 20184091284172 del 6 de diciembre de 2.018, le otorgó un Plazo de Cura al Concesionario para que éste concluyera las Intervenciones de la Unidad Funcional 5, el cual venció el 23 de mayo de 2.019,. 13. Mediante la comunicación ALMA-2019-01643 fechada el 9 de mayo de 2.019 el Concesionario notifica a la Agencia Nacional de Infraestructura (ANI) la ocurrencia de un presunto Evento Eximente de Responsabilidad (EER) como consecuencia de la identificación de una nueva Red en el sector en el que se construirá la Intersección Puente Actual Puerto Salgar (Costado Occidental) vía Norcasia, de la Unidad Funcional 5. 2 CONTEXTUALIZACIÓN 2.1 PRESUPUESTOS CONTRACTUALES Para el análisis de la solicitud del Concesionario, resulta relevante considerar los requisitos establecidos contractualmente en el Apéndice Técnico 5 Interferencias con Redes, en su numeral 3.2 Obligaciones del Concesionario con Relación a las Redes que se pueden afectar por el Proyecto y su subnumeral 3.2.1 en la Fase de Preconstrucción, 3.2.2 en la Fase de Construcción y en el Contrato Parte General numeral 8.2 Redes y en especial lo establecido en el Capítulo III de la ley 1682 de 2.013. Es importante tener en cuenta lo mencionado en el capitulo III del Apéndice Técnico 5 en el siguiente numeral: 3.1 Afectación o Interferencia de las Redes (a) ""Para efectos del presente Apéndice, se presumirá que una Red se ve afectada por una Intervención cuando por causa o con ocasión de su implementación se pudieren causar impactos que pongan en peligro la integridad de una Red y/o la prestación del servicio asociada a la misma."" (b) ""Al detectarse una potencial afectación a Red, el Concesionario deberá adelantar cualquier actividad constructiva que sea idónea para su solución, incluyendo, sin limitarse, a: (1) Traslado definitivo de la Red. (II) Protección durante construcción de la Red. Calle 30 N° 8 — 19 — Teléfono 8884979 — Girardot, Cundinamarca Correo Electrónico: info@interventoriaconsorcio4c.com www.interventoriaconsorcio4c.com Atn.: Ing. Luis Eduardo Gutiérrez Díaz Vicepresidente de Gestión Contractual- AGENCIA NACIONAL DE INFRAESTRUCTURA — ANI Comunicación CI.004/GP6507/19/5.3 Página 5 de 17 al° Protección definitiva de la Red. (iv) Reposición de la Red. (c) ""En todo caso, será responsabilidad exclusiva del Concesionario determinar qué constituye una afectación o interferencia de una Intervención a una Red y la solución técnica para resolverla de acuerdo con lo previsto en este Apéndice y la Ley Aplicable."" Por otra parte, en el contrato de Concesión Parte General se menciona lo siguiente: 8.2 Redes (a): Conforme a lo señalado en el presente Contrato, el Concesionario deberá efectuar un inventario de las Redes que se encuentren dentro del Corredor del Proyecto antes de cualquier Intervención, durante la Fase de Preconstrucción, inventario que constará en un acta debidamente suscrita por las Partes y el Interventor. Además de la información que debe recabarse de las entidades que puedan ser titulares de dichas Redes, el Concesionario deberá realizar sondeos y adoptar otros procedimientos que, de acuerdo con el estado de la técnica, le permitan identificar la real existencia de Redes que puedan ser afectadas por las Intervenciones. (b) Al momento de efectuar los Estudios de Trazado y Diseño Geométrico, e/ Concesionario deberá analizar la pertinencia de afectar Redes existentes aplicando los criterios previstos en el artículo 4 7, numeral 1, de la ley 1682 de 2013. (i) Fuerza Mayor por Redes: (0"" Si transcurrieren ciento ochenta (180) Días contados desde la presentación de la solicitud a la que se refiere el artículo 48 de la ley 1682 de 2013, por parte del Concesionario a la empresa titular de las Redes, sin que se haya logrado iniciar las obras de protección, traslado o reubicación de las Redes y siempre que 0 el Concesionario demuestre al Interventor que ha adelantado de manera diligente, completa, técnica y adecuada y dentro de los plazos previstos, todos los trámites a cargo del responsable de la infraestructura de transporte, tal y como esos trámites se definen en la norma citada, y ii) que el no inicio de la obras sobre las Redes no se deba a causas imputables al Concesionario, las Partes podrán: (1) ""Redefinir el Plan de Obras previo concepto de la Interventoría. Una vez redefinido el Plan de Obras, se entenderá que el Concesionario no ha incumplido con la obligación de entregar las Intervenciones en las fechas inicialmente previstas. Tan pronto se efectúe el traslado o protección de las Redes, el Concesionario deberá ejecutar las Intervenciones que hagan falta. En este caso, se podrá aplicar lo previsto en la Sección 14.1 de esta Parte General, de cumplirse con las condiciones previstas en dicha Sección"". Calle 30 N° 8 — 19 — Teléfono 8884979 — Girardot, Cundinamarca Correo Electrónico: info@interventoriaconsorcio4c.com www.interventoriaconsorcio4c.com Atn.: Ing. Luis Eduardo Gutiérrez Díaz Vicepresidente de Gestión Contractual- AGENCIA NACIONAL DE INFRAESTRUCTURA — ANI Comunicación CI.004/GP6507/19/5.3 Página 6 de 17 (2) ""Redefinir el alcance de las obras. En este caso, el valor de la Retribución correspondiente a la Unidad Funcional afectada se recalculará para reflejar las modificaciones realizadas, en la medida en que se está ante un Evento Eximente de Responsabilidad, para lo cual la ANI podrá usar como referencia la Información Financiera. En caso de desacuerdo entre las Partes se acudirá al Amigable Componedor."" (ii): Si, durante la Fase de Construcción, aparecen Redes que no pudieron ser identificadas en el inventario que debe realizar el Concesionario de conformidad con la Sección 8.2(a) de esta Parte General, se entenderá que ha ocurrido una Fuerza Mayor por Redes, siempre que la lnterventoría certifique que la no identificación no le es imputable al Concesionario. (Negrilla fuera de texto) (iii): Cuando ocurra una Fuerza Mayor por Redes, de ser el caso, se aplicará lo previsto en la Sección 14.2 (h) de esta Parte General. (iv) Si la Fuerza Mayor por Redes genera la necesidad de incurrir en costos adicionales para el traslado o protección de las Redes, el riesgo de dichos costos, se manejará de conformidad con lo previsto en las Secciones 8.2(c), 8.2(d), 8.2(e), 8.2(0, 8.2(g) y 8.2(h) de esta Parte General"". (v) Cualquier conflicto que surja con ocasión de la aplicación de la presente Sección 8.2(i) podrá ser llevado al Amigable Componedor"". Ley 1682 de 2.013 Artículo 47 Numeral: ""Formulación y ejecución de proyectos de infraestructura de transporte que involucran la protección, el traslado o reubicación de redes y activos. Las entidades públicas o personas de derecho privado responsables de formular y ejecutar proyectos de infraestructura de transporte deberán analizar, en cada caso lo siguiente: 1. La pertinencia de proteger, trasladar o reubicar las redes y activos de servicios publicos, de la industria del petróleo o de tecnología de la información y de las comunicaciones como consecuencia del desarrollo de estos proyectos o de conservar o modificar la ubicación del proyecto de infraestructura. En todo caso deberá primar la opción que implique menores costos e impactos generales."" 2.2 SOBRE EL EVENTO EXIMENTE DE RESPONSABILIDAD DE CARA AL CONTRATO DE CONCESIÓN 003 DE 2.014 La Sección 14.2 de la Parte General del Contrato de Concesión define el EER en los siguientes términos: ""14.2. Evento Eximente de Responsabilidad (a) Las Partes quedarán exentas de toda responsabilidad por cualquier demora en la ejecución de las obligaciones emanadas del Contrato, cuando con la debida comprobación se concluya por acuerdo de las Partes o, a falta de ello, por el Amigable Componedor, que la demora es el resultado de hechos que Calle 30 N° 8 — 19 — Teléfono 8884979 — Girardot, Cundinamarca Correo Electrónico: info@interventoriaconsorcio4c.com www.interventoriaconsorcio4c.com Atn.: Ing. Luis Eduardo Gutiérrez Díaz Vicepresidente de Gestión Contractual- AGENCIA NACIONAL DE INFRAESTRUCTURA — ANI Comunicación CI.004/GP6507/19/5.3 Página 7 de 17 puedan ser definidos como Evento Eximente de Responsabilidad, en los términos de la presente Sección 14.2. La demora en el cumplimiento de cualquier Contratista o subcontratista del Concesionario no se considerará por si sola Evento Eximente de Responsabilidad. (b)Se entenderá por Evento Eximente de Responsabilidad cualquier evento, circunstancia o combinación de eventos o circunstancias fuera del control razonable de la Parte que lo invoca, que afecte en forma sustancial y adversa el cumplimiento de las obligaciones derivadas del Contrato, respecto de las cuales se invoca; después de haber efectuado todos los actos razonablemente posibles para evitarlo. Se entiende incluido dentro del concepto de Evento Eximente de Responsabilidad, cualquier evento de Fuerza Mayor, incluyendo la Fuerza Mayor Predial, la Fuerza Mayor Ambiental y la Fuerza Mayor por Redes. (c )La ocurrencia de un Evento Eximente de Responsabilidad eximirá a las Partes del cumplimiento de las obligaciones que se les impone bajo el Contrato en la extensión prevista en la Ley Aplicable, salvo por las obligaciones de pago de dinero (sin perjuicio de lo previsto en la Sección 3.9 (e) de esta Parte General). (Negrilla fuera del texto original)."" (• • •)"" Así las cosas, para que un evento o circunstancia o combinación de eventos o circunstancias pueda catalogarse como Evento Eximente de Responsabilidad debe cumplir con los requisitos que se presentan en la siguiente tabla: Tabla 2. Requisitos contractuales para la ocurrencia de un evento Requisito .. s ‹,.. roximagi A juicio de esta Interventoría, que un evento se encuentre fuera del control razonable de la parte que lo invoca implica que se trate de circunstancias extraordinarias, imprevistas e imprevisibles y extrañas a la parte afectada. El evento, La Jurisprudencia ha definido estos conceptos así: circunstancia o combinación de ""Extraordinarias, son aquellas cuya ocurrencia probable está fuera eventos o circunstancias de lo ordinario, normal, natural, común, usual, lógico, habitual, corriente, frecuencia o periodicidad, atendido el marco fáctico del deben estar suceso, sus antecedentes, el estado actual de la ciencia, y la situación fuera del control concreta según las reglas de experiencia. Imprevisible, es todo razonable de la evento que, en forma abstracta, objetiva y razonable no puede Parte que lo preverse con relativa aptitud o capacidad de previsión, ""que no haya invoca. podido preverse, no con imposibilidad metafísica, sino que no se haya presentado con caracteres de probabilidad... Hay obligación de prever lo que es suficientemente probable, no lo que es simplemente posible. Se debe prever lo que es normal, no hay porque prever lo que es excepcional"" o según los criterios generalmente admitidos, poco probable, raro, remoto, repentino, inopinado, sorpresivo, súbito, incierto, anormal e infrecuente (...). Imprevisto, es el acontecimiento Calle 30 N° 8 — 19 — Teléfono 8884979 — Girardot, Cundinamarca Correo Electrónico: info@interventoriaconsorcio4c.com www.interventoriaconsorcio4c.com Atn.: Ing. Luis Eduardo Gutiérrez Díaz Vicepresidente de Gestión Contractual- AGENCIA NACIONAL DE INFRAESTRUCTURA — ANI Comunicación CI.004/GP6507/19/5.3 Página 8 de 17 .. Réquisit6 A oxumacion singular no previsto ex ante, previa, antelada o anticipadamente por el sujeto en su situación, profesión u oficio, conocimiento, experiencia, diligencia o cuidado razonable. Lo extraordinario u ordinario, previsible e imprevisible, previsto e imprevisto, no obedece a un criterio absoluto, rígido e inflexible sino relativo, y está deferido a la ponderada apreciación del juzgador en cada caso según la situación específica, el marco fáctico de circunstancias, el estado del conocimiento, el progreso, el deber de cuidado exigible y la experiencia decantada de la vida. La ajenidad de los hechos sobrevenidos (...) es necesaria en la imprevisión, en tanto extraños a su órbita, esfera o círculo de riesgo, conducta, comportamiento, acción u omisión, hecho o acto, que no las haya causado, motivado, agravado, incurrido en dolo o culpa u omitido medidas idóneas para evitarlos o atenuar sus efectos, siéndole exigible y pudiendo hacerlo. Los eventos pueden originarse en la otra parte, nunca en la afectada, pues al serle imputable jamás podrá invocar su propio acto. Y lo que se dice de la parte comprende el hecho de las personas por quienes responde legal o contractualmente"" (Negrilla fuera del texto original) 12 1 Corte Suprema de Justicia, Sala de Casación Civil, sentencia del 21 de febrero de 2.012, expediente n.° 11001-3103-040-2006-00537-01, M.P. W am Namén Vargas 2 Consejo de Estado. Sala de lo Contencioso Administrativo. Sección Tercera. Subsección B. Consejero Ponente: Danilo Rojas Betancourth. Bogotá D.C., Veintiséis (26) de Julio de Dos Mil Doce (2.012). Radicación Número: 25000-23-26-000-1998-01474-01(22756). Calle 30 N° 8 — 19 — Teléfono 8884979 — Girardot, Cundinamarca Correo Electrónico: info@interventoriaconsorcio4c.com www interventoria consorcio4c.com Atn.: Ing. Luis Eduardo Gutiérrez Díaz Vicepresidente de Gestión Contractual- AGENCIA NACIONAL DE INFRAESTRUCTURA — ANI Comunicación CI.004/GP6507/19/5.3 Página 9 de 17 P ir , •4. 1 19X;MaCIP ""' , , ' VAIMIA ax ' Según la Real Academia de la Lengua afectar significa ""Menoscabar, perjudicar, influir desfavorablemente"". Por su parte, sustancial significa ""Que constituye lo esencial y más importante de algo"". De suerte que, una afectación sustancial implicaría una alteración o menoscabo esencial e importante que tiene incidencia en las obligaciones del contrato y por ende afecta su cumplimiento. Jurisprudencialmente se ha entendido que la afectación sustancial hace alusión a situaciones extraordinarias, ajenas a las partes, imprevisibles y posteriores a la celebración del contrato que alteran el El evento, circunstancia o combinación de eventos o circunstancias deben afectar en cumplimiento de las obligaciones en forma anormal y grave, sin imposibilitar su ejecución.3 En términos del Consejo de Estado la afectación sustancial se traduce forma sustancial en circunstancias ""que, aunque no modifiquen directamente el objeto y adversa el del contrato, (...) inciden o repercuten sobre él haciéndolo más cumplimiento de oneroso para el contratista sin culpa de éste""4. Ello quiere decir, que las obligaciones es factible cumplir el objeto contractual, pero en condiciones mucho derivadas del más gravosas para el contratista.' Contrato Así las cosas, la afectación sustancial, ""(...) supone circunstancias imprevistas y completamente imprevisibles, pero que no hacen totalmente imposible la ejecución de la obligación"" 6. respecto de las cuales se invoca.",15_01_Cartas_Enviadas/RADICADAS/2019/CI004_650719_050300_ANI_REDES_INTERSECC_NORCASIA_UF5.pdf
2886,5,CONSORCIO 4C,GP-6829,CONCESIÓN ALTO MAGDALENA S.A.S.,ALMA-R-20191970,15/08/2019,Ref. Contrato de Concesión 003 de 2014 - Concesión Honda – Girardot – Puerto Salgar - Incumplimiento Implementación PMT Fase Construcción UF5,15_01_Cartas_Enviadas/RADICADAS/2019/CI004_682919_070111_CON_PMT_UF5_XZ.pdf
2887,4,CONSORCIO 4C,GP-6081,CONCESIÓN ALTO MAGDALENA S.A.S,ALMA-R-20190551,04/03/2019,Ref. Contrato de Concesión 003 de 2014 - Concesión Honda – Girardot – Puerto Salgar - Observaciones Revisión de Avalúo UFS,15_01_Cartas_Enviadas/RADICADAS/2019/CI004_608119_070406_CON_OBS_ALMA-2019-00326.pdf
2889,4,CONSORCIO 4C,GP-5818,CONCESIÓN ALTO MAGDALENA S.A.S,ALMA-R-28190889,11/01/2019,Ref. Contrato de Concesión 003 de 2014 - Concesión Honda – Girardot – Puerto Salgar - Observaciones Revisión Avalúo UF3,15_01_Cartas_Enviadas/RADICADAS/2019/CI004_581819_070406_CON_OBS_ALMA-2018-4741.pdf
2888,4,CONSORCIO 4C,,CONCESIÓN ALTO MAGDALENA S.A.S - Atn. Ing. Claudia Cecilia Castillo,"ALMA-R-20190925, Rad No. 2019-409-054953-2",05/04/2019,Ref. Contrato de Concesión 003 de 2014 - Concesión Honda – Girardot – Puerto Salgar - Devolución Actas Retribución UF4,15_01_Cartas_Enviadas/RADICADAS/2019/CI004_622219A_070210_CON_DEVOL_ACTA_UF4.pdf
2890,6,CONSORCIO 4C,GP-6993,CONCESIÓN ALTO MAGDALENA S.A.S.,ALMA-RC-20192322,26/09/2019,Ref. Contrato de Concesión 003 de 2014-Concesión Honda – Girardot – Puerto Salgar-Aspectos e Impactos Ambientales UF 5.2,15_01_Cartas_Enviadas/RADICADAS/2019/CI004_699319_070108_CON_ASP_IMP_UF 5.2.pdf
2891,4,CONSORCIO 4C,GP-6139,CONCESIÓN ALTO MAGDALENA S.A.S - Ing. Claudia Cecilia Castillo Pico,ALMA-R-28190657,13/03/2019,Ref. Contrato de Concesión 003 de 2014-Concesión Honda – Girardot – Puerto Salgar-Observaciones Revisión de Avalúo UF5,15_01_Cartas_Enviadas/RADICADAS/2019/CI004_613919_070406_CON_OBS_ALMA-2019-00659.pdf
2894,3,CONSORCIO 4C,GP-7197,CONCESIÓN ALTO MAGDALENA S.A.S.,ALMA-R-20192712,19/11/2019,Ref. Contrato de Concesión 003 de 2014 - Concesión Honda – Girardot – Puerto Salgar - Observaciones Fichas Prediales UF3,15_01_Cartas_Enviadas/RADICADAS/2019/CI004_719719_070401_CON_FICH_ALMA-2019-02757.pdf
2893,4,CONSORCIO 4C,GP-6591,CONCESIÓN ALTO MAGDALENA S.A.S - Atn. Ing. Claudia Cecilia Castillo Pico,ALMA-R-20191518,20/06/2019,Ref. Contrato de Concesión 003 de 2014-Concesión Honda – Girardot – Puerto Salgar-Visita de Seguimiento Cormagdalena UF2 y UF4.2 / Resolución 020 de 21 de enero de 2016,15_01_Cartas_Enviadas/RADICADAS/2019/CI004_659119_070108_CON_VIST_SEG_CORMAGDA.pdf
2892,3,CONSORCIO 4C,GP-6215,CONCESIÓN ALTO MAGDALENA S.A.S.,ALMA-R-20190825,27/03/2019,"Ref. Contrato de Concesión 003 de 2014 Concesión Honda – Girardot – Puerto Salgar. Revisión Fichas Sociales - Respuesta a comunicaciones ALMA-2019-00860, ALMA-2019-00785, ALMA-2019-00965 y ALMA-2019-00961",15_01_Cartas_Enviadas/RADICADAS/2019/CI004_621519_070402_CON_FICH_SOCIA_ALMA-00860-00785-00965-00961.pdf
2895,4,CONSORCIO 4C,GP-7293,CONCESIÓN ALTO MAGDALENA S.A.S,ALMA-R-20192857,11/12/2019,Ref. Contrato de Concesión 003 de 2014-Concesión Honda – Girardot – Puerto Salgar-Observaciones Revisión de Avalúo UF2,15_01_Cartas_Enviadas/RADICADAS/2019/CI004_729319_070406_CON_AVALU_ALMA-2019-03055.pdf
2898,3,CONSORCIO 4C,GP-5785,CONCESIÓN ALTO MAGDALENA S.A.S.,ALMA-R-28190843,04/01/2019,Ref. Contrato de Concesión 003 de 2014-Concesión Honda – Girardot – Puerto Salgar-Cajas Paso Eléctricas Estación Peaje y Pesaje Brisas,15_01_Cartas_Enviadas/RADICADAS/2019/CI004_578519_070301_CON_DEFICIEN_CAJAS-ELECTRI_BRISAS.pdf
2896,5,CONSORCIO 4C,GP-6054,CONCESIÓN ALTO MAGDALENA S.A.S.,ALMA-R-20190498,26/02/2019,Ref. Contrato de Concesión 003 de 2014 - Concesión Honda – Girardot – Puerto Salgar - Observaciones Entrega Informe Trimestral No. 17,15_01_Cartas_Enviadas/RADICADAS/2019/CI004_605419_070110_CON_OBS_INFORME_TRIMESTRAL17.pdf
2899,4,CONSORCIO 4C,GP-5959,CONCESIÓN ALTO MAGDALENA S.A.S.,ALMA-R-20190368,13/02/2019,Ref. Contrato de Concesión 003 de 2014 - Concesión Honda – Girardot – Puerto Salgar - Seguimiento Calidad Andenes del K0+380 al K0+460 UF 5.2,15_01_Cartas_Enviadas/RADICADAS/2019/CI004_595919_070103_CON_ANDENES_UF5.2_DEFIC.pdf
2897,9,CONSORCIO 4C,GP-6936,CONCESIÓN ALTO MAGDALENA S.A.S,"ANI No. 20194090675792, ANI No. 20194090715722, ANI No. 20194090793512, ANI No. 20194090803702, ALMA-R-20192171",06/09/2019,Ref. Contrato de Concesión 003 de 2014-Concesión Honda – Girardot – Puerto Salgar.-Seguimiento Plataforma Olympus,15_01_Cartas_Enviadas/RADICADAS/2019/CI004_693619_070401_CON_SEGUIM_PLATAFO_OLYMPUS.pdf
2900,2,CONSORCIO 4C,GP-6657,AGENCIA NACIONAL DE INFRAESTRUCTURA - ANI,20194090704812,10/07/2019,Ref. Contrato de Concesión 003 de 2014 Concesión Honda – Girardot – Puerto Salgar. Informe Socioambiental 44 Versión 00.,15_01_Cartas_Enviadas/RADICADAS/2019/CI004_665719_090200_INFORME_SOCIOAMBIENTAL_JUN-2019.pdf
2901,13,CONSORCIO 4C,GP-0333,"AGENCIA NACIONAL DE INFRAESTRUCTURA – ANI, Atn. Ing. Luis Eduardo Gutiérrez Díaz",20164344001203,14/08/2019,Ref. Contrato de Interventoría 145 de 2014 - Concesión Honda — Girardot — Puerto Salgar - Acta de Declaratoria de Evento Eximente de Responsabilidad Predial Unidad Funcional 1,15_01_Cartas_Enviadas/RADICADAS/2019/CI004_033319_050300_ANI_ACTA_EER_PREDIAL_FZA_AEREA_UF1.pdf
2902,5,CONSORCIO 4C,GP-6587,CONCESIÓN ALTO MAGDALENA S.A.S.,ALMA-R-20191384,19/06/2019,Ref. Contrato de Concesión 003 de 2014 - Concesión Honda – Girardot – Puerto Salgar - Pozos de la Red de Alcantarillado,15_01_Cartas_Enviadas/RADICADAS/2019/CI004_658719_070115_CON_POZO_RED_ALCANTA.PDF
2903,5,CONSORCIO 4C,GP-6495,CONCESIÓN ALTO MAGDALENA S.A.S - Atn. Ing. Claudia Cecilia Castillo Pico,ALMA-R-20191354,04/06/2019,Ref. Contrato de Concesión 003 de 2014 - Concesión Honda – Girardot – Puerto Salgar. Observaciones Informe Trimestral Socio Ambiental N°17 Versión 01,15_01_Cartas_Enviadas/RADICADAS/2019/CI004_649519_070108_CON_ALMA-2019-16601.pdf
2904,2,CONSORCIO 4C,GP-7245,CONCESIÓN ALTO MAGDALENA S.A.S.,ALMA-R-20192776,28/11/2019,Ref. Contrato de Concesión 003 de 2014 - Concesión Honda – Girardot – Puerto Salgar - Revisión Fichas Sociales,15_01_Cartas_Enviadas/RADICADAS/2019/CI004_724519_070402_CON_REV_FSOCIAL_ALMA-03565.pdf
2906,3,CONSORCIO 4C,GP-6101,CONCESIÓN ALTO MAGDALENA S.A.S.,ALMA-R-28198597,07/03/2019,Ref. Contrato de Concesión 003 de 2014 - Concesión Honda – Girardot – Puerto Salgar - Medición Niveles Servicio Marzo de 2019,15_01_Cartas_Enviadas/RADICADAS/2019/CI004_610119_070303_MEDICI_INDICAD_MARZO-19.pdf
2905,4,CONSORCIO 4C,GP-6374,CONCESIÓN ALTO MAGDALENA S.A.S,ALMA-R-20191129,07/05/2019,Ref. Contrato de Concesión 003 de 2014-Concesión Honda – Girardot – Puerto Salgar.-Respuesta ALMA-2019-01388-/Plan de Reasentamiento,15_01_Cartas_Enviadas/RADICADAS/2019/CI004_637419_070108_070109_CON_RESP_ALMA-2019-01388.pdf
2908,4,CONSORCIO 4C,GP-6612,CONCESIÓN ALTO MAGDALENA S.A.S.,ALMA-20191054,26/06/2019,Ref. Contrato de Concesión 003 de 2014-Concesión Honda – Girardot – Puerto Salgar-Implantación y Diseños Espacio Público Peatonal-Puerto Bogotá UF5.1,15_01_Cartas_Enviadas/RADICADAS/2019/CI004_661219_070107_CON_DISEÑ_ANDEN_UF5.1.PDF
2907,4,CONSORCIO 4C,GP-5845,CONCESIÓN ALTO MAGDALENA S.A.S.,"[{'ANI': '2018-409-092315-2', 'ALMA': 'ALMA-R-2018-2794', 'FECHA_RADICADO': '06/09/2018'}, {'ANI': '2018-409-135667-2', 'ALMA': 'ALMA-R-2018-3902', 'FECHA_RADICADO': '21/12/2018'}]",18/01/2019,Ref. Contrato de Concesión 003 de 2014 - Concesión Honda – Girardot – Puerto Salgar - Obligaciones Concesionario – Sistemas de Control Tráfico Sistema Monitoreo Velocidad,15_01_Cartas_Enviadas/RADICADAS/2019/CI004_584519_070303_CON_MONITOREO_VELOCIDAD_AT2.pdf
2918,3,CONSORCIO 4C,GP-7048,CONCESIÓN ALTO MAGDALENA S.A.S.,ALMA-R-20192431,10/10/2019,Ref. Contrato de Concesión 003 de 2014 - Concesión Honda – Girardot – Puerto Salgar - Respuesta comunicación ALMA 2019 - 03059,15_01_Cartas_Enviadas/RADICADAS/2019/CI004_704819_070115_CON_CANAL-PTO-BOG_ALMA_03059.pdf
2929,10,CONSORCIO 4C,GP-7036,CONCESIÓN ALTO MAGDALENA S.A.S. - Ing. Claudia Cecilia Castillo Pico,ALMA-R-20192483,03/10/2019,Ref. Contrato de Concesión 003 de 2014 - Concesión Honda – Girardot – Puerto Salgar - Memoria Técnica julio 2019,15_01_Cartas_Enviadas/RADICADAS/2019/CI004_703619_070500_CON_MEMOTECNICA_JUL2019.pdf
2928,26,CONSORCIO 4C,GP-7131,AGENCIA NACIONAL DE INFRAESTRUCTURA - ANI,ANI 20194090997172,31/10/2019,Contrato de Concesión bajo el esquema de APP No. 003 de 2014 – Contrato de Interventoría No. 145 de 2014. Concesión Honda – Puerto Salgar – Girardot.,15_01_Cartas_Enviadas/RADICADAS/2019/CI004_713119_050300_ANI_INCUMP_INDICADOR _E7.pdf
2930,2,CONSORCIO 4C,GP-6300,AGENCIA NACIONAL DE INFRAESTRUCTURA - ANI,ANI 20183050278451,12/04/2019,Ref. Contrato de Concesión 003 de 2014-Concesión Honda – Girardot – Puerto Salgar-Remisión de Informe Especial No. 29-Pendientes UF3 y UF5,15_01_Cartas_Enviadas/RADICADAS/2019/CI004_630019_091000_ANI_INFO-SEM_ESP_29.pdf
2931,3,CONSORCIO 4C,GP-6212,CONCESIÓN ALTO MAGDALENA S.A.S.,ALMA-R-20198822,27/03/2019,Ref. Contrato de Concesión 003 de 2014 - Concesión Honda – Girardot – Puerto Salgar - Compromisos reunión vereda Gramalotal,15_01_Cartas_Enviadas/RADICADAS/2019/CI004_621219_070109_CON_SOLICITUD_YROJAS..pdf
2933,4,CONSORCIO 4C,GP-7035,CONCESIÓN ALTO MAGDALENA S.A.S,ALMA-R-20192405,03/10/2019,Ref. Contrato de Concesión 003 de 2014 - Concesión Honda – Girardot – Puerto Salgar. Observaciones Revisión de Avalúo UF2,15_01_Cartas_Enviadas/RADICADAS/2019/CI004_703519_070406_CON_AVALU_ALMA-2019-02907.pdf
2932,5,CONSORCIO 4C,GP-6282,CONCESIÓN ALTO MAGDALENA S.A.S - Ing. Claudia Cecilia Castillo Pico,ALMA-R-20190966,11/04/2019,Ref. Contrato de Concesión 003 de 2014 - Concesión Honda – Girardot – Puerto Salgar - Seguimiento Control Avance Constructivo Obras Hidráulicas UF 5.4 Ocupaciones de Cauce,15_01_Cartas_Enviadas/RADICADAS/2019/CI004_628219_070108_CON_CAMBI-OCUPA-CAUCE_UF5.4_REQUERIM.pdf
2934,5,CONSORCIO 4C,GP-7252,CONCESIÓN ALTO MAGDALENA S.A.S.,ALMA-R-20192901,29/11/2019,Ref. Contrato de Concesión 003 de 2014-Concesión Honda – Girardot – Puerto Salgar-Incumplimiento condiciones SST UF4 y 5-Semana 251,15_01_Cartas_Enviadas/RADICADAS/2019/CI004_725219_070110_CON_SEGSISO_UF5_SEM251.pdf
2935,17,CONSORCIO 4C,GP-6674,"AGENCIA NACIONAL DE INFRAESTRUCTURA – ANI, Atn. Ing. Luis Eduardo Gutiérrez Díaz",2019-409-071361-2,11/07/2019,Ref. Contrato de Interventoría 145 de 2014 - Concesión Honda — Girardot — Puerto Salgar - Acta de Declaratoria de Evento Eximente de Responsabilidad Predial Unidad Funcional 2,15_01_Cartas_Enviadas/RADICADAS/2019/CI004_667419_050300_ANI_ACTA_DECLARATORIA_EE_RP_UF2.pdf
2936,7,CONSORCIO 4C,GP-6716,CONCESIÓN ALTO MAGDALENA S.A.S.,ALMA-R-20191784,24/07/2019,Ref. Contrato de Concesión 003 de 2014 - Concesión Honda – Girardot – Puerto Salgar - Diseño Señalización Vertical Horizontal UF5 – Subtramos 5.2 y 5.4,15_01_Cartas_Enviadas/RADICADAS/2019/CI004_671619_070107_CON_DISE_SENALIZAC_ALMA201901791.pdf
2937,2,CONSORCIO 4C,GP-7353,CONCESIÓN ALTO MAGDALENA S.A.S.,ALMA-R-20192980,20/12/2019,Ref. Contrato de Concesión 003 de 2014 - Concesión Honda – Girardot – Puerto Salgar - Plan de manejo exento – peaje Brisas,15_01_Cartas_Enviadas/RADICADAS/2019/CI004_735319_070109_CON_SOC_EXENTOS_PEAJEBRISAS.pdf
2938,4,CONSORCIO 4C,GP-6615,AGENCIA NACIONAL DE INFRAESTRUCTURA – ANI,2019-305-019722-1,26/06/2019,Ref. Contrato de Concesión 003 de 2014 - Concesión Honda – Girardot – Puerto Salgar. Requerimiento Asistencia Reunión Tutela Casetas Puente Peatonal Puerto Bogotá,15_01_Cartas_Enviadas/RADICADAS/2019/CI004_661519_100700_ANI_REQUER-REUNI_TUTELA_PEATOTAL-PUTO-BOG.pdf
2939,3,CONSORCIO 4C,GP-7238,CONCESIÓN ALTO MAGDALENA S.A.S - Atn. Ing. Claudia Cecilia Castillo Pico,ALMA-R-20192781,28/11/2019,Ref. Contrato de Concesión 003 de 2014 - Concesión Honda – Girardot – Puerto Salgar. Respuesta / Auto DRMC 0655 de 2019,15_01_Cartas_Enviadas/RADICADAS/2019/CI004_723819_070108_CON_RESP_ALMA-2019-03386_AUTO_0655.pdf
2941,8,CONSORCIO 4C,GP-5947,CONCESIÓN ALTO MAGDALENA S.A.S,ALMA-R-20190342,12/02/2019,Ref. Contrato de Concesión 003 de 2014 - Concesión Honda – Girardot – Puerto Salgar - Resolución 604 de 16 de marzo de 2016 / Ocupación de Cauce K82+415 UF3,15_01_Cartas_Enviadas/RADICADAS/2019/CI004_594719_070108_CON_OCUP_CAUCE_K82+415.pdf
2940,13,CONSORCIO 4C,GP-6097,AGENCIA NACIONAL DE INFRAESTRUCTURA – ANI,ALMA-R-20190664,14/03/2019,Contrato de Concesión bajo el esquema de APP 003 de 2014 - Contrato de Interventoría 145 de 2014. Concesión Honda - Puerto Salgar – Girardot.,15_01_Cartas_Enviadas/RADICADAS/2019/CI004_609719_050300_ANI_NO_OBJ-CURA_UF5.1.PDF
2942,13,CONSORCIO 4C,GP-6446,CONCESIÓN ALTO MAGDALENA S.A.S.,ALMA-R-20191229,21/05/2019,Ref. Contrato de Concesión 003 de 2014 - Concesión Honda – Girardot – Puerto Salgar - Actividades Pendientes Seguridad Vial Apertura Unidad Funcional 5.4,15_01_Cartas_Enviadas/RADICADAS/2019/CI004_644619_070103_CON_UF5.4_APERTURA.PDF
2944,2,CONSORCIO 4C,GP-5870,CONCESIÓN ALTO MAGDALENA S.A.S,ALMA-R-20190172,25/01/2019,Ref. Contrato de Concesión 003 de 2014 - Concesión Honda – Girardot – Puerto Salgar - Conceptos Desafectación Predial,15_01_Cartas_Enviadas/RADICADAS/2019/CI004_587019_070401_CON_DES_PRE-0117 (1).pdf
2943,4,CONSORCIO 4C,GP-5956,CONCESIÓN ALTO MAGDALENA S.A.S,ALMA-R-201905352,13/02/2019,Ref. Contrato de Concesión 003 de 2014 - Concesión Honda – Girardot – Puerto Salgar - Respuesta ALMA-2019-00085 / Plan de compensación por Pérdida de Biodiversidad UF1,15_01_Cartas_Enviadas/RADICADAS/2019/CI004_595619_CON_RESP_ALMA-2019-00085_PCPB (3).pdf
2946,3,CONSORCIO 4C,GP-6647,CONCESIÓN ALTO MAGDALENA S.A.S.,ALMA-R-20191654,04/07/2019,Ref. Contrato de Concesión 003 de 2014 - Concesión Honda – Girardot – Puerto Salgar - Informe Atención Quejas Comunidad Puerto Bogotá,15_01_Cartas_Enviadas/RADICADAS/2019/CI004_664719_070109_CON_QUEJAS_PTOBOGOTA.PDF
2945,3,CONSORCIO 4C,GP-0224,AGENCIA NACIONAL DE INFRAESTRUCTURA - Dr. Luis Eduardo Gutiérrez Díaz,2019-409-059664-2,07/06/2019,Ref. Contrato de Interventoría 145 de 2014-Interventoría Concesión Vial Girardot – Honda – Puerto Salgar-Envío Pago de Interventoría 55 y Factura de Venta 59,15_01_Cartas_Enviadas/RADICADAS/2019/CI004_022419_020100_ANI_PAGO MENSUAL 55_20190501-20190531_FV 59.pdf
2949,2,CONSORCIO 4C,GP-6274,AGENCIA NACIONAL DE INFRAESTRUCTURA - ANI,20194090371602,10/04/2019,Ref. Contrato de Concesión 003 de 2014 Concesión Honda – Girardot – Puerto Salgar. Informe Socioambiental 41 Versión 00.,15_01_Cartas_Enviadas/RADICADAS/2019/CI004_627419_090200_INFORME_SOCIOAMBIENTAL_MAR_2019.pdf
2947,12,CONSORCIO 4C,GP-6586,CONCESIÓN ALTO MAGDALENA S.A.S.,ALMA-R-20191582,19/06/2019,"Ref. Contrato de Concesión 003 de 2014 - Concesión Honda – Girardot – Puerto Salgar - Seguimiento a Compensaciones UF 2, 3 y 4",15_01_Cartas_Enviadas/RADICADAS/2019/CI004_658619_070108_CON_SEG_COMPENSACIONES.PDF
2948,1,CONSORCIO 4C,GP-6645,"AGENCIA NACIONAL DE INFRAESTRUCTURA - ANI, Atn. Ing. Manuel Isidro Raigozo Rubio",2019-409-070693-2,10/07/2019,"ACTA DE CALCULO VPIP MAYO 2019 Ii LMA—R-20191677 Este recibido no implica aceptallon C1.004/GP6645/19/7.2.9 Girardot— CND, 10 de julio de 2019",15_01_Cartas_Enviadas/RADICADAS/2019/CI004_664519_070209_ANI_ACTA_CAL_VPIP_MAYO2019.pdf
2950,4,CONSORCIO 4C,GP-6450,CONCESIÓN ALTO MAGDALENA S.A.S.,ALMA-R-20191237,22/05/2019,Ref. Contrato de Concesión 003 de 2014-Concesión Honda – Girardot – Puerto Salgar-Seguimiento Constructivo Área de Servicio UF 5.2,15_01_Cartas_Enviadas/RADICADAS/2019/CI004_645019_070103_CON_SEGUI-A-SERVICIO_UF5.2.PDF
2951,2,CONSORCIO 4C,GP-6370,AGENCIA NACIONAL DE INFRAESTRUCTURA - ANI,20194090464612,07/05/2019,Ref. Contrato de Concesión 003 de 2014 - Concesión Honda – Girardot – Puerto Salgar. Remisión de Informe Especial No. 34 - Pendientes UF3 y UF5.,15_01_Cartas_Enviadas/RADICADAS/2019/CI004_637019_091000_ANI_INF_ESP_34.pdf
2954,3,CONSORCIO 4C,GP-6933,CONCESIÓN ALTO MAGDALENA S.A.S.,ALMA-R-20192169,06/09/2019,Ref. Contrato de Concesión 003 de 2014 - Concesión Honda – Girardot – Puerto Salgar - Observaciones Fichas Prediales UF5,15_01_Cartas_Enviadas/RADICADAS/2019/CI004_693319_070401_CON_FICH_ALMA-2019-02699-02787-02789.pdf
2952,6,CONSORCIO 4C,GP-5761,"AGENCIA NACIONAL DE INFRAESTRUCTURA - ANI, Dr. Luis Eduardo Gutiérrez Díaz",2019-409-001207-2,03/01/2019,Fideicomiso Fidubogotá — Alto Magdalena 3-1-63664,15_01_Cartas_Enviadas/RADICADAS/2019/CI004_576119_070202_ANI_ALCAN_FOR_GCSP-F-001_MBUP_SEPT-OCTU2018.pdf
2953,2,CONSORCIO 4C,GP-6154,CONCESIÓN ALTO MAGDALENA S.A.S.,ALMA-R-20190683,15/03/2019,Ref. Contrato de Concesión 003 de 2014 - Concesión Honda – Girardot – Puerto Salgar - Revisión Fichas Sociales,15_01_Cartas_Enviadas/RADICADAS/2019/CI004_615419_070402_CON_FICHAS_SOCIALES_ALMA-00613-00619.pdf
2955,12,CONSORCIO 4C,GP-0076,"AGENCIA NACIONAL DE INFRAESTRUCTURA – ANI, Dr. Manuel Isidro Raigozo Rubio",2019-409-021701-2,28/02/2019,Ref. Contrato de Interventoría 145 de 2014 - Concesión Honda — Girardot — Puerto Salgar. Reemplazo Personal Interventoría,15_01_Cartas_Enviadas/RADICADAS/2019/CI004_007619_020200_ANI_REEMPLAZO_AUX_PREDIAL_SISOMA.pdf
2956,3,CONSORCIO 4C,GP-6332,CONCESIÓN ALTO MAGDALENA S.A.S.,ALMA-R-20191051,26/04/2019,Ref. Contrato de Concesión 003 de 2014 - Concesión Honda – Girardot – Puerto Salgar - Observaciones Expedientes Finales Prediales,15_01_Cartas_Enviadas/RADICADAS/2019/CI004_633219_070401_CON_EXP_FINAL_ALMA-2019-00205.PDF
2958,13,CONSORCIO 4C,GP-6414,"AGENCIA NACIONAL DE INFRAESTRUCTURA – ANI, Atn.: Ing. Luis Eduardo Gutiérrez Díaz",2019-409-050534-2,16/05/2019,"es resuelto por un amigable componedor Atn.: Ing. Luis Eduardo Gutiérrez Díaz Vicepresidente de Gestión Contractual-AGENCIA NACIONAL DE INFRAESTRUCTURA — ANI Comunicación CI.004/GP6414/19/5.3 Página 10 de 13 1. Ocurrencia del Evento Eximente de Responsabilidad 2. Dentro 10 DIAS HABILES siguientes a la ocurrencia del EER la parte Afectada le comunicará a la otra parte acerca de la ocurrencia del EER y las obligaciones afectadas y un tiempo preliminar de duración En el caso concreto, el procedimiento descrito se surtió así: •Ocurrencia del Evento Eximente de Responsabilidad",15_01_Cartas_Enviadas/RADICADAS/2019/CI004_641419_050300_ANI_CONCEPTO_EER.pdf
2957,9,CONSORCIO 4C,GP-7195,AGENCIA NACIONAL DE INFRAESTRUCTURA - ANI,2019-409-120833-2,18/11/2019,Ref. Contrato de Concesión 003 de 2014 Concesión Honda – Girardot – Puerto Salgar. Remisión Formato GCSP-F-009 Informe Mensual Recaudo de Peajes – Octubre 2019.,15_01_Cartas_Enviadas/RADICADAS/2019/CI004_719519_070200_ANI_REMISION_FORMATO_GCSP-F-009_RECAUDOPEAJES_OCT-191.pdf
2959,3,CONSORCIO 4C,GP-7304,AGENCIA NACIONAL DE INFRAESTRUCTURA - ANI,20194091302052,12/12/2019,Ref. Contrato de Concesión 003 de 2014-Concesión Honda – Girardot – Puerto Salgar. Solicitud Información Alumbrado.,15_01_Cartas_Enviadas/RADICADAS/2019/CI004_730419_070114_ANI_SOLI_INFO_ALUM-LADORA.pdf
2960,3,CONSORCIO 4C,GP-5843,CONCESIÓN ALTO MAGDALENA S.A.S.,ALMA-R-20190127,18/01/2019,"Ref. Contrato de Concesión 003 de 2014 Concesión Honda – Girardot – Puerto Salgar Auditorias Integrales - Apéndice Técnico 6, Numeral 4.1, Literal (d",15_01_Cartas_Enviadas/RADICADAS/2019/CI004_584319_070108_CON_REIT_AUDIT_INTEG.pdf
2962,2,CONSORCIO 4C,GP-6656,AGENCIA NACIONAL DE INFRAESTRUCTURA - ANI,20194090704772,10/07/2019,Ref. Contrato de Concesión 003 de 2014 Concesión Honda – Girardot – Puerto Salgar. Informe Mensual Técnico 56 Versión 00.,15_01_Cartas_Enviadas/RADICADAS/2019/CI004_665619_090200_INFORME_MENSUAL_JUN_2019.pdf
2961,1,CONSORCIO 4C,GP-7287,"AGENCIA NACIONAL DE INFRAESTRUCTURA - ANI, Atn. Ing. Luis Eduardo Gutiérrez Díaz",2019-409-130031-2,10/12/2019,Ref. Contrato de Concesión 003 de 2014 - Concesión Honda – Girardot – Puerto Salgar - Registro Fílmico Informe Mensual Técnico 61,15_01_Cartas_Enviadas/RADICADAS/2019/CI004_728719_090200_ANI_REG_FIL_INF_MEN_TEC61.pdf
2963,7,CONSORCIO 4C,GP-6280,CONCESIÓN ALTO MAGDALENA S.A.S.,ALMA-R-28198964,11/04/2019,Ref. Contrato de Concesión 003 de 2014 - Concesión Honda – Girardot – Puerto Salgar - Seguimiento Proceso Constructivo Andenes UF5.2,15_01_Cartas_Enviadas/RADICADAS/2019/CI004_628019_070103_CON_SEGUI-ANDENES-UF5.2.pdf
2964,1,CONSORCIO 4C,GP-6712,"AGENCIA NACIONAL DE INFRAESTRUCTURA - ANI, Atn. NELCY JENITH MALDONADO BALLEN",2019-409-077187-2,24/07/2019,Ref. Contrato de Concesión 003 de 2014-Concesión Honda – Girardot – Puerto Salgar.-Respuesta comunicada 2019409022376-1-Registro Fílmico Informe Mensual Técnico 55,15_01_Cartas_Enviadas/RADICADAS/2019/CI004_671219_090200_ANI_REG_FIL_INFO_MEN_TEC55.pdf
2965,27,CONSORCIO 4C,GP-6702,AGENCIA NACIONAL DE INFRAESTRUCTURA – ANI,ALMA-2019-2163,19/07/2019,Contrato de Concesión bajo el esquema de APP No. 003 de 2014 Concesión Honda – Girardot – Puerto Salgar. Contrato de Interventoría No. 145 de 2014. Concepto Interventoría sobre solicitud de ampliación del Evento Eximente de Responsabilidad Unidad Funcional 4.,15_01_Cartas_Enviadas/RADICADAS/2019/CI004_670219_050300_ANI_EER_AMPLIACION_GENERICO.pdf
2966,8,CONSORCIO 4C,GP-6378,CONCESIÓN ALTO MAGDALENA S.A.S.,ALMA-R-2019-1141,09/05/2019,Ref. Contrato de Concesión 003 de 2014-Concesión Honda – Girardot – Puerto Salgar-Aspectos e Impactos Ambientales UF 5.4,15_01_Cartas_Enviadas/RADICADAS/2019/CI004_637819_070108_CON_ASPEC_IMPAC_UF5.4.pdf
2967,2,CONSORCIO 4C,GP-5958,CONCESIÓN ALTO MAGDALENA S.A.S - Atn. Dra. Claudia Cecilia Castillo Pico,ALMA-R-28190367,13/02/2019,Ref. Contrato de Concesión 003 de 2014 - Concesión Honda – Girardot – Puerto Salgar - Revisión Cronograma Terminación de la UF 5.,15_01_Cartas_Enviadas/RADICADAS/2019/CI004_595819_070101_CON_ALMA-2019-00207_CRON-TERMI-UF5.pdf
2968,3,CONSORCIO 4C,GP-7371,CONCESIÓN ALTO MAGDALENA S.A.S.,ALMA-R-20193021,27/12/2019,Ref. Contrato de Concesión 003 de 2014 - Concesión Honda – Girardot – Puerto Salgar. Observaciones Fichas Prediales UF5,15_01_Cartas_Enviadas/RADICADAS/2019/CI004_737119_070401_CON_FICH_ALMA-2019-03819.pdf
2969,4,CONSORCIO 4C,GP-6175,CONCESIÓN ALTO MAGDALENA S.A.S,ALMA-R-28190796,27/03/2019,Ref. Contrato de Concesión 003 de 2014 - Concesión Honda – Girardot – Puerto Salgar - Observaciones Revisión de Avalúo UF1,15_01_Cartas_Enviadas/RADICADAS/2019/CI004_617519_070406_CON_AVALU_ALMA-2019-00697.PDF
2970,2,CONSORCIO 4C,GP-6677,CONCESIÓN ALTO MAGDALENA S.A.S.,ALMA-R-20191786,12/07/2019,"Ref. Contrato de Concesión 003 de 2014 - Concesión Honda – Girardot – Puerto Salgar. Solicitud Información - Caso Luz Dary Rondón Vargas, predio ALMA-5-0270",15_01_Cartas_Enviadas/RADICADAS/2019/CI004_667719_070109_CON_ATENCION_LUZ_RONDON.PDF
2971,2,CONSORCIO 4C,GP-6935,AGENCIA NACIONAL DE INFRAESTRUCTURA - ANI,20194090935322,06/09/2019,Ref. Contrato de Concesión 003 de 2014 Concesión Honda – Girardot – Puerto Salgar. Informe Socioambiental 46 Versión 00,15_01_Cartas_Enviadas/RADICADAS/2019/CI004_693519_090200_ANI_INF_SOCIOAMB_AGO-2019.pdf
2972,4,CONSORCIO 4C,GP-6493,JAIME EDUARDO BRAVO CONTRERAS,ALMA-R-20191362,04/06/2019,Ref. Contrato de Concesión 003 de 2014 - Concesión Honda – Girardot – Puerto Salgar - Respuesta Solicitud,15_01_Cartas_Enviadas/RADICADAS/2019/CI004_649319_070109_TER_RTA_JBRAVO.pdf
2974,9,CONSORCIO 4C,GP-6534,CONCESIÓN ALTO MAGDALENA S.A.S.,ALMA-R-20191436,12/06/2019,Ref. Contrato de Concesión 003 de 2014 - Concesión Honda – Girardot – Puerto Salgar - Resultado Medición Niveles de Servicio – Mayo de 2019,15_01_Cartas_Enviadas/RADICADAS/2019/CI004_653419_070303_CON_INDICES_MAYO_2019.pdf
2973,4,CONSORCIO 4C,GP-7177,CONCESIÓN ALTO MAGDALENA S.A.S.,ALMA-R-20192678,15/11/2019,Ref. Contrato de Concesión 003 de 2014-Concesión Honda – Girardot – Puerto Salgar.-Incumplimiento condiciones de seguridad UF4 y 5. Semana 249,15_01_Cartas_Enviadas/RADICADAS/2019/CI004_717719_070110_CON_SEGSISO_UF5_SEM249.pdf
2975,3,CONSORCIO 4C,GP-6727,CONCESIÓN ALTO MAGDALENA S.A.S.,"ALMA-2019-01881, ALMA-2019-01352",25/07/2019,Ref. Contrato de Concesión 003 de 2014 - Concesión Honda – Girardot – Puerto Salgar - Observaciones Resolución de Expropiación UF3,15_01_Cartas_Enviadas/RADICADAS/2019/CI004_672719_070404_CON_OBS_RES-EXP_ALMA-2019-01881-01352.PDF
2978,4,CONSORCIO 4C,GP-6059,CONCESIÓN ALTO MAGDALENA S.A.S,ALMA-R-20190581,27/02/2019,Ref. Contrato de Concesión 003 de 2014 - Concesión Honda – Girardot – Puerto Salgar - Observaciones Revisión de Avalúo UF5,15_01_Cartas_Enviadas/RADICADAS/2019/CI004_605919_070406_CON_OBS_ALMA-2019-00328.pdf
2977,7,CONSORCIO 4C,GP-6442,"AGENCIA NACIONAL DE INFRAESTRUCTURA - ANI, Ing. Manuel Isidro Raigozo Rubio",2019-409-053111-2,22/05/2019,Ref. Contrato de Concesión 003 de 2014 Concesión Honda – Girardot – Puerto Salgar Acta de Cálculo VPIP Abril 2019.,15_01_Cartas_Enviadas/RADICADAS/2019/CI004_644219_070209_CON_ACTA-VPIP_COMPENS_ESP2-UF3-ABR-191.pdf
2976,8,CONSORCIO 4C,GP-7269,CONCESIÓN ALTO MAGDALENA S.A.S,"['ALMA-2019-03626', 'ALMA-2019-03627', 'ALMA-2019-03628', 'ALMA-2019-03630', 'ALMA-2019-03631', 'ALMA-2019-03632', 'ALMA-2019-03633', 'ALMA-2019-03434', 'ANI 20194090828872', 'ALMA-R-20191922', 'ALMA-R-20192854']",04/12/2019,Ref. Contrato de Concesión 003 de 2014-Concesión Honda – Girardot – Puerto Salgar. Observaciones Revisión de Avalúo UF2. Predios relacionados con el Evento Eximente de Responsabilidad de la UF2,15_01_Cartas_Enviadas/RADICADAS/2019/CI004_726919_070406_CON_AVALU_ALMA-03626-03627-03628-03630-03631-03632-03633-03634-EER2.pdf
2979,2,CONSORCIO 4C,GP-6038,AGENCIA NACIONAL DE INFRAESTRUCTURA - ANI,2019-409-019125-2,21/02/2019,Ref. Contrato de Concesión 003 de 2014 - Concesión Honda – Girardot – Puerto Salgar - Observaciones Resolución de Expropiación Predio No. ALMA-2-0037,15_01_Cartas_Enviadas/RADICADAS/2019/CI004_603819_070404_ANI_RESOL_EXPRO_ALMA-2-00371.pdf
2980,2,CONSORCIO 4C,GP-6205,CONCESIÓN ALTO MAGDALENA S.A.S.,ALMA-R-20190587,27/03/2019,Ref. Contrato de Concesión 003 de 2014 Concesión Honda – Girardot – Puerto Salgar. Solicitud Procedimiento Prueba Carga Nuevo Puente Salgar UF 5,15_01_Cartas_Enviadas/RADICADAS/2019/CI004_620519_070110_CON_SOL_PROCED_PRUCARGA.pdf
2982,4,CONSORCIO 4C,GP-7210,CONCESIÓN ALTO MAGDALENA S.A.S,ALMA-R-20192748,26/11/2019,Ref. Contrato de Concesión 003 de 2014-Concesión Honda – Girardot – Puerto Salgar-Observaciones Revisión Avalúo UF5,15_01_Cartas_Enviadas/RADICADAS/2019/CI004_721019_070406_CON_AVALU_ALMA-2019-03359.pdf
2981,3,CONSORCIO 4C,GP-6610,CONCESIÓN ALTO MAGDALENA S.A.S.,ALMA-R-20191532,26/06/2019,Ref. Contrato de Concesión 003 de 2014 - Concesión Honda – Girardot – Puerto Salgar - Solicitud Diseños Marshall Rodadura UF-5.2,15_01_Cartas_Enviadas/RADICADAS/2019/CI004_661019_070107_CON_DISEÑ_MARSHALL_UF5.2-MHC.PDF
2983,7,CONSORCIO 4C,GP-6590,CONCESIÓN ALTO MAGDALENA S.A.S.,ALMA-R-20191589,20/06/2019,Ref. Contrato de Concesión 003 de 2014 - Concesión Honda – Girardot – Puerto Salgar - Alcance Artículos 1° y 2° Auto 146 de 14 de febrero de 2019. Box K82+415 - UF3.,15_01_Cartas_Enviadas/RADICADAS/2019/CI004_659019_070107_070108_CON_AUTO-146_K82+415_ALMA-01774.pdf
3004,5,CONSORCIO 4C,GP-7367,AGENCIA NACIONAL DE INFRAESTRUCTURA - ANI,20194091348652,24/12/2019,Ref. Contrato de Concesión 003 de 2014 Concesión Honda – Girardot – Puerto Salgar Aportes ANI Vigencia 2019,15_01_Cartas_Enviadas/RADICADAS/2019/CI004_736719_070210_ANI_APORTES_ANI-2019_INSUFICIENCIA.pdf
3005,5,CONSORCIO 4C,GP-6742,AGENCIA NACIONAL DE INFRAESTRUCTURA - ANI,2017-310-011583-1,26/07/2019,Ref. Contrato de Concesión 003 de 2014-Concesión Honda – Girardot – Puerto Salgar-Acta Parcial de Obra 13.,15_01_Cartas_Enviadas/RADICADAS/2019/CI004_674219_070115_ANI_DESEMB_ACT_RED13.pdf
3003,3,CONSORCIO 4C,GP-6747,CONCESIÓN ALTO MAGDALENA S.A.S - Ing. Claudia Cecilia Castillo Pico,ALMA-R-20191833,30/07/2019,Ref. Contrato de Concesión 003 de 2014-Concesión Honda – Girardot – Puerto Salgar.-Acta de Reunión de Control y Seguimiento Ambiental/Expediente LAV0068-00-2015,15_01_Cartas_Enviadas/RADICADAS/2019/CI004_674719_070108_CON_ACTA_AUD_LAV0068.pdf
3006,6,CONSORCIO 4C,GP-7360,CONCESIÓN ALTO MAGDALENA S.A.S,"['CI.004/GP7360/19/7.4.6', 'ALMA-R-20193812', 'ANI 20194090828872', 'GP6800/19/7.4.1']",23/12/2019,Ref. Contrato de Concesión 003 de 2014-Concesión Honda – Girardot – Puerto Salgar.-Observaciones Revisión de Avalúo UF5,15_01_Cartas_Enviadas/RADICADAS/2019/CI004_736019_070406_CON_AVALU_ALMA-2019-03772.pdf
3007,2,CONSORCIO 4C,GP-7165,AGENCIA NACIONAL DE INFRAESTRUCTURA - ANI,20194091175552,08/11/2019,Ref. Contrato de Concesión 003 de 2014-Concesión Honda – Girardot – Puerto Salgar.-Terminación Periodo Especial EER_Puente Peatonal de Puerto Bogotá,15_01_Cartas_Enviadas/RADICADAS/2019/CI004_716519_050300_ANI_FIN_EER-UF5.1_PTE-PEATONAL_PTOBOGOTA.pdf
3009,2,CONSORCIO 4C,GP-7266,CONCESIÓN ALTO MAGDALENA S.A.S,ALMA-R-20192855,04/12/2019,Ref. Contrato de Concesión 003 de 2014-Concesión Honda – Girardot – Puerto Salgar-Solicitud Copia Acta Vecindad Vía carrera 1 Pto. Bogotá (Guaduas-Cundinamarca,15_01_Cartas_Enviadas/RADICADAS/2019/CI004_726619_070109_CON_ACT-VECIN_PTOBOGOTA_VIA-CRA1.pdf
3008,10,CONSORCIO 4C,GP-6870,CONCESIÓN ALTO MAGDALENA S.A.S.,ALMA-4C-20192853,23/08/2019,Ref. Contrato de Concesión 003 de 2014 Concesión Honda – Girardot – Puerto Salgar Solicitud Información Intervenciones Predio ALMA-4-0084 “Miraflores” K129+571 al K129+801 UF4,15_01_Cartas_Enviadas/RADICADAS/2019/CI004_687019_070108_070104_CON_REQ-INFO_INTERVEN-UF4_MIRAFLORES.pdf
3010,4,CONSORCIO 4C,GP-6320,CONCESIÓN ALTO MAGDALENA S.A.S.,ALMA-R-20191039,23/04/2019,Ref. Contrato de Concesión 003 de 2014-Concesión Honda – Girardot – Puerto Salgar-Andenes en Centros poblados - UF2,15_01_Cartas_Enviadas/RADICADAS/2019/CI004_632019_070107_CON_ANDENES_POBLADOS-UF2_RTA.PDF
3011,6,CONSORCIO 4C,GP-6376,AGENCIA NACIONAL DE INFRAESTRUCTURA – ANI,ANI 219-409-035216-2,08/05/2019,"Ref. Contrato de Concesión 003 de 2014-Concesión Honda – Girardot – Puerto Salgar. Respuesta consulta. Secretaría de Planeación, La Dorada (Cund).",15_01_Cartas_Enviadas/RADICADAS/2019/CI004_637619_070103_ANI_PASO-URB_PLANEA_LADORADA.pdf
3012,3,CONSORCIO 4C,GP-6419,CONCESIÓN ALTO MAGDALENA S.A.S.,CI.004/GP6419/19/7.4.1,15/05/2019,Ref. Contrato de Concesión 003 de 2014 - Concesión Honda – Girardot – Puerto Salgar. Observaciones Expedientes Finales Prediales,15_01_Cartas_Enviadas/RADICADAS/2019/CI004_641919_070401_CON_EXP-FINAL_ALMA-2019-00900.pdf
3014,4,CONSORCIO 4C,GP-6307,CONCESIÓN ALTO MAGDALENA S.A.S,ALMA-R-20191008,16/04/2019,Ref. Contrato de Concesión 003 de 2014-Concesión Honda – Girardot – Puerto Salgar-Observaciones Revisión de Avalúo UF2,15_01_Cartas_Enviadas/RADICADAS/2019/CI004_630719_070406_CON_OBS_ALMA-2019-00410.PDF
3013,4,CONSORCIO 4C,GP-6411,"AGENCIA NACIONAL DE INFRAESTRUCTURA – ANI, Dr. Luis Eduardo Gutiérrez Díaz",2019-409-050500-2,15/05/2019,Fideicomiso Fidubogotá — Alto Magdalena 3-1-63664,15_01_Cartas_Enviadas/RADICADAS/2019/CI004_641119_070202_ANI_REMI_FOR_GCSP-F001_MBUP_ABRIL2019.pdf
3015,3,CONSORCIO 4C,GP-6763,CONCESIÓN ALTO MAGDALENA S.A.S.,ALMA-R-20191662,01/08/2019,Ref. Contrato de Concesión 003 de 2014 Concesión Honda – Girardot – Puerto Salgar Período Especial Norcasia.,15_01_Cartas_Enviadas/RADICADAS/2019/CI004_676319_070115_CON_PERIO_ESPE_NORCASIA.pdf
3018,5,CONSORCIO 4C,GP-7368,CONCESIÓN ALTO MAGDALENA S.A.S.,ALMA-R-20193825,27/12/2019,Ref. Contrato de Concesión 003 de 2014 - Concesión Honda – Girardot – Puerto Salgar - Observaciones Expedientes Finales Prediales,15_01_Cartas_Enviadas/RADICADAS/2019/CI004_736819_070401_CON_EXP_FINAL_ALMA-2019-02249.pdf
3017,2,CONSORCIO 4C,GP-6920,AGENCIA NACIONAL DE INFRAESTRUCTURA - ANI,"2019-409-093297-2, ALMA-R-20192177",06/09/2019,Observaciones Resolucion de Expropiaclon II 111 ALMA—R-20192177 Este resibldo no Implica aceptaclon Ref. Contrato de Concesión 003 de 2014 Concesión Honda — Girardot — Puerto Salgar Observaciones Resolución de Expropiación No. ALMA-3-0082,15_01_Cartas_Enviadas/RADICADAS/2019/CI004_692019_070404_ANI_OBS_RESOL_EXP_ALMA3-0082.pdf
3016,4,CONSORCIO 4C,GP-5767,CONCESIÓN ALTO MAGDALENA S.A.S,ALMA-R-20190031,04/01/2019,Ref. Contrato de Concesión 003 de 2014 - Concesión Honda – Girardot – Puerto Salgar - Observaciones Revisión de Avalúo UF3,15_01_Cartas_Enviadas/RADICADAS/2019/CI004_576719_070406_CON_OBS_ALMA-2018-4510.pdf
3019,5,CONSORCIO 4C,GP-7283,CONCESIÓN ALTO MAGDALENA S.A.S,ALMA-R-20192873,06/12/2019,Ref. Contrato de Concesión 003 de 2014 - Concesión Honda – Girardot – Puerto Salgar - Observaciones Revisión de Avalúo UF5,15_01_Cartas_Enviadas/RADICADAS/2019/CI004_728319_070406_CON_AVALU_ALMA-2019-03615.pdf
3020,18,CONSORCIO 4C,GP-6474,AGENCIA NACIONAL DE INFRAESTRUCTURA – ANI,20194090540862,24/05/2019,Ref. Contrato de Concesión 003 de 2014-Concesión Honda – Girardot – Puerto Salgar. Alcance Obras de Rehabilitación UF5 Subsector 2.,15_01_Cartas_Enviadas/RADICADAS/2019/CI004_647419_050300_ANI_REVI_DISEÑO_REHABILITA_UF5.pdf
3021,3,CONSORCIO 4C,GP-6226,CONCESIÓN ALTO MAGDALENA S.A.S.,"CI.004/GP6226/19/7.4.4, ALMA-R-28195848",29/03/2019,Ref. Contrato de Concesión 003 de 2014-Concesión Honda – Girardot – Puerto Salgar-Observaciones Resolución de Expropiación UF3,15_01_Cartas_Enviadas/RADICADAS/2019/CI004_622619_070404_CON_OBS_RES_EXP_ALMA-2019-01023.pdf
3022,2,CONSORCIO 4C,GP-5897,AGENCIA NACIONAL DE INFRAESTRUCTURA - ANI,ANI 20183050278451,31/01/2019,Ref. Contrato de Concesión 003 de 2014 - Concesión Honda – Girardot – Puerto Salgar. Remisión de Informe Especial No. 18 y 19 - Pendientes UF3 y UF5,15_01_Cartas_Enviadas/RADICADAS/2019/CI004_589719_091000_ANI_INF_ESP_18-19.pdf
3023,6,CONSORCIO 4C,GP-6466,AGENCIA NACIONAL DE INFRAESTRUCTURA – ANI,20194090531092,23/05/2019,Ref. Contrato de Concesión 003 de 2014 Concesión Honda – Girardot – Puerto Salgar. Consulta por disparidad en criterios. Puntos de conteo UF5. Sección 3.6 Parte Especial.,15_01_Cartas_Enviadas/RADICADAS/2019/CI004_646619_070302_ANI_PUNTOS_CONTEO_UF5.pdf
3024,2,CONSORCIO 4C,GP-5888,AGENCIA NACIONAL DE INFRAESTRUCTURA - ANI,ALMA-2018-4776,25/01/2019,Ref. Contrato de Concesión 003 de 2014-Concesión Honda – Girardot – Puerto Salgar-Cuenta Cobro 1 Aportes Contingencia Subcuenta Redes,15_01_Cartas_Enviadas/RADICADAS/2019/CI004_588819_070115_ANI_APORT_RED_ALMA_4776.pdf
3026,4,CONSORCIO 4C,GP-6018,CONCESIÓN ALTO MAGDALENA S.A.S.,ALMA-R-20190348,20/02/2019,Ref. Contrato de Concesión 003 de 2014 Concesión Honda – Girardot – Puerto Salgar. Incumplimiento Informe EER Gestión Predial UF3,15_01_Cartas_Enviadas/RADICADAS/2019/CI004_601819_050300_070401_CON_INCUMP_INFORME_EER-UF3.pdf
3025,2,CONSORCIO 4C,GP-6243,AGENCIA NACIONAL DE INFRAESTRUCTURA - ANI,2019-409-038088-2,04/12/2019,Ref. Contrato de Concesión 003 de 2014 - Concesión Honda – Girardot – Puerto Salgar - Proyecto de Resolución de Expropiación Predio No. ALMA-2-0004-2,15_01_Cartas_Enviadas/RADICADAS/2019/CI004_624319_070404_ANI_PROYEC_RESOL_EXPROP_PREDIO_ALMA2-0004.PDF
3027,5,CONSORCIO 4C,GP-6689,CONCESIÓN ALTO MAGDALENA S.A.S - Ing. Claudia Cecilia Castillo Pico,ALMA-2019-01949,16/07/2019,Ref. Contrato de Concesión 003 de 2014 - Concesión Honda – Girardot – Puerto Salgar - Respuesta ALMA-2019-01949 / Artículo 6° Resolución 020 de 26 de enero de 2016. Cormagdalena - UF2,15_01_Cartas_Enviadas/RADICADAS/2019/CI004_668919_070108_CON_INFOR-CORMAGD_ALMA-2019-01949.PDF
3030,14,CONSORCIO 4C,GP-7358,AGENCIA NACIONAL DE INFRAESTRUCTURA – ANI,ANI No. 2019-305-041424-1,23/12/2019,Respuesta a requerimiento efectuado mediante el oficio con radicado ANI No. 2019-305-041424-1 del 2 de diciembre de 2019,15_01_Cartas_Enviadas/RADICADAS/2019/CI004_735819_050300_ANI_AMIGABLE_FONDEO_INTER-SUPERV.pdf
3028,3,CONSORCIO 4C,GP-6435,CONCESIÓN ALTO MAGDALENA S.A.S - Ing. Claudia Cecilia Castillo Pico,ALMA-R-20191214,17/05/2019,Ref. Contrato de Concesión 003 de 2014 - Concesión Honda – Girardot – Puerto Salgar - Diseño y/o Informe Cumplimiento NSR-10 - Título J – Requisitos de Protección Contra Incendios Edificaciones.,15_01_Cartas_Enviadas/RADICADAS/2019/CI004_643519_070107_CON_PROTEC_CONTRA_INCENDIOS.pdf
3029,4,CONSORCIO 4C,GP-7253,CONCESIÓN ALTO MAGDALENA S.A.S - Ing. Claudia Cecilia Castillo Pico,ALMA-2019-03439,29/11/2019,Ref. Contrato de Concesión 003 de 2014 - Concesión Honda – Girardot – Puerto Salgar - Observaciones Revisión de Avalúo UF2,15_01_Cartas_Enviadas/RADICADAS/2019/CI004_725319_070406_CON_AVALU_ALMA-2019-03439.pdf
3031,5,CONSORCIO 4C,GP-5861,CONCESIÓN ALTO MAGDALENA S.A.S,ALMA-R-20190153,22/01/2019,Ref. Contrato de Concesión 003 de 2014 - Concesión Honda – Girardot – Puerto Salgar - Informe N°3 Resolución 2601 de 2015,15_01_Cartas_Enviadas/RADICADAS/2019/CI004_586119_070108_CON_RESP_ALMA-2019-00087.pdf
3033,4,CONSORCIO 4C,GP-6913,CONCESIÓN ALTO MAGDALENA S.A.S - Atn. Ing. Claudia Cecilia Castillo Pico,ALMA-R-20192114,30/08/2019,Ref. Contrato de Concesión 003 de 2014 - Concesión Honda – Girardot – Puerto Salgar - Observaciones Revisión de Avalúo UF5,15_01_Cartas_Enviadas/RADICADAS/2019/CI004_691319_070406_CON_AVALU_ALMA-2019-02604.pdf
3032,2,CONSORCIO 4C,GP-6555,CONCESIÓN ALTO MAGDALENA S.A.S - Atn. Ing. Claudia Cecilia Castillo Pico,ALMA-R-20191463,14/06/2019,Ref. Contrato de Concesión 003 de 2014 - Concesión Honda – Girardot – Puerto Salgar - Protección Datos Personales,15_01_Cartas_Enviadas/RADICADAS/2019/CI004_655519_050300_CON_INFORME_PROTECCIÓN_DATOS.pdf
3034,5,CONSORCIO 4C,GP-6191,AGENCIA NACIONAL DE INFRAESTRUCTURA - ANI,20194090303472,22/03/2019,Ref. Contrato de Concesión 003 de 2014 - Concesión Honda – Girardot – Puerto Salgar - Acta Parcial de Obra 12.,15_01_Cartas_Enviadas/RADICADAS/2019/CI004_619119_070115_ANI_DESEMB_ACT_RED12.pdf
3035,5,CONSORCIO 4C,GP-6957,"AGENCIA NACIONAL DE INFRAESTRUCTURA - ANI
Atención: Ing. Luis Eduardo Gutiérrez Díaz",ANI No.: 20193050318521,17/09/2019,Ref. Contrato de Concesión 003 de 2014 Concesión Honda – Girardot – Puerto Salgar. Cuenta de Cobro 2 Redes. Respuesta a ALMA-2019-2648- ALMA-2019-02905 del 11.sep.2019,15_01_Cartas_Enviadas/RADICADAS/2019/CI004_695719_050300_070115_ANI_CUENTA_REDES_2.pdf
3037,3,CONSORCIO 4C,GP-6366,CONCESIÓN ALTO MAGDALENA S.A.S.,ALMA-R-20191126,06/05/2019,Ref. Contrato de Concesión 003 de 2014 - Concesión Honda – Girardot – Puerto Salgar. Observaciones Expedientes Finales Prediales,15_01_Cartas_Enviadas/RADICADAS/2019/CI004_636619_070401_CON_EXP-FIN_ALMA-2019-00732-00734.PDF
3036,4,CONSORCIO 4C,GP-6247,CONCESIÓN ALTO MAGDALENA S.A.S,ALMA-2019-01028/PRESUPUESTO,08/04/2019,Ref. Contrato de Concesión 003 de 2014 - Concesión Honda – Girardot – Puerto Salgar - Respuesta ALMA-2019-01028 / Presupuesto Plan de Reasentamiento,15_01_Cartas_Enviadas/RADICADAS/2019/CI004_624719_070108_070109_CON_PLAN-REAS_ALMA-01028.pdf
3038,3,CONSORCIO 4C,GP-6216,AGENCIA NACIONAL DE INFRAESTRUCTURA - ANI,2019-409-032243-2,27/03/2019,Ref. Contrato de Concesión 003 de 2014 Concesión Honda – Girardot – Puerto Salgar Observaciones Resolución de Expropiación Predio No. ALMA-2-0121-1,15_01_Cartas_Enviadas/RADICADAS/2019/CI004_621619_070404_ANI_OBSERV_RESOL_EXPRO_ALMA-2-0121 (1.pdf
3039,2,CONSORCIO 4C,GP-5807,CONCESIÓN ALTO MAGDALENA S.A.S.,ALMA-R-20190088,10/01/2019,Ref. Contrato de Concesión 003 de 2014-Concesión Honda – Girardot – Puerto Salgar-Actas de Vecindad,15_01_Cartas_Enviadas/RADICADAS/2019/CI004_580719_070109_CON_ACTAS_VECINDAS_ALMA-4717.pdf
3040,12,CONSORCIO 4C,GP-6131,CONCESIÓN ALTO MAGDALENA S.A.S.,ALMA-R-20190349,13/03/2019,Ref. Contrato de Concesión 003 de 2014-Concesión Honda–Girardot–Puerto Salgar-Avance Obras–Gestión Predial UF-5,15_01_Cartas_Enviadas/RADICADAS/2019/CI004_613119_070101_CON_INTERV-PREDIOS_AVA-OBRA_UF5.pdf
3042,4,CONSORCIO 4C,GP-6903,CONCESIÓN ALTO MAGDALENA S.A.S.,ALMA-R-20192655,29/08/2019,Ref. Contrato de Concesión 003 de 2014 - Concesión Honda – Girardot – Puerto Salgar - Ajustes Geométricos Glorieta La Melissa UF5.2.,15_01_Cartas_Enviadas/RADICADAS/2019/CI004_690319_070107_CON_AJUST_GEOMETR_GLOR-MELISA.pdf
3041,3,CONSORCIO 4C,GP-6266,CONCESIÓN ALTO MAGDALENA S.A.S.,ALMA-R-20190926,08/04/2019,Ref. Contrato de Concesión 003 de 2014 Concesión Honda – Girardot – Puerto Salgar Observaciones Resolución de Expropiación UF4 y UF5,15_01_Cartas_Enviadas/RADICADAS/2019/CI004_626619_070404_CON_RES_EXP_ALMA-2019-01037.pdf
3044,3,CONSORCIO 4C,GP-5939,CONCESIÓN ALTO MAGDALENA S.A.S - Ing. Claudia Cecilia Castillo Pico,ALMA-R-20190332,08/02/2019,Ref. Contrato de Concesión 003 de 2014 - Concesión Honda – Girardot – Puerto Salgar - Revisión de Diseños Hidrosanitarios Área de Pesaje Brisas de la Unidad Funcional 5.4,15_01_Cartas_Enviadas/RADICADAS/2019/CI004_593918_070107_CON_ALMA-2018-3542_DISHID-AREPESAJE-UF5.4.pdf
3043,3,CONSORCIO 4C,GP-6873,CONCESIÓN ALTO MAGDALENA S.A.S.,ALMA-R-20192034,23/08/2019,Ref. Contrato de Concesión 003 de 2014 - Concesión Honda – Girardot – Puerto Salgar - Seguridad Vial Paso Semovientes Centro Poblado Las Islas - UF2,15_01_Cartas_Enviadas/RADICADAS/2019/CI004_687319_070104_CON_SEG_VIAL_ISLAS-UF2.pdf
3046,4,CONSORCIO 4C,GP-6268,CONCESIÓN ALTO MAGDALENA S.A.S,ALMA-R-2019-00411,08/04/2019,Ref. Contrato de Concesión 003 de 2014 - Concesión Honda – Girardot – Puerto Salgar - Observaciones Revisión de Avalúo UF2,15_01_Cartas_Enviadas/RADICADAS/2019/CI004_626819_070406_CON_AVALU_ALMA-2019-00411.pdf
3045,1,CONSORCIO 4C,GP-5997,"AGENCIA NACIONAL DE INFRAESTRUCTURA – ANI
Atención: Dr. Luis Eduardo Gutiérrez Díaz",2019-409-016689-2,18/02/2019,Ref. Contrato de Concesión 003 de 2014-Concesión Honda — Girardot — Puerto Salgar-Remisión Formato GCSP-F-009 Informe Mensual Recaudo de Peajes — Enero 2019,15_01_Cartas_Enviadas/RADICADAS/2019/CI004_599719_070200_ANI_REM_FOR_INFO_MEN_REC_PEAJ_ENERO2019.pdf
3047,2,CONSORCIO 4C,GP-6898,CONCESIÓN ALTO MAGDALENA S.A.S.,ALMA-R-20192076,28/08/2019,Ref. Contrato de Concesión 003 de 2014 - Concesión Honda – Girardot – Puerto Salgar - Informe Auditoria Peajes Julio 2019,15_01_Cartas_Enviadas/RADICADAS/2019/CI004_689819_070301_CON_INFO-AUDI_PEAJE_JULIO-19.pdf
3048,6,CONSORCIO 4C,GP-6178,"AGENCIA NACIONAL DE INFRAESTRUCTURA - ANI, Ing. Manuel Isidro Raigozo Rubio",2019-409-029962-2,20/03/2019,Ref. Contrato de Concesión 003 de 2014 - Concesión Honda – Girardot – Puerto Salgar - Acta de Calculo VPIP Febrero 2019,15_01_Cartas_Enviadas/RADICADAS/2019/CI004_617819_070209_ANI_ACTA_VPIP_FEB-2019.pdf
3049,5,CONSORCIO 4C,GP-6214,CONCESIÓN ALTO MAGDALENA S.A.S.,ALMA-R-20190824,27/03/2019,Ref. Contrato de Concesión 003 de 2014 - Concesión Honda – Girardot – Puerto Salgar - Seguridad vial – Hallazgos recorridos de inspección UF5 – 26/03/2019,15_01_Cartas_Enviadas/RADICADAS/2019/CI004_621419_070304_CON_SIN-DEMARCAC_HALLAZGOS_UF4Y5.pdf
3050,4,CONSORCIO 4C,GP-5929,CONCESIÓN ALTO MAGDALENA S.A.S,CI.004/GP5929/19/7.4.6,06/02/2019,Ref. Contrato de Concesión 003 de 2014 - Concesión Honda – Girardot – Puerto Salgar - Observaciones Revisión de Avalúo UF5,15_01_Cartas_Enviadas/RADICADAS/2019/CI004_592919_070406_CON_OBS_ALMA-2019-00323.pdf
3051,2,CONSORCIO 4C,GP-6910,CONCESIÓN ALTO MAGDALENA S.A.S.,ALMA-R-20192169,30/08/2019,Ref. Contrato de Concesión 003 de 2014-Concesión Honda – Girardot – Puerto Salgar-Incumplimiento Condiciones de Seguridad UF 5,15_01_Cartas_Enviadas/RADICADAS/2019/CI004_691019_070110_CON_RTACOND_SEGURIDAD_UF5.pdf
3053,5,CONSORCIO 4C,GP-7182,CONCESIÓN ALTO MAGDALENA S.A.S,"ALMA-R-20192687, ALMA-R-20191922",15/11/2019,Ref. Contrato de Concesión 003 de 2014 - Concesión Honda – Girardot – Puerto Salgar. Observaciones Revisión de Avalúos UF5,15_01_Cartas_Enviadas/RADICADAS/2019/CI004_718219_070406_CON_AVALU_ALMA-2019-02919-02920-02921-02922.pdf
3052,4,CONSORCIO 4C,GP-6223,CONCESIÓN ALTO MAGDALENA S.A.S - Ing. Claudia Cecilia Castillo Pico,ALMA-R-201903839,29/03/2019,Ref. Contrato de Concesión 003 de 2014 - Concesión Honda – Girardot – Puerto Salgar - Seguimiento Adquisición Predial Glorieta Oriental,15_01_Cartas_Enviadas/RADICADAS/2019/CI004_622319_070101_CON_PREDIOS_GLORIETA_ORIENTAL-UF5.1.pdf
3055,5,CONSORCIO 4C,GP-5765,CONCESIÓN ALTO MAGDALENA S.A.S,ALMA-R-201900829,04/01/2019,Ref. Contrato de Concesión 003 de 2014 - Concesión Honda – Girardot – Puerto Salgar - Observaciones Revisión de Avalúo UF5,15_01_Cartas_Enviadas/RADICADAS/2019/CI004_576519_070401_CON_OBS_ALMA-2018-4264.pdf
3054,17,CONSORCIO 4C,GP-7321,CONCESIÓN ALTO MAGDALENA S.A.S - Ing. Claudia Cecilia Castillo Pico,ALMA-R-20192931,16/12/2019,Ref. Contrato de Concesión 003 de 2014-Concesión Honda – Girardot – Puerto Salgar-Memoria Técnica Febrero 2019/Respuesta comunicado ALMA-2019-03178,15_01_Cartas_Enviadas/RADICADAS/2019/CI004_732119_070500_CON_MEMOTEC_FEBRERO2019_ALMA_03178.pdf
3056,3,CONSORCIO 4C,GP-5824,CONCESIÓN ALTO MAGDALENA S.A.S.,ALMA-R-20190101,15/01/2019,Ref. Contrato de Concesión 003 de 2014 - Concesión Honda – Girardot – Puerto Salgar - Observaciones Expedientes Finales Prediales,15_01_Cartas_Enviadas/RADICADAS/2019/CI004_582419_070401_CON_OBS_ALMA-4489 (1).pdf
3057,4,CONSORCIO 4C,GP-6794,"AGENCIA NACIONAL DE INFRAESTRUCTURA – ANI
Atención: Ing. Luis Eduardo Gutiérrez Díaz",ANI No. 20194090811412,06/08/2019,Ref. Contrato de Concesión 003 de 2014 Concesión Honda – Girardot – Puerto Salgar. Alcance Concepto Verificación de Requisitos Avaluador - LONPA.,15_01_Cartas_Enviadas/RADICADAS/2019/CI004_679419_070406_ANI_ALCANCE_AVALUA_ALMA-2019-02476.pdf
3058,3,CONSORCIO 4C,GP-5816,CONCESIÓN ALTO MAGDALENA S.A.S.,ALMA-R-201990087,11/01/2019,Ref. Contrato de Concesión 003 de 2014 - Concesión Honda – Girardot – Puerto Salgar - Atención Sitios Críticos,15_01_Cartas_Enviadas/RADICADAS/2019/CI004_581619_070104_CON_PREV_SITIOS_CRITICOS.pdf
3059,2,CONSORCIO 4C,GP-7284,CONCESIÓN ALTO MAGDALENA S.A.S,ALMA-R-20192875,06/12/2019,Ref. Contrato de Concesión 003 de 2014 - Concesión Honda – Girardot – Puerto Salgar - Estado de Pendientes Apéndice Técnico 3 - UF3,15_01_Cartas_Enviadas/RADICADAS/2019/CI004_728419_090300_CON_ESTADO_PENDIENTES_AT3_UF3.pdf
3078,4,CONSORCIO 4C,GP-7294,AGENCIA NACIONAL DE INFRAESTRUCTURA,20194091296992,12/12/2019,CI004_729419_050300_ANI_INFORME_PLAZO_CURA_OFER_REGISTRADA,15_01_Cartas_Enviadas/RADICADAS/2019/CI004_729419_050300_ANI_INFORME_PLAZO-CURA_OFER-REGISTRADA.pdf
3075,4,CONSORCIO 4C,GP-5973,CONCESIÓN ALTO MAGDALENA S.A.S.,ALMA-R-20190359,13/02/2019,Ref. Contrato de Concesión 003 de 2014 - Concesión Honda – Girardot – Puerto Salgar - Acceso Vehicular (K7+203) – UF5.4,15_01_Cartas_Enviadas/RADICADAS/2019/CI004_597319_070103_ACCESO_VEH_K7+203-UF5.4.pdf
3074,7,CONSORCIO 4C,GP-6536,AGENCIA NACIONAL DE INFRAESTRUCTURA – ANI,2019-305-017142-1,12/06/2019,Ref. Contrato de Concesión 003 de 2014 - Concesión Honda – Girardot – Puerto Salgar. Requerimiento Costo Demolición Construcciones Desafectadas Pasos Urbanos,15_01_Cartas_Enviadas/RADICADAS/2019/CI004_653619_070406_ANI_DEMOLICIÓN_CONSTRUCCIONES_DESAFECTADAS.pdf
3077,3,CONSORCIO 4C,GP-7277,CONCESIÓN ALTO MAGDALENA S.A.S - Atn. Ing. Claudia Cecilia Castillo,ALMA-R-20192868,05/12/2019,Ref. Contrato de Concesión 003 de 2014 Concesión Honda – Girardot – Puerto Salgar Alcance Comunicaciones ANI Aprobación Cuentas Subcuenta Redes,15_01_Cartas_Enviadas/RADICADAS/2019/CI004_727719_070115_070202_CON_CONTAB_INTER_FOND-REDES.pdf
3079,2,CONSORCIO 4C,GP-5967,AGENCIA NACIONAL DE INFRAESTRUCTURA - ANI,"ANI 2019-305-001048-1, ANI 2019-409-009688-2",13/02/2019,Ref. Contrato de Concesión 003 de 2014-Concesión Honda – Girardot – Puerto Salgar-Solicitud Inclusión Red UF-5.2,15_01_Cartas_Enviadas/RADICADAS/2019/CI004_596719_070115_ANI_SOL_RED_UF5.2.pdf
3080,4,CONSORCIO 4C,GP-7062,CONCESIÓN ALTO MAGDALENA S.A.S.,CI.004/GP7062/19/7.4.1,16/10/2019,Ref. Contrato de Concesión 003 de 2014 - Concesión Honda – Girardot – Puerto Salgar - Observaciones Informe Avance Gestión Predial,15_01_Cartas_Enviadas/RADICADAS/2019/CI004_706219_070401_CON_OBS_INFOGP_ALMA-2019-02774.pdf
3081,7,CONSORCIO 4C,GP-6541,AGENCIA NACIONAL DE INFRAESTRUCTURA - ANI,ALMA-R-20191458,13/06/2019,Ref. Contrato de Concesión 003 de 2014 - Concesión Honda – Girardot – Puerto Salgar. Informe Incumplimiento Especificaciones Técnicas UF2,15_01_Cartas_Enviadas/RADICADAS/2019/CI004_654119_050300_ANI_INFORME_PENDIENTES_UF2.pdf
3082,4,CONSORCIO 4C,GP-6115,AGENCIA NACIONAL DE INFRAESTRUCTURA – ANI,ALMA-R-20190617,08/03/2019,Contrato de Concesión bajo el esquema de APP No. 003 de 2014 Concesión Honda – Girardot – Puerto Salgar. Contrato de Interventoría No. 145 de 2014. Concepto Cumplimiento Requisitos Ahumada Ingenieros & Asociados Ltda. para la elaboración de avalúos,15_01_Cartas_Enviadas/RADICADAS/2019/CI004_611519_070401_ANI_REVISION_LONJA_AHUMADA.pdf
3083,3,CONSORCIO 4C,GP-5985,CONCESIÓN ALTO MAGDALENA S.A.S.,ALMA-R-20190387,14/02/2019,Ref. Contrato de Concesión 003 de 2014 Concesión Honda – Girardot – Puerto Salgar Seguimiento Avance de Obras – Rehabilitación Honda La Dorada – UF-5.2,15_01_Cartas_Enviadas/RADICADAS/2019/CI004_598519_070101_CON_AVA-OBRA_REHABILITACIÓN-UF5.pdf
3084,7,CONSORCIO 4C,GP-7333,AGENCIA NACIONAL DE INFRAESTRUCTURA,20194091326412,18/12/2019,ANI_PLAZO-CURA_PERDIDA-PROBABLE_SEGURO,15_01_Cartas_Enviadas/RADICADAS/2019/CI004_733319_050300_ANI_PLAZO-CURA_PERDIDA-PROBABLE_SEGURO.pdf
3085,3,CONSORCIO 4C,GP-6232,CONCESIÓN ALTO MAGDALENA S.A.S.,ALMA-R-20190584,02/04/2019,Ref. Contrato de Concesión 003 de 2014 - Concesión Honda – Girardot – Puerto Salgar. Observaciones Fichas Prediales UF5,15_01_Cartas_Enviadas/RADICADAS/2019/CI004_623219_070401_CON_OBS_ALMA-2019-00963.pdf
3086,3,CONSORCIO 4C,GP-7218,CONCESIÓN ALTO MAGDALENA S.A.S.,ALMA-R-20192761,27/11/2019,Ref. Contrato de Concesión 003 de 2014 - Concesión Honda – Girardot – Puerto Salgar - Periodo Especial Norcasia,15_01_Cartas_Enviadas/RADICADAS/2019/CI004_721819_070115_CON_PER_ESP_NORC.pdf
3088,4,CONSORCIO 4C,GP-6911,CONCESIÓN ALTO MAGDALENA S.A.S.,ALMA-R-20192116,30/08/2019,Ref. Contrato de Concesión 003 de 2014-Concesión Honda – Girardot – Puerto Salgar-Pendientes Respuesta comunicación ALMA-2019-02633,15_01_Cartas_Enviadas/RADICADAS/2019/CI004_691119_070115_CON_PEND-RED-UF3_ALMA_02633.pdf
3087,4,CONSORCIO 4C,GP-7298,AGENCIA NACIONAL DE INFRAESTRUCTURA – ANI,20194091300282,12/12/2019,Ref. Contrato de Interventoría 145 de 2014-Proyecto Girardot – Honda – Puerto Salgar-Concepto Pago Vigencia Futura Año 2019,15_01_Cartas_Enviadas/RADICADAS/2019/CI004_729819_070201_ANI_VIGENCIAS_FUTURAS_ DIC-2019.pdf
3090,5,CONSORCIO 4C,GP-6263,CONCESIÓN ALTO MAGDALENA S.A.S.,ALMA-R-20190929,09/04/2019,Ref. Contrato de Concesión 003 de 2014 - Concesión Honda – Girardot – Puerto Salgar - Sistema IP/REV,15_01_Cartas_Enviadas/RADICADAS/2019/CI004_626319_070301_CON_CERTIF_IP_REV.pdf
3089,3,CONSORCIO 4C,GP-7345,CONCESIÓN ALTO MAGDALENA S.A.S.,ALMA-R-20192965,19/12/2019,Ref. Contrato de Concesión 003 de 2014 - Concesión Honda – Girardot – Puerto Salgar - Estado de Correcciones y/o Complementos Pendientes UF3.,15_01_Cartas_Enviadas/RADICADAS/2019/CI004_734519_090300_CON_PENDIENTES_UF3.pdf
3091,3,CONSORCIO 4C,GP-7267,CONCESIÓN ALTO MAGDALENA S.A.S.,ALMA-R-20192852,04/12/2019,Ref. Contrato de Concesión 003 de 2014 - Concesión Honda – Girardot – Puerto Salgar - Observaciones Resolución de Expropiación UF3,15_01_Cartas_Enviadas/RADICADAS/2019/CI004_726719_070404_CON_OBS_RES_EXP_ALMA-2019-03596.pdf
3092,3,CONSORCIO 4C,GP-7216,CONCESIÓN ALTO MAGDALENA S.A.S. - Atn. Ing. Claudia Cecilia Castillo Pico,ALMA-R-28192739,27/11/2019,Ref. Contrato de Concesión 003 de 2014 - Concesión Honda – Girardot – Puerto Salgar - Observaciones Informe Trimestral Social 20,15_01_Cartas_Enviadas/RADICADAS/2019/CI004_721619_070109_CON_OBS_INFOTRIMEST_SOCI20.pdf
3093,5,CONSORCIO 4C,GP-6224,CONCESIÓN ALTO MAGDALENA S.A.S,ALMA-R-28190839,29/03/2019,Ref. Contrato de Concesión 003 de 2014 - Concesión Honda – Girardot – Puerto Salgar - ICA N° 8 Expediente LAV0004-00-2016 UF4.1,15_01_Cartas_Enviadas/RADICADAS/2019/CI004_622419_070108_CON_RESP_ALMA-2019-00642.PDF
3094,8,CONSORCIO 4C,GP-5841,CONCESIÓN ALTO MAGDALENA S.A.S.,ALMA-R-28196125,18/01/2019,Ref. Contrato de Concesión 003 de 2014 - Concesión Honda – Girardot – Puerto Salgar - Aprovechamiento Forestal Explotación Materiales Pétreos Áreas No Autorizadas UF 5.2,15_01_Cartas_Enviadas/RADICADAS/2019/CI004_584119_070108_CON_INTERV_NORC_UF5.2.pdf
3096,7,CONSORCIO 4C,GP-6927,CONCESIÓN ALTO MAGDALENA S.A.S,ALMA-R-20192163,04/09/2019,Otorgamiento Plazo Cura,15_01_Cartas_Enviadas/RADICADAS/2019/CI004_692719_050300_CON_OTOR_PLAZO-CURA_EXP-FINALES.pdf
3095,4,CONSORCIO 4C,GP-7132,"AGENCIA NACIONAL DE INFRAESTRUCTURA - ANI, Ing. Luis Eduardo Gutiérrez Díaz",ANI 2019-409-108943-2,01/11/2019,Ref. Contrato de Concesión 003 de 2014 - Concesión Honda – Girardot – Puerto Salgar - Alcance Concepto Solicitud Concesionario Modificación Contrato Demolición Puente Guarinó UF5,15_01_Cartas_Enviadas/RADICADAS/2019/CI004_713219_050300_ANI_DEMOLI_GUARI-UF5_ALCANCE-2.pdf
3097,4,CONSORCIO 4C,GP-7010,CONCESIÓN ALTO MAGDALENA S.A.S - Atn.: Ing. Claudia Cecilia Castillo Pico,ALMA-R-20192336,27/09/2019,Ref. Contrato de Concesión 003 de 2014 - Concesión Honda – Girardot – Puerto Salgar - Aspectos e Impactos Ambientales Peaje PR10+200 - Alcance comunicado CI.004/GP6932/19/7.1.8,15_01_Cartas_Enviadas/RADICADAS/2019/CI004_701019_070108_CON_AGUA-RESIDUAL_PEAJE-PR10+200.pdf
3098,2,CONSORCIO 4C,GP-6528,SUPERINTENDENCIA DE PUERTOS Y TRANSPORTE - Dr. Álvaro Enrique Merchán Ramírez,700 - Superintendencia Delegada Concesiones e Infraestructura,10/06/2019,"NFORAilaInTN712:1 ENTAL Fecha Rad: 2.4)6/2010 04:51 Radicador: fsethvivas Destino: 700 - Superintendencia Delegada Concesiones e Infraestn Remitente: CONSORCIO 4C muursuoéttransoorte.cov.co Calle 53 No. g a - 46 Bointá O C: 362l Consorcio 4C C1.004/GP6528/18/9.2 Girardot — CND, 10 de junio de 2019",15_01_Cartas_Enviadas/RADICADAS/2019/CI004_652819_090200_SIPT_INFO_MEN_TEC55_SOCAM43_V00.pdf
3100,12,CONSORCIO 4C,GP-0328,"AGENCIA NACIONAL DE INFRAESTRUCTURA – ANI, Atn. Ing. Luis Eduardo Gutiérrez Díaz",2019-409-011581-2,09/08/2019,Ref. Contrato de Interventoría 145 de 2014 - Concesión Honda – Girardot – Puerto Salgar - Acta de Declaratoria de Evento Eximente de Responsabilidad Ambiental Unidad Funcional 4,15_01_Cartas_Enviadas/RADICADAS/2019/CI004_032819_050300_ANI_ACTA_EER_AMBIENTAL_UF4.pdf
3099,3,CONSORCIO 4C,GP-7296,"AGENCIA NACIONAL DE INFRAESTRUCTURA - ANI, Atn. Ing. Luis Eduardo Gutiérrez Díaz","2019-409-131843-2, ALMA-R-20192949",12/12/2019,OBSERVACIONES RESOLUCION DE EXPROPIA( 111 fi 11 1 111 1 1 1 El MLMA—R-20192949,15_01_Cartas_Enviadas/RADICADAS/2019/CI004_729619_070404_ANI_OBS_RESOL_EXPR_ALMA-3-0065.pdf
3101,3,CONSORCIO 4C,GP-6278,"AGENCIA NACIONAL DE INFRAESTRUCTURA – ANI
Atención: Ing. Luis Eduardo Gutiérrez Díaz",2019-409-037207-2,11/04/2019,Ref. Contrato de Concesión 003 de 2014 Concesión Honda – Girardot – Puerto Salgar. Requerimiento Derecho de Petición ALMA-2-0006,15_01_Cartas_Enviadas/RADICADAS/2019/CI004_627819_070404_ANI_INFORMACIÓN_DERECHO_PETICION-2-0006.pdf
3102,16,CONSORCIO 4C,GP-7146,CONCESIÓN ALTO MAGDALENA S.A.S,ALMA-R-20192633,07/11/2019,Ref. Contrato de Concesión 003 de 2014 Concesión Honda – Girardot – Puerto Salgar. Respuesta y Aclaraciones Comunicado ALMA-2019-03342,15_01_Cartas_Enviadas/RADICADAS/2019/CI004_714619_070406_CON_RESPUESTA_CURA-ALMA-4-0062.pdf
3103,6,CONSORCIO 4C,GP-6996,CONCESIÓN ALTO MAGDALENA S.A.S.,ALMA-R-20192315,26/09/2019,"Ref. Contrato de Concesión 003 de 2014 - Concesión Honda – Girardot – Puerto Salgar - Rta. ALMA-2019-02903, Postes de Alumbrado Público – Riesgo inminente.",15_01_Cartas_Enviadas/RADICADAS/2019/CI004_699619_070304_CON_DEFENSAS_POSTES_UF1.pdf
3104,14,CONSORCIO 4C,GP-7348,CONCESIÓN ALTO MAGDALENA S.A.S - Ing. Claudia Cecilia Castillo Pico,ALMA-R-20192973,19/12/2019,"Ref. Contrato de Concesión 003 de 2014 Concesión Honda – Girardot – Puerto Salgar. Observaciones Informe Reducción Ancho Faja Centros Poblados, Otrosí 7 al Contrato. Respuesta a comunicado ALMA-2019-03889",15_01_Cartas_Enviadas/RADICADAS/2019/CI004_734819_070401_CON_OBSERVACIONES_OTROSI7_03889.pdf
3106,4,CONSORCIO 4C,GP-6123,CONCESIÓN ALTO MAGDALENA S.A.S - Ing. Claudia Cecilia Castillo Pico,ALMA-R-20190636,12/03/2019,Ref. Contrato de Concesión 003 de 2014 - Concesión Honda – Girardot – Puerto Salgar - Demolición Puente Existente Guarinó.,15_01_Cartas_Enviadas/RADICADAS/2019/CI004_612318_070101_050300_CON_ALMA-2019-00624-DEMO-GUARINO.pdf
3105,5,CONSORCIO 4C,GP-7076,CONCESIÓN ALTO MAGDALENA S.A.S.,ALMA-R-20192481,17/10/2019,Ref. Contrato de Concesión 003 de 2014 - Concesión Honda – Girardot – Puerto Salgar - Incumplimiento Condiciones Seguridad UF4 y 5 Semana 245,15_01_Cartas_Enviadas/RADICADAS/2019/CI004_707619_070110_CON_SEGSISO_UF5_SEM245.pdf
3107,5,CONSORCIO 4C,GP-7074,CONCESIÓN ALTO MAGDALENA S.A.S.,ALMA-R-20192483,17/10/2019,Ref. Contrato de Concesión 003 de 2014 - Concesión Honda – Girardot – Puerto Salgar - Alcance Artículos 1 y 2 Auto DRMC 0654 de 2019 / Ocupación de Cauce Expediente 51486. Obra K84+405 UF3,15_01_Cartas_Enviadas/RADICADAS/2019/CI004_707419_070107_070108_CON_OBS_PERM_OC_K84+405.pdf
3109,2,CONSORCIO 4C,GP-6644,CONCESIÓN ALTO MAGDALENA S.A.S - Ing. Claudia Cecilia Castillo Pico,ALMA-R-20191627,03/07/2019,Ref. Contrato de Concesión 003 de 2014 - Concesión Honda – Girardot – Puerto Salgar - Reiteración Información Avalúos,15_01_Cartas_Enviadas/RADICADAS/2019/CI004_664419_070406_CON_REITER_CERTIFI_AVALUOS.PDF
3108,4,CONSORCIO 4C,GP-5830,CONCESIÓN ALTO MAGDALENA S.A.S,ALMA-R-20190116,17/01/2019,Ref. Contrato de Concesión 003 de 2014-Concesión Honda – Girardot – Puerto Salgar-Seguimiento Calidad Procesos Constructivos-Pavimento Peaje - Unidad Funcional 5.4,15_01_Cartas_Enviadas/RADICADAS/2019/CI004_583019_070103_CON_PAVIMENTO-PEAJE_UF5.4.pdf
3110,6,CONSORCIO 4C,GP-6093,CONCESIÓN ALTO MAGDALENA S.A.S.,ALMA-R-2019-0438,06/03/2019,Ref. Contrato de Concesión 003 de 2014 - Concesión Honda – Girardot – Puerto Salgar - Inseguridad Vial Puentes Proyecto,15_01_Cartas_Enviadas/RADICADAS/2019/CI004_609319_070304_CON_ SEGUR-VIAL_PUENTES_PROYECTO.pdf
3111,2,CONSORCIO 4C,GP-7014,CONCESIÓN ALTO MAGDALENA S.A.S.,ALMA-R-28192332,27/09/2019,Ref. Contrato de Concesión 003 de 2014 - Concesión Honda – Girardot – Puerto Salgar - Actualización Plan Compensaciones Socioeconómicas,15_01_Cartas_Enviadas/RADICADAS/2019/CI004_701419_070402_CON_PLAN_COMP-SOC__ALMA-02893.pdf
3112,3,CONSORCIO 4C,GP-5812,CONCESIÓN ALTO MAGDALENA S.A.S.,ALMA-2018-4775,11/01/2019,Ref. Contrato de Concesión 003 de 2014 - Concesión Honda – Girardot – Puerto Salgar - Observaciones Informe Trimestral Socio Ambiental N°16 Versión 2,15_01_Cartas_Enviadas/RADICADAS/2019/CI004_581219_070108_CON_ALMA-2018-4775_INFOR-TRIM-16_V2 (1).pdf
3114,6,CONSORCIO 4C,GP-7013,CONCESIÓN ALTO MAGDALENA S.A.S.,ALMA-R-20192333,27/09/2019,Ref. Contrato de Concesión 003 de 2014 - Concesión Honda – Girardot – Puerto Salgar - Deficiencia Nivel Servicio E7 Julio-Agosto 2019,15_01_Cartas_Enviadas/RADICADAS/2019/CI004_701319_070303_CON_INCUM-INDICADOR_E7_UF2.pdf
3113,3,CONSORCIO 4C,GP-6550,CONCESIÓN ALTO MAGDALENA S.A.S - Atn. Ing. Claudia Cecilia Castillo Pico,ALMA-R-20191446,13/06/2019,Ref. Contrato de Concesión 003 de 2014-Concesión Honda – Girardot – Puerto Salgar-Revisión Implantación Solución Paso Peatonal Sobre Cruce Férreo de la UF 5.2,15_01_Cartas_Enviadas/RADICADAS/2019/CI004_655019_070107_CON_ALMA-2019-01787_PASO-FERR-ANDE-UF5.2.pdf
3115,3,CONSORCIO 4C,GP-7157,CONCESIÓN ALTO MAGDALENA S.A.S.,ALMA-R-20192637,08/11/2019,Ref. Contrato de Concesión 003 de 2014 - Concesión Honda – Girardot – Puerto Salgar - Memoria Técnica julio 2019.,15_01_Cartas_Enviadas/RADICADAS/2019/CI004_715719_070500_CON_OBS_MEMOTECNICA_CONCESI-2019.pdf
3116,8,CONSORCIO 4C,GP-6381,CONCESIÓN ALTO MAGDALENA S.A.S - Ing. Claudia Cecilia Castillo Pico,ALMA-R-20191139,09/05/2019,"Ref. Contrato de Concesión 003 de 2014-Concesión Honda – Girardot – Puerto Salgar-Observaciones Pago Seguridad Social Febrero, Salarios Enero/2019 y Soportes Ingreso",15_01_Cartas_Enviadas/RADICADAS/2019/CI004_638119_070110_CON_SEG_FEBR_SALAENE2019.pdf
3117,4,CONSORCIO 4C,GP-5912,CONCESIÓN ALTO MAGDALENA S.A.S,ALMA-R-20190257,01/02/2019,Ref. Contrato de Concesión 003 de 2014 - Concesión Honda – Girardot – Puerto Salgar - Observaciones Revisión de Avalúo UF3,15_01_Cartas_Enviadas/RADICADAS/2019/CI004_591219_070406_CON_OBS_ALMA-2019-00171.pdf
3118,1,CONSORCIO 4C,GP-6365,"SENA REGIONAL GIRARDOT - Dr. Carlos Fernando Cometa, Subdirector SENA Seccional Girardot",Sin radicado visible en destinatario,07/05/2019,Ref. Contrato de Concesión 003 de 2014 Concesión Honda – Girardot – Puerto Salgar. Solicitud de cupos y entrega documentación para reentrenamiento en trabajo seguro en alturas.,15_01_Cartas_Enviadas/RADICADAS/2019/CI004_636519_030000_SEN_SOL_CUPOS_TSA2019.pdf
3119,3,CONSORCIO 4C,GP-6852,AGENCIA NACIONAL DE INFRAESTRUCTURA - ANI,20194090867582,21/08/2019,Ref. Contrato de Concesión 003 de 2014-Concesión Honda – Girardot – Puerto Salgar.-Solicitud Información Contrato INVIAS-Nuevo Puente de Honda. Subsector 3,15_01_Cartas_Enviadas/RADICADAS/2019/CI004_685219_050300_ANI_INFO_PUENTE_INVIAS-UF5.pdf
3120,4,CONSORCIO 4C,GP-6432,CONCESIÓN ALTO MAGDALENA S.A.S - Atn. Ing. Claudia Cecilia Castillo Pico,ALMA-R-20191218,16/05/2019,Ref. Contrato de Concesión 003 de 2014-Concesión Honda – Girardot – Puerto Salgar-Observaciones a respuesta ALMA-2019-0597-Solicitud no objeción plazo de cura UF 4 y 5.,15_01_Cartas_Enviadas/RADICADAS/2019/CI004_643219_070110_CON_PLAZO_CURA_UF4Y5.PDF
3121,3,CONSORCIO 4C,GP-6653,AGENCIA NACIONAL DE INFRAESTRUCTURA - ANI,ANI-20193040181211,05/07/2019,Ref. Contrato de Concesión 003 de 2014-Concesión Honda – Girardot – Puerto Salgar-Rta ANI-20193040181211-No. De expediente 20163040280200135E-Permiso de Ocupación Temporal del Derecho de Vía a Terminal de Transporte de Honda S.A,15_01_Cartas_Enviadas/RADICADAS/2019/CI004_665319_070114_ANI_TERMINAL_HONDA_EDS.pdf
3123,4,CONSORCIO 4C,GP-6988,"AGENCIA NACIONAL DE INFRAESTRUCTURA – ANI
Atención: Dr. Luis Eduardo Gutiérrez Díaz",2019-409-100549-2,24/09/2019,Ref. Contrato de Concesión 003 de 2014 Concesión Honda – Girardot – Puerto Salgar. Remisión Formato GCSP-F-001 Mantenimiento Bienes Uso Público – Agosto 2019,15_01_Cartas_Enviadas/RADICADAS/2019/CI004_698819_070200_ANI_REMISION_FORMATO_GCSP-F-001_MTTO_AGO-19.pdf
3122,1,CONSORCIO 4C,GP-7272,"AGENCIA NACIONAL DE INFRAESTRUCTURA - ANI, Atn. Ing. Manuel Isidro Raigozo Rubio","2019-409-128329-2, ALMA-R-20192883",05/12/2019,ACTAS DE RETRIBUCION UF1 Y UF3 SEPTIEMI 111 ALMA—R-2E1192883 Este recibido no Implica aceptaclon Ref. Contrato de Concesión 003 de 2014 Concesión Honda — Girardot — Puerto Salgar Actas de Retribución UF1 y UF3 Septiembre 2019.,15_01_Cartas_Enviadas/RADICADAS/2019/CI004_727219_070209_ANI_ACTAS_RET_UF1-UF3_SEP2019.pdf
3124,2,CONSORCIO 4C,GP-6251,GLORIA YASMIN ROJAS,20194090354582,04/04/2019,Ref. Contrato de Concesión 003 de 2014 - Concesión Honda – Girardot – Puerto Salgar. Respuesta Solicitud Información Predio ALMA 5-250,15_01_Cartas_Enviadas/RADICADAS/2019/CI004_625119_070109_TER_RTA_YROJAS.pdf
3125,6,CONSORCIO 4C,GP-7361,CONCESIÓN ALTO MAGDALENA S.A.S,ALMA-R-20193013,23/12/2019,Ref. Contrato de Concesión 003 de 2014 - Concesión Honda – Girardot – Puerto Salgar - Observaciones Revisión de Avalúo UF2,15_01_Cartas_Enviadas/RADICADAS/2019/CI004_736119_070406_CON_AVALU_ALMA-2019-03050 (1).pdf
3126,2,CONSORCIO 4C,GP-6004,CONCESIÓN ALTO MAGDALENA S.A.S,ALMA-R-20190414,18/02/2019,Ref. Contrato de Concesión 003 de 2014 - Concesión Honda – Girardot – Puerto Salgar - Observaciones a Conceptos de Desafectación Predial,15_01_Cartas_Enviadas/RADICADAS/2019/CI004_600419_070401_CON_DESAF_PRED_ALMA-2019-00519.pdf
3127,2,CONSORCIO 4C,GP-7109,AGENCIA NACIONAL DE INFRAESTRUCTURA - ANI,ANI 20183050278451,25/10/2019,Ref. Contrato de Concesión 003 de 2014 Concesión Honda – Girardot – Puerto Salgar. Remisión de Informe Semanal 58. Avance de Unidades Funcionales en Construcción.,15_01_Cartas_Enviadas/RADICADAS/2019/CI004_710919_091000_ANI_INF_ESP_N58.pdf
3128,5,CONSORCIO 4C,GP-7174,CONCESIÓN ALTO MAGDALENA S.A.S,ALMA-R-20192672,13/11/2019,Ref. Contrato de Concesión 003 de 2014-Concesión Honda – Girardot – Puerto Salgar-Memoria Técnica mayo 2019/Respuesta comunicado ALMA-2019-03179,15_01_Cartas_Enviadas/RADICADAS/2019/CI004_717419_070500_CON_MEMOTEC_MAYO2019_ALMA_03179.pdf
3129,2,CONSORCIO 4C,GP-6916,CONCESIÓN ALTO MAGDALENA S.A.S.,ALMA-R-28192143,03/09/2019,Ref. Contrato de Concesión 003 de 2014 Concesión Honda – Girardot – Puerto Salgar Vallas Categorías Estaciones Pesaje San Lorenzo y Brisas.,15_01_Cartas_Enviadas/RADICADAS/2019/CI004_691619_070301_CON_VALLAS_CATEGO_BASCULAS.pdf
3130,4,CONSORCIO 4C,GP-7231,CONCESIÓN ALTO MAGDALENA S.A.S - Atn. Ing. Claudia Cecilia Castillo Pico,"['ANI 20194090828872', 'ALMA-R-2019192775']",28/11/2019,Ref. Contrato de Concesión 003 de 2014 - Concesión Honda – Girardot – Puerto Salgar - Observaciones Revisión de Avalúo UF5,15_01_Cartas_Enviadas/RADICADAS/2019/CI004_723119_070406_CON_AVALU_ALMA-2019-03356.pdf
3132,2,CONSORCIO 4C,GP-6372,CONCESION ALTO MAGDALENA S.A.S.,ALMA-R-20191128,07/05/2019,Ref. Contrato de Concesión 003 de 2014 - Concesión Honda – Girardot – Puerto Salgar - Traslapo acero tablero Puente Doraditas - UF5.4,15_01_Cartas_Enviadas/RADICADAS/2019/CI004_637219_070107_CON_ALMA-2019-01066_TRASLAPO-TABLE_DORAD.PDF
3131,5,CONSORCIO 4C,GP-6179,CONCESIÓN ALTO MAGDALENA S.A.S,ALMA-R-20190763,21/03/2019,Ref. Contrato de Concesión 003 de 2014 - Concesión Honda – Girardot – Puerto Salgar - Seguimiento Sectores disponibles sin Intervención UF5.1,15_01_Cartas_Enviadas/RADICADAS/2019/CI004_617919_070101_CON_DISPONIB_INTERVEN_UF5.1.pdf
3133,3,CONSORCIO 4C,GP-6265,CONCESIÓN ALTO MAGDALENA S.A.S.,ALMA-R-20190938,09/04/2019,Ref. Contrato de Concesión 003 de 2014 - Concesión Honda – Girardot – Puerto Salgar - Observaciones Informe Avance Gestión Predial,15_01_Cartas_Enviadas/RADICADAS/2019/CI004_626519_070401_CON_OBS_INFOGP_ALMA-2019-0894.pdf
3134,5,CONSORCIO 4C,GP-6047,CONCESIÓN ALTO MAGDALENA S.A.S.,ALMA-R-20190491,26/02/2019,Ref. Contrato de Concesión 003 de 2014 - Concesión Honda – Girardot – Puerto Salgar - Seguridad Vial UF 5.2,15_01_Cartas_Enviadas/RADICADAS/2019/CI004_604719_070304_SEGURIDADVIAL_DEMARCACIÓN_BURRAS.pdf
3135,3,CONSORCIO 4C,GP-5811,CONCESIÓN ALTO MAGDALENA S.A.S. - Atn. Ing. Claudia Cecilia Castillo Pico,ALMA-R-20190083,11/01/2019,Ref. Contrato de Concesión 003 de 2014 - Concesión Honda – Girardot – Puerto Salgar - Respuesta ALMA-2018-4690,15_01_Cartas_Enviadas/RADICADAS/2019/CI004_581119_070108_CON_ALMA-2018-4690_BOX_K84+405.pdf
3136,4,CONSORCIO 4C,GP-5864,CONCESIÓN ALTO MAGDALENA S.A.S,ALMA-R-20190136,22/01/2019,Ref. Contrato de Concesión 003 de 2014 - Concesión Honda – Girardot – Puerto Salgar - Observaciones Revisión de Avalúo UF5,15_01_Cartas_Enviadas/RADICADAS/2019/CI004_586419_070406_CON_OBS_ALMA-2018-4414.pdf
3137,3,CONSORCIO 4C,GP-6208,CONCESIÓN ALTO MAGDALENA S.A.S.,ALMA-R-20190819,28/03/2019,Ref. Contrato de Concesión 003 de 2014-Concesión Honda – Girardot – Puerto Salgar-Observaciones Expedientes Finales Prediales,15_01_Cartas_Enviadas/RADICADAS/2019/CI004_620819_070401_CON_EXP-FINAL_ALMA-2019-00204.pdf
3138,4,CONSORCIO 4C,GP-7229,AGENCIA NACIONAL DE INFRAESTRUCTURA - ANI,ANI (2019-409-050534-2),28/11/2019,Ref. Contrato de Concesión 003 de 2014-Concesión Honda – Girardot – Puerto Salgar-Concepto Plazos EER Puente Peatonal Puerto Bogotá. UF5,15_01_Cartas_Enviadas/RADICADAS/2019/CI004_722919_050300_ANI_PLAZO-EER_PTE-PEATON_PTO-BOGOT.pdf
3139,3,CONSORCIO 4C,GP-7130,CONCESIÓN ALTO MAGDALENA S.A.S.,ALMA-R-20192578,31/10/2019,Ref. Contrato de Concesión 003 de 2014-Concesión Honda – Girardot – Puerto Salgar-Implantación y Diseños Obras de Drenaje-Intersecciones Unidad Funcional 5.,15_01_Cartas_Enviadas/RADICADAS/2019/CI004_713019_070107_CON_DISEÑOS_DRENAJES_INTERSECCIONES-UF5.pdf
3141,6,CONSORCIO 4C,GP-5996,"AGENCIA NACIONAL DE INFRAESTRUCTURA – ANI, Dr. Luis Eduardo Gutiérrez Díaz",2019-409-016688-2,19/02/2019,"Fideicomiso Fidubogotá -Alto Magdalena 3-1.63664 Rendimientos mes de Enero de 2019 Respc1s66 dodor Narváez: . : :t:..: . . .r: En desaíollo del iide¡comiso del asuntg, de manera alenla. nos permitimos,iñfóÍñar los rendimíentos aeumulados a diciembre de 2018 y ics rendimientos generados para el penbdo del mes de énero de 2019 en et Fideicomiso | *o 4,000/¡ 031-32763&01 FIC FIOUGOB N.A: N.A. 4.00% N.A Geñeral - Cornpens€ciones Ambientales Compensaciones 8añcolombta Cta. | -. - i Áio. óli-izzesz¡o i N A' ,,u.or..rru.., i Catle 67 No. 7 .37 Piso 3 . Bogotá . Colombia :i{S7t) 348S4OO . w\¡rw.lidubogota.com .t Frc rroucos i .. - ,lo9oo2oo171600 | *'^ @ rso 900r Su¡cúenla Sup.rvÉló-n YF-co Bogolá Cl¿ Ano ¡r ooq¡ Viál'cos Conlñtt¡!18 Anr 000-3a4507 Fiducisriq Aogota $ .I 4 0ct: UF3 Subauenta - Subcueñrá Cácéx ffie C¡lló 67 No. 7 37 P¡eo 3. Bogotá . Colorñbla . (',l) 3¿AíOO. ww.fidubogor..com 100r/. Fiduciorio Uogota $ Subqrenta trañslerenc{ 8co BoOoaá Ct¡. L ^"". I I cfr¿d[o3 en dor.r!. Aho.00s292789 I -"""""" J2.r02.252.390.0d 11800 B.o Eogotá Cr. i I Subcu.nrá P¡qos 06lü Aho.00Gr92797 | 1.OO% l - ooo¡zs.ze I J rsz.r¿B.ao9.oo 6oo.oi3 oo Sr¡cr,¿nra ra¡crra ffi &ltiliñ'ñ' '- Áñ 6ó6:iüüg | ''c0e1 r re.i3e..27 oo 3.806 2er oo É;ñ-*""-*-' ññ -oññziis | ''00% rr.o5s.Es3.25e.m 1.6¿2.73e co Subcúlai. D..cñboBo BcoSoootá C¡á I arM -- -- - ahqooló-iügi¡ I om% i ,.s"":.;.e.mi 7¿o?co. ----:----:------ subo,$ra aarañce ?3 Pl!""li^9.': i o oo.¿ Ano.uq,.¿e¿r.q .l 72.676,213.001 3.tZ2.A¿0 00 '-- sutrcu.nre R.3. . Gn ' P.co 9:!ol:-9-.- I ¿ oox , Dr!o3 Ano qX!292805 i! 4 o.{7 382.904.00 225.007.230 co ta:] i5;0E 0! suucuanra rDC en rcsos f,i::ffi18 ""Ji, I o 00,., i ,.i 0c : 5l_j -.1.) ¡, 2:' r 02¡ 00 t 5l t SD L( SUA. 8co Cit'bank 116219 uso ¡oc USD CT SERVICE 8co Cúb¿n¡( 't15272 2.589 82 7 723.213 20 1..a29.97, ¿27i2.i92.21 25t615 55 78 4,.1 60¡ 15 595 5r I 935 ¡ 13 .:a ¿i I 933 C.: fa; i,a:i- ACCOUNT Aoc¡es l¡¡l 8co de Scaola 100-6&174E9 '3 09-o 88 I 866 026 39 Bco de 6cgoi¿ rc068-17196 - Bco dc Bcgor¿ 10{16&17501 ¿ ¿ll ¡9 12 700.198.22 ¿1660 r ¡4. .¿n :e ¡ 0¡i 9. 11 2A6.655¿5 Aoodq3 ANI gco de Bogota 3 - Porc¡ón an P¡n¡ña lEcuen¡¿ Apcnes ANI Bco de Bolola 100€&r7501 s15 9d 2 5u-23o 4i 3 &w Calle 67 No. 7 -37 P¡so 3 . Bogotá . Cotombia . (57l) 3465400 . www.tidubogota.com 520 97 Fiduciorio Bogotá (J De acr¡erdo a lo indicado en el otrosí No 3, los rendimientos generados en las Subcuenlas de desembolso del crédno en dólares. reserva e¡ dólares y Subq.¡enla IDC en dóla.es. serán transferidos en cada fedra 0e lransferencias hacia ta.Subcrenta balancé, dado !o,Anterler.. ¡a Fiduciaria procédió a real¡zar la monetización üe los recursos de dólares a pesos coll TRM negociada de 53.143.42. teniendo en cuenta que la Subcuenla balance es una cuenta en pesos. Cabe aclarar.que los rendimientos eu:E sé§€ñ€Eln en las Subcuentas Aporte ANI principal cuenta de afrorros banco de Bogotá 000-288613.y Subql.eÍla Recaudo Peaje principal cuenta de ahorros No 000-288514, mensualmenle sri trasladan a cada Subcuenta respegtiva po¡ Unidqd {uncionaf de acuerdo a los porcenta,,es corresFondientes. Coordinadora de Fiducia Pública EIá}c:o AAGL C.C. Craridra CasHlo F..:: Re.pÍesen¡an¡e Legal - Corcesión Atb ¡áagdalena S.A.S..-Caue t0? 4 N. ¡7.30 8árfto F.asaoe¡a C.C. CrriosAtbenoAvg¡anáálcasreuanos-- o¡rector.lllefrónprg jCánsor""ió áb -.Caile.95 No r5-47 !'so 5 . de Fiducia Pública f ñr.l a:l ce ffi sE.:tt g §3 15? Ct . C¡:a'o rBrc;aico:ge e Étd S¡.#b3 f .trÉa? on li;!'ct lRff -a: tc reflo §á:ot9 -§ ,63 ¿6 . G1l@b ?Aar:ftorfcf f; !ffi StEe:?l Á5óri* il¡l Calte 67 No, 7 -37 Piso 3 ' Bogotá . Color¡b¡a ' {571} 3485400 r www.fidubogota.com ,,|.,,: | : . @ l-((.) 9001",15_01_Cartas_Enviadas/RADICADAS/2019/CI004_599619_070202_ANI_REMI_FOR_GCSP-F-007_INFO_EJEC_RP_ENER2019.pdf
3140,4,CONSORCIO 4C,GP-6997,CONCESIÓN ALTO MAGDALENA S.A.S,ALMA-R-20192315,26/09/2019,Ref. Contrato de Concesión 003 de 2014 - Concesión Honda – Girardot – Puerto Salgar - Observaciones Revisión de Avalúo UF5,15_01_Cartas_Enviadas/RADICADAS/2019/CI004_699719_070406_CON_AVALU_ALMA-2019-02797.pdf
3142,4,CONSORCIO 4C,GP-6024,CONCESIÓN ALTO MAGDALENA S.A.S.,ALMA-R-20190435,20/02/2019,Ref. Contrato de Concesión 003 de 2014-Concesión Honda – Girardot – Puerto Salgar-Incumplimiento Condiciones Seguridad UF 3 Semana 211,15_01_Cartas_Enviadas/RADICADAS/2019/CI004_602419_070110_CON_SEGSISO_UF3_SEM211.pdf
3143,2,CONSORCIO 4C,GP-6016,CONCESIÓN ALTO MAGDALENA S.A.S.,ALMA-R-20190437,20/02/2019,Ref. Contrato de Concesión 003 de 2014-Concesión Honda – Girardot – Puerto Salgar-Revisión Fichas Sociales,15_01_Cartas_Enviadas/RADICADAS/2019/CI004_601619_070402_CON_FICHAS_SOCIALES_ALMA-00368.pdf
3144,2,CONSORCIO 4C,GP-6795,AGENCIA NACIONAL DE INFRAESTRUCTURA - ANI,ANI 20183050278451,06/08/2019,Ref. Contrato de Concesión 003 de 2014-Concesión Honda – Girardot – Puerto Salgar. Remisión de Informe Especial No. 46-Pendientes UF3 y UF5.,15_01_Cartas_Enviadas/RADICADAS/2019/CI004_679519_091000_ANI_INF_ESP_46.pdf
3145,2,CONSORCIO 4C,GP-6786,AGENCIA NACIONAL DE INFRAESTRUCTURA - ANI,ANI 20183050278451,02/08/2019,Ref. Contrato de Concesión 003 de 2014-Concesión Honda – Girardot – Puerto Salgar-Remisión Informe Especial No. 45-Pendientes UF3 y UF5,15_01_Cartas_Enviadas/RADICADAS/2019/CI004_678619_091000_ANI_INF_ESP_45.pdf
3146,8,CONSORCIO 4C,GP-6556,CONCESIÓN ALTO MAGDALENA S.A.S.,ALMA-R-20191464,14/06/2019,Ref. Contrato de Concesión bajo el esquema de APP 003 de 2014 – Contrato de Interventoría 145 de 2014. Concesión Honda – Puerto Salgar – Girardot.,15_01_Cartas_Enviadas/RADICADAS/2019/CI004_655619_050300_CON_PLAZOCURA_PMT-INCUMPLIMIENTO.pdf
3147,4,CONSORCIO 4C,GP-5871,"CONCESIÓN ALTO MAGDALENA S.A.S. - Atn. Dra. Claudia Cecilia Castillo Pico, Representante Legal",ALMA-R-20190173,25/01/2019,Ref. Contrato de Concesión 003 de 2014 - Concesión Honda – Girardot – Puerto Salgar - Observaciones Fichas Prediales UF 5,15_01_Cartas_Enviadas/RADICADAS/2019/CI004_587119_070401_CON_OBS_ALMA-2019-00135 (1).pdf
3148,3,CONSORCIO 4C,GP-5910,CONCESIÓN ALTO MAGDALENA S.A.S.,ALMA-R-28196261,01/02/2019,Ref. Contrato de Concesión 003 de 2014 - Concesión Honda–Girardot–Puerto Salgar - Báscula Dinámica Costado derecho,15_01_Cartas_Enviadas/RADICADAS/2019/CI004_591019_070301_CON_BASCULA_DINAMICA_SANLORENZO.pdf
3149,2,CONSORCIO 4C,GP-6642,CONCESIÓN ALTO MAGDALENA S.A.S.,ALMA-R-20191665,03/07/2019,Ref. Contrato de Concesión 003 de 2014 - Concesión Honda – Girardot – Puerto Salgar. Revisión Ficha Social,15_01_Cartas_Enviadas/RADICADAS/2019/CI004_664219_070402_CON_FICHAS_SOCIALES-ALMA-2019-02020.PDF
3150,4,CONSORCIO 4C,GP-6172,CONCESIÓN ALTO MAGDALENA S.A.S,ALMA-R-20190727,20/03/2019,Ref. Contrato de Concesión 003 de 2014 - Concesión Honda – Girardot – Puerto Salgar - Observaciones Revisión de Avalúo UF5,15_01_Cartas_Enviadas/RADICADAS/2019/CI004_617219_070406_CON_AVALUO_ALMA-2019-00773.pdf
3151,3,CONSORCIO 4C,GP-6403,CONCESIÓN ALTO MAGDALENA S.A.S - Atn. Ing. Claudia Cecilia Castillo Pico,ALMA-R-20191185,14/05/2019,Ref. Contrato de Concesión 003 de 2014--Concesión Honda – Girardot – Puerto Salgar--Información Avalúos,15_01_Cartas_Enviadas/RADICADAS/2019/CI004_640319_070406_CON_CERTIFICACIONES_AVALUOS_ALMA.PDF
3152,3,CONSORCIO 4C,GP-6076,CONCESIÓN ALTO MAGDALENA S.A.S.,ALMA-R-20190541,01/03/2019,Ref. Contrato de Concesión 003 de 2014 - Concesión Honda – Girardot – Puerto Salgar - Incumplimiento condiciones de seguridad UF 5. Semana 206 y 207,15_01_Cartas_Enviadas/RADICADAS/2019/CI004_607619_070110_CON_INCUMPIMIENTO CONDICIONES SEGURIAD UF 5.PDF
3153,4,CONSORCIO 4C,GP-6497,CONCESIÓN ALTO MAGDALENA S.A.S - Ing. Claudia Cecilia Castillo Pico,ALMA-R-20191366,04/06/2019,Ref. Contrato de Concesión 003 de 2014 - Concesión Honda – Girardot – Puerto Salgar - Respuesta ALMA-2019-01658 / Resolución 2129 de 2015,15_01_Cartas_Enviadas/RADICADAS/2019/CI004_649719_070108_CON_RESP_ALMA-2019-01658_1.pdf
3154,2,CONSORCIO 4C,GP-6348,CONCESIÓN ALTO MAGDALENA S.A.S. - Atn. Dr. Claudia Cecilia Castillo Pico,ALMA-R-20191094,01/05/2019,Ref. Contrato de Concesión 003 de 2014-Concesión Honda – Girardot – Puerto Salgar.-Revisión Fichas Sociales,15_01_Cartas_Enviadas/RADICADAS/2019/CI004_634819_070402_CON_FICHAS_SOCIALES_ALMA-1283-1282-01061.PDF
3155,2,CONSORCIO 4C,GP-6350,AGENCIA NACIONAL DE INFRAESTRUCTURA - ANI,20194090445172,01/05/2019,Ref. Contrato de Concesión 003 de 2014 Política Prevención Daño Antijurídico Trimestre No.1 año 2019,15_01_Cartas_Enviadas/RADICADAS/2019/CI004_635019_070304_ANI_INFO_DANO-ANTIJURI_SENALIZA_PRIM-TRIM19.pdf
3156,5,CONSORCIO 4C,GP-6326,CONCESIÓN ALTO MAGDALENA S.A.S - Atn. Ing. Claudia Cecilia Castillo Pico,ALMA-R-20191042,23/04/2019,Ref. Contrato de Concesión 003 de 2014-Concesión Honda – Girardot – Puerto Salgar-Observaciones Revisión de Avalúo UF2,15_01_Cartas_Enviadas/RADICADAS/2019/CI004_632619_070406_CON_AVALUOS_ALMA-2019-01195-01193.PDF
3157,3,CONSORCIO 4C,GP-6022,AGENCIA NACIONAL DE INFRAESTRUCTURA - ANI,20194090093422,21/02/2019,Ref. Contrato de Concesión 003 de 2014 - Concesión Honda – Girardot – Puerto Salgar. Información Solicitada Tarifa Diferencial – Peaje Guataquí,15_01_Cartas_Enviadas/RADICADAS/2019/CI004_602219_070109_ANI_SOLICITUDINFO_PEAJE_GUATAQUI.pdf
3158,3,CONSORCIO 4C,GP-6662,PricewaterhouseCoopers Ltda,100E1910566LTD (PWC),10/07/2019,"CTO DE CONGESION Destino: VEL4SCO GALEANO LEID) .ANDRE.s La rece i:ockm del docurriento re ntoltd rincipna actenta C1.004/GP6662/19/7.2.2 Girardot — CND, 10 de julio de 2019",15_01_Cartas_Enviadas/RADICADAS/2019/CI004_666219_070202_PWC_ONFO_REL_COM_PATRIM_ALTO_MAG.pdf
3159,1,CONSORCIO 4C,GP-7270,"AGENCIA NACIONAL DE INFRAESTRUCTURA - ANI, Atn. NELCY JENITH MALDONADO BALLEN",2019-409-128332-2,04/12/2019,Ref. Contrato de Concesión 003 de 2014 - Concesión Honda – Girardot – Puerto Salgar - Respuesta comunicada 2019409040743-1 - Registro Fílmico Informe Mensual Técnico 59,15_01_Cartas_Enviadas/RADICADAS/2019/CI004_727019_090200_ANI_REG_FIL_INFO_MEN_TEC59.pdf
3160,3,CONSORCIO 4C,GP-6345,CONCESIÓN ALTO MAGDALENA S.A.S.,ALMA-R-20191687,02/05/2019,Ref. Contrato de Concesión 003 de 2014 Concesión Honda – Girardot – Puerto Salgar Obras de Alumbrado Público,15_01_Cartas_Enviadas/RADICADAS/2019/CI004_634519_070103_CON_OBR_ALUM_PUBLI.pdf
3161,3,CONSORCIO 4C,GP-6537,CONCESIÓN ALTO MAGDALENA S.A.S - Atn. Ing. Claudia Cecilia Castillo Pico,ALMA-R-20191448,13/06/2019,Ref. Contrato de Concesión 003 de 2014-Concesión Honda – Girardot – Puerto Salgar-Seguimiento plazo de cura - Incumplimiento-Condiciones de Seguridad y Salud en el Trabajo en los Frentes de Obra UF 5,15_01_Cartas_Enviadas/RADICADAS/2019/CI004_653719_050300_070110_CON_PERIODO_CURA_ALCANCE5.PDF
3162,3,CONSORCIO 4C,GP-7085,AGENCIA NACIONAL DE INFRAESTRUCTURA – ANI,ALMA-R-2-20192478,17/10/2019,Ref. Contrato de Concesión 003 de 2014 - Concesión Honda – Girardot – Puerto Salgar - Seguimiento Bimestral-Plan de Obras - Corte al 03 de septiembre de 2019,15_01_Cartas_Enviadas/RADICADAS/2019/CI004_708519_070101_ANI_SEG-BIMES_PLANOBRA_SEP-19.pdf
3163,4,CONSORCIO 4C,GP-6126,CONCESIÓN ALTO MAGDALENA S.A.S,ALMA-R-20190632,12/03/2019,Ref. Contrato de Concesión 003 de 2014 - Concesión Honda – Girardot – Puerto Salgar - Respuesta ALMA-2019-00798 / Ficha PBSE 4 4-13,15_01_Cartas_Enviadas/RADICADAS/2019/CI004_612619_070108_CON_ATROPELLO_FAUNA_ALMA-2019-00798.PDF
3164,3,CONSORCIO 4C,GP-6549,CONCESIÓN ALTO MAGDALENA S.A.S.,ALMA-R-20191445,13/06/2019,Ref. Contrato de Concesión 003 de 2014-Concesión Honda – Girardot – Puerto Salgar-Observaciones Expedientes Finales Prediales,15_01_Cartas_Enviadas/RADICADAS/2019/CI004_654919_070401_CON_EXP-FINAL_ALMA-2019-01819.pdf
3165,4,CONSORCIO 4C,GP-7256,CONCESIÓN ALTO MAGDALENA S.A.S.,ALMA-R-20192883,29/11/2019,Ref. Contrato de Concesión 003 de 2014-Concesión Honda – Girardot – Puerto Salgar-Incumplimiento Condiciones SST UF 2 y 3 Semana 251,15_01_Cartas_Enviadas/RADICADAS/2019/CI004_725619_070110_CON_SEGSISO_UF23_SEM251.pdf
3166,2,CONSORCIO 4C,GP-6861,AGENCIA NACIONAL DE INFRAESTRUCTURA - ANI,20194090868972,21/08/2019,Ref. Contrato de Concesión 003 de 2014 - Concesión Honda – Girardot – Puerto Salgar. Remisión de Informe Especial No. 48 - Pendientes UF3 y UF5.,15_01_Cartas_Enviadas/RADICADAS/2019/CI004_686119_091000_ANI_INF_ESP_48.pdf
3167,4,CONSORCIO 4C,GP-5768,CONCESIÓN ALTO MAGDALENA S.A.S,CI.004/GP5768/19/7.4.6,04/01/2019,Ref. Contrato de Concesión 003 de 2014 - Concesión Honda – Girardot – Puerto Salgar - Observaciones Revisión de Avalúo UF3,15_01_Cartas_Enviadas/RADICADAS/2019/CI004_576819_070406_CON_OBS_ALMA-2018-4511.pdf
3169,5,CONSORCIO 4C,GP-5869,CONCESIÓN ALTO MAGDALENA S.A.S.,Consorcio 4C,25/01/2019,Ref. Contrato de Concesión 003 de 2014 Concesión Honda – Girardot – Puerto Salgar. Incumplimiento Condiciones Seguridad UF 4 y 5 Semana 207,15_01_Cartas_Enviadas/RADICADAS/2019/CI004_586919_070110_CON_SEGSISO_UF4_5_SEM207.pdf
3168,2,CONSORCIO 4C,GP-5775,CONCESIÓN ALTO MAGDALENA S.A.S.,ALMA-R-20190036,04/01/2019,Ref. Contrato de Concesión 003 de 2014 - Concesión Honda – Girardot – Puerto Salgar - Prueba Carga Puente P1 – PR04+800 Ruta Nacional 5008 – UF4,15_01_Cartas_Enviadas/RADICADAS/2019/CI004_577519_070111_CON_PMT_CARGA_VICON-3.pdf
3170,5,CONSORCIO 4C,GP-6800,CONCESIÓN ALTO MAGDALENA S.A.S,ALMA-R-20191922,08/08/2019,Ref. Contrato de Concesión 003 de 2014 Concesión Honda – Girardot – Puerto Salgar. Calidad Deficiente en Avalúos,15_01_Cartas_Enviadas/RADICADAS/2019/CI004_680019_070401_CON_CALIDAD_DEFICIENTE_AVALUOS.pdf
3172,3,CONSORCIO 4C,GP-6959,CONCESIÓN ALTO MAGDALENA S.A.S.,ALMA-R-20192248,18/09/2019,Ref. Contrato de Concesión 003 de 2014 - Concesión Honda – Girardot – Puerto Salgar - Observaciones Sistema Protección Contra Incendios Áreas Contractuales Proyecto,15_01_Cartas_Enviadas/RADICADAS/2019/CI004_695919_070110_CON_PROTECCION_CONTRAINCENDIO.pdf
3171,3,CONSORCIO 4C,GP-6210,CONCESIÓN ALTO MAGDALENA S.A.S - Ing. Claudia Cecilia Castillo Pico,ALMA-R-20190328,27/03/2019,Ref. Contrato de Concesión 003 de 2014 Concesión Honda – Girardot – Puerto Salgar. Solicitud Información Trámites Ambientales,15_01_Cartas_Enviadas/RADICADAS/2019/CI004_621019_070108_CON_INFO_TRAM_AMB.pdf
3173,3,CONSORCIO 4C,GP-6445,CONCESIÓN ALTO MAGDALENA S.A.S.,ALMA-R-20191238,21/05/2019,Ref. Contrato de Concesión 003 de 2014-Concesión Honda – Girardot – Puerto Salgar-Observaciones Expedientes Finales Prediales,15_01_Cartas_Enviadas/RADICADAS/2019/CI004_644519_070401_CON_EXP-FINAL_ALMA-2019-00990-00993-01340.PDF
3174,4,CONSORCIO 4C,GP-6254,CONCESIÓN ALTO MAGDALENA S.A.S,ALMA-R-20190910,04/04/2019,"Ref. Contrato de Concesión 003 de 2014-Concesión Honda – Girardot – Puerto Salgar-Observaciones Revisión de Avalúo UF1, UF4 y UF5",15_01_Cartas_Enviadas/RADICADAS/2019/CI004_625419_070406_CON_OBS_ALMA-2019-00660.PDF
3175,10,CONSORCIO 4C,GP-6339,CONCESIÓN ALTO MAGDALENA S.A.S,ALMA-2019-01068,30/04/2019,Análisis información presentada mediante el oficio ALMA-2019-01068 / Presunto Evento Eximente de Responsabilidad.,15_01_Cartas_Enviadas/RADICADAS/2019/CI004_633919_050300_CON_SOPORT-EER-UF4_REGULA_AMBIENT.PDF
3176,7,CONSORCIO 4C,GP-6248,CONCESIÓN ALTO MAGDALENA S.A.S.,ALMA-R-20190920,08/04/2019,Ref. Contrato de Concesión 003 de 2014 - Concesión Honda – Girardot – Puerto Salgar. Aspectos e Impactos Ambientales UF 5.4,15_01_Cartas_Enviadas/RADICADAS/2019/CI004_624819_070108_CON_ASPEC_IMPACT_UF 5.4.pdf
3178,5,CONSORCIO 4C,GP-6444,CONCESIÓN ALTO MAGDALENA S.A.S.,"ALMA-R-20191265, ALMA-2019-01454",21/05/2019,Ref. Contrato de Concesión 003 de 2014-Concesión Honda – Girardot – Puerto Salgar-Rta. ALMA-2019-01454 – Resultado Medición Niveles Servicio Febrero de 2019,15_01_Cartas_Enviadas/RADICADAS/2019/CI004_644419_070303_CON_ILUMINACION_ALMA-2019-01454.PDF
3177,2,CONSORCIO 4C,GP-6680,CONCESIÓN ALTO MAGDALENA S.A.S.,ALMA-R-20191696,12/07/2019,Ref. Contrato de Concesión 003 de 2014 - Concesión Honda – Girardot – Puerto Salgar - Alcance Comunicación CI.004/GP6638/19/7.3.3 - Evaluación Niveles Servicio - Julio de 2019,15_01_Cartas_Enviadas/RADICADAS/2019/CI004_668019_070303_MEDIC_INDICA_JULIO-19-.PDF
3180,5,CONSORCIO 4C,GP-6003,CONCESIÓN ALTO MAGDALENA S.A.S.,ALMA-R-20190413,19/02/2019,Ref. Contrato de Concesión 003 de 2014 Concesión Honda – Girardot – Puerto Salgar. Incumplimiento Condiciones Seguridad UF 4 y 5 Semana 211,15_01_Cartas_Enviadas/RADICADAS/2019/CI004_600319_070110_CON_SEGSISO_UF5_SEM211.pdf
3179,4,CONSORCIO 4C,GP-6375,CONCESIÓN ALTO MAGDALENA S.A.S,ALMA-R-20191125,07/05/2019,Ref. Contrato de Concesión 003 de 2014-Concesión Honda – Girardot – Puerto Salgar-Informe de Seguimiento y Monitoreo N°5 / Resolución 1928 de 2015,15_01_Cartas_Enviadas/RADICADAS/2019/CI004_637519_070108_CON_RESP_ALMA-2019-01376.PDF
3181,3,CONSORCIO 4C,GP-6687,CONCESIÓN ALTO MAGDALENA S.A.S - Ing. Claudia Cecilia Castillo Pico,ALMA-R-20191723,16/07/2019,Ref. Contrato de Concesión 003 de 2014 - Concesión Honda – Girardot – Puerto Salgar - Informe Cumplimiento Ambiental – ICA 9 UF 4.1,15_01_Cartas_Enviadas/RADICADAS/2019/CI004_668718_070108_CON_INF-ICA-4.1_ALMA-2019-01239.PDF
3182,2,CONSORCIO 4C,GP-7015,AGENCIA NACIONAL DE INFRAESTRUCTURA - ANI,ANI 20183050278451,27/09/2019,Ref. Contrato de Concesión 003 de 2014-Concesión Honda – Girardot – Puerto Salgar. Remisión de Informe Semanal 54. Avance de Unidades Funcionales en Construcción.,15_01_Cartas_Enviadas/RADICADAS/2019/CI004_701519_091000_ANI_INF_ESP_N54.pdf
3183,3,CONSORCIO 4C,GP-5982,CONCESIÓN ALTO MAGDALENA S.A.S.,ALMA-R-20190384,14/02/2019,Ref. Contrato de Concesión 003 de 2014 Concesión Honda – Girardot – Puerto Salgar Seguimiento Avance de Obras Intersección Nuevo Puente de Honda Costado Occidental - Ruta 4510 Honda – La Dorada – UF-5.2,15_01_Cartas_Enviadas/RADICADAS/2019/CI004_598219_070101_CON_AVA-OBRA_OCCIDENTAL-HONDA-UF5.pdf
3184,4,CONSORCIO 4C,GP-6475,CONCESIÓN ALTO MAGDALENA S.A.S,COORDINADOR AMBIENTAL,24/05/2019,Ref. Contrato de Concesión 003 de 2014 - Concesión Honda – Girardot – Puerto Salgar - Aspectos e Impactos Unidad Funcional 4.1,15_01_Cartas_Enviadas/RADICADAS/2019/CI004_647519_070108_CON_ASPEC_IMPAC_UF4.1.PDF
3186,2,CONSORCIO 4C,GP-6062,AGENCIA NACIONAL DE INFRAESTRUCTURA - ANI,20194090205752,27/02/2019,Ref. Contrato de Concesión 003 de 2014 - Concesión Honda – Girardot – Puerto Salgar. Remisión de Informe Especial No. 24 Pendientes UF3 y UF5.,15_01_Cartas_Enviadas/RADICADAS/2019/CI004_606219_091000_ANI_INF_ESP_24.pdf
3185,4,CONSORCIO 4C,GP-7255,CONCESIÓN ALTO MAGDALENA S.A.S,ALMA-R-20192654,29/11/2019,Ref. Contrato de Concesión 003 de 2014 Concesión Honda – Girardot – Puerto Salgar. Diseños Glorieta Costado Oriental Nuevo Puente de Honda / Componente Ambiental. UF5.1,15_01_Cartas_Enviadas/RADICADAS/2019/CI004_725519_070108_CON_DISEÑOS_GLORIE-ORIENTAL_UF5.1.pdf
3187,3,CONSORCIO 4C,GP-5799,CONCESIÓN ALTO MAGDALENA S.A.S,ALMA-R-20190075,10/01/2019,Ref. Contrato de Concesión 003 de 2014 Concesión Honda – Girardot – Puerto Salgar. Resolución 0472 de 28 de febrero de 2017 / Donación de materiales.,15_01_Cartas_Enviadas/RADICADAS/2019/CI004_579919_070108_CON_RESOL-0472_DONA_MATER.pdf
3188,3,CONSORCIO 4C,GP-6279,CONCESIÓN ALTO MAGDALENA S.A.S,ALMA-R-201958963,11/04/2019,Ref. Contrato de Concesión 003 de 2014 - Concesión Honda – Girardot – Puerto Salgar - Rellenos de Muro - UF5.1,15_01_Cartas_Enviadas/RADICADAS/2019/CI004_627919_070101_CON_SEGUIM_RELLE_MURO2-UF5.1.pdf
3189,4,CONSORCIO 4C,GP-7309,"AGENCIA NACIONAL DE INFRAESTRUCTURA – ANI, Dr. Luis Eduardo Gutiérrez Díaz",2019-409-133657-2,20/12/2019,Ref. Contrato de Concesión 003 de 2014 - Concesión Honda — Girardot — Puerto Salgar - Remisión Formato GCSP-F-001 Mantenimiento Bienes Uso Público — Noviembre 2019,15_01_Cartas_Enviadas/RADICADAS/2019/CI004_730919_070202_ANI_REM_FOR_GCSP-F-001_MBUP_NOV19.pdf
3190,4,CONSORCIO 4C,GP-7212,CONCESIÓN ALTO MAGDALENA S.A.S,"['ANI 20194090828872', 'ALMA-R-20192749']",26/11/2019,Ref. Contrato de Concesión 003 de 2014 - Concesión Honda – Girardot – Puerto Salgar - Observaciones Revisión de Avalúo UF5,15_01_Cartas_Enviadas/RADICADAS/2019/CI004_721219_070406_CON_AVALU_ALMA-2019-02916.pdf
3191,4,CONSORCIO 4C,GP-6991,CONCESIÓN ALTO MAGDALENA S.A.S,ALMA-R-20192328,26/09/2019,Ref. Contrato de Concesión 003 de 2014 Concesión Honda – Girardot – Puerto Salgar. Segunda Solicitud Avalúos Predios Desafectados Otrosí No 7,15_01_Cartas_Enviadas/RADICADAS/2019/CI004_699119_070406_CON_AVALU_DESAFEC_OTROSI7-2.pdf
3192,2,CONSORCIO 4C,GP-7143,CONCESIÓN ALTO MAGDALENA S.A.S - Atn. Ing. Claudia Cecilia Castillo Pico,ALMA-2019-02750,07/11/2019,Ref. Contrato de Concesión 003 de 2014 - Concesión Honda – Girardot – Puerto Salgar - Inconformidad Correspondencia Predial,15_01_Cartas_Enviadas/RADICADAS/2019/CI004_714319_070401_CON_INCONFORMIDAD_CORRESPONDENCIA_PREDIAL.pdf
3193,13,CONSORCIO 4C,GP-6765,CONCESIÓN ALTO MAGDALENA S.A.S,ALMA-R-2019-1952,01/08/2019,Ref. Contrato de Concesión 003 de 2014 - Concesión Honda – Girardot – Puerto Salgar - Revisión Diseño de Mezcla MDC-19 Con Asfalto 60/70 - UF5 Ingeniería de Vías,15_01_Cartas_Enviadas/RADICADAS/2019/CI004_676519_070107_CON_MARSHAL_MDC-19-60-70-UF5_ALMA-2019-01952.pdf
3194,2,CONSORCIO 4C,GP-5836,CONCESIÓN ALTO MAGDALENA S.A.S.,ALMA-R-2018-3325,17/01/2019,Ref. Contrato de Concesión 003 de 2014 - Concesión Honda – Girardot – Puerto Salgar - Servicios de Carácter obligatorio – Postes SOS,15_01_Cartas_Enviadas/RADICADAS/2019/CI004_583619_070302_CON_POSTES_SOS_ENERO-19.pdf
3196,2,CONSORCIO 4C,GP-5944,SUPERINTENDENCIA DE PUERTOS Y TRANSPORTE - Dr. Álvaro Enrique Merchán Ramírez,70 - Superintendencia Delegada Concesiones e Infraestructura,08/02/2019,"N ORM1151StZ?E(21113 99111814BIENTAL Fecha Rad 1202/2019 1 48 Radicador andres onseoa Derrno: 70 - Superinten encia Delegada Concesiones e Infraestn Remitente: CONSORC O 4C iuww.suoertransoorte.ao (. o Calle 6 No. 9 a -46 9 aotá D.0 3621 Ref. Contrato de Concesión 003 de 2014 Concesión Honda — Girardot — Puerto Salgar. Informe Mensual Técnico 51 y Socioambiental 39 vnredim nn Consorcio 4C CI.004/GP5944/19/9.2 Girardot — CND, 08 de febrero de 2019",15_01_Cartas_Enviadas/RADICADAS/2019/CI004_594419_090200_SIPT_INFO_TEC51_SOCIOAMBIENTAL39.pdf
3195,6,CONSORCIO 4C,GP-6637,CONCESIÓN ALTO MAGDALENA S.A.S,ALMA-R-2019-02080,03/07/2019,Ref. Contrato de Concesión 003 de 2014 - Concesión Honda – Girardot – Puerto Salgar - Respuesta ALMA-2019-02080 / Presupuesto Plan de Reasentamiento,15_01_Cartas_Enviadas/RADICADAS/2019/CI004_663719_070108_070109_CON_PRES-PLAN_REASENT_ALMA-2019-02080.PDF
3197,2,CONSORCIO 4C,GP-6002,CONCESIÓN ALTO MAGDALENA S.A.S.,ALMA-R-20190412,19/02/2019,Ref. Contrato de Concesión 003 de 2014 - Concesión Honda – Girardot – Puerto Salgar - Informe EER UF 5.1 – Hallazgos Arqueológicos,15_01_Cartas_Enviadas/RADICADAS/2019/CI004_600219_070109_CON_RTA-ALMA417_INFO_EER-UF5.1.pdf
3198,3,CONSORCIO 4C,GP-6969,CONCESIÓN ALTO MAGDALENA S.A.S.,ALMA-R-20192269,20/09/2019,Ref. Contrato de Concesión 003 de 2014 - Concesión Honda – Girardot – Puerto Salgar - Respuesta comunicación ALMA 2019 - 02790,15_01_Cartas_Enviadas/RADICADAS/2019/CI004_696919_070115_CON_ALMA-02790_CANAL_PTO-BOG.pdf
3200,15,CONSORCIO 4C,GP-6027,CONCESIÓN ALTO MAGDALENA S.A.S.,20194090183612,20/02/2019,Ref. Contrato de Concesión 003 de 2014-Concesión Honda – Girardot – Puerto Salgar-Seguridad Vial Corredor Girardot – Honda – Puerto Salgar.,15_01_Cartas_Enviadas/RADICADAS/2019/CI004_602719_070304_SEGURIDAD_VIAL_AUDITORÍA.pdf
3199,5,CONSORCIO 4C,GP-6156,Agencia Nacional de Infraestructura,GCSP-F-207,06/11/2015,"de manera atenla. nos permilimos inlormar los rendamienlos acumulados a enero de 20'19 y los rendimienlos generados para el perodo del mes de febrero de 2019 en el Frdercomrso Allo Magdalena. asi: 2 41q173 690 4!i 39 487 03? 88. ¿ c0:.. Prec,fos 2ee59,- S9O1 04371226 134702 12600 subcuenla Ge_?fal . - c;.p;;;; "":- .B.a;'co!í.brá cra Aho 03r' N A Ambrentel€s 283 206 873 97 3-:l?""TF,il: ilq:y:qg.,.^^ NA ,qc!"",'l!-_ 32262s.02 :': _,. _._!2?.,!1-4-sz§!.!L_ _r_ _. --_ ,._ SubcLlñta Gcnersl - FIC FIOUGOB . I Pr¡nc,F -- .,o9oo2oot716o2 _ _ *^.__ s rzs.a¡¡g¿l .. _-:l-.__-__-___ Subcue '8 Gener.l. FIC FIOUGOB !!191p¿ ...""'...- .l osoozoor zgio r s ""o I z.sza.azt zd 'suucr,-e_ 'iGenerat - B¿¿r Bogotá cta7hb 0oo- , o oo, ' .^_ .,. ^. ^f .-- -^- -^.- !'¡91t er _ 78-A!21___ I "" "": ^ ._ roz.I r¿ ¿o¿.od_ ¿so rzq¡¡ Subcuen¡¡ G€nc¡.|- Bco Occ¡dente Cta Aho i - ---. Prnc¡pár _,23086!126 | ¿ ro% 1 s zzg.zss.¡d 56 Prnc¡par 230863126 l---'"" 5 228.759¡tg Socuénr,, eiññr l- 'd;ncoromb'a-ra;ño o¡ '- ' - "" o---l]]]l]l][- 56 Fiducinrio Bogotó (J 9i5 ,1!6 ::!6 9l [@g:-. . _ J9:i0a¡!rr1600 ''_ - -.-q-8s7r-!E_7_q 1 Subcuenla Generát - - ññ;;;;' Bco Bosota ''a Aho ooo' 4 oo,. Amb¡enrales zooour I 607 013 260:0-t _4452151J Oq subcueñla Geñeral - BancolorñbÉ cta Aho o3l- NA tntervento¡ra y superv s', bzzosz.sO @,A ffiffi cale 67 No.7 -37 piso 3. Bosot' . colombia. (57r)3485400. www.r¡dubogota.com Nombrqcuonta Cugnta Saldo Acurñulado Kendtmtento3 1*1t::nl: -""^"" tobr€ro dq 2or! Subcuenta General - lnterventoía Y SuPervtsrÓn FiduciorioBogoté (} 00 118qq ffi m care 67 No.7 -37 piso 3. Bosotá. corombia. (57i) 3¡r's40o'www.ridubosota'com Subcuenta Geñeral- y Superv¡3ión Lréditos eñ dolares SrJbcuenta PagG O&M Subcuente Balance §ubcucnts RlslrYa €n Bogotá Cla Aho 000' 46 Fiduchrh Bogotó (J 3 255 869 0C. 3 606 293 o0 cc. 99.432 180 00 225 007 230 C0 8¿ r 707 07 845 610 93 Oe acuerdo a lo ind¡cádo en el olrosi No 3, los rendim¡enlos generados en las Subcuenlas de desembolso del créd¡lo en dólares. reserva en dólares y Subcuenla IOC e; dólares. serán lransferidos en cada fecha de lransferencias hacia la Subcuenta balence. dado lo anteflor, la Fiduciaria procedió a reatizar la monelrzac¡ón de los Bcociurank i i suB- r 16249 2.5E9 82 7 723 243 Bco Cilrbank 116059 14.429971 42 Bcocitib.nt l fi6234 27.211. 80 377 0r7 5 Calle 67 No. 7 -37 P¡so 3 . Bogotá . Cotombia . (S71) 348S4OO . www.fidubogota.com NombrsCuonta Cu9nta Sáldo Acumslado Ssldo Rondlm¡onto Acumqlado s Rsnd¡mlsntog Rondlmlontos a lobrsro dq Gbrgro de 20lg onero do 2019 2019 en COP 'Clfras on COP USD I Trásledo , s gonerador ien onero de 2019 USD 'CltraÉ €o coP iubcuente USO DC SUA- \CCOUNT Subcuenta USO CT )EBf SERVICE TESERVE CCCOUNT 271 2l :ubcuenta Aportes \Nl UF l -Porcióñ Bco de Bogola Panama lo0-64-1748q 3.405 68 I833 412 ¿t jubcuenla Apoles \Nl UF 2 - Poroón 8co de 8ogola Panama 100-68-r 7ó96 4.850 2l ta 0rE 095.6( j¡rbcuenla APorles \Nl UF4-Poroón Aco de Bogota Pañáll1a 100-6r-!750r 4.586 7r 13 | 38 805 0,r 780 0t 2 396 ¿ 13 561 Subcuenta Apoñes lNl UF 3 - PorcÉn Bco de Bogola Penaña ro0-64-14r75 620 9i 1 964 4t3 7€ 828 2, 2 544 361 jubcueñla Aporles qNI UF 5 - Porc'ón Bco cfe Bogola Panema 100-68.17501 6t6 9( 2.5E4.230 4i 1 089 4t TOTAL RENOIMIENfOS EN USD USD 58.SII.4I s 172,412,010.41 usD 2.969.09 3 9-12r.3?5.& ¡ 845,610.9: Fiduciorio Bogotó (J recursos de dólares a pesos con TRM negociada de 53.117.00, leniendo en cuenta que la Subcuenta balance es una cuenta en pesos. cabe aclafar que los fendimientos que se genefan en las subcuenlas Apofte ANI principal cuenla de ahorros banco Já gogor¿ OOd-ZggO13 y Subcuenla Receudo Peaje principal cuenta de ahorros No 000-288514. mensualmente se trasladin a cada Subcu;nta fespectiva por Unidad ,uncional de acuerdo a los porcentaies correspondienles Coordinadora de Fiducia Pública Eráboró AAGL C C Crauó€ Ca§tilo P - Rep¡éseñtánb Lelal _ Conc€Élón A(o Mrgdalena S A S ¿ ó CarlosAl¡eto Avellane¿e C¡3telleños - Drraclor lñleryenloria - Consorc'o aC - Catle l0? A N 47.30 Banlo Paiadena - Calra 95 ío 15 - 47 pl5o 6 Qt=' cale 67 No. 7 .37 p¡so 3 . Bogotá . coromb¡a . (s71) 3485400 . www.f idubogora.com @ lso 9001",15_01_Cartas_Enviadas/RADICADAS/2019/CI004_615619_070202_ANI_ANEXO_REMI_FORM_GCSP-F-207_REN_SUB_FEBRERO2019.pdf
3201,4,CONSORCIO 4C,GP-6030,CONCESIÓN ALTO MAGDALENA S.A.S - Ing. Claudia Cecilia Castillo Pico,ALMA-R-20190442,20/02/2019,Ref. Contrato de Concesión 003 de 2014 - Concesión Honda – Girardot – Puerto Salgar - Respuesta ALMA-2019-00371 / Informe N°3 - Resolución 2284 de 2015,15_01_Cartas_Enviadas/RADICADAS/2019/CI004_603019_CON_RESP_ALMA-2019-00371.pdf
3204,3,CONSORCIO 4C,GP-6438,AGENCIA NACIONAL DE INFRAESTRUCTURA – ANI,20194090507042,17/05/2019,Ref. Contrato de Concesión 003 de 2014 Concesión Honda – Girardot – Puerto Salgar,15_01_Cartas_Enviadas/RADICADAS/2019/CI004_643819_070301_ANI_ACUMULADOS_RECAUDOS.pdf
3202,21,CONSORCIO 4C,GP-5931,"AGENCIA NACIONAL DE INFRAESTRUCTURA – ANI
Atn. Ing. Luis Eduardo Gutiérrez Díaz",2019-409-015699-2,15/02/2019,"Concepto Interventoría Notificación Presunto Evento Eximente de Responsabilidad (EER) Unidad Funcional 2. Tema: Análisis del Presunto Evento Eximente de Responsabilidad en la Unidad Funcional 2 Relacionado con la Gestión Predial como Consecuencia de las Graves Afectaciones que ha Tenido el Proyecto de Concesión Vial, objeto del Contrato 003 de 2014.",15_01_Cartas_Enviadas/RADICADAS/2019/CI004_593119_050300_ANI_CONCEP_INTER_NOTIF_PEE_RES_EER_UF2.pdf
3203,2,CONSORCIO 4C,GP-7226,AGENCIA NACIONAL DE INFRAESTRUCTURA - ANI,20194091245202,27/11/2019,Ref. Contrato de Concesión 003 de 2014 Concesión Honda – Girardot – Puerto Salgar. Remisión de Informe Semanal 63. Avance de Unidades Funcionales en Construcción.,15_01_Cartas_Enviadas/RADICADAS/2019/CI004_722619_091000_ANI_INF_ESP_N63.pdf
3205,2,CONSORCIO 4C,GP-5792,SUPERINTENDENCIA DE PUERTOS Y TRANSPORTE - Dr. Álvaro Enrique Merchán Ramírez,20194090025602,10/01/2019,Ref. Contrato de Concesión 003 de 2014-Concesión Honda — Girardot — Puerto Salgar.-Informe Mensual Técnico 50 y Socioambiental 38-Versión 00.,15_01_Cartas_Enviadas/RADICADAS/2019/CI004_579219_090200_SIPT_INFO_MEN_TEC50_SOCIAM38_V00.pdf
3206,5,CONSORCIO 4C,GP-5872,CONCESIÓN ALTO MAGDALENA S.A.S,ALMA-2018-4742,25/01/2019,Ref. Contrato de Concesión 003 de 2014 - Concesión Honda – Girardot – Puerto Salgar - Observaciones Revisión de Avalúo UF3,15_01_Cartas_Enviadas/RADICADAS/2019/CI004_587219_070406_CON_OBS_ALMA-2018-4742.pdf
3207,3,CONSORCIO 4C,GP-6417,CONCESIÓN ALTO MAGDALENA S.A.S. - Atn. Ing. Claudia Cecilia Castillo Pico,ALMA-R-20191196,16/05/2019,Ref. Contrato de Concesión 003 de 2014 Concesión Honda – Girardot – Puerto Salgar. Observaciones Expedientes Finales Prediales,15_01_Cartas_Enviadas/RADICADAS/2019/CI004_641719_070401_CON_EXP_FINAL_ALMA-2019-00901-00903.PDF
3208,15,CONSORCIO 4C,GP-5806,AGENCIA NACIONAL DE INFRAESTRUCTURA – ANI,No aplica (Carta dirigida a entidad sin radicado visible en el documento),10/01/2019,Ref. Contrato de Concesión 003 de 2014 - Concesión Honda – Girardot – Puerto Salgar - Plan Operativo – Peaje Guataqui,15_01_Cartas_Enviadas/RADICADAS/2019/CI004_580619_070109_ANI_PLAN_OPERATIVO_PEAJE-GUATAQUI.pdf
3209,3,CONSORCIO 4C,GP-6605,CONCESIÓN ALTO MAGDALENA S.A.S. - Atn. Dra. Claudia Cecilia Castillo Pico,ALMA-R-20191556,25/06/2019,Ref. Contrato de Concesión 003 de 2014 - Concesión Honda – Girardot – Puerto Salgar. Observaciones Expedientes Finales Prediales,15_01_Cartas_Enviadas/RADICADAS/2019/CI004_660519_070401_CON_EXP_FINAL_ALMA-2019-01919.PDF
3210,2,CONSORCIO 4C,GP-6623,CONCESION ALTO MAGDALENA S.A.S,ALMA-R-28191577,26/06/2019,Ref. Contrato de Concesión 003 de 2014 - Concesión Honda – Girardot – Puerto Salgar - Faltante Fondeo Redes Mayo 2017,15_01_Cartas_Enviadas/RADICADAS/2019/CI004_662319_070201_FALT_FONDEO_ REDES-2017.PDF
3211,2,CONSORCIO 4C,GP-6860,AGENCIA NACIONAL DE INFRAESTRUCTURA - ANI,ANI 20183050278451,21/08/2019,Ref. Contrato de Concesión 003 de 2014-Concesión Honda – Girardot – Puerto Salgar-Remisión de Informe Especial No. 47-Pendientes UF3 y UF5,15_01_Cartas_Enviadas/RADICADAS/2019/CI004_686019_091000_ANI_INF_ESP_47.pdf
3212,3,CONSORCIO 4C,GP-6801,CONCESIÓN ALTO MAGDALENA S.A.S.,ALMA-R-20191923,08/08/2019,Ref. Contrato de Concesión 003 de 2014 - Concesión Honda – Girardot – Puerto Salgar. Observaciones Fichas Prediales UF5,15_01_Cartas_Enviadas/RADICADAS/2019/CI004_680119_070401_CON_FICH_ALMA-2019-02427.pdf
3213,7,CONSORCIO 4C,GP-7017,CONCESIÓN ALTO MAGDALENA S.A.S.,ALMA-R-20192338,27/09/2019,Ref. Contrato de Concesión 003 de 2014 - Concesión Honda – Girardot – Puerto Salgar - Justificación Hidráulica K69+975 – UF3,15_01_Cartas_Enviadas/RADICADAS/2019/CI004_701719_070107_070108_CON_ALMA-2019-02732_OCUP-CAU-K69+975.pdf
3215,4,CONSORCIO 4C,GP-6671,CONCESIÓN ALTO MAGDALENA S.A.S,ALMA-R-20191685,11/07/2019,Ref. Contrato de Concesión 003 de 2014-Concesión Honda – Girardot – Puerto Salgar.-Observaciones Revisión de Avalúo UF2,15_01_Cartas_Enviadas/RADICADAS/2019/CI004_667119_070406_CON_AVALU_ALMA-2019-02173.pdf
3214,8,CONSORCIO 4C,GP-6841,CONCESIÓN ALTO MAGDALENA S.A.S,ALMA-R-20191958,16/08/2019,Ref. Contrato de Concesión 003 de 2014 - Concesión Honda – Girardot – Puerto Salgar. Observaciones Pago Seguridad Social Mayo. Salarios de abril/2019 y Soportes Ingreso.,15_01_Cartas_Enviadas/RADICADAS/2019/CI004_684119_070110_CON_SEGSOC-MAY_SAL-ABR2019..pdf
3216,26,CONSORCIO 4C,GP-5866,CONCESIÓN ALTO MAGDALENA S.A.S,ALMA-R-20190169,25/01/2019,Ref. Contrato de Concesión 003 de 2014 - Concesión Honda – Girardot – Puerto Salgar - Memoria Técnica noviembre 2018.,15_01_Cartas_Enviadas/RADICADAS/2019/CI004_586619_070500_CON_MEMOTECNICA_NOVIEMBRE2018.pdf
3219,6,CONSORCIO 4C,GP-6502,CONCESIÓN ALTO MAGDALENA S.A.S.,ALMA-R-20191570,04/06/2019,Ref. Contrato de Concesión 003 de 2014-Concesión Honda – Girardot – Puerto Salgar-Pendientes Peaje Guataqui,15_01_Cartas_Enviadas/RADICADAS/2019/CI004_650219_070301_PENDIENTES_PEAJE_GUATAQUI_1.pdf
3217,3,CONSORCIO 4C,GP-5963,CONCESIÓN ALTO MAGDALENA S.A.S,ALMA-R-28190372,13/02/2019,Ref. Contrato de Concesión 003 de 2014 - Concesión Honda – Girardot – Puerto Salgar - Seguimiento Calidad Proceso Constructivo Pavimento K12+150 al K13+400 UF 5.4,15_01_Cartas_Enviadas/RADICADAS/2019/CI004_596319_070103_CON_PROC-CONST-MEZCLA_K12+150-UF5.4.pdf
3220,4,CONSORCIO 4C,GP-7116,AGENCIA NACIONAL DE INFRAESTRUCTURA - ANI,ALMA-R-28192562,29/10/2019,Ref. Contrato de Concesión 003 de 2014 Concesión Honda – Girardot – Puerto Salgar. Verificación Empalme Hidráulico Costado Occidental - Nuevo Puente de Honda (INVIAS).,15_01_Cartas_Enviadas/RADICADAS/2019/CI004_711619_050300_ANI_EMPALME_OCCIDEN_NVO-PTE-INVIAS-UF5.pdf
3218,4,CONSORCIO 4C,GP-6135,CONCESIÓN ALTO MAGDALENA S.A.S.,ALMA-R-20190653,13/03/2019,Ref. Contrato de Concesión 003 de 2014 - Concesión Honda – Girardot – Puerto Salgar - Accesos Predios Aledaños Puente Doradita – UF5.2,15_01_Cartas_Enviadas/RADICADAS/2019/CI004_613519_070107_ACCESOS_TIPO1-2-3_DORADITA-UF5.2.pdf
3223,7,CONSORCIO 4C,GP-6545,CONCESIÓN ALTO MAGDALENA S.A.S,CI.004/GP6545/19/7.1.7,13/06/2019,Ref. Contrato de Concesión 003 de 2014 - Concesión Honda – Girardot – Puerto Salgar - Revisión Diseño de Mezcla MDC-19 Con Asfalto Tipo III UF5 Ingeniería de Vías,15_01_Cartas_Enviadas/RADICADAS/2019/CI004_654519_070107_CON_MARSHAL_MDC-19-TIPO-III-UF5_ALMA-2019-01821.pdf
3222,6,CONSORCIO 4C,GP-6901,CONCESIÓN ALTO MAGDALENA S.A.S.,ALMA-R-20192079,28/08/2019,Ref. Contrato de Concesión 003 de 2014-Concesión Honda – Girardot – Puerto Salgar-Revisión del concepto técnico del Concesionario sobre las labores de demolición adelantadas en los puentes antiguos UF 5,15_01_Cartas_Enviadas/RADICADAS/2019/CI004_690119_070107_CON_ALMA-2019-02429_DEMOL_PUENT-ANTIG-UF5.pdf
3224,14,CONSORCIO 4C,GP-6486,AGENCIA NACIONAL DE INFRAESTRUCTURA - ANI,"['ALMA-2019-001240', 'ALMA-2019-001514', 'ALMA-2019-001435', '20174090759692', '20174090772302']",04/06/2019,Vencimiento Plazo de Cura,15_01_Cartas_Enviadas/RADICADAS/2019/CI004_648619_050300_ANI_PLAZO-CURA_INCUMP-PMT.pdf
3221,2,CONSORCIO 4C,GP-6906,AGENCIA NACIONAL DE INFRAESTRUCTURA - ANI,ANI 20183050278451,29/08/2019,Ref. Contrato de Concesión 003 de 2014 - Concesión Honda – Girardot – Puerto Salgar. Remisión de Informe Especial No. 50 - Pendientes UF3 y UF5.,15_01_Cartas_Enviadas/RADICADAS/2019/CI004_690619_091000_ANI_INF_ESP_50.pdf
3228,2,CONSORCIO 4C,GP-7202,CONCESIÓN ALTO MAGDALENA S.A.S - Atn. Dra. Claudia Cecilia Castillo Pico,ALMA-R-28192719,20/11/2019,Ref. Contrato de Concesión 003 de 2014-Concesión Honda – Girardot – Puerto Salgar. Observaciones a Avalúo ALMA-4-0062. Alcance al oficio CI.004/GP7146/19/7.4.6,15_01_Cartas_Enviadas/RADICADAS/2019/CI004_720219_070401_CON_ALCANCE_OFICIO_GP7146.pdf
3226,4,CONSORCIO 4C,GP-7191,CONCESIÓN ALTO MAGDALENA S.A.S,ALMA-R-20192694,15/11/2019,Ref. Contrato de Concesión 003 de 2014 - Concesión Honda – Girardot – Puerto Salgar. Observaciones Revisión de Avalúos UF5,15_01_Cartas_Enviadas/RADICADAS/2019/CI004_719119_070406_CON_AVALU_ALMA-2019-02917-02918-03071.pdf
3225,5,CONSORCIO 4C,GP-6868,AGENCIA NACIONAL DE INFRAESTRUCTURA - ANI,20193050230321,23/08/2019,Ref. Contrato de Concesión 003 de 2014 Concesión Honda – Girardot – Puerto Salgar. Cierre Proceso Sancionatorio Incumplimiento de Especificaciones Técnicas UF1.,15_01_Cartas_Enviadas/RADICADAS/2019/CI004_686819_050300_ANI_CIERRE_SANCION_PEND-UF1.pdf
3227,2,CONSORCIO 4C,GP-6327,AGENCIA NACIONAL DE INFRAESTRUCTURA - ANI,ANI 20183050278451,23/04/2019,Ref. Contrato de Concesión 003 de 2014 Concesión Honda – Girardot – Puerto Salgar. Remisión de Informe Especial No. 30 Pendientes UF3 y UF5.,15_01_Cartas_Enviadas/RADICADAS/2019/CI004_632719_091000_ANI_INF_ESP_30.pdf
3229,7,CONSORCIO 4C,GP-6976,CONCESIÓN ALTO MAGDALENA S.A.S.,ALMA-R-20192262,19/09/2019,Ref. Contrato de Concesión 003 de 2014 - Concesión Honda – Girardot – Puerto Salgar - Resultado Medición Niveles de Servicio – agosto de 2019,15_01_Cartas_Enviadas/RADICADAS/2019/CI004_697619_070303_CON_INDICES_AGOSTO_2019.pdf
3232,2,CONSORCIO 4C,GP-6452,CONCESIÓN ALTO MAGDALENA S.A.S - Atn. Ing. Claudia Cecilia Castillo Pico,ALMA-R-20191239,22/05/2019,Ref. Contrato de Concesión 003 de 2014-Concesión Honda – Girardot – Puerto Salgar-Acompañamiento Visita Avalúos La Melissa,15_01_Cartas_Enviadas/RADICADAS/2019/CI004_645219_070406_CON_VISITA_AVALUOS_MELISSA.PDF
3231,4,CONSORCIO 4C,GP-7124,CONCESIÓN ALTO MAGDALENA S.A.S - Atn. Ing. Claudia Cecilia Castillo Pico,"['ALMA-R-20192572', 'ANI 20194090828872', 'ALMA-R-20191922']",30/10/2019,Ref. Contrato de Concesión 003 de 2014 - Concesión Honda – Girardot – Puerto Salgar - Observaciones Revisión de Avalúo UF5,15_01_Cartas_Enviadas/RADICADAS/2019/CI004_712419_070406_CON_AVALU_ALMA-2019-02910-02333.pdf
3230,7,CONSORCIO 4C,GP-6373,CONCESIÓN ALTO MAGDALENA S.A.S,ALMA-R-20191130,07/05/2019,Ref. Contrato de Concesión 003 de 2014 - Concesión Honda – Girardot – Puerto Salgar - Respuesta ALMA-2019-01391 / Presupuesto Plan de Reasentamiento,15_01_Cartas_Enviadas/RADICADAS/2019/CI004_637319_070108_070109_CON_REASENTA_ALMA-2019-01391.PDF
3233,29,CONSORCIO 4C,GP-6569,CONCESIÓN ALTO MAGDALENA S.A.S - Ing. Claudia Cecilia Castillo Pico,ALMA-R-20191473,14/06/2019,Ref. Contrato de Concesión 003 de 2014 - Concesión Honda – Girardot – Puerto Salgar - Memoria Técnica Marzo 2019,15_01_Cartas_Enviadas/RADICADAS/2019/CI004_656919_070500_CON_MEMOTECNICA_MARZO_2019.pdf
3234,3,CONSORCIO 4C,GP-6045,CONCESIÓN ALTO MAGDALENA S.A.S.,ALMA-R-20190506,20/02/2019,Ref. Contrato de Concesión 003 de 2014-Concesión Honda – Girardot – Puerto Salgar-Observaciones Resolución de Expropiación UF2,15_01_Cartas_Enviadas/RADICADAS/2019/CI004_604519_070404_CON_OBS-RES_EXP_ALMA-2018-00558.pdf
3236,11,CONSORCIO 4C,GP-7115,AGENCIA NACIONAL DE INFRAESTRUCTURA - ANI,"2019-603-036611-1, E-2019-442273",29/10/2019,Ref. Contrato de Concesión 003 de 2014-Concesión Honda – Girardot – Puerto Salgar.-Atención solicitud ANI- PQRS Señora Victoria García Pulido,15_01_Cartas_Enviadas/RADICADAS/2019/CI004_711519_070109_ANI_ATEN_PQRS-VGARCIA.pdf
3238,6,CONSORCIO 4C,GP-6052,CONCESIÓN ALTO MAGDALENA S.A.S,ALMA-R-201903496,26/02/2019,Ref. Contrato de Concesión 003 de 2014 - Concesión Honda – Girardot – Puerto Salgar - Autos 0825 de 2017 y 7431 de 2018,15_01_Cartas_Enviadas/RADICADAS/2019/CI004_605219_070108_CON_ALMA-2019-00537.pdf
3237,3,CONSORCIO 4C,GP-5803,AGENCIA NACIONAL DE INFRAESTRUCTURA – ANI,20194090029642,11/01/2019,Ref. Contrato de Interventoría 145 de 2014 Proyecto Girardot – Honda – Puerto Salgar Estructura Tarifaria Peajes Cambao-Guataquí-Las Brisas 2019,15_01_Cartas_Enviadas/RADICADAS/2019/CI004_580319_070207_ANI_ALMA-2019-00101_TARIFAS_PEAJES-2019.pdf
3239,6,CONSORCIO 4C,GP-6197,CONCESIÓN ALTO MAGDALENA S.A.S.,20194090304222,22/03/2019,Ref. Contrato de Concesión 003 de 2014-Concesión Honda – Girardot – Puerto Salgar-Incumplimiento Condiciones de Seguridad UF 3 A 15 de marzo del 2019,15_01_Cartas_Enviadas/RADICADAS/2019/CI004_619719_070110_CON_SEGSISO_UF3_A15MAR.pdf
3241,4,CONSORCIO 4C,GP-7201,CONCESIÓN ALTO MAGDALENA S.A.S - Atn. Ing. Claudia Cecilia Castillo Pico,ALMA-R-20192715,19/11/2019,Ref. Contrato de Concesión 003 de 2014-Concesión Honda – Girardot – Puerto Salgar-Ayuda de Memoria Mesa de Trabajo Avalúos,15_01_Cartas_Enviadas/RADICADAS/2019/CI004_720119_070406_CON_AYUDA_MESA-TRABAJO_AVALUOS.pdf
3240,3,CONSORCIO 4C,GP-6341,CONCESIÓN ALTO MAGDALENA S.A.S. - Ing. Claudia Cecilia Castillo Pico,ALMA-R-2019-1685,02/05/2019,Ref. Contrato de Concesión 003 de 2014 - Concesión Honda – Girardot – Puerto Salgar. Observaciones Fichas Prediales UF5,15_01_Cartas_Enviadas/RADICADAS/2019/CI004_634119_070401_FICH_PRED_ALMA-2019-01207-01284.PDF
3242,4,CONSORCIO 4C,GP-6412,"AGENCIA NACIONAL DE INFRAESTRUCTURA – ANI, Dr. Luis Eduardo Gutiérrez Díaz",2019-409-050501-2,15/05/2019,Fideicomiso Fidubogotá —Alto Magdalena 3-1-63664 Rendimientos mes de abril de 2019,15_01_Cartas_Enviadas/RADICADAS/2019/CI004_641219_070202_ANI_REMI_FOR_GCSP-F-007_INFO_EJEC_RP_AB2019.pdf
3243,3,CONSORCIO 4C,GP-6441,CONCESIÓN ALTO MAGDALENA S.A.S.,ALMA-R-20191216,17/05/2019,Ref. Contrato de Concesión 003 de 2014 Concesión Honda – Girardot – Puerto Salgar. Revisión Fichas Sociales,15_01_Cartas_Enviadas/RADICADAS/2019/CI004_644119_070402_CON_FICHAS_SOCIALES_ALMA-01463.PDF
3244,4,CONSORCIO 4C,GP-6456,CONCESIÓN ALTO MAGDALENA S.A.S,ALMA-R-20191244,22/05/2019,Ref. Contrato de Concesión 003 de 2014 - Concesión Honda – Girardot – Puerto Salgar - Seguimiento Calidad Procesos Constructivos - Intersección Acceso Nuevo Puente de Puerto Salgar UF5.4,15_01_Cartas_Enviadas/RADICADAS/2019/CI004_645619_070103_CON_PROC_INTERSECCION_PURNIO-UF5.PDF
3245,1,CONSORCIO 4C,GP-5793,"AGENCIA NACIONAL DE INFRAESTRUCTURA - ANI
Atn. Dr. Luis Eduardo Gutiérrez Díaz",Rad No. 2019-409-004900-2,16/01/2019,Ref. Contrato de Concesión 003 de 2014 - Concesión Honda – Girardot – Puerto Salgar. Registro Fílmico Informe Mensual Técnico 50,15_01_Cartas_Enviadas/RADICADAS/2019/CI004_579319_090200_ANI_REGIS_FIL_INFO_MEN_TEC50.pdf
3246,2,CONSORCIO 4C,GP-6527,AGENCIA NACIONAL DE INFRAESTRUCTURA - ANI,20194090591762,10/06/2019,Ref. Contrato de Concesión 003 de 2014-Concesión Honda – Girardot – Puerto Salgar. Informe Mensual Técnico 55 Versión 00.,15_01_Cartas_Enviadas/RADICADAS/2019/CI004_652719_090200_INFORME_MENSUAL_MAY_2019.pdf
3247,6,CONSORCIO 4C,GP-6620,CONCESIÓN ALTO MAGDALENA S.A.S.,ALMA-R-20191574,26/06/2019,Ref. Contrato de Concesión 003 de 2014 Concesión Honda – Girardot – Puerto Salgar. Permisos de Intervención Voluntaria sin Negociación o Expropiación,15_01_Cartas_Enviadas/RADICADAS/2019/CI004_662019_070401_CON_PERMISOS_INTERVENCION_VOLUNTARIA.PDF
3248,9,CONSORCIO 4C,GP-6481,CONCESIÓN ALTO MAGDALENA S.A.S.,ALMA-R-28191343,31/05/2019,Ref. Contrato de Concesión 003 de 2014 - Concesión Honda – Girardot – Puerto Salgar - Resultado Medición Niveles de Servicio – Abril de 2019.,15_01_Cartas_Enviadas/RADICADAS/2019/CI004_648119_070303_CON_INDICES_ABRIL_2019.pdf
3249,5,CONSORCIO 4C,GP-6954,CONCESIÓN ALTO MAGDALENA S.A.S.,ALMA-R-20192239,17/09/2019,Ref. Contrato de Concesión 003 de 2014 - Concesión Honda – Girardot – Puerto Salgar - Observaciones SST Memoria Técnica Julio 2019,15_01_Cartas_Enviadas/RADICADAS/2019/CI004_695419_070110_CON_OBS_MEMORIA_TECNICAJUL.pdf
3250,2,CONSORCIO 4C,GP-7123,"AGENCIA NACIONAL DE INFRAESTRUCTURA - ANI
Atn. Ing. Luis Eduardo Gutiérrez Díaz",ALMA-R-2019289,29/10/2019,"Rescindan Exproplaclon No ALMA -5-0099 OLGA-R-2019289 Este recibido no implica aceptaclon CI.004/GP7123/19/7.4.4 Girardot — CND, 29 de octubre de 2019",15_01_Cartas_Enviadas/RADICADAS/2019/CI004_712319_070404_ANI_PROY_RES_EXP_ALMA-5-0099.pdf
3251,2,CONSORCIO 4C,GP-6924,AGENCIA NACIONAL DE INFRAESTRUCTURA - ANI,20194090929412,04/09/2019,Ref. Contrato de Concesión 003 de 2014 - Concesión Honda – Girardot – Puerto Salgar. Remisión de Informe Semanal #51. Avance de Unidades Funcionales en Construcción.,15_01_Cartas_Enviadas/RADICADAS/2019/CI004_692419_091000_ANI_INF_ESP_51.pdf
3252,6,CONSORCIO 4C,GP-6387,CONCESIÓN ALTO MAGDALENA S.A.S,ALMA-R-20191146,08/05/2019,Ref. Contrato de Concesión 003 de 2014-Concesión Honda – Girardot – Puerto Salgar.-Observaciones Revisión de Avalúos UF2 y UF5,15_01_Cartas_Enviadas/RADICADAS/2019/CI004_638719_070406_CON_AVALU_ALMA-2019-01128-01415-01416.PDF
3253,6,CONSORCIO 4C,GP-6291,"AGENCIA NACIONAL DE INFRAESTRUCTURA – ANI, Dr. Luis Eduardo Gutiérrez Díaz",2019-409-038081-2,12/04/2019,Fideicomiso Fidubogotá —Alto ¡Magdalena 3-1-63664 Rendimientos mes de marzo de 2019,15_01_Cartas_Enviadas/RADICADAS/2019/CI004_629119_070202_ANI_REMI_FOR_GCSP-F-007_INFO_EJEC_RP_MARZO2019.pdf
3255,3,CONSORCIO 4C,GP-6547,JESÚS ADOLFO FORERO,20194090609742,13/06/2019,Ref. Contrato de Concesión 003 de 2014-Concesión Honda – Girardot – Puerto Salgar.- Respuesta Solicitud,15_01_Cartas_Enviadas/RADICADAS/2019/CI004_654719_070109_TER_RTA_DP_JFORERO.pdf
3254,16,CONSORCIO 4C,GP-6468,AGENCIA NACIONAL DE INFRAESTRUCTURA – ANI,20194090531422,23/05/2019,Ref. Contrato de Concesión 003 de 2014-Concesión Honda – Girardot – Puerto Salgar-Gestión Predial Interventoría Revisión Expedientes Finales,15_01_Cartas_Enviadas/RADICADAS/2019/CI004_646819_070401_ANI_REVISION_EXPEDIENTES_FINALES2.pdf
3256,2,CONSORCIO 4C,GP-7046,CONCESIÓN ALTO MAGDALENA S.A.S.,CI.004/GP7046/19/2,08/10/2019,Ref. Contrato de Concesión 003 de 2014 - Concesión Honda – Girardot – Puerto Salgar - Radicación Correspondencia Interventoría,15_01_Cartas_Enviadas/RADICADAS/2019/CI004_704619_020000_CON_RTA-RADICAC_CORRESP_GIRARD.pdf
3235,4,CONSORCIO 4C,GP-6192,CONCESIÓN ALTO MAGDALENA S.A.S.,ALMA-R-20190774,22/03/2019,Ref. Contrato de Concesión 003 de 2014 - Concesión Honda – Girardot – Puerto Salgar - Graves Condiciones de Riesgo Infraestructura Vial,15_01_Cartas_Enviadas/RADICADAS/2019/CI004_619219_070304_CON_RIESGO_ABISMO_PR23-PR38.pdf
3257,6,CONSORCIO 4C,GP-6015,CONCESIÓN ALTO MAGDALENA S.A.S,ALMA-R-20190429,20/02/2019,Ref. Contrato de Concesión 003 de 2014 - Concesión Honda – Girardot – Puerto Salgar - Revisión Informe Semanal Avance Gestión Predial Unidad Funcional 4.,15_01_Cartas_Enviadas/RADICADAS/2019/CI004_601519_070401_CON_EER4_INF_SEM-00524.pdf
3258,5,CONSORCIO 4C,GP-6582,CONCESIÓN ALTO MAGDALENA S.A.S.,ALMA-R-20191455,19/06/2019,Ref. Contrato de Concesión 003 de 2014 - Concesión Honda – Girardot – Puerto Salgar - Artículos 1° y 2° Auto 073 de 30 de Enero de 2019,15_01_Cartas_Enviadas/RADICADAS/2019/CI004_658219_070107_070108_CON_AUTO-073_K58+590_ALMA-01773.PDF
3259,2,CONSORCIO 4C,GP-5943,AGENCIA NACIONAL DE INFRAESTRUCTURA - ANI,20194090130822,08/02/2019,Ref. Contrato de Concesión 003 de 2014 Concesión Honda – Girardot – Puerto Salgar. Informe Socioambiental 39 Versión 00.,15_01_Cartas_Enviadas/RADICADAS/2019/CI004_594319_090200_INFORME_SOCIOAMBIENTAL_ENE_2019.pdf
3260,3,CONSORCIO 4C,GP-6410,"AGENCIA NACIONAL DE INFRAESTRUCTURA – ANI
Atn.: Dr. Luis Eduardo Gutiérrez Díaz",Rad No. 2019-409-050499-2,15/05/2019,Ref. Contrato de Concesión 003 de 2014-Concesión Honda — Girardot — Puerto Salgar-Remisión Formato GCSP-F-207 Rendimientos Subcuentas — Abril 2019,15_01_Cartas_Enviadas/RADICADAS/2019/CI004_641019_070202_ANI_REMI_FORM_GCSP-F-207_SC_AB2019.pdf
3261,8,CONSORCIO 4C,GP-5949,CONCESIÓN ALTO MAGDALENA S.A.S - Ing. Claudia Cecilia Castillo Pico,ALMA-R-20190344,12/02/2019,Ref. Contrato de Concesión 003 de 2014-Concesión Honda – Girardot – Puerto Salgar-Respuesta ALMA-2018-4380/ICA N°3-Expediente LAV0068-00-2015 UF5.3,15_01_Cartas_Enviadas/RADICADAS/2019/CI004_594919_070108_CON_RESP_ALMA-2018-4380_ICA N°3 UF5.3.pdf
3262,5,CONSORCIO 4C,GP-6443,CONCESIÓN ALTO MAGDALENA S.A.S.,ALMA-R-20191228,21/05/2019,Ref. Contrato de Concesión 003 de 2014 Concesión Honda – Girardot – Puerto Salgar Alto Riesgo de Accidente Intersecciones a Nivel Unidad Funcional 3 y 5.,15_01_Cartas_Enviadas/RADICADAS/2019/CI004_644319_070103_CON_ZONA_LATERAL_INTERSECCIONES.PDF
3264,3,CONSORCIO 4C,GP-6358,CONCESIÓN ALTO MAGDALENA S.A.S.,ALMA-R-201911169,03/05/2019,Ref. Contrato de Concesión 003 de 2014-Concesión Honda – Girardot – Puerto Salgar-Entrega Planos Récord Proyecto,15_01_Cartas_Enviadas/RADICADAS/2019/CI004_635819_090300_CON_PLANOS_RECORD_PROYECTO.PDF
3265,7,CONSORCIO 4C,GP-6837,CONCESIÓN ALTO MAGDALENA S.A.S.,ALMA-R-20191965,15/08/2019,Ref. Contrato de Concesión 003 de 2014 - Concesión Honda – Girardot – Puerto Salgar - Medición Niveles de Servicio – julio de 2019,15_01_Cartas_Enviadas/RADICADAS/2019/CI004_683719_070303_CON_INDICES_JULIO_2019.pdf
3263,4,CONSORCIO 4C,GP-5796,CONCESIÓN ALTO MAGDALENA S.A.S,ALMA-R-20193359,10/01/2019,Ref. Contrato de Concesión 003 de 2014 - Concesión Honda – Girardot – Puerto Salgar. Observaciones Revisión Avalúo UF 5,15_01_Cartas_Enviadas/RADICADAS/2019/CI004_579619_070406_CON_OBS_ALMA-2018-4301.pdf
3266,3,CONSORCIO 4C,GP-6831,"AGENCIA NACIONAL DE INFRAESTRUCTURA – ANI
Atención: Ing. Luis Eduardo Gutiérrez Díaz",ALMA-R-20191966,15/08/2019,Ref. Contrato de Concesión 003 de 2014 Concesión Honda – Girardot – Puerto Salgar. Seguimiento Expropiaciones.,15_01_Cartas_Enviadas/RADICADAS/2019/CI004_683119_070404_ANI_AYUD-MEMO_CERR-COLOR_EXPRO2.pdf
3267,24,CONSORCIO 4C,GP-6335,AGENCIA NACIONAL DE INFRAESTRUCTURA - ANI,ALMA-R-20191869,26/04/2019,"Ref. Contrato de Concesión 003 de 2014 Concesión Honda – Girardot – Puerto Salgar. Solicitud no objeción para otorgar plazo de cura al Concesionario por Inconformidad en la entrega de información de seguridad social, salarios e ingresos.",15_01_Cartas_Enviadas/RADICADAS/2019/CI004_633519_050300_ANI_SOLIC_NO-OBJ_PLAZODECURASEGSOC.PDF
3268,74,CONSORCIO 4C,GP-0185,AGENCIA NACIONAL DE INFRAESTRUCTURA - Dr. Luis Eduardo Gutiérrez Díaz,ANI Rad No. 2019-409-048689-2,09/05/2019,Ref. Contrato de Interventoría 145 de 2014 Interventoría Concesión Vial Girardot – Honda – Puerto Salgar Envío Pago de Interventoría 54,15_01_Cartas_Enviadas/RADICADAS/2019/CI004_018519_020100_ANI_PAGO MENSUAL 54_20190401-20190430_FV 58.pdf
3269,5,CONSORCIO 4C,GP-6973,Luz Dary Rondón Vargas,20194090992092,19/09/2019,Ref. Contrato de Concesión 003 de 2014 - Concesión Honda – Girardot – Puerto Salgar - Respuesta Solicitud,15_01_Cartas_Enviadas/RADICADAS/2019/CI004_697319_070109_TER_RTA_LRONDON.pdf
3270,3,CONSORCIO 4C,GP-6349,AGENCIA NACIONAL DE INFRAESTRUCTURA,Girardot – CND,01/05/2019,Ref. Contrato de Concesión 003 de 2014-Concesión Honda – Girardot – Puerto Salgar-Actualización Póliza 2019 RE001201-Conocimiento Declaratoria de Ocurrencia de Eventos Exentos de Responsabilidad,15_01_Cartas_Enviadas/RADICADAS/2019/CI004_634919_050300_ANI_ACTUA-POLIZA_RESP-CIVIL_EER.pdf
3271,4,CONSORCIO 4C,GP-6999,CONCESIÓN ALTO MAGDALENA S.A.S,ALMA-R-20192312,26/09/2019,Ref. Contrato de Concesión 003 de 2014 - Concesión Honda – Girardot – Puerto Salgar - Observaciones Revisión de Avalúos UF5,15_01_Cartas_Enviadas/RADICADAS/2019/CI004_699919_070406_CON_AVALU_ALMA-02798-02801-02912-02923-02925.pdf
3272,2,CONSORCIO 4C,GP-7038,CONCESIÓN ALTO MAGDALENA S.A.S.,ALMA-R-2019-2411,04/10/2019,Ref. Contrato de Concesión 003 de 2014 - Concesión Honda – Girardot – Puerto Salgar - Informe Auditoria Peajes Agosto 2019,15_01_Cartas_Enviadas/RADICADAS/2019/CI004_703819_070301_CON_INFO-AUDI_PEAJE_AGOST-19.pdf
3273,9,CONSORCIO 4C,GP-7332,AGENCIA NACIONAL DE INFRAESTRUCTURA – ANI,20193050392711,18/12/2019,Respuesta a requerimiento efectuado mediante el oficio identificado con el radicado No. 20193050392711 del 14 de noviembre de 2019,15_01_Cartas_Enviadas/RADICADAS/2019/CI004_733219_050300_ANI_CONCEPT_AMIGABL-COMPE_EER.pdf
3274,4,CONSORCIO 4C,GP-6162,CONCESIÓN ALTO MAGDALENA S.A.S,ALMA-R-20190359,15/03/2019,Ref. Contrato de Concesión 003 de 2014 - Concesión Honda – Girardot – Puerto Salgar - Observaciones Revisión de Avalúos UF3,15_01_Cartas_Enviadas/RADICADAS/2019/CI004_616219_070401_CON_AVALU_ALMA-2019-00499-00213.pdf
3275,2,CONSORCIO 4C,GP-7242,CONCESIÓN ALTO MAGDALENA S.A.S.,ALMA-R-20192782,28/11/2019,Ref. Contrato de Concesión 003 de 2014-Concesión Honda – Girardot – Puerto Salgar.-Solicitud Información EER Expediente 52038,15_01_Cartas_Enviadas/RADICADAS/2019/CI004_724219_070108_CON_SOL_INFO_EER_EXP52038.pdf
3276,4,CONSORCIO 4C,GP-6290,"AGENCIA NACIONAL DE INFRAESTRUCTURA – ANI, Dr. Luis Eduardo Gutiérrez Díaz",2019-409-038083-2,12/04/2019,Fideicomiso Fidubogotá — Alto Magdalena 3-1-63664,15_01_Cartas_Enviadas/RADICADAS/2019/CI004_629019_070202_ANI_REMI_FOR_GCSP-F-001_MAN_BUP_MARZO2019.pdf
3277,8,CONSORCIO 4C,GP-6853,CONCESIÓN ALTO MAGDALENA S.A.S,ALMA-R-20192813,22/08/2019,Declaratoria de Ocurrencia de un Evento Eximente de Responsabilidad en desarrollo del Proyecto correspondiente a la afectación grave y sustancial de la capacidad del concesionario de adquirir la totalidad de los predios asociados a la Unidad Funcional 4,15_01_Cartas_Enviadas/RADICADAS/2019/CI004_685319_050300_CON_SEGUIMIENTO_INFORMES-EER_UF4 (1).pdf
3278,4,CONSORCIO 4C,GP-6267,CONCESIÓN ALTO MAGDALENA S.A.S,ALMA-R-2019-00663,08/04/2019,Ref. Contrato de Concesión 003 de 2014 - Concesión Honda – Girardot – Puerto Salgar - Observaciones Revisión de Avalúo UF5,15_01_Cartas_Enviadas/RADICADAS/2019/CI004_626719_070406_CON_AVAL_ALMA-2019-00663.pdf
3279,3,CONSORCIO 4C,GP-6668,CONCESIÓN ALTO MAGDALENA S.A.S.,CI.004/GP6668/19/7.4.1,12/07/2019,Ref. Contrato de Concesión 003 de 2014 Concesión Honda – Girardot – Puerto Salgar. Observaciones Expedientes Finales Prediales,15_01_Cartas_Enviadas/RADICADAS/2019/CI004_666819_070401_CON_EXP_FINAL_ALMA-2019-01918.docx.pdf
3281,3,CONSORCIO 4C,GP-5850,CONCESIÓN ALTO MAGDALENA S.A.S.,ALMA-R-20190135,18/01/2019,Ref. Contrato de Concesión 003 de 2014 Concesión Honda – Girardot – Puerto Salgar. Revisión Fichas Sociales - Respuesta a comunicación ALMA-2018-4737 y ALMA-2018-4738,15_01_Cartas_Enviadas/RADICADAS/2019/CI004_585019_070402_CON_FICH_SOCIAL_ALMA-4737-4738.pdf
3280,3,CONSORCIO 4C,GP-5781,CONCESIÓN ALTO MAGDALENA S.A.S. - Ing. Claudia Cecilia Castillo Pico,MLMA-R-201900647,04/01/2019,Ref. Contrato de Concesión 003 de 2014 - Concesión Honda – Girardot – Puerto Salgar - Revisión Tableros Puentes UF5,15_01_Cartas_Enviadas/RADICADAS/2019/CI004_578119_070103_CON_REVISION_TABLEROS_PUENTES-UF5.pdf
3282,1,CONSORCIO 4C,GP-6514,"AGENCIA NACIONAL DE INFRAESTRUCTURA – ANI
Atn.: Ing. Luis Eduardo Gutiérrez Díaz",2019-409-058850-2,06/06/2019,Ref. Contrato de Concesión 003 de 2014-Concesión Honda — Girardot — Puerto Salgar-Alcance Comunicación CI.004/GP6411/19/7.2.2,15_01_Cartas_Enviadas/RADICADAS/2019/CI004_651419_070202_ANI_ALCANCE_COM_CI004-GP6411-19-7.2.2.pdf
3283,3,CONSORCIO 4C,GP-5809,CONCESIÓN ALTO MAGDALENA S.A.S.,ALMA-R-20190032,11/01/2019,Ref. Contrato de Concesión 003 de 2014 - Concesión Honda – Girardot – Puerto Salgar - Redes Glorieta Norcasia UF-5,15_01_Cartas_Enviadas/RADICADAS/2019/CI004_580919_070115_CON_RED_GLOR_NORCACIA.pdf
3285,3,CONSORCIO 4C,GP-6336,CONCESIÓN ALTO MAGDALENA S.A.S.,ALMA-2019-00617,26/04/2019,Ref. Contrato de Concesión 003 de 2014 - Concesión Honda – Girardot – Puerto Salgar - Observaciones Expedientes Finales Prediales,15_01_Cartas_Enviadas/RADICADAS/2019/CI004_633619_070401_CON_EXP-FIN_ALMA-2019-00617.PDF
3284,5,CONSORCIO 4C,GP-6488,CONCESIÓN ALTO MAGDALENA S.A.S.,ALMA-R-20191357,04/06/2019,Ref. Contrato de Concesión 003 de 2014-Concesión Honda – Girardot – Puerto Salgar.-Infraestructura a Cargo del Concesionario UF5,15_01_Cartas_Enviadas/RADICADAS/2019/CI004_648819_050300_CON_INFRAESTRUCTURA_CARGO_UF5.pdf
3286,12,CONSORCIO 4C,GP-5976,"AGENCIA NACIONAL DE INFRAESTRUCTURA – ANI
At.: Dr. Luis Eduardo Gutiérrez Díaz",ALMA-R-20190364,13/02/2019,Solicitud No objeción Plazo de Cura,15_01_Cartas_Enviadas/RADICADAS/2019/CI004_597619_050300_ANI_NO-OBJ-CURA_REINT-REC_SUBCAMB.pdf
3288,3,CONSORCIO 4C,GP-6137,CONCESIÓN ALTO MAGDALENA S.A.S.,ALMA-R-28190355,13/03/2019,Ref. Contrato de Concesión 003 de 2014 - Concesión Honda – Girardot – Puerto Salgar - Observaciones Expedientes Finales Prediales,15_01_Cartas_Enviadas/RADICADAS/2019/CI004_613719_070401_CON_OBS_ALMA-2019-00198.pdf
3289,4,CONSORCIO 4C,GP-7129,CONCESIÓN ALTO MAGDALENA S.A.S,20194091150782,01/11/2019,Ref. Contrato de Concesión 003 de 2014-Concesión Honda – Girardot – Puerto Salgar-Observaciones Revisión de Avalúo UF2,15_01_Cartas_Enviadas/RADICADAS/2019/CI004_712919_070406_CON_AVALU_ALMA-2019-03203.pdf
3287,2,CONSORCIO 4C,GP-6980,CONCESIÓN ALTO MAGDALENA S.A.S.,ALMA-R-20192283,19/09/2019,Ref. Contrato de Concesión 003 de 2014 - Concesión Honda – Girardot – Puerto Salgar - Revisión Fichas Sociales,15_01_Cartas_Enviadas/RADICADAS/2019/CI004_698019_070402_CON_FICH_SOCIAL_ALMA-02884.pdf
3291,5,CONSORCIO 4C,GP-6875,CONCESIÓN ALTO MAGDALENA S.A.S.,ALMA-R-20192032,23/08/2019,Ref. Contrato de Concesión 003 de 2014 - Concesión Honda – Girardot – Puerto Salgar - Pozos Red Alcantarillado,15_01_Cartas_Enviadas/RADICADAS/2019/CI004_687519_070115_CON_POZ_RED-ALC_UF5.1.pdf
3292,2,CONSORCIO 4C,GP-5971,CONCESIÓN ALTO MAGDALENA S.A.S.,ALMA-R-20190388,14/02/2019,Ref. Contrato de Concesión 003 de 2014 - Concesión Honda – Girardot – Puerto Salgar. Revisión Fichas Sociales,15_01_Cartas_Enviadas/RADICADAS/2019/CI004_597119_070402_CON_FICHAS_SOCIALES_ALMA-00111 (2).pdf
3290,5,CONSORCIO 4C,GP-5831,CONCESIÓN ALTO MAGDALENA S.A.S - Ing. Claudia Cecilia Castillo Pico,ALMA-R-20190112,17/01/2019,Ref. Contrato de Concesión 003 de 2014 Concesión Honda – Girardot – Puerto Salgar. Respuesta ALMA-2018-4810 / Auto 06563 de 2018,15_01_Cartas_Enviadas/RADICADAS/2019/CI004_583119_070108_CON_ALMA-2018-4810_AUTO_06563.pdf
3293,3,CONSORCIO 4C,GP-6313,AGENCIA NACIONAL DE INFRAESTRUCTURA - ANI,ANI-2019409000015-4,17/04/2019,Ref. Contrato de Interventoría 145 de 2014 Concesión Honda – Girardot – Puerto Salgar Rta. ANI-2019409000015-4. Acciones Estratégicas y de Contingencias para el (del 12 al 21 de abril de 2019).,15_01_Cartas_Enviadas/RADICADAS/2019/CI004_631319_070304_ANI_ESTRATEGIA_SEMANASANTA_2019.pdf
3294,4,CONSORCIO 4C,GP-6413,"AGENCIA NACIONAL DE INFRAESTRUCTURA – ANI, Dr. Luis Eduardo Gutiérrez Díaz",2019-409-050502-2,15/05/2019,Ref. Contrato de Concesión 003 de 2014 - Concesión Honda — Girardot — Puerto Salgar - Remisión Formato GCSP-F-009 Informe Mensual Recaudo de Peajes — Abril 2019,15_01_Cartas_Enviadas/RADICADAS/2019/CI004_641319_070202_ANI_REMI_FOR_GCSP-F-009_INFO_MEN_RECAUDO_PEAJE_ABRIL2019.pdf
3295,4,CONSORCIO 4C,GP-6641,CONCESIÓN ALTO MAGDALENA S.A.S - Atn. Ing. Claudia Cecilia Castillo Pico,ALMA-R-20191626,03/07/2019,Ref. Contrato de Concesión 003 de 2014 - Concesión Honda – Girardot – Puerto Salgar - Gestión Predial Detenida,15_01_Cartas_Enviadas/RADICADAS/2019/CI004_664119_070401_CON_GESTION_PREDIAL_DETENIDA.PDF
3296,13,CONSORCIO 4C,GP-7188,AGENCIA NACIONAL DE INFRAESTRUCTURA - ANI,ALMA-R-20192693,15/11/2019,Ref. Contrato de Concesión 003 de 2014 Concesión Honda – Girardot – Puerto Salgar Solicitud de No Objeción para Otorgar Plazo de Cura al Concesionario por Incumplimiento de lo contenido en los numerales 3.3.2 y 3.3.9 del Apéndice Técnico 2 referente al mantenimiento de vehículos y equipos entregados a la Policía Nacional.,15_01_Cartas_Enviadas/RADICADAS/2019/CI004_718819_050300_ANI_NO-OBJEC_CURA_POLICÍA.pdf
3297,4,CONSORCIO 4C,GP-5938,CONCESIÓN ALTO MAGDALENA S.A.S - Ing. Claudia Cecilia Castillo Pico,ALMA-R-20190327,07/02/2019,Ref. Contrato de Concesión 003 de 2014 - Concesión Honda – Girardot – Puerto Salgar - Observaciones Revisión de Avalúo UF5,15_01_Cartas_Enviadas/RADICADAS/2019/CI004_593819_070401_CON_OBS_ALMA-2019-00317-318-320 (1).pdf
3298,5,CONSORCIO 4C,GP-6071,CONCESIÓN ALTO MAGDALENA S.A.S.,ALMA-R-20190524,28/02/2019,Ref.-Contrato de Concesión 003 de 2014-Concesión Honda-Girardot-Puerto Salgar-Observaciones informe avance Gestión Predial.,15_01_Cartas_Enviadas/RADICADAS/2019/CI004_607119_070401_CON_OBS_INFOGP_ALMA-00452.pdf
3299,2,CONSORCIO 4C,GP-6169,AGENCIA NACIONAL DE INFRAESTRUCTURA - ANI,"ANI-2019304007506-1, Expediente 20183040280200394E",20/03/2019,Ref. Contrato de Concesión 003 de 2014-Concesión Honda – Girardot – Puerto Salgar-Rta ANI-2019304007506-1-No. De expediente 20183040280200394E-Permiso de Ocupación Temporal del Derecho de Vía EDS Balcones de la Ceiba S.A.S.,15_01_Cartas_Enviadas/RADICADAS/2019/CI004_616919_070114_ANI_EDS_BALCONES-CEIBA_.pdf
3301,2,CONSORCIO 4C,GP-6499,CONCESIÓN ALTO MAGDALENA S.A.S.,ALMA-2019-01371,04/06/2019,Ref. Contrato de Concesión 003 de 2014 - Concesión Honda – Girardot – Puerto Salgar. Entrega Informes Investigación Accidentes Laborales 2019,15_01_Cartas_Enviadas/RADICADAS/2019/CI004_649919_070110_CON_OBSENTR_INVESTIGACIONES_AT_1.pdf
3300,4,CONSORCIO 4C,GP-5795,CONCESIÓN ALTO MAGDALENA S.A.S - Ing. Claudia Cecilia Castillo Pico,ALMA-R-2819665,10/01/2019,Ref. Contrato de Concesión 003 de 2014 - Concesión Honda – Girardot – Puerto Salgar - Observaciones Revisión de Avalúo UF5,15_01_Cartas_Enviadas/RADICADAS/2019/CI004_579519_070406_CON_OBS_ALMA-2018-4302.pdf
3302,2,CONSORCIO 4C,GP-6519,AGENCIA NACIONAL DE INFRAESTRUCTURA - ANI,20194090607472,11/06/2019,Ref. Contrato de Concesión 003 de 2014-Concesión Honda – Girardot – Puerto Salgar-Remisión de Informe Especial No. 38-Pendientes UF3 y UF5,15_01_Cartas_Enviadas/RADICADAS/2019/CI004_651919_091000_ANI_INF_ESP_38.pdf
3303,3,CONSORCIO 4C,GP-7227,CONCESIÓN ALTO MAGDALENA S.A.S.,ALMA-R-28192798,28/11/2019,Ref. Contrato de Concesión 003 de 2014 - Concesión Honda – Girardot – Puerto Salgar - Evaluación Niveles Servicio Diciembre de 2019,15_01_Cartas_Enviadas/RADICADAS/2019/CI004_722719_070303_MEDICION_INDICADORES_DICI-19.pdf
3304,2,CONSORCIO 4C,GP-7222,AGENCIA NACIONAL DE INFRAESTRUCTURA - ANI,Girardot – CND,27/11/2019,Ref. Contrato de Concesión 003 de 2014 Concesión Honda – Girardot – Puerto Salgar. Remisión de Informe Semanal 61 Avance de Unidades Funcionales en Construcción.,15_01_Cartas_Enviadas/RADICADAS/2019/CI004_722219_091000_ANI_INF_ESP_N61.pdf
3305,5,CONSORCIO 4C,GP-6975,AGENCIA NACIONAL DE INFRAESTRUCTURA,ALMA-R-20192265,19/09/2019,"Contrato de Concesión bajo el esquema de APP No. 003 de 2014 – Concesión Honda - Puerto Salgar – Girardot. SANEAMIENTO DEL INCUMPLIMIENTO. Saneamiento del incumplimiento relacionado con el funcionamiento del Sistema Informático de Contabilización y Control - SICC, según las consideraciones contenidas en los numerales 5.3.1 y 5.4.8 del Apéndice Técnico 4.",15_01_Cartas_Enviadas/RADICADAS/2019/CI004_697519_050300_ANI_SANEA_INCUMPLI_SICC.pdf
3306,12,CONSORCIO 4C,GP-6237,CONCESIÓN ALTO MAGDALENA S.A.S,ALMA-2019-00867,04/04/2019,Ref. Contrato de Concesión 003 de 2014 - Concesión Honda – Girardot – Puerto Salgar - Memoria Técnica septiembre 2018,15_01_Cartas_Enviadas/RADICADAS/2019/CI004_623719_070500_CON_MEM-TECNI_SEPT18_ALMA-2019-00867.pdf
3309,2,CONSORCIO 4C,GP-5970,CONCESIÓN ALTO MAGDALENA S.A.S - Atn. Ing. Claudia Cecilia Castillo Pico,ALMA-R-201902378,11/02/2019,Ref. Contrato de Concesión 003 de 2014 Concesión Honda – Girardot – Puerto Salgar. Requerimiento Proyección Costos Gestión Predial y Adquisición Predial,15_01_Cartas_Enviadas/RADICADAS/2019/CI004_597019_070401_CON_PROYECCION_COSTOS_PREDIALES.pdf
3307,5,CONSORCIO 4C,GP-5852,"AGENCIA NACIONAL DE INFRAESTRUCTURA – ANI, Dr. Luis Eduardo Gutiérrez Díaz",Rad No. 2019-409-006308-2,22/01/2019,Fideicomiso Fidubogotá - Atrto Magdalena 3-1 -63664,15_01_Cartas_Enviadas/RADICADAS/2019/CI004_585219_070202_ANI_REMI_FOR_GCSP-F-001_MBUP_DIC2018.pdf
3310,2,CONSORCIO 4C,GP-5966,CONCESIÓN ALTO MAGDALENA S.A.S - Ing. Claudia Cecilia Castillo Pico,ALMA-R-20190375,13/02/2019,Ref. Contrato de Concesión 003 de 2014 Concesión Honda – Girardot – Puerto Salgar Seguimiento Ensayos de Laboratorio MDC-19 Modificado.,15_01_Cartas_Enviadas/RADICADAS/2019/CI004_596619_070113_ENSAYOS_LABORATORIO_ASFALTO.pdf
3308,3,CONSORCIO 4C,GP-6638,CONCESIÓN ALTO MAGDALENA S.A.S.,ALMA-R-2019-1623,03/07/2019,Ref. Contrato de Concesión 003 de 2014 Concesión Honda – Girardot – Puerto Salgar Evaluación Niveles de Servicio - julio de 2019.,15_01_Cartas_Enviadas/RADICADAS/2019/CI004_663819_070303_MEDICI_INDICAD_JULIO-19.PDF
3311,5,CONSORCIO 4C,GP-5887,CONCESIÓN ALTO MAGDALENA S.A.S,ALMA-R-20190189,25/01/2019,Ref. Contrato de Concesión 003 de 2014-Concesión Honda – Girardot – Puerto Salgar-Observaciones Revisión de Avalúo UF3,15_01_Cartas_Enviadas/RADICADAS/2019/CI004_588719_070406_CON_ALMA-2019-00153.pdf
3312,16,CONSORCIO 4C,GP-0207,"AGENCIA NACIONAL DE INFRAESTRUCTURA - ANI, Atn. Ing. Manuel Isidro Raigozo Rubio",ANI Rad No. 2019-409-056030-2,28/05/2019,Ref. Contrato de Interventoría 145 de 2014 Concesión Honda - Girardot - Puerto Salgar. Reemplazo Especialista en Hidráulica e Hidrología,15_01_Cartas_Enviadas/RADICADAS/2019/CI004_020719_020200_ANI_CAMBIO_ESPEC_HIDRAULICA.pdf
3314,2,CONSORCIO 4C,GP-7234,CONCESIÓN ALTO MAGDALENA S.A.S,ALMA-R-20192786,28/11/2019,Ref. Contrato de Concesión 003 de 2014 Concesión Honda – Girardot – Puerto Salgar. Siembra Compensaciones,15_01_Cartas_Enviadas/RADICADAS/2019/CI004_723419_070108_CON_ALMA-2019-03491_SIEMB_COMP.pdf
3313,8,CONSORCIO 4C,GP-7176,AGENCIA NACIONAL DE INFRAESTRUCTURA – ANI,ANI 2019-305-037637-1,15/11/2019,Ref. Contrato de Concesión 003 de 2014 Concesión Honda – Girardot – Puerto Salgar Concepto Solicitud Accesos Predio ALMA-5-0111 (La Argentina) UF5.4. Sra Miryam Ruiz.,15_01_Cartas_Enviadas/RADICADAS/2019/CI004_717619_070109_070104_ANI_PRQ_ACCESO_ARGENTINA-UF5.pdf
3316,3,CONSORCIO 4C,GP-6619,CONCESIÓN ALTO MAGDALENA S.A.S.,ALMA-R-20191573,26/06/2019,Ref. Contrato de Concesión 003 de 2014 - Concesión Honda – Girardot – Puerto Salgar. Condición de riesgo en andenes - UF 5.2,15_01_Cartas_Enviadas/RADICADAS/2019/CI004_661919_070110_CON_SISO_ANDENES.PDF
3315,12,CONSORCIO 4C,GP-6225,AGENCIA NACIONAL DE INFRAESTRUCTURA - ANI,20194090324892,29/03/2019,Ref. Contrato de Concesión 003 de 2014 - Concesión Honda – Girardot – Puerto Salgar - Aclaraciones Gestión Predio ALMA-2-0004-2,15_01_Cartas_Enviadas/RADICADAS/2019/CI004_622519_070401_ANI_INFORME_PREDIO_ALMA-2-004-2.pdf
3317,2,CONSORCIO 4C,GP-6523,CORPORACIÓN PRODESARROLLO Y SEGURIDAD DE GIRARDOT - Atn. Lyda Fernanda Gonzales Cabezas,10.500.7.23451.2019,07/06/2019,Ref. Solicitud de certificado de seguridad humana,15_01_Cartas_Enviadas/RADICADAS/2019/CI004_652319_070110_TER_SOL_CERT_SEG-HUM.pdf
3318,5,CONSORCIO 4C,GP-6914,CONCESIÓN ALTO MAGDALENA S.A.S.,ALMA-R-20192111,30/08/2019,Ref. Contrato de Concesión 003 de 2014-Concesión Honda – Girardot – Puerto Salgar-Revisión Ajuste Diseño Estructura de Pavimento-Área de Servicio UF 5.2,15_01_Cartas_Enviadas/RADICADAS/2019/CI004_691419_070107_CON_ALMA-2019-02275_ESTRU-AREA-SERV_UF5.2.pdf
3320,10,CONSORCIO 4C,GP-6151,AGENCIA NACIONAL DE INFRAESTRUCTURA – ANI,ALMA-R-20190558,15/03/2019,Contrato de Concesión bajo el esquema de APP 003 de 2014 - Contrato de Interventoría 145 de 2014. Concesión Honda - Puerto Salgar – Girardot.,15_01_Cartas_Enviadas/RADICADAS/2019/CI004_615119_050300_ANI_NO-OBJ-CURA_AMBI-UF5.2.pdf
3319,35,CONSORCIO 4C,GP-6684,AGENCIA NACIONAL DE INFRAESTRUCTURA – ANI,ALMA-R-20191710,12/07/2019,Ref. Contrato de Concesión 003 de 2014-Concesión Honda – Girardot – Puerto Salgar.-Comparación Sábana Predial -vs- Olympus,15_01_Cartas_Enviadas/RADICADAS/2019/CI004_668419_070401_ANI_COMPARACION_SABANA_OLYMPUS.pdf
3321,3,CONSORCIO 4C,GP-6008,CONCESIÓN ALTO MAGDALENA S.A.S.,20190220-160038-23190423,20/02/2019,Ref. Contrato de Concesión 003 de 2014 - Concesión Honda – Girardot – Puerto Salgar - Incumplimiento Apéndice Técnico 2 – Cama Baja Proyecto,15_01_Cartas_Enviadas/RADICADAS/2019/CI004_600819_050300_CON_CAMABAJA_AT2.pdf
3322,2,CONSORCIO 4C,GP-5915,CONCESIÓN ALTO MAGDALENA S.A.S.,ALMA-R-20190263,01/02/2019,Ref. Contrato de Concesión 003 de 2014 - Concesión Honda – Girardot – Puerto Salgar - Solicitud ANI-2019-305-001336-1. Información Sobre Señalización Proyecto,15_01_Cartas_Enviadas/RADICADAS/2019/CI004_591510_070107_CON_AGEN-NAL-SEG-VIAL_SENALES_SIG.pdf
3324,2,CONSORCIO 4C,GP-7057,AGENCIA NACIONAL DE INFRAESTRUCTURA - ANI,20194091071952,09/10/2019,Ref. Contrato de Concesión 003 de 2014 Concesión Honda – Girardot – Puerto Salgar. Informe Mensual Técnico 59 Versión 00.,15_01_Cartas_Enviadas/RADICADAS/2019/CI004_705719_090200_ANI_INFORME_MENSUAL_SEPTIEMBRE-2019.pdf
3323,4,CONSORCIO 4C,GP-6473,FIDUCIARIA BOGOTÁ,20194090536642,24/05/2019,Mayor Valor Trasladado Acta Retribución UF1 y UF2,15_01_Cartas_Enviadas/RADICADAS/2019/CI004_647319_070208_ FID_MAYOR-VALOR_PAGADO_ UF1-UF2.PDF
3325,9,CONSORCIO 4C,GP-6762,CONCESIÓN ALTO MAGDALENA S.A.S - Ing. Claudia Cecilia Castillo Pico,Sin radicado visible en el documento dirigido al destinatario,31/07/2019,Ref. Contrato de Concesión 003 de 2014 Concesión Honda – Girardot – Puerto Salgar. Solicitud Análisis Documental Olympus,15_01_Cartas_Enviadas/RADICADAS/2019/CI004_676219_070401_CON_SOLICITUD_INFORME_OLYMPUS.pdf
3326,4,CONSORCIO 4C,GP-6042,CONCESIÓN ALTO MAGDALENA S.A.S - Ing. Claudia Cecilia Castillo Pico,ALMA-R-201903470,22/02/2019,Ref. Contrato de Concesión 003 de 2014 - Concesión Honda – Girardot – Puerto Salgar - Respuesta ALMA-2019-00571 / Informe N° 5 - Resolución 2280 de 2015,15_01_Cartas_Enviadas/RADICADAS/2019/CI004_604219_070108_CON_RESP_ALMA-2019-00571.pdf
3327,6,CONSORCIO 4C,GP-7228,CONCESIÓN ALTO MAGDALENA S.A.S.,ALMA-R-20192791,28/11/2019,Ref. Contrato de Concesión 003 de 2014 - Concesión Honda – Girardot – Puerto Salgar - Nivel de Servicio E14,15_01_Cartas_Enviadas/RADICADAS/2019/CI004_722819_070303_CON_ILUMINACION_E14_.pdf
3328,6,CONSORCIO 4C,GP-6685,CONCESIÓN ALTO MAGDALENA S.A.S,ALMA-R-20191711,12/07/2019,Ref. Contrato de Concesión 003 de 2014 - Concesión Honda – Girardot – Puerto Salgar - Gestión Predial Puerto Bogotá,15_01_Cartas_Enviadas/RADICADAS/2019/CI004_668519_070401_CON_REDES_PREDIAL_PTOBOGOTA.PDF
3329,3,CONSORCIO 4C,GP-6025,CONCESIÓN ALTO MAGDALENA S.A.S.,ALMA-R-20190436,20/02/2019,Ref. Contrato de Concesión 003 de 2014 - Concesión Honda – Girardot – Puerto Salgar - Traslado Red Codensa Enel UF-3,15_01_Cartas_Enviadas/RADICADAS/2019/CI004_602519_070115_CON_TRASL_RED-COD_GUATAQUI.pdf
3330,3,CONSORCIO 4C,GP-6426,CONCESIÓN ALTO MAGDALENA S.A.S,HLMH-R-20191203,16/05/2019,Ref. Contrato de Concesión 003 de 2014 - Concesión Honda – Girardot – Puerto Salgar - Revisión de Diseños Hidrosanitarios Área de Pesaje Brisas de la Unidad Funcional 5.4,15_01_Cartas_Enviadas/RADICADAS/2019/CI004_642619_070107_CON_ALMA-2019-01453_DISHID_AREPESAJE-UF5.4.PDF
3331,4,CONSORCIO 4C,GP-7107,CONCESIÓN ALTO MAGDALENA S.A.S.,ALMA-R-28192554,25/10/2019,"Ref. Contrato de Concesión 003 de 2014 - Concesión Honda – Girardot – Puerto Salgar - Observaciones Entrega Informes Investigación Accidentes Laborales Mayo, Junio, Julio 2019",15_01_Cartas_Enviadas/RADICADAS/2019/CI004_710719_070110_CON_OBS_INFO_ACC-TRAB_MAYJUNJUL.pdf
3332,9,CONSORCIO 4C,GP-6782,CONCESIÓN ALTO MAGDALENA S.A.S,ALMA-R-20191896,02/08/2019,Ref. Contrato de Concesión 003 de 2014 - Concesión Honda – Girardot – Puerto Salgar - Memoria Técnica,15_01_Cartas_Enviadas/RADICADAS/2019/CI004_678219_070500_CON_MEMOTEC_FEBR2019_ALMA_02216 (1).pdf
3333,3,CONSORCIO 4C,GP-5828,AGENCIA NACIONAL DE INFRAESTRUCTURA - ANI,20194090045462,16/01/2019,Ref. Contrato de Interventoría ANI 145 de 2014 Concesión Honda – Girardot – Puerto Salgar Encuesta de Satisfacción al Cliente año 2018,15_01_Cartas_Enviadas/RADICADAS/2019/CI004_582819_140711_ANI_ENCUESTA_SATISFACCION_CLIENTE.pdf
3335,4,CONSORCIO 4C,GP-6080,CONCESIÓN ALTO MAGDALENA S.A.S,ALMA-R-28198552,04/03/2019,Ref. Contrato de Concesión 003 de 2014 - Concesión Honda – Girardot – Puerto Salgar - Observaciones Revisión de Avalúo UF5,15_01_Cartas_Enviadas/RADICADAS/2019/CI004_608019_070406_CON_OBS_ALMA-2019-00315.pdf
3334,3,CONSORCIO 4C,GP-6564,AGENCIA NACIONAL DE INFRAESTRUCTURA - ANI,ANI 20193050164411,14/06/2019,Ref. Contrato de Concesión 003 de 2014 - Concesión Honda – Girardot – Puerto Salgar - Instalación Puntos Conteo Peaje Nuevo UF5,15_01_Cartas_Enviadas/RADICADAS/2019/CI004_656419_070302_ANI_PUNTOS_CONTEO_UF5.pdf
3336,4,CONSORCIO 4C,GP-6067,CONCESIÓN ALTO MAGDALENA S.A.S.,ALMA-R-20190520,01/03/2019,Ref. Contrato de Concesión 003 de 2014 Concesión Honda – Girardot – Puerto Salgar Seguimiento Plan de Obras – Gestión Predial Intersección Puente Actual Puerto Salgar (Costado Occidental) Ruta 45CLA Vía Norcasía,15_01_Cartas_Enviadas/RADICADAS/2019/CI004_606719_070101_CON_INTERV-PREDIOS_AVA-OBRA_NORCASIA-UF5.pdf
3337,6,CONSORCIO 4C,GP-6812,CONCESIÓN ALTO MAGDALENA S.A.S.,ALMA-R-2019-01907,13/08/2019,Ref. Contrato de Concesión 003 de 2014 - Concesión Honda – Girardot – Puerto Salgar - Observaciones informe avance Gestión Predial.,15_01_Cartas_Enviadas/RADICADAS/2019/CI004_681219_070401_CON_INFOGP_ALMA-2019-01907.pdf
3338,1,CONSORCIO 4C,GP-5829,"AGENCIA NACIONAL DE INFRAESTRUCTURA - ANI, Ing. Manuel Isidro Raigozo Rubio",ALMA-R-20190137,17/01/2019,"ACTA No 9 DE CALCULO VPIP DICIEMBRE 201 III ALMA-R-20190137 Este reatiltlo no Implica «enfadan CI.004/GP5829/19/7.2.8 Girardot— CND, 17 de enero de 2019",15_01_Cartas_Enviadas/RADICADAS/2019/CI004_582919_070208_ANI_ACTA_CALVPIP_DIC2018.pdf
3339,20,CONSORCIO 4C,GP-6039,"AGENCIA NACIONAL DE INFRAESTRUCTURA – ANI
At.: Ing. Luis Eduardo Gutiérrez Díaz",2019-409-020990-2,22/02/2019,"Respuesta comunicado ANI 2019-605-003073-1 del 07 de febrero de 2019 Tema: Concepto y análisis de la solicitud del Concesionario — Notificación Evento Eximente de Responsabilidad relacionado con la Cesión Parcial de la Licencia Ambiental, Resolución 0331 del 4 de abril de 2014, para la construcción de la Glorieta costado Occidental del Nuevo Puente de Honda - Unidad Funcional 5.3",15_01_Cartas_Enviadas/RADICADAS/2019/CI004_603919_050300_ANI_RES_COM_2019-605-003073-1.pdf
3340,4,CONSORCIO 4C,GP-6465,CONCESIÓN ALTO MAGDALENA S.A.S.,INCUMPLIMIENTO CONDICIONES SEGURIDAD UF 3 - SEMANA 224,23/05/2019,Ref. Contrato de Concesión 003 de 2014-Concesión Honda – Girardot – Puerto Salgar.-Incumplimiento Condiciones Seguridad UF 3 Semana 224,15_01_Cartas_Enviadas/RADICADAS/2019/CI004_646519_070110_CON_SEGSISO_UF3_SEM224.PDF
3341,2,CONSORCIO 4C,GP-7285,CONCESIÓN ALTO MAGDALENA S.A.S.,ALMA-R-20192872,06/12/2019,Ref. Contrato de Concesión 003 de 2014 - Concesión Honda – Girardot – Puerto Salgar. Revisión Fichas Sociales,15_01_Cartas_Enviadas/RADICADAS/2019/CI004_728519_070402_CON_FICHAS_SOCIALES_ALMA-03566.pdf
3342,3,CONSORCIO 4C,GP-7026,CONCESIÓN ALTO MAGDALENA S.A.S - Ing. Claudia Cecilia Castillo Pico,ALMA-R-20192373,02/10/2019,Ref. Contrato de Concesión 003 de 2014 - Concesión Honda – Girardot – Puerto Salgar - Adecuación pasos de fauna UF2.,15_01_Cartas_Enviadas/RADICADAS/2019/CI004_702619_070108_CON_ALMA-2019-03020_PASOS_FAUNA-UF2.pdf
3343,3,CONSORCIO 4C,GP-7075,CONCESIÓN ALTO MAGDALENA S.A.S.,ALMA-R-20192482,17/10/2019,Ref. Contrato de Concesión 003 de 2014 - Concesión Honda – Girardot – Puerto Salgar - Observaciones Diseños de Iluminación UF-5.,15_01_Cartas_Enviadas/RADICADAS/2019/CI004_707519_070107_CON_DISE_ILUMI_UF5.pdf
3344,3,CONSORCIO 4C,GP-5964,CONCESIÓN ALTO MAGDALENA S.A.S.,ALMA-R-20190373,13/02/2019,Ref. Contrato de Concesión 003 de 2014 Concesión Honda – Girardot – Puerto Salgar. Seguridad Vial Centros Poblados - Zonas Escolares,15_01_Cartas_Enviadas/RADICADAS/2019/CI004_596419_070109_070111_CON_SEGVIAL_POBLADOS_ESCOLARES.pdf
3345,1,CONSORCIO 4C,GP-6580,"AGENCIA NACIONAL DE INFRAESTRUCTURA – ANI, Dr. Luis Eduardo Gutiérrez Díaz",2019-409-063439-2,17/06/2019,Ref. Contrato de Concesión 003 de 2014 - Concesión Honda — Girardot — Puerto Salgar - Remisión Formato GCSP-F-009 Informe Mensual Recaudo de Peajes — Mayo 2019,15_01_Cartas_Enviadas/RADICADAS/2019/CI004_658019_070202_ANI_REMI_FOR_GCSP-F-009_IMRP_MAYO2019.pdf
3346,4,CONSORCIO 4C,GP-7372,CONCESIÓN ALTO MAGDALENA S.A.S,"['ALMA-R-20193024', 'ANI 20194090828872']",27/12/2019,Ref. Contrato de Concesión 003 de 2014-Concesión Honda – Girardot – Puerto Salgar-Observaciones Revisión de Avalúo UF2,15_01_Cartas_Enviadas/RADICADAS/2019/CI004_737219_070406_CON_AVALU_ALMA-2019-03045.pdf
3347,5,CONSORCIO 4C,GP-6203,CONCESIÓN ALTO MAGDALENA S.A.S,ALMA-R-201903505,27/03/2019,"Ref. Contrato de Concesión 003 de 2014 - Concesión Honda – Girardot – Puerto Salgar. Pago Seguridad Social Enero 2019, Salarios Diciembre 2018 y Soportes Ingreso.",15_01_Cartas_Enviadas/RADICADAS/2019/CI004_620319_070110_CON_SEG_ENERO19_DIC2018.pdf
3348,2,CONSORCIO 4C,GP-7211,CONCESIÓN ALTO MAGDALENA S.A.S.,ALMA-R-28192757,27/11/2019,Ref. Contrato de Concesión 003 de 2014 - Concesión Honda – Girardot – Puerto Salgar - Informe Responsabilidad Social Ambiental-2018,15_01_Cartas_Enviadas/RADICADAS/2019/CI004_721119_070109_CON_INFO_PRSA_2018.pdf
3349,27,CONSORCIO 4C,GP-6486,"AGENCIA NACIONAL DE INFRAESTRUCTURA – ANI, Ing. Luis Eduardo Gutiérrez Díaz",2019-409-058231-2,07/06/2019,Respuesta comunicado ANI 2019-605-009844-1 Tema: Análisis del Presunto Evento Eximente de Responsabilidad en la Unidad Funcional 4 Relacionado con la Regularización de Expedientes Ambientales,15_01_Cartas_Enviadas/RADICADAS/2019/CI004_648619_050300_ANI_RESP_COM_ANI2019-605-009844-1.pdf
3350,2,CONSORCIO 4C,GP-7049,CONCESIÓN ALTO MAGDALENA S.A.S - Ing. Claudia Cecilia Castillo Pico,ALMA-R-20192438,09/10/2019,Ref. Contrato de Concesión 003 de 2014 - Concesión Honda – Girardot – Puerto Salgar - Conceptos de Desafectación Predial,15_01_Cartas_Enviadas/RADICADAS/2019/CI004_704919_070401_CON_DESAFE_PREDI_ALMA-02879.pdf
3351,6,CONSORCIO 4C,GP-5885,CONCESIÓN ALTO MAGDALENA S.A.S.,"ALMA-2019-3884, ALMA-2019-4762",25/01/2019,Ref. Contrato de Concesión 003 de 2014 - Concesión Honda – Girardot – Puerto Salgar - Observaciones Fichas Prediales UF 2,15_01_Cartas_Enviadas/RADICADAS/2019/CI004_588519_070401_CON_OBS_ALMA-3884-4762.pdf
3352,4,CONSORCIO 4C,GP-6487,CONCESIÓN ALTO MAGDALENA S.A.S - Ing. Claudia Cecilia Castillo,ALMA-R-20191356,04/06/2019,Fondeo Subcuenta Interventoría y Supervisión Monto Proporcional.,15_01_Cartas_Enviadas/RADICADAS/2019/CI004_648719_050300_CON_FOND-REST_INTERVENTO_SUPERVI.pdf
3353,6,CONSORCIO 4C,GP-6368,CONCESIÓN ALTO MAGDALENA S.A.S - Ing. Claudia Cecilia Castillo Pico,ALMA-R-20191127,06/05/2019,Ref. Contrato de Concesión 003 de 2014-Concesión Honda – Girardot – Puerto Salgar.-Observaciones Revisión Avalúos UF5,15_01_Cartas_Enviadas/RADICADAS/2019/CI004_636819_070406_CON_AVALU_ALMA-2019-01114-01116-01137.PDF
3354,2,CONSORCIO 4C,GP-6843,CONCESIÓN ALTO MAGDALENA S.A.S.,ALMA-R-20191935,16/08/2019,Ref. Contrato de Concesión 003 de 2014-Concesión Honda – Girardot – Puerto Salgar-Observaciones Expedientes ANT UF 5,15_01_Cartas_Enviadas/RADICADAS/2019/CI004_684319_070401_CON_EXP_ANT_ALMA-5-0012-1.pdf
3355,4,CONSORCIO 4C,GP-6832,CONCESIÓN ALTO MAGDALENA S.A.S,"['ALMA-R-20191976', 'ANI 20194090828872', 'ALMA-20191922']",15/08/2019,Ref. Contrato de Concesión 003 de 2014 - Concesión Honda – Girardot – Puerto Salgar. Observaciones Revisión de Avalúo UF5,15_01_Cartas_Enviadas/RADICADAS/2019/CI004_683219_070406_CON_AVALU_ALMA-2019-02332-02336.pdf
3356,9,CONSORCIO 4C,GP-6342,CONCESIÓN ALTO MAGDALENA S.A.S,ALMA-R-20191091,30/04/2019,Ref. Contrato de Concesión 003 de 2014 - Concesión Honda – Girardot – Puerto Salgar. Observaciones Revisión de Avalúo UF5,15_01_Cartas_Enviadas/RADICADAS/2019/CI004_634219_070406_CON_AVALU-D1_ALMA-2019-01142.PDF
3358,4,CONSORCIO 4C,GP-6529,AGENCIA NACIONAL DE INFRAESTRUCTURA – ANI,ALMA-R-20191427,11/06/2019,Ref. Contrato de Concesión 003 de 2014 Concesión Honda – Girardot – Puerto Salgar Asunto: Cuenta de Cobro No.2 Contingencia Redes,15_01_Cartas_Enviadas/RADICADAS/2019/CI004_652919_050300_070115_ANI_ ACTA REDES.PDF
3357,16,CONSORCIO 4C,GP-6607,CONCESIÓN ALTO MAGDALENA S.A.S.,ALMA-R-20191562,26/06/2019,Ref. Contrato de Concesión 003 de 2014-Concesión Honda – Girardot – Puerto Salgar-Verificación UF 5.4,15_01_Cartas_Enviadas/RADICADAS/2019/CI004_660719_090300_070304_CON_PEND_UF5.4_FINAL.PDF
3359,3,CONSORCIO 4C,GP-6881,CONCESIÓN ALTO MAGDALENA S.A.S.,ALMA-R-20192052,27/08/2019,Ref. Contrato de Concesión 003 de 2014 - Concesión Honda – Girardot – Puerto Salgar - Observaciones Diseños Eléctricos UF-2,15_01_Cartas_Enviadas/RADICADAS/2019/CI004_688119_070107_CON_DIS_ELEC_UF2.pdf
3360,5,CONSORCIO 4C,GP-6828,CONCESIÓN ALTO MAGDALENA S.A.S.,ALMA-R-20191971,15/08/2019,Ref. Contrato de Concesión 003 de 2014 Concesión Honda – Girardot – Puerto Salgar. Incumplimiento Condiciones Seguridad UF 4 y 5 Semana 235,15_01_Cartas_Enviadas/RADICADAS/2019/CI004_682819_070110_CON_SEGSISO_UF5_SEM235.pdf
3361,36,CONSORCIO 4C,GP-6362,CONCESIÓN ALTO MAGDALENA S.A.S,ALMA-R-20191110,03/05/2019,Ref. Contrato de Concesión 003 de 2014 - Concesión Honda – Girardot – Puerto Salgar - Memoria Técnica Febrero 2019,15_01_Cartas_Enviadas/RADICADAS/2019/CI004_636219_070500_CON_MEMOTECNICA_FEBRERO-19.pdf
3362,3,CONSORCIO 4C,GP-5801,CONCESIÓN ALTO MAGDALENA S.A.S - Atn. Ing. Claudia Cecilia Castillo Pico,ALMA-R-20190077,10/01/2019,Ref. Contrato de Concesión 003 de 2014--Concesión Honda – Girardot – Puerto Salgar--Respuesta ALMA-2018-4693 / Artículo 1--Resolución 1082 de 2018,15_01_Cartas_Enviadas/RADICADAS/2019/CI004_580119_070108_CON_RESP_ALMA-2018-4693.pdf
3363,4,CONSORCIO 4C,GP-7189,CONCESIÓN ALTO MAGDALENA S.A.S - Atn. Ing. Claudia Cecilia Castillo Pico,"['ALMA-2019-03357', 'ANI 20194090828872', 'ALMA-R-20192686']",15/11/2019,Ref. Contrato de Concesión 003 de 2014 - Concesión Honda – Girardot – Puerto Salgar - Observaciones Revisión de Avalúo UF5,15_01_Cartas_Enviadas/RADICADAS/2019/CI004_718919_070406_CON_AVALU_ALMA-2019-03357.pdf
3364,3,CONSORCIO 4C,GP-6190,CONCESIÓN ALTO MAGDALENA S.A.S.,ALMA-R-28190773,22/03/2019,"Ref. Contrato de Concesión 003 de 2014 Concesión Honda – Girardot – Puerto Salgar. Observaciones Investigaciones Accidentalidad Laboral (nov, dic) 2018.",15_01_Cartas_Enviadas/RADICADAS/2019/CI004_619019_070110_CON_RTAACCLAB_NOVDIC_2018.pdf
3365,9,CONSORCIO 4C,GP-6639,AGENCIA NACIONAL DE INFRAESTRUCTURA – ANI,ALMA-R-20191624,03/07/2019,Ref. Contrato de Concesión 003 de 2014 - Concesión Honda – Girardot – Puerto Salgar. Solicitud Análisis Olympus,15_01_Cartas_Enviadas/RADICADAS/2019/CI004_663919_070401_ANI_SOLICITUD_ANALISIS_OLYMPUS.PDF
3366,1,CONSORCIO 4C,GP-6579,"AGENCIA NACIONAL DE INFRAESTRUCTURA – ANI, Dr. Luis Eduardo Gutiérrez Díaz",Rad No. 2019-409-063437-2,20/06/2019,Ref. Contrato de Concesión 003 de 2014 - Concesión Honda — Girardot — Puerto Salgar - Remisión Formato GCSP-F-007 Informe de Ejecución de Recursos Públicos — Mayo 2019,15_01_Cartas_Enviadas/RADICADAS/2019/CI004_657919_070202_ANI_REMI_FOR_GCSP-F-007_IN_EJE_RP_MAYO2019.pdf
3368,2,CONSORCIO 4C,GP-7357,AGENCIA NACIONAL DE INFRAESTRUCTURA - ANI,20194091346612,23/12/2019,Ref. Contrato de Concesión 003 de 2014 - Concesión Honda – Girardot – Puerto Salgar - Solicitud información empleo,15_01_Cartas_Enviadas/RADICADAS/2019/CI004_735719_070109_ANI_SOLICITUD_INFO_EMPLEO.pdf
3367,2,CONSORCIO 4C,GP-6477,CONCESIÓN ALTO MAGDALENA S.A.S,ALMA-R-20191264,24/05/2019,Ref. Contrato de Concesión 003 de 2014 Concesión Honda – Girardot – Puerto Salgar. Informe Contabilizar Ingresos Egresos,15_01_Cartas_Enviadas/RADICADAS/2019/CI004_647719_070202_CON_CRITE-CONTAB_INGRES-EGRES_MAR19.PDF
3370,3,CONSORCIO 4C,GP-5981,CONCESIÓN ALTO MAGDALENA S.A.S.,ALMA-R-20190383,14/02/2019,Ref. Contrato de Concesión 003 de 2014 Concesión Honda – Girardot – Puerto Salgar Seguimiento Avance de Obras Intersección La Melisa – UF-5,15_01_Cartas_Enviadas/RADICADAS/2019/CI004_598119_070101_CON_AVA-OBRA_LA-MELISA-UF5.pdf
3369,3,CONSORCIO 4C,GP-6182,CONCESIÓN ALTO MAGDALENA S.A.S.,ALMA-R-20190765,21/03/2019,Ref. Contrato de Concesión 003 de 2014 - Concesión Honda – Girardot – Puerto Salgar - Nivel de Servicio E14,15_01_Cartas_Enviadas/RADICADAS/2019/CI004_618219_070303_CON_ILUMINACION_E14_BICENTENARIO.pdf
3372,5,CONSORCIO 4C,GP-6319,CONCESIÓN ALTO MAGDALENA S.A.S.,GERENCIA TÉCNICA,23/04/2019,Ref. Contrato de Concesión 003 de 2014-Concesión Honda – Girardot – Puerto Salgar. Puentes Peatonales. Norma NTC 4774.,15_01_Cartas_Enviadas/RADICADAS/2019/CI004_631919_070103_CON_OBSERVA_PUENTES_PEATONALES.pdf
3371,3,CONSORCIO 4C,GP-6189,CONCESIÓN ALTO MAGDALENA S.A.S - Atn. Ing. Claudia Cecilia Castillo Pico,ALMA-R-20190772,22/03/2019,Ref. Contrato de Concesión 003 de 2014-Concesión Honda – Girardot – Puerto Salgar-Seguimiento Calidad Procesos Constructivos Pesaje UF5.4,15_01_Cartas_Enviadas/RADICADAS/2019/CI004_618919_070103_CON_PROC_CONS-_PESAJE-UF5.pdf
3373,3,CONSORCIO 4C,GP-6648,CONCESIÓN ALTO MAGDALENA S.A.S,ALMA-2019-02084,05/07/2019,Ref. Contrato de Concesión 003 de 2014 - Concesión Honda – Girardot – Puerto Salgar - Paso Peatonal Sobre Cruce Férreo PR32+500 UF5.2,15_01_Cartas_Enviadas/RADICADAS/2019/CI004_664818_070107_CON_ALMA-02084_DIS-PTE-PET_PASO-FERREO-UF5.2.PDF
3374,4,CONSORCIO 4C,GP-7279,CONCESIÓN ALTO MAGDALENA S.A.S,"['ANI 20194090828872', 'ALMA-R-20191922']",05/12/2019,Ref. Contrato de Concesión 003 de 2014-Concesión Honda – Girardot – Puerto Salgar. Observaciones Revisión de Avalúo UF2,15_01_Cartas_Enviadas/RADICADAS/2019/CI004_727919_070406_CON_AVALU_ALMA-2019-03441.pdf
3376,2,CONSORCIO 4C,GP-6036,"AGENCIA NACIONAL DE INFRAESTRUCTURA - ANI
Atención: Ing. Luis Eduardo Gutiérrez Díaz
Vicepresidente de Gestión Contractual",2019-409-019128-2,25/02/2019,Ref. Contrato de Concesión 003 de 2014 Concesión Honda – Girardot – Puerto Salgar Observaciones Resolución de Expropiación Predio No. ALMA-2-0085,15_01_Cartas_Enviadas/RADICADAS/2019/CI004_603619_070404_ANI_RESOL_EXPRO_ALMA-2-00851.pdf
3375,2,CONSORCIO 4C,GP-6270,CONCESIÓN ALTO MAGDALENA S.A.S,ALMA-R-201903945,09/04/2019,Ref. Contrato de Concesión 003 de 2014 Concesión Honda – Girardot – Puerto Salgar. Observaciones Conceptos Desafectación Predial,15_01_Cartas_Enviadas/RADICADAS/2019/CI004_627019_070401_CON_DESAF_PREDI_01046.pdf
3377,4,CONSORCIO 4C,GP-7004,CONCESIÓN ALTO MAGDALENA S.A.S - Atn. Ing. Claudia Cecilia Castillo Pico,ALMA-R-28192345,27/09/2019,Ref. Contrato de Concesión 003 de 2014 - Concesión Honda – Girardot – Puerto Salgar - Observaciones Revisión de Avalúo UF5,15_01_Cartas_Enviadas/RADICADAS/2019/CI004_700419_070406_CON_AVALU_ALMA-2019-02913.pdf
3378,2,CONSORCIO 4C,GP-5800,CONCESIÓN ALTO MAGDALENA S.A.S.,ALMA-R-2819387,10/01/2019,Ref. Contrato de Concesión 003 de 2014 Concesión Honda – Girardot – Puerto Salgar Respuesta ALMA-2018-4380 / ICA N° 3 Expediente LAV0068-00-2015 UF 5.3,15_01_Cartas_Enviadas/RADICADAS/2019/CI004_580019_070108_CON_RESP_ALMA-2018-4380.pdf
3379,7,CONSORCIO 4C,GP-7278,CONCESIÓN ALTO MAGDALENA S.A.S.,ALMA-R-20192859,05/12/2019,Ref. Contrato de Concesión 003 de 2014 Concesión Honda – Girardot – Puerto Salgar Reiteración Construcción de Andenes Unidad Funcional 5.,15_01_Cartas_Enviadas/RADICADAS/2019/CI004_727819_070107_CON_SOLICITUD_ANDENES_UF5.pdf
3380,2,CONSORCIO 4C,GP-7012,CONCESIÓN ALTO MAGDALENA S.A.S.,ALMA-R-20192354,27/09/2019,Ref. Contrato de Concesión 003 de 2014 Concesión Honda – Girardot – Puerto Salgar Materiales de Retiro y Reintegro,15_01_Cartas_Enviadas/RADICADAS/2019/CI004_701219_070115_CON_MATE_RETIRO_REDES.pdf
3381,6,CONSORCIO 4C,GP-6157,Agencia Nacional de Infraestructura,GCSP-F-001,23/10/2013,Ref. CONCESION HONDA - PUERTO SALGAR - GIRARDOT - CONTRATO No. 003 DE 2014 - INFORME MANTENIMIENTO BIENES DE USO PÚBLICO - FEBRERO 2019 - CONSORCIO 4C,15_01_Cartas_Enviadas/RADICADAS/2019/CI004_615719_070202_ANI_ANEXO_REM_FOR_GCSP-F-001_MBUP_FEB2019.pdf
3382,4,CONSORCIO 4C,GP-6213,CONCESIÓN ALTO MAGDALENA S.A.S.,ALMA-R-20190923,27/03/2019,Ref. Contrato de Concesión 003 de 2014 Concesión Honda – Girardot – Puerto Salgar Implementación PMT UF5 Alto Riesgo Accidente Reiteración.,15_01_Cartas_Enviadas/RADICADAS/2019/CI004_621319_070111_CON_INCUMPL_PMT_UF5.pdf
3383,9,CONSORCIO 4C,GP-5933,CONCESIÓN ALTO MAGDALENA S.A.S,ALMA-R-20190323,08/02/2019,Ref. Contrato de Concesión 003 de 2014 - Concesión Honda – Girardot – Puerto Salgar - Otorgamiento Periodo Cura Incumplimiento Estudios y Diseños de Andenes UF 5.2,15_01_Cartas_Enviadas/RADICADAS/2019/CI004_593319_050300_CON_PERIODO_CURA_ANDENES-5.2.pdf
3385,3,CONSORCIO 4C,GP-6585,CONCESIÓN ALTO MAGDALENA S.A.S.,ALMA-R-20191581,19/06/2019,Ref. Contrato de Concesión 003 de 2014 - Concesión Honda – Girardot – Puerto Salgar - Solicitud Información Especies Vegetales para Compensaciones,15_01_Cartas_Enviadas/RADICADAS/2019/CI004_658519_070108_CON_ESPECIES_COMPENS_SOLI-INFORM.PDF
3384,4,CONSORCIO 4C,GP-7154,CONCESIÓN ALTO MAGDALENA S.A.S.,ALMA-R-20192648,08/11/2019,Ref. Contrato de Concesión 003 de 2014 Concesión Honda – Girardot – Puerto Salgar. Incumplimiento Condiciones Seguridad UF4 y 5 Semana 247,15_01_Cartas_Enviadas/RADICADAS/2019/CI004_715419_070110_CON_SEGSISO_UF5_SEM247.pdf
3386,4,CONSORCIO 4C,GP-7186,CONCESIÓN ALTO MAGDALENA S.A.S,20194091201492,15/11/2019,"Ref. Contrato de Concesión 003 de 2014 - Concesión Honda – Girardot – Puerto Salgar. Elaboración, Control, Verificación y Tratamiento del Producto No Conforme en la Elaboración de la Sábana de Avalúos",15_01_Cartas_Enviadas/RADICADAS/2019/CI004_718619_070401_CON_ACLARACIONES_TERCERINFORME_SABANAAVALUOS.pdf
3387,2,CONSORCIO 4C,GP-7179,CONCESIÓN ALTO MAGDALENA S.A.S.,ALMA-R-20192681,14/11/2019,Ref. Contrato de Concesión 003 de 2014 Concesión Honda – Girardot – Puerto Salgar Informe Auditoria Peajes Octubre 2019,15_01_Cartas_Enviadas/RADICADAS/2019/CI004_717919_070301_CON_INFO-AUDI_PEAJE_OCT-19.pdf
3389,2,CONSORCIO 4C,GP-7243,CONCESIÓN ALTO MAGDALENA S.A.S.,ALMA-R-20192778,28/11/2019,Ref. Contrato de Concesión 003 de 2014 - Concesión Honda – Girardot – Puerto Salgar - Traslado Solicitud Señor Hugo Mora Ariza,15_01_Cartas_Enviadas/RADICADAS/2019/CI004_724319_070109_CON_TRASL_SOLIC-HMORA.pdf
3388,3,CONSORCIO 4C,GP-6311,CONCESIÓN ALTO MAGDALENA S.A.S.,ALMA-R-20191013,17/04/2019,Ref. Contrato de Concesión 003 de 2014 - Concesión Honda – Girardot – Puerto Salgar. Revisión Fichas Sociales,15_01_Cartas_Enviadas/RADICADAS/2019/CI004_631119_070402_CON_FICHAS_SOCIALES_ALMA-00859-00910.PDF
3390,3,CONSORCIO 4C,GP-6482,CONCESIÓN ALTO MAGDALENA S.A.S. - Ing. Claudia Cecilia Castillo Pico,ALMA-R-20191329,29/05/2019,Ref. Contrato de Concesión 003 de 2014 - Concesión Honda – Girardot – Puerto Salgar - Observaciones Expedientes Finales Prediales,15_01_Cartas_Enviadas/RADICADAS/2019/CI004_648219_070401_CON_ESPE-FINAL_ALMA-2019-01336-01397.pdf
3391,5,CONSORCIO 4C,GP-5762,CONCESIÓN ALTO MAGDALENA S.A.S,ALMA-R-20190023,03/01/2019,Ref. Contrato de Concesión 003 de 2014 - Concesión Honda – Girardot – Puerto Salgar - Observaciones Revisión de Avalúo UF5,15_01_Cartas_Enviadas/RADICADAS/2019/CI004_576219_070406_CON_OBS_ALMA-2018-4303.pdf
3392,4,CONSORCIO 4C,GP-7240,CONCESIÓN ALTO MAGDALENA S.A.S - Ing. Claudia Cecilia Castillo Pico,ALMA-R-20192789,28/11/2019,Ref. Contrato de Concesión 003 de 2014 - Concesión Honda – Girardot – Puerto Salgar - Informe Semestral N°4 Resolución 2129 de 2015,15_01_Cartas_Enviadas/RADICADAS/2019/CI004_724019_CON_INFO-SEME_RES-2129_ALMA-2019-03444.pdf
3394,14,CONSORCIO 4C,GP-6760,AGENCIA NACIONAL DE INFRAESTRUCTURA – ANI,ALMA-R-20191848,31/07/2019,Ref. Contrato de Concesión 003 de 2014 Concesión Honda – Girardot – Puerto Salgar Actualización del Informe de Multa por el Incumplimiento al que hace alusión la parte Especial sección 6.1 (c). Vencimiento de Plazo de Cura otorgado por NO Terminación de las Intervenciones de la UF5,15_01_Cartas_Enviadas/RADICADAS/2019/CI004_676019_050300_ANI_MULTA_INTERVENC_UF5-R1.pdf
3393,10,CONSORCIO 4C,GP-5865,CONCESIÓN ALTO MAGDALENA S.A.S.,ALMA-R-20190149,22/01/2019,Ref. Contrato de Concesión 003 de 2014 - Concesión Honda – Girardot – Puerto Salgar - Resultado Medición Niveles de Servicio – Diciembre de 2018.,15_01_Cartas_Enviadas/RADICADAS/2019/CI004_586519_070303_CON_INDICES_DICIEMBRE_2018.pdf
3395,2,CONSORCIO 4C,GP-7171,SUPERINTENDENCIA DE PUERTOS Y TRANSPORTE - Dr. Álvaro Enrique Merchán Ramírez,20194091194332,13/11/2019,Ref. Contrato de Concesión 003 de 2014-Concesión Honda—Girardot—Puerto Salgar-Informe Mensual Técnico 59 y Socioambiental 47-Versión 00,15_01_Cartas_Enviadas/RADICADAS/2019/CI004_717119_090200_SIPT_INFO_MEN_TEC59_SOC-AM47.pdf
3396,5,CONSORCIO 4C,GP-6272,CONCESIÓN ALTO MAGDALENA S.A.S - Atn. Ing. Claudia Cecilia Castillo Pico,ALMA-R-28190944,09/04/2019,Ref. Contrato de Concesión 003 de 2014-Concesión Honda – Girardot – Puerto Salgar. Observaciones Revisión de Avalúo UF5,15_01_Cartas_Enviadas/RADICADAS/2019/CI004_627219_070406_CON_AVALU_ALMA-2019-00665.pdf
3397,6,CONSORCIO 4C,GP-6855,CONCESIÓN ALTO MAGDALENA S.A.S.,"Concesión Honda – Girardot – CND, 21 de agosto de 2019",22/08/2019,Ref. Contrato de Concesión 003 de 2014-Concesión Honda – Girardot – Puerto Salgar-Aspectos e Impactos Ambientales UF 5.1,15_01_Cartas_Enviadas/RADICADAS/2019/CI004_685519_070108_CON_ASP_IMP_UF5.1.pdf
3398,7,CONSORCIO 4C,GP-6415,JUZGADO PRIMERO ADMINISTRATIVO DE GIRARDOT - Dra. Juanita del Pilar Matiz Cifuentes,J.1 ADMINIST. GIRARDOT - 16 MAY 19 11:13 AM,16/05/2019,Ref. Contrato de Concesión 003 de 2014 - Concesión Honda – Girardot – Puerto Salgar - Respuesta Notificación Auto Admite y Decreta Medida Cautelar Acción Popular N° 2019-00147,15_01_Cartas_Enviadas/RADICADAS/2019/CI004_641519_070109_TER_RTA-ACC-POP_GRAMALOTAL1.pdf
3399,3,CONSORCIO 4C,GP-5896,CONCESIÓN ALTO MAGDALENA S.A.S.,ALMA-R-28190237,31/01/2019,Ref. Contrato de Concesión 003 de 2014 - Concesión Honda – Girardot – Puerto Salgar - Solicitud Incluir Escorrentía Protección Redes UF-5.2,15_01_Cartas_Enviadas/RADICADAS/2019/CI004_589619_070115_CON_RED_LLUVIAS_UF5.2.pdf
3400,14,CONSORCIO 4C,GP-7363,AGENCIA NACIONAL DE INFRAESTRUCTURA - ANI,ALMA-R-20193606,26/12/2019,Ref. Contrato de Concesión 003 de 2014 Concesión Honda – Girardot – Puerto Salgar Solicitud de No Objeción para Otorgar Plazo de Cura al Concesionario por Incumplimiento de lo contenido en la Parte General del Contrato Numeral 4.5 literal (o) y en el Apéndice Técnico 2 numeral 3.3.3.3. Control Interno de Calidad de los Avalúos,15_01_Cartas_Enviadas/RADICADAS/2019/CI004_736319_050300_ANI_NO-OBJEC_CURA_CALID-AVALU.pdf
3402,3,CONSORCIO 4C,GP-5920,CONCESIÓN ALTO MAGDALENA S.A.S.,ALMA-R-20190268,01/02/2019,Ref. Contrato de Concesión 003 de 2014 - Concesión Honda–Girardot–Puerto Salgar - Funcionamiento Básculas San Lorenzo,15_01_Cartas_Enviadas/RADICADAS/2019/CI004_592019_070301_CORRECC_BASCULAS_SAN-LORENZO.pdf
3401,5,CONSORCIO 4C,GP-6105,"AGENCIA NACIONAL DE INFRAESTRUCTURA – ANI, Dr. Luis Eduardo Gutiérrez Díaz",2019-409-024977-2,07/03/2019,Fideicomiso Fidubogotá - Alto Magdalena 3-1 -63664,15_01_Cartas_Enviadas/RADICADAS/2019/CI004_610519_070202_ANI_ALCAN_FOR_GCSP-F-001_MAN_BIEN_UP_ENER2019.pdf
3403,7,CONSORCIO 4C,GP-6460,CONCESIÓN ALTO MAGDALENA S.A.S,ALMA-R-20191249,23/05/2019,Ref. Contrato de Concesión 003 de 2014 - Concesión Honda – Girardot – Puerto Salgar - Respuesta ALMA-2019-01446 / Presupuesto Plan de Reasentamiento,15_01_Cartas_Enviadas/RADICADAS/2019/CI004_646019_070108_070109_CON_REASENT_ALMA-2019-01446.PDF
3404,17,CONSORCIO 4C,GP-6480,"AGENCIA NACIONAL DE INFRAESTRUCTURA – ANI
Atn. Ing. Luis Eduardo Gutiérrez Díaz",2019-409-056318-2,31/05/2019,"Concepto Interventoría Notificación Presunto Evento Eximente de Responsabilidad (EER) Predio ALMA- 1-0001 Tema: Análisis del Presunto Evento Eximente de Responsabilidad en la Unidad Funcional 1 Relacionado con la Gestión Predial del ALMA-1- 0001 como Consecuencia de las Afectaciones que ha Tenido el Proyecto de Concesión Vial, objeto del Contrato 003 de 2.014.",15_01_Cartas_Enviadas/RADICADAS/2019/CI004_648019_050300_ANI_EER_CONO-APROX_PREDIA-UF1.pdf
3405,2,CONSORCIO 4C,GP-6407,CONCESIÓN ALTO MAGDALENA S.A.S.,ALMA-R-20191191,15/05/2019,Ref. Contrato de Concesión 003 de 2014 Concesión Honda – Girardot – Puerto Salgar. Atención Solicitud Personería Municipal Beltrán,15_01_Cartas_Enviadas/RADICADAS/2019/CI004_640719_070109_CON_ATENCION_COMP_GRAMALOTAL.pdf
3406,10,CONSORCIO 4C,GP-7365,CONCESIÓN ALTO MAGDALENA S.A.S,ALMA-R-20193008,24/12/2019,"Ref. Contrato de Concesión 003 de 2014 Concesión Honda – Girardot – Puerto Salgar. Observaciones Pago Seguridad Social Septiembre, Salarios Agosto/2019",15_01_Cartas_Enviadas/RADICADAS/2019/CI004_736519_070110_CON_SEGSOC-SEPT_SALAR-AGOS_2019.pdf
3407,43,CONSORCIO 4C,GP-5856,AGENCIA NACIONAL DE INFRAESTRUCTURA – ANI,2019-409-008957-2,25/01/2019,Ref. Contrato de Concesión 003 de 2014 Concesión Honda – Girardot – Puerto Salgar Acta de Retribución Octubre y Noviembre 2018 Unidades Funcionales 1 y 2,15_01_Cartas_Enviadas/RADICADAS/2019/CI004_585619_060200_ANI_REMIS_ACTAS_ RETRIB_OCT_NOV_ DIC 2018_UF1_2.pdf
3408,6,CONSORCIO 4C,GP-7073,CONCESIÓN ALTO MAGDALENA S.A.S.,ALMA-R-20192485,17/10/2019,Ref. Contrato de Concesión 003 de 2014-Concesión Honda – Girardot – Puerto Salgar-Alcance comunicado con radicado CAR 07191100617 de 21 de mayo de 2019 / Ocupación de Cauce Expediente 51503. Obra K59+705 UF3.,15_01_Cartas_Enviadas/RADICADAS/2019/CI004_707319_070107_070108_CON_OBS_PERM_OC_K59+705.pdf
3409,1,CONSORCIO 4C,GP-6577,"AGENCIA NACIONAL DE INFRAESTRUCTURA – ANI, Dr. Luis Eduardo Gutiérrez Díaz",2019-409-063430-2,20/06/2019,Ref. Contrato de Concesión 003 de 2014 - Concesión Honda — Girardot — Puerto Salgar - Remisión Formato GCSP-F-207 Rendimientos Subcuentas — Mayo 2019,15_01_Cartas_Enviadas/RADICADAS/2019/CI004_657719_070202_ANI_REMI_FOR_GCSP-F-207_RS_MAYO2019.pdf
3410,9,CONSORCIO 4C,GP-5770,AGENCIA NACIONAL DE INFRAESTRUCTURA,ALMA-R-20190027,03/01/2019,Contrato de Concesión bajo el esquema de APP No. 003 de 2014 – Concesión Honda – Puerto Salgar – Girardot. SANEAMIENTO DEL INCUMPLIMIENTO,15_01_Cartas_Enviadas/RADICADAS/2019/CI004_577019_050300_ANI_SANEA_INC-AMB_UF5.4.pdf
3411,3,CONSORCIO 4C,GP-6087,CONCESIÓN ALTO MAGDALENA S.A.S.,ALMA-R-2619584,06/03/2019,Ref. Contrato de Concesión 003 de 2014 - Concesión Honda – Girardot – Puerto Salgar - Andenes Centros Poblados - UF2,15_01_Cartas_Enviadas/RADICADAS/2019/CI004_608719_070107_CON_ANDENES_POBLADOS_UF2.pdf
3412,9,CONSORCIO 4C,GP-6449,"{'persona1': {'nombre': 'Dra. Xiomara Patricia Juris Jiménez', 'cargo': 'Coordinadora GIT Predial'}, 'persona2': {'nombre': 'Dr. Rafael Díaz Granados Amaris', 'cargo': 'Coordinador GIT de Asesoría Jurídica Predial'}, 'entidad': 'AGENCIA NACIONAL DE INFRAESTRUCTURA – ANI'}",2019-604-015384-1,22/05/2019,Ref. Contrato de Concesión 003 de 2014-Concesión Honda – Girardot – Puerto Salgar. Informe Gestión Predial Predios ALMA-5-0044 y ALMA-5-0049,15_01_Cartas_Enviadas/RADICADAS/2019/CI004_644919_070401_ANI_GESTIÓN_PREDIAL_MELISSA.pdf
3413,3,CONSORCIO 4C,GP-5924,CONCESIÓN ALTO MAGDALENA S.A.S.,CI.004/GP5924/19/7.4.1,04/02/2019,Ref. Contrato de Concesión 003 de 2014 - Concesión Honda – Girardot – Puerto Salgar - Observaciones Fichas Prediales UF 3,15_01_Cartas_Enviadas/RADICADAS/2019/CI004_592419_070401_CON_OBS_ALMA-2019-00083.pdf
3414,2,CONSORCIO 4C,GP-6877,CONCESIÓN ALTO MAGDALENA S.A.S.,ALMA-R-20192101,23/08/2019,"Ref. Contrato de Concesión 003 de 2014 - Concesión Honda – Girardot – Puerto Salgar - Resultado Medición Niveles de Servicio E1, E2, E4 y E5 – julio de 2019.",15_01_Cartas_Enviadas/RADICADAS/2019/CI004_687719_070303_CON_INDICA-E1-E2-E4-E5_ALTO-REND.pdf
3415,5,CONSORCIO 4C,GP-7223,CONCESIÓN ALTO MAGDALENA S.A.S.,ALMA-R-20192764,27/11/2019,Ref. Contrato de Concesión 003 de 2014-Concesión Honda – Girardot – Puerto Salgar-Reiteración - Inseguridad Vial Puentes Proyecto,15_01_Cartas_Enviadas/RADICADAS/2019/CI004_722319_070304_CON_RIESGO_PUENTES_ALTURA-EMPALMES.pdf
3416,4,CONSORCIO 4C,GP-6947,CONCESIÓN ALTO MAGDALENA S.A.S,ALMA-R-20192285,11/09/2019,Ref. Contrato de Concesión 003 de 2014 Concesión Honda – Girardot – Puerto Salgar. Objeción al Cronograma de Adquisición Predial EER Predial UF2 e Incumplimiento en Informes Semanales.,15_01_Cartas_Enviadas/RADICADAS/2019/CI004_694719_070401_CON_SEGUIM_CRONO_EER-PREDIAL-UF2.pdf
3417,3,CONSORCIO 4C,GP-5883,CONCESIÓN ALTO MAGDALENA S.A.S.,ALMA-R-20190163,25/01/2019,Contrato de Concesión bajo el esquema de APP 003 de 2014 - Contrato de Interventoría 145 de 2014. Concesión Honda - Puerto Salgar – Girardot. Daño Equipo Monitor Marca LG Peaje Guataquí,15_01_Cartas_Enviadas/RADICADAS/2019/CI004_588319_070301_CON_DAÑO_EQUIPO_PEA-GUATAQUÍ.pdf
3418,2,CONSORCIO 4C,GP-6625,CONCESIÓN ALTO MAGDALENA S.A.S.,ALMA-R-20191584,27/06/2019,Ref. Contrato de Concesión 003 de 2014 Concesión Honda – Girardot – Puerto Salgar Rta. ALMA-2019-01290. PMT Prueba de Carga del Puente 1 – Vicon.,15_01_Cartas_Enviadas/RADICADAS/2019/CI004_662519_070111_CON_PMT_PRUE-CARGA_VICON.PDF
3421,3,CONSORCIO 4C,GP-6962,CONCESIÓN ALTO MAGDALENA S.A.S.,ALMA-R-20192244,18/09/2019,Ref. Contrato de Concesión 003 de 2014 - Concesión Honda – Girardot – Puerto Salgar - Observaciones Fichas Prediales UF5,15_01_Cartas_Enviadas/RADICADAS/2019/CI004_696219_070401_CON_FICH_ALMA-2019-02655.pdf
3420,4,CONSORCIO 4C,GP-6171,CONCESIÓN ALTO MAGDALENA S.A.S,ALMA-R-20190712,19/03/2019,Ref. Contrato de Concesión 003 de 2014 - Concesión Honda – Girardot – Puerto Salgar - Observaciones Revisión de Avalúo UF5,15_01_Cartas_Enviadas/RADICADAS/2019/CI004_617119_070406_CON_AVALUO_ALMA-2019-00667.pdf
3419,4,CONSORCIO 4C,GP-5827,CONCESIÓN ALTO MAGDALENA S.A.S.,ALMA-R-20190184,15/01/2019,Ref. Contrato de Concesión 003 de 2014 - Concesión Honda – Girardot – Puerto Salgar - Incumplimiento Condiciones Seguridad UF3 Semana 206,15_01_Cartas_Enviadas/RADICADAS/2019/CI004_582719_070110_CON_SEGSISO_UF3_SEM206 (2).pdf
3422,2,CONSORCIO 4C,GP-6979,CONCESIÓN ALTO MAGDALENA S.A.S.,ALMA-R-20192274,19/09/2019,Ref. Contrato de Concesión 003 de 2014 - Concesión Honda – Girardot – Puerto Salgar. Revisión Fichas Sociales,15_01_Cartas_Enviadas/RADICADAS/2019/CI004_697919_070402_CON_FICH_SOCI_ALMA-02830-02831-02883.pdf
3426,2,CONSORCIO 4C,GP-6659,AGENCIA NACIONAL DE INFRAESTRUCTURA - ANI,20194090704912,10/07/2019,Ref. Contrato de Concesión 003 de 2014 Concesión Honda – Girardot – Puerto Salgar. Registro Fílmico Informe Mensual Técnico 56,15_01_Cartas_Enviadas/RADICADAS/2019/CI004_665919_090200_VIDEO_IMI_JUN_2019.pdf
3423,4,CONSORCIO 4C,GP-5928,CONCESIÓN ALTO MAGDALENA S.A.S,ALMA-R-20190256,06/02/2019,Ref. Contrato de Concesión 003 de 2014 - Concesión Honda – Girardot – Puerto Salgar - Observaciones Revisión de Avalúo UF3,15_01_Cartas_Enviadas/RADICADAS/2019/CI004_592819_070406_CON_OBS_ALMA-2019-00256.pdf
3425,3,CONSORCIO 4C,GP-7044,CONCESIÓN ALTO MAGDALENA S.A.S,ALMA-R-20192418,08/10/2019,Ref. Contrato de Concesión 003 de 2014 Concesión Honda – Girardot – Puerto Salgar. Solicitud Entrega Cronograma Adquisición Predial EER Predial UF1,15_01_Cartas_Enviadas/RADICADAS/2019/CI004_704419_070401_CON_CRONO_EER_PREDIAL-UF1.pdf
3424,7,CONSORCIO 4C,GP-7097,AGENCIA NACIONAL DE INFRAESTRUCTURA - ANI,ANI 2019-409-106348-2,24/10/2019,Ref. Contrato de Interventoría 145 de 2014 - Concesión Honda – Girardot – Puerto Salgar - Derecho Petición Transportes VIGIA S.A.S. Poda Árboles Ruta Nacional 4510 Honda – La Dorada,15_01_Cartas_Enviadas/RADICADAS/2019/CI004_709719_070109_ANI_DERE_PETIC_RAMAS-UF5.pdf
3429,4,CONSORCIO 4C,GP-5960,CONCESIÓN ALTO MAGDALENA S.A.S. - Atn. Dra. Claudia Cecilia Castillo Pico,ALMA-R-28198369,13/02/2019,Ref. Contrato de Concesión 003 de 2014 - Concesión Honda – Girardot – Puerto Salgar - Seguimiento Constructivo Peaje UF 5.4,15_01_Cartas_Enviadas/RADICADAS/2019/CI004_596019_070103_CON_DEFICIEN_PEAJE_BRISAS.pdf
3428,2,CONSORCIO 4C,GP-6420,AGENCIA NACIONAL DE INFRAESTRUCTURA - ANI,2019-409-050536-2,16/05/2019,Ref. Contrato de Concesión 003 de 2014 Concesión Honda – Girardot – Puerto Salgar Observaciones Resolución de Expropiación No. ALMA-3-0020-3,15_01_Cartas_Enviadas/RADICADAS/2019/CI004_642019_070404_ANI_OB_RESOL_EXPROP_ALMA-3-002.pdf
3427,6,CONSORCIO 4C,GP-6489,CONCESIÓN ALTO MAGDALENA S.A.S,ALMA-R-20191358,04/06/2019,Ref. Contrato de Concesión 003 de 2014 Concesión Honda – Girardot – Puerto Salgar Otorgamiento Período Cura por Incumplimiento de las Condiciones de Seguridad y Salud en el Trabajo en los Frentes de Obra UF 4 y 5.,15_01_Cartas_Enviadas/RADICADAS/2019/CI004_648919_050300_CON_PERIODO_CURA_COND-SEGUR.pdf
3430,4,CONSORCIO 4C,GP-6188,CONCESIÓN ALTO MAGDALENA S.A.S - Atn. Ing. Claudia Cecilia Castillo Pico,Este recibido no implica aceptación,22/03/2019,Ref. Contrato de Concesión 003 de 2014-Concesión Honda – Girardot – Puerto Salgar-Seguimiento Calidad Procesos Constructivos Peaje Brisas UF5.4,15_01_Cartas_Enviadas/RADICADAS/2019/CI004_618819_070103_CON_PROC_CONS-_PEAJE-UF5.pdf
3432,2,CONSORCIO 4C,GP-5782,CONCESIÓN ALTO MAGDALENA S.A.S.,Este recibo no implica aceptación,04/01/2019,Ref. Contrato de Concesión 003 de 2014 - Concesión Honda – Girardot – Puerto Salgar - Entrega Información SINC,15_01_Cartas_Enviadas/RADICADAS/2019/CI004_578219_070107_CON_ENTREGA_INFO_SINC.pdf
3431,2,CONSORCIO 4C,GP-6630,CONCESION ALTO MAGDALENA S.A.S,ALMA-R-2019-02051,28/06/2019,Ref. Contrato de Concesión 003 de 2014--Concesión Honda – Girardot – Puerto Salgar.--Devolución Actas Compensación Especial UF3 Marzo- Abril 2019.,15_01_Cartas_Enviadas/RADICADAS/2019/CI004_663019_070211_CON_DEVOL_ACTA-COMP-ESP_MAR-ABR-19.pdf
3434,4,CONSORCIO 4C,GP-5906,CONCESIÓN ALTO MAGDALENA S.A.S.,COORDINADOR AMBIENTAL,31/01/2019,Ref. Contrato de Concesión 003 de 2014 - Concesión Honda – Girardot – Puerto Salgar - Compromisos Reunión Vereda Gramalotal,15_01_Cartas_Enviadas/RADICADAS/2019/CI004_590619_070109_CON_COMPRO_GRAMALOTAL_BELTRAN.pdf
3433,1,CONSORCIO 4C,GP-6122,"AGENCIA NACIONAL DE INFRAESTRUCTURA - ANI, Dr. Luis Eduardo Gutiérrez Díaz",2019-409-025766-2,12/03/2019,Ref. Contrato de Concesión 003 de 2014- Concesión Honda - Girardot - Puerto Salgar - Acta de Compensación Especial de la Unidad Funcional 3,15_01_Cartas_Enviadas/RADICADAS/2019/CI004_612219_070211_ANI_ACTA_COMP_ESP_UF3.pdf
3436,3,CONSORCIO 4C,GP-7169,AGENCIA NACIONAL DE INFRAESTRUCTURA - ANI,20194091194172,13/11/2019,Ref. Contrato de Concesión 003 de 2014-Concesión Honda – Girardot – Puerto Salgar-Soportes Modificación Pólizas,15_01_Cartas_Enviadas/RADICADAS/2019/CI004_716919_050300_ANI_SOPORTES_ACTUALI_POLIZAS.pdf
3435,3,CONSORCIO 4C,GP-6165,CONCESIÓN ALTO MAGDALENA S.A.S.,ALMA-2019-00772,18/03/2019,Ref. Contrato de Concesión 003 de 2014 - Concesión Honda – Girardot – Puerto Salgar - Observaciones Fichas Prediales UF5,15_01_Cartas_Enviadas/RADICADAS/2019/CI004_616519_070401_CON_OBS_ALMA-2019-00772.pdf
3437,2,CONSORCIO 4C,GP-6019,CONCESIÓN ALTO MAGDALENA S.A.S.,ALMA-R-20190431,20/02/2019,Ref. Contrato de Concesión 003 de 2014 - Concesión Honda – Girardot – Puerto Salgar - Inconsistencia Concreto Barreras Tráfico Puentes 1 a 5 – Uf 5.4,15_01_Cartas_Enviadas/RADICADAS/2019/CI004_601919_070103_CON_INCONSIS_CONCRETO-BARRERAS_UF5.4.pdf
3438,3,CONSORCIO 4C,GP-6601,CONCESIÓN ALTO MAGDALENA S.A.S.,ALMA-R-20191559,26/06/2019,Ref. Contrato de Concesión 003 de 2014 - Concesión Honda – Girardot – Puerto Salgar - Ajuste Diseño Geométrico en Planta y Perfil de la Unidad Funcional 5.1,15_01_Cartas_Enviadas/RADICADAS/2019/CI004_660119_070107_CON_CAMBIO_DISE-GEOME_UF5.1.PDF
3439,4,CONSORCIO 4C,GP-6369,CONCESIÓN ALTO MAGDALENA S.A.S - Ing. Claudia Cecilia Castillo Pico,ALMA-R-201911132,07/05/2019,Ref. Contrato de Concesión 003 de 2014-Concesión Honda – Girardot – Puerto Salgar-Seguimiento Calidad Proceso Constructivo-Pavimento Área de Servicio UF 5.2,15_01_Cartas_Enviadas/RADICADAS/2019/CI004_636919_070103_CON_ALMA-2019-1241_SEG-PAV-ASERVICIO_UF5.PDF
3440,5,CONSORCIO 4C,GP-7316,AGENCIA NACIONAL DE INFRAESTRUCTURA - ANI,ALMA-R-20192928,13/12/2019,Ref. Contrato de Concesión 003 de 2014-Concesión Honda – Girardot – Puerto Salgar-Proyección Estimada DR8,15_01_Cartas_Enviadas/RADICADAS/2019/CI004_731619_070208_ANI_PROYECCION_DR8_V2.pdf
3441,2,CONSORCIO 4C,GP-6461,AGENCIA NACIONAL DE INFRAESTRUCTURA - ANI,ANI 20183050278451,23/05/2019,Ref. Contrato de Concesión 003 de 2014-Concesión Honda – Girardot – Puerto Salgar. Remisión de Informe Especial No. 36-Pendientes UF3 y UF5.,15_01_Cartas_Enviadas/RADICADAS/2019/CI004_646119_091000_ANI_INF_ESP_36.pdf
3442,7,CONSORCIO 4C,GP-7121,CONCESIÓN ALTO MAGDALENA S.A.S.,ALMA-R-20192566,30/10/2019,Ref. Contrato de Concesión 003 de 2014 Concesión Honda – Girardot – Puerto Salgar Medida Preventiva Resolución DRBM 0287 de 2019 / Glorieta el Korán UF5,15_01_Cartas_Enviadas/RADICADAS/2019/CI004_712119_070108_CON_RES-287-2019_MEDIDA_PREVEN-CAR.pdf
3443,5,CONSORCIO 4C,GP-0406,AGENCIA NACIONAL DE INFRAESTRUCTURA - Dr. Manuel Isidro Raigozo Rubio,2019-409-102035-2,23/09/2019,Ref. Contrato 145 de 2014 - Interventoría Honda-Girardot-Puerto Salgar - Alcance CI.004/GP0388/19/2.2 Reemplazo Personal Interventoría,15_01_Cartas_Enviadas/RADICADAS/2019/CI004_040619_020200_ANI_REEM_AUX_ING.pdf
3444,9,CONSORCIO 4C,GP-5934,AGENCIA NACIONAL DE INFRAESTRUCTURA,20194090139512,12/02/2019,CI004_593419_050300_ANI_SOLIC_NO-OBJ_PLAZODECURAUF4Y5,15_01_Cartas_Enviadas/RADICADAS/2019/CI004_593419_050300_ANI_SOLIC_NO-OBJ_PLAZODECURAUF4Y5.pdf
3446,3,CONSORCIO 4C,GP-5993,CONCESIÓN ALTO MAGDALENA S.A.S.,ALMA-R-28190399,18/02/2019,"Ref. Contrato de Concesión 003 de 2014 Concesión Honda – Girardot – Puerto Salgar Observaciones Fichas Prediales UF2, UF3 y UF4",15_01_Cartas_Enviadas/RADICADAS/2019/CI004_599319_070401_CON_OBS_ALMA-2019-00335-00151-00152-00455.pdf
3445,4,CONSORCIO 4C,GP-5925,CONCESIÓN ALTO MAGDALENA S.A.S.,ALMA-R-28190296,06/02/2019,Ref. Contrato de Concesión 003 de 2014 - Concesión Honda – Girardot – Puerto Salgar. Observaciones Fichas Prediales UF 5,15_01_Cartas_Enviadas/RADICADAS/2019/CI004_592519_070401_CON_OBS_ALMA-2019-00163.pdf
3447,74,CONSORCIO 4C,GP-0136,AGENCIA NACIONAL DE INFRAESTRUCTURA - Dr. Luis Eduardo Gutiérrez Díaz,2019-409-037667-2,08/04/2019,Ref. Contrato de Interventoría 145 de 2014 Interventoría Concesión Vial Girardot – Honda – Puerto Salgar Envío Pago de Interventoría 53,15_01_Cartas_Enviadas/RADICADAS/2019/CI004_013619_020100ANI_PAGO MENSUAL 53_20190301-20190331_FV 57.pdf
3448,3,CONSORCIO 4C,GP-5917,CONCESIÓN ALTO MAGDALENA S.A.S.,ALMA-R-20190265,01/02/2019,Ref. Contrato de Concesión 003 de 2014 - Concesión Honda – Girardot – Puerto Salgar. Entrega Información SINC - Reiteración,15_01_Cartas_Enviadas/RADICADAS/2019/CI004_591719_070107_CON_ENTREGA_INFO_SINC.pdf
3449,4,CONSORCIO 4C,GP-7340,CONCESIÓN ALTO MAGDALENA S.A.S,"['ANI 20194090828872', 'ALMA-R-20191922', 'ALMA-2019-03773', 'ALMA-2019-03785']",18/12/2019,Ref. Contrato de Concesión 003 de 2014-Concesión Honda – Girardot – Puerto Salgar-Observaciones Revisión de Avalúo UF2 y UF5,15_01_Cartas_Enviadas/RADICADAS/2019/CI004_734019_070406_CON_AVALU_ALMA-2019-03773-03785.pdf
3450,3,CONSORCIO 4C,GP-6629,CONCESIÓN ALTO MAGDALENA S.A.S.,ALMA-R-20191559,28/06/2019,Ref. Contrato de Concesión 003 de 2014-Concesión Honda – Girardot – Puerto Salgar-Rta. ALMA-2019-02132. PMT rehabilitación entre Glorieta Melisa y Glorieta Norcasia -Margen derecho.,15_01_Cartas_Enviadas/RADICADAS/2019/CI004_662919_070111_CON_PMT_REHABIL- MELISS-NORCA.pdf
3451,14,CONSORCIO 4C,GP-6944,AGENCIA NACIONAL DE INFRAESTRUCTURA - ANI,2019-409-097679-2,16/09/2019,"Respuesta a la solicitud efectuada por I III PILMA—R-20192254 Ede recibido no implica aceptaclon Referencia: Contrato de Concesión bajo el esquema de APP 003 de 2014— Concesión Honda - Puerto Salgar — Girardot. Contrato de Interventoría 145 de 2014. Asunto: Respuesta a la solicitud efectuada por la AM en el transcurso de los Comités de Regularización Tema: Declaratoria de Evento Eximente de Responsabilidad en el Subsector 5.1 en relación con los ajustes anunciados por el 1NVÍAS en la construcción del Puente a su cargo. Apreciados Señores: En cumplimiento de nuestros compromisos de vigilancia y control adquiridos en virtud del Contrato de Interventoría 145 de 2014 en relación con el Contrato de Concesión bajo el esquema APP 003 de 2014, de la manera más respetuosa nos permitimos dar respuesta al requerimiento efectuado por la ANI en el transcurso de los Comités de Regularización, consistente en analizar la solicitud del Concesionario relacionada con declarar un Evento Eximente de Responsabilidad en el Subsector 5.1 como consecuencia y/o con ocasión de los ajustes anunciados por el 1NVÍAS en la construcción del Puente a su cargo. Con el propósito de darle una estructura lógica y ordenada al presente documento, se tendrá en cuenta el siguiente derrotero temático: TEMARIO CAPÍTULO 1. ANTECEDENTES 2 1.1 GENERALES 2 1.2 EN RELACIÓN CON LA CONSTRUCCIÓN DE LA GLORIETA ORIENTAL 6 CAPÍTULO 2. OBSERVACIÓN INICIAL 6 CAPÍTULO 3. SOBRE EL EVENTO EXIMENTE DE RESPONSABILIDAD 7 CAPÍTULO 4. ANÁLISIS TÉCNICO 11 CAPÍTULO 5. POSICIÓN DE LA INTERVENTORÍA 11 Calle 30 N° 8 — 19 — Teléfono 8884979— Girardot Cundinamarea Correo Electrónico: info@interventoriaconsorcio4c.com www.interventoriaconsorcio4c.com Atn.: lng. Luis Eduardo Gutiérrez Díaz Vicepresidente de Gestión Contractual - AGENCIA NACIONAL DE INFRAESTRUCTURA Comunicación CI.004/GP6944/19/5.3 Página 2 de 14 CAPÍTULO 6. CONCLUSIONES 13 TEMARIO CAPÍTULO 1. ANTECEDENTES 1.1 GENERALES 1. El día 9 de septiembre de 2014, la Agencia Nacional de Infraestructura — ANI y el Concesionario ALTO MAGDALENA S.A.S. celebraron el Contrato de Concesión bajo el esquema de APP 003 de 2014. 2. Posteriormente, el 04 de noviembre de 2014 las Partes suscribieron el Acta de Inicio con la cual se dio inicio a la Fase de Preconstrucción. 3. El día 3 de noviembre de 2015, las Partes suscribieron el Acta de Inicio de la Fase de Construcción con la cual se dio inicio a susodicha Fase. 4. El día 3 de noviembre de 2017, las Partes suscribieron el Otrosí 8 al Contrato de Concesión por el cual acordaron aclarar la información contenida en la Tabla 28 del Numeral 2.5 del Apéndice Técnico 1, precisando los subsectores que conformaban la Unidad Funcional 5. De esta manera, la aludida UF 5 ostenta las siguientes características: Tabla 28 — UF5 Generalidades y Subsectores de la Unidad Funcional 5 Subsector Origen (nombre — PR) Destino (nombre — PR) Longitud Aproximada Origen Destino (Km) Intervención prevista Obras principales que debe ejecutar Observación 1 Puerto Bogotá (acceso carrera 1) E.927784.414 N. 1067224.820 Puerto Bogotá (hasta la conexión con el nuevo puente de Honda margen derecha rio Magdalena) E: 928233,793 N: 1070359,966 3,1 Mejoramiento puente de Desde la glorieta de Puerto Bogotá hasta la conexión hasta el nuevo Honda. 2 Honda E: 926758,185 N: 1068334,035 La Dorada E: 934913,143 N: 1096611,5193 33,4 Rehabilitación puentes Rehabilitación de la vía existente Reconstrucción de cuatro 3 NUEVO PUENTE E: 928233,793 N: 10703559,966 E: 927794.958 N: 1071300.757 0,7 Mantenimiento construcción los Accesos e encuentra del Puente y Incluye Accesos. La s a cargo del Invías. 4 Vía Honda — La Dorada (Ruta 4510) Vía Honda — Vía Puerto Salgar —El Korán (Ruta 4510) 16,6 Construcción Construcción de vía nueva en calzada sencilla. Calle 30 N.° 8— 19— Teléfono 8884979— Girardot, Cundinarnarca Correo Electrónico: info@interventoriaconsorcio4c.com www.interventoriaconsorcio4c.com Atn.: Ing. Luis Eduardo Gutiérrez Díaz Vicepresidente de Gestión Contractual - AGENCIA NACIONAL DE INFRAESTRUCTURA Comunicación C1.004/GP6944/19/5.3 Página 3 de 14 Subsector Origen (nombre — PR) Destino (nombre— PR) Longitud Aproximada Origen Destino (Km) Intervención prevista Obras principales que debe ejecutar Observación La Dorada (Ruta 4510) Ley 105/93. Dimensiones Construcción de Nuevo Puente de Puerto Salgar (...)"" (Negrillas y subrayas fuera del texto) Igualmente, en dicho Otrosí se establecieron las intersecciones que como mínimo debía desarrollar el Concesionario en la UF5, así: ""Tabla 32- UF5: Intersecciones que como mínimo debe esarrollar el Concesionario Intersección Cruce Vial Ruta Coordenadas Glorieta Puerto Bogotá Conexión de la Villeta — Honda — Manizales con la vía Puerto Bogotá — Puerto Salgar (margen derecha) 50 (vía Villeta — Honda— Manizales) Glorieta Nuevo puente de Honda Conexión de la vía Puerto Bogotá-Puerto Salgar con el acceso al nuevo puente de Honda N.A. Intersección con el nuevo puente de Honda costado Occidental Ruta 45 Honda — La dorada con el acceso al nuevo puente de Honda 45 927794.9585; 1071300.7575) Glorieta Acceso nuevo puente de Puerto Salgar (Costado Occidental) Ruta 45 Honda — La Dorada 45 Intersección Puerto Salgar Vía Puerto Salgar— Dindal — Guaduero N.A. Interconexión a desnivel El Korán Vía Puerto Salgar — El Korán 45 Intersección la Melisa Calle 11 (La Dorada) 45 X=934060.380 Y=1094079.594 Intersección Puente Actual Puerto Salgar (Costado Occidental) Vía a Norcasia 45 X=934834.940 Y=1096576.237 (—)"" 5. Una vez vencido el plazo máximo para el inicio de la operación para la Unidad Funcional 5 de que trata la Sección 5.2 de la Parte Especial del Contrato de Concesión, el Concesionario no puso a disposición de la Interventoría la totalidad de las Intervenciones de la UF5. 6. En consecuencia, esta lnterventoría, por medio del documento CI004/GP5420/18/5.3 y radicado ANI 20184091092212 del 19 de octubre de 2018, solicitó a la ANI la emisión del concepto de ""No objeción"" al Plazo de Cura que le sería otorgado al Concesionario para que saneara el incumplimiento de la obligación relacionada con la terminación de la Unidad Funcional 5 — sin incluir las intervenciones afectadas con los Eventos Eximente de Responsabilidad previamente reconocidos por la Partes, tal y como se explica en el siguiente subcapítulo— el cual fue tasado en el veinte por ciento (20%) del plazo previsto Calle 30 N.' 8 — 19— Teléfono 8884979— Girardot, Cundinamarca Correo Electrónico: infoZbinterventoriaconsorcio4c.com www.interventoriaconsorcio4c.com Atn.: Ing. Luis Eduardo Gutiérrez Díaz Vicepresidente de Gestión Contractual - AGENCIA NACIONAL DE INFRAESTRUCTURA Comunicación CI.004/GP6944/19/5.3 Página 4 de 14 en el Contrato para la terminación de dicha Unidad Funcional, según los términos de la Sección 6.1(c) de la Parte Especial del Contrato de Concesión. 7. En respuesta a la anotada solicitud, la ANI, por medio del comunicado 2018-305-039451- 1 del 29 de noviembre de 2018, emitió el concepto de No Objeción al Plazo de Cura. 8. Por lo tanto, esta interventoría, a través del oficio con radicado CI.004/GP5657/18/5.3 con radicado ANI 20184091284172 del 06 de diciembre de 2018, le otorgó un Plazo de Cura al Concesionario para que este concluyera las Intervenciones de la Unidad Funcional 5. La fecha en la cual concluyó el Plazo de Cura fue el 23 de mayo de 2019, correspondiente a 216 días calendario contados a partir de la fecha en la cual se incurrió el incumplimiento por parte del Concesionario (19 de octubre de 2018). 9. El Concesionario, mediante el oficio ALMA-2019-01777 del 20 de mayo de 2019, le solicitó a la ANI extender los Eventos Eximentes de Responsabilidad presentados en el Subsector 1 de la Unidad Funcional 5 y, en ese sentido, declarar el Evento Eximente de Responsabilidad en la TOTALIDAD del subsector 5.1, pues, a su juicio, en los casos en los que los eventos Eximentes de Responsabilidad se encuentran vigentes, se genera una interrupción de las actividades constructivas y de la funcionalidad del servicio. 10. Tras dicho análisis la Interventoría, mediante el oficio CI.004/GP6508/19/5.3 del 4 de junio de 2019 con radicado ANI 20194090582012, requirió formalmente al Concesionario precisar: ""¿Cuál es el evento, circunstancia y/o hechos que impiden el cumplimiento de la totalidad de las obligaciones en el Subsector 5.1 en las zonas geográficas diferentes en las que fueron reconocidos los Eventos Eximentes de Responsabilidad para dicho subsector? ¿De qué manera los eventos, circunstancias y/o hechos presentados en el subsector 5.1 en las zonas geográficas diferentes de las que fueron reconocidos los Eventos Eximentes de Responsabilidad se encuentran por fuera del control razonable del Concesionario? ¿De qué manera los eventos, circunstancias y/o hechos presentados en el subsector 5.1 en zonas geográficas diferentes de las que fueron reconocidos los Eventos Eximentes de Responsabilidad afectan en forma sustancial y adversa el cumplimento de las obligaciones derivadas del Contrato de Concesión? ¿Cuáles fueron los actos razonablemente posibles desplegados por el Concesionario tendientes a evitar la ocurrencia de los eventos, circunstancias y/o hechos presentados en el subsector 5.1 en las zonas geográficas diferentes de las que fueron reconocidos los Eventos Eximentes de Responsabilidad y sobre los culés ahora solicita le sean extendidos sus efectos?"" Calle 30 N.° 8 — 19— Teléfono 8884979— Girardot. Cundinamarca Correo Electrónico: inforib,interventoriaconsorcio4c.com www.interventoriaconsorcio4c.com Atn.: Ing. Luis Eduardo Gutiérrez Díaz Vicepresidente de Gestión Contractual - AGENCIA NACIONAL DE INFRAESTRUCTURA Comunicación CI.004/GP6944/19/5.3 Página 5 de 14 11. En respuesta al precitado requerimiento, el Concesionario, mediante el oficio ALMA-2019- 02023 allegado a la Interventoría el día 13 de junio de 2019, sostuvo que los EER reconocidos afectaban el 32% de la inversión total en el Subsector 5.1, y que el suministro, instalación e integración del sistema se realizan en bloque sin que puedan adelantarse de manera parcial. Adicionalmente, indicó que ante la no finalización de puente INVÍAS se presenta (i) un flujo importante de vehículos transitando en el Subsector; (ii) al no contarse con la continuidad, se podrían genera daños en las vías construidas de manera parcial. Igualmente, manifestó que no solo se dificultaba las actividades de mejoramiento, sino también la construcción de la Glorieta Oriental al estar adyacente al puente INVÍAS. 12. Que, con el ánimo de analizar detalladamente la solicitud presentada por el Concesionario, se realizaron diferentes mesas de trabajo en conjunto en las siguientes fechas: 15 de julio de 2019, 30 de julio de 2019, 2 de agosto de 2019, 14 de agosto de 2019, 22 de agosto de 2019, 28 de agosto de 2019 y 30 de agosto de 2019. 13. En consecuencia de lo anterior, el Concesionario, mediante el oficio ALMA-2019-02835 fechado el 2 de septiembre de 2019, al dar un alcance definitivo a la comunicación relacionada en el numeral anterior, precisó los hechos que, a su juicio, sustentan la necesidad de reconocer un Evento Eximente de Responsabilidad, así como precisó las intervenciones a su cargo en el Subsector 1 de la UF 5 sobre las cuales sería reconocido dicho Evento Eximente de Responsabilidad. De esta manera, el Concesionario sostuvo que la situación relacionada con la construcción del Puente sobre el río Magdalena (UF5 — Subsector 3) a cargo del INVÍAS genera una grave afectación en la construcción de la Glorieta Oriental, pues en la reunión sostenida con representantes del INVÍAS, del Concesionario y de la Interventoría el 20 de agosto de 2.019, se informó que se modificaría el diseño geométrico de los acceso del puente que empalma con el proyecto concesionado, lo que genera una incertidumbre respecto de las condiciones del diseño del mentado puente. Igualmente, el Concesionario manifestó que la falta de certeza del diseño geométrico final que tendrán los accesos el puente impacta las previsiones constructivas a cargo del Concesionario así: • Desde la abscisa K132+850 a la K133+258.36 (empalme con el proyecto INVÍAS). • Construcción de los ejes 1, 2 y 3 de la glorieta desde el K133+045 al K133+258.36 • Construcción de cunetas y obras de arte K132+850 a la K133+258.36, incluyendo ejes 1, 2 y 3 de la glorieta mencionada. • Señalización horizontal y vertical desde el K132+850 al eje 3 de la K133+258.36 • Instalación de alumbrado glorieta nuevo puente Honda costado oriental. La anterior situación, según el Concesionario, no solo tendría una incidencia en la construcción, sino también en la necesidad de nuevas adquisiciones prediales y en permisos ambientales si las nuevas áreas los requieren. Calle 30 N.° 8— 19 — Teléfono 8884979— GirardoL Cundinamarca Correo Electrónico: info@interventoriaconsorcio4c.com www.interventoriaconsorcio4c.com Atn.: Ing. Luis Eduardo Gutiérrez Díaz Vicepresidente de Gestión Contractual - AGENCIA NACIONAL DE INFRAESTRUCTURA Comunicación CI.004/GP6944/19/5.3 Página 6 de 14 1.2 EN RELACIÓN CON LA CONSTRUCCIÓN DE LA GLORIETA ORIENTAL Considerando todo lo antes relacionado, esta Interventoría presenta el siguiente concepto considerando únicamente el alcance definitivo presentado por el Concesionario mediante el comunicado ALMA-2019-02835 fechado el 2 de septiembre de 2019. Al respecto, es válido resaltar que el pasado 20 de agosto de 2.019, se realizó un recorrido técnico interinstitucional a las obras que tiene a cargo el INVÍAS enmarcadas en el subsector 3 de la Unidad Funcional 5, de esa oportunidad la Interventoría presentó un Informe a la ANI con la comunicación CI.004/GP6900/5.3 del 29 de agosto de 2019 con radicado ANI 20194090897322, reunión de la cual se resalta lo siguiente: 1. Modificación de los diseños por solicitud del INVÍAS: En el ejercicio de la coordinación Interinstitucional, la ANI remitió al INVÍAS el diseño definitivo de las obras hidráulicas para el manejo de las escorrentías en inmediaciones de la Glorieta Oriental del nuevo puente de Honda por medio de la comunicación 20193050185404 del 12 de junio de 2.019, fecha en la cual el INVÍAS quedó informado sobre las obras a cargo de la Concesión Alto Magdalena. Al respecto se recuerda que en la reunión celebrada el 9 de abril de 2.019, el INVÍAS solicitó la modificación del drenaje de la Glorieta Oriental, lo cual fue realizado por el Concesionario quien lo envió preliminarmente al Proyecto del Nuevo puente de Honda. 2. Soluciones al terraplén que se emplaza sobre la vía departamental: Esta Interventoría considera válidas las apreciaciones planteadas el Concesionario para evitar la obstrucción de la vía departamental y para mantener el sistema actual de drenaje superficial. Se debe considerar que, desde el conocimiento y la experticia, pueden proponerse y analizarse alternativas ajustadas a la necesidad coyuntural, que se ha gestado de manera natural por la confluencia de dos proyectos complejos en todos sus aspectos. La solución planteada por el Concesionario, está orientada a solucionar, entre otros temas, los siguientes: i) la intervención de una vía departamental en uso y que no puede ser interrumpida, ii) coordinar el buen término de dos contratos con un alcance físico claramente limitado, iii) mitigar los efectos de variables fuera del control razonable por parte de los ejecutores, como el límite presupuestal (Consorcio VCT) y el alcance del contrato (Concesionario), y iv) coadyuvar en el cumplimiento de la programación para la entrega de obras en ambos proyectos INVÍAS - ANI. 3. Solución propuesta por el INVÍAS: En el acta de la mencionada reunión, el INVÍAS junto con su interventoría del Nuevo Puente de Honda, adquirieron el compromiso de remitir una propuesta para modificar el punto de empalme con la Glorieta Orienta, con el fin de poder alejar el punto de empalme de la carretera departamental y evitar así su obstrucción por el chaflán de lleno que genera en este momento el diseño que tiene el INVÍAS en el acceso oriental. A la fecha de elaboración del presente informe, esta Interventoría no ha recibido aún noticia alguna por parte del INVÍAS frente a este compromiso. CAPÍTULO 2. OBSERVACIÓN INICIAL Sea lo primero precisar que según lo prevé la Sección 14.2 de la Parte General del Contrato de Concesión, le corresponde únicamente a las Partes —esto es, la ANI y el Concesionario— reconocer la ocurrencia de un Evento Eximente de Responsabilidad o, a falta de acuerdo, por el Amigable Componedor, de suerte que el CONSORCIO 4C en su condición de Interventor del Contrato de Concesión 003 de 2014 no se encuentra facultado para aprobar y/o reconocer de dicho evento. Calle 30 N.' 8— 19— Teléfono 8884979— Girardot. Cundinamarca Correo Electrónico: info@interventoriaconsorcio4c.com www.interventoriaconsorcio4c.com Atn.: Ing. Luis Eduardo Gutiérrez Díaz Vicepresidente de Gestión Contractual - AGENCIA NACIONAL DE INFRAESTRUCTURA Comunicación CI.004/GP6944/19/5.3 Página 7 de 14 Al respecto, la aludida Sección 14.2 dispone: ""14.2 Evento Eximente de Responsabilidad (a) Las Partes quedarán exentas de toda responsabilidad por cualquier demora en la ejecución de las obligaciones emanadas del Contrato, cuando con la debida comprobación se concluya por acuerdo de las Partes o, a falta de ello, por el Amigable Componedor, que la demora es el resultado de hechos que puedan ser definidos como Evento Eximente de Responsabilidad, en los términos de la presente Sección 14.2. La demora en el cumplimiento de cualquier subcontratista no se considerará por si sola Evento Eximente de Responsabilidad, a menos que la existencia de dicha circunstancia sea el resultado a su vez de un Evento Eximente de Responsabilidad."" (Negrillas y subrayas fuera del texto) En todo caso, ante el requerimiento de la ANI y en cumplimiento de la obligación contenida en la Sección 2.7(k)1 y (m)2 del Contrato de Interventoría 145 de 2014, el CONSORCIO 4C procede a emitir un concepto en el que se analice la solicitud del Concesionario. Se recuerda entonces que el presente documento tan sólo constituye una opinión de la Interventoría para los análisis y razonamientos de la ANI, quien en últimas decide reconocer o no la ocurrencia del Evento Eximente de Responsabilidad. CAPÍTULO 3. SOBRE EL EVENTO EXIMENTE DE RESPONSABILIDAD La Sección 14.2 de la Parte General del Contrato de Concesión define el Evento Eximente de Responsabilidad en los siguientes términos: ""14.2. Evento Eximente de Responsabilidad (a) Las Partes quedarán exentas de toda responsabilidad por cualquier demora en la ejecución de las obligaciones emanadas del Contrato, cuando con la debida comprobación se concluya por acuerdo de las Partes o, a falta de ello, por el Amigable Componedor, que la demora es el resultado de hechos que puedan ser definidos como Evento Eximente de Responsabilidad, en los términos de la presente Sección 14.2. La demora en el cumplimiento de cualquier Contratista o subcontratista del Concesionario no se considerará por si sola Evento Eximente de Responsabilidad. (b) Se entenderá por Evento Eximente de Responsabilidad cualquier evento, circunstancia o combinación de eventos o circunstancias fuera del control razonable de la Parte que lo invoca, que afecte en forma sustancial y adversa el cumplimiento de las obligaciones derivadas del Contrato, respecto de las cuales se invoca; después de haber efectuado todos los actos razonablemente posibles para evitarlo. 1 ""Sección 2.7 Principales obligaciones del Interventor (—) (k) Rendir informes y conceptos a la ANI respecto de la ejecución del Contrato de Concesión, de acuerdo con lo previsto en el Contrato de Concesión, y en todo caso cuando la ANI así lo solicite."" 2 ""(m) Dar soporte y apoyo a la ANI mediante la elaboración de conceptos técnicos, jurídicos, sociales, ambientales, financieros o contables que sean requeridos por la ANI, incluyendo aquellos necesarios para dar respuesta a derechos de petición, requerimientos de organismos de control o de otras entidades del Estado y acompañamiento a reuniones cuando ello sea necesario."" Calle 30 N.° 8— 19— Teléfono 8884979— Girardot, Cundinamarca Correo Electrónico: inforffinterventoriaconsorcio4c.com www.interventoriaconsorcio4c.com Atn.: Ing. Luis Eduardo Gutiérrez Díaz Vicepresidente de Gestión Contractual - AGENCIA NACIONAL DE INFRAESTRUCTURA Comunicación CI.004/GP6944/19/5.3 Página 8 de 14 Se entiende incluido dentro del concepto de Evento Eximente de Responsabilidad, cualquier evento de Fuerza Mayor, incluyendo la Fuerza Mayor Predial, la Fuerza Mayor Ambiental y la Fuerza Mayor por Redes. (c) La ocurrencia de un Evento Eximente de Responsabilidad eximirá a las Partes del cumplimiento de las obligaciones que se les impone bajo el Contrato en la extensión prevista en la Ley Aplicable, salvo por las obligaciones de pago de dinero (sin perjuicio de lo previsto en la Sección 3.9 (e) de esta Parte General). (...)"" Así las cosas, para que un evento o circunstancia o combinación de eventos o circunstancias pueda catalogarse como EER debe cumplir con los requisitos que se presentan en el siguiente cuadro: Tabla 1. Requisitos EER Requisito Aproximación El evento, circunstancia o combinación de eventos o circunstancias deben estar fuera del control razonable de la Parte que lo invoca. A juicio de esta Interventoría, que un evento se encuentre fuera del control razonable de la parte que lo invoca implica que se trate de circunstancias extraordinarias, imprevistas e imprevisibles y extrañas a la parte afectada. La Jurisprudencia ha definido estos conceptos así: ""Extraordinarias, son aquellas cuya ocurrencia probable está fuera de lo ordinario, normal, natural, común, usual, lógico, habitual, corriente, frecuencia o periodicidad, atendido el marco fáctico del suceso, sus antecedentes, el estado actual de la ciencia, y la situación concreta según las reglas de experiencia. Imprevisible, es todo evento que, en forma abstracta, objetiva y razonable no puede preverse con relativa aptitud o capacidad de previsión, ""que no haya podido preverse, no con imposibilidad metafísica, sino que no se haya presentado con caracteres de probabilidad... Hay obligación de prever lo que es suficientemente probable, no lo que es simplemente posible. Se debe prever lo que es normal, no hay porque prever lo que es excepcional"" o según los criterios generalmente admitidos, poco probable, raro, remoto, repentino, inopinado, sorpresivo, súbito, incierto, anormal e infrecuente (...). Imprevisto, es el acontecimiento singular no previsto ex ante, previa, antelada o anticipadamente por el sujeto en su situación, profesión u oficio, conocimiento, experiencia, diligencia o cuidado razonable. Lo extraordinario u ordinario, previsible e imprevisible, previsto e imprevisto, no obedece a un criterio absoluto, rígido e inflexible sino relativo, y está deferido a la ponderada apreciación del juzgador en cada caso según la situación específica, el marco fáctico de circunstancias, el estado del conocimiento, el progreso, el deber de cuidado exigible y la experiencia decantada de la vida. La ajenidad de los hechos sobrevenidos (...) es necesaria en la imprevisión, en tanto extraños a su órbita, esfera o círculo de riesgo, conducta, comportamiento, acción u omisión, hecho o acto, que no las haya causado, motivado, agravado, incurrido en dolo o culpa u omitido medidas idóneas para evitarlos o atenuar sus efectos, siéndole exigible y pudiendo hacerlo. Los eventos pueden originarse en la otra parte, nunca en la afectada, pues al serle imputable jamás podrá invocar su propio acto. Y lo que se dice de la parte comprende el hecho de las personas por quienes responde legal o contractualmente"" (Negrilla fuera del texto original) 34 3 Corte Suprema de Justicia, Sala de Casación Civil, sentencia del 21 de febrero de 2012, expediente n.° 11001-3103-040-2006-00537-01, M.P. W am Namén Vargas 4 Consejo de Estado. Sala de lo Contencioso Administrativo. Sección Tercera. SubSección B. Consejero Ponente: Danilo Rojas Betancourth. Bogotá D.C., Veintiséis (26) de Julio de Dos Mil Doce (2012). Radicación Número: 25000-23-26-000-1998-01474-01(22756). Calle 30 N.° 8 — 19 — Teléfono 8884979— Girardot. Cundinamarca Correo Electrónico: info(ffinterventoriaconsorcio4c.com www.interventoriaconsorcio4c.com Atn.: Ing. Luis Eduardo Gutiérrez Díaz Vicepresidente de Gestión Contractual - AGENCIA NACIONAL DE INFRAESTRUCTURA Comunicación CI.004/GP6944/19/5.3 Página 9 de 14 Requisito Aproximación El evento, circunstancia o combinación de eventos o circunstancias deben afectar en forma sustancial V adversa el cumplimiento de las obligaciones derivadas del Contrato respecto de las cuales se invoca. Según la Real Academia de la Lengua afectar significa ""Menoscabar, perjudicar, influir desfavorablemente"". Por su parte, sustancial significa ""Que constituye lo esencial y más importante de algo"". De suerte que, una afectación sustancial implicaría una alteración o menoscabo esencial e importante que tiene incidencia en las obligaciones del contrato y por ende afecta su cumplimiento. Jurisprudencialmente se ha entendido que la afectación sustancial hace alusión a situaciones extraordinarias, ajenas a las partes, imprevisibles y posteriores a la celebración del contrato que alteran el cumplimiento de las obligaciones en forma anormal y grave, sin imposibilitar su ejecución.5 En términos del Consejo de Estado la afectación sustancial se traduce en circunstancias ""que, aunque no modifiquen directamente el objeto del contrato, (...) inciden o repercuten sobre él haciéndolo más oneroso para el contratista sin culpa de éste""6. Ello quiere decir, que es factible cumplir el objeto contractual, pero en condiciones mucho más gravosas para el contratista.7 Así las cosas, la afectación sustancial, ""(...) supone circunstancias imprevistas y completamente imprevisibles, pero que no hacen totalmente imposible la ejecución de la obligación"" 8.",15_01_Cartas_Enviadas/RADICADAS/2019/CI004_694419_050300_ANI_CONCEPTO_EER_UF5-1_VF.pdf
3452,4,CONSORCIO 4C,GP-6302,CONCESIÓN ALTO MAGDALENA S.A.S - Atn. Ing. Claudia Cecilia Castillo Pico,ALMA-R-20190988,12/04/2019,Ref. Contrato de Concesión 003 de 2014 - Concesión Honda – Girardot – Puerto Salgar - Observaciones Revisión de Avalúo UF2,15_01_Cartas_Enviadas/RADICADAS/2019/CI004_630219_070406_CON_AVALU_ALMA-2019-00408.pdf
3453,4,CONSORCIO 4C,GP-6819,CONCESIÓN ALTO MAGDALENA S.A.S.,ALMA-2019-02446,14/08/2019,Ref. Contrato de Concesión 003 de 2014 - Concesión Honda – Girardot – Puerto Salgar - Solicitud Sra. Luz Dary Rondón Vargas,15_01_Cartas_Enviadas/RADICADAS/2019/CI004_681919_070109_CON__PETI_LUZ-RONDON_ALMA-2019-02446.pdf
3454,2,CONSORCIO 4C,GP-6304,"AGENCIA NACIONAL DE INFRAESTRUCTURA – ANI
At.: Ing. Luis Eduardo Gutiérrez Díaz",ANI20194090270502,16/04/2019,Alcance a Comunicado CI.004/GP6151/19/5.3 con radicado ANI 20194090270502,15_01_Cartas_Enviadas/RADICADAS/2019/CI004_630419_050300_ANI_ALC_PLAZO-CURA_20194090270502.PDF
3455,4,CONSORCIO 4C,GP-5914,CONCESIÓN ALTO MAGDALENA S.A.S - Ing. Claudia Cecilia Castillo Pico,ALMA-R-20190258,01/02/2019,Ref. Contrato de Concesión 003 de 2014 - Concesión Honda – Girardot – Puerto Salgar - Observaciones Revisión de Avalúo UF2,15_01_Cartas_Enviadas/RADICADAS/2019/CI004_591419_070406_CON_OBS_ALMA-2019-00144.pdf
3456,2,CONSORCIO 4C,GP-6692,CONCESIÓN ALTO MAGDALENA S.A.S.,ALMA-R-20191728,16/07/2019,Ref. Contrato de Concesión 003 de 2014 Concesión Honda – Girardot – Puerto Salgar. Solicitud de Información – Aprobación Garantías Vigentes.,15_01_Cartas_Enviadas/RADICADAS/2019/CI004_669219_050300_CON_SOLICITA_POLIZAS APROBADAS.PDF
3457,10,CONSORCIO 4C,GP-0486,AGENCIA NACIONAL DE INFRAESTRUCTURA - Dr. Manuel Isidro Raigozo Rubio,2019-409-117021-2,07/11/2019,"s: laberalet iiéterripéfIndottizlé: Una Manera irripé'ca P tbitiplida éti las labores errcomerr,dada.s., Se el.pidé á léstkadfát.déi rñél dé átiril de 2913 a solicitud del:interesado y «¡ft:destinóa Átt LIOS‘ERMAN OMS 06/72112:6 cletünja; itéprelentatate:tégál ACT, AtesoitstCófilttircórel. CENTRO CO.MERC1AL.PLAZA REAL Crf. 203 GEL. Z10:3396.819.420Z154161 '- trnáit'actasesoresyconetructores@bofmatoorn ISO Hool 4ble.°2779.9. t!,10.9'.es 015922,9.5 LATINCO u. LATINOAMERICANA DE CONSTRUCCIONES S.A to..rovogItent4 Madank, 1 dogiti.C111014 • SIJSCRITA.piRECToRA DzcSnóUM4Ñkt p:ItOntngutprpNEs stA. - tATINCO MACE t;nOTAR; . . 11:0151n—ár (4) RAÚL EgIIRÉ 1412,Q.ER,O .p.AMÁRdeil ictlifitiithiM ablak.1011 ecudadanía 1117....181/67, de TUNJA;:lállnró con hdeMlá'ernprzsá? délaa el 9 áig0 .(22) deseptlentit de zoia hasta ‘.11 lenta (30) de marzo da 201.4, desempeMndoge •Wrpo 180,1151p PREDIAL Az éb bultos proyectos: ""C.01:d$ - :MATAO' y ‘SArSt MbIÉS7.; Stis.retDatti9atafifiaciOrtestijer.911.7 JIU BOLÍVAR SA--• ,ELDS- SALUDCOOP •PQRSTNIF1 • csiá ctopalwatifri; .qpMFINTAICOSAISIT YPINIALAGI: aajillasea...mayqriñfármadóñ, toh Ositto la billturiistiatehipl, tót.diaktitig SDIADA. Ditect7 kifra gz9. ittxmana Calle 18 (47/..Lás:Palrnad) NO* 13569 Ofidina121 Centro Empresarial Palrnd-Ayénue P73X (1) 444.4714 FAX (1.).115l DOGO E-Hall inioildatincOpa7COnt Medellín - Cóloiribla.",15_01_Cartas_Enviadas/RADICADAS/2019/CI004_048619_020200_ANI_REEMPLAZO_ABOG_ESP_GP.pdf
3458,1,CONSORCIO 4C,GP-6700,"AGENCIA NACIONAL DE INFRAESTRUCTURA – ANI, Dr. Luis Eduardo Gutiérrez Díaz",2019-409-075067-2,22/07/2019,Ref. Contrato de Concesión 003 de 2014-Concesión Honda — Girardot — Puerto Salgar-Remisión Formato GCSP-F-009 Informe Mensual Recaudo de Peajes — Junio 2019,15_01_Cartas_Enviadas/RADICADAS/2019/CI004_670019_070202_ANI_REMI_FOR_GCSP-F-009_INF_REC_PEAJES_JUN2019.pdf
3459,3,CONSORCIO 4C,GP-6061,FIDUCIARIA BOGOTÁ - Dra. Mónica Lozano Rojas,ALMA-R-20190582,27/02/2019,Ref. Contrato de Concesión 003 de 2014 - Concesión Honda – Girardot – Puerto Salgar - Certificación Mantenimiento Rutinario Formato F-001,15_01_Cartas_Enviadas/RADICADAS/2019/CI004_606119_070202_OBS_MANT-RUTIN_FORM-F001 (1).pdf
3460,3,CONSORCIO 4C,GP-6515,CONCESIÓN ALTO MAGDALENA S.A.S.,ALMA-R-20191398,07/06/2019,Ref. Contrato de Concesión 003 de 2014-Concesión Honda – Girardot – Puerto Salgar-Seguimiento Constructivo Área de Servicio UF 5.2,15_01_Cartas_Enviadas/RADICADAS/2019/CI004_651519_070103_070107_CON_ALMA-2019-01655_AREA-SERV_UF5.2.pdf
3463,5,CONSORCIO 4C,GP-5766,CONCESIÓN ALTO MAGDALENA S.A.S,ALMA-R-20190022,03/01/2019,Ref. Contrato de Concesión 003 de 2014 - Concesión Honda – Girardot – Puerto Salgar - Observaciones Revisión de Avalúo UF5,15_01_Cartas_Enviadas/RADICADAS/2019/CI004_576619_070406_CON_OBS_ALMA-2018-4415.pdf
3462,4,CONSORCIO 4C,GP-6983,AGENCIA NACIONAL DE INFRAESTRUCTURA - ANI,20194090990642,19/09/2019,Ref. Contrato de Concesión 003 de 2014-Concesión Honda – Girardot – Puerto Salgar. Reunión Coordinación Actividades Empalme Entre Subsectores 1 y 3 de la UF5.,15_01_Cartas_Enviadas/RADICADAS/2019/CI004_698319_050300_ANI_INFORME2_PUENTE_INVIAS_UF5.pdf
3461,10,CONSORCIO 4C,GP-6628,AGENCIA NACIONAL DE INFRAESTRUCTURA - ANI,ALMA-R-20191587,28/06/2019,Contrato de Concesión bajo el esquema de APP No. 003 de 2014 - Contrato de Interventoría No. 145 de 2014. Concesión Honda - Puerto Salgar – Girardot.,15_01_Cartas_Enviadas/RADICADAS/2019/CI004_662819_050300_ANI_PLAZO-CURA_SEGUR-VIAL_UF5.4.pdf
3464,5,CONSORCIO 4C,GP-6986,"AGENCIA NACIONAL DE INFRAESTRUCTURA – ANI
Dr. Luis Eduardo Gutiérrez Díaz",2019-409-100551-2,24/09/2019,Ref. Contrato de Concesión 003 de 2014 - Concesión Honda – Girardot – Puerto Salgar - Remisión Formato GCSP-F-009 Informe Mensual Recaudo de Peajes – Agosto 2019,15_01_Cartas_Enviadas/RADICADAS/2019/CI004_698619_070200_ANI_REMISION_FORMATO_GCSP-F-009_RECAUDOPEAJES_AGO-19.pdf
3465,2,CONSORCIO 4C,GP-7178,CONCESIÓN ALTO MAGDALENA S.A.S - Atn. Ing. Claudia Cecilia Castillo Pico,ALMA-R-20192680,14/11/2019,Ref. Contrato de Concesión 003 de 2014 - Concesión Honda – Girardot – Puerto Salgar - Informe Auditoria Peajes Septiembre 2019,15_01_Cartas_Enviadas/RADICADAS/2019/CI004_717819_070301_CON_INFO-AUDI_PEAJE_SEPT-19.pdf
3468,19,CONSORCIO 4C,GP-6503,CONCESIÓN ALTO MAGDALENA S.A.S - Atn. Ing. Claudia Cecilia Castillo Pico,ALMA-R-20191371,04/06/2019,Ref. Contrato de Concesión 003 de 2014-Concesión Honda – Girardot – Puerto Salgar.-Tiempos Muertos Gestión Predial,15_01_Cartas_Enviadas/RADICADAS/2019/CI004_650319_070401_CON_AVANCE_PREDIAL_2905191.pdf
3467,4,CONSORCIO 4C,GP-6490,AGENCIA NACIONAL DE INFRAESTRUCTURA - ANI,ALMA-R-20191387,06/06/2019,Ref. Contrato de Concesión 003 de 2014 Concesión Honda – Girardot – Puerto Salgar. Informe terminación Plazo de Cura por no terminación de las Intervenciones UF5.,15_01_Cartas_Enviadas/RADICADAS/2019/CI004_649019_050300_ANI_TERMINA_CURA_UF5.pdf
3466,1,CONSORCIO 4C,GP-6275,"AGENCIA NACIONAL DE INFRAESTRUCTURA - ANI, Dr. Luis Eduardo Gutiérrez Díaz",Rad No. 2019-409-039134-2,16/04/2019,Ref. Contrato de Concesión 003 de 2014 - Concesión Honda – Girardot – Puerto Salgar - Registro Fílmico Informe Mensual Técnico 53,15_01_Cartas_Enviadas/RADICADAS/2019/CI004_627519_090200_ANI_RESGIS_FIL_INFO_MEN_TEC53.pdfA.pdf
3469,2,CONSORCIO 4C,GP-6150,CONCESIÓN ALTO MAGDALENA S.A.S,ALMA-R-20190695,19/03/2019,Ref. Contrato de Concesión 003 de 2014 - Concesión Honda – Girardot – Puerto Salgar - Revisión Informe EER Gestión Predial UF3 y respuesta a su comunicación ALMA-2019-00873,15_01_Cartas_Enviadas/RADICADAS/2019/CI004_615019_070401_CON_EER3_INF_SEM-00873.pdf
3471,2,CONSORCIO 4C,GP-6879,CONCESIÓN ALTO MAGDALENA S.A.S.,ALMA-R-20191797,27/08/2019,Ref. Contrato de Concesión 003 de 2014 Concesión Honda – Girardot – Puerto Salgar Rta. ALMA-2019-02562 Plazo de cura funcionamiento del SICC.,15_01_Cartas_Enviadas/RADICADAS/2019/CI004_687919_050300_SICC_DOC_REPETIDA.pdf
3472,3,CONSORCIO 4C,GP-6400,CONCESIÓN ALTO MAGDALENA S.A.S.,ALMA-R-28191132,14/05/2019,Ref. Contrato de Concesión 003 de 2014 Concesión Honda – Girardot – Puerto Salgar. Observaciones Expedientes Finales Prediales,15_01_Cartas_Enviadas/RADICADAS/2019/CI004_640019_070401_CON_EXP-FINAL_ALMA-2019-00902.pdf
3470,5,CONSORCIO 4C,GP-5953,CONCESIÓN ALTO MAGDALENA S.A.S,ALMA-R-2019-03548,12/02/2019,Ref. Contrato de Concesión 003 de 2014 Concesión Honda – Girardot – Puerto Salgar Observaciones Revisión de Avalúo UF5,15_01_Cartas_Enviadas/RADICADAS/2019/CI004_595319_070406_CON_OBS_ALMA-2019-00312-00321-00325.pdf
3474,9,CONSORCIO 4C,GP-6206,CONCESIÓN ALTO MAGDALENA S.A.S.,ALMA-R-20190333,27/03/2019,Ref. Contrato de Concesión 003 de 2014 - Concesión Honda – Girardot – Puerto Salgar - Resultado Medición Niveles de Servicio – febrero de 2019,15_01_Cartas_Enviadas/RADICADAS/2019/CI004_620619_070303_CON_INDICAD_FEBRERO_2019.pdf
3475,6,CONSORCIO 4C,GP-7037,AGENCIA NACIONAL DE INFRAESTRUCTURA – ANI,Este recibido no implica aceptación,04/10/2019,Ref. Contrato de Concesión 003 de 2014 - Concesión Honda – Girardot – Puerto Salgar - Verificación Presunta Invasión Faja de Retiro Casco Urbano Municipio de Nariño UF2,15_01_Cartas_Enviadas/RADICADAS/2019/CI004_703719_070109_ANI_VERIFICA_INVASI_NARIÑO-K22.pdf
3476,5,CONSORCIO 4C,GP-7087,CONCESIÓN ALTO MAGDALENA S.A.S - Atn. Dra. Claudia Cecilia Castillo Pico,ALMA-R-20192495,18/10/2019,Ref. Contrato de Concesión 003 de 2014 Concesión Honda – Girardot – Puerto Salgar. Reiteración Cronograma Adquisición EER Predial UF2 y Requerimiento Primer Informe.,15_01_Cartas_Enviadas/RADICADAS/2019/CI004_708719_070401_CON_SEGUI_EER_PREDIAL-UF2.pdf
3473,3,CONSORCIO 4C,GP-6609,CONCESIÓN ALTO MAGDALENA S.A.S.,ALMA-R-20191565,26/06/2019,Ref. Contrato de Concesión 003 de 2014-Concesión Honda – Girardot – Puerto Salgar-Implantación y Diseños Obras de Drenaje Puerto Bogotá Hasta de la Unidad Funcional 5.1,15_01_Cartas_Enviadas/RADICADAS/2019/CI004_660919_070107_CON_DISEÑ_DRENAJE_PTO-BOG.PDF
3477,3,CONSORCIO 4C,GP-6640,CONCESIÓN ALTO MAGDALENA S.A.S - Atn. Ing. Claudia Cecilia Castillo Pico,ALMA-R-20191625,03/07/2019,Ref. Contrato de Concesión 003 de 2014-Concesión Honda – Girardot – Puerto Salgar-Ayuda de Memoria Expedientes Finales,15_01_Cartas_Enviadas/RADICADAS/2019/CI004_664019_070401_CON_AYUD_MEMOR_EXP-FINAL.PDF
3478,4,CONSORCIO 4C,GP-7232,CONCESIÓN ALTO MAGDALENA S.A.S,"ANI No. 2019-409-095917-2, ALMA-R-20192792",28/11/2019,Ref. Contrato de Concesión 003 de 2014-Concesión Honda – Girardot – Puerto Salgar. Reiteración Ajustes Cronograma Adquisición Predial EER Predial UF2 y Observaciones Segundo Informe,15_01_Cartas_Enviadas/RADICADAS/2019/CI004_723219_070401_CON_SEGUIM_EER-PRED-UF2_INF3425-3426.pdf
3480,2,CONSORCIO 4C,GP-7088,CONCESION ALTO MAGDALENA S.A.S.,ALMA-R-20192496,18/10/2019,Ref. Contrato de Concesión 003 de 2014 - Concesión Honda – Girardot – Puerto Salgar - Fallas Cámaras Conteos - Glorieta de Purnio,15_01_Cartas_Enviadas/RADICADAS/2019/CI004_708819_070301_CON_FALLAS_PUNT_CONTEO3.pdf
3479,10,CONSORCIO 4C,GP-6754,CONCESIÓN ALTO MAGDALENA S.A.S,ALMA-R-20191841,30/07/2019,Ref. Contrato de Concesión 003 de 2014 - Concesión Honda – Girardot – Puerto Salgar - Observaciones Informe de Cierre Ambiental UF5,15_01_Cartas_Enviadas/RADICADAS/2019/CI004_675419_070108_CON_INF-CIERR_UF5_ALMA-2019-01944.pdf
3481,3,CONSORCIO 4C,GP-7376,CONCESIÓN ALTO MAGDALENA S.A.S.,ALMA-R-2020-0007,30/12/2019,Ref. Contrato de Concesión 003 de 2014 - Concesión Honda – Girardot – Puerto Salgar - Observaciones Expediente Final Predial,15_01_Cartas_Enviadas/RADICADAS/2019/CI004_737619_070401_CON_EXP_FINAL_ALMA-2019-02250.pdf
3484,6,CONSORCIO 4C,GP-7114,CONCESIÓN ALTO MAGDALENA S.A.S.,ALMA-R-20192563,29/10/2019,Ref. Contrato de Concesión 003 de 2014 - Concesión Honda – Girardot – Puerto Salgar - Incumplimiento Convenio de Cooperación con Policía Nacional de Colombia.,15_01_Cartas_Enviadas/RADICADAS/2019/CI004_711419_050300_CONVENIO_DITRA_2019-.pdf
3483,9,CONSORCIO 4C,GP-6533,CONCESIÓN ALTO MAGDALENA S.A.S - Ing. Claudia Cecilia Castillo Pico,ALMA-R-20191437,11/06/2019,Ref. Contrato de Concesión 003 de 2014-Concesión Honda – Girardot – Puerto Salgar.-Situación predio ALMA-4-0057,15_01_Cartas_Enviadas/RADICADAS/2019/CI004_653319_070406_CON_SITUACIÓN_PREDIO_ALBAHACA.pdf
3482,3,CONSORCIO 4C,GP-5975,CONCESIÓN ALTO MAGDALENA S.A.S.,ALMA-R-28190361,13/02/2019,Ref. Contrato de Concesión 003 de 2014 - Concesión Honda – Girardot – Puerto Salgar - Calidad Procesos Constructivos Cunetas K01+490 al K01+600 Margen Izquierda UF 5.4,15_01_Cartas_Enviadas/RADICADAS/2019/CI004_597519_070103_CON_SEGUI_CUNETAS_UF5.4.pdf
3485,3,CONSORCIO 4C,GP-6423,CONCESIÓN ALTO MAGDALENA S.A.S - Ing. Claudia Cecilia Castillo Pico,ALMA-R-20191200,16/05/2019,Ref. Contrato de Concesión 003 de 2014-Concesión Honda – Girardot – Puerto Salgar-Seguimiento Calidad Procesos Constructivos Peaje Brisas UF5.4,15_01_Cartas_Enviadas/RADICADAS/2019/CI004_642319_070103_CON_ALMA-2019-01479_PROC-CONS_PEAJE-UF5.PDF
3486,3,CONSORCIO 4C,GP-6491,CONCESIÓN ALTO MAGDALENA S.A.S.,ALMA-R-20191368,04/06/2019,Ref. Contrato de Concesión 003 de 2014 - Concesión Honda – Girardot – Puerto Salgar - Alumbrado Público Puente Peatonal Nariño.,15_01_Cartas_Enviadas/RADICADAS/2019/CI004_649119_070103_CON_ALUM_PUBLI_NARI.pdf
3487,4,CONSORCIO 4C,GP-6329,CONCESIÓN ALTO MAGDALENA S.A.S,"[{'Concesionario': 'ALMA-R-2019-1868', 'ANI': '2019-409-112600-2'}]",29/04/2019,Ref. Contrato de Concesión 003 de 2014 - Concesión Honda – Girardot – Puerto Salgar - Afectación Carril Derecho PR 7+120 – Ruta 4509,15_01_Cartas_Enviadas/RADICADAS/2019/CI004_632919_070101_CON_AFECTACION _PR7+120_RUTA4509.PDF
3488,2,CONSORCIO 4C,GP-7305,CONCESIÓN ALTO MAGDALENA S.A.S.,ALMA-R-20192915,12/12/2019,Ref. Contrato de Concesión 003 de 2014-Concesión Honda – Girardot – Puerto Salgar.-Revisión Fichas Sociales - Respuesta a comunicación ALMA-2019-03737,15_01_Cartas_Enviadas/RADICADAS/2019/CI004_730519_070402_CON_FICHAS_SOCIALES_ALMA-03737.pdf
3489,3,CONSORCIO 4C,GP-5788,CONCESIÓN ALTO MAGDALENA S.A.S - Atn. Ing. Claudia Cecilia Castillo Pico,ALMA-2018-4288,04/01/2019,Ref. Contrato de Concesión 003 de 2014-Concesión Honda – Girardot – Puerto Salgar-Respuesta ALMA-2018-4288 Memoria Técnica-Mayo 2018,15_01_Cartas_Enviadas/RADICADAS/2019/CI004_578819_070500_CON_MEMORIA_TECNICA_MAYO-ALMA-4288 (1).pdf
3490,3,CONSORCIO 4C,GP-5874,AGENCIA NACIONAL DE INFRAESTRUCTURA - ANI,20194090080652,23/01/2019,Ref. Contrato de Concesión 003 de 2014 Concesión Honda – Girardot – Puerto Salgar Asunto: Respuesta Comunicación ALMA-2018-4789,15_01_Cartas_Enviadas/RADICADAS/2019/CI004_587419_050300_ANI_ALMA-2018-4789_POLIZAS-2018.pdf
3492,3,CONSORCIO 4C,GP-6896,CONCESIÓN ALTO MAGDALENA S.A.S.,ALMA-2019-0077,28/08/2019,Ref. Contrato de Concesión 003 de 2014 - Concesión Honda – Girardot – Puerto Salgar - Observaciones Diseños Eléctricos UF-4,15_01_Cartas_Enviadas/RADICADAS/2019/CI004_689619_070107_CON_DIS_ELEC_UF4.pdf
3491,7,CONSORCIO 4C,GP-5772,CONCESIÓN ALTO MAGDALENA S.A.S,ALMA-R-28190039,04/01/2019,Ref. Contrato de Concesión 003 de 2014 - Concesión Honda – Girardot – Puerto Salgar - Respuesta ALMA-2018-4315 / Presunto Evento Eximente de Responsabilidad,15_01_Cartas_Enviadas/RADICADAS/2019/CI004_577219_050300_CON_RESP_ALMA-2018-4315_EER.pdf
3493,16,CONSORCIO 4C,GP-6238,CONCESIÓN ALTO MAGDALENA S.A.S,ALMA-R-20190962,05/04/2019,Ref. Contrato de Concesión 003 de 2014 - Concesión Honda – Girardot – Puerto Salgar - Observaciones Memoria Técnica Noviembre 2018,15_01_Cartas_Enviadas/RADICADAS/2019/CI004_623819_070500_MEM-TECN_NOV18_ALMA-2019-00763.pdf
3495,5,CONSORCIO 4C,GP-6743,CONCESIÓN ALTO MAGDALENA S.A.S. - Ing. Claudia Cecilia Castillo Pico,ALMA-R-20191828,26/07/2019,Ref. Contrato de Concesión 003 de 2014 Concesión Honda – Girardot – Puerto Salgar Observaciones Informe de Inventario UF-5,15_01_Cartas_Enviadas/RADICADAS/2019/CI004_674319_070115_CON_OBSER_INF_INV5.pdf
3494,1,CONSORCIO 4C,GP-6883,AGENCIA NACIONAL DE INFRAESTRUCTURA - ANI,ALMA-R-20192082,27/08/2019,"ACTA DE CALCULO VPIP JULIO 2019 ALMA—R-20192082 .004/GP6883/19/7.2.9 Girardot — CND, 27 de agosto de 2019",15_01_Cartas_Enviadas/RADICADAS/2019/CI004_688319_070209_ANI_ACTA_CAL_VPIP_JUL19.pdf
3496,5,CONSORCIO 4C,GP-6757,CONCESIÓN ALTO MAGDALENA S.A.S.,ALMA-R-20191873,30/07/2019,"Ref. Contrato de Concesión 003 de 2014 - Concesión Honda – Girardot – Puerto Salgar - Obligaciones del Concesionario – Sistemas de Control de Tráfico, Detectores de Altura.",15_01_Cartas_Enviadas/RADICADAS/2019/CI004_675719_070304_CON_DETECTORES_ALTURA.pdf
3497,9,CONSORCIO 4C,GP-6649,AGENCIA NACIONAL DE INFRAESTRUCTURA - Ing. Luis Eduardo Gutiérrez Díaz,ALMA-R-20191645,05/07/2019,Ref. Contrato de Concesión bajo el esquema de APP No. 003 de 2014 – Concesión Honda - Puerto Salgar – Girardot. Contrato de Interventoría No. 145 de 2014.,15_01_Cartas_Enviadas/RADICADAS/2019/CI004_664919_050300_ANI_NO-OBJE_CURA_REINTE-REDES.PDF
3499,2,CONSORCIO 4C,GP-6043,CONCESIÓN ALTO MAGDALENA S.A.S. - Ing. Claudia Cecilia Castillo Pico,ALMA-R-20190482,22/02/2019,Ref. Contrato de Concesión 003 de 2014 - Concesión Honda – Girardot – Puerto Salgar - Revisión Fichas Sociales,15_01_Cartas_Enviadas/RADICADAS/2019/CI004_604319_070402_CON_FICH_SOCIA_ALMA-00340-00334-0295.pdf
3498,3,CONSORCIO 4C,GP-6484,CONCESIÓN ALTO MAGDALENA S.A.S.,ALMA-R-20191330,17/05/2019,Ref. Contrato de Concesión 003 de 2014-Concesión Honda – Girardot – Puerto Salgar-Observaciones Fichas Prediales UF5,15_01_Cartas_Enviadas/RADICADAS/2019/CI004_648419_070401_CON_FICH-PRE_ALMA-2019-01612.PDF
3500,5,CONSORCIO 4C,GP-6011,CONCESIÓN ALTO MAGDALENA S.A.S.,ALMA-R-28198425,20/02/2019,Ref. Contrato de Concesión 003 de 2014 - Concesión Honda – Girardot – Puerto Salgar. Aspectos e Impactos Ambientales UF 5.4,15_01_Cartas_Enviadas/RADICADAS/2019/CI004_601119_070108_CON_ASP_IMP_UF 5.4.pdf
3501,5,CONSORCIO 4C,GP-6134,CONCESIÓN ALTO MAGDALENA S.A.S.,ALMA-R-20190652,13/03/2019,Ref. Contrato de Concesión 003 de 2014 - Concesión Honda – Girardot – Puerto Salgar - Seguimiento Proceso Constructivo Andenes UF5.2,15_01_Cartas_Enviadas/RADICADAS/2019/CI004_613419_070103_CON_SEGUI_ANDENES_UF5.2.pdf
3502,5,CONSORCIO 4C,GP-6977,CONCESIÓN ALTO MAGDALENA S.A.S.,ALMA-R-20192263,20/09/2019,Ref. Contrato de Concesión 003 de 2014 - Concesión Honda – Girardot – Puerto Salgar - Notificación de inició de aplicación de la multa por el tercer incumplimiento consecutivo del Nivel de Servicio E7,15_01_Cartas_Enviadas/RADICADAS/2019/CI004_697719_070303_CON_MULTA_E7_SEPT-2019.pdf
3503,2,CONSORCIO 4C,GP-6079,CONCESIÓN ALTO MAGDALENA S.A.S.,FLMA-R-20190348,01/03/2019,Ref. Contrato de Concesión 003 de 2014 - Concesión Honda – Girardot – Puerto Salgar - Plan Compensaciones Socioeconómicas,15_01_Cartas_Enviadas/RADICADAS/2019/CI004_607919_070402_CON_PLAN COMPENSACIONES SOCIOECONOMICAS.PDF
3505,1,CONSORCIO 4C,GP-6083,AGENCIA NACIONAL DE INFRAESTRUCTURA - ANI,"2019-409-022093-2, ALMA-R-20190563",04/03/2019,ACTA DE CALCULO VPIP ENERO 2019 III 9 0 99 0 RLMR—R-20190563 Este recibido no 'mello aceptacion,15_01_Cartas_Enviadas/RADICADAS/2019/CI004_608319_070209_ANI_ACTA_CAL_VPIP_ENERO2019.pdf
3504,3,CONSORCIO 4C,GP-7208,AGENCIA NACIONAL DE INFRAESTRUCTURA – ANI,ALMA-R-20192735,22/11/2019,Ref. Contrato de Concesión 003 de 2014 Concesión Honda – Girardot – Puerto Salgar Avance Físico Anual Acumulado Proyecto,15_01_Cartas_Enviadas/RADICADAS/2019/CI004_720819_070101_ANI_REG_AVANCE_ANUAL.pdf
3506,6,CONSORCIO 4C,GP-6262,AGENCIA NACIONAL DE INFRAESTRUCTURA - ANI,20194090361232,09/04/2019,Ref. Contrato de Concesión 003 de 2014-Concesión Honda – Girardot – Puerto Salgar.-Reuniones Peaje “Brisas”-Puerto Salgar.,15_01_Cartas_Enviadas/RADICADAS/2019/CI004_626219_070109_ANI_REUN_PEAJE_BRISAS.pdf
3507,10,CONSORCIO 4C,GP-0460,CONCESIÓN ALTO MAGDALENA S.A.,"2019-409-113223-2, ALMA-R-20192551",22/10/2019,Ref. Contrato de Interventoría 145 de 2014 - Concesión Honda – Girardot – Puerto Salgar - Acta de Declaratoria de Evento Eximente de Responsabilidad Redes Norcasia,15_01_Cartas_Enviadas/RADICADAS/2019/CI004_046019_050300_CON_ACTA_EER_REDES_NORCASIA.pdf
3509,2,CONSORCIO 4C,GP-7185,CONCESIÓN ALTO MAGDALENA S.A.S,ALMA-R-28192698,15/11/2019,"Ref. Contrato de Concesión 003 de 2014 - Concesión Honda – Girardot – Puerto Salgar. Información Seguridad Social, Salarios e Ingresos",15_01_Cartas_Enviadas/RADICADAS/2019/CI004_718519_070110_CON_SEGSOC_PC_2019.pdf
3510,4,CONSORCIO 4C,GP-6686,CONCESIÓN ALTO MAGDALENA S.A.S,ALMA-R-20191787,15/07/2019,Ref. Contrato de Concesión 003 de 2014 - Concesión Honda – Girardot – Puerto Salgar - Observaciones Revisión de Avalúo UF2,15_01_Cartas_Enviadas/RADICADAS/2019/CI004_668619_070406_CON_AVALU_ALMA-2019-02172.pdf
3508,4,CONSORCIO 4C,GP-6985,AGENCIA NACIONAL DE INFRAESTRUCTURA – ANI,Derecho de Petición ALMA-5-0200,20/09/2019,Ref. Contrato de Concesión 003 de 2014-Concesión Honda – Girardot – Puerto Salgar.,15_01_Cartas_Enviadas/RADICADAS/2019/CI004_698519_070401_ANI_DERECHO_PETICION_ALMA-5-0200.pdf
3511,6,CONSORCIO 4C,GP-6846,CONCESIÓN ALTO MAGDALENA S.A.S - Ing. Claudia Cecilia Castillo Pico,ALMA-R-20191984,16/08/2019,Ref. Contrato de Concesión 003 de 2014 - Concesión Honda – Girardot – Puerto Salgar - Respuesta ALMA-2019-02499 / Seguimiento Requerimientos Auto 201 de 14 de junio de 2019,15_01_Cartas_Enviadas/RADICADAS/2019/CI004_684619_CON_ALMA-2019-02499_AUTO_201_LV.pdf
3514,2,CONSORCIO 4C,GP-6950,AGENCIA NACIONAL DE INFRAESTRUCTURA - ANI,ANI 20183050278451,11/09/2019,Ref. Contrato de Concesión 003 de 2014-Concesión Honda – Girardot – Puerto Salgar. Remisión de Informe Semanal #52. Avance de Unidades Funcionales en Construcción.,15_01_Cartas_Enviadas/RADICADAS/2019/CI004_695019_091000_ANI_INF-ESP_52.pdf
3512,8,CONSORCIO 4C,GP-6558,CONCESIÓN ALTO MAGDALENA S.A.S.,ALMA-R-2019-1466,14/06/2019,Ref. Contrato de Concesión 003 de 2014 - Concesión Honda – Girardot – Puerto Salgar - Solicitud permiso Ocupación de Cauce PR18+050 Quebrada Guacamayas,15_01_Cartas_Enviadas/RADICADAS/2019/CI004_655819_070107_070108_CON_GUACAMAYAS_ALMA-2019-01696.pdf
3513,8,CONSORCIO 4C,GP-6294,CONCESIÓN ALTO MAGDALENA S.A.S.,ALMA-R-2019-0854,12/04/2019,Ref. Contrato de Concesión 003 de 2014-Concesión Honda – Girardot – Puerto Salgar.-Carril ascenso tramo K126/K127 – UF4,15_01_Cartas_Enviadas/RADICADAS/2019/CI004_629419_070107-0503_CON_CARRIL_ASCENSO_UF4.pdf
3515,4,CONSORCIO 4C,GP-5868,CONCESIÓN ALTO MAGDALENA S.A.S.,ALMA-R-20190170,25/01/2019,Ref. Contrato de Concesión 003 de 2014 - Concesión Honda – Girardot – Puerto Salgar - Incumplimiento Condiciones Seguridad UF 2 y 3 Semana 207,15_01_Cartas_Enviadas/RADICADAS/2019/CI004_586819_070110_CON_SEGSISO_UF3_SEM207.pdf
3516,31,CONSORCIO 4C,GP-6737,CONCESIÓN ALTO MAGDALENA S.A.S - Ing. Claudia Cecilia Castillo Pico,ALMA-R-20191816,26/07/2019,Ref. Contrato de Concesión 003 de 2014-Concesión Honda – Girardot – Puerto Salgar-Memoria Técnica abril 2019.,15_01_Cartas_Enviadas/RADICADAS/2019/CI004_673719_070500_CON_MEMOTECNICA_ABRI-2019.pdf
3518,3,CONSORCIO 4C,GP-6921,CONCESIÓN ALTO MAGDALENA S.A.S.,ALMA-R-2019-02139,03/09/2019,Ref. Contrato de Concesión 003 de 2014 - Concesión Honda – Girardot – Puerto Salgar - Observaciones Resolución de Expropiación UF3,15_01_Cartas_Enviadas/RADICADAS/2019/CI004_692119_070404_CON_RES_EXP_ALMA-2019-02597.pdf
3517,18,CONSORCIO 4C,GP-7206,"AGENCIA NACIONAL DE INFRAESTRUCTURA – ANI
Atn. Ing. Luis Eduardo Gutiérrez Díaz
Vicepresidente de Gestión Contractual",2019-409-122662-2,25/11/2019,Respuesta a solicitud de la ANI contenida en el correo electrónico del 24 de septiembre de 2019 Tema: Concepto Interventoría sobre la notificación de Evento Eximente de Responsabilidad como consecuencia de la imposibilidad de adquisición de un (1) predio de la Unidad Funcional 4.,15_01_Cartas_Enviadas/RADICADAS/2019/CI004_720619_050300_ANI_CON_INTERV_NOT_EER_UF4.pdf
3519,3,CONSORCIO 4C,GP-6951,CONCESIÓN ALTO MAGDALENA S.A.S.,ALMA-R-20192284,11/09/2019,Ref. Contrato de Concesión 003 de 2014 - Concesión Honda – Girardot – Puerto Salgar - Seguimiento Funcionamiento Puntos Conteo Glorietas Koran – Purnio,15_01_Cartas_Enviadas/RADICADAS/2019/CI004_695119_070301_CON_DESEMP_PUNTOS_CONTEOS.pdf
3520,4,CONSORCIO 4C,GP-5860,CONCESIÓN ALTO MAGDALENA S.A.S.,ALMA-R-20190152,22/01/2019,Ref. Contrato de Concesión 003 de 2014 - Concesión Honda – Girardot – Puerto Salgar. Aspectos e Impactos Ambientales UF 5.4,15_01_Cartas_Enviadas/RADICADAS/2019/CI004_586019_070108_CON_IMPACTOS_UF_5.4.pdf
3521,2,CONSORCIO 4C,GP-7092,"AGENCIA NACIONAL DE INFRAESTRUCTURA - ANI, Atn. Ing. Luis Eduardo Gutiérrez Díaz",2019-409-111101-2,22/10/2019,"Resolucion de Exproplacion No ALMA -3-009 III 0 WIR-R-20192512 Eate recibido no Implica aceptacion CI.004/GP7092/19/7.4.4 Girardot— CND, 18 de octubre de 2019",15_01_Cartas_Enviadas/RADICADAS/2019/CI004_709219_070404_ANI_OBS_RESOL_EXP_ALMA-0-0098 (1).pdf
3522,3,CONSORCIO 4C,GP-6286,CONCESIÓN ALTO MAGDALENA S.A.S - Ing. Claudia Cecilia Castillo Pico,ALMA-R-20190970,10/04/2019,Ref. Contrato de Concesión 003 de 2014 Concesión Honda – Girardot – Puerto Salgar. Requerimiento Seguimiento Notificación Actos Administrativos,15_01_Cartas_Enviadas/RADICADAS/2019/CI004_628619_070404_CON_REQUERI_NOTIF_RESOL-2-0006.pdf
3523,5,CONSORCIO 4C,GP-6733,CONCESIÓN ALTO MAGDALENA S.A.S.,ALMA-R-20191811,26/07/2019,Ref. Contrato de Concesión 003 de 2014-Concesión Honda – Girardot – Puerto Salgar.-Incumplimiento Condiciones Seguridad UF 5 Semana 233,15_01_Cartas_Enviadas/RADICADAS/2019/CI004_673319_070110_CON_SEGSISO_UF5_SEM233.pdf
3525,5,CONSORCIO 4C,GP-6871,CONCESIÓN ALTO MAGDALENA S.A.S,ALMA-R-20192036,23/08/2019,Ref. Contrato de Concesión 003 de 2014 - Concesión Honda – Girardot – Puerto Salgar - Gestión Avalúos 2019,15_01_Cartas_Enviadas/RADICADAS/2019/CI004_687119_070401_CON_GESTION_AVALUOS_2019.pdf
3524,3,CONSORCIO 4C,GP-6696,CONCESIÓN ALTO MAGDALENA S.A.S.,ALMA-R-20191734,18/07/2019,Ref. Contrato de Concesión 003 de 2014 - Concesión Honda – Girardot – Puerto Salgar. Observaciones Fichas Prediales UF2,15_01_Cartas_Enviadas/RADICADAS/2019/CI004_669619_070401_CON_FICH_ALMA-2019-01739..pdf
3527,5,CONSORCIO 4C,GP-7095,CONCESIÓN ALTO MAGDALENA S.A.S,ALMA-R-20192519,23/10/2019,Ref. Contrato de Concesión 003 de 2014 Concesión Honda – Girardot – Puerto Salgar. Modificación medidas de Compensación Resoluciones 128 de 2015 y 560 de 2017 / Autos 0818 y 0819 de 2019,15_01_Cartas_Enviadas/RADICADAS/2019/CI004_709519_070108_CON_MODIF_MEDIDAS_COMPENSAC.pdf
3526,4,CONSORCIO 4C,GP-6598,CONCESION ALTO MAGDALENA S.A.S,ALMA-R-20191628,26/06/2019,Ref. Contrato de Concesión 003 de 2014 Concesión Honda – Girardot – Puerto Salgar Devolución Acta VPIP Mayo 2019,15_01_Cartas_Enviadas/RADICADAS/2019/CI004_659819_070209_CON_DEVOLU_ACTA-VPIP_MAYO-19.pdf
3529,6,CONSORCIO 4C,GP-7328,CONCESIÓN ALTO MAGDALENA S.A.S,ALMA-R-20192941,17/12/2019,Ref. Contrato de Concesión 003 de 2014 - Concesión Honda – Girardot – Puerto Salgar - Respuesta ALMA-2019-03689 / Observaciones - Informe Trimestral Socio Ambiental N°20,15_01_Cartas_Enviadas/RADICADAS/2019/CI004_732819_070108_CON_ALMA-2019-03689_TRIM_20.pdf
3528,4,CONSORCIO 4C,GP-6548,CONCESIÓN ALTO MAGDALENA S.A.S.,CI.004/GP6548/19/7.1.15,13/06/2019,Ref. Contrato de Concesión 003 de 2014-Concesión Honda – Girardot – Puerto Salgar-Observaciones Acta 13,15_01_Cartas_Enviadas/RADICADAS/2019/CI004_654819_070115_CON_OBS_ACTA_13.pdf
3530,3,CONSORCIO 4C,GP-6315,CONCESIÓN ALTO MAGDALENA S.A.S.,ALMA-R-2019-00687,23/04/2019,Ref. Contrato de Concesión 003 de 2014 Concesión Honda – Girardot – Puerto Salgar Seguimiento Avance de Obras – Construcción de Peaje Brisas – UF-5.4,15_01_Cartas_Enviadas/RADICADAS/2019/CI004_631519_070101_CON_AVA-OBRA_PEAJE-UF5.PDF
3531,3,CONSORCIO 4C,GP-7045,CONCESIÓN ALTO MAGDALENA S.A.S,ALMA-R-20192419,08/10/2019,Ref. Contrato de Concesión 003 de 2014-Concesión Honda – Girardot – Puerto Salgar. Solicitud Soportes Notificación EER del predio ALMA-4-0044,15_01_Cartas_Enviadas/RADICADAS/2019/CI004_704519_070401_CON_SOLICITUD_SOPORTES_EER-ALMA-4-0044.pdf
3533,3,CONSORCIO 4C,GP-5936,CONCESIÓN ALTO MAGDALENA S.A.S.,ALMA-R-20190329,08/02/2019,Ref. Contrato de Concesión 003 de 2014 - Concesión Honda – Girardot – Puerto Salgar - Seguimiento Calidad Procesos Constructivos - Obras de Drenaje UF 5.4,15_01_Cartas_Enviadas/RADICADAS/2019/CI004_593619_070103_CON_CON_SEGUI-OBRAS-DRENAJE_UF5.pdf
3532,3,CONSORCIO 4C,GP-7111,AGENCIA NACIONAL DE INFRAESTRUCTURA – ANI,ANI 20194091061102,28/10/2019,"Ref. Contrato de Concesión 003 de 2014 Concesión Honda – Girardot – Puerto Salgar Solicitud de Plazo para emitir concepto sobre el EER manifestado por el Concesionario por medio de la carta ALMA-2019-02999, relacionada con el predio ALMA-4-0044 de la UF4",15_01_Cartas_Enviadas/RADICADAS/2019/CI004_711119_050300_ANI_PLAZO_CONCEP_EER_PREDIAL_UF4.pdf
3534,2,CONSORCIO 4C,GP-6563,CONCESIÓN ALTO MAGDALENA S.A.S.,ALMA-R-20191533,14/06/2019,Ref. Contrato de Concesión 003 de 2014 - Concesión Honda – Girardot – Puerto Salgar - Operación de cámaras de en Cambao,15_01_Cartas_Enviadas/RADICADAS/2019/CI004_656319_070301_CON_LEY-787_TARG-TIE_CAMARAS.PDF
3535,6,CONSORCIO 4C,GP-6141,AGENCIA NACIONAL DE INFRAESTRUCTURA - ANI,RLMA-R-20190665,14/03/2019,Solicitud No objeción Plazo de Cura. Contrato de Concesión bajo el esquema de APP No. 003 de 2014 - Contrato de Intervención No. 145 de 2014. Concesión Honda - Puerto Salgar - Girardot.,15_01_Cartas_Enviadas/RADICADAS/2019/CI004_614119_050300_ANI_NO-OBJECION_PLAZO-CURA_AVALUOS.PDF
3536,2,CONSORCIO 4C,GP-5814,AGENCIA NACIONAL DE INFRAESTRUCTURA - ANI,ANI 20183050278451,11/01/2019,Ref. Contrato de Concesión 003 de 2014-Concesión Honda – Girardot – Puerto Salgar-Remisión de Informe Especial No. 17-Pendientes UF3 y UF5,15_01_Cartas_Enviadas/RADICADAS/2019/CI004_581419_091000_ANI_INF_ESP_17.pdf
3538,3,CONSORCIO 4C,GP-6386,CONCESIÓN ALTO MAGDALENA S.A.S.,ALMA-R-201911150,06/05/2019,Ref. Contrato de Concesión 003 de 2014 - Concesión Honda – Girardot – Puerto Salgar - Observaciones Resolución de Expropiación UF4,15_01_Cartas_Enviadas/RADICADAS/2019/CI004_638619_070404_CON_EXPD_EXPROP_ALMA-2019-01445.pdf
3537,3,CONSORCIO 4C,GP-6240,CONCESIÓN ALTO MAGDALENA S.A.S - Ing. Claudia Cecilia Castillo Pico,ALMA-R-20190904,04/04/2019,Ref. Contrato de Concesión 003 de 2014 - Concesión Honda – Girardot – Puerto Salgar - Redes Existentes - UF5.1,15_01_Cartas_Enviadas/RADICADAS/2019/CI004_624019_070101_CON_REDES_UF5.1_K131+340-500.pdf
3539,4,CONSORCIO 4C,GP-6305,CONCESIÓN ALTO MAGDALENA S.A.S - Ing. Claudia Cecilia Castillo Pico,ALMA-R-20191006,16/04/2019,Ref. Contrato de Concesión 003 de 2014-Concesión Honda – Girardot – Puerto Salgar.-Seguimiento Procesos de Expropiación,15_01_Cartas_Enviadas/RADICADAS/2019/CI004_630519_070404_CON_SEGUIMIENTO_EXPROPIACIONES.PDF
3542,6,CONSORCIO 4C,GP-7153,AGENCIA NACIONAL DE INFRAESTRUCTURA - ANI,20194091172652,08/11/2019,Pronunciamiento Interventoría,15_01_Cartas_Enviadas/RADICADAS/2019/CI004_715319_050300_ANI_PERIODO-ESPECIAL_UF5.1_ARQUE.pdf
3541,3,CONSORCIO 4C,GP-5979,AGENCIA NACIONAL DE INFRAESTRUCTURA – ANI,ANI 2019-409-0078062,13/02/2019,Ref. Contrato de Concesión 003 de 2014 Concesión Honda – Girardot – Puerto Salgar Respuesta ANI 20196050030731 / Solicitud de Concepto EER,15_01_Cartas_Enviadas/RADICADAS/2019/CI004_597919_050300_ANI_CONCEP_EER_GLORIE-OCCID.pdf
3540,4,CONSORCIO 4C,GP-6252,AGENCIA NACIONAL DE INFRAESTRUCTURA – ANI,"['2015-409-057019-2', '2015-409-081663-2', '2016-409-001096-2', '2016-409-020111-2', '2016-409-015075-2', '2016-409-065276-2', '2016-409-073655-2', '2017-409-030263-2', '2017-409-030602-2', '2018-409-015454-2', '2018-409-019652-2', '2019-409-034698-2']",04/04/2019,Ref. Contrato de Concesión 003 de 2014 - Concesión Honda – Girardot – Puerto Salgar - Requerimiento Seguimiento Notificación de Actos Administrativos.,15_01_Cartas_Enviadas/RADICADAS/2019/CI004_625219_070404_ANI_SEGUIM-NOTIFIC_ACT-ADM_ALMA-2-0007.pdf
3543,3,CONSORCIO 4C,GP-7339,CONCESIÓN ALTO MAGDALENA S.A.S.,ALMA-R-20192962,18/12/2019,Ref. Contrato de Concesión 003 de 2014 - Concesión Honda – Girardot – Puerto Salgar - Observaciones Fichas Prediales UF3,15_01_Cartas_Enviadas/RADICADAS/2019/CI004_733919_070401_CON_FICH_ALMA-2019-02744.pdf
3544,2,CONSORCIO 4C,GP-6654,CONCESIÓN ALTO MAGDALENA S.A.S - Ing. Claudia Cecilia Castillo Pico,ALMA-R-20191649,05/07/2019,Ref. Contrato de Concesión 003 de 2014 Concesión Honda – Girardot – Puerto Salgar. Requerimiento Informe Ejecutivo Predial,15_01_Cartas_Enviadas/RADICADAS/2019/CI004_665419_070401_CON_SOLICITUD_INFORME_PREDIAL.PDF
3545,2,CONSORCIO 4C,GP-5798,CONCESIÓN ALTO MAGDALENA S.A.S - Ing. Claudia Cecilia Castillo Pico,ALMA-R-20190074,10/01/2019,Ref. Contrato de Concesión 003 de 2014 - Concesión Honda – Girardot – Puerto Salgar - Informe Trimestral Socio Ambiental 15 Versión 3,15_01_Cartas_Enviadas/RADICADAS/2019/CI004_579819_070108_CON_INFO_TRIME_ALMA-2018-4689 (1).pdf
3546,5,CONSORCIO 4C,GP-7099,AGENCIA NACIONAL DE INFRAESTRUCTURA - ANI,20194091125682,24/10/2019,Ref. Contrato de Concesión 003 de 2014 - Concesión Honda – Girardot – Puerto Salgar. Atención Solicitud ANI- PQRS Señora Nohora Cardona de Zuluaga,15_01_Cartas_Enviadas/RADICADAS/2019/CI004_709919_070109_ANI_ATEN_PQRS_NCARDONA.pdf
3547,2,CONSORCIO 4C,GP-7322,AGENCIA NACIONAL DE INFRAESTRUCTURA - ANI,20194091307462,13/12/2019,Ref. Contrato de Concesión 003 de 2014 Concesión Honda – Girardot – Puerto Salgar. Remisión de Informe Semanal 65. Avance de Unidades Funcionales en Construcción.,15_01_Cartas_Enviadas/RADICADAS/2019/CI004_732219_091000_ANI_INF_ESP_N65.pdf
3548,2,CONSORCIO 4C,GP-5987,AGENCIA NACIONAL DE INFRAESTRUCTURA - ANI,ANI 20183050278451,14/02/2019,Ref. Contrato de Concesión 003 de 2014 - Concesión Honda – Girardot – Puerto Salgar. Remisión Informe Especial No. 22 - Pendientes UF3 y UF5.,15_01_Cartas_Enviadas/RADICADAS/2019/CI004_598719_091000_ANI_INF_ESP_22.pdf
3549,4,CONSORCIO 4C,GP-5851,"AGENCIA NACIONAL DE INFRAESTRUCTURA – ANI, Dr. Luis Eduardo Gutiérrez Díaz",2019-409-006310-2,18/01/2019,Ref. Contrato de Concesión 003 de 2014 - Concesión Honda — Girardot — Puerto Salgar. Remisión Formato GCSP-F-207 Rendimientos Subcuentas — Diciembre 2018,15_01_Cartas_Enviadas/RADICADAS/2019/CI004_585119_070202_ANI_REMI_FOR_GCSP-F-207_RSC_DICIEMBRE2018.pdf
3551,2,CONSORCIO 4C,GP-6713,CONCESIÓN ALTO MAGDALENA S.A.S.,ALMA-R-20191783,24/07/2019,"Ref. Contrato de Concesión 003 de 2014-Concesión Honda – Girardot – Puerto Salgar-Comunicación CI.004/GP6551/19/7.1.9, compromisos Vereda Gramalotal",15_01_Cartas_Enviadas/RADICADAS/2019/CI004_671319_070109_CON_COMPRO_GRAMALOTAL.pdf
3552,4,CONSORCIO 4C,GP-6094,CONCESIÓN ALTO MAGDALENA S.A.S,ALMA-R-201900581,07/03/2019,Ref. Contrato de Concesión 003 de 2014 - Concesión Honda – Girardot – Puerto Salgar - Observaciones Revisión de Avalúo UF3,15_01_Cartas_Enviadas/RADICADAS/2019/CI004_609419_070406_CON_OBS_ALMA-2019-00297.pdf
3553,6,CONSORCIO 4C,GP-6613,CONCESIÓN ALTO MAGDALENA S.A.S.,ALMA-R-20191557,26/06/2019,Ref. Contrato de Concesión 003 de 2014 Concesión Honda – Girardot – Puerto Salgar. Revisión Paso peatonal Sobre Cruce Férreo K32+500 UF5 Subsector 2.,15_01_Cartas_Enviadas/RADICADAS/2019/CI004_661319_070107_CON_PASOELEVADO_CRUCE-FERREO_UF52.PDF
3550,4,CONSORCIO 4C,GP-7268,CONCESIÓN ALTO MAGDALENA S.A.S,ALMA-R-20192853,04/12/2019,Ref. Contrato de Concesión 003 de 2014-Concesión Honda – Girardot – Puerto Salgar-Observaciones Revisión de Avalúo UF2,15_01_Cartas_Enviadas/RADICADAS/2019/CI004_726819_070406_CON_AVALU_ALMA-2019-03440-03462.pdf
3554,5,CONSORCIO 4C,GP-6371,CONCESIÓN ALTO MAGDALENA S.A.S,ALMA-R-201911131,07/05/2019,Ref. Contrato de Concesión 003 de 2014 - Concesión Honda – Girardot – Puerto Salgar - Seguimiento Sectores Disponibles Intervención UF5.1,15_01_Cartas_Enviadas/RADICADAS/2019/CI004_637119_070101_CON_DISPONIB_INTERVEN_UF5.1.PDF
3555,6,CONSORCIO 4C,GP-6121,AGENCIA NACIONAL DE INFRAESTRUCTURA - ANI,ANI 2018-409-123020-2,08/03/2019,Ref. Contrato de Concesión 003 de 2014 Concesión Honda – Girardot – Puerto Salgar Reiteramos solicitud de No objeción para Otorgar Plazo de Cura al Concesionario por Incumplimiento en la implementación del PMT en la UF3 y UF5.,15_01_Cartas_Enviadas/RADICADAS/2019/CI004_612119_050300_070111_ANI_REITERA_PERIODO-CURA_PMT.pdf
3557,2,CONSORCIO 4C,GP-7160,AGENCIA NACIONAL DE INFRAESTRUCTURA - ANI,ANI 20183050278451,08/11/2019,Ref. Contrato de Concesión 003 de 2014 Concesión Honda – Girardot – Puerto Salgar. Remisión Informe Semanal 60. Avance Unidades Funcionales en Construcción.,15_01_Cartas_Enviadas/RADICADAS/2019/CI004_716019_091000_ANI_INF_ESP_N60.pdf
3556,4,CONSORCIO 4C,GP-7167,CONCESIÓN ALTO MAGDALENA S.A.S - Ing. Claudia Cecilia Castillo Pico,ALMA-R-20192658,12/11/2019,Ref. Contrato de Concesión 003 de 2014 - Concesión Honda – Girardot – Puerto Salgar. Observaciones Revisión de Avalúo UF5,15_01_Cartas_Enviadas/RADICADAS/2019/CI004_716719_070406_CON_AVALU_ALMA-2019-03074-03099.pdf
3558,7,CONSORCIO 4C,GP-6051,CONCESIÓN ALTO MAGDALENA S.A.S - Ing. Claudia Cecilia Castillo Pico,ALMA-R-20190455,26/02/2019,Ref. Contrato de Concesión 003 de 2014 - Concesión Honda – Girardot – Puerto Salgar - Observaciones Informe Trimestral Socio Ambiental N°17,15_01_Cartas_Enviadas/RADICADAS/2019/CI004_605119_070108_CON_ALMA-2019-00489.pdf
3559,13,CONSORCIO 4C,GP-0221,"AGENCIA NACIONAL DE INFRAESTRUCTURA – ANI
Atn. Ing. Manuel Isidro Raigozo Rubio",ANI 2019-409-057703-2,04/06/2019,Ref. Contrato de Interventoría 145 de 2014 Concesión Honda — Girardot — Puerto Salgar. Alcance comunicación CI.004/0169/19/2.2 Reemplazo Geotecnista Interventoría,15_01_Cartas_Enviadas/RADICADAS/2019/CI004_022119_020200_ANI_ALCANCE_HV_GEOTEC.pdf
3560,6,CONSORCIO 4C,GP-6048,CONCESIÓN ALTO MAGDALENA S.A.S.,ALMA-20190492,27/02/2019,"Ref. Contrato de Concesión 003 de 2014 - Concesión Honda – Girardot – Puerto Salgar - PMT intervención Puente Burras, Inseguridad vial.",15_01_Cartas_Enviadas/RADICADAS/2019/CI004_604819_050300_070111_CON_BURRAS_ACCIDENTE_BUS.pdf
3561,4,CONSORCIO 4C,GP-7054,CONCESIÓN ALTO MAGDALENA S.A.S.,ALMA-R-28192435,09/10/2019,Ref. Contrato de Concesión 003 de 2014 - Concesión Honda – Girardot – Puerto Salgar - Solicitud de Cumplimiento Compromisos - Sra. Yasmin Rojas Delgado Predio ALMA-5-0250 UF5.1,15_01_Cartas_Enviadas/RADICADAS/2019/CI004_705419_070109_CON_CUMPLIMINETO_PASAGANADO_UF51.pdf
3564,3,CONSORCIO 4C,GP-7175,CONCESIÓN ALTO MAGDALENA S.A.S,ALMA-R-28192679,15/11/2019,Ref. Contrato de Concesión 003 de 2014-Concesión Honda – Girardot – Puerto Salgar-Incumplimiento Entrega Informe Trimestral N° 19,15_01_Cartas_Enviadas/RADICADAS/2019/CI004_717519_070108_CON_INCUMP_INFOR-TRIM_19.pdf
3562,4,CONSORCIO 4C,GP-6496,CONCESIÓN ALTO MAGDALENA S.A.S.,ALMA-R-20191365,04/06/2019,Ref. Contrato de Concesión 003 de 2014 Concesión Honda – Girardot – Puerto Salgar. Aspectos e Impactos Ambientales Unidad Funcional 3,15_01_Cartas_Enviadas/RADICADAS/2019/CI004_649619_070108_CON_ASP_IMP_UF3_1.pdf
3563,3,CONSORCIO 4C,GP-7282,CONCESIÓN ALTO MAGDALENA S.A.S.,ALMA-2019-03642,06/12/2019,Ref. Contrato de Concesión 003 de 2014-Concesión Honda – Girardot – Puerto Salgar-Observaciones Fichas Prediales UF3,15_01_Cartas_Enviadas/RADICADAS/2019/CI004_728219_070401_CON_FICH_ALMA-2019-03642.pdf
3565,2,CONSORCIO 4C,GP-6338,AGENCIA NACIONAL DE INFRAESTRUCTURA - ANI,20194090440472,01/05/2019,Ref. Contrato de Concesión 003 de 2014 Concesión Honda – Girardot – Puerto Salgar. Pagos a FONSECON Ley 1106 de 2016.,15_01_Cartas_Enviadas/RADICADAS/2019/CI004_633819_070201_ANI_FONTECON_LEY 1106.pdf
3566,3,CONSORCIO 4C,GP-5961,CONCESIÓN ALTO MAGDALENA S.A.S.,ALMA-R-20190370,13/02/2019,Ref. Contrato de Concesión 003 de 2014 Concesión Honda – Girardot – Puerto Salgar Demolición de Viviendas Norcasia.,15_01_Cartas_Enviadas/RADICADAS/2019/CI004_596119_070103_CON_DEMOLI_VIVIENDAS_NORCASIA.pdf
3568,13,CONSORCIO 4C,GP-7020,AGENCIA NACIONAL DE INFRAESTRUCTURA - ANI,ANI 2019-409-103869-2,02/10/2019,Ref. Contrato de Concesión 003 de 2.014 Concesión Honda - Girardot - puerto Salgar. Informe de Multa por el Incumplimiento al que hace Alusión el Literal (s) de la Sección 6.1 de la parte Especial / Vencimiento de plazo de Cura Otorgado por Incumplimiento de las Condiciones de Seguridad y Salud en el Trabajo en los Frentes de Obra UF 4 y 5.,15_01_Cartas_Enviadas/RADICADAS/2019/CI004_702019_050300_ANI_INFO_MUL_INCUM_LIT-S.pdf
3567,5,CONSORCIO 4C,GP-7311,"AGENCIA NACIONAL DE INFRAESTRUCTURA – ANI, Dr. Luis Eduardo Gutiérrez Díaz",2019-409-133653-2,12/12/2019,Ref. Contrato de Concesión 003 de 2014-Concesión Honda—Girardot—Puerto Salgar.-Remisión Formato GCSP-F-009 Informe Mensual Recaudo de Peajes—Noviembre 2019.,15_01_Cartas_Enviadas/RADICADAS/2019/CI004_731119_070202_ANI_REM_FORM_GCSP-F-009_INF_MAN_RP_NOV19.pdf
3569,3,CONSORCIO 4C,GP-6110,CONCESIÓN ALTO MAGDALENA S.A.S.,ALMA-R-20190011,08/03/2019,Ref. Contrato de Concesión 003 de 2014 - Concesión Honda – Girardot – Puerto Salgar - Revisión Informe EER Gestión Predial UF3,15_01_Cartas_Enviadas/RADICADAS/2019/CI004_611019_050300_CON_EER3_INF_SEM-00776.pdf
3570,4,CONSORCIO 4C,GP-6031,CONCESIÓN ALTO MAGDALENA S.A.S - Atn. Ing. Claudia Cecilia Castillo Pico,ALMA-R-20190445,21/02/2019,Ref. Contrato de Concesión 003 de 2014 - Concesión Honda – Girardot – Puerto Salgar - Estado Intervenciones Sectores disponibles UF5.1,15_01_Cartas_Enviadas/RADICADAS/2019/CI004_603119_070101_CON_DISPONIBLES_PUERTO_BOGOTA-UF5.1.pdf
3571,32,CONSORCIO 4C,GP-6168,AGENCIA NACIONAL DE INFRAESTRUCTURA - ANI,20194090312062,20/03/2019,Pronunciamiento comunicación ALMA 2019-00681. Ampliación en tiempo del período especial en relación al Evento Eximente de Responsabilidad. Por Hallazgos Arqueológicos en la Unidad Funcional 5.1 K130+460 a K130+710.,15_01_Cartas_Enviadas/RADICADAS/2019/CI004_616819_050300_ANI_AMPLIACION_EER_UF5.1.pdf
3572,5,CONSORCIO 4C,GP-7310,"AGENCIA NACIONAL DE INFRAESTRUCTURA - ANI, Dr. Luis Eduardo Gutiérrez Díaz",2019-409-133655-2,20/12/2019,"Fideicomiso Fidubogotá -Alto Magdalena 3-1-63664 Rendimientos'mes de noviembre de 20'19 Hespetado doctor Gutierez: En desarrollo del Fideicomiso del asunto, de manera atenla, nos permitirnos informar los rendimientos acumulados a oclubre de 2019 y los rendimientos generados para el periodo del mes de noviembre de 2019 en el Fideicomiso Afto Magdalena, asi: General. Princrpa¡ 47?.474.576.81: I - Subcuenla Gencrel . Priñ¿iÉ61 5 125 B¿7 lSi.Ecusrl¡ Ge¡eral - Pr¡nc.p¿l Strbcuanta Gcner.ll . Pnncrpal ¡ lSubcgenla Gcne:¡l - Principal General - Predics, General. Predio§ Subcuenla General - Prodiós Cla Aho 031. Cia Aho C3l: Cla Aho 031. FIDUGOB isubcuenta Generat. tnlerueilonaySuperuisión t]?7657.90 4.009t 134. t48 29r ¡7 467.08i NA i calle 67 No. 7 -37 Piso 3 "" Bogotá . colombia . (571) 348s400 . www.fidubogota.com NA NA 4.00c¡! r't A B 150 677 05S ?6 bco Bogotá cta Aho, ooo. __.--__---_L --L r ¡ -f--1 -i-- 'Sul,-u¿r,l,r Gu.rer¡¡i . t¡C FIDUGOts i ,, ,r¡lrerverlorir y superv¡srón [oiddío'o sgs I N A 't, 4 s48 576 l5l rr¡;l FiduckrrisBosotó (J i,,l - -. r:rt I i:,, ¡ rr l 'r"" .:',' -r : .: ir 3ií ,i.l Grjnrjf¿l .,e5 . Acgrles i\Nl SulriL¡8nla Apcrics /rNl ÚF is;ru,a""r.. . aort* 6;:.{ 14.0¿!, .r 00' , 4.00' 4 00!-: i ..,00?,1: i1,00% I t o¡o ¡;s ook 3 3?9 5t¡ i? ¡¡: ¡ol ool §utlcucnta - AForlcs ANI iJf -, 'Jbctieñla Capex ',:{ñññlññlrerei;'i '1'4""' '\.9-l4l§-! .. - , Srt't r.i l t.¡ ilai;r: OIL! zeosut ool -lI:Gl- Bogotá Cla Aho r0 gg§ .18? ¡.696.5C3.00 :,¿ 06; 281 I 60i 66Ir so ses.rz;,ool ¡ 230 bl 9.78.r !d4 Bco Bo_oolá CtB Aho 000. I ¡r_ir_!i*_-.1 - - L_4 00i -_l_- . I r0? 2s3 ss1 pc, tlcqrt;r Cln ,1ho 000 n027-a7 05¿.32:r,r?8 I Gener¡l - Cta Ano 031. Cor¡ocsrt on 76?0.5§ Cra Aho 031- ñA .-l!¡:,(,.i.,,',,rr,:i¡t. Cti¡ras i,1r.rt rrr,., '§'th.,¡i-rtl¡ t-:-rrr-."" :)f,..< 667665311 1q3.!;§ 10_q ¿.00% I 2§ 592 487 ¡ 8o§otii Cta Alio 0C0. L ^^., i¿7 I ''"""""" wb is(J 9U0 t ffi calle 67 No. 7 -37 Piso 3 . Bogotá r colombia . (521) 346s400 . www.firjubogota.com iil;,;.;;;; ---- ,* ""* ^. ;*. .interuenlorr¡ySr¡perursró¡ ?88555 Subcuenla St,petuisrón Y pco Bogolá Cla Aho O0O, | . "", fura!,r:cs Ccnt'it,stas A^, i¡¿¿so;- : '1 00i:: lsul).¡rcnln General. Socone bancolontbra Cta Aho 031- ponrrl;:rurl paiooo.or - __-l_- lSul¡crer¡la General . Soccrle FIC FIDUGOB j rrtra: i'.1,, i:.::' :: '.ii r ir: :1r,r ,._-trÑ.é-tl- rfl rtlr¡,' i ¡ilru | 'r.00"": i ¡.ss¡.lig.¡:n.cd jr sr3 5§s.0( __]- ¿ zgg s2s ca! 157 ??? 0t 34.830.5 1 6.0q _*l_- la ,1, i,: j-:i ?it ili ii l i,q:.:i;l 't. !5.5SA §Sr.:el ,i i ""--_-,.-*.*--_-,+--.,_ 2¡? 5:6.361 {§8.606 ?¡a *C ?3 93il 58C.0¡ lii? 68 I t( §ubcuenta General - Rrrdes 1 §31 4,16 ¡11'. 5..1t 13r 53?.!0: , t.ii 0t L758 C94.úil ' Í!r3 ¡¡! i: :2,1 rii-¡ a7i Ogi rÁi ñ1a §'tl ññ faho 000- 4.O0i.i .:00i; sB sse.oq rc ror,ooi rs.ror ool 4 00,1: ffi I I __-_-_*_^_J :r llL,Li rt r':', ,i,t ''¡11,¡¡¡. ¡,.-1¡, . ii¡:¡,r:¡- lSubc¡re¡t¡ . Rec¡L UF! -1 _l .r lij.r¡ ¡-1J ita SuFcrrDrla CrÉdrlos y Equ¡ly 137 20i 6fr7.00, _,4""1,r: 3 ?58 zni 0§ -r 1i.: gi:i ;! 6¿¡r f:i : , r1 , i[)i tr ;:r¡s:r:i Bogo!á Cla Aho §ub!, r..lr . pr.p¡r-oos pn.rus PL.ego!á cta Aho 0c0- 243.?9a,0C ¡ I 38.937 00 ofot áNr UF 7 . pfl -- !x I Eco Éo Bmo:i p¡¡r i - - _ I !ss&l?¡r. I v'a-' '::. '|:r- i De acuerdo a lo ind¡cádo en el olÍosi No 3. los rend¡rnienlos generados en las Subcuentas de clesernbolso rJel crédito en dólares, r€sv,va en dólares y Subcuenta IDC Éñ dólares. serán Iransíe¡iclos en cada fecha de transfererrcias hacia la S,.bcuenta balance Cabe aclarar qu_e. l_os ren<lir¡rrlntos gue se generan en las SUbcuentas Aporte ANI principal cuenta de ahorros banco de Bogotá 000-288613 y St:|cuenta Recaudo Peaje principal cuenla de ahorros No 000-288514. rnensualr¡enle se trasladan a cada Sttbcuent;i respectiva por Unrdad funcional cJe acuerdo a los porcentajes correspondienles,",15_01_Cartas_Enviadas/RADICADAS/2019/CI004_731019_070202_ANI_REMI_FOR_GCSP-F-007_INF_EJEC_RP_NOV2019.pdf
3574,4,CONSORCIO 4C,GP-6728,CONCESIÓN ALTO MAGDALENA S.A.S,ALMA-R-20191790,25/07/2019,Ref. Contrato de Concesión 003 de 2014 - Concesión Honda – Girardot – Puerto Salgar. Observaciones Revisión de Avalúo UF2,15_01_Cartas_Enviadas/RADICADAS/2019/CI004_672819_070406_CON_AVALU_ALMA-2019-02309.PDF
3575,3,CONSORCIO 4C,GP-5898,CONCESIÓN ALTO MAGDALENA S.A.S,ALMA-R-20190238,31/01/2019,"PAGOS FONTUR LEY 1101 III II I 111 ALMA—R-20190444 .4 CI.004/GP5898/19/5.3 Girardot — CND, 31 de enero de 2019",15_01_Cartas_Enviadas/RADICADAS/2019/CI004_589819_050300_CON_PAGOS_FONTUR_LEY1101.pdf
3576,5,CONSORCIO 4C,GP-6722,CONCESIÓN ALTO MAGDALENA S.A.S - Atn. Ing. Claudia Cecilia Castillo Pico,ALMA-R-28191799,25/07/2019,Ref. Contrato de Concesión 003 de 2014 - Concesión Honda – Girardot – Puerto Salgar - Compromisos Mesa Trabajo 30 Abril 2019 – Peajes y Pesajes,15_01_Cartas_Enviadas/RADICADAS/2019/CI004_672219_070301_CON_COMPRO_MANTEN_PEAJES.PDF
3577,4,CONSORCIO 4C,GP-6635,CONCESIÓN ALTO MAGDALENA S.A.S,ALMA-R-20191611,02/07/2019,Ref. Contrato de Concesión 003 de 2014 - Concesión Honda – Girardot – Puerto Salgar - Observaciones Revisión de Avalúo UF5,15_01_Cartas_Enviadas/RADICADAS/2019/CI004_663519_070406_CON_AVALU_ALMA-2019-01957.PDF
3578,4,CONSORCIO 4C,GP-5777,CONCESIÓN ALTO MAGDALENA S.A.S.,ALMA-R-28190834,04/01/2019,Ref. Contrato de Concesión 003 de 2014 Concesión Honda – Girardot – Puerto Salgar. Incumplimiento Condiciones Seguridad UF 5 Semana 203,15_01_Cartas_Enviadas/RADICADAS/2019/CI004_577719_070110_CON_SEGSISO_UF5_SEM203.pdf
3580,3,CONSORCIO 4C,GP-6458,CONCESIÓN ALTO MAGDALENA S.A.S.,ALMA-R-20191243,22/05/2019,Ref. Contrato de Concesión 003 de 2014 Concesión Honda – Girardot – Puerto Salgar. Observaciones Expedientes Finales Prediales,15_01_Cartas_Enviadas/RADICADAS/2019/CI004_645819_070401_CON_EXP-FINAL_ALMA-2019-01338-01339.PDF
3579,6,CONSORCIO 4C,GP-6682,CONCESIÓN ALTO MAGDALENA S.A.S.,ALMA-R-20191708,15/07/2019,Ref. Contrato de Concesión 003 de 2014 - Concesión Honda – Girardot – Puerto Salgar - Alcance Artículos 1° y 2° Auto 148 de 15 de febrero de 2019 / Alcantarilla K57+693 - UF3.,15_01_Cartas_Enviadas/RADICADAS/2019/CI004_668219_070107_070108_CON_ODT-K57_ALMA-2019-01982.PDF
3581,18,CONSORCIO 4C,GP-6966,AGENCIA NACIONAL DE INFRAESTRUCTURA – ANI,2019-409-103874-2,02/10/2019,"Ref. Contrato de Concesión 003 de 2014 Concesión Honda – Girardot – Puerto Salgar. Informe de multa por el incumplimiento de las Obligaciones Contempladas en el Apéndice Técnico 6, Numeral 4.1, Literal (a) y de las medidas de manejo contenidas PAGA no objetado de la Unidad Funcional 4.2",15_01_Cartas_Enviadas/RADICADAS/2019/CI004_696619_050300_ANI_INFO_MUL_INCUM.pdf
3582,4,CONSORCIO 4C,GP-6209,CONCESIÓN ALTO MAGDALENA S.A.S,ALMA-R-201900518,26/03/2019,Ref. Contrato de Concesión 003 de 2014 - Concesión Honda – Girardot – Puerto Salgar - Observaciones Revisión de Avalúo UF5,15_01_Cartas_Enviadas/RADICADAS/2019/CI004_620919_070406_CON_AVALU_ALMA-2019-00322.pdf
3583,3,CONSORCIO 4C,GP-6308,CONCESIÓN ALTO MAGDALENA S.A.S - Ing. Claudia Cecilia Castillo Pico,ALMA-R-20191009,16/04/2019,Ref. Contrato de Concesión 003 de 2014 - Concesión Honda – Girardot – Puerto Salgar - Seguimiento Adquisición Predial Glorieta Puerto Bogotá,15_01_Cartas_Enviadas/RADICADAS/2019/CI004_630819_070101_CON_PREDIOS_GLORIETA_PTOBOGOTA-UF5.1.PDF
3584,2,CONSORCIO 4C,GP-7347,AGENCIA NACIONAL DE INFRAESTRUCTURA - ANI,20194091330032,19/12/2019,Ref. Contrato de Concesión 003 de 2014 - Concesión Honda – Girardot – Puerto Salgar - Lineamientos Paso Sin Pago Peaje – Brisas,15_01_Cartas_Enviadas/RADICADAS/2019/CI004_734719_070109_ANI_LINEAMIENTOS_EXENTOS_PAJEBRISAS.pdf
3585,3,CONSORCIO 4C,GP-6430,CONCESIÓN ALTO MAGDALENA S.A.S.,ALMA-R-20191207,16/05/2019,Ref. Contrato de Concesión 003 de 2014-Concesión Honda – Girardot – Puerto Salgar-Observaciones Informe Trimestral Social 18,15_01_Cartas_Enviadas/RADICADAS/2019/CI004_643019_070109_CON_ALMA-001698_INFOTRIMEST_SOCI18.PDF
3586,8,CONSORCIO 4C,GP-6096,CONCESIÓN ALTO MAGDALENA S.A.S.,ALMA-R-20190500,07/03/2019,Ref. Contrato de Concesión 003 de 2014 Concesión Honda – Girardot – Puerto Salgar Revisión Informe Semanal Avance Gestión Predial Unidad Funcional 4. Respuesta a comunicados ALMA-2019-00631 y ALMA-2019-00726.,15_01_Cartas_Enviadas/RADICADAS/2019/CI004_609619_050300_CON_EER4_INF_SEM-00631-00726.pdf
3587,3,CONSORCIO 4C,GP-6020,CONCESIÓN ALTO MAGDALENA S.A.S.,ALMA-R-20190032,20/02/2019,Ref. Contrato de Concesión 003 de 2014 - Concesión Honda – Girardot – Puerto Salgar - Seguimiento observaciones Peaje UF3,15_01_Cartas_Enviadas/RADICADAS/2019/CI004_602019_070103_CON_OBSERVA_PEAJE_UF3.pdf
3588,3,CONSORCIO 4C,GP-6504,CONCESIÓN ALTO MAGDALENA S.A.S.,ALMA-R-20191353,04/06/2019,Ref. Contrato de Concesión 003 de 2014 Concesión Honda – Girardot – Puerto Salgar Evaluación Niveles de Servicio - Junio de 2019.,15_01_Cartas_Enviadas/RADICADAS/2019/CI004_650418_070303_CON_MEDICION_INDICADORES_JUNIO-19.PDF
3590,3,CONSORCIO 4C,GP-7100,CONCESIÓN ALTO MAGDALENA S.A.S.,ALMA-R-20192556,25/10/2019,Ref. Contrato de Concesión 003 de 2014 - Concesión Honda – Girardot – Puerto Salgar - Observaciones Resolución de Expropiación UF5,15_01_Cartas_Enviadas/RADICADAS/2019/CI004_710019_070404_CON_RES_EXP_ALMA-2019-03035.pdf
3589,4,CONSORCIO 4C,GP-7051,CONCESIÓN ALTO MAGDALENA S.A.S,ALMA-R-20192428,09/10/2019,Ref. Contrato de Concesión 003 de 2014 Concesión Honda – Girardot – Puerto Salgar. Observaciones Revisión de Avalúo UF2,15_01_Cartas_Enviadas/RADICADAS/2019/CI004_705119_070406_CON_AVALU_ALMA-2019-02983-02984.pdf
3573,8,CONSORCIO 4C,GP-6260,CONCESIÓN ALTO MAGDALENA S.A.S.,ALMA-R-20190922,08/04/2019,Ref. Contrato de Concesión 003 de 2014 - Concesión Honda – Girardot – Puerto Salgar - Verificación PMT UF5. Vencimiento Plazo de Cura.,15_01_Cartas_Enviadas/RADICADAS/2019/CI004_626019_0703_CON_VERIFICA_PLAZOCURA_PMT_UF5.pdf
3591,5,CONSORCIO 4C,GP-7120,CONCESIÓN ALTO MAGDALENA S.A.S - Atn. Ing. Claudia Cecilia Castillo Pico,ALMA-R-20192567,30/10/2019,Ref. Contrato de Concesión 003 de 2014 - Concesión Honda – Girardot – Puerto Salgar - Respuesta ALMA-2019-03089 / Avalúo Predio Dinamarca “Medida de Compensación Ambiental”,15_01_Cartas_Enviadas/RADICADAS/2019/CI004_712019_070108_CON_ALMA-2019-03089_AVALUO_PRED-DIMARCA.pdf
3592,9,CONSORCIO 4C,GP-6593,CONCESIÓN ALTO MAGDALENA S.A.S,ALMA-R-20191512,20/06/2019,"Ref. Contrato de Concesión 003 de 2014 Concesión Honda – Girardot – Puerto Salgar. Observaciones Pago Seguridad Social Marzo, Salarios Febrero/2019 y Soportes Ingreso",15_01_Cartas_Enviadas/RADICADAS/2019/CI004_659319_070110_CON_SEGU_SOCIAL_MAR-SALARFEB2019.pdf
3593,22,CONSORCIO 4C,GP-6798,AGENCIA NACIONAL DE INFRAESTRUCTURA - ANI,20194090820922,08/08/2019,Pronunciamiento comunicación ALMA 2019-00681,15_01_Cartas_Enviadas/RADICADAS/2019/CI004_679819_050300_ANI_AMPLIA_EER-ARQ_UF5.1.pdf
3595,6,CONSORCIO 4C,GP-6749,CONCESIÓN ALTO MAGDALENA S.A.S - Ing. Claudia Cecilia Castillo Pico,ALMA-R-20191636,30/07/2019,Ref. Contrato de Concesión 003 de 2014 - Concesión Honda – Girardot – Puerto Salgar - Seguimiento Marco Normativo UF 5.2,15_01_Cartas_Enviadas/RADICADAS/2019/CI004_674919_070108_CON_MARC_NORM_UF5.2.pdf
3594,2,CONSORCIO 4C,GP-7244,CONCESIÓN ALTO MAGDALENA S.A.S.,ALMA-R-20192777,28/11/2019,Ref. Contrato de Concesión 003 de 2014 - Concesión Honda – Girardot – Puerto Salgar - Revisión Fichas Sociales predio ALMA 5-0253,15_01_Cartas_Enviadas/RADICADAS/2019/CI004_724419_070402_CON_FICH_SOCIAL_ALMA-03435.pdf
3596,4,CONSORCIO 4C,GP-7184,CONCESIÓN ALTO MAGDALENA S.A.S.,ALMA-R-20192689,15/11/2019,Ref. Contrato de Concesión 003 de 2014 Concesión Honda – Girardot – Puerto Salgar. Solicitud Registro Entrega Dotación Año 2019,15_01_Cartas_Enviadas/RADICADAS/2019/CI004_718419_070110_CON_REGIS_ENTREGA_DOTAC.pdf
3597,2,CONSORCIO 4C,GP-7103,CONCESIÓN ALTO MAGDALENA S.A.S - Ing. Claudia Cecilia Castillo Pico,ALMA-2019-03272,25/10/2019,Ref. Contrato de Concesión 003 de 2014 - Concesión Honda – Girardot – Puerto Salgar - Informe Trimestral Socio Ambiental 18 Versión 3,15_01_Cartas_Enviadas/RADICADAS/2019/CI004_710319_070108_CON_INFO-TRI_ALMA-2019-03272.pdf
3599,10,CONSORCIO 4C,GP-5926,CONCESIÓN ALTO MAGDALENA S.A.S.,ALMA-R-26198294,06/02/2019,Ref. Contrato de Concesión 003 de 2014 Concesión Honda – Girardot – Puerto Salgar. Revisión Sábana Avalúos Respuesta al comunicado ALMA-2018-4425,15_01_Cartas_Enviadas/RADICADAS/2019/CI004_592619_070406_CON_ACT_SABANA_AVALUOS.pdf
3598,5,CONSORCIO 4C,GP-5844,CONCESIÓN ALTO MAGDALENA S.A.S,ALMA-R-20190125,18/01/2019,Ref. Contrato de Concesión 003 de 2014 - Concesión Honda – Girardot – Puerto Salgar - Cambio Menor Resolución 1684 de 2015,15_01_Cartas_Enviadas/RADICADAS/2019/CI004_584419_070108_CON_RESP_ALMA-2018-4720.pdf
3600,2,CONSORCIO 4C,GP-6756,CONCESIÓN ALTO MAGDALENA S.A.S.,ALMA-R-29191843,30/07/2019,Ref. Contrato de Concesión 003 de 2014 Concesión Honda – Girardot – Puerto Salgar Iluminación Estación Peaje Guataquí,15_01_Cartas_Enviadas/RADICADAS/2019/CI004_675619_070301_CON_CAMARA_OCR_GUATAQUI.pdf
3601,5,CONSORCIO 4C,GP-7355,CONCESIÓN ALTO MAGDALENA S.A.S,ALMA-R-20192978,20/12/2019,Ref. Contrato de Concesión 003 de 2014 - Concesión Honda – Girardot – Puerto Salgar - Observaciones Generales Expedientes Finales,15_01_Cartas_Enviadas/RADICADAS/2019/CI004_735519_070401_CON_OBSERVAC_GENERALES_EXP-FINALES.pdf
3602,4,CONSORCIO 4C,GP-6090,CONCESIÓN ALTO MAGDALENA S.A.S,ALMA-R-20190579,06/03/2019,Ref. Contrato de Concesión 003 de 2014 - Concesión Honda – Girardot – Puerto Salgar - Observaciones Revisión de Avalúos UF5,15_01_Cartas_Enviadas/RADICADAS/2019/CI004_609019_070406_CON_OBS_ALMA-2019-00324.pdf
3603,6,CONSORCIO 4C,GP-0153,"AGENCIA NACIONAL DE INFRAESTRUCTURA - ANI, Dr. Manuel Isidro Raigozo Rubio",2019-409-041445-2,24/04/2019,Ref. Contrato de Interventoría 145 de 2014 Concesión Honda – Girardot – Puerto Salgar. Reemplazo Personal Interventoría,15_01_Cartas_Enviadas/RADICADAS/2019/CI004_015319_020200_ANI_REEM_PERSO_INTER.pdf
3604,3,CONSORCIO 4C,GP-5797,CONCESIÓN ALTO MAGDALENA S.A.S.,ALMA-R-20190073,10/01/2019,Ref. Contrato de Concesión 003 de 2014 Concesión Honda – Girardot – Puerto Salgar Reconstrucción Cerramiento Polideportivo Puerto Bogotá Unidad Funcional 5.1,15_01_Cartas_Enviadas/RADICADAS/2019/CI004_579719_070107_CON_ALMA-4716_POLIDE_-PTO-BOGOTA.pdf
3605,4,CONSORCIO 4C,GP-6130,CONCESIÓN ALTO MAGDALENA S.A.S.,ALMA-R-20190645,13/03/2019,Ref. Contrato de Concesión 003 de 2014 Concesión Honda – Girardot – Puerto Salgar Seguimiento Avance Obras – Rehabilitación Honda - La Dorada UF-5.2,15_01_Cartas_Enviadas/RADICADAS/2019/CI004_613019_070101_CON_AVAN_OBRA_REHABI-UF5.pdf
3606,4,CONSORCIO 4C,GP-5909,CONCESIÓN ALTO MAGDALENA S.A.S.,ALMA-R-20190260,01/02/2019,Ref. Contrato de Concesión 003 de 2014 Concesión Honda – Girardot – Puerto Salgar. Incumplimiento condiciones de seguridad UF 5. Semana 206 y 207,15_01_Cartas_Enviadas/RADICADAS/2019/CI004_590919_070110_CON_SEGSISO_UF5_SEM206207.pdf
3607,2,CONSORCIO 4C,GP-5942,AGENCIA NACIONAL DE INFRAESTRUCTURA - ANI,20194090130652,08/02/2019,Ref. Contrato de Concesión 003 de 2014 Concesión Honda – Girardot – Puerto Salgar. Informe Mensual Técnico 51 Versión 00.,15_01_Cartas_Enviadas/RADICADAS/2019/CI004_594219_090200_INFORME_MENSUAL_ENE_2019.pdf
3608,1,CONSORCIO 4C,GP-7314,"AGENCIA NACIONAL DE INFRAESTRUCTURA - ANI
Atn. Ing. Manuel Isidro Raigozo Rubio","2019-409-131838-2
ALMA-R-20192948",16/12/2019,ACTAS DE CALCULO VPIP NOVIEMBRE 2019 PI NIWIN 8 ALMA-R-20192948 . Contrato de Concesión 003 de 2014 Concesión Honda — Girardot — Puerto Salgar Acta de Calculo VPIP Noviembre 2019.,15_01_Cartas_Enviadas/RADICADAS/2019/CI004_731419_070209_ANI_ACTA_CAL_VPIP_NOV2019.pdf
3610,4,CONSORCIO 4C,GP-5873,CONCESIÓN ALTO MAGDALENA S.A.S,ALMA-2019-00079,23/01/2019,Ref. Contrato de Concesión 003 de 2014 - Concesión Honda – Girardot – Puerto Salgar - Respuesta / Informe de Seguimiento y Monitoreo N°2 - Resolución 2129 de 2015,15_01_Cartas_Enviadas/RADICADAS/2019/CI004_587319_CON_070108_RESP_ALMA-2019-00079.pdf
3609,2,CONSORCIO 4C,GP-6961,CONCESIÓN ALTO MAGDALENA S.A.S.,ALMA-R-20192246,18/09/2019,Ref. Contrato de Concesión 003 de 2014 - Concesión Honda – Girardot – Puerto Salgar - Instalación Vallas Estaciones Pesaje San Lorenzo y Brisas,15_01_Cartas_Enviadas/RADICADAS/2019/CI004_696119_070301_CON_VALLAS_CATEG_BASCULAS.pdf
3611,4,CONSORCIO 4C,GP-5911,CONCESIÓN ALTO MAGDALENA S.A.S.,ALMA-R-201902622,01/02/2019,Ref. Contrato de Concesión 003 de 2014 - Concesión Honda – Girardot – Puerto Salgar - Requerimiento Correcciones Peaje Cambao UF4,15_01_Cartas_Enviadas/RADICADAS/2019/CI004_591119_070301_CON_OBSERVACI_PEAJE_CAMBAO.pdf
3612,3,CONSORCIO 4C,GP-6451,CONCESIÓN ALTO MAGDALENA S.A.S.,ALMA-R-20191238,22/05/2019,Ref. Contrato de Concesión 003 de 2014 - Concesión Honda – Girardot – Puerto Salgar - Liberación Cubierta Áreas Contractuales,15_01_Cartas_Enviadas/RADICADAS/2019/CI004_645119_070103_CON_LIB-CUBIERTA_A-SERVICIO_UF5.2.PDF
3613,4,CONSORCIO 4C,GP-7089,CONCESIÓN ALTO MAGDALENA S.A.S - Ing. Claudia Cecilia Castillo Pico,ALMA-R-20192493,18/10/2019,Ref. Contrato de Concesión 003 de 2014-Concesión Honda – Girardot – Puerto Salgar.-Observaciones Revisión de Avalúo UF2,15_01_Cartas_Enviadas/RADICADAS/2019/CI004_708919_070406_CON_AVALU_ALMA-2019-02908.pdf
3615,4,CONSORCIO 4C,GP-6295,CONCESIÓN ALTO MAGDALENA S.A.S.,ALMA-2019-01022,12/04/2019,Ref. Contrato de Concesión 003 de 2014 Concesión Honda – Girardot – Puerto Salgar. Observaciones SST Memoria Técnica Febrero 2019,15_01_Cartas_Enviadas/RADICADAS/2019/CI004_629519_070110_CON_OBS_MEMORIA_TECNICAFEB.pdf
3614,2,CONSORCIO 4C,GP-6660,CONCESIÓN ALTO MAGDALENA S.A.S,ALMA-R-28191672,10/07/2019,Ref. Contrato de Concesión 003 de 2014 - Concesión Honda – Girardot – Puerto Salgar - Revisión Entrega Resultados Prueba Carga Puente Nuevo Salgar UF5.4,15_01_Cartas_Enviadas/RADICADAS/2019/CI004_666019_070107_CON_ALMA-2019-01730_PRU-CARGA_PTES-SALGAR.PDF
3617,1,CONSORCIO 4C,GP-6699,"AGENCIA NACIONAL DE INFRAESTRUCTURA – ANI, Dr. Luis Eduardo Gutiérrez Díaz",2019-409-075069-2,22/07/2019,Ref. Contrato de Concesión 003 de 2014 - Concesión Honda – Girardot – Puerto Salgar - Remisión Formato GCSP-F-007 Informe de Ejecución de Recursos Públicos – Junio 2019,15_01_Cartas_Enviadas/RADICADAS/2019/CI004_669919_070202_ANI_REMI_FOR_GCSP-F-007_INFO_EJEC_RECPUB_JUN2019.pdf
3616,2,CONSORCIO 4C,GP-6184,CONCESIÓN ALTO MAGDALENA S.A.S - Ing. Claudia Cecilia Castillo Pico,ALMA-R-2019-0767,22/03/2019,Ref. Contrato de Concesión 003 de 2014 - Concesión Honda – Girardot – Puerto Salgar. Observaciones Tabla Especies y Cultivos,15_01_Cartas_Enviadas/RADICADAS/2019/CI004_618419_070406_CON_TABLA_ESPECIES_CULTIVOS.pdf
3618,7,CONSORCIO 4C,GP-7220,CONCESIÓN ALTO MAGDALENA S.A.S.,ALMA-R-20192763,27/11/2019,Ref. Contrato de Concesión 003 de 2014 - Concesión Honda – Girardot – Puerto Salgar - Resultado Medición Niveles de Servicio – octubre de 2019.,15_01_Cartas_Enviadas/RADICADAS/2019/CI004_722019_070303_CON_INDICES_OCTUBRE_2019.pdf
3619,2,CONSORCIO 4C,GP-6501,AGENCIA NACIONAL DE INFRAESTRUCTURA - ANI,20194090569162,04/06/2019,"Ref. Contrato de Concesión 003 de 2014-Concesión Honda – Girardot – Puerto Salgar-Cronograma Actividades Ejecutadas y Programadas-Peajes Cambao, Guataqui y Brisas.",15_01_Cartas_Enviadas/RADICADAS/2019/CI004_650119_070301_CRONO_PEAJE_JUNIO19.pdf
3621,2,CONSORCIO 4C,GP-6005,CONCESIÓN ALTO MAGDALENA S.A.S.,ALMA-R-20190416,19/02/2019,Ref. Contrato de Concesión 003 de 2014 - Concesión Honda – Girardot – Puerto Salgar - Revisión Fichas Sociales,15_01_Cartas_Enviadas/RADICADAS/2019/CI004_600519_070402_CON_FICHAS_SOCIALES_ALMA-00221- ALMA-00300 -ALMA-00369.pdf
3622,4,CONSORCIO 4C,GP-6886,CONCESIÓN ALTO MAGDALENA S.A.S,ALMA-R-20192069,27/08/2019,Ref. Contrato de Concesión 003 de 2014 - Concesión Honda – Girardot – Puerto Salgar - Observaciones Revisión de Avalúos UF2 y UF3,15_01_Cartas_Enviadas/RADICADAS/2019/CI004_688619_070406_CON_AVALU_ALMA-2019-02593-02609.pdf
3620,4,CONSORCIO 4C,GP-6897,CONCESIÓN ALTO MAGDALENA S.A.S.,ALMA-R-20192975,28/08/2019,Ref. Contrato de Concesión 003 de 2014-Concesión Honda – Girardot – Puerto Salgar-Observaciones Diseños Eléctricos UF-5,15_01_Cartas_Enviadas/RADICADAS/2019/CI004_689719_070107_CON_DIS_ELEC_UF5.pdf
3623,2,CONSORCIO 4C,GP-7172,SUPERINTENDENCIA DE PUERTOS Y TRANSPORTE - Dr. Álvaro Enrique Merchán Ramírez,20194091194372,13/11/2019,Ref. Contrato de Concesión 003 de 2014 - Concesión Honda — Girardot — Puerto Salgar - Informe Mensual Técnico 60 y Socioambiental 48 Versión 00,15_01_Cartas_Enviadas/RADICADAS/2019/CI004_717219_090200_SIPT_INF_TEC60_SOCIAM48_V00.pdf
3624,4,CONSORCIO 4C,GP-6057,CONCESIÓN ALTO MAGDALENA S.A.S - Atn. Ing. Claudia Cecilia Castillo Pico,ALMA-R-20190450,26/02/2019,Ref. Contrato de Concesión 003 de 2014 - Concesión Honda – Girardot – Puerto Salgar - Solicitud de información - Gestión Predial Colegio Nicolas de Federman UF3,15_01_Cartas_Enviadas/RADICADAS/2019/CI004_605719_070401_CON_COLEGIO_GUATAQUI_EER_UF3-2.pdf
3625,8,CONSORCIO 4C,GP-6264,AGENCIA NACIONAL DE INFRAESTRUCTURA – ANI,20194090361382,09/04/2019,Ref. Contrato de Concesión 003 de 2014 Concesión Honda – Girardot – Puerto Salgar. Gestión Predial Interventoría Revisión Entregas del Concesionario,15_01_Cartas_Enviadas/RADICADAS/2019/CI004_626419_070401_ANI_REVISION_ENTREGAS_CONCESIONARIO.pdf
3626,4,CONSORCIO 4C,GP-6998,CONCESIÓN ALTO MAGDALENA S.A.S,ALMA-R-20192311,26/09/2019,Ref. Contrato de Concesión 003 de 2014-Concesión Honda – Girardot – Puerto Salgar-Observaciones Revisión de Avalúo UF5,15_01_Cartas_Enviadas/RADICADAS/2019/CI004_699819_070406_CON_AVALU_ALMA-2019-02926-02927.pdf
3627,5,CONSORCIO 4C,GP-6125,CONCESIÓN ALTO MAGDALENA S.A.S,ALMA-R-20190633,12/03/2019,Ref. Contrato de Concesión 003 de 2014 - Concesión Honda – Girardot – Puerto Salgar - Observaciones Revisión de Avalúo UF5,15_01_Cartas_Enviadas/RADICADAS/2019/CI004_612519_070406_CON_OBS_ALMA-2019-00670.pdf
3629,8,CONSORCIO 4C,GP-7193,"AGENCIA NACIONAL DE INFRAESTRUCTURA – ANI
Atención: Dr. Luis Eduardo Gutiérrez Díaz",2019-409-120838-2,18/11/2019,Ref. Contrato de Concesión 003 de 2014 Concesión Honda – Girardot – Puerto Salgar. Remisión Formato GCSP-F-001 Mantenimiento Bienes Uso Público – Octubre 2019,15_01_Cartas_Enviadas/RADICADAS/2019/CI004_719319_070200_ANI_REMISION_FORMATO_GCSP-F-001_MTTO_OCT-191.pdf
3628,22,CONSORCIO 4C,GP-6664,"AGENCIA NACIONAL DE INFRAESTRUCTURA – ANI
Atención: Ing. Luis Eduardo Gutiérrez Díaz
Vicepresidente de Gestión Contractual",ALMA-R-20191674,10/07/2019,Ref. Contrato de Concesión 003 de 2014 Concesión Honda – Girardot – Puerto Salgar. Informe de multa por el Incumplimiento al que hace alusión en literal (k) de la Sección 6.1 de la Parte Especial / Vencimiento de Plazo de Cura otorgado para cumplir con la totalidad de las Especificaciones Técnicas UF1.,15_01_Cartas_Enviadas/RADICADAS/2019/CI004_666419_050300_ANI_MULTA_ESPECIF_TEC_UF1.PDF
3630,2,CONSORCIO 4C,GP-6808,AGENCIA NACIONAL DE INFRAESTRUCTURA - ANI,20194090832952,09/08/2019,Ref. Contrato de Concesión 003 de 2014 Concesión Honda – Girardot – Puerto Salgar. Registro Fílmico Informe Mensual Técnico 57,15_01_Cartas_Enviadas/RADICADAS/2019/CI004_680819_090200_VIDEO_IMI_JULIO_2019.pdf
3631,2,CONSORCIO 4C,GP-6778,CONCESIÓN ALTO MAGDALENA S.A.S - Ing. Claudia Cecilia Castillo Pico,ALMA-R-20191893,02/08/2019,Ref. Contrato de Concesión 003 de 2014 - Concesión Honda – Girardot – Puerto Salgar - Revisión Memorias de Cálculo del Puente Peatonal Norcasia UF5.2,15_01_Cartas_Enviadas/RADICADAS/2019/CI004_677819_070107_CON_RES-ALMA-2019-02058_PPEAT-ESTR-NORCASIA.pdf
3632,4,CONSORCIO 4C,GP-6287,CONCESIÓN ALTO MAGDALENA S.A.S,ALMA-R-201908971,10/04/2019,Ref. Contrato de Concesión 003 de 2014-Concesión Honda – Girardot – Puerto Salgar.-Observaciones Revisión Avalúos UF5,15_01_Cartas_Enviadas/RADICADAS/2019/CI004_628719_070406_CON_AVA_ALMA-2019-00408-01129.pdf
3633,10,CONSORCIO 4C,GP-6204,CONCESIÓN ALTO MAGDALENA S.A.S.,ALMA-R-20190886,27/03/2019,Ref. Contrato de Concesión 003 de 2014 - Concesión Honda – Girardot – Puerto Salgar - Condiciones Seguridad UF 5 marzo 15 de 2019,15_01_Cartas_Enviadas/RADICADAS/2019/CI004_620419_070110_CON_SEGSISO_UF5_A15MAR.pdf
3634,1,CONSORCIO 4C,GP-6655,"AGENCIA NACIONAL DE INFRAESTRUCTURA - ANI
Atn. Ing. Manuel Isidro Raigozo Rubio",2019-409-071117-2,09/07/2019,"ACTA DE COMPENSA CION ESPECIAL UF3 No ALMA—R-20191691 Este recibido no implica aceptados CI.004/GP6655/19/7.2.11 Girardot — CND, 09 de julio de 2019",15_01_Cartas_Enviadas/RADICADAS/2019/CI004_665519_070211_ANI_ACTA_COM_ESP_UF3Y4.pdf
3635,2,CONSORCIO 4C,GP-6518,AGENCIA NACIONAL DE INFRAESTRUCTURA - ANI,ANI 20183050278451,07/06/2019,Ref. Contrato de Concesión 003 de 2014-Concesión Honda – Girardot – Puerto Salgar-Remisión de Informe Especial No. 37-Pendientes UF3 y UF5,15_01_Cartas_Enviadas/RADICADAS/2019/CI004_651819_091000_ANI_INF_ESP_37.pdf
3636,16,CONSORCIO 4C,GP-0262,"AGENCIA NACIONAL DE INFRAESTRUCTURA - ANI, Atn. Ing. Manuel Isidro Raigozo Rubio",2019-409-069847-2,09/07/2019,Ref. Contrato de Interventoría 145 de 2014 - Concesión Honda - Girardot - Puerto Salgar. Reemplazo Subdirector Técnico y Operativo y Residente Técnico,15_01_Cartas_Enviadas/RADICADAS/2019/CI004_026219_ANI_APROB_HV_SUBD_ FMO_RTECN_CCHACON.pdf
3637,2,CONSORCIO 4C,GP-5978,CONCESIÓN ALTO MAGDALENA S.A.S.,ALMA-R-28190366,13/02/2019,Ref. Contrato de Concesión 003 de 2014 - Concesión Honda – Girardot – Puerto Salgar - Resultado Medición Nivel de Servicio E15– enero de 2019.,15_01_Cartas_Enviadas/RADICADAS/2019/CI004_597819_070303_CON_NIVELES_SERVICIO-E15_ENER19.pdf
3638,3,CONSORCIO 4C,GP-5882,AGENCIA NACIONAL DE INFRAESTRUCTURA - ANI,20194090080462,25/01/2019,Ref. Contrato de Concesión 003 de 2014 - Concesión Honda – Girardot – Puerto Salgar - Actualización IPC Póliza 2019 - OBRA CIVIL,15_01_Cartas_Enviadas/RADICADAS/2019/CI004_588219_050300_ANI_POLIZ_TODO-DAÑ_INFRAEST.pdf
3639,10,CONSORCIO 4C,GP-6930,ANCIZAR GIRALDO BEDOYA,PQRS-UF5-2019-627,05/09/2019,Ref. Contrato de Concesión 003 de 2014 - Concesión Honda – Girardot – Puerto Salgar - Seguimiento PQRS (Sr. Ancizar Giraldo,15_01_Cartas_Enviadas/RADICADAS/2019/CI004_693019_070109_TER_RTA_PQR_AGIRALDO_UF5..pdf
3640,2,CONSORCIO 4C,GP-6382,CONCESIÓN ALTO MAGDALENA S.A.S,ALMA-R-20191142,09/05/2019,Ref. Contrato de Concesión 003 de 2014 Concesión Honda – Girardot – Puerto Salgar. Verificación Elementos Emergencia Concesionario,15_01_Cartas_Enviadas/RADICADAS/2019/CI004_638219_070110_CON_VERIF_ELEMENT_EMERG.pdf
3642,2,CONSORCIO 4C,GP-6937,AGENCIA NACIONAL DE INFRAESTRUCTURA - ANI,20194090945872,10/09/2019,Ref. Contrato de Concesión 003 de 2014 Concesión Honda – Girardot – Puerto Salgar. Registro Fílmico Informe Mensual Técnico 58,15_01_Cartas_Enviadas/RADICADAS/2019/CI004_693719_090200_ANI_VIDEO_IMI_AGOSTO-2019.pdf
3641,3,CONSORCIO 4C,GP-7135,AGENCIA NACIONAL DE INFRAESTRUCTURA – ANI,ALMA-R-2019261S,06/11/2019,Ref. Contrato de Concesión 003 de 2014 Concesión Honda – Girardot – Puerto Salgar Seguimiento Bimestral-Plan de Obras Corte al 03 de noviembre de 2019,15_01_Cartas_Enviadas/RADICADAS/2019/CI004_713519_070101_ANI_SEG-BIMES_PLANOBRA_NOV-19.pdf
3644,4,CONSORCIO 4C,GP-6006,CONCESIÓN ALTO MAGDALENA S.A.S,ALMA-R-2019041?,14/02/2019,Ref. Contrato de Concesión 003 de 2014 Concesión Honda – Girardot – Puerto Salgar. Observaciones Revisión de Avalúo UF4 y UF5,15_01_Cartas_Enviadas/RADICADAS/2019/CI004_600619_070406_CON_OBS_ALMA-2018-4299-00319.pdf
3643,3,CONSORCIO 4C,GP-7019,CONCESIÓN ALTO MAGDALENA S.A.S.,ALMA-R-20192325,27/09/2019,Ref. Contrato de Concesión 003 de 2014 Concesión Honda – Girardot – Puerto Salgar. Solicitud Cumplimiento Jornada Laboral Legal,15_01_Cartas_Enviadas/RADICADAS/2019/CI004_701919_070110_CON_CUMP_HORARIO_MEDICO.pdf
3645,19,CONSORCIO 4C,GP-6705,CONCESIÓN ALTO MAGDALENA S.A.S.,ALMA-R-20191763,19/07/2019,"Ref. Contrato de Concesión 003 de 2014 Concesión Honda – Girardot – Puerto Salgar. Solicitud no objeción para otorgar plazo de cura al Concesionario por Inconformidad en la entrega de información de seguridad social, salarios e ingresos.",15_01_Cartas_Enviadas/RADICADAS/2019/CI004_670519_070110_CON_RTA_NO-OBJ_PLAZODECURASEGSOC.pdf
3646,4,CONSORCIO 4C,GP-7033,CONCESIÓN ALTO MAGDALENA S.A.S.,ALMA-R-20192461,03/10/2019,Ref. Contrato de Concesión 003 de 2014 Concesión Honda – Girardot – Puerto Salgar. Incumplimiento condiciones de seguridad UF 3 Semana 243,15_01_Cartas_Enviadas/RADICADAS/2019/CI004_703319_070110_CON_SEGSISO_UF3_SEM243.pdf
3647,1,CONSORCIO 4C,GP-6835,"AGENCIA NACIONAL DE INFRAESTRUCTURA – ANI, Dr. Luis Eduardo Gutiérrez Díaz",Rad No. 2019-409-086194-2,20/08/2019,Ref. Contrato de Concesión 003 de 2014 - Concesión Honda — Girardot — Puerto Salgar. Remisión Formato GCSP-F-007 Informe de Ejecución de Recursos Públicos — Julio 2019,15_01_Cartas_Enviadas/RADICADAS/2019/CI004_683519_070202_ANI_REMI_FOR_GCSP-F-007_IE_RP_JULIO2019.pdf
3648,3,CONSORCIO 4C,GP-5907,PRICEWATERHOUSECOOPERS LTDA - Atn. Dra. Leidy Velasco,100E1903041-DA,31/01/2019,Ref. Contrato de Concesión 003 de 2014 - Concesión Honda – Girardot – Puerto Salgar. Información Relacionada con la Compañía Patrimonio Autónomo Alto Magdalena al 31 de Diciembre de 2018. Ref. 1/1.,15_01_Cartas_Enviadas/RADICADAS/2019/CI004_590719_070202_PWC_INFO_RELAC_CPAAM_31 DIC2018.pdf
3649,6,CONSORCIO 4C,GP-5918,CONCESIÓN ALTO MAGDALENA S.A.S - Atn. Ing. Claudia Cecilia Castillo Pico,ALMA-R-2019-00345,01/02/2019,Ref. Contrato de Concesión 003 de 2014 - Concesión Honda – Girardot – Puerto Salgar - Revisión Informe Semanal Avance Gestión Predial Unidad Funcional 4,15_01_Cartas_Enviadas/RADICADAS/2019/CI004_591819_070401_CON_EER4_INF_SEM-00345.pdf
3650,5,CONSORCIO 4C,GP-7144,CONCESIÓN ALTO MAGDALENA S.A.S,ALMA-R-20192626,07/11/2019,Ref. Contrato de Concesión 003 de 2014-Concesión Honda – Girardot – Puerto Salgar.-Requerimiento Actualización Pagos en Sábana Predial,15_01_Cartas_Enviadas/RADICADAS/2019/CI004_714419_070401_CON_REQUERIM_PAGOS_SABANA.pdf
3651,2,CONSORCIO 4C,GP-6035,CONCESIÓN ALTO MAGDALENA S.A.S.,ALMA-R-20190458,21/02/2019,Ref. Contrato de Concesión 003 de 2014 - Concesión Honda – Girardot – Puerto Salgar - Solicitud de información - Gestión Predial Colegio Nicolás de Federman UF3,15_01_Cartas_Enviadas/RADICADAS/2019/CI004_603519_070401_CON_COLEGIO_GUATAQUI_EER-UF3 (2).pdf
3652,6,CONSORCIO 4C,GP-6608,CONCESIÓN ALTO MAGDALENA S.A.S.,ALMA-R-20191564,26/06/2019,Ref. Contrato de Concesión 003 de 2014 - Concesión Honda – Girardot – Puerto Salgar - Alcance Artículos 1° y 2° Auto 147 de 15 de febrero de 2019 / Box K59+705 - UF3.,15_01_Cartas_Enviadas/RADICADAS/2019/CI004_660819_070107_070108_CON_ODT_K59+705_ALMA-2019-01775.pdf
3653,4,CONSORCIO 4C,GP-7312,AGENCIA NACIONAL DE INFRAESTRUCTURA – ANI,ALMA-R-20192944,17/12/2019,"Ref. Contrato de Concesión 003 de 2014 Concesión Honda – Girardot – Puerto Salgar. Cierre del proceso sancionatorio por Incumplimiento del Apéndice Técnico 6, Numeral 4.1, Literal (a) y Medidas de Manejo Contenidas PAGA. Unidad Funcional 4.2",15_01_Cartas_Enviadas/RADICADAS/2019/CI004_731219_050300_ANI_CIERRE-MULTA_AGUAS-RESID_PEAJE-UF4..pdf
3654,2,CONSORCIO 4C,GP-6405,CONCESIÓN ALTO MAGDALENA S.A.S - Atn. Ing. Claudia Cecilia Castillo Pico,ALMA-R-28191187,14/05/2019,Ref. Contrato de Concesión 003 de 2014 Concesión Honda – Girardot – Puerto Salgar. Informe de Seguimiento y monitoreo N°5 / Resolución 1701 de 2015,15_01_Cartas_Enviadas/RADICADAS/2019/CI004_640519_CON_RESP_ALMA_2019_01332.PDF
3655,3,CONSORCIO 4C,GP-5968,CONCESIÓN ALTO MAGDALENA S.A.S.,ALMA-R-20190376,13/02/2019,Ref. Contrato de Concesión 003 de 2014 - Concesión Honda – Girardot – Puerto Salgar - Incumplimiento Informe EER Gestión Predial UF3,15_01_Cartas_Enviadas/RADICADAS/2019/CI004_596819_070401_CON_INFORME_EER_UF3.pdf
3656,3,CONSORCIO 4C,GP-5822,CONCESIÓN ALTO MAGDALENA S.A.S - Atn. Ing. Claudia Cecilia Castillo Pico,ALMA-R-20190099,15/01/2019,Ref. Contrato de Concesión 003 de 2014 - Concesión Honda – Girardot – Puerto Salgar - Observaciones Conceptos Desafectación Predial,15_01_Cartas_Enviadas/RADICADAS/2019/CI004_582219_070401_CON_DESAFEC_PREDIAL_ALMA-2018-4783 (1).pdf
3657,7,CONSORCIO 4C,GP-6891,CONCESIÓN ALTO MAGDALENA S.A.S - Ing. Claudia Cecilia Castillo Pico,ALMA-R-20192659,27/08/2019,Ref. Contrato de Concesión 003 de 2014-Concesión Honda – Girardot – Puerto Salgar.-Observaciones Informe Trimestral Socio Ambiental N°19,15_01_Cartas_Enviadas/RADICADAS/2019/CI004_689119_070108_CON_ALMA-2019-02654_TRIM_19.pdf
3658,3,CONSORCIO 4C,GP-6520,CONCESIÓN ALTO MAGDALENA S.A.S.,ALMA-R-20191401,06/06/2019,Ref. Contrato de Concesión 003 de 2014 - Concesión Honda – Girardot – Puerto Salgar - Observaciones Fichas Prediales UF5,15_01_Cartas_Enviadas/RADICADAS/2019/CI004_652019_070401_CON_FICH_ALMA-2019-01539-01661-01754.pdf
3659,6,CONSORCIO 4C,GP-6690,CONCESIÓN ALTO MAGDALENA S.A.S,ALMA-R-20191726,16/07/2019,"Ref. Contrato de Concesión 003 de 2014 Concesión Honda – Girardot – Puerto Salgar. Observaciones pago de seguridad social abril, salarios de marzo/2019 y soportes de ingreso.",15_01_Cartas_Enviadas/RADICADAS/2019/CI004_669019_070110_CON_SEG_ABR_SALMAR2019.PDF
3660,15,CONSORCIO 4C,GP-7337,"AGENCIA NACIONAL DE INFRAESTRUCTURA - ANI
Atención: Ing. Luis Eduardo Gutiérrez Díaz",ALMA-R-20192953,18/12/2019,Ref. Contrato de Concesión 003 de 2014 Concesión Honda – Girardot – Puerto Salgar Informe Ejecución Predial 2019,15_01_Cartas_Enviadas/RADICADAS/2019/CI004_733719_050300_ANI_INFORME_EJECUCION_PREDIAL-2019.pdf
3661,2,CONSORCIO 4C,GP-7362,AGENCIA NACIONAL DE INFRAESTRUCTURA - ANI,20194091347212,23/12/2019,Ref. Contrato de Concesión 003 de 2014-Concesión Honda – Girardot – Puerto Salgar. Remisión de Informe Semanal 67. Avance de Unidades Funcionales en Construcción.,15_01_Cartas_Enviadas/RADICADAS/2019/CI004_736219_091000_ANI_INF_ESP_N67.pdf
3662,3,CONSORCIO 4C,GP-5954,CONCESIÓN ALTO MAGDALENA S.A.S,ALMA-R-20190349,12/02/2019,Ref. Contrato de Concesión 003 de 2014 - Concesión Honda – Girardot – Puerto Salgar. Queja Persistente Propietario ALMA-4-0057,15_01_Cartas_Enviadas/RADICADAS/2019/CI004_595419_070406_CON_QUEJA_PREDIO_ALBAHACA.pdf
3663,4,CONSORCIO 4C,GP-5995,"AGENCIA NACIONAL DE INFRAESTRUCTURA – ANI, Dr. Luis Eduardo Gutiérrez Díaz",2019-409-016683-2,19/02/2019,Ref. Contrato de Concesión 003 de 2014 - Concesión Honda — Girardot — Puerto Salgar - Remisión Formato GCSP-F-001 Mantenimiento Bienes Uso Público — Enero 2019.,15_01_Cartas_Enviadas/RADICADAS/2019/CI004_599519_070202_ANI_REMI_FOR_GCSP-F-001_MANT_BUP_ENERO2019.pdf
3664,3,CONSORCIO 4C,GP-6755,CONCESIÓN ALTO MAGDALENA S.A.S - Atn. Ing. Claudia Cecilia Castillo Pico,ALMA-R-20191842,30/07/2019,Ref. Contrato de Concesión 003 de 2014 - Concesión Honda – Girardot – Puerto Salgar - Seguimiento Marco Normativo UF 5.1,15_01_Cartas_Enviadas/RADICADAS/2019/CI004_675519_070108_CON_MARCO_NORM_UF5.1.pdf
3665,4,CONSORCIO 4C,GP-5846,CONCESIÓN ALTO MAGDALENA S.A.S.,ALMA-R-28190130,18/01/2019,Ref. Contrato de Concesión 003 de 2014 Concesión Honda – Girardot – Puerto Salgar Sectores Críticos de Accidentalidad 3° y 4° Trimestre 2018.,15_01_Cartas_Enviadas/RADICADAS/2019/CI004_584619_070304_CON_SECTORES_CRITICOS_TRIMESTRE4-2018.pdf
3666,3,CONSORCIO 4C,GP-6078,CONCESIÓN ALTO MAGDALENA S.A.S.,ALMA-R-20190553,04/03/2019,Ref. Contrato de Concesión 003 de 2014 - Concesión Honda – Girardot – Puerto Salgar. Observaciones Fichas Prediales UF2,15_01_Cartas_Enviadas/RADICADAS/2019/CI004_607819_070401_CON_OBS_ALMA-2019-00211-00212.PDF
3668,3,CONSORCIO 4C,GP-6940,CONCESIÓN ALTO MAGDALENA S.A.S.,ALMA-2019-02788,10/09/2019,Ref. Contrato de Concesión 003 de 2014 Concesión Honda – Girardot – Puerto Salgar. Observaciones Fichas Prediales UF5,15_01_Cartas_Enviadas/RADICADAS/2019/CI004_694019_070401_CON_FICH_ALMA-2019-02788.pdf
3667,2,CONSORCIO 4C,GP-5895,CONCESIÓN ALTO MAGDALENA S.A.S.,ALMA-R-28198236,31/01/2019,Ref. Contrato de Concesión 003 de 2014 - Concesión Honda – Girardot – Puerto Salgar - Solicitud Cierre Pendientes SST 2018,15_01_Cartas_Enviadas/RADICADAS/2019/CI004_589519_070110_CON_SOLICITUD_CIERRE_PENDIENTESSST.pdf
3669,3,CONSORCIO 4C,GP-6170,CONCESIÓN ALTO MAGDALENA S.A.S - Ing. Claudia Cecilia Castillo Pico,ALMA-R-20190711,20/03/2019,Ref. Contrato de Concesión 003 de 2014 - Concesión Honda – Girardot – Puerto Salgar - Observaciones Conceptos Desafectación Predial,15_01_Cartas_Enviadas/RADICADAS/2019/CI004_617019_070401_CON_DESAF-PRE_00605-00629-00760.pdf
3670,6,CONSORCIO 4C,GP-7005,CONCESIÓN ALTO MAGDALENA S.A.S.,ALMA-R-20192342,27/09/2019,Ref. Contrato de Concesión 003 de 2014 - Concesión Honda – Girardot – Puerto Salgar - Justificación Hidráulica Obra K58+490 - UF3,15_01_Cartas_Enviadas/RADICADAS/2019/CI004_700519_070107_070108_CON_PERMISO_OC_K58+490.pdf
3672,2,CONSORCIO 4C,GP-6792,CONCESIÓN ALTO MAGDALENA S.A.S.,ALMA-R-20191912,06/08/2019,Ref. Contrato de Concesión 003 de 2014 - Concesión Honda – Girardot – Puerto Salgar. Revisión Ficha Social,15_01_Cartas_Enviadas/RADICADAS/2019/CI004_679219_070402_CON_FICHAS_SOCIALES_ALMA-02424.pdf
3671,13,CONSORCIO 4C,GP-7134,CONCESIÓN ALTO MAGDALENA S.A.S. - Atn. Dra. Claudia Cecilia Castillo Pico,ALMA-R-20192615,06/11/2019,Ref. Contrato de Interventoría 145 de 2014-Concesión Honda – Girardot – Puerto Salgar-Rta. ALMA-2019-03171 y ALMA-2019-03393 incumplimiento del Nivel de Servicio E7,15_01_Cartas_Enviadas/RADICADAS/2019/CI004_713419_0703_CON_E7_PUBLICIDAD_DEBI-PROCES.pdf
3673,3,CONSORCIO 4C,GP-5935,CONCESIÓN ALTO MAGDALENA S.A.S.,ALMA-R-20190328,08/02/2019,Ref. Contrato de Concesión 003 de 2014 - Concesión Honda – Girardot – Puerto Salgar. Solicitud Medidas Protección Contra Incendio.,15_01_Cartas_Enviadas/RADICADAS/2019/CI004_593519_070110_CON_SOL_MED_PROTCI.pdf
3674,1,CONSORCIO 4C,GP-6578,"AGENCIA NACIONAL DE INFRAESTRUCTURA – ANI, Dr. Luis Eduardo Gutiérrez Díaz",2019-409-063435-2,17/06/2019,Ref. Contrato de Concesión 003 de 2014 - Concesión Honda — Girardot — Puerto Salgar - Remisión Formato GCSP-F-001 Mantenimiento Bienes Uso Público — mayo 2019,15_01_Cartas_Enviadas/RADICADAS/2019/CI004_657819_070202_ANI_REMI_FOR_GCSP-F-001_MBUP_MA2019.pdf
3675,4,CONSORCIO 4C,GP-6562,CONCESIÓN ALTO MAGDALENA S.A.S.,ALMA-R-20191474,14/06/2019,Ref. Contrato de Concesión 003 de 2014 - Concesión Honda – Girardot – Puerto Salgar - Observaciones SST Memoria Técnica Abril 2019,15_01_Cartas_Enviadas/RADICADAS/2019/CI004_656219_070110_CON_OBS_MEMORIA_TECNICAABR.pdf
3676,4,CONSORCIO 4C,GP-7295,CONCESIÓN ALTO MAGDALENA S.A.S,ALMA-R-20192898,11/12/2019,Ref. Contrato de Concesión 003 de 2014 - Concesión Honda – Girardot – Puerto Salgar. Observaciones Revisión de Avalúo UF5,15_01_Cartas_Enviadas/RADICADAS/2019/CI004_729519_070406_CON_AVALU_ALMA-2019-03057.pdf
3677,3,CONSORCIO 4C,GP-6431,CONCESIÓN ALTO MAGDALENA S.A.S.,ALMA-R-20191-253,16/05/2019,Ref. Contrato de Concesión 003 de 2014 Concesión Honda – Girardot – Puerto Salgar. Observaciones Pagina Web Concesión Alto Magdalena,15_01_Cartas_Enviadas/RADICADAS/2019/CI004_643119_070109_CON_PAGINA_WEB.PDF
3678,4,CONSORCIO 4C,GP-7300,AGENCIA NACIONAL DE INFRAESTRUCTURA – ANI,ALMA-R-20192935,16/12/2019,Ref. Contrato de Concesión 003 de 2014 Concesión Honda – Girardot – Puerto Salgar Documentos Técnicos Nuevo Puente Honda - INVIAS,15_01_Cartas_Enviadas/RADICADAS/2019/CI004_730019_050300_ANI_DOCU_ENTREG_NUEVO-PTE-HONDA.pdf
3680,3,CONSORCIO 4C,GP-6821,CONCESIÓN ALTO MAGDALENA S.A.S.,ALMA-R-28191958,14/08/2019,Ref. Contrato de Concesión 003 de 2014 Concesión Honda – Girardot – Puerto Salgar. Observaciones Fichas Prediales UF4 y UF5,15_01_Cartas_Enviadas/RADICADAS/2019/CI004_682119_070401_CON_FICH_ALMA-02373-02425-02426-02494.pdf
3679,3,CONSORCIO 4C,GP-6581,CONCESIÓN ALTO MAGDALENA S.A.S.,ALMA-R-20191497,19/06/2019,CI.004_658119_070401_CON_INFOGP_ALMA-2019-01476,15_01_Cartas_Enviadas/RADICADAS/2019/CI004_658119_070401_CON_INFOGP_ALMA-2019-01476.PDF
3681,2,CONSORCIO 4C,GP-6571,CONCESIÓN ALTO MAGDALENA S.A.S - Ing. Claudia Cecilia Castillo Pico,ALMA-R-20191470,14/06/2019,Ref. Contrato de Concesión 003 de 2014 - Concesión Honda – Girardot – Puerto Salgar - Respuesta ALMA-2019-00594/ Informe Terminación Etapa Preoperativa-UF3,15_01_Cartas_Enviadas/RADICADAS/2019/CI004_657119_070500_090300_INFORME_TERMINACIÓN_UF3.pdf
3682,24,CONSORCIO 4C,GP-7000,AGENCIA NACIONAL DE INFRAESTRUCTURA – ANI,ALMA-R-20192344,26/09/2019,Ref. Contrato de Concesión 003 de 2014 Concesión Honda – Girardot – Puerto Salgar. Informe de multa por el Incumplimiento al que hace alusión en literal (k) de la Sección 6.1 de la Parte Especial / Vencimiento de Plazo de Cura otorgado para cumplir con la totalidad de las Especificaciones Técnicas UF2.,15_01_Cartas_Enviadas/RADICADAS/2019/CI004_700019_050300_ANI_INFO-MULTA_ESPECIF-TEC_UF2.pdf
3683,6,CONSORCIO 4C,GP-6688,CONCESIÓN ALTO MAGDALENA S.A.S.,HLMA-R-20191724,16/07/2019,Ref. Contrato de Concesión 003 de 2014 - Concesión Honda – Girardot – Puerto Salgar - Alcance Artículos 1° y 2° Auto 507 de 22 de mayo de 2019 / Box K57+998 - UF3.,15_01_Cartas_Enviadas/RADICADAS/2019/CI004_668819_070107_070108_CON_RESP_ALMA-2019-01983.PDF
3684,3,CONSORCIO 4C,GP-6894,CONCESIÓN ALTO MAGDALENA S.A.S,ALMA-R-20192857,27/08/2019,Ref. Contrato de Concesión 003 de 2014-Concesión Honda – Girardot – Puerto Salgar.-Predio Junta de Acción Comunal Puerto Bogotá (Denominado ALMA-5-0214,15_01_Cartas_Enviadas/RADICADAS/2019/CI004_689419_070401_CON_PREDIO_JAC_PTO-BTA.pdf
3685,3,CONSORCIO 4C,GP-6650,"AGENCIA NACIONAL DE INFRAESTRUCTURA – ANI
Atención: Ing. Luis Eduardo Gutiérrez Díaz",ALMA-R-28191646,05/07/2019,Ref. Contrato de Concesión 003 de 2014 Concesión Honda – Girardot – Puerto Salgar Seguimiento Bimestral-Plan de Obras Corte al 03 de Julio de 2019,15_01_Cartas_Enviadas/RADICADAS/2019/CI004_665019_070101_ANI_SEGUIM_BIMEST_PLANOBRA_JUL-19.PDF
3688,41,CONSORCIO 4C,GP-7350,CONCESIÓN ALTO MAGDALENA S.A.S - Ing. Claudia Cecilia Castillo Pico,ALMA-2019-03956,20/12/2019,Ref. Contrato de Concesión 003 de 2014-Concesión Honda – Girardot – Puerto Salgar-Entrega Acta Terminación Parcial Unidad Funcional 5,15_01_Cartas_Enviadas/RADICADAS/2019/CI004_735019_050300_CON_ACTA_TERM-PARC_UF5.pdf
3687,2,CONSORCIO 4C,GP-5855,"AGENCIA NACIONAL DE INFRAESTRUCTURA - ANI
Atención: Ing. Luis Eduardo Gutiérrez Díaz",2019-409-006393-2,22/01/2019,Ref. Contrato de Concesión 003 de 2014 - Concesión Honda – Girardot – Puerto Salgar - Resoluciones de Expropiación,15_01_Cartas_Enviadas/RADICADAS/2019/CI004_585519_070404_ANI_EXPRO_ALMA-2018-4806-0049-0150.pdf
3686,3,CONSORCIO 4C,GP-6245,AGENCIA NACIONAL DE INFRAESTRUCTURA – ANI,ANI 2019-605-009844-1,04/04/2019,Ref. Contrato de Concesión 003 de 2014 Concesión Honda – Girardot – Puerto Salgar Respuesta ANI 2019-605-009844-1 / Solicitud de Concepto EER,15_01_Cartas_Enviadas/RADICADAS/2019/CI004_624519_050300_ANI_CONCEP_EER_EXP_AMB.pdf
3689,2,CONSORCIO 4C,GP-6108,AGENCIA NACIONAL DE INFRAESTRUCTURA - ANI,20194090250682,08/03/2019,Ref. Contrato de Concesión 003 de 2014 Concesión Honda – Girardot – Puerto Salgar. Registro Fílmico Informe Mensual Técnico 52,15_01_Cartas_Enviadas/RADICADAS/2019/CI004_610819_090200_VIDEO_IMI_FEB_2019.pdf
3690,3,CONSORCIO 4C,GP-6133,CONCESIÓN ALTO MAGDALENA S.A.S - Ing. Claudia Cecilia Castillo Pico,ALMA-R-20190651,13/03/2019,Ref. Contrato de Concesión 003 de 2014 - Concesión Honda – Girardot – Puerto Salgar - Seguimiento Calidad Proceso Constructivo Pavimento Área de Servicio UF 5.2,15_01_Cartas_Enviadas/RADICADAS/2019/CI004_613319_070103_CON_PROC-CONST-MEZCLA_A-SERVICIO-UF5.2.pdf
3691,4,CONSORCIO 4C,GP-6196,CONCESIÓN ALTO MAGDALENA S.A.S,ALMA-R-20193775,22/03/2019,Ref. Contrato de Concesión 003 de 2014-Concesión Honda – Girardot – Puerto Salgar.-Manejo Subcuenta Compensaciones Ambientales / Plan de Reasentamiento,15_01_Cartas_Enviadas/RADICADAS/2019/CI004_619619_070108_070109_CON_SUBCUE-COMP-AMB_PL-REASENTAM.pdf
3693,5,CONSORCIO 4C,GP-6817,AGENCIA NACIONAL DE INFRAESTRUCTURA - ANI,20193050195861,14/08/2019,Ref. Contrato de Concesión 003 de 2014-Concesión Honda – Girardot – Puerto Salgar-Solicitud del Concepto de un Especialista Particular sobre Carriles de Desaceleración Intersección UF1,15_01_Cartas_Enviadas/RADICADAS/2019/CI004_681719_070107_050300_ANI_CONCEPTO_FTS_CARRIL-UF1.pdf
3692,6,CONSORCIO 4C,GP-7258,AGENCIA NACIONAL DE INFRAESTRUCTURA - ANI,20194091259262,29/11/2019,"Ref. Contrato de Concesión 003 de 2014 Concesión Honda – Girardot – Puerto Salgar. Solicitud de No Objeción para Otorgar Plazo de Cura al Concesionario por Incumplimiento de lo contenido en el numeral 4.2 del Apéndice Técnico 4, referente a la Autoevaluación de los Niveles de Servicio.",15_01_Cartas_Enviadas/RADICADAS/2019/CI004_725819_050300_ANI_PLAZO_CURA_AUTOEVA-SICC..pdf
