ÍTEM,DEL FOLIO/PAGINAS,RAZON SOCIAL REMITENTE,No. RADICADO REMITENTE,RAZON SOCIAL DESTINATARIO,No. RADICADO DESTINATARIO,FECHA (DD/MM/AAAA),ASUNTO / TIPO DOCUMENTAL,UBICACION_ARCHIVO
1,1,CONCESIÓN ALTO MAGDALENA S.A.S.,,CONSORCIO 4C,GP-12783,11/06/2020,Alcance radicado CAR 20201121151 del 11/05/2020 (Radicado Interno ALMA-2020-1274). Entrega informe semestral No. 7 Resolución 1928 de 2015. Expediente ATV-0268.,15_04_Comunic_Recibidas/2020/CI004_GP-12783_070108_CON_1577_INF_SEM_N07_RESOL_1928.pdf
2,1,CONCESION ALTO MAGDALENA S.A.S.,,CONSORCIO 4C,GP-13060,10/08/2020,Respuesta comunicación CI.004/GP8137/20/7.1.8 (Rad. Int. ALMA-R-2020-1303 del 07/07/20). Solicitud Información/Cronograma actividades Gestión Ambiental.,15_04_Comunic_Recibidas/2020/CI004_GP-13060_070108_CON_2034_CRONOG_GEST_AMB.pdf
3,1,CONCESIÓN ALTO MAGDALENA S.A.S.,ALMA-2020-1537,CONSORCIO 4C,GP-12748,08/06/2020,Respuesta radicado ANLA No. 2019087751-2-222 (ALMA-R-20191690 - 12/07/2019) - Ajuste información geográfica documentos Cumplimiento Ambiental - ICA No. 4. Expediente: LAV004-00-2016.,15_04_Comunic_Recibidas/2020/CI004_GP-12748_070108_CON_1537_ICA_N04.pdf
4,4,Superintendencia de Transporte,,CONSORCIO 4C,GP-12426,23/04/2020,CVN 31. Concesión Girardot - Honda - Puerto Salgar Seguimiento acciones requeridas con radicado Nro. 20207300194831 'Requerimiento de información – Medidas de prevención COVID-19',15_04_Comunic_Recibidas/2020/CI004_GP-12426_070600_SPT_022717-1_MEDID_PREVENT_COVID-19.pdf
7,2,,,CONSORCIO 4C,GP-12333,,,15_04_Comunic_Recibidas/2020/CI004_GP-12333_050300_CON_0994_REVIS_PROTOC_COVID-19.pdf
8,1,,,CONSORCIO 4C,GP-11817,,,15_04_Comunic_Recibidas/2020/CI004_GP-11817_070108_CON_0143_INF_04_EER_EXP_52038.pdf
10,4,,,CONSORCIO 4C,GP-12397,,,15_04_Comunic_Recibidas/2020/CI004_GP-12397_070115_CON_1054_PROTEC_REDES.pdf
9,1,,,CONSORCIO 4C,GP-12940,,,15_04_Comunic_Recibidas/2020/CI004_GP-12940_070108_CON_1848_ICA_05.pdf
11,8,,,CONSORCIO 4C,GP-12691,6 de mayo de 2020,,15_04_Comunic_Recibidas/2020/CI004_GP-12691_050300_CON_1452_ESTADO_CARGUE_OLYMPUS.pdf
12,4,,,CONSORCIO 4C,GP-13468,,,15_04_Comunic_Recibidas/2020/CI004_GP-13468_070107-090300_CON_2694_PLANOS_RECORD.pdf
13,4,,,CONSORCIO 4C,GP-13511,,,15_04_Comunic_Recibidas/2020/CI004_GP-13511_050300_CON_2795_ENTREGA_NPH.pdf
14,1,,,CONSORCIO 4C,GP-12456,,,15_04_Comunic_Recibidas/2020/CI004_GP-12456_070108_CON_1097_CUMPLI_AUTO_CAR_085.pdf
15,1,,,CONSORCIO 4C,GP-12160,,,15_04_Comunic_Recibidas/2020/CI004_GP-12160_070108_CON_0707_SIEMBRA_COMPENSA.pdf
5,2,CONCESIÓN ALTO MAGDALENA S.A.S.,ALMA-2020-0996,CONSORCIO 4C,GP-12340,16/04/2020,Suspensión temporal de actividades correspondientes a los procesos de rehabilitación por los diferentes permisos de levantamiento de veda otorgados. Expediente ATV0271.,15_04_Comunic_Recibidas/2020/CI004_GP-12340_070108_CON_0996_SUSPEN_ACTIV_COVID-19.pdf
16,16,,,CONSORCIO 4C,GP-11857,,,15_04_Comunic_Recibidas/2020/CI004_GP-11857_020200_ANI_002639-1_APROB_HV_PROF_PREDIAL.pdf
17,2,,,CONSORCIO 4C,GP-12027,,,15_04_Comunic_Recibidas/2020/CI004_GP-12027_070109_CON_0397_RESOL_RIESG_DESPLAZ.pdf
18,2,,,CONSORCIO 4C,GP-13390,,,15_04_Comunic_Recibidas/2020/CI004_GP-13390_070112-070500_CON_2580_CERTIFI_CALIDAD.pdf
6,6,CONCESIÓN ALTO MAGDALENA S.A.S.,,CONSORCIO 4C,GP-12142,09/03/2020,Respuesta comunicado CI.004/GP6995/19/7.1.10 (Rad. Interno ALMA-R-20192315 del 26/09/2019) Incumplimiento condiciones de seguridad UF 3 Semana 241 y 242.,15_04_Comunic_Recibidas/2020/CI004_GP-12142_070110_CON_0713_CONDI_SEG_UF3.pdf
19,4,,,CONSORCIO 4C,GP-12793,,,15_04_Comunic_Recibidas/2020/CI004_GP-12793_050300-070401_ANI_016799-1_PLAZO_CURA_OLYMPUS.pdf
20,2,,,CONSORCIO 4C,GP-12576,,,15_04_Comunic_Recibidas/2020/CI004_GP-12576_070109_ANI_013542-1_DP_EFECTOS_LABORALES.pdf
21,1,,,CONSORCIO 4C,GP-12412,,,15_04_Comunic_Recibidas/2020/CI004_GP-12412_070108_CON_1073_CUMPLI_RESOL_CAR_0766.pdf
22,1,,,CONSORCIO 4C,GP-12922,,,15_04_Comunic_Recibidas/2020/CI004_GP-12922_070402_CON_1503_EXP_SOCIAL.pdf
23,5,,,CONSORCIO 4C,GP-11934,,,15_04_Comunic_Recibidas/2020/CI004_GP-11934_070108_CON_0385_OCUP_CAUCE_K92+710.pdf
24,1,,,CONSORCIO 4C,GP-12508,,,15_04_Comunic_Recibidas/2020/CI004_GP-12508_070108_CON_1182_DISPOSI_RESIDUOS_EXP_52147.pdf
27,2,CONCESIÓN ALTO MAGDALENA S.A.S.,,CONSORCIO 4C,GP-12574,08/05/2020,Respuesta a su comunicación ANLA 2020056177-2-000 (Rad. Interno ALMA-R-2020-0762 del 14/04/2020). Expediente: LAV0068-002015,15_04_Comunic_Recibidas/2020/CI004_GP-12574_070108_CON_1283_MODIFI_LIC_AMB_RESOL_1684.pdf
28,4,CONCESIÓN ALTO MAGDALENA S.A.S.,,CONSORCIO 4C,GP-11989,12/02/2020,Respuesta comunicado CI.004/GP7388/19/7.1.10 (Rad. Int. ALMA-R-2020-0047) del 09/01/2020 Incumplimiento condiciones SST UF 4 Y 5 Semana 242 y 249.,15_04_Comunic_Recibidas/2020/CI004_GP-11989_070110_CON_0433_INCUMP_CONDI_SST_UF4_5.pdf
26,1,CONCESIÓN ALTO MAGDALENA S.A.S.,,CONSORCIO 4C,GP-12823,22/05/2020,Respuesta comunicación CI.004/GP7928/20/7.4.6 (Rad. interno ALMA-R-2020-0979 del 15/05/2020) Entrega del expediente predial (Físico) ALMA-3-0121 para aprobación definitiva del Avalúo Comercial Corporativo.,15_04_Comunic_Recibidas/2020/CI004_GP-12823_070406_CON_1428_EXP_AVALUO.pdf
29,1,Agencia Nacional de Infraestructura,,CONSORCIO 4C,GP-12473,29/04/2020,Remisión comunicación SuperTransporte - Radicado ANI No. 20204090372862 de fecha 24 de abril de 2020 – cumplimiento condiciones de seguridad / Medidas de prevención COVID-19 - Proyecto Girardot-Honda-Puerto Salgar. Contrato de Concesión No. 003 de 2014.,15_04_Comunic_Recibidas/2020/CI004_GP-12473_070600-070110_ANI_012704-1_MED_PREVENT_COVID-19.pdf
30,1,CONCESION ALTO MAGDALENA S.A.S.,,CONSORCIO 4C,GP-12946,16/07/2020,Siembra compensaciones. Expediente 61892.,15_04_Comunic_Recibidas/2020/CI004_GP-12946_070108_CON_1872_SIEMBRA_COMPENSA_61892.pdf
31,5,CONCESIÓN ALTO MAGDALENA S.A.S.,,CONSORCIO 4C,GP-11898,03/02/2020,Respuesta comunicado CI.004/GP7154/19/7.1.10 (Rad. Int. ALMA-R-20192640 del 8/11/2019) Incumplimiento condiciones de seguridad UF 4 y 5 Semana 247.,15_04_Comunic_Recibidas/2020/CI004_GP-11898_070110_CON_0283_INCUMP_CONDI_SEG_UF4_5.pdf
25,1,CONCESIÓN ALTO MAGDALENA S.A.S.,,CONSORCIO 4C,GP-12645,18/05/2020,"Cumplimiento obligación artículo 2 del Auto CAR DRAM No. 094 del 23 de enero de 2020, y a la Resolución CAR No. 0396 del 24 de febrero de 2016. Entrega del informe de disposición de residuos. Expediente 51730.",15_04_Comunic_Recibidas/2020/CI004_GP-12645_070108_CON_1369_DISPOSI_RESIDUOS_EXP_51730.pdf
34,1,CONCESIÓN ALTO MAGDALENA S.A.S.,ALMA-2020-1148,CONSORCIO 4C,GP-12474,29/04/2020,Remisión Actas UF1 de Enero–Febrero y Marzo 2020 y UF3 de Enero 2020,15_04_Comunic_Recibidas/2020/CI004_GP-12474_070210_CON_1148_ACTAS_RETRIBU_UF1_UF3.pdf
33,2,,,CONSORCIO 4C,GP-12307,08/04/2020,Solicitud Concepto Cuenta de cobro No 4 contingencia de redes - comunicación con radicado ANI No 20204090329692 del 7 de abril de 2020 - Proyecto Girardot - Honda - Puerto Salgar - Contrato de Concesión No 003/2014.,15_04_Comunic_Recibidas/2020/CI004_GP-12307_070202-070115_ANI_011221-1_CTA_COBRO_N04.pdf
32,8,CONCESION ALTO MAGDALENA S.A.S.,,CONSORCIO 4C,GP-13578,20/11/2020,Respuesta comunicación CI.004/GP8601/20/5.3 del 4 de noviembre de 2020 y radicado ALMA-R-2020-2046. Informe Plazo Cura ocho (8) Expedientes Prediales.,15_04_Comunic_Recibidas/2020/CI004_GP-13578_070401-050300_CON_2907_PLAZO_CURA_EXP_PREDIAL.pdf
35,4,CONCESION ALTO MAGDALENA S.A.S.,,CONSORCIO 4C,GP-12936,15/07/2020,Evaluación Percepción del Cliente.,15_04_Comunic_Recibidas/2020/CI004_GP-12936_070102-070109_CON_1859_EVALUA_CLIENTE.pdf
39,1,CONCESIÓN ALTO MAGDALENA S.A.S.,,CONSORCIO 4C,GP-12395,17/04/2020,GCSP-F-009 Informe Mensual Recaudo de Peajes del mes de marzo de 2020,15_04_Comunic_Recibidas/2020/CI004_GP-12395_070202_CON_1014_FOR_GCSP-F009_MAR20.pdf
38,2,CONCESIÓN ALTO MAGDALENA S.A.S.,,CONSORCIO 4C,GP-13165,24/08/2020,Respuesta Derecho de Petición elevado por el señor ROGELIO ORJUELA en calidad de mejoratario del predio ALMA-2-0036.,15_04_Comunic_Recibidas/2020/CI004_GP-13165_070109-070402_CON_2192_DP_RORJUELA.pdf
36,1,CONCESIÓN ALTO MAGDALENA S.A.S.,ALMA-2020-1214,CONSORCIO 4C,GP-12521,04/05/2020,"Cumplimiento obligación artículo 2 del Auto CAR DRAM No. 0112 del 23 de enero de 2020, y a la Resolución CAR No. 0388 del 24 de febrero de 2016. Entrega informe de disposición de residuos. Expediente 51906.",15_04_Comunic_Recibidas/2020/CI004_GP-12521_070108_CON_1214_DISPOSI_RESIDUOS_EXP_51906.pdf
37,2,CONCESION ALTO MAGDALENA S.A.S,,CONSORCIO 4C,GP-13551,17/11/2020,"Entrega soporte de pago seguimiento autorización de ocupación de cauce, Auto DRBM No. 0542 del 30 de septiembre de 2020. Expediente 52053.",15_04_Comunic_Recibidas/2020/CI004_GP-13551_070108_CON_2833_SOPORT_PAG_OCUPA_AUTO_0542.pdf
40,1,Agencia Nacional de Infraestructura - ANI,,CONSORCIO 4C,GP-13461,28/10/2020,"Solicitud concepto integral sobre Auto DRAM 0920 del 6 de octubre de 2020, Expediente 83404. Contrato de Concesión bajo esquema APP No. 003-2014, proyecto Girardot Honda – Puerto Salgar.",15_04_Comunic_Recibidas/2020/CI004_GP-13461_050300-070108_ANI_032904-1_CONCEPTO_AUTO_DRAM_0920.pdf
41,1,CONCESIÓN ALTO MAGDALENA S.A.S.,,CONSORCIO 4C,GP-13063,10/08/2020,Informe gestiones para el cumplimiento de la obligación ambiental establecida en el literal A del artículo tercero del Acuerdo 019 del 21 de junio de 2016.,15_04_Comunic_Recibidas/2020/CI004_GP-13063_070108_CON_2037_CUMPLI_OBLIG_AMB_ACUERD_019.pdf
42,1,CONCESIÓN ALTO MAGDALENA S.A.S.,ALMA-2020-0331,CONSORCIO 4C,GP-11943,06/02/2020,Estado del cumplimiento de medida compensatoria Auto DRMC No. 0390 del 15 de febrero del 2019. Expediente 51535.,15_04_Comunic_Recibidas/2020/CI004_GP-11943_070108_CON_0331_CUMPLI_AUTO_DRMC_0390.pdf
43,2,CONCESIÓN ALTO MAGDALENA S.A.S.,ALMA-2020-2107,CONSORCIO 4C,GP-13108,18/08/2020,"Entrega soporte de pago seguimiento y control ambiental 2019, en cumplimiento del Auto DRAM No. 0629 del 17/07/2020. Expediente 62559.",15_04_Comunic_Recibidas/2020/CI004_GP-13108_070108_CON_2107_SOPORT_PAG_AMB_EXP_62559.pdf
45,1,CONCESIÓN ALTO MAGDALENA S.A.S.,ALMA-2019-03896,CONSORCIO 4C,GP-11745,13/12/2019,Entrega del expediente predial ALMA - 5 -0255 para aprobación de la actualización de insumos.,15_04_Comunic_Recibidas/2020/CI004_GP-11745_070401_CON_03896_EXP_PREDIAL.pdf
46,3,CONCESIÓN ALTO MAGDALENA S.A.S.,,CONSORCIO 4C,GP-12014,18/02/2020,Acciones para la construcción y funcionamiento COSO MUNICIPAL,15_04_Comunic_Recibidas/2020/CI004_GP-12014_070109_CON_0505_COSO_MUNICIPAL.pdf
47,2,Instituto Nacional de Vías - INVIAS,,CONSORCIO 4C,GP-13237,09/09/2020,"Remisión comunicación INVIAS SRT 32852 Radicado ANI No 20204090847582 del 7 de septiembre de 2020 – Cruces férreos INVIAS. Contrato de Concesión bajo esquema APP N° 003-2014, proyecto Honda – Puerto Salgar – Girardot.",15_04_Comunic_Recibidas/2020/CI004_GP-13237_050300_ANI_026269-1_CRUCES_FERREOS_INVIAS.pdf
44,2,TRANS SURENCO S.A.S,,CONSORCIO 4C,GP-13258,15/09/2020,SOLICITUD PERMISO DE TRANSITO,15_04_Comunic_Recibidas/2020/CI004_GP-13258_070114_TRANSSURENCO_SINNUMERO_PERMIS_TRANS.pdf
49,1,CONCESION ALTO MAGDALENA S.A.S.,,CONSORCIO 4C,GP-13373,02/10/2020,Memoria Técnica Agosto 2020.,15_04_Comunic_Recibidas/2020/CI004_GP-13373_070500_CON_2549_MEMOTEC_AGO20.pdf
48,20,CONCESIÓN ALTO MAGDALENA S.A.S.,ALMA-2020-0974,CONSORCIO 4C,GP-12312,14/04/2020,Solicitud suscripción otrosí general.,15_04_Comunic_Recibidas/2020/CI004_GP-12312_050300_CON_0974_SCTUD_OTROSI_GNRAL.pdf
50,1,CONCESIÓN ALTO MAGDALENA S.A.S.,,CONSORCIO 4C,GP-13283,18/09/2020,Respuesta comunicado CI.004/GP7594/20/7.2.8 con radicado ALMA-R-2020-0486 – Consignación recaudo peajes por UF,15_04_Comunic_Recibidas/2020/CI004_GP-13283_070208_CON_2460_CONSIG_RECAUDO_PEAJES.pdf
51,2,CONCESIÓN ALTO MAGDALENA S.A.S.,,CONSORCIO 4C,GP-13405,13/10/2020,Respuesta comunicación CI.004/GP8519/20/7.4.1 - 6 de octubre de 2020 y radicado ALMA-R-2020-1908. Requerimiento formal sabana predial y actualización Olympus.,15_04_Comunic_Recibidas/2020/CI004_GP-13405_070401_CON_2604_REQ_SABANA_PREDIAL.pdf
52,1,CONCESION ALTO MAGDALENA S.A.S.,ALMA-2020-0895,CONSORCIO 4C,GP-12250,02/04/2020,Memoria Técnica Mes de Febrero 2020.,15_04_Comunic_Recibidas/2020/CI004_GP-12250_070500_CON_0895_MEMOTEC_FEB20.pdf
53,6,CONCESION ALTO MAGDALENA S.A.S.,,CONSORCIO 4C,GP-13519,11/11/2020,"Notificación ocupación derecho de vía PR 31 + 390 de la Ruta Nacional 45-10 o 45-CLA (Variante La Dorada), vía Honda – La Dorada.",15_04_Comunic_Recibidas/2020/CI004_GP-13519_070109_CON_2798_OCUPA_VIA_PR31+390.pdf
54,1,CONCESIÓN ALTO MAGDALENA S.A.S.,ALMA-2020-2295,CONSORCIO 4C,GP-13212,03/09/2020,Memoria Técnica Mes de Julio 2020.,15_04_Comunic_Recibidas/2020/CI004_GP-13212_070500_CON_2295_MEMOTEC_JUL20.pdf
55,2,Agencia Nacional de Infraestructura,,CONSORCIO 4C,GP-13414,16/10/2020,Respuesta comunicación con radicado ANI No 20204091008272 - Corrección Índices de Cumplimiento por Inconsistencias en el Funcionamiento del SICC - Contrato de Interventoría No. 145 de 2014 - Proyecto Girardot - Honda - Puerto Salgar.,15_04_Comunic_Recibidas/2020/CI004_GP-13414_050300_ANI_031150-1_INCONSISTEN_SICC.pdf
56,4,CONCESION ALTO MAGDALENA S.A.S,,CONSORCIO 4C,GP-13635,03/12/2020,Entrega física y documental de la Infraestructura del Nuevo Puente de Honda -Contrato 1796 del 2015.,15_04_Comunic_Recibidas/2020/CI004_GP-13635_050300_CON_2993_ENTREGA_NPH.pdf
57,3,CONCESIÓN ALTO MAGDALENA S.A.S.,,CONSORCIO 4C,GP-11987,10/02/2020,"Solicitud Información Predial (Polígonos Catastrales, registros 1 y 2), Plancha IGAC 207IID1 Esc. 1:1000.",15_04_Comunic_Recibidas/2020/CI004_GP-11987_070108_CON_0403_SCTUD_INFO_PREDIAL.pdf
58,1,CONCESIÓN ALTO MAGDALENA S.A.S.,ALMA-2020-0429,CONSORCIO 4C,GP-11981,11/02/2020,Alcance radicado CAR 04191101907 (Rad. Int. ALMA-2019-3758 – 3/12/2019). Expediente 79887.,15_04_Comunic_Recibidas/2020/CI004_GP-11981_070108_CON_0429_ALC_RAD_04191101907_EXP_79887.pdf
59,1,CONCESIÓN ALTO MAGDALENA S.A.S.,ALMA-2020-2598,CONSORCIO 4C,GP-13401,09/10/2020,GCSP-F-001 Informe Mantenimiento de Bienes de uso Público Septiembre 2020,15_04_Comunic_Recibidas/2020/CI004_GP-13401_070202-070208_CON_2598_FOR_GCSP-F001_SEP20.pdf
60,1,CONCESIÓN ALTO MAGDALENA S.A.S.,,CONSORCIO 4C,GP-12438,24/04/2020,"Cumplimiento obligación artículo 2 del Auto CAR DRAM No. 067 del 20 de enero de 2020, y Resolución CAR No. 0332 del 16 de febrero de 2016. Entrega informe disposición de residuos. Expediente 51738.",15_04_Comunic_Recibidas/2020/CI004_GP-12438_070108_CON_1116_CUMPLI_AUTO_CAR_067.pdf
61,1,CONCESION ALTO MAGDALENA S.A.S.,,CONSORCIO 4C,GP-13645,10/12/2020,Respuesta comunicación CI.004/GP8699/20/7.1.10 (Rad. int. ALMA-R-2020-2214 del 3/12/2020) Observaciones entrega soportes de Seguridad Social abril y salarios marzo 2020.,15_04_Comunic_Recibidas/2020/CI004_GP-13645_070110_CON_3018_OBS_SEGYSAL_ABR_MAR.pdf
62,2,CONCESION ALTO MAGDALENA S.A.S,,CONSORCIO 4C,GP-13197,01/09/2020,Aclaración expedición certificados catastrales.,15_04_Comunic_Recibidas/2020/CI004_GP-13197_070401_CON_2267_EXP_CERTIFI_CATASTRALES.pdf
65,2,,,CONSORCIO 4C,GP-12619,,,15_04_Comunic_Recibidas/2020/CI004_GP-12619_070109_CON_1339_RECUPERA_ESPACIO_PUB.pdf
66,2,,,CONSORCIO 4C,GP-11878,,,15_04_Comunic_Recibidas/2020/CI004_GP-11878_070401_CON_0221_RESOL_DESPLA_FORZA.pdf
67,14,,,CONSORCIO 4C,GP-12294,,,15_04_Comunic_Recibidas/2020/CI004_GP-12294_070401_CON_0956_INF_PREDIAL_EER_UF2.pdf
68,2,,,CONSORCIO 4C,GP-13284,,,15_04_Comunic_Recibidas/2020/CI004_GP-13284_070301_CON_2462_INF_AUDIT_PEAJES_JUN.pdf
69,1,,,CONSORCIO 4C,GP-13494,,,15_04_Comunic_Recibidas/2020/CI004_GP-13494_070402-070202_CON_2732_FOR_GCSP-F203_OCT20.pdf
63,1,CONCESIÓN ALTO MAGDALENA S.A.S.,,CONSORCIO 4C,GP-13135,20/08/2020,Entrega informe disposición residuos obligación Auto CAR DRAM 0690 del 12/08/2020 y resolución CAR 2423 del 11/09/2017. Expediente 61896,15_04_Comunic_Recibidas/2020/CI004_GP-13135_070108_CON_2153_INF_DISPOSI_RESIDUOS.pdf
71,2,,,CONSORCIO 4C,GP-13503,,,15_04_Comunic_Recibidas/2020/CI004_GP-13503_070107_CON_2774_ESTUD_HIDRO_PTES_UF5.pdf
70,1,,,CONSORCIO 4C,GP-13004,,,15_04_Comunic_Recibidas/2020/CI004_GP-13004_070402_CON_1497_EXP_SOCIAL.pdf
74,1,,,CONSORCIO 4C,GP-13185,,,15_04_Comunic_Recibidas/2020/CI004_GP-13185_070110_CON_2237_PAG_SEGYSAL_DIC_ENE.pdf
73,1,,,CONSORCIO 4C,GP-13336,,,15_04_Comunic_Recibidas/2020/CI004_GP-13336_070107_CON_2511_PROG_OBRA_PLANOS_ANDEN_UF5.pdf
72,1,,,CONSORCIO 4C,GP-12222,,,15_04_Comunic_Recibidas/2020/CI004_GP-12222_070110_CON_0725_PAG_SEGYSAL_MAY_ABR19.pdf
76,19,,,CONSORCIO 4C,GP-13339,,,15_04_Comunic_Recibidas/2020/CI004_GP-13339_070114_TRANSSURENCO_SINNUMERO_PERMIS_TRANS.pdf
75,1,,,CONSORCIO 4C,GP-11842,,,15_04_Comunic_Recibidas/2020/CI004_GP-11842_070406_CON_0188_EXP_AVALUO.pdf
77,1,,,CONSORCIO 4C,GP-12561,,,15_04_Comunic_Recibidas/2020/CI004_GP-12561_070108_CON_1266_MEDIDA_COMPENSA_EXP_62026.pdf
78,1,,,CONSORCIO 4C,GP-11951,,,15_04_Comunic_Recibidas/2020/CI004_GP-11951_070108_CON_0339_SIEMBRA_COMPENSA_EXP_51843.pdf
80,10,,,CONSORCIO 4C,GP-13740,,,15_04_Comunic_Recibidas/2020/CI004_GP-13740_070108_CON_3148_SEG_PERM_OTORG_EXP_51976.pdf
79,1,,,CONSORCIO 4C,GP-12111,,,15_04_Comunic_Recibidas/2020/CI004_GP-12111_070402_CON_0533_EXP_SOCIAL.pdf
83,1,,,CONSORCIO 4C,GP-13180,,,15_04_Comunic_Recibidas/2020/CI004_GP-13180_070401_CON_2214_EXP_FINAL.pdf
81,4,,,CONSORCIO 4C,GP-13209,,,15_04_Comunic_Recibidas/2020/CI004_GP-13209_070303_CON_2277_APLICA_INDICAD_01.pdf
82,1,,,CONSORCIO 4C,GP-12416,,,15_04_Comunic_Recibidas/2020/CI004_GP-12416_070108_CON_1076_CUMPLI_RESOL_CAR_2437.pdf
64,10,CONCESION ALTO MAGDALENA S.A.S.,,CONSORCIO 4C,GP-13698,21/12/2020,Respuesta oficio CAR 07202102127 (Rad. Int. ALMA-R-2020-1933) del 13/10/2020. Seguimiento permisos otorgados. Expediente: 51491,15_04_Comunic_Recibidas/2020/CI004_GP-13698_070108_CON_3095_SEG_PERM_OTORG_EXP_51491.pdf
84,2,,,CONSORCIO 4C,GP-13242,,,15_04_Comunic_Recibidas/2020/CI004_GP-13242_070109_CON_2385_RECUPERA_ESPAC_PUB.pdf
85,1,,,CONSORCIO 4C,GP-12805,,,15_04_Comunic_Recibidas/2020/CI004_GP-12805_070108_CON_1623_ICA_N05.pdf
86,4,,,CONSORCIO 4C,GP-13344,,,15_04_Comunic_Recibidas/2020/CI004_GP-13344_070108_CON_2514_INTERV_AREA_NO_AUTO.pdf
87,1,,,CONSORCIO 4C,GP-12396,,,15_04_Comunic_Recibidas/2020/CI004_GP-12396_070404_CON_0938_EXP_EXPRO.pdf
88,10,,,CONSORCIO 4C,GP-13713,,,15_04_Comunic_Recibidas/2020/CI004_GP-13713_070108_CON_3110_SEG_PERM_OTORG_EXP_51513.pdf
91,12,,,CONSORCIO 4C,GP-13537,,,15_04_Comunic_Recibidas/2020/CI004_GP-13537_070303_CON_2821_PLAZO_CURA_SICC.pdf
90,10,,,CONSORCIO 4C,GP-12253,,,15_04_Comunic_Recibidas/2020/CI004_GP-12253_050300_CON_0925_PROTOCOLO_COVID-19.pdf
89,2,,,CONSORCIO 4C,GP-13040,,,15_04_Comunic_Recibidas/2020/CI004_GP-13040_070108_CON_1996_PLAN_COMPENSA_EXP_62448.pdf
92,6,,,CONSORCIO 4C,GP-11754,,,15_04_Comunic_Recibidas/2020/CI004_GP-11754_070202_CON_0078_FOR_GCSP-F001_DIC19.pdf
94,1,,,CONSORCIO 4C,GP-11858,,,15_04_Comunic_Recibidas/2020/CI004_GP-11858_070108_CON_0230_INF_23_EER_EXP_52038.pdf
95,1,,,CONSORCIO 4C,GP-12046,,,15_04_Comunic_Recibidas/2020/CI004_GP-12046_070108_CON_0524_APROV_FOREST_RESOL_1627.pdf
93,1,,,CONSORCIO 4C,GP-12986,,,15_04_Comunic_Recibidas/2020/CI004_GP-12986_070102-070109_CON_1967_MEDI_PERCEP_CLIENTE.pdf
98,1,,,CONSORCIO 4C,GP-13564,,,15_04_Comunic_Recibidas/2020/CI004_GP-13564_070108_CON_2861_PRORROGA_RESOL_3896_EXP_51903.pdf
97,1,,,CONSORCIO 4C,GP-13380,,,15_04_Comunic_Recibidas/2020/CI004_GP-13380_070108_CON_2562_MEDIDA_COMPENSA_EXP_61894.pdf
100,1,,,CONSORCIO 4C,GP-12483,,,15_04_Comunic_Recibidas/2020/CI004_GP-12483_070108_CON_1157_CUMPLI_AUTO_DRAM_1590.pdf
101,2,,,CONSORCIO 4C,GP-12575,,,15_04_Comunic_Recibidas/2020/CI004_GP-12575_070108_CON_1286_REMIS_EXP_ATV0275_CORTOLIMA.pdf
96,2,,,CONSORCIO 4C,GP-11756,,,15_04_Comunic_Recibidas/2020/CI004_GP-11756_070110_CON_0009_ENTREG_DOTACIÓN_2019.pdf
99,4,,,CONSORCIO 4C,GP-11994,,,15_04_Comunic_Recibidas/2020/CI004_GP-11994_070107-090300_CON_0466_PDTE_N22_UF3_CURVA_K40+170.pdf
103,6,,,CONSORCIO 4C,GP-13498,,,15_04_Comunic_Recibidas/2020/CI004_GP-13498_070202_ANI_033680-1_SCTUD_INFO_ACTIVOS.pdf
105,6,,,CONSORCIO 4C,GP-12048,,,15_04_Comunic_Recibidas/2020/CI004_GP-12048_070109_CON_0539_DP_LA_CONCORDIA.pdf
102,1,,,CONSORCIO 4C,GP-12585,,,15_04_Comunic_Recibidas/2020/CI004_GP-12585_070500_CON_1304_REV_MEMOTEC_NOV19.pdf
107,1,,,CONSORCIO 4C,GP-12557,,,15_04_Comunic_Recibidas/2020/CI004_GP-12557_070108_CON_1262_MEDIDA_COMPENSA_EXP_52008.pdf
106,1,,,CONSORCIO 4C,GP-12303,,,15_04_Comunic_Recibidas/2020/CI004_GP-12303_070108_CON_0920_REQUERIMIENT_K56+250_UF3.pdf
104,1,,,CONSORCIO 4C,GP-11963,,,15_04_Comunic_Recibidas/2020/CI004_GP-11963_070108_CON_0352_CUMPLI_COMPENSA_EXP_51527.pdf
110,2,,,CONSORCIO 4C,GP-13557,,,15_04_Comunic_Recibidas/2020/CI004_GP-13557_070115_CON_2855_ACUERDO_CENIT_ALMA.pdf
109,1,,,CONSORCIO 4C,GP-12806,,,15_04_Comunic_Recibidas/2020/CI004_GP-12806_070108_CON_1624_ICA_N06.pdf
108,2,,,CONSORCIO 4C,GP-12905,,,15_04_Comunic_Recibidas/2020/CI004_GP-12905_070402_CON_1810_PBOT_ACUERDO_12.pdf
111,1,,,CONSORCIO 4C,GP-12230,,,15_04_Comunic_Recibidas/2020/CI004_GP-12230_070108_CON_0852_ICA_N°03.pdf
112,5,,,CONSORCIO 4C,GP-12070,,,15_04_Comunic_Recibidas/2020/CI004_GP-12070_090300_MHC_D-3_CIERRE_PDTE_352_AT6.pdf
113,2,,,CONSORCIO 4C,GP-12584,,,15_04_Comunic_Recibidas/2020/CI004_GP-12584_070500_CON_1303_REV_MEMOTEC_OCT19.pdf
114,2,,,CONSORCIO 4C,GP-12297,,,15_04_Comunic_Recibidas/2020/CI004_GP-12297_070401_CON_0957_ACLARA_ESCRITURA_581.pdf
115,2,,,CONSORCIO 4C,GP-13384,,,15_04_Comunic_Recibidas/2020/CI004_GP-13384_050300_CON_2570_CALIDAD_AVALUOS.pdf
116,1,,,CONSORCIO 4C,GP-12813,,,15_04_Comunic_Recibidas/2020/CI004_GP-12813_090300_CON_1636_PLANOS_RECORD_UF_TERMINAD.pdf
117,11,,,CONSORCIO 4C,GP-13650,,,15_04_Comunic_Recibidas/2020/CI004_GP-13650_050300_CON_3032_INFO_PAEF_ERR_COVID.pdf
118,4,,,CONSORCIO 4C,GP-13476,,,15_04_Comunic_Recibidas/2020/CI004_GP-13476_070109_CON_2708_BIENES_USO_PUB.pdf
119,2,,,CONSORCIO 4C,GP-12899,,,15_04_Comunic_Recibidas/2020/CI004_GP-12899_070401_CON_1799_ESTAD_CARG_OLYMPUS.pdf
121,1,,,CONSORCIO 4C,GP-11726,,,15_04_Comunic_Recibidas/2020/CI004_GP-11726_070401_CON_0021_EXP_PREDIAL.pdf
120,1,,,CONSORCIO 4C,GP-12634,,,15_04_Comunic_Recibidas/2020/CI004_GP-12634_070500_CON_1362_MEMOTEC_MAR20.pdf
122,2,,,CONSORCIO 4C,GP-13024,,,15_04_Comunic_Recibidas/2020/CI004_GP-13024_070109_CON_1998_RETERA_QUERELLA_ESP_PUB.pdf
123,1,,,CONSORCIO 4C,GP-11848,,,15_04_Comunic_Recibidas/2020/CI004_GP-11848_070108_CON_0232_RESID_SOLIDOS_PEAJE_UF5.pdf
124,1,,,CONSORCIO 4C,GP-11921,,,15_04_Comunic_Recibidas/2020/CI004_GP-11921_070406_CON_0357_EXP_AVALUO.pdf
125,3,,,CONSORCIO 4C,GP-12041,,,15_04_Comunic_Recibidas/2020/CI004_GP-12041_070201_CON_0435_INF_INGRE_EGRE_ENE20.pdf
126,6,,,CONSORCIO 4C,GP-13389,,,15_04_Comunic_Recibidas/2020/CI004_GP-13389_070109_CON_2583_PROTEC_BIENES_USO_PUB.pdf
127,6,,,CONSORCIO 4C,GP-12932,,,15_04_Comunic_Recibidas/2020/CI004_GP-12932_070401_CON_1856_INF_SEM_OLYMPUS.pdf
128,10,,,CONSORCIO 4C,GP-13721,,,15_04_Comunic_Recibidas/2020/CI004_GP-13721_070108_CON_3118_SEG_PERM_OTORG_EXP_51536.pdf
130,4,,,CONSORCIO 4C,GP-12079,,,15_04_Comunic_Recibidas/2020/CI004_GP-12079_050300_CON_0566_NOVEDAD_PARQ_AUTOMOTOR.pdf
131,1,,,CONSORCIO 4C,GP-12153,,,15_04_Comunic_Recibidas/2020/CI004_GP-12153_050300_CON_0741_ENTREG_MOTOCICLET.pdf
129,1,,,CONSORCIO 4C,GP-12244,,,15_04_Comunic_Recibidas/2020/CI004_GP-12244_070301_ANI_010163-1_PUNTOS_CONTEO_UF5.pdf
132,1,,,CONSORCIO 4C,GP-13102,,,15_04_Comunic_Recibidas/2020/CI004_GP-13102_070402_CON_1675_EXP_SOCIAL.pdf
134,4,,,CONSORCIO 4C,GP-13588,,,15_04_Comunic_Recibidas/2020/CI004_GP-13588_050300_ANI_036170-1_O&M_NPH.pdf
133,1,,,CONSORCIO 4C,GP-12928,,,15_04_Comunic_Recibidas/2020/CI004_GP-12928_070406_CON_1835_EXP_AVALUO.pdf
135,2,,,CONSORCIO 4C,GP-13098,,,15_04_Comunic_Recibidas/2020/CI004_GP-13098_070115_CON_2124_AFECTA_RED_EXISTENT_UF5.pdf
136,1,,,CONSORCIO 4C,GP-11925,,,15_04_Comunic_Recibidas/2020/CI004_GP-11925_070301_CON_03471_PUNTOS_CONTEO_VEHICUL.pdf
137,2,,,CONSORCIO 4C,GP-13072,,,15_04_Comunic_Recibidas/2020/CI004_GP-13072_070109-070401_MQUINTERO_SINNUMERO_NO_PAG_PREDIO.pdf
138,1,,,CONSORCIO 4C,GP-12921,,,15_04_Comunic_Recibidas/2020/CI004_GP-12921_070402_CON_1498_EXP_SOCIAL.pdf
139,1,,,CONSORCIO 4C,GP-13587,,,15_04_Comunic_Recibidas/2020/CI004_GP-13587_050300_CON_2919_COSTOS_OCIOSOS_COVID-19.pdf
140,6,,,CONSORCIO 4C,GP-12316,,,15_04_Comunic_Recibidas/2020/CI004_GP-12316_070108_CON_0969_SUSPEN_ACTIV_COVID-19.pdf
141,10,,,CONSORCIO 4C,GP-12931,,,15_04_Comunic_Recibidas/2020/CI004_GP-12931_050300-070108_CON_1843_EER_EXP_AMB_71558_UF3.pdf
142,1,,,CONSORCIO 4C,GP-12801,,,15_04_Comunic_Recibidas/2020/CI004_GP-12801_070108_CON_1625_IMPACT_LIC_AMB_RESOL_0660.pdf
143,1,,,CONSORCIO 4C,GP-11802,,,15_04_Comunic_Recibidas/2020/CI004_GP-11802_070406_CON_03855_EXP_AVALUO.pdf
145,1,CONCESION ALTO MAGDALENA S.A.S.,,CONSORCIO 4C,GP-12908,09/06/2020,Entrega Informe Gerencial Mensual N° 68 - JUNIO de 2020,15_04_Comunic_Recibidas/2020/CI004_GP-12908_070500_CON_1807_INF_MEN_N68_JUN20.pdf
144,2,CONCESION ALTO MAGDALENA S.A.S.,,CONSORCIO 4C,GP-13667,16/12/2020,Entrega soporte de pago seguimiento ambiental Auto DRBM No. 0660 del 4 de noviembre de 2020. Expediente 52058,15_04_Comunic_Recibidas/2020/CI004_GP-13667_070108_CON_3063_SOPORT_PAG_AMB_EXP_52058.pdf
146,10,CONCESION ALTO MAGDALENA S.A.S.,,CONSORCIO 4C,GP-12967,22/07/2020,"Solicitud de recuperación de bienes de uso público (Invasión de zona de exclusión adquirida a favor de la Agencia Nacional de Infraestructura) en el Pr 26 + 850, costado derecho Ruta Nacional 4508 Respuesta al derecho de petición interpuesto por Personería Municipal - Ligia Salazar López.",15_04_Comunic_Recibidas/2020/CI004_GP-12967_070109_CON_1908_RECUPERA_BIENES_USO_PUB.pdf
147,2,CONCESION ALTO MAGDALENA S.A.S.,,CONSORCIO 4C,GP-13754,22/12/2020,Respuesta comunicación 2020303050309971 (Rad. Int. ALMA-R-2020-1968 del 19/10/2020). Observaciones a modificación de pólizas – ampliación de vigencias.,15_04_Comunic_Recibidas/2020/CI004_GP-13754_050300_CON_3129_OBS_MODIFI_POLIZAS.pdf
149,1,CONCESIÓN ALTO MAGDALENA S.A.S.,ALMA-2020-3163,CONSORCIO 4C,GP-13688,22/12/2020,Entrega expediente predial (Físico) ALMA-5-0126 para aprobación definitiva del Avalúo Comercial Corporativo.,15_04_Comunic_Recibidas/2020/CI004_GP-13688_070406_CON_3163_EXP_AVALUO.pdf
148,1,CONCESIÓN ALTO MAGDALENA S.A.S.,,CONSORCIO 4C,GP-12753,08/06/2020,Respuesta oficio ANLA 2020075893-2-000 (Rad. Int. ALMA-R-2020-0970 del 15/05/2020). Resultado Verificación Preliminar Informe ICA 12 - UF 4.1 Expediente: LAV0004-00-2016.,15_04_Comunic_Recibidas/2020/CI004_GP-12753_070108_CON_1545_INF_ICA_N12.pdf
150,1,CONCESIÓN ALTO MAGDALENA S.A.S.,ALMA-2020-1213,CONSORCIO 4C,GP-12520,04/05/2020,"Cumplimiento obligación artículo 2 del Auto CAR DRAM No. 0110 del 23 de enero de 2020, y Resolución CAR No. 0447 del 26 de febrero de 2016. Entrega informe de disposición de residuos. Expediente 51734.",15_04_Comunic_Recibidas/2020/CI004_GP-12520_070108_CON_1213_DISPOSI_RESIDUOS_EXP_51734.pdf
151,4,CONCESIÓN ALTO MAGDALENA S.A.S.,,CONSORCIO 4C,GP-11703,03/01/2020,Respuesta comunicado CI.004/GP7066/19/7.1.10 (Rad. Int. ALMA-R-20192466) del 17/10/2019 Incumplimiento condiciones Seguridad UF 2 Y 3. Semana 245.,15_04_Comunic_Recibidas/2020/CI004_GP-11703_070110_CON_0007_INCUMP_CONDI_SEG_UF2_UF3.pdf
152,5,CONCESION ALTO MAGDALENA S.A.S.,ALMA-2020-0752,CONSORCIO 4C,GP-12210,13/03/2020,GCSP-F-009 Informe Mensual Recaudo de Peajes del mes de febrero de 2020,15_04_Comunic_Recibidas/2020/CI004_GP-12210_070208_CON_0752_FOR_GCSP-F009_FEB20.pdf
153,1,CONCESIÓN ALTO MAGDALENA S.A.S.,ALMA-2020-2157,CONSORCIO 4C,GP-13140,20/08/2020,Entrega informe disposición residuos obligación Auto CAR DRAM 0706 del 12/08/2020 y resolución CAR 1712 del 30 de junio de 2017. Expediente 60703.,15_04_Comunic_Recibidas/2020/CI004_GP-13140_070108_CON_2157_INF_DISPOSI_RESIDUOS.pdf
154,1,CONCESIÓN ALTO MAGDALENA S.A.S.,ALMA-2020-2417,CONSORCIO 4C,GP-13279,15/09/2020,Entrega Expediente Predial Final ALMA-2-0095,15_04_Comunic_Recibidas/2020/CI004_GP-13279_070401_CON_2417_EXP_FINAL.pdf
156,1,CONCESIÓN ALTO MAGDALENA S.A.S.,,CONSORCIO 4C,GP-13041,31/07/2020,"Cumplimiento obligación artículo 2 del Auto CAR DRAM No. 0630 del 17 de julio de 2020, y Resolución CAR No. 2428 del 11 de septiembre de 2017. Entrega del informe de disposición de residuos. Expediente 62378.",15_04_Comunic_Recibidas/2020/CI004_GP-13041_070108_CON_1977_DISPOSI_RESIDUOS_EXP_62378.pdf
155,10,CONCESION ALTO MAGDALENA S.A.S.,,CONSORCIO 4C,GP-13709,21/12/2020,Respuesta oficio CAR 07202102127 (Rad. Int. ALMA-R-2020-1933 del 13/10/2020). Seguimiento permisos otorgados. Expediente: 51509,15_04_Comunic_Recibidas/2020/CI004_GP-13709_070108_CON_3106_SEG_PERM_OTORG_EXP_51509.pdf
158,1,CONCESION ALTO MAGDALENA S.A.S.,,CONSORCIO 4C,GP-13594,06/11/2020,Respuesta comunicado CI.004/GP8573/20/7.1.10 (Rad. int ALMA-R-2020-1999 del 23/10/2020) Suministro Calzado y vestido de labor / Alcance a comunicado CI.004/GP8507/20/7.1.10,15_04_Comunic_Recibidas/2020/CI004_GP-13594_070110_CON_2760_DOTACION_PERSONAL.pdf
157,2,AGENCIA NACIONAL DE INFRAESTRUCTURA,ANI 2020-310-009073-1,CONSORCIO 4C,GP-12189,16/03/2020,"Respuesta Radicado ANI 2020-409-02105-2 del 28 de febrero de 2020 - Distribución de la Vigencia Futura 2019 en el Proyecto Girardot - Honda – Puerto Salgar, Contrato de Concesión bajo el Esquema APP No. 003 de 2014 – Concesión Alto Magdalena SAS.",15_04_Comunic_Recibidas/2020/CI004_GP-12189_070205_ANI_009073-1_DISTRIB_VIG_FUTURA19.pdf
159,1,CONCESIÓN ALTO MAGDALENA S.A.S.,ALMA-2020-1167,CONSORCIO 4C,GP-12495,29/04/2020,Cumplimiento obligación artículo 2 Auto CAR DRAM No. 049 del 15 de enero de 2020 y Resolución CAR No. 2422 del 11 de septiembre de 2017. Entrega informe disposición residuos. Expediente 61523.,15_04_Comunic_Recibidas/2020/CI004_GP-12495_070108_CON_1167_DISPOSI_RESIDUOS_EXP_61523.pdf
160,1,CONCESIÓN ALTO MAGDALENA S.A.S.,ALMA-2020-1212,CONSORCIO 4C,GP-12519,04/05/2020,Cumplimiento artículo segundo del Auto DRAM CAR N° 0205 del 10 de febrero del 2020. Entrega Informe medida compensatoria artículo cuarto Resolución CAR N° 0409 del 24 de febrero del 2016. Expediente 51840.,15_04_Comunic_Recibidas/2020/CI004_GP-12519_070108_CON_1212_MEDIDA_COMPENSA_EXP_51840.pdf
161,1,CONCESIÓN ALTO MAGDALENA S.A.S.,,CONSORCIO 4C,GP-13618,27/11/2020,"Entrega del expediente predial ALMA-5-0262, para aprobación del componente social.",15_04_Comunic_Recibidas/2020/CI004_GP-13618_070402_CON_2927_EXP_SOCIAL.pdf
163,1,CONCESIÓN ALTO MAGDALENA S.A.S.,,CONSORCIO 4C,GP-13525,29/10/2020,"Entrega del expediente predial ALMA-5-0075, para revisión y aprobación de componente social.",15_04_Comunic_Recibidas/2020/CI004_GP-13525_070402_CON_2702_EXP_SOCIAL.pdf
162,1,CONCESIÓN ALTO MAGDALENA S.A.S.,ALMA-2020-1263,CONSORCIO 4C,GP-12558,07/05/2020,"Cumplimiento artículo 4 Resolución CAR. No. 1081 de 16 de mayo del 2016, modificada por Resolución CAR. No. 1137 de 28 de abril del 2017. Entrega Informe establecimiento medida compensatoria. Expediente 52029.",15_04_Comunic_Recibidas/2020/CI004_GP-12558_070108_CON_1263_MEDIDA_COMPENSA_EXP_52029.pdf
164,6,CONCESION ALTO MAGDALENA S.A.S.,,CONSORCIO 4C,GP-13452,23/10/2020,Informe de Inspección de Seguridad Vial (ISV) de los Accesos y Barreras de Contención de la UF3.,15_04_Comunic_Recibidas/2020/CI004_GP-13452_050300-070304_CON_2665_INSPEC_SEG_VIAL_UF3.pdf
165,2,CONCESIÓN ALTO MAGDALENA S.A.S.,,CONSORCIO 4C,GP-13595,24/11/2020,Respuesta comunicación Cl.004/GP8634/20/5.3 (Rad. Int. ALMA-R-2020-2095 del 11/11/2020). Pólizas Contrato de Concesión Etapa Operación y Mantenimiento.,15_04_Comunic_Recibidas/2020/CI004_GP-13595_050300_CON_2915_POLIZAS_O&M.pdf
166,1,CONCESIÓN ALTO MAGDALENA S.A.S.,,CONSORCIO 4C,GP-13395,09/10/2020,Alcance respuesta reiterada reclamación PQRS-UF3-2019-0377 ANI Radicado No. 20203050264401 (Rad int. ALMA-R-2020-1767 del 10/09/2020) - Remisión Derecho de Petición Pablo Antonio Lozano Construcción de acceso a las viviendas y de canaleta que conduce las aguas a la alcantarilla del sector.,15_04_Comunic_Recibidas/2020/CI004_GP-13395_070109_CON_2600_DP_PLOZANO.pdf
167,1,CONCESIÓN ALTO MAGDALENA S.A.S.,,CONSORCIO 4C,GP-12925,09/07/2020,Respuesta comunicación CI.004/GP8106/20/7.4.6 (Rad. interno ALMA-R-2020-1249 del 30/06/2020) Entrega del expediente predial (Físico) ALMA-5-0129 para aprobación definitiva del Avalúo Comercial Corporativo.,15_04_Comunic_Recibidas/2020/CI004_GP-12925_070406_CON_1802_EXP_AVALUO.pdf
169,2,CONCESIÓN ALTO MAGDALENA S.A.S.,ALMA-2020-0718,CONSORCIO 4C,GP-12170,09/03/2020,Remisión Pólizas de Responsabilidad Civil Extracontractual y Cumplimiento.,15_04_Comunic_Recibidas/2020/CI004_GP-12170_050300_CON_0718_REMISION_POLIZAS.pdf
168,2,,,CONSORCIO 4C,GP-13007,31/07/2020,"Trabajos mal hecho quedo peor que como estaba ,que clase de ING hizo ese trabajo CRA 15 calle frente Parador Los Corchos María Elizabeth Sánchez cel 3148913507",15_04_Comunic_Recibidas/2020/CI004_GP-13007_070109_MSANCHEZ_SINNUMERO_DP_CRA15.pdf
170,4,CONCESIÓN ALTO MAGDALENA S.A.S.,ALMA-2020-0830,CONSORCIO 4C,GP-12207,24/03/2020,Póliza Todo Riesgo Construcción.,15_04_Comunic_Recibidas/2020/CI004_GP-12207_050300_CON_0830_POLIZ_TODO_RIESG.pdf
171,2,CONCESION ALTO MAGDALENA S.A.S.,,CONSORCIO 4C,GP-13638,04/12/2020,Entrega Registro consolidado recuperación espacio público noviembre 2020.,15_04_Comunic_Recibidas/2020/CI004_GP-13638_070109_CON_3002_RECUPERA_ESPACIO_PUB.pdf
173,24,TRANS SURENCO S.A.S,,CONSORCIO 4C,GP-13337,26/09/2020,SOLICITUD PERMISO DE TRANSITO,15_04_Comunic_Recibidas/2020/CI004_GP-13337_070114_TRANSSURENCO_SINNUMERO_PERMIS_TRANS.pdf
172,10,CONCESION ALTO MAGDALENA S.A.S.,,CONSORCIO 4C,GP-13689,21/12/2020,Respuesta oficio CAR 07202102127 (Rad. Int. ALMA-R-2020-1933 - 13/10/2020). Seguimiento permisos otorgados. Expediente: 51477,15_04_Comunic_Recibidas/2020/CI004_GP-13689_070108_CON_3086_SEG_PERM_OTORG_EXP_51477.pdf
174,12,,,CONSORCIO 4C,GP-12532,,,15_04_Comunic_Recibidas/2020/CI004_GP-12532_070108_CON_1134_RTA_AUTO_08192.pdf
178,2,,,CONSORCIO 4C,GP-13581,,,15_04_Comunic_Recibidas/2020/CI004_GP-13581_070303_CON_2910_MAL_FUNCIO_SICC_NIVEL_SERV_E11.pdf
176,1,,,CONSORCIO 4C,GP-12024,,,15_04_Comunic_Recibidas/2020/CI004_GP-12024_070401_CON_0242_INF_PREDIAL_ENE20.pdf
175,2,,,CONSORCIO 4C,GP-11735,,,15_04_Comunic_Recibidas/2020/CI004_GP-11735_050300_CON_0058_EER_REDES_TUBERIA_HIDROCAR.pdf
177,2,,,CONSORCIO 4C,GP-13111,,,15_04_Comunic_Recibidas/2020/CI004_GP-13111_070108_CON_2110_SOPORT_PAG_AMB_EXP_61894.pdf
180,2,,,CONSORCIO 4C,GP-12187,,,15_04_Comunic_Recibidas/2020/CI004_GP-12187_070109-070115_ANI_009135-1_DP_CVALENCIA.pdf
179,1,,,CONSORCIO 4C,GP-13278,,,15_04_Comunic_Recibidas/2020/CI004_GP-13278_070401_CON_2416_EXP_FINAL.pdf
182,3,,,CONSORCIO 4C,GP-11854,,,15_04_Comunic_Recibidas/2020/CI004_GP-11854_070114_ANI_002499-1_AISLA_EDS_GUATAQUI.pdf
181,2,,,CONSORCIO 4C,GP-13663,,,15_04_Comunic_Recibidas/2020/CI004_GP-13663_070108_CON_3059_SOPORT_PAG_AMB_EXP_62026.pdf
184,2,,,CONSORCIO 4C,GP-13489,,,15_04_Comunic_Recibidas/2020/CI004_GP-13489_070114_ANI_033298-1_PERMISO_OCUPA_ALCANOS.pdf
183,2,,,CONSORCIO 4C,GP-13311,,,15_04_Comunic_Recibidas/2020/CI004_GP-13311_070114_TRANSSURENCO_SINNUMERO_PERMIS_TRANS.pdf
185,1,,,CONSORCIO 4C,GP-12803,,,15_04_Comunic_Recibidas/2020/CI004_GP-12803_070108_CON_1627_AUTO_DRCM_0282.pdf
186,5,,,CONSORCIO 4C,GP-11935,,,15_04_Comunic_Recibidas/2020/CI004_GP-11935_070108_CON_0386_OCUP_CAUCE_K108+259.pdf
187,6,,,CONSORCIO 4C,GP-12687,,,15_04_Comunic_Recibidas/2020/CI004_GP-12687_070109_CON_1450_DP_VACAB.pdf
188,4,,,CONSORCIO 4C,GP-12431,,,15_04_Comunic_Recibidas/2020/CI004_GP-12431_050300_CON_1136_SUSPEN_OBRAS_PTE_PTO_BGTA.pdf
190,4,,,CONSORCIO 4C,GP-12295,,,15_04_Comunic_Recibidas/2020/CI004_GP-12295_070115_CON_0948_SOPORTES_SUBCTA_REDES.pdf
189,2,,,CONSORCIO 4C,GP-11708,,,15_04_Comunic_Recibidas/2020/CI004_GP-11708_070108_CON_0018_SCTUD_QBN_15031.pdf
192,1,,,CONSORCIO 4C,GP-13487,,,15_04_Comunic_Recibidas/2020/CI004_GP-13487_070401_CON_2718_REITERA_REQ_ALMA-5-0261.pdf
191,1,,,CONSORCIO 4C,GP-11968,,,15_04_Comunic_Recibidas/2020/CI004_GP-11968_070108_CON_0358_CUMPLI_AUTO_DRMC_1084.pdf
193,4,,,CONSORCIO 4C,GP-12325,,,15_04_Comunic_Recibidas/2020/CI004_GP-12325_070114_CON_0819_CARG_EXTRA_TRANS_MONTEJO.pdf
194,1,,,CONSORCIO 4C,GP-13064,,,15_04_Comunic_Recibidas/2020/CI004_GP-13064_070108_CON_2041_OBS_CIERRE_AMB_UF3.pdf
195,4,,,CONSORCIO 4C,GP-13323,,,15_04_Comunic_Recibidas/2020/CI004_GP-13323_070108_CON_2486_INF_SEM_N06_RESOL_0817.pdf
198,15,,,CONSORCIO 4C,GP-12035,,,15_04_Comunic_Recibidas/2020/CI004_GP-12035_010000_ANI_004570-1_OTROSI_N03.pdf
197,2,,,CONSORCIO 4C,GP-12154,,,15_04_Comunic_Recibidas/2020/CI004_GP-12154_070108_CON_0697_INF_N2_RESOL_2602.pdf
196,6,,,CONSORCIO 4C,GP-12971,,,15_04_Comunic_Recibidas/2020/CI004_GP-12971_070401_CON_1925_PLAZO_CURA_OLYMPUS.pdf
200,1,,,CONSORCIO 4C,GP-11863,,,15_04_Comunic_Recibidas/2020/CI004_GP-11863_070500_CON_0268_MEMOTEC_DIC19.pdf
199,1,,,CONSORCIO 4C,GP-13255,,,15_04_Comunic_Recibidas/2020/CI004_GP-13255_070401_CON_2400_EXP_PREDIAL.pdf
202,1,,,CONSORCIO 4C,GP-13576,,,15_04_Comunic_Recibidas/2020/CI004_GP-13576_070500_CON_2889_ESTAB_TALUD_PERICOS.pdf
201,4,,,CONSORCIO 4C,GP-12818,,,15_04_Comunic_Recibidas/2020/CI004_GP-12818_070109_CON_1665_PROTEC_BIENES_USO_PUB.pdf
204,1,,,CONSORCIO 4C,GP-12030,,,15_04_Comunic_Recibidas/2020/CI004_GP-12030_070401_CON_0467_SABANA_PREDIAL.pdf
205,4,,,CONSORCIO 4C,GP-13609,,,15_04_Comunic_Recibidas/2020/CI004_GP-13609_070401_CON_2952_INF_CARGUE_OLYMPUS.pdf
203,1,,,CONSORCIO 4C,GP-12492,,,15_04_Comunic_Recibidas/2020/CI004_GP-12492_070108_CON_1164_DISPOSI_RESIDUOS_EXP_62373.pdf
206,1,,,CONSORCIO 4C,GP-12373,,,15_04_Comunic_Recibidas/2020/CI004_GP-12373_070108_CON_1023_CUMPLI_RESOL_CAR_0708.pdf
210,2,,,CONSORCIO 4C,GP-13329,,,15_04_Comunic_Recibidas/2020/CI004_GP-13329_070401_CON_2504_SCTUD_CERT_CATASTRALES.pdf
207,1,,,CONSORCIO 4C,GP-13067,,,15_04_Comunic_Recibidas/2020/CI004_GP-13067_070406_CON_2018_EXP_AVALUO.pdf
211,1,,,CONSORCIO 4C,GP-12938,,,15_04_Comunic_Recibidas/2020/CI004_GP-12938_070108_CON_1850_RESOL_CAR_2436.pdf
209,1,,,CONSORCIO 4C,GP-13163,,,15_04_Comunic_Recibidas/2020/CI004_GP-13163_070108-070109_CON_2196_INF_RESPONSA_SOCIOAMB_19.pdf
212,2,,,CONSORCIO 4C,GP-13596,,,15_04_Comunic_Recibidas/2020/CI004_GP-13596_070104_ANI_036788-1_AMPLIA_PLAZO_RESOL_387.pdf
208,1,,,CONSORCIO 4C,GP-12589,,,15_04_Comunic_Recibidas/2020/CI004_GP-12589_070406_CON_0269_EXP_AVALUO.pdf
213,2,,,CONSORCIO 4C,GP-11880,,,15_04_Comunic_Recibidas/2020/CI004_GP-11880_070401_CON_0219_RESOL_DESPLA_FORZA.pdf
214,1,,,CONSORCIO 4C,GP-13215,,,15_04_Comunic_Recibidas/2020/CI004_GP-13215_070402_CON_1918_EXP_SOCIAL.pdf
215,1,,,CONSORCIO 4C,GP-12599,,,15_04_Comunic_Recibidas/2020/CI004_GP-12599_070406_CON_1301_EXP_AVALUO.pdf
216,10,,,CONSORCIO 4C,GP-13707,,,15_04_Comunic_Recibidas/2020/CI004_GP-13707_070108_CON_3104_SEG_PERM_OTORG_EXP_51505.pdf
217,10,,,CONSORCIO 4C,GP-13732,,,15_04_Comunic_Recibidas/2020/CI004_GP-13732_070108_CON_3140_SEG_PERM_OTORG_EXP_51967.pdf
218,1,,,CONSORCIO 4C,GP-12078,,,15_04_Comunic_Recibidas/2020/CI004_GP-12078_070108_CON_0565_PRORROGA_RESOL_0079.pdf
219,10,,,CONSORCIO 4C,GP-11731,,,15_04_Comunic_Recibidas/2020/CI004_GP-11731_050300_ANI_000276-1_ENTREG_TRAMO_NPH.pdf
220,1,,,CONSORCIO 4C,GP-12811,,,15_04_Comunic_Recibidas/2020/CI004_GP-12811_070108_CON_1635_INF_N45_EER_EXP_52038.pdf
221,1,,,CONSORCIO 4C,GP-13322,,,15_04_Comunic_Recibidas/2020/CI004_GP-13322_070108_CON_2484_SEG_AMB_EXP_LAV0068-00-2015.pdf
222,2,,,CONSORCIO 4C,GP-12200,,,15_04_Comunic_Recibidas/2020/CI004_GP-12200_070401-070402_CON_0756_EXP_PREDIAL.pdf
223,2,,,CONSORCIO 4C,GP-13674,,,15_04_Comunic_Recibidas/2020/CI004_GP-13674_070402_CON_3029_EXP_SOCIAL.pdf
224,1,,,CONSORCIO 4C,GP-12245,,,15_04_Comunic_Recibidas/2020/CI004_GP-12245_070109_ANI_010262-1_DP_VIA_CERRAD_PTO_SALGAR.pdf
225,2,,,CONSORCIO 4C,GP-13764,,,15_04_Comunic_Recibidas/2020/CI004_GP-13764_070114_ANI_040019-1_AMPLIA_PLAZO_RESOL_387.pdf
226,4,,,CONSORCIO 4C,GP-12031,,,15_04_Comunic_Recibidas/2020/CI004_GP-12031_070401_CON_0479_INF_PREDIAL_EER_UF2.pdf
227,2,,,CONSORCIO 4C,GP-12668,,,15_04_Comunic_Recibidas/2020/CI004_GP-12668_070406_CON_1396_PRESENTA_LONJA.pdf
228,1,,,CONSORCIO 4C,GP-11908,,,15_04_Comunic_Recibidas/2020/CI004_GP-11908_070406_CON_03903_EXP_AVALUO.pdf
229,1,,,CONSORCIO 4C,GP-12385,,,15_04_Comunic_Recibidas/2020/CI004_GP-12385_070108_CON_1031_CUMPLI_RESOL_CAR_1084.pdf
230,1,,,CONSORCIO 4C,GP-12452,,,15_04_Comunic_Recibidas/2020/CI004_GP-12452_070108_CON_1093_CUMPLI_AUTO_CAR_01.pdf
231,2,,,CONSORCIO 4C,GP-12228,,,15_04_Comunic_Recibidas/2020/CI004_GP-12228_070401_CON_0863_REPORTE_PREDIOS_OLYMPUS.pdf
232,1,,,CONSORCIO 4C,GP-11954,,,15_04_Comunic_Recibidas/2020/CI004_GP-11954_070108_CON_0343_CUMPLI_COMPENSA_EXP_51488.pdf
233,2,,,CONSORCIO 4C,GP-12001,,,15_04_Comunic_Recibidas/2020/CI004_GP-12001_050300_CON_0249_REMISION_POLIZAS.pdf
234,1,,,CONSORCIO 4C,GP-12953,,,15_04_Comunic_Recibidas/2020/CI004_GP-12953_070108_CON_1879_SIEMBRA_COMPENSA_61523.pdf
235,13,,,CONSORCIO 4C,GP-12033,,,15_04_Comunic_Recibidas/2020/CI004_GP-12033_050300_ANI_004571-1_EER_GLORIET_ORIENTAL.pdf
236,10,,,CONSORCIO 4C,GP-13725,,,15_04_Comunic_Recibidas/2020/CI004_GP-13725_070108_CON_3122_SEG_PERM_OTORG_EXP_51957.pdf
237,2,,,CONSORCIO 4C,GP-13491,,,15_04_Comunic_Recibidas/2020/CI004_GP-13491_070401-070115_CON_2729_REITERA_REQ_PREDIO_2-0121-1.pdf
238,4,,,CONSORCIO 4C,GP-13214,,,15_04_Comunic_Recibidas/2020/CI004_GP-13214_070109_CON_2299_DP_PQRS-UF5-2020-953.pdf
239,1,,,CONSORCIO 4C,GP-11729,,,15_04_Comunic_Recibidas/2020/CI004_GP-11729_070107_CON_0043_PTE_PEATON_PTO_BGTA.pdf
240,2,,,CONSORCIO 4C,GP-13445,,,15_04_Comunic_Recibidas/2020/CI004_GP-13445_070108_CON_2657_PAG_TASA_UTILIZA_AGUAS.pdf
241,2,,,CONSORCIO 4C,GP-11764,,,15_04_Comunic_Recibidas/2020/CI004_GP-11764_070109_ANI_000801-1_SCTUD_SEÑALIZACIÓN.pdf
242,1,,,CONSORCIO 4C,GP-12639,,,15_04_Comunic_Recibidas/2020/CI004_GP-12639_070108_CON_1363_MEDIDA_COMPENSA_EXP_52132.pdf
243,1,,,CONSORCIO 4C,GP-12068,,,15_04_Comunic_Recibidas/2020/CI004_GP-12068_070107_CON_0550_PRUEBA_CARG_PTES_UF5.pdf
244,3,,,CONSORCIO 4C,GP-12209,,,15_04_Comunic_Recibidas/2020/CI004_GP-12209_070201_CON_0750_INF_ING_EGRES_FEB20.pdf
245,12,,,CONSORCIO 4C,GP-12583,,,15_04_Comunic_Recibidas/2020/CI004_GP-12583_070401_CON_1300_REPORTE_SEM_OLYMPUS.pdf
246,2,,,CONSORCIO 4C,GP-12123,,,15_04_Comunic_Recibidas/2020/CI004_GP-12123_070109-070202_CON_0650_GCSP_F203_FEB20.pdf
247,1,,,CONSORCIO 4C,GP-11822,,,15_04_Comunic_Recibidas/2020/CI004_GP-11822_070108_CON_0148_INF_09_EER_EXP_52038.pdf
248,6,,,CONSORCIO 4C,GP-13188,,,15_04_Comunic_Recibidas/2020/CI004_GP-13188_070401_CON_2247_INF_SEM_OLYMPUS.pdf
249,5,,,CONSORCIO 4C,GP-12150,,,15_04_Comunic_Recibidas/2020/CI004_GP-12150_070201_FBTA_005113_DISTRIB_VIG_2019.pdf
250,1,,,CONSORCIO 4C,GP-13623,,,15_04_Comunic_Recibidas/2020/CI004_GP-13623_070104_CON_2977_GRABA_IMAGEN_AEREAS.pdf
251,4,,,CONSORCIO 4C,GP-12717,,,15_04_Comunic_Recibidas/2020/CI004_GP-12717_070109_CON_1451_INVASION_OCUPANTES_PURNIO.pdf
252,1,,,CONSORCIO 4C,GP-12644,,,15_04_Comunic_Recibidas/2020/CI004_GP-12644_070108_CON_1368_DISPOSI_RESIDUOS_EXP_51829.pdf
253,1,,,CONSORCIO 4C,GP-13316,,,15_04_Comunic_Recibidas/2020/CI004_GP-13316_070108_CON_2477_INF_55_EER_EXP_52038.pdf
254,1,,,CONSORCIO 4C,GP-12775,,,15_04_Comunic_Recibidas/2020/CI004_GP-12775_070406_CON_0444_EXP_AVALUO.pdf
255,10,,,CONSORCIO 4C,GP-13748,,,15_04_Comunic_Recibidas/2020/CI004_GP-13748_070108_CON_3156_SEG_PERM_OTORG_EXP_62274.pdf
256,1,,,CONSORCIO 4C,GP-13202,,,15_04_Comunic_Recibidas/2020/CI004_GP-13202_070108_CON_2260_APROVE_FORESTAL_RESOL_158.pdf
257,3,,,CONSORCIO 4C,GP-12059,,,15_04_Comunic_Recibidas/2020/CI004_GP-12059_070109_CON_0510_COSO_MUNICIPAL.pdf
258,1,,,CONSORCIO 4C,GP-12529,,,15_04_Comunic_Recibidas/2020/CI004_GP-12529_070108_CON_1222_DISPOSI_RESIDUOS_EXP_52207.pdf
260,2,,,CONSORCIO 4C,GP-12910,,,15_04_Comunic_Recibidas/2020/CI004_GP-12910_070108_CON_1809_INF_48_EER_EXP_52038.pdf
261,1,,,CONSORCIO 4C,GP-11919,,,15_04_Comunic_Recibidas/2020/CI004_GP-11919_070401_CON_03820_EXP_FINAL.pdf
259,4,,,CONSORCIO 4C,GP-13048,,,15_04_Comunic_Recibidas/2020/CI004_GP-13048_070108_CON_1975_RTA_SCTUD_30-JUN-20.pdf
262,1,,,CONSORCIO 4C,GP-12751,,,15_04_Comunic_Recibidas/2020/CI004_GP-12751_070108_CON_1543_RTA_CAR_04202101379.pdf
263,1,,,CONSORCIO 4C,GP-12537,,,15_04_Comunic_Recibidas/2020/CI004_GP-12537_090300_CON_1252_PLANOS_RECORD.pdf
264,1,,,CONSORCIO 4C,GP-13672,,,15_04_Comunic_Recibidas/2020/CI004_GP-13672_070401_CON_2924_INF_PREDIAL_NOV20.pdf
265,4,CONCESIÓN ALTO MAGDALENA S.A.S.,,CONSORCIO 4C,GP-13568,19/11/2020,Respuesta comunicación CI.004/GP8493/20/7.3.3 (Rad. Int. ALMA-R-2020-1867 del 29/09/2020) - Evaluación del Concesionario Indicador E7 Hundimientos.,15_04_Comunic_Recibidas/2020/CI004_GP-13568_070303_CON_2868_EVALUA_INDICAD_E7.pdf
266,1,CONCESIÓN ALTO MAGDALENA S.A.S.,,CONSORCIO 4C,GP-13514,06/11/2020,Respuesta comunicación CI.004/GP8580/20/7.4.6 (Rad. Int. ALMA-R-2020-2008 del 27/10/2020) Entrega expediente predial (Físico) ALMA-5-0262 aprobación definitiva del Avalúo Comercial Corporativo.,15_04_Comunic_Recibidas/2020/CI004_GP-13514_070406_CON_2759_EXP_AVALUO.pdf
267,2,CONCESIÓN ALTO MAGDALENA S.A.S.,,CONSORCIO 4C,GP-13227,07/09/2020,"Presentación proyecto e Invitación capacitación: Espacio Público, Decreto 2770 de 1953, Ley 1228 del 2008, Resolución 716 del 2015, y decreto 2976 del 2010",15_04_Comunic_Recibidas/2020/CI004_GP-13227_070109_CON_2336_ESPACIO_PUB_DEC_2770.pdf
268,1,CONCESIÓN ALTO MAGDALENA S.A.S.,ALMA-2020-0022,CONSORCIO 4C,GP-11746,03/01/2020,Remisión del Expediente ALMA-5-0250-1 para aprobación de insumos prediales.,15_04_Comunic_Recibidas/2020/CI004_GP-11746_070401_CON_0022_EXP_PREDIAL.pdf
269,1,CONCESIÓN ALTO MAGDALENA S.A.S.,ALMA-2020-2232,CONSORCIO 4C,GP-13235,28/08/2020,Entrega del expediente predial ALMA - 2 -0157 para aprobación de Actualización de insumos.,15_04_Comunic_Recibidas/2020/CI004_GP-13235_070401_CON_2232_EXP_PREDIAL.pdf
270,6,CONCESIÓN ALTO MAGDALENA S.A.S.,,CONSORCIO 4C,GP-13014,31/07/2020,Solicitud gestión administrativa control inadequada disposición de residuos sólidos variante de La Dorada Ruta Nacional 4510 entre los PR30 al PR33.,15_04_Comunic_Recibidas/2020/CI004_GP-13014_070109-070108-070303_CON_2000_RESID_SOLIDOS_PR30.pdf
272,8,CONCESIÓN ALTO MAGDALENA S.A.S.,,CONSORCIO 4C,GP-12194,09/03/2020,Observaciones condiciones de Seguridad y Salud en el trabajo.,15_04_Comunic_Recibidas/2020/CI004_GP-12194_070110_CON_0731_OBS_CONDI_SST.pdf
271,1,CONCESIÓN ALTO MAGDALENA S.A.S.,ALMA-2020-0440,CONSORCIO 4C,GP-11991,12/02/2020,Respuesta comunicado CAR 07202100115 del 22/01/2020. Requerimiento de documentación del Km 69+975 Unidad Funcional 3.,15_04_Comunic_Recibidas/2020/CI004_GP-11991_070108_CON_0440_DOCUMENTACIÓN_K69+975.pdf
273,2,CONCESIÓN ALTO MAGDALENA S.A.S.,,CONSORCIO 4C,GP-12300,08/04/2020,Respuesta comunicado CI.004/GP7569/20/7.3.1 (Rad. int ALMA-R-2020-0472) Funcionamiento Sistema de Reconocimiento Placas OCR Peaje Guataquí UF3,15_04_Comunic_Recibidas/2020/CI004_GP-12300_070301_CON_0962_PLACAS_OCR_PEAJE_UF3.pdf
275,1,CONCESIÓN ALTO MAGDALENA S.A.S.,ALMA-2020-2224,CONSORCIO 4C,GP-13219,28/08/2020,Entrega Expediente Predial Final ALMA-2-0003,15_04_Comunic_Recibidas/2020/CI004_GP-13219_070401_CON_2224_EXP_FINAL.pdf
276,2,CONCESIÓN ALTO MAGDALENA S.A.S.,,CONSORCIO 4C,GP-12857,30/06/2020,Alcance Reactivación obras de construcción Proyecto – Incorporación Constructor INGENIERIA Y CONSTRUCCIÓN DE OBRAS CIVILES – MHC.,15_04_Comunic_Recibidas/2020/CI004_GP-12857_070110-070109_CON_1738_ALC_REACT_MHC.pdf
274,1,CONCESIÓN ALTO MAGDALENA S.A.S.,ALMA-2020-1437,CONSORCIO 4C,GP-12701,26/05/2020,Respuesta radicado ANLA No. 2019087751-2-222 (ALMA-R-20191690 - del 12/07/2019) - Ajuste de información geográfica de Informes de Cumplimiento Ambiental - ICA No. 2- Expediente: LAV004-00-2016.,15_04_Comunic_Recibidas/2020/CI004_GP-12701_070108_CON_1437_ICA_N02.pdf
277,4,CONCESION ALTO MAGDALENA S.A.S,,CONSORCIO 4C,GP-13193,01/09/2020,Solicitud información estado del trámite y expedición del paz y salvo por concepto de pago del servicio de seguimiento ambiental para los permisos de ocupación de cauce.,15_04_Comunic_Recibidas/2020/CI004_GP-13193_070108_CON_2255_PAZ_SALVO_PERMISOS_AMB.pdf
279,6,CONCESIÓN ALTO MAGDALENA S.A.S.,ALMA-2020-1900,CONSORCIO 4C,GP-12968,21/07/2020,Informe semanal seguimiento y actualización plataforma 'Olympus',15_04_Comunic_Recibidas/2020/CI004_GP-12968_070401_CON_1900_INF_SEM_OLYMPUS.pdf
278,2,Agencia Nacional de Infraestructura,,CONSORCIO 4C,GP-11843,28/01/2020,Radicado No. 20194091272062 del 5 de diciembre de 2019 – Respuesta solicitud concepto de ubicación EDS en suelo urbano – Alcance comunicación 20203040012631 del 20 de enero de 2020.,15_04_Comunic_Recibidas/2020/CI004_GP-11843_070114_ANI_002091-1_UBICA_EDS_GUATAQUI.pdf
280,1,,,CONSORCIO 4C,GP-13053,10/08/2020,"Contribución 2,5 mes de julio 2020 *Certificado de Retribución*",15_04_Comunic_Recibidas/2020/CI004_GP-13053_070210_FBTA_SINNUMERO_CERTI_RETRIBUCION.pdf
282,1,CONCESIÓN ALTO MAGDALENA S.A.S.,,CONSORCIO 4C,GP-12880,07/07/2020,Respuesta Comunicado CI.004/GP7751/20/1.1.7 Revisión Diseño Hidráulico Glorieta Salida a Norcasia UF5,15_04_Comunic_Recibidas/2020/CI004_GP-12880_070107_CON_1774_DISEÑ_HIDRAU_UF5.pdf
281,2,CONCESIÓN ALTO MAGDALENA S.A.S.,,CONSORCIO 4C,GP-13305,18/09/2020,Entrega soporte pago por concepto de tasa compensatoria por aprovechamiento forestal maderable en bosques naturales. Autorización 54 del 11 de julio de 2019. Expediente 76018.,15_04_Comunic_Recibidas/2020/CI004_GP-13305_070108_CON_2454_APROVE_FOREST_BOSQUES.pdf
284,1,CONCESIÓN ALTO MAGDALENA S.A.S.,ALMA-2020-0153,CONSORCIO 4C,GP-11827,21/01/2020,Informe 14 Evento Eximente de Responsabilidad (EER) del expediente 52038.,15_04_Comunic_Recibidas/2020/CI004_GP-11827_070108_CON_0153_INF_14_EER_EXP_52038.pdf
283,4,CONCESION ALTO MAGDALENA S.A.S.,,CONSORCIO 4C,GP-13460,27/10/2020,Respuesta comunicación CI.004/GP8532/20/7.4.1 (rad. Int. ALMA-R-2020-1940). Revisión Informe Cargue Olympus. Respuesta a Comunicado ALMA-2020-2540.,15_04_Comunic_Recibidas/2020/CI004_GP-13460_070401_CON_2686_INFO_CARGUE_OLYMPUS.pdf
285,1,CONCESIÓN ALTO MAGDALENA S.A.S.,,CONSORCIO 4C,GP-12128,03/02/2020,Respuesta comunicación Nro. CI.004/GP7470/20/7.4.4 - Predio ALMA-3-0134,15_04_Comunic_Recibidas/2020/CI004_GP-12128_070404_CON_0277_EXP_EXPRO.pdf
287,4,CONCESION ALTO MAGDALENA S.A.S.,,CONSORCIO 4C,GP-13356,30/09/2020,Alcance comunicación ALMA-2019-02226 (Radicado CAR 20191132326 del 09/07/2019). Siembra medida compensatoria Expediente 51973.,15_04_Comunic_Recibidas/2020/CI004_GP-13356_070108_CON_2523_SIEMBRA_COMPENSA.pdf
290,1,,,CONSORCIO 4C,GP-12812,,,15_04_Comunic_Recibidas/2020/CI004_GP-12812_070109_CON_1634_EVALUA_PROG_CAPACITACION.pdf
291,2,,,CONSORCIO 4C,GP-12716,,,15_04_Comunic_Recibidas/2020/CI004_GP-12716_070401_ANI_015128-1_NIVEL_FERREO_NORCASIA.pdf
286,1,CONCESIÓN ALTO MAGDALENA S.A.S.,ALMA-2020-1449,CONSORCIO 4C,GP-12703,26/05/2020,Respuesta comunicado CAR 03202103291 (Rad Interno ALMA-R-2020-0955 del 12/05/2020). Respuesta radicado 20201121108: ALMA-2020-1243 - Expediente 51782.,15_04_Comunic_Recibidas/2020/CI004_GP-12703_070108_CON_1449_MANEJ_RESIDUOS_SOLIDOS_UF2.pdf
292,1,,,CONSORCIO 4C,GP-12076,,,15_04_Comunic_Recibidas/2020/CI004_GP-12076_070107_CON_0560_PLANOS_RECORD_CCO_UF3.pdf
293,2,,,CONSORCIO 4C,GP-13675,,,15_04_Comunic_Recibidas/2020/CI004_GP-13675_070402_CON_3030_EXP_SOCIAL.pdf
294,1,,,CONSORCIO 4C,GP-13080,,,15_04_Comunic_Recibidas/2020/CI004_GP-13080_070109_CON_2078_INF_TRIM_N23.pdf
295,8,,,CONSORCIO 4C,GP-13465,,,15_04_Comunic_Recibidas/2020/CI004_GP-13465_050300-070401_CON_2691_DESNIVEL_RED_FERREA.pdf
296,2,,,CONSORCIO 4C,GP-12212,,,15_04_Comunic_Recibidas/2020/CI004_GP-12212_070107_CON_0843_CORREC_IRI_UF5.pdf
297,6,,,CONSORCIO 4C,GP-12037,,,15_04_Comunic_Recibidas/2020/CI004_GP-12037_070108_CON_0527_CONSTRU_OBRA_HIDRAU_UF2_4.pdf
288,1,Agencia Nacional de Infraestructura,,CONSORCIO 4C,GP-13055,06/08/2020,Aprobación de las Pólizas que ampara la Resolución No. 387 del 11 de marzo de 2019 - Radicado No. 20203040097093. Exp. 20183040280200067E. PROYECTO VIAL GIRARDOT - HONDA – PUERTO SALGAR,15_04_Comunic_Recibidas/2020/CI004_GP-13055_070114_ANI_022596-1_APROBA_POLIZAS.pdf
298,1,,,CONSORCIO 4C,GP-13009,,,15_04_Comunic_Recibidas/2020/CI004_GP-13009_070109_ANI_000035-4_FALSAS_CONTRATA_LABOR.pdf
299,10,,,CONSORCIO 4C,GP-13716,,,15_04_Comunic_Recibidas/2020/CI004_GP-13716_070108_CON_3113_SEG_PERM_OTORG_EXP_51530.pdf
300,4,,,CONSORCIO 4C,GP-13359,,,15_04_Comunic_Recibidas/2020/CI004_GP-13359_070108_CON_2530_ZONAS_VERDES_CCO.pdf
289,1,CONCESIÓN ALTO MAGDALENA S.A.S.,ALMA-2020-0042,CONSORCIO 4C,GP-11728,08/01/2020,Entrega diseño estructural actualizado Puente Peatonal de Norcasia,15_04_Comunic_Recibidas/2020/CI004_GP-11728_070107_CON_0042_DISEÑ_ESTRUC_PTE_NORCASIA.pdf
302,1,,,CONSORCIO 4C,GP-12719,,,15_04_Comunic_Recibidas/2020/CI004_GP-12719_070110_ANI_015299-1_PROTOCOLOS_BIOSEG.pdf
305,2,,,CONSORCIO 4C,GP-12976,,,15_04_Comunic_Recibidas/2020/CI004_GP-12976_070109_CON_1932_RECUPE_ESPAC_PUB.pdf
301,2,,,CONSORCIO 4C,GP-13447,,,15_04_Comunic_Recibidas/2020/CI004_GP-13447_070108_CON_2661_RTA_AUTO_GSC_ZN_001317.pdf
304,1,,,CONSORCIO 4C,GP-12866,,,15_04_Comunic_Recibidas/2020/CI004_GP-12866_070406_CON_1714_EXP_AVALUO.pdf
303,1,,,CONSORCIO 4C,GP-13129,,,15_04_Comunic_Recibidas/2020/CI004_GP-13129_070108_CON_2145_INF_TRIME_AMB_N23.pdf
307,1,,,CONSORCIO 4C,GP-12656,,,15_04_Comunic_Recibidas/2020/CI004_GP-12656_070108_CON_1379_DISPOSI_RESIDUOS_EXP_51714.pdf
306,1,,,CONSORCIO 4C,GP-13236,,,15_04_Comunic_Recibidas/2020/CI004_GP-13236_070109_CON_2324_REVIST_ALMA_EDIC_N22.pdf
309,2,,,CONSORCIO 4C,GP-12191,,,15_04_Comunic_Recibidas/2020/CI004_GP-12191_050300_CON_0728_CIERRE_PDTES_UF2.pdf
308,1,,,CONSORCIO 4C,GP-13019,,,15_04_Comunic_Recibidas/2020/CI004_GP-13019_070108_CON_1946_FOR_REGALIAS_SCV-09031.pdf
310,1,,,CONSORCIO 4C,GP-12861,,,15_04_Comunic_Recibidas/2020/CI004_GP-12861_070406_CON_1677_EXP_AVALUO.pdf
311,6,,,CONSORCIO 4C,GP-12119,,,15_04_Comunic_Recibidas/2020/CI004_GP-12119_070301_CON_0623_ERROR_CLASIF_VEH.pdf
312,7,,,CONSORCIO 4C,GP-12009,,,15_04_Comunic_Recibidas/2020/CI004_GP-12009_050300_ANI_005026-1_NO_OBJ_PLAZO_CURA.pdf
313,4,,,CONSORCIO 4C,GP-13065,,,15_04_Comunic_Recibidas/2020/CI004_GP-13065_070108-070109_CON_2040_OBS_PROG_ATEN_USUAR.pdf
314,1,,,CONSORCIO 4C,GP-12458,,,15_04_Comunic_Recibidas/2020/CI004_GP-12458_070108_CON_1099_CUMPLI_AUTO_CAR_0112.pdf
316,10,,,CONSORCIO 4C,GP-12211,,,15_04_Comunic_Recibidas/2020/CI004_GP-12211_050300_CON_0831_PROTOCOLO_COVID-19.pdf
315,2,,,CONSORCIO 4C,GP-12361,,,15_04_Comunic_Recibidas/2020/CI004_GP-12361_070109_CON_1047_RECATIV_OBRAS_PROYEC.pdf
317,2,,,CONSORCIO 4C,GP-11881,,,15_04_Comunic_Recibidas/2020/CI004_GP-11881_070401_CON_0218_RESOL_DESPLA_FORZA.pdf
318,1,,,CONSORCIO 4C,GP-13074,,,15_04_Comunic_Recibidas/2020/CI004_GP-13074_070107_CON_2045_DISEÑ_HIDRAU_GLORIETA_NPH.pdf
319,1,,,CONSORCIO 4C,GP-13005,,,15_04_Comunic_Recibidas/2020/CI004_GP-13005_070406_CON_1952_EXP_AVALUO.pdf
320,1,,,CONSORCIO 4C,GP-11837,,,15_04_Comunic_Recibidas/2020/CI004_GP-11837_070202_FBTA_002171_SOPORTES_INTERV.pdf
321,10,,,CONSORCIO 4C,GP-13744,,,15_04_Comunic_Recibidas/2020/CI004_GP-13744_070108_CON_3152_SEG_PERM_OTORG_EXP_60683.pdf
322,1,,,CONSORCIO 4C,GP-13079,,,15_04_Comunic_Recibidas/2020/CI004_GP-13079_070208_CON_2077_FOR_GCSP-F009_JUL20.pdf
323,3,,,CONSORCIO 4C,GP-12057,,,15_04_Comunic_Recibidas/2020/CI004_GP-12057_070109_CON_0508_COSO_MUNICIPAL.pdf
324,6,,,CONSORCIO 4C,GP-13426,,,15_04_Comunic_Recibidas/2020/CI004_GP-13426_070110_CON_2627_OBS_PAG_SEGYSAL_MAY_ABR.pdf
325,1,,,CONSORCIO 4C,GP-12369,,,15_04_Comunic_Recibidas/2020/CI004_GP-12369_070108_CON_1019_CUMPLI_RESOL_CAR_0553.pdf
326,1,,,CONSORCIO 4C,GP-13317,,,15_04_Comunic_Recibidas/2020/CI004_GP-13317_070108_CON_2478_INF_56_EER_EXP_52038.pdf
327,1,,,CONSORCIO 4C,GP-12947,,,15_04_Comunic_Recibidas/2020/CI004_GP-12947_070108_CON_1873_SIEMBRA_COMPENSA_60704.pdf
328,1,,,CONSORCIO 4C,GP-12276,,,15_04_Comunic_Recibidas/2020/CI004_GP-12276_070108_CON_0928_INF_N02_RESOL_1082.pdf
329,1,,,CONSORCIO 4C,GP-13381,,,15_04_Comunic_Recibidas/2020/CI004_GP-13381_070108_CON_2563_MEDIDA_COMPENSA_EXP_52130.pdf
330,1,,,CONSORCIO 4C,GP-12834,,,15_04_Comunic_Recibidas/2020/CI004_GP-12834_070402_CON_1500_EXP_SOCIAL.pdf
332,5,,,CONSORCIO 4C,GP-11988,,,15_04_Comunic_Recibidas/2020/CI004_GP-11988_070110_CON_0432_PAG_SEGYSAL_MAR_FEB.pdf
333,1,,,CONSORCIO 4C,GP-11947,,,15_04_Comunic_Recibidas/2020/CI004_GP-11947_070108_CON_0335_CUMPLI_AUTO_DRMC_0966.pdf
331,4,,,CONSORCIO 4C,GP-13428,,,15_04_Comunic_Recibidas/2020/CI004_GP-13428_070109_CON_2629_PROTEC_BIENES_USO_PUB.pdf
334,1,,,CONSORCIO 4C,GP-13439,,,15_04_Comunic_Recibidas/2020/CI004_GP-13439_070401_CON_2633_EXP_FINAL.pdf
335,2,,,CONSORCIO 4C,GP-12050,,,15_04_Comunic_Recibidas/2020/CI004_GP-12050_070109_CON_0484_CTROL_VEHICUL_PR33_PR34.pdf
336,1,,,CONSORCIO 4C,GP-11974,,,15_04_Comunic_Recibidas/2020/CI004_GP-11974_070108_CON_0407_INF_N27_EER_EXP_52038.pdf
337,9,,,CONSORCIO 4C,GP-12044,,,15_04_Comunic_Recibidas/2020/CI004_GP-12044_070109_ANI_005229-1_LA_CALATRABA.pdf
338,6,,,CONSORCIO 4C,GP-12073,,,15_04_Comunic_Recibidas/2020/CI004_GP-12073_070401_CON_0573_INF_PREDIAL_EER_UF2.pdf
339,2,,,CONSORCIO 4C,GP-12133,,,15_04_Comunic_Recibidas/2020/CI004_GP-12133_070109_ANI_007684-1_DP_MLEAL.pdf
340,2,,,CONSORCIO 4C,GP-11711,,,15_04_Comunic_Recibidas/2020/CI004_GP-11711_050300-070301_CON_0028_TARIFA_PEAJES.pdf
341,4,,,CONSORCIO 4C,GP-12690,,,15_04_Comunic_Recibidas/2020/CI004_GP-12690_070115_CON_1433_PDTES_RED_HIDROCARBU.pdf
342,8,,,CONSORCIO 4C,GP-12961,,,15_04_Comunic_Recibidas/2020/CI004_GP-12961_070110_CON_1885_PROTOCO_BIOSEG_COVID-19.pdf
343,4,,,CONSORCIO 4C,GP-13050,,,15_04_Comunic_Recibidas/2020/CI004_GP-13050_050300_ANI_000034-4_PROTOCOL_AUX_ECONOM.pdf
345,4,,,CONSORCIO 4C,GP-11773,,,15_04_Comunic_Recibidas/2020/CI004_GP-11773_070108_CON_0125_AUTO_DRAM_1533.pdf
344,2,,,CONSORCIO 4C,GP-13593,,,15_04_Comunic_Recibidas/2020/CI004_GP-13593_050300_ANI_036559-1_COSTOS_OCIOSOS.pdf
346,2,,,CONSORCIO 4C,GP-13493,,,15_04_Comunic_Recibidas/2020/CI004_GP-13493_070401_CON_2731_CRONOG_EXP_FINAL.pdf
347,4,,,CONSORCIO 4C,GP-12255,,,15_04_Comunic_Recibidas/2020/CI004_GP-12255_070500_CON_0915_OBS_MEMOTEC_JUL19.pdf
348,8,,,CONSORCIO 4C,GP-11860,,,15_04_Comunic_Recibidas/2020/CI004_GP-11860_070110_CON_0239_INCUMP_CONDI_SEG_UF5.pdf
349,2,,,CONSORCIO 4C,GP-11763,,,15_04_Comunic_Recibidas/2020/CI004_GP-11763_070109_CON_0107_RECUPERA_ESPAC_PUB.pdf
350,2,,,CONSORCIO 4C,GP-13272,,,15_04_Comunic_Recibidas/2020/CI004_GP-13272_070108_CON_2413_INF_ACTIV_RESOL_386.pdf
351,1,,,CONSORCIO 4C,GP-12384,,,15_04_Comunic_Recibidas/2020/CI004_GP-12384_070108_CON_1030_CUMPLI_RESOL_CAR_1083.pdf
352,1,,,CONSORCIO 4C,GP-11946,,,15_04_Comunic_Recibidas/2020/CI004_GP-11946_070108_CON_0334_CUMPLI_AUTO_DRMC_0890.pdf
353,1,,,CONSORCIO 4C,GP-11807,,,15_04_Comunic_Recibidas/2020/CI004_GP-11807_070404_CON_0200_EXP_EXPRO.pdf
354,1,,,CONSORCIO 4C,GP-12750,,,15_04_Comunic_Recibidas/2020/CI004_GP-12750_070108_CON_1542_PLAN_CONTING_COVID-19.pdf
355,1,,,CONSORCIO 4C,GP-12688,,,15_04_Comunic_Recibidas/2020/CI004_GP-12688_070211_CON_1420_ACTAS_RETRIBU_UF5.pdf
356,3,,,CONSORCIO 4C,GP-12180,,,15_04_Comunic_Recibidas/2020/CI004_GP-12180_070108_CON_0771_CAMB_MENOR_LAV0068-00-2015.pdf
357,1,,,CONSORCIO 4C,GP-11980,,,15_04_Comunic_Recibidas/2020/CI004_GP-11980_070406_CON_0362_EXP_AVALUO.pdf
358,1,,,CONSORCIO 4C,GP-13199,,,15_04_Comunic_Recibidas/2020/CI004_GP-13199_070108_CON_2257_CONSTRU_POZO_PROFUNDO.pdf
359,4,,,CONSORCIO 4C,GP-13610,,,15_04_Comunic_Recibidas/2020/CI004_GP-13610_070401_CON_2953_CARGUE_OLYMPUS.pdf
360,1,,,CONSORCIO 4C,GP-12671,,,15_04_Comunic_Recibidas/2020/CI004_GP-12671_070108_CON_1399_INF_N40_EER_EXP_52038.pdf
361,10,,,CONSORCIO 4C,GP-13701,,,15_04_Comunic_Recibidas/2020/CI004_GP-13701_070108_CON_3098_SEG_PERM_OTORG_EXP_51494.pdf
362,1,,,CONSORCIO 4C,GP-12108,,,15_04_Comunic_Recibidas/2020/CI004_GP-12108_070406_CON_0071_EXP_AVALUO.pdf
363,4,,,CONSORCIO 4C,GP-13453,,,15_04_Comunic_Recibidas/2020/CI004_GP-13453_050300-090300_CON_2666_INF_PDTES_UF3.pdf
364,1,,,CONSORCIO 4C,GP-12480,,,15_04_Comunic_Recibidas/2020/CI004_GP-12480_070108_CON_1154_CUMPLI_AUTO_DRAM_0152.pdf
365,1,,,CONSORCIO 4C,GP-12771,,,15_04_Comunic_Recibidas/2020/CI004_GP-12771_070202_CON_1565_FOR_GCSP-F001_MAY20.pdf
366,1,,,CONSORCIO 4C,GP-13508,,,15_04_Comunic_Recibidas/2020/CI004_GP-13508_070108_CON_2790_VISITA_PREDIOS_EXP_54097.pdf
367,1,,,CONSORCIO 4C,GP-13394,,,15_04_Comunic_Recibidas/2020/CI004_GP-13394_070108_CON_2586_INF_N61_EER_EXP_52038.pdf
368,2,,,CONSORCIO 4C,GP-13446,,,15_04_Comunic_Recibidas/2020/CI004_GP-13446_070108_CON_2658_PAG_TASA_UTILIZA_AGUAS.pdf
369,1,,,CONSORCIO 4C,GP-12370,,,15_04_Comunic_Recibidas/2020/CI004_GP-12370_070108_CON_1020_CUMPLI_RESOL_CAR_0555.pdf
370,1,,,CONSORCIO 4C,GP-12268,,,15_04_Comunic_Recibidas/2020/CI004_GP-12268_070108_CON_0899_MEDIDA_COMPENSA_52001.pdf
371,1,,,CONSORCIO 4C,GP-13582,,,15_04_Comunic_Recibidas/2020/CI004_GP-13582_070401_CON_2699_INF_PREDIAL_OCT_20.pdf
372,4,,,CONSORCIO 4C,GP-13540,,,15_04_Comunic_Recibidas/2020/CI004_GP-13540_070500_CON_2825_OBS_MEMOTEC_AGO20.pdf
373,3,,,CONSORCIO 4C,GP-12052,,,15_04_Comunic_Recibidas/2020/CI004_GP-12052_070109_CON_0503_COSO_MUNICIPAL.pdf
374,4,,,CONSORCIO 4C,GP-13117,,,15_04_Comunic_Recibidas/2020/CI004_GP-13117_070500_CON_2136_REV_MEMOTEC_OCT19.pdf
375,2,,,CONSORCIO 4C,GP-12319,,,15_04_Comunic_Recibidas/2020/CI004_GP-12319_070108_CON_0972_SUSPEN_ACTIV_COVID-19.pdf
376,1,,,CONSORCIO 4C,GP-11814,,,15_04_Comunic_Recibidas/2020/CI004_GP-11814_070108_CON_0141_INF_02_EER_EXP_52038.pdf
377,1,,,CONSORCIO 4C,GP-12075,,,15_04_Comunic_Recibidas/2020/CI004_GP-12075_070108_CON_0524_APROV_FOREST_RESOL_1627.pdf
378,2,,,CONSORCIO 4C,GP-11832,,,15_04_Comunic_Recibidas/2020/CI004_GP-11832_070108_CON_0158_INF_19_EER_EXP_52038.pdf
379,2,,,CONSORCIO 4C,GP-12887,,,15_04_Comunic_Recibidas/2020/CI004_GP-12887_050300_CON_1792_LIQUIDA_CONVENIO_PONAL.pdf
380,1,,,CONSORCIO 4C,GP-12260,,,15_04_Comunic_Recibidas/2020/CI004_GP-12260_070202_CON_0907_FOR_GCSP-F001_DIC19.pdf
382,2,CONCESIÓN ALTO MAGDALENA S.A.S.,ALMA-2020-2474,CONSORCIO 4C,GP-13310,21/09/2020,Pausa cumplimiento del cronograma de entrega de Expedientes Prediales.,15_04_Comunic_Recibidas/2020/CI004_GP-13310_070401_CON_2474_CUMPLI_CRONOG_EXP_PREDIAL.pdf
381,1,CONCESIÓN ALTO MAGDALENA S.A.S.,,CONSORCIO 4C,GP-13138,20/08/2020,"Entrega del informe de disposición de residuos en cumplimiento a la obligación establecida en el artículo 2 del Auto CAR DRAM 0693 del 12 de agosto de 2020, y a la resolución CAR 0427 del 25 de febrero de 2016. Expediente 52130.",15_04_Comunic_Recibidas/2020/CI004_GP-13138_070108_CON_2154_INF_DISPOSI_RESIDUOS.pdf
383,1,CONCESIÓN ALTO MAGDALENA S.A.S.,ALMA-2020-2148,CONSORCIO 4C,GP-13132,20/08/2020,Entrega informe disposición de residuos obligación Auto CAR DRAM 0698 del 12/08/2020 y resolución CAR 2429 del 11/09/2017. Expediente 62207,15_04_Comunic_Recibidas/2020/CI004_GP-13132_070108_CON_2148_INF_DISPOSI_RESIDUOS.pdf
384,4,CONCESIÓN ALTO MAGDALENA S.A.S.,,CONSORCIO 4C,GP-12174,13/03/2020,Derecho de petición de información - Documentos Nuevo Puente de Honda,15_04_Comunic_Recibidas/2020/CI004_GP-12174_050300_CON_0758_DP_DCTOS_NPH.pdf
385,3,CONCESIÓN ALTO MAGDALENA S.A.S.,,CONSORCIO 4C,GP-12178,13/03/2020,Solicitud cambio menor.,15_04_Comunic_Recibidas/2020/CI004_GP-12178_070108_CON_0762_SCTUD_CAMBIO_MENOR.pdf
386,1,CONCESIÓN ALTO MAGDALENA S.A.S.,ALMA-2020-0365,CONSORCIO 4C,GP-11985,07/02/2020,Radicación Actualización Plan de Gestión Social Contractual Versión No.10 (2020 - 2021),15_04_Comunic_Recibidas/2020/CI004_GP-11985_070109_CON_0365_ACTUAL_PGSC_V10.pdf
387,4,CONCESIÓN ALTO MAGDALENA S.A.S.,,CONSORCIO 4C,GP-13432,21/10/2020,Informe semanal seguimiento y actualización plataforma “Olympus”,15_04_Comunic_Recibidas/2020/CI004_GP-13432_070401_CON_2632_INF_SEM_OLYMPUS.pdf
390,1,CONCESION ALTO MAGDALENA S.A.S.,ALMA-2020-1288,CONSORCIO 4C,GP-12567,08/05/2020,Entrega del diseño andenes de la glorieta Norcasia.,15_04_Comunic_Recibidas/2020/CI004_GP-12567_070107_CON_1288_DISEÑ_ANDEN_NORCASIA.pdf
388,2,CONCESIÓN ALTO MAGDALENA S.A.S.,,CONSORCIO 4C,GP-12924,09/07/2020,Respuesta a las comunicaciones CI.004/GP7635/20/7.4.1 del 06 de marzo de 2020 y CI.004/GP8101/20/7.4.1 de fecha 30 de junio de 2020.,15_04_Comunic_Recibidas/2020/CI004_GP-12924_070401_CON_1801_LISTAS_CHEQUEO_UF1.pdf
389,1,CONCESIÓN ALTO MAGDALENA S.A.S.,,CONSORCIO 4C,GP-13161,24/08/2020,Respuesta comunicado 20207300379691 de 27/07/2020 (Rad. Int. ALMA-R-2020-1536). Verificación y monitoreo condiciones técnico-operativas del corredor vial.,15_04_Comunic_Recibidas/2020/CI004_GP-13161_070600_CON_2193_CONDI_TEC-OPERA_VIAL.pdf
391,10,CONCESION ALTO MAGDALENA S.A.S.,,CONSORCIO 4C,GP-13723,21/12/2020,Respuesta oficio CAR 07202102127 (Rad. Int. ALMA-R-2020-1933 del 13/10/2020). Seguimiento permisos otorgados. Expediente: 51954,15_04_Comunic_Recibidas/2020/CI004_GP-13723_070108_CON_3120_SEG_PERM_OTORG_EXP_51954.pdf
393,1,CONCESIÓN ALTO MAGDALENA S.A.S.,,CONSORCIO 4C,GP-13269,15/09/2020,Entrega Informe No. 3. Resolución No. 1082 del 13 de junio de 2018 UF 5.3. Expediente ATV788,15_04_Comunic_Recibidas/2020/CI004_GP-13269_070108_CON_2414_INF_N03_RESOL_1082.pdf
394,1,CONCESIÓN ALTO MAGDALENA S.A.S.,ALMA-2020-2677,CONSORCIO 4C,GP-13496,27/10/2020,Remisión Acta VPIP septiembre 2020,15_04_Comunic_Recibidas/2020/CI004_GP-13496_070209_CON_2677_ACTA_VPIP_SEP20.pdf
392,1,CONCESIÓN ALTO MAGDALENA S.A.S.,,CONSORCIO 4C,GP-12349,17/04/2020,Respuesta Comunicado CI.004/GP 7701/20/9.3 (Rad int. ALMA-R-2020-0648 de 19/03/2020) Reiteración Requerimiento tratamiento a bacheos y parcheos ejecutados en la UF 4.,15_04_Comunic_Recibidas/2020/CI004_GP-12349_070104_CON_1041_TRATAMIENTO_BACHEOS.pdf
395,4,CONCESION ALTO MAGDALENA S.A.S.,,CONSORCIO 4C,GP-13263,15/09/2020,Respuesta comunicación CI.004/GP8321/20/7.5 (Rad. Interno ALMA-R-2020-1571 - 14 de agosto de 2020). Revisión Memoria Técnica Junio del 2020.,15_04_Comunic_Recibidas/2020/CI004_GP-13263_070500_CON_2420_OBS_MEMOTEC_JUN20.pdf
396,4,Agencia Nacional de Infraestructura – ANI,,CONSORCIO 4C,GP-12620,14/05/2020,"Solicitud entrega franjas de predios propiedad del Instituto Nacional de Vías – INVIAS, Contrato de Concesión No. 003 de 2014 – CONCESIÓN HONDA – PUERTO SALGAR – GIRARDOT.",15_04_Comunic_Recibidas/2020/CI004_GP-12620_070401_ANI_013976-1_FRANJAS_PREDIOS.pdf
397,1,CONCESIÓN ALTO MAGDALENA S.A.S.,ALMA-2020-1079,CONSORCIO 4C,GP-12420,22/04/2020,"Cumplimiento obligación artículo 2 del Auto CAR DRAM No. 095 del 23 de enero de 2020, y Resolución CAR No. 0442 del 25 de febrero de 2016. Entrega informe disposición de residuos. Expediente 52132.",15_04_Comunic_Recibidas/2020/CI004_GP-12420_070108_CON_1079_CUMPLI_AUTO_CAR_095.pdf
398,9,CONCESIÓN ALTO MAGDALENA S.A.S.,,CONSORCIO 4C,GP-12066,19/02/2020,"Solicitud convocatoria reunión del Comité Municipal de Gestión de Riesgo de Desastres, por eventos naturales en sitios críticos del municipio, que ponen en riesgo entre otros la infraestructura vial nacional correspondiente a la Ruta 45-08 vía Beltrán – Guataquí de la Unidad Funcional 3.",15_04_Comunic_Recibidas/2020/CI004_GP-12066_070108_CON_0540_SITIOS_CRITICOS_UF3.pdf
399,3,TRANS SURENCO S.A.S,,CONSORCIO 4C,GP-13259,15/09/2020,SOLICITUD PERMISO DE TRANSITO,15_04_Comunic_Recibidas/2020/CI004_GP-13259_070114_TRANSSURENCO_SINNUMERO_PERMIS_TRANS.pdf
400,1,CONCESIÓN ALTO MAGDALENA S.A.S.,ALMA-2019-03955,CONSORCIO 4C,GP-11751,19/12/2019,"Remisión Acta declaratoria de Evento Eximente de Responsabilidad por imposibilidad de construcción glorieta oriental nuevo puente de Honda, Unidad Funcional 5.",15_04_Comunic_Recibidas/2020/CI004_GP-11751_050300_CON_03955_ACTA_DECLARA_EER_UF5.pdf
401,1,CONCESIÓN ALTO MAGDALENA S.A.S.,ALMA-2020-1216,CONSORCIO 4C,GP-12523,04/05/2020,"Cumplimiento obligación artículo 2 Auto CAR DRAM No. 0116 del 23 de enero de 2020, y Resolución CAR No. 0318 del 16 de febrero de 2016. Entrega informe de disposición de residuos. Expediente 51899.",15_04_Comunic_Recibidas/2020/CI004_GP-12523_070108_CON_1216_DISPOSI_RESIDUOS_EXP_51899.pdf
402,1,CONCESIÓN ALTO MAGDALENA S.A.S.,ALMA-2020-1061,CONSORCIO 4C,GP-12419,22/04/2020,"Cumplimiento obligación artículo 2 Auto CAR DRAM No. 086 del 22 de enero de 2020, y Resolución CAR No. 0433 del 25 de febrero de 2016. Entrega informe de disposición de residuos. Expediente 51893.",15_04_Comunic_Recibidas/2020/CI004_GP-12419_070108_CON_1061_CUMPLI_AUTO_CAR_086.pdf
403,1,CONCESIÓN ALTO MAGDALENA S.A.S.,ALMA-2020-1249,CONSORCIO 4C,GP-12534,06/05/2020,Remisión Actas UF4 de Diciembre de 2019- de Enero -Febrero y Marzo 2020,15_04_Comunic_Recibidas/2020/CI004_GP-12534_070210_CON_1249_ACTAS_RETRIBU_UF4.pdf
407,1,,,CONSORCIO 4C,GP-11927,,,15_04_Comunic_Recibidas/2020/CI004_GP-11927_070107_CON_0368_DISEÑ_RAMPA_PTE_PEATON_UF5.2.pdf
406,1,,,CONSORCIO 4C,GP-12113,,,15_04_Comunic_Recibidas/2020/CI004_GP-12113_070402_CON_0534_EXP_SOCIAL.pdf
408,4,,,CONSORCIO 4C,GP-13431,,,15_04_Comunic_Recibidas/2020/CI004_GP-13431_070108_CON_2621_PRORROGA_ACUERDO_19.pdf
409,2,,,CONSORCIO 4C,GP-13297,,,15_04_Comunic_Recibidas/2020/CI004_GP-13297_070108_CON_2446_SEGUI_CTROL_AMB_EXP_61524.pdf
410,2,,,CONSORCIO 4C,GP-13372,,,15_04_Comunic_Recibidas/2020/CI004_GP-13372_070202_CON_2556_DIFERENCIA_ACTIVOS_FIJOS.pdf
411,1,,,CONSORCIO 4C,GP-12894,,,15_04_Comunic_Recibidas/2020/CI004_GP-12894_070108_CON_1784_INF_FINAL_RESOL_1408.pdf
412,3,,,CONSORCIO 4C,GP-11928,,,15_04_Comunic_Recibidas/2020/CI004_GP-11928_070110_CON_0359_PLAZO_CURA_INCUM_SEGYSAL.pdf
413,1,,,CONSORCIO 4C,GP-11859,,,15_04_Comunic_Recibidas/2020/CI004_GP-11859_050300_CON_0235_INCUM_APT2_CAMA_BAJA.pdf
414,2,,,CONSORCIO 4C,GP-12535,,,15_04_Comunic_Recibidas/2020/CI004_GP-12535_050300_CON_1257_POLIZAS_CONCESION.pdf
415,8,,,CONSORCIO 4C,GP-12577,,,15_04_Comunic_Recibidas/2020/CI004_GP-12577_070110_CON_1268_OBS_PAG_SEGYSAL_NOV_OCT.pdf
405,1,CONCESIÓN ALTO MAGDALENA S.A.S.,ALMA-2020-2377,CONSORCIO 4C,GP-13245,10/09/2020,Entrega Expediente Predial Final ALMA-2-0113,15_04_Comunic_Recibidas/2020/CI004_GP-13245_070401_CON_2377_EXP_FINAL.pdf
417,2,,,CONSORCIO 4C,GP-12737,,,15_04_Comunic_Recibidas/2020/CI004_GP-12737_070108_CON_1526_INF_ICA_N08.pdf
416,1,,,CONSORCIO 4C,GP-13630,,,15_04_Comunic_Recibidas/2020/CI004_GP-13630_070210_CON_2984_ACTAS_RETRIBU_UF1_2_3_4.pdf
418,1,,,CONSORCIO 4C,GP-13011,1 de julio de 2020,,15_04_Comunic_Recibidas/2020/CI004_GP-13011_070500_CON_1971_MEMOTEC_JUN20.pdf
421,1,,,CONSORCIO 4C,GP-12138,,,15_04_Comunic_Recibidas/2020/CI004_GP-12138_070108_CON_0564_AUTO_CAR_DRMC_0994.pdf
420,3,,,CONSORCIO 4C,GP-12061,,,15_04_Comunic_Recibidas/2020/CI004_GP-12061_070109_CON_0512_COSO_MUNICIPAL.pdf
419,3,,,CONSORCIO 4C,GP-11753,,,15_04_Comunic_Recibidas/2020/CI004_GP-11753_070201_CON_0076_INF_INGRE_EGRE_DIC19.pdf
423,1,,,CONSORCIO 4C,GP-11750,,,15_04_Comunic_Recibidas/2020/CI004_GP-11750_070210_CON_03706_ACTA_RETRIBU_UF1_UF3_SEP.pdf
424,7,,,CONSORCIO 4C,GP-11861,,,15_04_Comunic_Recibidas/2020/CI004_GP-11861_070110_CON_0240_INCUMP_CONDI_SEG_UF4_5.pdf
422,1,,,CONSORCIO 4C,GP-13133,,,15_04_Comunic_Recibidas/2020/CI004_GP-13133_070108_CON_2149_INF_DISPOSI_RESIDUOS.pdf
404,1,CONCESIÓN ALTO MAGDALENA S.A.S.,,CONSORCIO 4C,GP-12455,24/04/2020,Cumplimiento artículo segundo Auto DRAM CAR N° 065 del 20 de enero del 2020. Entrega Informe medida compensatoria artículo cuarto Resolución CAR N° 0327 del 16 de febrero del 2016. Expediente 51908.,15_04_Comunic_Recibidas/2020/CI004_GP-12455_070108_CON_1096_CUMPLI_AUTO_CAR_065.pdf
425,1,,,CONSORCIO 4C,GP-12405,,,15_04_Comunic_Recibidas/2020/CI004_GP-12405_070108_CON_1066_CUMPLI_RESOL_CAR_544.pdf
426,2,,,CONSORCIO 4C,GP-11811,,,15_04_Comunic_Recibidas/2020/CI004_GP-11811_070108_CON_0117_INF_20_EER_EXP_52038.pdf
427,2,,,CONSORCIO 4C,GP-12298,,,15_04_Comunic_Recibidas/2020/CI004_GP-12298_070401_CON_0959_CONTRA_ESCRITURA_581.pdf
428,1,,,CONSORCIO 4C,GP-12442,,,15_04_Comunic_Recibidas/2020/CI004_GP-12442_070108_CON_1120_CUMPLI_AUTO_CAR_097.pdf
429,2,,,CONSORCIO 4C,GP-13110,,,15_04_Comunic_Recibidas/2020/CI004_GP-13110_070108_CON_2109_CUMPLI_AUTO_DRAM_0635.pdf
430,1,,,CONSORCIO 4C,GP-13250,,,15_04_Comunic_Recibidas/2020/CI004_GP-13250_070202_CON_2388_FOR_GCSP-F009_AGO20.pdf
432,6,,,CONSORCIO 4C,GP-13378,,,15_04_Comunic_Recibidas/2020/CI004_GP-13378_010000_ANI_028971-1_APROBA_POLIZA.pdf
431,2,,,CONSORCIO 4C,GP-13226,,,15_04_Comunic_Recibidas/2020/CI004_GP-13226_070109_CON_2335_ESPACIO_PUB_DEC_2770.pdf
433,3,,,CONSORCIO 4C,GP-12099,,,15_04_Comunic_Recibidas/2020/CI004_GP-12099_070301_CON_0615_ERROR_CLASIFI_VEHICUL.pdf
434,2,,,CONSORCIO 4C,GP-13529,,,15_04_Comunic_Recibidas/2020/CI004_GP-13529_050300_CON_2809_OFI_TURISMO_AREA_SERV.pdf
435,1,,,CONSORCIO 4C,GP-12869,,,15_04_Comunic_Recibidas/2020/CI004_GP-12869_070406_CON_1717_EXP_AVALUO.pdf
436,2,,,CONSORCIO 4C,GP-13579,,,15_04_Comunic_Recibidas/2020/CI004_GP-13579_070108_CON_2905_SIEMBRA_COMPENSA_EXP_51981.pdf
437,2,,,CONSORCIO 4C,GP-12183,,,15_04_Comunic_Recibidas/2020/CI004_GP-12183_070401_CON_0782_NORMAS_NIFF.pdf
438,4,,,CONSORCIO 4C,GP-12345,,,15_04_Comunic_Recibidas/2020/CI004_GP-12345_070108_CON_1001_PAZYSALVO_PAG_APROV_FOREST.pdf
439,1,,,CONSORCIO 4C,GP-12817,,,15_04_Comunic_Recibidas/2020/CI004_GP-12817_070109_CON_1666_DP_OLGA_ROJAS.pdf
440,1,,,CONSORCIO 4C,GP-12582,,,15_04_Comunic_Recibidas/2020/CI004_GP-12582_070201_FBTA_TRASLAD_OBRAS_MENORES.pdf
441,6,,,CONSORCIO 4C,GP-13025,,,15_04_Comunic_Recibidas/2020/CI004_GP-13025_070109_CON_1989_DP_BIENES_USO_PUB.pdf
442,4,,,CONSORCIO 4C,GP-13262,,,15_04_Comunic_Recibidas/2020/CI004_GP-13262_070108_CON_2428_REPOSI_RESOL_1454.pdf
443,1,,,CONSORCIO 4C,GP-13139,,,15_04_Comunic_Recibidas/2020/CI004_GP-13139_070108_CON_2156_INF_DISPOSI_RESIDUOS.pdf
444,1,,,CONSORCIO 4C,GP-13123,,,15_04_Comunic_Recibidas/2020/CI004_GP-13123_070500_CON_2160_REV_MEMOTEC_ENE20.pdf
445,2,,,CONSORCIO 4C,GP-11945,,,15_04_Comunic_Recibidas/2020/CI004_GP-11945_070108_CON_0333_AUTO_DRMC_0675_EXP_51511.pdf
446,2,,,CONSORCIO 4C,GP-13343,,,15_04_Comunic_Recibidas/2020/CI004_GP-13343_070108_CON_2517_PRORROGA_AUTO_SCV-09031.pdf
447,2,,,CONSORCIO 4C,GP-11710,,,15_04_Comunic_Recibidas/2020/CI004_GP-11710_070108_CON_0025_REITERA_DERECHOS_PETICIÓN.pdf
448,1,,,CONSORCIO 4C,GP-12218,,,15_04_Comunic_Recibidas/2020/CI004_GP-12218_070108_CON_0839_INF_31_EER_EXP_52038.pdf
449,1,,,CONSORCIO 4C,GP-12110,,,15_04_Comunic_Recibidas/2020/CI004_GP-12110_070402_CON_0532_EXP_SOCIAL.pdf
450,6,,,CONSORCIO 4C,GP-11724,,,15_04_Comunic_Recibidas/2020/CI004_GP-11724_070401_CON_03990_INF_PREDIAL_EER_UF2.pdf
451,2,,,CONSORCIO 4C,GP-13657,,,15_04_Comunic_Recibidas/2020/CI004_GP-13657_070108_CON_3053_OBLIG_ANLA_11034.pdf
453,2,,,CONSORCIO 4C,GP-12323,,,15_04_Comunic_Recibidas/2020/CI004_GP-12323_070301_CON_0893_RECAUDO_ELECT_VEHICUL.pdf
454,2,,,CONSORCIO 4C,GP-13295,,,15_04_Comunic_Recibidas/2020/CI004_GP-13295_070108_CON_2444_SEGUI_CTROL_AMB_EXP_61891.pdf
452,1,,,CONSORCIO 4C,GP-12979,,,15_04_Comunic_Recibidas/2020/CI004_GP-12979_070402_CON_1671_EXP_SOCIAL.pdf
455,10,,,CONSORCIO 4C,GP-11766,,,15_04_Comunic_Recibidas/2020/CI004_GP-11766_070109_ANI_000894-1_RECLAMO_VACAB.pdf
456,4,,,CONSORCIO 4C,GP-13599,,,15_04_Comunic_Recibidas/2020/CI004_GP-13599_050300_CON_2935_PLAZO_CURA_MAYOR_VALOR.pdf
457,1,,,CONSORCIO 4C,GP-12025,,,15_04_Comunic_Recibidas/2020/CI004_GP-12025_070401_CON_0375_EXP_PREDIAL.pdf
458,1,,,CONSORCIO 4C,GP-12493,,,15_04_Comunic_Recibidas/2020/CI004_GP-12493_070108_CON_1166_DISPOSI_RESIDUOS_EXP_60700.pdf
459,1,,,CONSORCIO 4C,GP-12434,,,15_04_Comunic_Recibidas/2020/CI004_GP-12434_070108_CON_1112_CUMPLI_AUTO_CAR_059.pdf
460,2,,,CONSORCIO 4C,GP-12231,,,15_04_Comunic_Recibidas/2020/CI004_GP-12231_070108_CON_0854_SOPORT_PAG_PERMI_RESOL_016.pdf
461,1,,,CONSORCIO 4C,GP-13671,,,15_04_Comunic_Recibidas/2020/CI004_GP-13671_070114_CON_3071_AMPLIA_PLAZO_RESOL_387.pdf
462,2,,,CONSORCIO 4C,GP-12720,,,15_04_Comunic_Recibidas/2020/CI004_GP-12720_070104_ANI_015300-1_PATOLOGIAS_PAVIM_UF4.pdf
463,1,,,CONSORCIO 4C,GP-13505,,,15_04_Comunic_Recibidas/2020/CI004_GP-13505_050300-070204_CON_2785_PLAN_AMORTIZA_CREDIT.pdf
464,1,,,CONSORCIO 4C,GP-12368,,,15_04_Comunic_Recibidas/2020/CI004_GP-12368_070108_CON_1018_CUMPLI_RESOL_CAR_0546.pdf
465,3,,,CONSORCIO 4C,GP-11887,,,15_04_Comunic_Recibidas/2020/CI004_GP-11887_070401_ANI_003071-1_INTERV_PREDIO_PTO_BGTA.pdf
467,2,,,CONSORCIO 4C,GP-12888,,,15_04_Comunic_Recibidas/2020/CI004_GP-12888_050300-070115-070201_CTA_COBRO_N03.pdf
468,2,,,CONSORCIO 4C,GP-12628,,,15_04_Comunic_Recibidas/2020/CI004_GP-12628_070301_CON_1348_ENCRIPTA_EASY_ROAD.pdf
466,1,,,CONSORCIO 4C,GP-12564,,,15_04_Comunic_Recibidas/2020/CI004_GP-12564_070104_CON_1280_SITIO_CRITICO_UF2.pdf
469,1,,,CONSORCIO 4C,GP-12795,,,15_04_Comunic_Recibidas/2020/CI004_GP-12795_070109_CON_0643_EXP_SOCIAL.pdf
470,1,,,CONSORCIO 4C,GP-12399,,,15_04_Comunic_Recibidas/2020/CI004_GP-12399_070301_CON_1056_INF_PUNTOS_CONTEO.pdf
471,1,,,CONSORCIO 4C,GP-12724,,,15_04_Comunic_Recibidas/2020/CI004_GP-12724_070108_CON_1487_INF_SEM_N08_RESOL_2280.pdf
472,1,,,CONSORCIO 4C,GP-12531,,,15_04_Comunic_Recibidas/2020/CI004_GP-12531_070108_CON_1224_DISPOSI_RESIDUOS_EXP_51840.pdf
474,4,,,CONSORCIO 4C,GP-11862,,,15_04_Comunic_Recibidas/2020/CI004_GP-11862_070107_CON_0257_CUNETAS_UF3.pdf
475,3,,,CONSORCIO 4C,GP-11702,,,15_04_Comunic_Recibidas/2020/CI004_GP-11702_070303_CON_0002_INCONSISTE_SICC.pdf
473,2,,,CONSORCIO 4C,GP-13589,,,15_04_Comunic_Recibidas/2020/CI004_GP-13589_070104_ANI_036464-1_PERMISO_UNI_CALDAS.pdf
476,2,,,CONSORCIO 4C,GP-12318,,,15_04_Comunic_Recibidas/2020/CI004_GP-12318_070108_CON_0971_SUSPEN_ACTIV_COVID-19.pdf
477,1,,,CONSORCIO 4C,GP-11958,,,15_04_Comunic_Recibidas/2020/CI004_GP-11958_070108_CON_0347_CUMPLI_COMPENSA_EXP_51502.pdf
478,2,,,CONSORCIO 4C,GP-11983,,,15_04_Comunic_Recibidas/2020/CI004_GP-11983_050300_CON_0442_FICHAS_TEC_REPOSI_2020.pdf
479,1,,,CONSORCIO 4C,GP-11910,,,15_04_Comunic_Recibidas/2020/CI004_GP-11910_070406_CON_03563_EXP_AVALUO.pdf
480,2,,,CONSORCIO 4C,GP-12707,,,15_04_Comunic_Recibidas/2020/CI004_GP-12707_020200_ANI_015019-1_HV_AUDITOR_SEG_VIAL.pdf
481,4,,,CONSORCIO 4C,GP-11901,,,15_04_Comunic_Recibidas/2020/CI004_GP-11901_070110_CON_0309_INCUMP_CONDI_SEG_UF4_5.pdf
482,1,,,CONSORCIO 4C,GP-11775,,,15_04_Comunic_Recibidas/2020/CI004_GP-11775_070404_CON_03824_EXP_EXPRO.pdf
483,1,,,CONSORCIO 4C,GP-12695,,,15_04_Comunic_Recibidas/2020/CI004_GP-12695_070108_CON_1441_MEDIDA_COMPENSA_EXP_51717.pdf
484,1,,,CONSORCIO 4C,GP-12802,,,15_04_Comunic_Recibidas/2020/CI004_GP-12802_070108_CON_1626_AUTO_DRCM_0281.pdf
485,6,,,CONSORCIO 4C,GP-13307,,,15_04_Comunic_Recibidas/2020/CI004_GP-13307_070114_TRANSSURENCO_SINNUMERO_PERMIS_TRANS.pdf
486,12,,,CONSORCIO 4C,GP-11791,,,15_04_Comunic_Recibidas/2020/CI004_GP-11791_070109_ANI_001437-1_RECLAMO_VACAB.pdf
487,1,,,CONSORCIO 4C,GP-12109,,,15_04_Comunic_Recibidas/2020/CI004_GP-12109_070406_CON_0072_EXP_AVALUO.pdf
489,1,,,CONSORCIO 4C,GP-13634,,,15_04_Comunic_Recibidas/2020/CI004_GP-13634_070109_CON_2992_ENTREG_PROG_CAPACITA.pdf
488,5,,,CONSORCIO 4C,GP-12039,,,15_04_Comunic_Recibidas/2020/CI004_GP-12039_070208_CON_0437_FOR_GCSP-F009_ENE20.pdf
491,1,,,CONSORCIO 4C,GP-12592,,,15_04_Comunic_Recibidas/2020/CI004_GP-12592_070406_CON_1228_EXP_AVALUO.pdf
490,9,,,CONSORCIO 4C,GP-12134,,,15_04_Comunic_Recibidas/2020/CI004_GP-12134_050300_ANI_007381-1_AMPLIA_EER.pdf
492,2,,,CONSORCIO 4C,GP-12852,,,15_04_Comunic_Recibidas/2020/CI004_GP-12852_070108_CON_1709_PREDIO_GIBRALTAR_2.pdf
493,10,,,CONSORCIO 4C,GP-13730,,,15_04_Comunic_Recibidas/2020/CI004_GP-13730_070108_CON_3127_SEG_PERM_OTORG_EXP_51963.pdf
494,1,,,CONSORCIO 4C,GP-12503,,,15_04_Comunic_Recibidas/2020/CI004_GP-12503_070108_CON_1177_DISPOSI_RESIDUOS_EXP_60750.pdf
495,2,,,CONSORCIO 4C,GP-12889,,,15_04_Comunic_Recibidas/2020/CI004_GP-12889_070303_CON_1794_RTA_SICC.pdf
496,2,,,CONSORCIO 4C,GP-12358,,,15_04_Comunic_Recibidas/2020/CI004_GP-12358_070109_CON_1044_REACTIV_OBRAS_PROYEC.pdf
497,1,,,CONSORCIO 4C,GP-12692,,,15_04_Comunic_Recibidas/2020/CI004_GP-12692_070201_FBTA_SINNUMERO_SOPORTES_INTERV.pdf
498,1,,,CONSORCIO 4C,GP-12467,,,15_04_Comunic_Recibidas/2020/CI004_GP-12467_070108_CON_1108_CUMPLI_RESOL_CAR_3318.pdf
499,10,,,CONSORCIO 4C,GP-13705,,,15_04_Comunic_Recibidas/2020/CI004_GP-13705_070108_CON_3102_SEG_PERM_OTORG_EXP_51502.pdf
500,2,CONCESIÓN ALTO MAGDALENA S.A.S.,,CONSORCIO 4C,GP-13616,01/12/2020,Actividades a ejecutar en el Nuevo Puente de Honda – Contrato 1796 del 2015.,15_04_Comunic_Recibidas/2020/CI004_GP-13616_070103_CON_2962_ACTIVIDAD_NPH.pdf
502,1,Agencia Nacional de Infraestructura - ANI,,CONSORCIO 4C,GP-13407,14/10/2020,Remisión Circular. Difusión de mensajes de seguridad vial. Proyecto Girardot – Honda - Puerto Salgar – Radicado ANI No. 20203000000464 - Contrato de Concesión No 003/2014.,15_04_Comunic_Recibidas/2020/CI004_GP-13407_050300-070304_ANI_030465-1_DIFUSI_MENSAJ_SEG_VIAL.pdf
501,4,,,CONSORCIO 4C,GP-13456,22/10/2020,Respuesta comunicado No. ALMA-2020-2350 con radicado ANI No 20204090868992 del 10 de septiembre de 2020 – Iluminación peaje Guataquí - Aclaración numeral 3.3.4.1 Apéndice Técnico 2 del contrato de concesión APP N° 003- 2014 – Girardot – Honda – Puerto Salgar.,15_04_Comunic_Recibidas/2020/CI004_GP-13456_050300_ANI_031941-1_ILUMINA_PEAJE_GUATAQUI.pdf
503,8,CONCESIÓN ALTO MAGDALENA S.A.S.,ALMA-2019-02966,CONSORCIO 4C,GP-12873,06/07/2020,Respuesta a su comunicación ALMA-2019-02966 radicado ANI No. 20194090991122. Solicitud de declaratoria de un presunto Evento Eximente de Responsabilidad ambiental en la UF2. Contrato de Concesión bajo esquema APP N° 003 de 2014 - Proyecto Honda – Puerto Salgar – Girardot.,15_04_Comunic_Recibidas/2020/CI004_GP-12873_050300_ANI_018477-1_EER_AMB_UF2.pdf
504,4,CONCESIÓN ALTO MAGDALENA S.A.S.,,CONSORCIO 4C,GP-12849,29/06/2020,Recibo Subsector 3 de la UF5 - Puente de Honda. Respuesta comunicación CI.004/GP8010/20/5.3.,15_04_Comunic_Recibidas/2020/CI004_GP-12849_050300_CON_1704_ENTREGA_SUBSECTOR_3_UF5.pdf
505,1,CONCESIÓN ALTO MAGDALENA S.A.S.,ALMA-2019-03939,CONSORCIO 4C,GP-11722,07/01/2020,Entrega de la Sabana Predial y Tira topográfica.,15_04_Comunic_Recibidas/2020/CI004_GP-11722_070401_CON_03939_SABANA_PREDIAL.pdf
507,4,CONCESIÓN ALTO MAGDALENA S.A.S.,,CONSORCIO 4C,GP-13605,30/11/2020,"Solicitud protección bienes de uso público, por Invasión de espacio público en el Pr 30 + 410, Ruta Nacional 4510, vía Honda-Puerto Salgar, Costado Derecho.",15_04_Comunic_Recibidas/2020/CI004_GP-13605_070109_CON_2947_PROTEC_BIENES_USO_PUB.pdf
506,2,CONCESIÓN ALTO MAGDALENA S.A.S.,,CONSORCIO 4C,GP-12143,09/03/2020,Siembra medida compensatoria. Expediente 52097.,15_04_Comunic_Recibidas/2020/CI004_GP-12143_070108_CON_0714_SIEMBRA_COMPENSA_EXP_52097.pdf
508,6,CONCESIÓN ALTO MAGDALENA S.A.S.,,CONSORCIO 4C,GP-12649,19/05/2020,Recurso de Reposición contra la Resolución DRMC 07207100050 del 29 de abril de 2020 por medio de la cual se modifica el artículo 5° de la Resolución DRMC 0560 del 17 de octubre de 2017. Expediente 62448,15_04_Comunic_Recibidas/2020/CI004_GP-12649_070108_CON_1390_MODIFI_ART5_RESOL_0560.pdf
509,3,CONCESIÓN ALTO MAGDALENA S.A.S.,ALMA-2020-0510,CONSORCIO 4C,GP-12019,18/02/2020,Acciones para la construcción y funcionamiento COSO MUNICIPAL,15_04_Comunic_Recibidas/2020/CI004_GP-12019_070109_CON_0510_COSO_MUNICIPAL.pdf
510,2,CONCESIÓN ALTO MAGDALENA S.A.S.,,CONSORCIO 4C,GP-11806,27/01/2020,Respuesta comunicación Nro. CI.004/GP7430/20/7.4.4 (Rad. Interno ALMA-R-2020-0114) - Predio ALMA-4-0096-1,15_04_Comunic_Recibidas/2020/CI004_GP-11806_070404_CON_0187_EXP_EXPRO.pdf
511,2,CONCESION ALTO MAGDALENA S.A.S.,,CONSORCIO 4C,GP-13332,24/09/2020,Respuesta comunicado CI.004/GP8090/20/7.3.1 (Rad. int ALMA-R-2020-1213) – Mala tabulación en Guataquí mayo de 2020,15_04_Comunic_Recibidas/2020/CI004_GP-13332_070301_CON_2506_MALA_TABULA_GUATAQUI.pdf
512,4,CONCESIÓN ALTO MAGDALENA S.A.S.,,CONSORCIO 4C,GP-13216,28/08/2020,Respuesta comunicación CI.004/GP8298/20/7.4.2 – (Rad. Int. ALMA-R-2020-1543-13/08/2020) – Revisión Fichas Sociales predio ALMA-2-0136-1,15_04_Comunic_Recibidas/2020/CI004_GP-13216_070402_CON_2225_FICHAS_SOCIALES.pdf
513,7,CONCESIÓN ALTO MAGDALENA S.A.S.,,CONSORCIO 4C,GP-12186,13/03/2020,Respuesta comunicación CI.004/GP6993/19/7.1.8 (Rad Interno ALMA-R-2019-2322 del 26/09/2019). Atención Aspectos e Impactos Ambientales Unidad Funcional 5.2.,15_04_Comunic_Recibidas/2020/CI004_GP-12186_070108_CON_0778_ASPECT_IMPACT_AMB_UF5.pdf
515,4,CONCESIÓN ALTO MAGDALENA S.A.S.,CI004/5.3,CONSORCIO 4C,GP-12662,19/05/2020,Convenio cooperación Policía Nacional de Colombia y Concesión Alto Magdalena S.A.S. Balance elementos y equipos para liquidación por vencimiento de convenio y trámite de nuevo convenio para etapa operativa.,15_04_Comunic_Recibidas/2020/CI004_GP-12662_050300_CON_1392_VENCI_CONVENIO_ETAP_OPERA.pdf
514,3,CONCESIÓN ALTO MAGDALENA S.A.S.,,CONSORCIO 4C,GP-12056,18/02/2020,Acciones para la construcción y funcionamiento COSO MUNICIPAL,15_04_Comunic_Recibidas/2020/CI004_GP-12056_070109_CON_0507_COSO_MUNICIPAL.pdf
517,1,CONCESIÓN ALTO MAGDALENA S.A.S.,ALMA-2020-0152,CONSORCIO 4C,GP-11826,21/01/2020,Informe 13 Evento Eximente de Responsabilidad (EER) del expediente 52038.,15_04_Comunic_Recibidas/2020/CI004_GP-11826_070108_CON_0152_INF_13_EER_EXP_52038.pdf
516,2,,,CONSORCIO 4C,GP-13256,15/09/2020,ESTADOS FINANCIEROS MES DE AGOSTO DE 2020 | PA 63664 ALTO MAGDALENA,15_04_Comunic_Recibidas/2020/CI004_GP-13256_070202_FBTA_SINNUMERO_ESTAD_FINANC_AGO20.pdf
518,4,CONCESIÓN ALTO MAGDALENA S.A.S.,,CONSORCIO 4C,GP-13290,09/09/2020,"Solicitud limpieza vía Km 40+300 Vía Nacional 4508, Planta de Trituración Azul",15_04_Comunic_Recibidas/2020/CI004_GP-13290_070109-070304_CON_2466_SCTUD_LIMPIEZA_K40.pdf
519,1,CONCESIÓN ALTO MAGDALENA S.A.S.,ALMA-2020-1065,CONSORCIO 4C,GP-12404,22/04/2020,Cumplimiento artículo 4 Resolución CAR. No. 0543 del 9 de marzo del 2016. Entrega Informe establecimiento medida compensatoria Expediente 51994.,15_04_Comunic_Recibidas/2020/CI004_GP-12404_070108_CON_1065_CUMPLI_RESOL_CAR_0543.pdf
521,1,,,CONSORCIO 4C,GP-13128,,,15_04_Comunic_Recibidas/2020/CI004_GP-13128_070108_CON_2144_INF_APROVE_FORESTAL.pdf
523,1,,,CONSORCIO 4C,GP-12552,,,15_04_Comunic_Recibidas/2020/CI004_GP-12552_070108_CON_1243_DISPOSI_RESIDUOS_EXP_51782.pdf
524,6,,,CONSORCIO 4C,GP-13654,,,15_04_Comunic_Recibidas/2020/CI004_GP-13654_070110_CON_3048_OBS_SEGYSAL_JUN_MAY.pdf
522,10,,,CONSORCIO 4C,GP-13691,,,15_04_Comunic_Recibidas/2020/CI004_GP-13691_070108_CON_3088_SEG_PERM_OTORG_EXP_51481.pdf
525,1,,,CONSORCIO 4C,GP-12820,,,15_04_Comunic_Recibidas/2020/CI004_GP-12820_070401_CON_1606_INF_PREDIAL_MAY20.pdf
526,1,,,CONSORCIO 4C,GP-11824,,,15_04_Comunic_Recibidas/2020/CI004_GP-11824_070108_CON_0150_INF_11_EER_EXP_52038.pdf
528,4,,,CONSORCIO 4C,GP-12296,,,15_04_Comunic_Recibidas/2020/CI004_GP-12296_050300_CON_0961_PRONUNCIA_DEC_482.pdf
527,1,,,CONSORCIO 4C,GP-12181,,,15_04_Comunic_Recibidas/2020/CI004_GP-12181_070406_CON_0445_EXP_AVALUO.pdf
529,1,,,CONSORCIO 4C,GP-12047,,,15_04_Comunic_Recibidas/2020/CI004_GP-12047_070109-070108_CON_0525_OBS_INF_TRIM_AMB_N°20.pdf
520,2,CONCESIÓN ALTO MAGDALENA S.A.S.,ALMA-2020-0102,CONSORCIO 4C,GP-11761,15/01/2020,"Respuesta PQRS-UF3-2019-0318 (SEP-DET104001 - 02/01/2020) ""Solicitud Tarifa Preferencial""",15_04_Comunic_Recibidas/2020/CI004_GP-11761_070109_CON_0102_PQRS_TARIF_PREFERENCIAL.pdf
530,7,,,CONSORCIO 4C,GP-11999,,,15_04_Comunic_Recibidas/2020/CI004_GP-11999_070109_ANI_004397-1_DP_LA_CONCORDIA.pdf
531,4,,,CONSORCIO 4C,GP-12741,,,15_04_Comunic_Recibidas/2020/CI004_GP-12741_070109_CON_1528_OBS_INF_TRIM_SOCIAL_N22.pdf
532,1,,,CONSORCIO 4C,GP-12661,,,15_04_Comunic_Recibidas/2020/CI004_GP-12661_070303-070105_CON_1391_INSEG_VIAL_PR0_PR1.pdf
533,1,,,CONSORCIO 4C,GP-13234,,,15_04_Comunic_Recibidas/2020/CI004_GP-13234_070401_CON_2220_FICHA_PREDIAL.pdf
534,4,,,CONSORCIO 4C,GP-12959,,,15_04_Comunic_Recibidas/2020/CI004_GP-12959_070202_FBTA_SINNUMERO_ESTAD_FINAN_JUN20.pdf
535,1,,,CONSORCIO 4C,GP-11986,,,15_04_Comunic_Recibidas/2020/CI004_GP-11986_070109_CON_0449_INF_TRIM_SCIAL_21.pdf
536,1,,,CONSORCIO 4C,GP-12617,,,15_04_Comunic_Recibidas/2020/CI004_GP-12617_070108_CON_1337_PRORROGA_RESOL_2019-0494.pdf
537,1,,,CONSORCIO 4C,GP-11797,,,15_04_Comunic_Recibidas/2020/CI004_GP-11797_050300_CON_0173_AJUST_CONVENIO_PONAL.pdf
540,1,,,CONSORCIO 4C,GP-12868,,,15_04_Comunic_Recibidas/2020/CI004_GP-12868_070406_CON_1716_EXP_AVALUO.pdf
539,2,,,CONSORCIO 4C,GP-11894,,,15_04_Comunic_Recibidas/2020/CI004_GP-11894_070110_CON_0184_PAG_SEGYSAL_NOV_OCT.pdf
538,10,,,CONSORCIO 4C,GP-12126,,,15_04_Comunic_Recibidas/2020/CI004_GP-12126_050300_CON_0645_FICHA_TECNICA_TMV.pdf
541,4,,,CONSORCIO 4C,GP-12678,,,15_04_Comunic_Recibidas/2020/CI004_GP-12678_070110_CON_1411_REACTIVA_OBRAS.pdf
542,1,,,CONSORCIO 4C,GP-11803,,,15_04_Comunic_Recibidas/2020/CI004_GP-11803_070401_CON_0020_EXP_PREDIAL.pdf
543,2,,,CONSORCIO 4C,GP-11931,,,15_04_Comunic_Recibidas/2020/CI004_GP-11931_050300_CON_0372_DISPON_PATRULLA_CAMIONET.pdf
544,4,,,CONSORCIO 4C,GP-12246,,,15_04_Comunic_Recibidas/2020/CI004_GP-12246_050300_ANI_010307-1_FONDEO_SUBCTA_INTERV.pdf
545,4,,,CONSORCIO 4C,GP-12945,,,15_04_Comunic_Recibidas/2020/CI004_GP-12945_070500_CON_1870_OBS_MEMOTEC_MAR20.pdf
548,5,,,CONSORCIO 4C,GP-11936,,,15_04_Comunic_Recibidas/2020/CI004_GP-11936_070108_CON_0387_OCUP_CAUCE_K117+141.pdf
547,2,,,CONSORCIO 4C,GP-12891,,,15_04_Comunic_Recibidas/2020/CI004_GP-12891_070303_CON_1796_NIVEL_SERV_MAR20.pdf
546,18,,,CONSORCIO 4C,GP-12188,,,15_04_Comunic_Recibidas/2020/CI004_GP-12188_070109_ANI_000011-4_MEDIDAS_COVID-19.pdf
549,8,,,CONSORCIO 4C,GP-12841,,,15_04_Comunic_Recibidas/2020/CI004_GP-12841_050300_ANI_000026-4_LINEA_CUMPLI_RESOL_618.pdf
550,1,,,CONSORCIO 4C,GP-12755,,,15_04_Comunic_Recibidas/2020/CI004_GP-12755_070202_FBTA_008778_INF_MEN_MAR20.pdf
551,2,,,CONSORCIO 4C,GP-13415,,,15_04_Comunic_Recibidas/2020/CI004_GP-13415_070115-070201_CON_2607_CTA_COBRO_04_SCTA_REDES.pdf
552,1,,,CONSORCIO 4C,GP-12700,,,15_04_Comunic_Recibidas/2020/CI004_GP-12700_070108_CON_1436_ICA_N01.pdf
553,7,,,CONSORCIO 4C,GP-12120,,,15_04_Comunic_Recibidas/2020/CI004_GP-12120_070108_CON_0641_AUTO_APROVE_FORESTAL.pdf
554,10,,,CONSORCIO 4C,GP-13750,,,15_04_Comunic_Recibidas/2020/CI004_GP-13750_070108_CON_3158_SEG_PERM_OTORG_EXP_62717.pdf
555,1,,,CONSORCIO 4C,GP-12714,,,15_04_Comunic_Recibidas/2020/CI004_GP-12714_050300_CON_1472_FICHA_TEC_SISTEMA_CTROL_TRAFI.pdf
556,1,,,CONSORCIO 4C,GP-12116,,,15_04_Comunic_Recibidas/2020/CI004_GP-12116_070108_CON_0660_REMISION_POLIZA.pdf
557,2,,,CONSORCIO 4C,GP-11882,,,15_04_Comunic_Recibidas/2020/CI004_GP-11882_070401_CON_0217_RESOL_DESPLA_FORZA.pdf
558,2,,,CONSORCIO 4C,GP-12155,,,15_04_Comunic_Recibidas/2020/CI004_GP-12155_070108_CON_0698_INF_N08_RESOL_2280.pdf
559,6,,,CONSORCIO 4C,GP-13088,,,15_04_Comunic_Recibidas/2020/CI004_GP-13088_070500_CON_2083_REV_MEMOTEC_MAY20.pdf
560,1,,,CONSORCIO 4C,GP-12215,,,15_04_Comunic_Recibidas/2020/CI004_GP-12215_070108_CON_0836_INF_28_EER_EXP_52038.pdf
561,1,,,CONSORCIO 4C,GP-12482,,,15_04_Comunic_Recibidas/2020/CI004_GP-12482_070108_CON_1156_CUMPLI_AUTO_DRAM_0204.pdf
562,2,,,CONSORCIO 4C,GP-11876,,,15_04_Comunic_Recibidas/2020/CI004_GP-11876_070108_CON_0291_AUTO_DRMC_0675.pdf
563,1,,,CONSORCIO 4C,GP-11829,,,15_04_Comunic_Recibidas/2020/CI004_GP-11829_070108_CON_0155_INF_16_EER_EXP_52038.pdf
564,1,,,CONSORCIO 4C,GP-11955,,,15_04_Comunic_Recibidas/2020/CI004_GP-11955_070108_CON_0344_CUMPLI_COMPENSA_EXP_51490.pdf
565,2,,,CONSORCIO 4C,GP-12807,,,15_04_Comunic_Recibidas/2020/CI004_GP-12807_070110_CON_1630_OBS_PAG_SEGYSAL_SEP_AGO.pdf
566,1,,,CONSORCIO 4C,GP-12451,,,15_04_Comunic_Recibidas/2020/CI004_GP-12451_070108_CON_1092_CUMPLI_AUTO_CAR_061.pdf
567,4,,,CONSORCIO 4C,GP-13066,,,15_04_Comunic_Recibidas/2020/CI004_GP-13066_070401_ANI_022978-1_ADJUDICA_EDP_ALMA-3-0114.pdf
568,4,,,CONSORCIO 4C,GP-12919,,,15_04_Comunic_Recibidas/2020/CI004_GP-12919_050300_CON_1841_HURTOS_RECURRENTES.pdf
569,10,,,CONSORCIO 4C,GP-13712,,,15_04_Comunic_Recibidas/2020/CI004_GP-13712_070108_CON_3109_SEG_PERM_OTORG_EXP_51512.pdf
571,2,,,CONSORCIO 4C,GP-13539,,,15_04_Comunic_Recibidas/2020/CI004_GP-13539_020200_ANI_034624-1_APROBA_HV_DIRECTOR.pdf
570,1,,,CONSORCIO 4C,GP-12952,,,15_04_Comunic_Recibidas/2020/CI004_GP-12952_070108_CON_1878_SIEMBRA_COMPENSA_60750.pdf
572,4,,,CONSORCIO 4C,GP-13091,,,15_04_Comunic_Recibidas/2020/CI004_GP-13091_050300_CON_2088_POLIZAS_RCE.pdf
573,1,,,CONSORCIO 4C,GP-13421,,,15_04_Comunic_Recibidas/2020/CI004_GP-13421_070401_CON_2617_EXP_PREDIAL.pdf
574,13,,,CONSORCIO 4C,GP-12003,,,15_04_Comunic_Recibidas/2020/CI004_GP-12003_070108_CON_0439_DOCUMENTACIÓN_K58+490.pdf
575,1,,,CONSORCIO 4C,GP-13325,,,15_04_Comunic_Recibidas/2020/CI004_GP-13325_070108_CON_2488_LEV_VEDA_RESOL_1928.pdf
576,4,,,CONSORCIO 4C,GP-13758,,,15_04_Comunic_Recibidas/2020/CI004_GP-13758_070108_CON_3201_SOPORT_PAG_AMB_EXP_60748.pdf
577,4,,,CONSORCIO 4C,GP-12288,,,15_04_Comunic_Recibidas/2020/CI004_GP-12288_050300_CON_0952_POLIZAS_CONTRATO.pdf
578,6,,,CONSORCIO 4C,GP-13686,,,15_04_Comunic_Recibidas/2020/CI004_GP-13686_070104_ANI_000062-4_PLAN_MOVI_SEG_VIAL.pdf
579,1,,,CONSORCIO 4C,GP-12832,,,15_04_Comunic_Recibidas/2020/CI004_GP-12832_070406_CON_1508_EXP_AVALUO.pdf
580,1,,,CONSORCIO 4C,GP-13045,,,15_04_Comunic_Recibidas/2020/CI004_GP-13045_070108-070202_CON_1984_SOPORT_PAG_COMP_AMB.pdf
582,1,,,CONSORCIO 4C,GP-12284,,,15_04_Comunic_Recibidas/2020/CI004_GP-12284_070202_CON_0946_ESTAD_FINANCIEROS.pdf
581,1,,,CONSORCIO 4C,GP-12097,,,15_04_Comunic_Recibidas/2020/CI004_GP-12097_050300_CON_0597_ACTA_AMPLIA_EER.pdf
583,4,,,CONSORCIO 4C,GP-13651,,,15_04_Comunic_Recibidas/2020/CI004_GP-13651_070109_JGALVEZ_SINNUMERO_DP_INVASION.pdf
584,2,,,CONSORCIO 4C,GP-11772,,,15_04_Comunic_Recibidas/2020/CI004_GP-11772_070108_CON_0120_OCUPA_CAUCE_K69.pdf
585,10,,,CONSORCIO 4C,GP-13704,,,15_04_Comunic_Recibidas/2020/CI004_GP-13704_070108_CON_3101_SEG_PERM_OTORG_EXP_51501.pdf
586,1,,,CONSORCIO 4C,GP-13448,,,15_04_Comunic_Recibidas/2020/CI004_GP-13448_070108_CON_2654_INF_ICA_N14.pdf
587,1,,,CONSORCIO 4C,GP-13625,,,15_04_Comunic_Recibidas/2020/CI004_GP-13625_070107_CON_2980_PRUEBA_CARG_PTE_NORCASIA.pdf
588,1,,,CONSORCIO 4C,GP-13677,,,15_04_Comunic_Recibidas/2020/CI004_GP-13677_070401_CON_3072_EXP_PREDIAL.pdf
589,2,,,CONSORCIO 4C,GP-13095,,,15_04_Comunic_Recibidas/2020/CI004_GP-13095_070401_CON_2090_SCTUD_ADJUDI_ANT.pdf
590,4,,,CONSORCIO 4C,GP-12315,,,15_04_Comunic_Recibidas/2020/CI004_GP-12315_070108_CON_0968_SUSPEN_ACTIV_COVID-19.pdf
591,4,,,CONSORCIO 4C,GP-13089,,,15_04_Comunic_Recibidas/2020/CI004_GP-13089_070500_CON_2086_REV_MEMOTEC_ABR20.pdf
594,1,,,CONSORCIO 4C,GP-13488,,,15_04_Comunic_Recibidas/2020/CI004_GP-13488_070401_CON_2717_EXP_PREDIAL.pdf
592,1,,,CONSORCIO 4C,GP-13471,,,15_04_Comunic_Recibidas/2020/CI004_GP-13471_070108_CON_2701_ENTREG_ICA_N01_EXP_69612.pdf
593,2,,,CONSORCIO 4C,GP-12609,,,15_04_Comunic_Recibidas/2020/CI004_GP-12609_070108-070109_CON_1327_GEST_RIESG_DESASTRES.pdf
595,1,,,CONSORCIO 4C,GP-12446,,,15_04_Comunic_Recibidas/2020/CI004_GP-12446_070108_CON_1124_CUMPLI_AUTO_CAR_0124.pdf
596,10,,,CONSORCIO 4C,GP-13727,,,15_04_Comunic_Recibidas/2020/CI004_GP-13727_070108_CON_3124_SEG_PERM_OTORG_EXP_51959.pdf
597,1,,,CONSORCIO 4C,GP-12421,,,15_04_Comunic_Recibidas/2020/CI004_GP-12421_070108_CON_1080_CUMPLI_AUTO_CAR_017.pdf
598,1,,,CONSORCIO 4C,GP-13201,,,15_04_Comunic_Recibidas/2020/CI004_GP-13201_070108_CON_2261_APROVE_FORESTAL_RESOL_159.pdf
599,1,,,CONSORCIO 4C,GP-12591,,,15_04_Comunic_Recibidas/2020/CI004_GP-12591_070406_CON_1226_EXP_AVALUOS.pdf
600,3,,,CONSORCIO 4C,GP-11852,,,15_04_Comunic_Recibidas/2020/CI004_GP-11852_050300_CON_0243_CIERRE_PDTES_APT3_UF3.pdf
601,1,,,CONSORCIO 4C,GP-12863,,,15_04_Comunic_Recibidas/2020/CI004_GP-12863_070402_CON_1501_EXP_SOCIAL.pdf
602,1,,,CONSORCIO 4C,GP-12526,,,15_04_Comunic_Recibidas/2020/CI004_GP-12526_070108_CON_1218_DISPOSI_RESIDUOS_EXP_51891.pdf
603,3,,,CONSORCIO 4C,GP-12172,,,15_04_Comunic_Recibidas/2020/CI004_GP-12172_050300_CON_0743_CONVENIO_ALMA_PONAL.pdf
604,1,,,CONSORCIO 4C,GP-13148,,,15_04_Comunic_Recibidas/2020/CI004_GP-13148_070402_CON_2172_PAG_COMPENSA_ECO.pdf
605,1,,,CONSORCIO 4C,GP-12640,,,15_04_Comunic_Recibidas/2020/CI004_GP-12640_070108_CON_1364_MEDIDA_COMPENSA_EXP_51780.pdf
606,1,,,CONSORCIO 4C,GP-13029,,,15_04_Comunic_Recibidas/2020/CI004_GP-13029_070406_CON_1903_EXP_AVALUO.pdf
607,1,,,CONSORCIO 4C,GP-12337,,,15_04_Comunic_Recibidas/2020/CI004_GP-12337_070108_CON_0986_INF_N02_RESOL_2602.pdf
608,8,,,CONSORCIO 4C,GP-11707,,,15_04_Comunic_Recibidas/2020/CI004_GP-11707_070110_CON_0017_CONDI_SEG_UF4_UF5.pdf
609,1,,,CONSORCIO 4C,GP-12411,,,15_04_Comunic_Recibidas/2020/CI004_GP-12411_070108_CON_1072_CUMPLI_RESOL_CAR_0709.pdf
610,2,,,CONSORCIO 4C,GP-13662,,,15_04_Comunic_Recibidas/2020/CI004_GP-13662_070108_CON_3058_SOPORT_PAG_AMB_EXP_62369.pdf
611,10,,,CONSORCIO 4C,GP-13715,,,15_04_Comunic_Recibidas/2020/CI004_GP-13715_070108_CON_3112_SEG_PERM_OTORG_EXP_51526.pdf
612,2,,,CONSORCIO 4C,GP-12981,,,15_04_Comunic_Recibidas/2020/CI004_GP-12981_070110_CON_1940_PAG_SEGYSAL_ABR_MAR.pdf
613,1,,,CONSORCIO 4C,GP-13239,,,15_04_Comunic_Recibidas/2020/CI004_GP-13239_070202_FBTA_SINNUMERO_ESTAD_FINANC_AUDITAD.pdf
614,2,,,CONSORCIO 4C,GP-13084,,,15_04_Comunic_Recibidas/2020/CI004_GP-13084_070202_FBTA_SINNUMERO_ESTAD_FINANCIEROS.pdf
615,1,,,CONSORCIO 4C,GP-12738,,,15_04_Comunic_Recibidas/2020/CI004_GP-12738_070108_CON_1527_INF_TEC_DRMC-0116.pdf
616,1,,,CONSORCIO 4C,GP-12676,,,15_04_Comunic_Recibidas/2020/CI004_GP-12676_070108_CON_1285_ENTREGA_PAGA_UF5.1.pdf
617,1,,,CONSORCIO 4C,GP-12705,,,15_04_Comunic_Recibidas/2020/CI004_GP-12705_070108_CON_1446_MEDIDA_COMPENSA_EXP_51716.pdf
618,6,,,CONSORCIO 4C,GP-13287,,,15_04_Comunic_Recibidas/2020/CI004_GP-13287_070109-070304_CON_2469_PREVENCI_ACCIDENT_UF3.pdf
619,1,,,CONSORCIO 4C,GP-13472,,,15_04_Comunic_Recibidas/2020/CI004_GP-13472_070108_CON_2705_OBS_ICA_UF3.pdf
620,8,CONCESIONARIO ALTO MAGDALENA S.A.S.,,CONSORCIO 4C,GP-13559,18/11/2020,Respuesta comunicación CI.004/GP8583/20/7.3.3 (Rad. Int. ALMA-R-2020-2017 del 17/10/2020). Bandas Alertadoras implementadas en la Unidad Funcional 2.,15_04_Comunic_Recibidas/2020/CI004_GP-13559_070304_CON_2856_BANDAS_ALERTA_UF2.pdf
621,2,CONCESIÓN ALTO MAGDALENA S.A.S.,APP N° 003-2014,CONSORCIO 4C,GP-12635,18/05/2020,Alcance Reactivación obras de construcción Proyecto – Incorporación Contratista EHU.,15_04_Comunic_Recibidas/2020/CI004_GP-12635_070110_CON_1385_REACTIVA_OBRAS.pdf
622,1,CONCESION ALTO MAGDALENA S.A.S.,,CONSORCIO 4C,GP-13459,28/10/2020,Solicitud de Certificación Contrato bajo esquema APP N° 003 de 2014.,15_04_Comunic_Recibidas/2020/CI004_GP-13459_050300_CON_2698_CERTIFI_CONTRATO.pdf
623,1,CONCESIÓN ALTO MAGDALENA S.A.S.,,CONSORCIO 4C,GP-11952,07/02/2020,Alcance comunicación con radicado CAR 07192102583 (Rad. Interno ALMA-2019-02659). Estado de cumplimiento medida compensatoria. Expediente 51513.,15_04_Comunic_Recibidas/2020/CI004_GP-11952_070108_CON_0341_CUMPLI_COMPENSA_EXP_51513.pdf
624,2,CONCESIÓN ALTO MAGDALENA S.A.S.,,CONSORCIO 4C,GP-13363,01/10/2020,Siembra compensaciones. Expediente 54097.,15_04_Comunic_Recibidas/2020/CI004_GP-13363_070108_CON_2542_SIEMBRA_COMPENSA_EXP_54097.pdf
626,1,CONCESIÓN ALTO MAGDALENA S.A.S.,,CONSORCIO 4C,GP-12641,18/05/2020,Cumplimiento artículo segundo Auto DRAM CAR N° 0101 del 23 de enero del 2020. Entrega informe medida compensatoria artículo cuarto resolución CAR N° 0330 del 16 de febrero del 2016. Expediente 51703.,15_04_Comunic_Recibidas/2020/CI004_GP-12641_070108_CON_1365_MEDIDA_COMPENSA_EXP_51703.pdf
625,2,CONCESION ALTO MAGDALENA S.A.S.,,CONSORCIO 4C,GP-12985,28/07/2020,Respuesta comunicado CI.004/G8184/20/5 (ALMA-R-2020-1373) 'Solicitud No objeción Plazo de Cura. Incumplimiento obligaciones contempladas en la sección 4.5 (v) de la Parte General del Contrato de Concesión. Condiciones de seguridad en la operación del subsector 1 – UF5' y la comunicación ALMA-R-2020-1341 'Solicitud Ajuste Rasante (peralte) Conforme Diseño Geométrico No Objetado UF 5.1'.,15_04_Comunic_Recibidas/2020/CI004_GP-12985_050300_CON_1966_DISEÑO_GEOME_UF5.1.pdf
627,6,,,CONSORCIO 4C,GP-12089,21/02/2020,Cambio y presentación de Profesional en Aseguramiento y Gestión de la Calidad. Fase de Construcción. Radicado ANI No. 2020-409-015193-2 de fecha 13 de febrero de 2020. Contrato de Interventoría 145 del 2014. Contrato de Concesión Vial No. 003 de 2014 Concesión Girardot Honda Puerto Salgar.,15_04_Comunic_Recibidas/2020/CI004_GP-12089_020200_ANI_005698-1_APROBA_HV_CALIDAD.pdf
628,4,CONCESIÓN ALTO MAGDALENA S.A.S.,,CONSORCIO 4C,GP-11834,27/01/2020,Entrega elementos en donación.,15_04_Comunic_Recibidas/2020/CI004_GP-11834_070108-070109_CON_0199_ENTREG_DONACION.pdf
629,1,CONCESIÓN ALTO MAGDALENA S.A.S.,,CONSORCIO 4C,GP-12715,28/05/2020,Envío Formulario liquidación y declaración de regalías primer Trimestre Año 2020. Autorización Temporal SCV-09031.,15_04_Comunic_Recibidas/2020/CI004_GP-12715_070108_CON_1474_FOR_REGALIAS_SCV-09031.pdf
630,1,CONCESIÓN ALTO MAGDALENA S.A.S.,ALMA-2020-1113,CONSORCIO 4C,GP-12435,24/04/2020,"Cumplimiento obligación artículo 2 Auto CAR DRAM No. 061 del 20 de enero de 2020, y Resolución CAR No. 1726 del 30 de junio de 2017. Entrega del informe de disposición de residuos. Expediente 60751.",15_04_Comunic_Recibidas/2020/CI004_GP-12435_070108_CON_1113_CUMPLI_AUTO_CAR_061.pdf
631,2,CONCESIÓN ALTO MAGDALENA S.A.S.,ALMA-2020-0119,CONSORCIO 4C,GP-11771,16/01/2020,Solicitud permiso ocupación de cauce – K58+490. Unidad Funcional 3.,15_04_Comunic_Recibidas/2020/CI004_GP-11771_070108_CON_0119_OCUPA_CAUCE_K58.pdf
632,7,CONCESIÓN ALTO MAGDALENA S.A.S.,,CONSORCIO 4C,GP-11789,21/01/2020,Respuesta comunicación Rad. No. 2020-304-000146-1 de 03/01/2020 – Solicitud concepto de carga extra-dimensionada y extra-pesada presentado por la Empresa TRANSPORTE Y LOGÍSTICA DE CARGA INTERNACIONAL COMPAÑÍA S.A.S.,15_04_Comunic_Recibidas/2020/CI004_GP-11789_070114_CON_0164_CARGA_TRANSP_INTERNAC.pdf
633,2,CONCESIÓN ALTO MAGDALENA S.A.S.,,CONSORCIO 4C,GP-13254,14/09/2020,"Solicitud protección bienes de uso público (reinstalación de cerca) Pr 24 + 850, Ruta Nacional 45-08, Vía Nariño-Guataquí- Costado izquierdo, faja de exclusión.",15_04_Comunic_Recibidas/2020/CI004_GP-13254_070109_CON_2405_PROTEC_BIENES_USO_PUB.pdf
634,2,CONCESIÓN ALTO MAGDALENA S.A.S.,ALMA-2020-2451,CONSORCIO 4C,GP-13302,18/09/2020,"Entrega soporte pago por concepto de servicio de seguimiento y control ambiental 2019, en cumplimiento de la obligación establecida en el Auto DRAM No. 0722 del 18 de agosto de 2020. Expediente 52130",15_04_Comunic_Recibidas/2020/CI004_GP-13302_070108_CON_2451_SEGUI_CTROL_AMB_EXP_52130.pdf
635,1,CONCESIÓN ALTO MAGDALENA S.A.S.,,CONSORCIO 4C,GP-12282,06/04/2020,Respuesta Comunicado CI.004/GP 7731/20/9.3 (Rad int. ALMA-R-2020-0695 - 31/03/2020) Revisión Planos Record Unidades Funcional 1 y 4.,15_04_Comunic_Recibidas/2020/CI004_GP-12282_090300_CON_0935_PLANOS_RECORD_UF1_4.pdf
636,4,CONCESIÓN ALTO MAGDALENA S.A.S.,,CONSORCIO 4C,GP-12254,02/03/2020,Respuesta oficio ANI No 2020305006358-1: Solicitud reposición rodadura Carrera 1 Puerto Bogotá – y oficios de interventoría CI.004/GP 7568/20/7.1.3 Radicado ANI 20204090187132; CI.004/GP 7673/20/7.1.3.,15_04_Comunic_Recibidas/2020/CI004_GP-12254_070103_CON_0914_REPOSIC_RODADURA_CRA1.pdf
638,1,CONCESIÓN ALTO MAGDALENA S.A.S.,,CONSORCIO 4C,GP-12198,13/03/2020,"Entrega 559 actas de vecindad iniciales de las vías alternativas del municipio de La Dorada, correspondientes a la Unidad Funcional 5.",15_04_Comunic_Recibidas/2020/CI004_GP-12198_070109_CON_SINNUMERO_ACTAS_VECINDAD.pdf
637,1,CONCESIÓN ALTO MAGDALENA S.A.S.,ALMA-2020-0518,CONSORCIO 4C,GP-12065,18/02/2020,Respuesta AUTO CAR DRMC 0996 del 27 de noviembre de 2019. Entrega del Informe de establecimiento de medida compensatoria Resolución CAR DRMC 2945 de 27 de septiembre de 2016. Expediente 51964.,15_04_Comunic_Recibidas/2020/CI004_GP-12065_070108_CON_0518_AUTO_CAR_DRMC_0996.pdf
640,1,,,CONSORCIO 4C,GP-12162,,,15_04_Comunic_Recibidas/2020/CI004_GP-12162_070108_CON_0715_INF_N2_RESOL_1408.pdf
642,6,,,CONSORCIO 4C,GP-12844,,,15_04_Comunic_Recibidas/2020/CI004_GP-12844_070115_CON_1683_ACUERDO_CENIT_ALMA.pdf
643,1,,,CONSORCIO 4C,GP-13562,,,15_04_Comunic_Recibidas/2020/CI004_GP-13562_070108_CON_2859_PRORROGA_RESOL_3899_EXP_51851.pdf
644,1,,,CONSORCIO 4C,GP-11808,,,15_04_Comunic_Recibidas/2020/CI004_GP-11808_070404_CON_0202_EXP_EXPRO.pdf
639,1,CONCESIÓN ALTO MAGDALENA S.A.S.,,CONSORCIO 4C,GP-12074,18/02/2020,Informe de Cumplimiento Ambiental No. 8 - Expediente N° LAV0063-00-2015,15_04_Comunic_Recibidas/2020/CI004_GP-12074_070108_CON_0519_ICA_N°08.pdf
646,1,,,CONSORCIO 4C,GP-12158,,,15_04_Comunic_Recibidas/2020/CI004_GP-12158_070108_CON_0705_SIEMBRA_COMPENSA.pdf
648,1,,,CONSORCIO 4C,GP-12409,,,15_04_Comunic_Recibidas/2020/CI004_GP-12409_070108_CON_1070_CUMPLI_RESOL_CAR_564.pdf
649,2,,,CONSORCIO 4C,GP-13106,,,15_04_Comunic_Recibidas/2020/CI004_GP-13106_070402_CON_2084_FICHAS_SOCIALES.pdf
645,10,,,CONSORCIO 4C,GP-13724,,,15_04_Comunic_Recibidas/2020/CI004_GP-13724_070108_CON_3121_SEG_PERM_OTORG_EXP_51955.pdf
647,10,,,CONSORCIO 4C,GP-12683,,,15_04_Comunic_Recibidas/2020/CI004_GP-12683_050300-090300_CON_1417_OBLIG_PDTES_UF2.pdf
650,1,,,CONSORCIO 4C,GP-12465,,,15_04_Comunic_Recibidas/2020/CI004_GP-12465_070108_CON_1106_CUMPLI_AUTO_CAR_1662.pdf
651,8,,,CONSORCIO 4C,GP-13062,,,15_04_Comunic_Recibidas/2020/CI004_GP-13062_070108_CON_2036_SIEMBRA_ARBOLES.pdf
652,1,,,CONSORCIO 4C,GP-12389,,,15_04_Comunic_Recibidas/2020/CI004_GP-12389_070108_CON_1035_CUMPLI_RESOL_CAR_1130.pdf
653,8,,,CONSORCIO 4C,GP-12962,,,15_04_Comunic_Recibidas/2020/CI004_GP-12962_050300-090300_CON_1897_INF_CUMPLI_PDTES_UF3.pdf
655,1,,,CONSORCIO 4C,GP-13631,,,15_04_Comunic_Recibidas/2020/CI004_GP-13631_070500_CON_2988_MEMOTEC_OCT20.pdf
654,1,,,CONSORCIO 4C,GP-11800,,,15_04_Comunic_Recibidas/2020/CI004_GP-11800_070406_CON_03851_EXP_AVALUO.pdf
641,1,CONCESIÓN ALTO MAGDALENA S.A.S.,,CONSORCIO 4C,GP-12674,19/05/2020,Respuesta Comunicado CI.004/GP7731/20/9.3 (Rad Int. ALMA-R-2020-0685 30/03/2020) Revisión Planos Record Unidades Funcionales 1 y 4.,15_04_Comunic_Recibidas/2020/CI004_GP-12674_090300_CON_1404_PLANOS_RECORD_UF1_4.pdf
657,2,,,CONSORCIO 4C,GP-12338,,,15_04_Comunic_Recibidas/2020/CI004_GP-12338_070108_CON_0973_SUSPEN_ACTIV_COVID-19.pdf
656,2,,,CONSORCIO 4C,GP-13061,,,15_04_Comunic_Recibidas/2020/CI004_GP-13061_070108_CON_2035_ESTAD_TRAMITE_EXP_52007.pdf
658,1,,,CONSORCIO 4C,GP-13083,,,15_04_Comunic_Recibidas/2020/CI004_GP-13083_070401_CON_2043_EXP_FINAL.pdf
659,1,,,CONSORCIO 4C,GP-11831,,,15_04_Comunic_Recibidas/2020/CI004_GP-11831_070108_CON_0157_INF_18_EER_EXP_52038.pdf
661,1,,,CONSORCIO 4C,GP-12505,,,15_04_Comunic_Recibidas/2020/CI004_GP-12505_070108_CON_1179_DISPOSI_RESIDUOS_EXP_61890.pdf
660,1,,,CONSORCIO 4C,GP-12836,,,15_04_Comunic_Recibidas/2020/CI004_GP-12836_070401_CON_1511_EXP_PREDIAL.pdf
662,2,,,CONSORCIO 4C,GP-13374,,,15_04_Comunic_Recibidas/2020/CI004_GP-13374_070108_CON_2513_REQUERI_SEGUI_AMB.pdf
663,1,,,CONSORCIO 4C,GP-13043,,,15_04_Comunic_Recibidas/2020/CI004_GP-13043_070108_CON_1983_ICA_12.pdf
664,1,,,CONSORCIO 4C,GP-13085,,,15_04_Comunic_Recibidas/2020/CI004_GP-13085_070202_FBTA_011540_INF_MEN_JUL20.pdf
665,4,,,CONSORCIO 4C,GP-13604,,,15_04_Comunic_Recibidas/2020/CI004_GP-13604_070109_CON_2946_PROTEC_BIENES_USO_PUB.pdf
666,12,,,CONSORCIO 4C,GP-13516,,,15_04_Comunic_Recibidas/2020/CI004_GP-13516_070108_CON_2782_RTA_AUTO_11982.pdf
667,1,,,CONSORCIO 4C,GP-13640,,,15_04_Comunic_Recibidas/2020/CI004_GP-13640_070210_CON_3011_ACTAS_RETRIBU_UF1_2_3_4.pdf
668,4,,,CONSORCIO 4C,GP-12786,,,15_04_Comunic_Recibidas/2020/CI004_GP-12786_070202_FBTA_SINNUMERO_INF_MEN_MAYO20.pdf
669,2,,,CONSORCIO 4C,GP-13660,,,15_04_Comunic_Recibidas/2020/CI004_GP-13660_070108_CON_3056_SOPORT_PAG_AMB_EXP_52009.pdf
670,6,,,CONSORCIO 4C,GP-12744,,,15_04_Comunic_Recibidas/2020/CI004_GP-12744_070301_CON_1533_CUMPLI_COMPRO_IP-REV.pdf
671,1,,,CONSORCIO 4C,GP-12502,,,15_04_Comunic_Recibidas/2020/CI004_GP-12502_070108_CON_1176_DISPOSI_RESIDUOS_EXP_51781.pdf
672,5,,,CONSORCIO 4C,GP-11939,,,15_04_Comunic_Recibidas/2020/CI004_GP-11939_070108_CON_0390_OCUP_CAUCE_K129+151.pdf
673,4,,,CONSORCIO 4C,GP-12727,,,15_04_Comunic_Recibidas/2020/CI004_GP-12727_050300_ANI_009401-1_ACTA_RECIBO_NPH.pdf
674,3,,,CONSORCIO 4C,GP-12015,,,15_04_Comunic_Recibidas/2020/CI004_GP-12015_070109_CON_0506_COSO_MUNICIPAL.pdf
675,1,,,CONSORCIO 4C,GP-12544,,,15_04_Comunic_Recibidas/2020/CI004_GP-12544_070108_CON_1235_MEDIDA_COMPENSA_EXP_51781.pdf
676,2,,,CONSORCIO 4C,GP-13324,,,15_04_Comunic_Recibidas/2020/CI004_GP-13324_070108_CON_2487_SIEMBRA_COMPENSA_EXP_52291.pdf
677,6,,,CONSORCIO 4C,GP-12987,,,15_04_Comunic_Recibidas/2020/CI004_GP-12987_070104_CON_1968_O&M_CICLO_RUTA.pdf
678,1,,,CONSORCIO 4C,GP-11966,,,15_04_Comunic_Recibidas/2020/CI004_GP-11966_070108_CON_0355_RTA_RAD_CAR_07192103166.pdf
679,1,,,CONSORCIO 4C,GP-13497,,,15_04_Comunic_Recibidas/2020/CI004_GP-13497_070406_CON_2727_EXP_AVALUO.pdf
680,2,,,CONSORCIO 4C,GP-12614,,,15_04_Comunic_Recibidas/2020/CI004_GP-12614_070108-070109_CON_1332_GEST_RIESG_DESASTRES.pdf
681,10,,,CONSORCIO 4C,GP-13738,,,15_04_Comunic_Recibidas/2020/CI004_GP-13738_070108_CON_3146_SEG_PERM_OTORG_EXP_51973.pdf
682,1,,,CONSORCIO 4C,GP-12007,,,15_04_Comunic_Recibidas/2020/CI004_GP-12007_070110_CON_0491_OBS_PAG_SEGYSAL_OCT_SEP.pdf
684,2,,,CONSORCIO 4C,GP-12251,,,15_04_Comunic_Recibidas/2020/CI004_GP-12251_070401_CON_0910_CRONOGRAMA_NIIF.pdf
683,1,,,CONSORCIO 4C,GP-13204,,,15_04_Comunic_Recibidas/2020/CI004_GP-13204_070108_CON_2264_PRORROGA_AUTO_SCV-09031.pdf
685,2,,,CONSORCIO 4C,GP-13224,,,15_04_Comunic_Recibidas/2020/CI004_GP-13224_070109_CON_2333_ESPACIO_PUB_DEC_2770.pdf
686,1,,,CONSORCIO 4C,GP-13368,,,15_04_Comunic_Recibidas/2020/CI004_GP-13368_070108_CON_2536_DISPOSI_RESIDUOS_EXP_52183.pdf
687,1,,,CONSORCIO 4C,GP-13196,,,15_04_Comunic_Recibidas/2020/CI004_GP-13196_070108_CON_2263_INF_ICA_N12.pdf
688,2,,,CONSORCIO 4C,GP-13008,,,15_04_Comunic_Recibidas/2020/CI004_GP-13008_050300-070303_ANI_021696-1_NIVEL_SERV_E16.pdf
689,1,,,CONSORCIO 4C,GP-13143,,,15_04_Comunic_Recibidas/2020/CI004_GP-13143_070108_CON_2159_INF_APROVE_FORESTAL.pdf
690,6,,,CONSORCIO 4C,GP-11701,,,15_04_Comunic_Recibidas/2020/CI004_GP-11701_070108_CON_0001_DISEÑ_GLORIET_ORIENTAL_NPH.pdf
691,16,,,CONSORCIO 4C,GP-13424,,,15_04_Comunic_Recibidas/2020/CI004_GP-13424_050300-070301_CON_2622_PUNTOS_CONTEO.pdf
692,2,,,CONSORCIO 4C,GP-13268,,,15_04_Comunic_Recibidas/2020/CI004_GP-13268_070108_CON_2427_SIEMBRA_COMPENSA_EXP_51538.pdf
693,10,,,CONSORCIO 4C,GP-13699,,,15_04_Comunic_Recibidas/2020/CI004_GP-13699_070108_CON_3096_SEG_PERM_OTORG_EXP_51492.pdf
694,2,,,CONSORCIO 4C,GP-13314,,,15_04_Comunic_Recibidas/2020/CI004_GP-13314_070200_FBTA_SINNUMERO_ESTAD_FINANC_AGO20.pdf
695,1,,,CONSORCIO 4C,GP-11794,,,15_04_Comunic_Recibidas/2020/CI004_GP-11794_070402_CON_0014_EXP_SOCIAL.pdf
696,1,,,CONSORCIO 4C,GP-11767,,,15_04_Comunic_Recibidas/2020/CI004_GP-11767_070401_CON_03980_INF_PREDIAL_DIC19.pdf
697,1,,,CONSORCIO 4C,GP-11877,,,15_04_Comunic_Recibidas/2020/CI004_GP-11877_070108_CON_0253_INF_TRIM_AMB_N°21.pdf
698,1,,,CONSORCIO 4C,GP-12734,,,15_04_Comunic_Recibidas/2020/CI004_GP-12734_070108_CON_1522_INF_N42_EER_EXP_52038.pdf
699,1,,,CONSORCIO 4C,GP-13265,,,15_04_Comunic_Recibidas/2020/CI004_GP-13265_070108_CON_2424_SIEMBRA_COMPENSA_EXP_51524.pdf
700,1,,,CONSORCIO 4C,GP-11929,,,15_04_Comunic_Recibidas/2020/CI004_GP-11929_070107_CON_0367_DISÑ_GEOM_GLORIET_NORCASIA.pdf
701,2,,,CONSORCIO 4C,GP-12864,,,15_04_Comunic_Recibidas/2020/CI004_GP-12864_070109_CON_1695_SOPORT_ARQUEOLO_UF1_2.pdf
702,4,,,CONSORCIO 4C,GP-11996,,,15_04_Comunic_Recibidas/2020/CI004_GP-11996_050300_ANI_004399-1_REMI_INFO_NPH.pdf
703,1,,,CONSORCIO 4C,GP-12764,,,15_04_Comunic_Recibidas/2020/CI004_GP-12764_070406_CON_1512_EXP_PREDIAL.pdf
704,5,,,CONSORCIO 4C,GP-11937,,,15_04_Comunic_Recibidas/2020/CI004_GP-11937_070108_CON_0388_OCUP_CAUCE_K121+702.pdf
705,1,,,CONSORCIO 4C,GP-13203,,,15_04_Comunic_Recibidas/2020/CI004_GP-13203_070108_CON_2262_INF_N06_RESOL_0817.pdf
706,2,,,CONSORCIO 4C,GP-13577,,,15_04_Comunic_Recibidas/2020/CI004_GP-13577_070108_CON_2904_SIEMBRA_COMPENSA_EXP_52291.pdf
707,8,,,CONSORCIO 4C,GP-13575,,,15_04_Comunic_Recibidas/2020/CI004_GP-13575_070103-070109_CON_2908_INVITA_SESION_CONSEJO.pdf
708,1,,,CONSORCIO 4C,GP-12560,,,15_04_Comunic_Recibidas/2020/CI004_GP-12560_070108_CON_1265_MEDIDA_COMPENSA_EXP_60681.pdf
709,4,,,CONSORCIO 4C,GP-13543,,,15_04_Comunic_Recibidas/2020/CI004_GP-13543_070109_CON_2844_PROTEC_BIENES_USO_PUB.pdf
710,2,,,CONSORCIO 4C,GP-13484,,,15_04_Comunic_Recibidas/2020/CI004_GP-13484_050300_CON_2723_INICIO_O&M_PROYECTO.pdf
711,8,,,CONSORCIO 4C,GP-12314,,,15_04_Comunic_Recibidas/2020/CI004_GP-12314_070108_CON_0967_RESOL_DRBM_0287.pdf
712,10,,,CONSORCIO 4C,GP-13741,,,15_04_Comunic_Recibidas/2020/CI004_GP-13741_070108_CON_3149_SEG_PERM_OTORG_EXP_56598.pdf
713,2,,,CONSORCIO 4C,GP-12607,,,15_04_Comunic_Recibidas/2020/CI004_GP-12607_070108-070109_CON_1322_GEST_RIESG_DESASTRES.pdf
714,1,,,CONSORCIO 4C,GP-12310,,,15_04_Comunic_Recibidas/2020/CI004_GP-12310_070404_CON_0943_EXP_EXPRO.pdf
715,2,,,CONSORCIO 4C,GP-12780,,,15_04_Comunic_Recibidas/2020/CI004_GP-12780_070202_CON_1572_TRASLAD_SUBCTA_OBRAS_MENOR.pdf
716,2,,,CONSORCIO 4C,GP-12195,,,15_04_Comunic_Recibidas/2020/CI004_GP-12195_070108_CON_0735_INFORMES_TECNICOS.pdf
717,2,,,CONSORCIO 4C,GP-13684,,,15_04_Comunic_Recibidas/2020/CI004_GP-13684_070110_CON_3081_PAGOS_SEGYSAL_SEP_AGO.pdf
718,1,,,CONSORCIO 4C,GP-12280,,,15_04_Comunic_Recibidas/2020/CI004_GP-12280_070109_CON_0936_DP_SCEBALLOS.pdf
719,1,,,CONSORCIO 4C,GP-11840,,,15_04_Comunic_Recibidas/2020/CI004_GP-11840_070406_CON_0189_EXP_AVALUO.pdf
720,1,,,CONSORCIO 4C,GP-11993,,,15_04_Comunic_Recibidas/2020/CI004_GP-11993_070107_CON_0448_CHAFLAN_TALUD_EJE_4.pdf
721,4,,,CONSORCIO 4C,GP-12587,,,15_04_Comunic_Recibidas/2020/CI004_GP-12587_070500_CON_1310_REV_MEMOTEC_ENE20.pdf
722,1,,,CONSORCIO 4C,GP-11873,,,15_04_Comunic_Recibidas/2020/CI004_GP-11873_070406_CON_0282_EXP_AVALUO.pdf
723,1,,,CONSORCIO 4C,GP-11835,,,15_04_Comunic_Recibidas/2020/CI004_GP-11835_070114_ANI_001993-1_RED_VEEDURIAS.pdf
724,1,,,CONSORCIO 4C,GP-11818,,,15_04_Comunic_Recibidas/2020/CI004_GP-11818_070108_CON_0144_INF_05_EER_EXP_52038.pdf
725,2,,,CONSORCIO 4C,GP-12580,,,15_04_Comunic_Recibidas/2020/CI004_GP-12580_070108_CON_1290_RTA_ANLA_2020056172-2-000.pdf
727,1,,,CONSORCIO 4C,GP-12351,,,15_04_Comunic_Recibidas/2020/CI004_GP-12351_070108_CON_1005_CUMPLI_AUTO_DRAM_1590.pdf
726,1,,,CONSORCIO 4C,GP-12494,,,15_04_Comunic_Recibidas/2020/CI004_GP-12494_070108_CON_1168_DISPOSI_RESIDUOS_EXP_61892.pdf
728,1,,,CONSORCIO 4C,GP-13382,,,15_04_Comunic_Recibidas/2020/CI004_GP-13382_070108_CON_2564_MEDIDA_COMPENSA_EXP_51886.pdf
729,1,,,CONSORCIO 4C,GP-12466,,,15_04_Comunic_Recibidas/2020/CI004_GP-12466_070108_CON_1107_CUMPLI_AUTO_DRAM_1653.pdf
730,1,,,CONSORCIO 4C,GP-12742,,,15_04_Comunic_Recibidas/2020/CI004_GP-12742_070108_CON_1529_INF_N44_EER_EXP_52038.pdf
731,4,,,CONSORCIO 4C,GP-13544,,,15_04_Comunic_Recibidas/2020/CI004_GP-13544_070109_CON_2845_PROTEC_BIENES_USO_PUB.pdf
732,1,,,CONSORCIO 4C,GP-12762,,,15_04_Comunic_Recibidas/2020/CI004_GP-12762_070406_CON_1493_EXP_AVALUO.pdf
733,1,,,CONSORCIO 4C,GP-12896,,,15_04_Comunic_Recibidas/2020/CI004_GP-12896_070108_CON_1783_CUMPLI_RESOL_0126.pdf
734,1,,,CONSORCIO 4C,GP-13383,,,15_04_Comunic_Recibidas/2020/CI004_GP-13383_070108_CON_2565_MEDIDA_COMPENSA_EXP_51831.pdf
735,1,,,CONSORCIO 4C,GP-13379,,,15_04_Comunic_Recibidas/2020/CI004_GP-13379_070108_CON_2561_ICA_N13.pdf
736,6,,,CONSORCIO 4C,GP-13362,,,15_04_Comunic_Recibidas/2020/CI004_GP-13362_070401_CON_2540_INF_SEM_SEGUI_OLYMPUS.pdf
737,1,,,CONSORCIO 4C,GP-12698,,,15_04_Comunic_Recibidas/2020/CI004_GP-12698_070108_CON_1444_MEDIDA_COMPENSA_EXP_51843.pdf
738,1,CONCESIÓN ALTO MAGDALENA S.A.S.,,CONSORCIO 4C,GP-11716,28/10/2019,Respuesta comunicación CI.004/GP6999/19/5.3 (Rad. interno ALMA-R-20192312 del 26/09/2019). Entrega del expediente ALMA-5-0080-1 para aprobación del Avalúo Comercial Corporativo.,15_04_Comunic_Recibidas/2020/CI004_GP-11716_070406_CON_03353_EXP_AVALUO.pdf
739,2,CONCESIÓN ALTO MAGDALENA S.A.S.,,CONSORCIO 4C,GP-11969,10/02/2020,Alcance radicado CAR 04191101890 (Rad. Int. ALMA-2019-3671 3/12/2019). Aclaración del reporte de siembra. Expedientes 61460 y 52036.,15_04_Comunic_Recibidas/2020/CI004_GP-11969_070108_CON_0400_REPORT_SIEMBRA_EXP_61460_52036.pdf
741,1,CONCESIÓN ALTO MAGDALENA S.A.S.,ALMA-2020-0979,CONSORCIO 4C,GP-12328,15/04/2020,Cumplimiento artículo 4 Resolución CAR 2366 del 3 de noviembre de 2015. Entrega Informe Técnico N°1 de Mantenimiento a la Compensación. Expediente 51493,15_04_Comunic_Recibidas/2020/CI004_GP-12328_070108_CON_0979_CUMPLI_RESOL_CAR_2366.pdf
740,2,CONCESION ALTO MAGDALENA S.A.S.,,CONSORCIO 4C,GP-13150,21/08/2020,"Respuesta oficio No. CI.004/GP8290/20/7.1.9, (Rad. Int.ALMA-R-2020-1527-12/08/2020), solicitud visita al predio ALMA-2-0098 Sr. Alirio Salguero.",15_04_Comunic_Recibidas/2020/CI004_GP-13150_070109_CON_2174_DP_ASALGUERO.pdf
742,1,CONCESIÓN ALTO MAGDALENA S.A.S.,ALMA-2020-2933,CONSORCIO 4C,GP-13603,27/11/2020,"Entrega Informe Trimestral Ambiental N° 24, correspondiente agosto, septiembre y octubre del 2020.",15_04_Comunic_Recibidas/2020/CI004_GP-13603_070108_CON_2933_INF_TRIM_AMB_N24.pdf
743,1,CONCESIÓN ALTO MAGDALENA S.A.S.,ALMA-2020-0704,CONSORCIO 4C,GP-12129,05/03/2020,Entrega del expediente predial ALMA-3-0136 para aprobación de Estudio de Títulos.,15_04_Comunic_Recibidas/2020/CI004_GP-12129_070401_CON_0704_EXP_PREDIAL.pdf
744,2,CONCESION ALTO MAGDALENA S.A.S.,,CONSORCIO 4C,GP-13412,15/10/2020,Devolución expediente predial ALMA-4-0035– Radicado por la Interventoría Consorcio 4C- bajo el radicado número 20204090959912 – Contrato de Concesión No. 003-2014- Honda- Girardot- Puerto Salgar.,15_04_Comunic_Recibidas/2020/CI004_GP-13412_070404_ANI_030804-1_DEV_EXP_PREDIAL_4-0035.pdf
745,2,CONCESIÓN ALTO MAGDALENA S.A.S.,ALMA-2020-1570,CONSORCIO 4C,GP-12765,10/06/2020,Remisión Informe de Medición de Indicadores – Puente de Honda,15_04_Comunic_Recibidas/2020/CI004_GP-12765_050300_CON_1570_MEDICION_INDICAD_NPH.pdf
746,1,CONCESIÓN ALTO MAGDALENA S.A.S.,ALMA-2020-0101,CONSORCIO 4C,GP-11760,15/01/2020,Diseño Paso ferro glorieta Norcasia,15_04_Comunic_Recibidas/2020/CI004_GP-11760_070107_CON_0101_DISEÑ_PASO_FERREO_GLORIET_NORCASIA.pdf
747,1,CONCESIÓN ALTO MAGDALENA S.A.S.,,CONSORCIO 4C,GP-13031,31/07/2020,Respuesta comunicación CI.004/GP8215/20/7.4.6 (Rad Int. ALMA-R-2020-1413 del 24/07/2020) Entrega expediente predial (Físico) ALMA-5-0249 para aprobación definitiva del Avalúo Comercial Corporativo.,15_04_Comunic_Recibidas/2020/CI004_GP-13031_070406_CON_1973_EXP_AVALUO.pdf
749,2,,,CONSORCIO 4C,GP-12788,16/06/2020,ESTADOS FINANCIEROS MES DE MAYO DE 2020 | PA 63664 ALTO MAGDALENA,15_04_Comunic_Recibidas/2020/CI004_GP-12788_070202_FBTA_SINNUMERO_ESTAD_FINAN_MAYO20.pdf
748,1,CONCESIÓN ALTO MAGDALENA S.A.S.,,CONSORCIO 4C,GP-13134,20/08/2020,"Cumplimiento obligación artículo 2 del Auto CAR DRAM No. 0700 del 12/08/2020, y Resolución CAR No. 2440 del 11/09/2017. Entrega informe disposición de residuos. Expediente 61891.",15_04_Comunic_Recibidas/2020/CI004_GP-13134_070108_CON_2150_INF_DISPOSI_RESIDUOS.pdf
750,1,CONCESIÓN ALTO MAGDALENA S.A.S.,,CONSORCIO 4C,GP-13586,26/11/2020,"Respuesta PQRS-UF3-2020-0436 y Derecho Petición No. 20204091142762 de la ANI del 18/11/2020 – solicitud de estadísticas, informes desde 2015 al 2019.",15_04_Comunic_Recibidas/2020/CI004_GP-13586_070109_CON_2923_SCTUD_ESTAD_INF_2015-2019.pdf
751,1,CONCESIÓN ALTO MAGDALENA S.A.S.,,CONSORCIO 4C,GP-12777,26/05/2020,Respuesta comunicación CI.004/GP7806/20/7.4.6 (Rad. Int. ALMA-R-2020-0787 del 17/04/2020). Entrega del expediente ALMA-2-0136-1 para aprobación del Avalúo Comercial Corporativo.,15_04_Comunic_Recibidas/2020/CI004_GP-12777_070406_CON_1435_EXP_AVALUO.pdf
753,7,CONCESIÓN ALTO MAGDALENA S.A.S.,,CONSORCIO 4C,GP-11912,03/02/2020,Respuesta PQRS UF3 2020 410 del 17 de enero de 2020.,15_04_Comunic_Recibidas/2020/CI004_GP-11912_070109_CON_0288_PQRS_JCUBILLOS.pdf
752,4,TRANS SURENCO S.A.S,,CONSORCIO 4C,GP-13312,21/09/2020,SOLICITUD PERMISO DE TRANSITO,15_04_Comunic_Recibidas/2020/CI004_GP-13312_070114_TRANSSURENCO_SINNUMERO_PERMIS_TRANS.pdf
755,5,CONCESIÓN ALTO MAGDALENA S.A.S.,ALMA-2020-0079,CONSORCIO 4C,GP-11755,14/01/2020,GCSP-F-009 Informe Mensual Recaudo de Peajes diciembre de 2019.,15_04_Comunic_Recibidas/2020/CI004_GP-11755_070202_CON_0079_FOR_GCSP-F009_DIC19.pdf
754,2,Agencia Nacional de Infraestructura,,CONSORCIO 4C,GP-13238,09/09/2020,Cambio y presentación de personal de Interventoría. Fase de Construcción. Radicado ANI No. 2020-409-080708-2 de fecha 27 de agosto de 2020. Contrato de Interventoría 145 del 2014. Contrato de Concesión Vial No. 003 de 2014 Concesión Girardot Honda Puerto Salgar.,15_04_Comunic_Recibidas/2020/CI004_GP-13238_020200_ANI_026278-1_APROBA_HV_ESP_TRANS.pdf
756,1,CONCESIÓN ALTO MAGDALENA S.A.S.,,CONSORCIO 4C,GP-12694-070108,26/05/2020,Cumplimiento artículo segundo auto CAR DRAM N° 0103 del 23 de enero del 2020. Entrega informe medida compensatoria artículo cuarto resolución CAR N° 0369 del 18 de febrero del 2016. Expediente 51700.,15_04_Comunic_Recibidas/2020/CI004_GP-12694_070108_CON_1440_MEDIDA_COMPENSA_EXP_51700.pdf
757,14,,,CONSORCIO 4C,GP-13655,,,15_04_Comunic_Recibidas/2020/CI004_GP-13655_050300-070110_CON_3051_SCTUD_INFO_PAF_ERR_COVID.pdf
760,3,,,CONSORCIO 4C,GP-12201,,,15_04_Comunic_Recibidas/2020/CI004_GP-12201_070115_CON_0801_REDES_NORCASIA.pdf
761,4,,,CONSORCIO 4C,GP-13598,,,15_04_Comunic_Recibidas/2020/CI004_GP-13598_070108_CON_2929_INF_SEM_N03_EXP_ATV-0788.pdf
762,1,,,CONSORCIO 4C,GP-12706,,,15_04_Comunic_Recibidas/2020/CI004_GP-12706_070108_CON_1448_LIC_AMB_RESOL_1684.pdf
763,6,,,CONSORCIO 4C,GP-13462,,,15_04_Comunic_Recibidas/2020/CI004_GP-13462_070401_CON_2687_REITERA_GEST_TERCEROS.pdf
758,4,,,CONSORCIO 4C,GP-12536,,,15_04_Comunic_Recibidas/2020/CI004_GP-12536_070110_CON_1251_PROTOCOLOS_BIOSEG.pdf
759,2,,,CONSORCIO 4C,GP-12335,,,15_04_Comunic_Recibidas/2020/CI004_GP-12335_070108_CON_0981_CUMPLI_RESOL_CAR_1090.pdf
765,4,,,CONSORCIO 4C,GP-13056,,,15_04_Comunic_Recibidas/2020/CI004_GP-13056_070115_CON_2044_VALIDACION_SOPORTES.pdf
764,1,,,CONSORCIO 4C,GP-12549,,,15_04_Comunic_Recibidas/2020/CI004_GP-12549_070108_CON_1240_MEDIDA_COMPENSA_EXP_52033.pdf
767,1,,,CONSORCIO 4C,GP-12311,,,15_04_Comunic_Recibidas/2020/CI004_GP-12311_070404_CON_0945_EXP_EXPRO.pdf
769,1,,,CONSORCIO 4C,GP-12500,,,15_04_Comunic_Recibidas/2020/CI004_GP-12500_070108_CON_1174_DISPOSI_RESIDUOS_EXP_51884.pdf
766,4,,,CONSORCIO 4C,GP-11891,,,15_04_Comunic_Recibidas/2020/CI004_GP-11891_070110_CON_0179_PAG_SEGYSAL_MAY_ABR19.pdf
768,2,,,CONSORCIO 4C,GP-12632,,,15_04_Comunic_Recibidas/2020/CI004_GP-12632_050300_ANI_000022-4_CONTACT_COMANDANT.pdf
770,1,,,CONSORCIO 4C,GP-13370,,,15_04_Comunic_Recibidas/2020/CI004_GP-13370_070108_CON_2538_DISPOSI_RESIDUOS_EXP_60699.pdf
771,1,,,CONSORCIO 4C,GP-13673,,,15_04_Comunic_Recibidas/2020/CI004_GP-13673_050300_CON_3074_OBS_INF_OCT.pdf
772,1,,,CONSORCIO 4C,GP-12439,,,15_04_Comunic_Recibidas/2020/CI004_GP-12439_070108_CON_1117_CUMPLI_AUTO_CAR_068.pdf
773,2,,,CONSORCIO 4C,GP-13347,,,15_04_Comunic_Recibidas/2020/CI004_GP-13347_070402_CON_2482_EXP_SOCIAL.pdf
774,2,,,CONSORCIO 4C,GP-13348,,,15_04_Comunic_Recibidas/2020/CI004_GP-13348_070402_CON_2483_EXP_SOCIAL.pdf
775,2,,,CONSORCIO 4C,GP-13351,,,15_04_Comunic_Recibidas/2020/CI004_GP-13351_070108_CON_2521_POLIZA_BANCARIA_AUTO_09099.pdf
777,1,,,CONSORCIO 4C,GP-11850,,,15_04_Comunic_Recibidas/2020/CI004_GP-11850_070108_CON_0234_SEÑAL_FLUVIAL_RESOL_0021.pdf
776,10,,,CONSORCIO 4C,GP-13697,,,15_04_Comunic_Recibidas/2020/CI004_GP-13697_070108_CON_3094_SEG_PERM_OTORG_EXP_51490.pdf
779,1,,,CONSORCIO 4C,GP-12440,,,15_04_Comunic_Recibidas/2020/CI004_GP-12440_070108_CON_1118_CUMPLI_AUTO_CAR_077.pdf
778,6,,,CONSORCIO 4C,GP-13271,,,15_04_Comunic_Recibidas/2020/CI004_GP-13271_070401_CON_2415_INF_SEM_OLYMPUS.pdf
780,2,,,CONSORCIO 4C,GP-12365,,,15_04_Comunic_Recibidas/2020/CI004_GP-12365_070108_CON_1015_INF_TEC_N1_EXP_51477.pdf
781,2,,,CONSORCIO 4C,GP-12107,,,15_04_Comunic_Recibidas/2020/CI004_GP-12107_070109_ANI_006866-1_GEST_PREDIAL_VACAB.pdf
782,2,,,CONSORCIO 4C,GP-12341,,,15_04_Comunic_Recibidas/2020/CI004_GP-12341_070108_CON_0997_SUSPEN_ACTIV_COVID-19.pdf
783,2,,,CONSORCIO 4C,GP-12083,,,15_04_Comunic_Recibidas/2020/CI004_GP-12083_070110_CON_0577_PAG_SEGYSAL_DIC_NOV.pdf
784,1,,,CONSORCIO 4C,GP-12463,,,15_04_Comunic_Recibidas/2020/CI004_GP-12463_070108_CON_1104_CUMPLI_AUTO_CAR_0166.pdf
785,4,,,CONSORCIO 4C,GP-13071,,,15_04_Comunic_Recibidas/2020/CI004_GP-13071_070402_CON_2065_DEV_PAG_COMPEN_ECONO.pdf
786,1,,,CONSORCIO 4C,GP-11990,,,15_04_Comunic_Recibidas/2020/CI004_GP-11990_070108_CON_0439_DOCUMENTACIÓN_K58+490.pdf
787,1,,,CONSORCIO 4C,GP-12394,,,15_04_Comunic_Recibidas/2020/CI004_GP-12394_070202_CON_1013_FOR_GCSP-F001_MAR20.pdf
788,4,,,CONSORCIO 4C,GP-12428,,,15_04_Comunic_Recibidas/2020/CI004_GP-12428_050300_CON_1130_SITEMAS_ITS_UF_5.3.pdf
789,1,,,CONSORCIO 4C,GP-11979,,,15_04_Comunic_Recibidas/2020/CI004_GP-11979_070404_CON_0276_EXP_EXPRO.pdf
790,2,,,CONSORCIO 4C,GP-12728,,,15_04_Comunic_Recibidas/2020/CI004_GP-12728_050300_CON_1506_CESACIÓN_EER.pdf
791,1,,,CONSORCIO 4C,GP-13270,,,15_04_Comunic_Recibidas/2020/CI004_GP-13270_070108_CON_2422_OBS_INF_TRIM_AMB_N22.pdf
792,1,,,CONSORCIO 4C,GP-13124,,,15_04_Comunic_Recibidas/2020/CI004_GP-13124_070109_CON_2162_DP_JVARGAS.pdf
793,4,,,CONSORCIO 4C,GP-13285,,,15_04_Comunic_Recibidas/2020/CI004_GP-13285_070109_CON_2465_QUERELLA_SER_AMBIENTAL_SA.pdf
794,1,,,CONSORCIO 4C,GP-12265,,,15_04_Comunic_Recibidas/2020/CI004_GP-12265_070108_CON_0898_CAR_DRMC_0847.pdf
795,1,,,CONSORCIO 4C,GP-12501,,,15_04_Comunic_Recibidas/2020/CI004_GP-12501_070108_CON_1175_DISPOSI_RESIDUOS_EXP_52182.pdf
796,1,,,CONSORCIO 4C,GP-12498,,,15_04_Comunic_Recibidas/2020/CI004_GP-12498_070108_CON_1172_DISPOSI_RESIDUOS_EXP_51739.pdf
797,10,,,CONSORCIO 4C,GP-13737,,,15_04_Comunic_Recibidas/2020/CI004_GP-13737_070108_CON_3145_SEG_PERM_OTORG_EXP_51972.pdf
799,1,,,CONSORCIO 4C,GP-13653,,,15_04_Comunic_Recibidas/2020/CI004_GP-13653_070210_CON_3041_ACTAS_RETRIBU_UF5.pdf
798,1,,,CONSORCIO 4C,GP-13534,,,15_04_Comunic_Recibidas/2020/CI004_GP-13534_070210_CON_2807_ACTAS_RETRIBU_UF1_UF4.pdf
800,1,,,CONSORCIO 4C,GP-13264,,,15_04_Comunic_Recibidas/2020/CI004_GP-13264_070202_CON_2423_DIFERENCIA_ACTIVOS_FIJOS.pdf
801,1,,,CONSORCIO 4C,GP-11809,,,15_04_Comunic_Recibidas/2020/CI004_GP-11809_070401_CON_0169_SABANA_PREDIAL.pdf
802,4,,,CONSORCIO 4C,GP-12256,,,15_04_Comunic_Recibidas/2020/CI004_GP-12256_070401_CON_0916_OBS_INF_EJECUTIVO.pdf
803,1,,,CONSORCIO 4C,GP-13393,,,15_04_Comunic_Recibidas/2020/CI004_GP-13393_070108_CON_2585_INF_N60_EER_EXP_52038.pdf
804,1,,,CONSORCIO 4C,GP-12266,,,15_04_Comunic_Recibidas/2020/CI004_GP-12266_070108_CON_0900_MEDIDA_COMPENSA_51967.pdf
805,2,,,CONSORCIO 4C,GP-12117,,,15_04_Comunic_Recibidas/2020/CI004_GP-12117_140711_ANI_007206-1_ENCUEST_SATIS_CLIENT.pdf
806,1,,,CONSORCIO 4C,GP-12699,,,15_04_Comunic_Recibidas/2020/CI004_GP-12699_070108_CON_1447_MEDIDA_COMPENSA_EXP_51841.pdf
807,1,,,CONSORCIO 4C,GP-12630,,,15_04_Comunic_Recibidas/2020/CI004_GP-12630_050300-070202-070401_CON_1350_CERTIFICA_TRASLAD.pdf
808,4,,,CONSORCIO 4C,GP-13119,,,15_04_Comunic_Recibidas/2020/CI004_GP-13119_070110_CON_2138_OBS_PAG_SEGYSAL_ENE_FEB_MAR20.pdf
809,4,,,CONSORCIO 4C,GP-12827,,,15_04_Comunic_Recibidas/2020/CI004_GP-12827_070108_CON_0766_OCUPA_CAUCE_K56+250.pdf
811,1,,,CONSORCIO 4C,GP-12595,,,15_04_Comunic_Recibidas/2020/CI004_GP-12595_070406_CON_1231_EXP_AVALUO.pdf
810,2,,,CONSORCIO 4C,GP-11741,,,15_04_Comunic_Recibidas/2020/CI004_GP-11741_070109_CON_0067_PROBLEM_CANAL_PTO_BGTA.pdf
812,4,,,CONSORCIO 4C,GP-12040,,,15_04_Comunic_Recibidas/2020/CI004_GP-12040_070202_CON_0436_FOR_GCSP-F001_ENE20.pdf
813,2,,,CONSORCIO 4C,GP-12332,,,15_04_Comunic_Recibidas/2020/CI004_GP-12332_070108_CON_0988_SUSPEN_ACTIV_COVID-19.pdf
814,1,,,CONSORCIO 4C,GP-12513,,,15_04_Comunic_Recibidas/2020/CI004_GP-12513_070108_CON_1206_MEDIDA_COMPENSA_EXP_51904.pdf
815,4,,,CONSORCIO 4C,GP-12346,,,15_04_Comunic_Recibidas/2020/CI004_GP-12346_070108_CON_1002_PAZYSALVO_PAG_APROV_FOREST.pdf
816,1,,,CONSORCIO 4C,GP-11982,,,15_04_Comunic_Recibidas/2020/CI004_GP-11982_070110_CON_0434_INF_TRIM_21_SST.pdf
817,1,,,CONSORCIO 4C,GP-13107,,,15_04_Comunic_Recibidas/2020/CI004_GP-13107_070108_CON_2106_CUMPLI_LIC_AMB_RESOL_1684.pdf
818,2,,,CONSORCIO 4C,GP-13629,,,15_04_Comunic_Recibidas/2020/CI004_GP-13629_050300-070104_CON_2986_ENTREG_WEB_SERVICES.pdf
819,1,,,CONSORCIO 4C,GP-12586,,,15_04_Comunic_Recibidas/2020/CI004_GP-12586_070109_CON_1313_INF_GEST_SOCIAL_TRIM_22.pdf
820,1,,,CONSORCIO 4C,GP-12776,,,15_04_Comunic_Recibidas/2020/CI004_GP-12776_070406_CON_1434_EXP_AVALUO.pdf
821,2,,,CONSORCIO 4C,GP-12101,,,15_04_Comunic_Recibidas/2020/CI004_GP-12101_070108_CON_0625_SOPORTE_PAGO_AMB.pdf
822,1,,,CONSORCIO 4C,GP-11821,,,15_04_Comunic_Recibidas/2020/CI004_GP-11821_070108_CON_0147_INF_08_EER_EXP_52038.pdf
823,1,,,CONSORCIO 4C,GP-11847,,,15_04_Comunic_Recibidas/2020/CI004_GP-11847_070108_CON_0229_INF_22_EER_EXP_52038.pdf
824,1,,,CONSORCIO 4C,GP-12304,,,15_04_Comunic_Recibidas/2020/CI004_GP-12304_070108_CON_0921_REQUERIMIENT_K74+650_UF3.pdf
825,1,,,CONSORCIO 4C,GP-12372,,,15_04_Comunic_Recibidas/2020/CI004_GP-12372_070108_CON_1022_CUMPLI_RESOL_CAR_0565.pdf
826,4,,,CONSORCIO 4C,GP-13644,,,15_04_Comunic_Recibidas/2020/CI004_GP-13644_070110_CON_3017_OBS_SEGYSAL_MAY_ABR.pdf
827,1,,,CONSORCIO 4C,GP-12258,,,15_04_Comunic_Recibidas/2020/CI004_GP-12258_070115_CON_0932_ACTUAL_SUBCTA_REDES.pdf
828,2,,,CONSORCIO 4C,GP-12313,,,15_04_Comunic_Recibidas/2020/CI004_GP-12313_070115_CON_0965_REINTEG_MATERIAL.pdf
829,1,,,CONSORCIO 4C,GP-13756,,,15_04_Comunic_Recibidas/2020/CI004_GP-13756_070108_CON_3199_ICA_N06.pdf
830,2,,,CONSORCIO 4C,GP-13086,,,15_04_Comunic_Recibidas/2020/CI004_GP-13086_070109_CON_2081_RECUPE_ESPAC_PUB_JUL.pdf
831,4,,,CONSORCIO 4C,GP-12248,,,15_04_Comunic_Recibidas/2020/CI004_GP-12248_070303_CON_0890_NIVEL_SERVIC_E12.pdf
832,1,,,CONSORCIO 4C,GP-12550,,,15_04_Comunic_Recibidas/2020/CI004_GP-12550_070108_CON_1241_MEDIDA_COMPENSA_EXP_52042.pdf
833,4,,,CONSORCIO 4C,GP-13449,,,15_04_Comunic_Recibidas/2020/CI004_GP-13449_050300-070406_CON_2663_CTROL_CALIDAD_AVALUOS.pdf
834,4,,,CONSORCIO 4C,GP-11970,,,15_04_Comunic_Recibidas/2020/CI004_GP-11970_070108_CON_0401_OTORG_PERMISOS.pdf
835,2,,,CONSORCIO 4C,GP-13547,,,15_04_Comunic_Recibidas/2020/CI004_GP-13547_070108_CON_2829_SOPORT_PAG_OCUPA_AUTO_0535.pdf
836,1,,,CONSORCIO 4C,GP-13177,,,15_04_Comunic_Recibidas/2020/CI004_GP-13177_070402_CON_1499_EXP_SOCIAL.pdf
837,1,,,CONSORCIO 4C,GP-11977,,,15_04_Comunic_Recibidas/2020/CI004_GP-11977_070108_CON_0410_OBS_INF_TRIM_N21_AMB.pdf
838,1,,,CONSORCIO 4C,GP-12497,,,15_04_Comunic_Recibidas/2020/CI004_GP-12497_070108_CON_1171_DISPOSI_RESIDUOS_EXP_51911.pdf
839,2,,,CONSORCIO 4C,GP-12069,,,15_04_Comunic_Recibidas/2020/CI004_GP-12069_070115_CON_0554_RAMPA_PTE_PEATON.pdf
840,2,,,CONSORCIO 4C,GP-12096,,,15_04_Comunic_Recibidas/2020/CI004_GP-12096_070109_CON_0612_OBS_INF_SOCIAL_TRIM_N°20.pdf
841,1,,,CONSORCIO 4C,GP-12573,,,15_04_Comunic_Recibidas/2020/CI004_GP-12573_070108_CON_1282_SUSPEN_VISITAS_RESOL_2602.pdf
842,4,,,CONSORCIO 4C,GP-13440,,,15_04_Comunic_Recibidas/2020/CI004_GP-13440_070401_CON_2645_OBS_DISPONI_PREDIAL.pdf
843,1,,,CONSORCIO 4C,GP-12387,,,15_04_Comunic_Recibidas/2020/CI004_GP-12387_070108_CON_1033_CUMPLI_RESOL_CAR_1091.pdf
844,1,,,CONSORCIO 4C,GP-11972,,,15_04_Comunic_Recibidas/2020/CI004_GP-11972_070108_CON_0405_INF_N25_EER_EXP_52038.pdf
845,1,,,CONSORCIO 4C,GP-12747,,,15_04_Comunic_Recibidas/2020/CI004_GP-12747_070109_CON_1536_ICA_N03.pdf
846,2,,,CONSORCIO 4C,GP-12161,,,15_04_Comunic_Recibidas/2020/CI004_GP-12161_070108_CON_0714_SIEMBRA_COMPENSA.pdf
847,2,,,CONSORCIO 4C,GP-13198,,,15_04_Comunic_Recibidas/2020/CI004_GP-13198_070108_CON_2265_COMPENSA_AMB.pdf
848,1,,,CONSORCIO 4C,GP-12865,,,15_04_Comunic_Recibidas/2020/CI004_GP-12865_070402_CON_1567_EXP_SOCIAL.pdf
849,3,,,CONSORCIO 4C,GP-12179,,,15_04_Comunic_Recibidas/2020/CI004_GP-12179_070108_CON_0770_CAMB_MENOR_LAV0063-00-2015.pdf
850,1,,,CONSORCIO 4C,GP-13249,,,15_04_Comunic_Recibidas/2020/CI004_GP-13249_070202_CON_2387_FOR_GCSP-F001_AGO20.pdf
851,4,,,CONSORCIO 4C,GP-13541,,,15_04_Comunic_Recibidas/2020/CI004_GP-13541_070109_CON_2842_PROTEC_BIENES_USO_PUB.pdf
852,1,,,CONSORCIO 4C,GP-12478,,,15_04_Comunic_Recibidas/2020/CI004_GP-12478_070108_CON_1152_CUMPLI_AUTO_DRAM_077.pdf
853,2,,,CONSORCIO 4C,GP-13331,,,15_04_Comunic_Recibidas/2020/CI004_GP-13331_070303_CON_2505_INCUMPLI_INDICA_E7.pdf
854,1,,,CONSORCIO 4C,GP-12261,,,15_04_Comunic_Recibidas/2020/CI004_GP-12261_070202_CON_0908_FOR_GCSP-F001_ENE20.pdf
855,6,,,CONSORCIO 4C,GP-13166,,,15_04_Comunic_Recibidas/2020/CI004_GP-13166_070109-070304_CON_2206_INTERV_ANDEN.pdf
856,1,,,CONSORCIO 4C,GP-12642,,,15_04_Comunic_Recibidas/2020/CI004_GP-12642_070108_CON_1366_MEDIDA_COMPENSA_EXP_51714.pdf
857,6,CONCESIÓN ALTO MAGDALENA S.A.S.,,CONSORCIO 4C,GP-11930,07/02/2020,Informe de avance del Periodo Especial del Evento Eximente de Responsabilidad por la imposibilidad de la construcción de la Glorieta Oriental del Nuevo Puente de Honda correspondiente a la UF5.,15_04_Comunic_Recibidas/2020/CI004_GP-11930_050300_CON_0371_EER_GLORIET_ORIENT_NPH.pdf
858,1,CONCESIÓN ALTO MAGDALENA S.A.S.,,CONSORCIO 4C,GP-13574,13/11/2020,Respuesta comunicación CI.004/GP8603/20/7.4.1 (Rad. Int. ALMA-R-2020-2056 del 05/11/2020) Entrega del expediente ALMA-2-0157 para aprobación de insumos prediales.,15_04_Comunic_Recibidas/2020/CI004_GP-13574_070401_CON_2824_EXP_PREDIAL.pdf
859,1,CONCESIÓN ALTO MAGDALENA S.A.S.,ALMA-2020-0922,CONSORCIO 4C,GP-12305,02/04/2020,Solicitud del concepto técnico. Resolución 1928 del 02 de septiembre de 2015.,15_04_Comunic_Recibidas/2020/CI004_GP-12305_070108_CON_0922_CONCEPTO_RESOL_1928.pdf
860,1,CONCESIÓN ALTO MAGDALENA S.A.S.,,CONSORCIO 4C,GP-12157,05/03/2020,"Entrega Plan de Acción para la mitigación y control de la mortalidad de árboles establecidos como compensación – predio Bellavista, municipio de Girardot, Cundinamarca - Versión 1",15_04_Comunic_Recibidas/2020/CI004_GP-12157_070108_CON_0703_PLAN_ACCION_BELLAVIS.pdf
861,3,CONCESIÓN ALTO MAGDALENA S.A.S.,,CONSORCIO 4C,GP-11712,06/09/2019,Respuesta comunicación No. CI.004/GP6727/19/7.4.4 - Observaciones Resolución de Expropiación del predio ALMA-3-0111.,15_04_Comunic_Recibidas/2020/CI004_GP-11712_070404_CON_02860_EXP_EXPRO.pdf
862,2,CONCESIÓN ALTO MAGDALENA S.A.S.,,CONSORCIO 4C,GP-12067,21/02/2020,Respuesta comunicado CI.004/GP7409/20/7.1.10 (Rad. Int. ALMA-R-2020-0069 del 14/01/2020) Incumplimiento condiciones SST UF 2 y 3 Semana 251,15_04_Comunic_Recibidas/2020/CI004_GP-12067_070110_CON_0547_INCUMP_CONDI_SST_UF2_3.pdf
863,1,CONCESIÓN ALTO MAGDALENA S.A.S.,CAR 07191100982,CONSORCIO 4C,GP-11959,07/02/2020,Alcance comunicación con radicado CAR 07191100982 (Rad. Interno ALMA-2019-02668). Estado de cumplimiento medida compensatoria. Expediente 51492.,15_04_Comunic_Recibidas/2020/CI004_GP-11959_070108_CON_0348_CUMPLI_COMPENSA_EXP_51492.pdf
864,1,CONCESIÓN ALTO MAGDALENA S.A.S.,,CONSORCIO 4C,GP-12238,30/03/2020,Respuesta comunicado CI.004/GP7706/20/7.3.1 (Rad. Int. ALMA- R-2020-0663). Operación Peaje Cambao - Servidor y A.A.,15_04_Comunic_Recibidas/2020/CI004_GP-12238_070301_CON_0868_OPERA_PEAJE_CAMBAO.pdf
865,1,CONCESIÓN ALTO MAGDALENA S.A.S.,,CONSORCIO 4C,GP-13346,18/09/2020,Respuesta comunicación CI.004/GP8430/20/7.4.2 (Rad. Int. ALMA-R-2020-1776 -14/09/2020). Entrega del expediente predial ALMA-2-0036 para revisión del componente Social.,15_04_Comunic_Recibidas/2020/CI004_GP-13346_070402_CON_2456_EXP_SOCIAL.pdf
866,1,CONCESIÓN ALTO MAGDALENA S.A.S.,ALMA-2020-2218,CONSORCIO 4C,GP-13182,27/08/2020,Entrega del expediente ALMA-3-0098 para aprobación de Insumos Técnicos – Jurídicos Prediales.,15_04_Comunic_Recibidas/2020/CI004_GP-13182_070401_CON_2218_EXP_PREDIAL.pdf
868,10,CONCESION ALTO MAGDALENA S.A.S.,,CONSORCIO 4C,GP-13734,23/12/2020,Respuesta oficio CAR 07202102127 (Rad. Int. ALMA-R-2020-1933 del 13/10/2020). Seguimiento permisos otorgados. Expediente: 51969,15_04_Comunic_Recibidas/2020/CI004_GP-13734_070108_CON_3142_SEG_PERM_OTORG_EXP_51969.pdf
867,1,CONCESIÓN ALTO MAGDALENA S.A.S.,,CONSORCIO 4C,GP-12324,19/03/2020,"Respuesta comunicación CI.004/GP7118/19/7.1.7 (Rad Int. ALMA-R-20192569 del 30/10/2019). Revisión estudio hidrológico, hidráulico y de socavación para el sector de los puentes Burras, Doraditas y Galleras.",15_04_Comunic_Recibidas/2020/CI004_GP-12324_070107_CON_0816_ESTUD_HIDRAU_PTES_UF5.pdf
869,3,Agencia Nacional de Infraestructura,,CONSORCIO 4C,GP-12708,27/05/2020,Traslado subcuenta Obras Menores enero 2020 Solicitud de Información por parte de la Interventoría mediante comunicado CI.004/GP7793/20/7.2.1 Radicado ANI 20204090343342 del 14 de abril de 2020 y Comunicado ALMA-2020-1131 Radicado ANI 20204090374612 del 25 de Abril de 2020.,15_04_Comunic_Recibidas/2020/CI004_GP-12708_070201_ANI_014969-1_TRASLAD_SCTA_OBRAS_MENOR.pdf
870,2,CONCESION ALTO MAGDALENA S.A.S.,,CONSORCIO 4C,GP-11915,06/02/2020,"Alcance al radicado CAR 04191101907 (Rad. Interno ALMA-2019-3758) del 3 de diciembre de 2019. Entrega de documentación soporte del predio objeto de solicitud de permiso de aprovechamiento forestal de árboles aislados. Glorieta costado oriental, Nuevo Puente de Honda, municipio de Guaduas. Expediente 79887.",15_04_Comunic_Recibidas/2020/CI004_GP-11915_070108_CON_0340_APROV_FOREST_GUADUAS.pdf
872,2,CONCESION ALTO MAGDALENA S.A.S.,,CONSORCIO 4C,GP-13571,18/11/2020,Respuesta comunicados CI.004/GP7715/20/7.3.1 (Rad. Int. ALMA-R-2020-0676) y CI.004/GP8488/20/7.3.1 (Rad. Int. ALMA-R-2020-1857) - Observaciones Manual de Operación.,15_04_Comunic_Recibidas/2020/CI004_GP-13571_070301_CON_2866_OBS_MANUAL_OPERACION.pdf
871,1,CONCESIÓN ALTO MAGDALENA S.A.S.,,CONSORCIO 4C,GP-11717,28/10/2019,Respuesta comunicación CI.004/GP6999/19/5.3 (Rad. interno ALMA-R-20192312 del 26/09/2019). Entrega del expediente ALMA-5-0080-2 para aprobación del Avalúo Comercial Corporativo.,15_04_Comunic_Recibidas/2020/CI004_GP-11717_070406_CON_03354_EXP_AVALUO.pdf
873,1,CONCESIÓN ALTO MAGDALENA S.A.S.,ALMA-2020-1165,CONSORCIO 4C,GP-12491,29/04/2020,Cumplimiento obligación artículo 2 Auto CAR DRAM No. 047 del 15 de enero de 2020 y Resolución CAR No. 2881 del 29 de septiembre de 2017. Entrega del informe de disposición de residuos. Expediente 61525.,15_04_Comunic_Recibidas/2020/CI004_GP-12491_070108_CON_1165_DISPOSI_RESIDUOS_EXP_61525.pdf
877,1,,,CONSORCIO 4C,GP-13399,,,15_04_Comunic_Recibidas/2020/CI004_GP-13399_070108_CON_2589_RTA_CAR_07202101877.pdf
875,1,CONCESIÓN ALTO MAGDALENA S.A.S.,,CONSORCIO 4C,GP-12140,05/03/2020,Respuesta radicado ANLA No. 2019125787-2-544 (Rad. Interno ALMA-R-20192103) del 26 de agosto de 2019 - Ajuste de información geográfica de Informe de Cumplimiento Ambiental - ICA No. 2. Expediente: LAV0063-00-2015.,15_04_Comunic_Recibidas/2020/CI004_GP-12140_070108_CON_0702_ICA_N°02_EXP_LAV0063-00-2015.pdf
878,4,,,CONSORCIO 4C,GP-13286,,,15_04_Comunic_Recibidas/2020/CI004_GP-13286_070402_CON_2463_RECONO_MEJORATARIOS.pdf
879,1,,,CONSORCIO 4C,GP-12273,,,15_04_Comunic_Recibidas/2020/CI004_GP-12273_070108_CON_0926_ICA_N04.pdf
874,1,CONCESIÓN ALTO MAGDALENA S.A.S.,ALMA-2020-1081,CONSORCIO 4C,GP-12422,22/04/2020,"Cumplimiento obligación artículo 2 del Auto CAR DRAM No. 085 del 22 de enero de 2020, y Resolución CAR No. 0343 del 17 de febrero de 2016. Entrega informe disposición de residuos. Expediente 51859.",15_04_Comunic_Recibidas/2020/CI004_GP-12422_070108_CON_1081_CUMPLI_AUTO_CAR_085.pdf
876,1,CONCESIÓN ALTO MAGDALENA S.A.S.,,CONSORCIO 4C,GP-13572,13/11/2020,Respuesta comunicación CI.004/GP8602/20/7.4.1 (Rad. Int. ALMA-R-2020-2057 del 05/11/2020) Entrega del expediente ALMA-2-0122-1 para aprobación de insumos prediales.,15_04_Comunic_Recibidas/2020/CI004_GP-13572_070401_CON_2823_EXP_PREDIAL.pdf
880,1,,,CONSORCIO 4C,GP-12242,,,15_04_Comunic_Recibidas/2020/CI004_GP-12242_070108_CON_0885_FOR_REGALIAS_EXP_SFT-08361.pdf
882,10,,,CONSORCIO 4C,GP-13082,,,15_04_Comunic_Recibidas/2020/CI004_GP-13082_070108_CON_2071_CUMPLI_OBLIG_C-096.pdf
881,3,,,CONSORCIO 4C,GP-11895,,,15_04_Comunic_Recibidas/2020/CI004_GP-11895_050300_CON_0196_ENTREG_COMPAREN_CHAINWAY.pdf
883,3,,,CONSORCIO 4C,GP-12054,,,15_04_Comunic_Recibidas/2020/CI004_GP-12054_070109_CON_0505_COSO_MUNICIPAL.pdf
884,1,,,CONSORCIO 4C,GP-12085,,,15_04_Comunic_Recibidas/2020/CI004_GP-12085_070402_CON_0535_EXP_SOCIAL.pdf
885,1,,,CONSORCIO 4C,GP-11868,,,15_04_Comunic_Recibidas/2020/CI004_GP-11868_070401_CON_0286_INFO_PREDIO_1-0001.pdf
886,1,,,CONSORCIO 4C,GP-12352,,,15_04_Comunic_Recibidas/2020/CI004_GP-12352_070108_CON_1006_CUMPLI_AUTO_DRAM_1653.pdf
887,1,,,CONSORCIO 4C,GP-12665,,,15_04_Comunic_Recibidas/2020/CI004_GP-12665_070401_CON_1087_EXP_PREDIAL.pdf
888,1,,,CONSORCIO 4C,GP-12376,,,15_04_Comunic_Recibidas/2020/CI004_GP-12376_070108_CON_1036_CUMPLI_RESOL_CAR_0769.pdf
889,2,,,CONSORCIO 4C,GP-13273,,,15_04_Comunic_Recibidas/2020/CI004_GP-13273_070108_CON_2433_INF_N09_RESOL_2280.pdf
891,1,,,CONSORCIO 4C,GP-13573,,,15_04_Comunic_Recibidas/2020/CI004_GP-13573_070104_ANI_035468-1_PLAN_GEST_RIESG_DESAST.pdf
890,2,,,CONSORCIO 4C,GP-12202,,,15_04_Comunic_Recibidas/2020/CI004_GP-12202_050300_CON_0810_EMERG_SANITARIA.pdf
892,1,,,CONSORCIO 4C,GP-13179,,,15_04_Comunic_Recibidas/2020/CI004_GP-13179_070401_CON_2213_EXP_FINAL.pdf
895,2,,,CONSORCIO 4C,GP-13000,,,15_04_Comunic_Recibidas/2020/CI004_GP-13000_070401_CON_1942_CONCEPT_TEC_UF4.pdf
894,1,,,CONSORCIO 4C,GP-13131,,,15_04_Comunic_Recibidas/2020/CI004_GP-13131_070108_CON_2147_INF_DISPOSI_RESIDUOS.pdf
893,1,,,CONSORCIO 4C,GP-13159,,,15_04_Comunic_Recibidas/2020/CI004_GP-13159_070209_CON_2181_ACTA_VPIP_JUL20.pdf
896,1,,,CONSORCIO 4C,GP-11748,,,15_04_Comunic_Recibidas/2020/CI004_GP-11748_070404_CON_03807_EXP_EXPRO.pdf
898,2,,,CONSORCIO 4C,GP-13591,,,15_04_Comunic_Recibidas/2020/CI004_GP-13591_070201_ANI_036408-1_SOPORT_CUENTA_COBRO_N04.pdf
897,1,,,CONSORCIO 4C,GP-12350,,,15_04_Comunic_Recibidas/2020/CI004_GP-12350_070108_CON_1004_INF_N05_RESOL_0817.pdf
899,1,,,CONSORCIO 4C,GP-12489,,,15_04_Comunic_Recibidas/2020/CI004_GP-12489_070108_CON_1162_DISPOSI_RESIDUOS_EXP_51848.pdf
900,18,,,CONSORCIO 4C,GP-12883,,,15_04_Comunic_Recibidas/2020/CI004_GP-12883_070600_CON_1780_DEVOL_VALORES.pdf
901,1,,,CONSORCIO 4C,GP-13419,,,15_04_Comunic_Recibidas/2020/CI004_GP-13419_070401_CON_2551_EXP_PREDIAL.pdf
902,1,,,CONSORCIO 4C,GP-12524,,,15_04_Comunic_Recibidas/2020/CI004_GP-12524_070108_CON_1217_DISPOSI_RESIDUOS_EXP_51722.pdf
903,1,,,CONSORCIO 4C,GP-12545,,,15_04_Comunic_Recibidas/2020/CI004_GP-12545_070108_CON_1236_MEDIDA_COMPENSA_EXP_52187.pdf
904,2,,,CONSORCIO 4C,GP-13301,,,15_04_Comunic_Recibidas/2020/CI004_GP-13301_070108_CON_2450_SEGUI_CTROL_AMB_EXP_51886.pdf
905,5,,,CONSORCIO 4C,GP-11798,,,15_04_Comunic_Recibidas/2020/CI004_GP-11798_070111_CON_0165_PASO_RESTRING_PR33+0353.pdf
906,1,,,CONSORCIO 4C,GP-12998,,,15_04_Comunic_Recibidas/2020/CI004_GP-12998_070401_CON_0749_EXP_PREDIAL.pdf
907,1,,,CONSORCIO 4C,GP-12293,,,15_04_Comunic_Recibidas/2020/CI004_GP-12293_070108_CON_0942_CUMPLI_RESOL_0200.pdf
908,4,,,CONSORCIO 4C,GP-13585,,,15_04_Comunic_Recibidas/2020/CI004_GP-13585_070110_CON_2914_OBS_PAG_SEGYSAL_ABR_MAR.pdf
909,1,,,CONSORCIO 4C,GP-13469,,,15_04_Comunic_Recibidas/2020/CI004_GP-13469_070202_CON_2695_INFO_ESTADIST_I_II_TRIM.pdf
910,1,,,CONSORCIO 4C,GP-13601,,,15_04_Comunic_Recibidas/2020/CI004_GP-13601_070108_CON_2944_PRORROGA_AUTO_09099.pdf
911,1,,,CONSORCIO 4C,GP-11739,,,15_04_Comunic_Recibidas/2020/CI004_GP-11739_070500_CON_0062_INF_MEN_N62_DIC.pdf
912,1,,,CONSORCIO 4C,GP-12221,,,15_04_Comunic_Recibidas/2020/CI004_GP-12221_070108_CON_0834_CONCEPT_TEC_ANLA_03922.pdf
913,1,,,CONSORCIO 4C,GP-12730,,,15_04_Comunic_Recibidas/2020/CI004_GP-12730_070500_CON_1507_MEMOTEC_ABR20.pdf
914,1,,,CONSORCIO 4C,GP-11949,,,15_04_Comunic_Recibidas/2020/CI004_GP-11949_070108_CON_0337_CUMPLI_AUTO_DRMC_0995.pdf
915,30,,,CONSORCIO 4C,GP-12227,,,15_04_Comunic_Recibidas/2020/CI004_GP-12227_050300_CON_0866_EER_COVID-19.pdf
916,1,,,CONSORCIO 4C,GP-13620,,,15_04_Comunic_Recibidas/2020/CI004_GP-13620_070401_CON_2932_EXP_PREDIAL.pdf
917,4,,,CONSORCIO 4C,GP-12814,,,15_04_Comunic_Recibidas/2020/CI004_GP-12814_090300_CON_1637_PLANOS_RECORD_ILUMINA.pdf
918,2,,,CONSORCIO 4C,GP-13485,,,15_04_Comunic_Recibidas/2020/CI004_GP-13485_070301_CON_2724_CAMBIOS_TIQUET_PEAJES.pdf
920,4,,,CONSORCIO 4C,GP-13458,,,15_04_Comunic_Recibidas/2020/CI004_GP-13458_070202_FBTA_SINNUMERO_CERT_RETRIBU_AGO20.pdf
921,1,,,CONSORCIO 4C,GP-13409,,,15_04_Comunic_Recibidas/2020/CI004_GP-13409_050300_ANI_030683-1_APLICA_LEY_581_2012_RNBD.pdf
919,1,,,CONSORCIO 4C,GP-12166,,,15_04_Comunic_Recibidas/2020/CI004_GP-12166_070406_CON_02915_EXP_AVALUO.pdf
922,1,,,CONSORCIO 4C,GP-13545,,,15_04_Comunic_Recibidas/2020/CI004_GP-13545_070109_CON_2846_CERT_NO_INVAS_ESPACIO_PUB.pdf
924,2,,,CONSORCIO 4C,GP-12071,,,15_04_Comunic_Recibidas/2020/CI004_GP-12071_070401_CON_0417_RESOL_DESPLAZA_FORZADO.pdf
925,1,,,CONSORCIO 4C,GP-13104,,,15_04_Comunic_Recibidas/2020/CI004_GP-13104_070402_CON_2011_EXP_SOCIAL.pdf
923,1,,,CONSORCIO 4C,GP-11962,,,15_04_Comunic_Recibidas/2020/CI004_GP-11962_070108_CON_0351_CUMPLI_COMPENSA_EXP_51512.pdf
926,1,,,CONSORCIO 4C,GP-12548,,,15_04_Comunic_Recibidas/2020/CI004_GP-12548_070108_CON_1239_MEDIDA_COMPENSA_EXP_51728.pdf
927,1,,,CONSORCIO 4C,GP-12029,,,15_04_Comunic_Recibidas/2020/CI004_GP-12029_070401_CON_0459_EXP_PREDIAL.pdf
928,4,,,CONSORCIO 4C,GP-11762,,,15_04_Comunic_Recibidas/2020/CI004_GP-11762_070114_CON_0103_EDS_GUATAQUI.pdf
929,1,,,CONSORCIO 4C,GP-13218,,,15_04_Comunic_Recibidas/2020/CI004_GP-13218_070401_CON_2223_EXP_FINAL.pdf
930,2,,,CONSORCIO 4C,GP-12815,,,15_04_Comunic_Recibidas/2020/CI004_GP-12815_070115_CON_1638_PAGOS_CENIT.pdf
931,1,,,CONSORCIO 4C,GP-11759,,,15_04_Comunic_Recibidas/2020/CI004_GP-11759_070201_CON_0081_OBS_INF_TRIME_AMB_20.pdf
932,1,,,CONSORCIO 4C,GP-12992,,,15_04_Comunic_Recibidas/2020/CI004_GP-12992_070108_CON_1957_MEDID_COMPENSA_EXP_62207.pdf
933,1,,,CONSORCIO 4C,GP-12787,,,15_04_Comunic_Recibidas/2020/CI004_GP-12787_070202_FBTA_008925_ESTADOS_FINANCIEROS.pdf
934,1,,,CONSORCIO 4C,GP-13480,,,15_04_Comunic_Recibidas/2020/CI004_GP-13480_070110_CON_2714_PROTOCOLO_BIOSEG_COVID-19.pdf
935,1,,,CONSORCIO 4C,GP-13127,,,15_04_Comunic_Recibidas/2020/CI004_GP-13127_070108_CON_2143_INF_APROVE_FORESTAL.pdf
936,1,,,CONSORCIO 4C,GP-13437,,,15_04_Comunic_Recibidas/2020/CI004_GP-13437_070401_CON_2522_INF_PREDIAL_SEP20.pdf
937,1,,,CONSORCIO 4C,GP-13560,,,15_04_Comunic_Recibidas/2020/CI004_GP-13560_090200_ANI_034920-1_DEVOL_REGIST_FILMICO.pdf
938,1,,,CONSORCIO 4C,GP-11998,,,15_04_Comunic_Recibidas/2020/CI004_GP-11998_050300_ANI_004478-1_INFO_SUPERV_ANI.pdf
939,1,,,CONSORCIO 4C,GP-11721,,,15_04_Comunic_Recibidas/2020/CI004_GP-11721_070402_CON_03922_EXP_SOCIAL.pdf
940,2,,,CONSORCIO 4C,GP-13661,,,15_04_Comunic_Recibidas/2020/CI004_GP-13661_070108_CON_3057_SOPORT_PAG_AMB_EXP_61765.pdf
941,1,,,CONSORCIO 4C,GP-12414,,,15_04_Comunic_Recibidas/2020/CI004_GP-12414_070108_CON_1075_CUMPLI_RESOL_CAR_1842.pdf
942,2,,,CONSORCIO 4C,GP-13034,,,15_04_Comunic_Recibidas/2020/CI004_GP-13034_070108_CON_2025_SOPORT_PAG_SEG_DCTAL.pdf
943,6,,,CONSORCIO 4C,GP-13187,,,15_04_Comunic_Recibidas/2020/CI004_GP-13187_070301_CON_2242_TABULA_PEAJE_GUATAQUI.pdf
944,1,,,CONSORCIO 4C,GP-13241,,,15_04_Comunic_Recibidas/2020/CI004_GP-13241_050300_CON_2383_PERDIDA_MAX_PROBAB.pdf
945,1,,,CONSORCIO 4C,GP-11944,,,15_04_Comunic_Recibidas/2020/CI004_GP-11944_070108_CON_0332_CUMPLI_AUTO_DRMC_0509.pdf
946,1,,,CONSORCIO 4C,GP-12292,,,15_04_Comunic_Recibidas/2020/CI004_GP-12292_070108_CON_0941_CUMPLI_RESOL_0199.pdf
947,4,,,CONSORCIO 4C,GP-12893,,,15_04_Comunic_Recibidas/2020/CI004_GP-12893_070301-070104_CON_1798_OBS_INSTALA_ELECTRICAS.pdf
949,1,,,CONSORCIO 4C,GP-12504,,,15_04_Comunic_Recibidas/2020/CI004_GP-12504_070108_CON_1178_DISPOSI_RESIDUOS_EXP_52187.pdf
948,2,,,CONSORCIO 4C,GP-12243,,,15_04_Comunic_Recibidas/2020/CI004_GP-12243_070109_ANI_010096-1_DP_PTO_BGTA.pdf
950,1,,,CONSORCIO 4C,GP-11801,,,15_04_Comunic_Recibidas/2020/CI004_GP-11801_070406_CON_03054_EXP_AVALUO.pdf
951,2,,,CONSORCIO 4C,GP-12816,,,15_04_Comunic_Recibidas/2020/CI004_GP-12816_070304_CON_1661_COMPARENDOS_COD_POLICIA.pdf
952,2,,,CONSORCIO 4C,GP-12364,,,15_04_Comunic_Recibidas/2020/CI004_GP-12364_070301_CON_1050_INF_AUDIT_PEAJES_ENE20.pdf
953,34,,,CONSORCIO 4C,GP-11815,,,15_04_Comunic_Recibidas/2020/CI004_GP-11815_070108_CON_0124_SCTUD_APROVE_FOREST.pdf
954,1,,,CONSORCIO 4C,GP-12652,,,15_04_Comunic_Recibidas/2020/CI004_GP-12652_070108_CON_1375_DISPOSI_RESIDUOS_EXP_51721.pdf
955,1,,,CONSORCIO 4C,GP-12252,,,15_04_Comunic_Recibidas/2020/CI004_GP-12252_070406_CON_0911_AVALUOS_IGAC.pdf
956,6,,,CONSORCIO 4C,GP-12879,,,15_04_Comunic_Recibidas/2020/CI004_GP-12879_070101-090300_CON_1775_ALERTA_ATRASO_UF5.pdf
957,1,,,CONSORCIO 4C,GP-12677,,,15_04_Comunic_Recibidas/2020/CI004_GP-12677_070600_CON_1408_COMUNICA_SPT.pdf
958,2,,,CONSORCIO 4C,GP-13600,,,15_04_Comunic_Recibidas/2020/CI004_GP-13600_070202_FBTA_SINNUMERO_ESTAD_FINAN_OCT20.pdf
959,1,,,CONSORCIO 4C,GP-12407,,,15_04_Comunic_Recibidas/2020/CI004_GP-12407_070108_CON_1068_CUMPLI_RESOL_CAR_0558.pdf
960,1,,,CONSORCIO 4C,GP-13247,,,15_04_Comunic_Recibidas/2020/CI004_GP-13247_070500_CON_2394_INF_MEN_N70_AGO20.pdf
962,7,,,CONSORCIO 4C,GP-13327,,,15_04_Comunic_Recibidas/2020/CI004_GP-13327_070114_TRANSSURENCO_SINNUMERO_PERMIS_TRANS.pdf
961,2,,,CONSORCIO 4C,GP-12745,,,15_04_Comunic_Recibidas/2020/CI004_GP-12745_070109_CON_1535_DESCOLE_BOX_COULVERT.pdf
963,1,,,CONSORCIO 4C,GP-13002,,,15_04_Comunic_Recibidas/2020/CI004_GP-13002_070209_CON_1969_ACTA_VPIP_JUN20.pdf
964,1,,,CONSORCIO 4C,GP-12453,,,15_04_Comunic_Recibidas/2020/CI004_GP-12453_070108_CON_1094_CUMPLI_AUTO_CAR_075.pdf
965,26,,,CONSORCIO 4C,GP-13338,,,15_04_Comunic_Recibidas/2020/CI004_GP-13338_070114_TRANSSURENCO_SINNUMERO_PERMIS_TRANS.pdf
966,2,,,CONSORCIO 4C,GP-12287,,,15_04_Comunic_Recibidas/2020/CI004_GP-12287_070401_CON_0947_INF_SEM_OLYMPUS.pdf
967,1,,,CONSORCIO 4C,GP-13058,,,15_04_Comunic_Recibidas/2020/CI004_GP-13058_070500_CON_2047_INF_MEN_N69_JUL20.pdf
968,4,,,CONSORCIO 4C,GP-13397,,,15_04_Comunic_Recibidas/2020/CI004_GP-13397_070110_CON_2595_OBS_PAG_SEGYSAL_JUN_MAY.pdf
969,1,,,CONSORCIO 4C,GP-11819,,,15_04_Comunic_Recibidas/2020/CI004_GP-11819_070108_CON_0145_INF_06_EER_EXP_52038.pdf
970,2,,,CONSORCIO 4C,GP-12342,,,15_04_Comunic_Recibidas/2020/CI004_GP-12342_070108_CON_0998_SUSPEN_ACTIV_COVID-19.pdf
971,1,,,CONSORCIO 4C,GP-12485,,,15_04_Comunic_Recibidas/2020/CI004_GP-12485_070108_CON_1159_CUMPLI_RESOL_CAR_604.pdf
972,2,,,CONSORCIO 4C,GP-12897,,,15_04_Comunic_Recibidas/2020/CI004_GP-12897_070108_CON_1785_CUMPLI_RESOL_05043.pdf
973,6,,,CONSORCIO 4C,GP-12890,,,15_04_Comunic_Recibidas/2020/CI004_GP-12890_070111_CON_1795_FALTAS_IMPLEM_PMT.pdf
974,1,,,CONSORCIO 4C,GP-11740,,,15_04_Comunic_Recibidas/2020/CI004_GP-11740_070115_CON_0063_DISEÑO_REDES_HUMEDAS_UF5.1.pdf
975,1,,,CONSORCIO 4C,GP-13328,,,15_04_Comunic_Recibidas/2020/CI004_GP-13328_070209_CON_2489_ACTA_VPIP_AGO20.pdf
977,8,CONCESIÓN ALTO MAGDALENA S.A.S.,,CONSORCIO 4C,GP-12680,21/05/2020,Respuesta ALMA-R-20200766 8 de abril de 2020 - Resultados Nivel de Servicio E12 Primer Semestre de 2018.,15_04_Comunic_Recibidas/2020/CI004_GP-12680_050300-070303_CON_1418_NIVEL_SERV_E12.pdf
976,2,,,CONSORCIO 4C,GP-12973,27/07/2020,Devolución expediente predial ALMA-3-0056 - Radicado por la Interventoría Consorcio 4C- bajo el radicado número 20204090610752 - Contrato de Concesión No. 003-2014- Honda- Girardot- Puerto Salgar.,15_04_Comunic_Recibidas/2020/CI004_GP-12973_070404_ANI_021052-1_DEV_EXP_PREDIAL.pdf
979,4,CONCESION ALTO MAGDALENA S.A.S.,CI004ke66401201741,CONSORCIO 4C,GP-13501,05/11/2020,Informe semanal seguimiento y actualización plataforma 'Olympus',15_04_Comunic_Recibidas/2020/CI004_GP-13501_070401_CON_2752_INF_SEM_OLYMPUS.pdf
978,6,CONCESIÓN ALTO MAGDALENA S.A.S.,,CONSORCIO 4C,GP-13075,13/08/2020,Respuesta Comunicado CI.004/GP8115/20/7.1.7 (Rad. Int. ALMA-R-2020-1256) – Ajuste Diseño de Andenes Glorieta Salida Norcasia,15_04_Comunic_Recibidas/2020/CI004_GP-13075_070107_CON_2067_DISEÑ_ANDEN_GLORIET_NORCAS.pdf
980,2,CONCESIÓN ALTO MAGDALENA S.A.S.,,CONSORCIO 4C,GP-12429,25/04/2020,Respuesta comunicación CI.004/GP7793/20/7.2.1 Reversión Traslado Obras Menores Enero de 2020,15_04_Comunic_Recibidas/2020/CI004_GP-12429_070201_CON_1131_OBRAS_MENORES_ENE.pdf
981,1,CONCESION ALTO MAGDALENA S.A.S.,,CONSORCIO 4C,GP-12995,28/07/2020,Cumplimiento artículo cuarto resolución CAR N° 2433 del 11 de septiembre del 2017. Entrega informe medida compensatoria. Expediente 62208.,15_04_Comunic_Recibidas/2020/CI004_GP-12995_070108_CON_1960_CUMPLI_RESOL_CAR_2433.pdf
982,1,CONCESIÓN ALTO MAGDALENA S.A.S.,ALMA-2020-1981,CONSORCIO 4C,GP-13010,31/07/2020,Informe 50 Evento Eximente de Responsabilidad (EER) del expediente 52038.,15_04_Comunic_Recibidas/2020/CI004_GP-13010_070108_CON_1981_INF_50_EER_EXP_52038.pdf
983,2,CONCESION ALTO MAGDALENA S.A.S.,,CONSORCIO 4C,GP-12906,09/07/2020,Entrega soporte Pagos de Seguridad Social para el mes de febrero de 2020 y Pago de Salarios del mes de enero de 2020.,15_04_Comunic_Recibidas/2020/CI004_GP-12906_070110_CON_1805_PAG_SEGYSAL_FEB_ENE.pdf
985,1,CONCESION ALTO MAGDALENA S.A.S.,,CONSORCIO 4C,GP-12956,16/07/2020,Siembra compensaciones. Expediente 60604.,15_04_Comunic_Recibidas/2020/CI004_GP-12956_070108_CON_1882_SIEMBRA_COMPENSA_60604.pdf
984,10,CONCESION ALTO MAGDALENA S.A.S.,,CONSORCIO 4C,GP-13719,21/12/2020,Respuesta oficio CAR 07202102127 (Rad. Int. ALMA-R-2020-1933 del 13/10/20 Seguimiento permisos otorgados. Expediente: 51534,15_04_Comunic_Recibidas/2020/CI004_GP-13719_070108_CON_3116_SEG_PERM_OTORG_EXP_51534.pdf
986,1,CONCESIÓN ALTO MAGDALENA S.A.S.,ALMA-2020-1170,CONSORCIO 4C,GP-12496,29/04/2020,"Cumplimiento obligación artículo 2 del Auto CAR DRAM No. 056 del 20 de enero de 2020, y Resolución CAR No. 0322 del 16 de febrero de 2016. Entrega informe disposición residuos. Expediente 52175.",15_04_Comunic_Recibidas/2020/CI004_GP-12496_070108_CON_1170_DISPOSI_RESIDUOS_EXP_52175.pdf
987,1,CONCESIÓN ALTO MAGDALENA S.A.S.,,CONSORCIO 4C,GP-12234,27/03/2020,Respuesta comunicación CI.004/GP7608/20/7.1.8 (Rad. Int. ALMA-R-2020-0511 - 3/03/2020). Observaciones Informe Trimestral Socio Ambiental N°20 versión 01.,15_04_Comunic_Recibidas/2020/CI004_GP-12234_070108_CON_0858_OBS_INF_TRIME_AMB_20.pdf
988,4,,,CONSORCIO 4C,GP-13613,01/12/2020,Respuesta solicitud Radicado 20204091167692 del 20 de noviembre de 2020 - Contrato de Concesión APP No. 003 de 2014 – Proyecto Vial Honda – Puerto Salgar – Girardot.,15_04_Comunic_Recibidas/2020/CI004_GP-13613_070402_ANI_036965-1_DP_MOLINA_PUENTES.pdf
989,6,CONCESIÓN ALTO MAGDALENA S.A.S.,ALMA-2020-0431,CONSORCIO 4C,GP-12149,12/02/2020,Remisión Acta de VPIP de Enero de 2020,15_04_Comunic_Recibidas/2020/CI004_GP-12149_070209_CON_0431_ACTA_VPIP_ENE20.pdf
990,1,CONCESIÓN ALTO MAGDALENA S.A.S.,ALMA-2020-1064,CONSORCIO 4C,GP-12403,22/04/2020,Cumplimiento artículo 4 Resolución CAR. No. 542 de 9 de marzo del 2016. Entrega Informe establecimiento medida compensatoria. Expediente 52009.,15_04_Comunic_Recibidas/2020/CI004_GP-12403_070108_CON_1064_CUMPLI_RESOL_CAR_542.pdf
991,2,CONCESION ALTO MAGDALENA S.A.S,,CONSORCIO 4C,GP-13404,13/10/2020,Respuesta comunicación CI.004/GP8231/20/7.5 (Rad. Int. ALMA-R-2020-1428 del 27/08/2020) Revisión Memoria Técnica febrero 2020,15_04_Comunic_Recibidas/2020/CI004_GP-13404_070500_CON_2603_OBS_MEMOTEC_FEB20.pdf
994,1,CONCESIÓN ALTO MAGDALENA S.A.S.,ALMA-2020-2375,CONSORCIO 4C,GP-13243,10/09/2020,Entrega de Expediente Predial Final ALMA-2-0110.,15_04_Comunic_Recibidas/2020/CI004_GP-13243_070401_CON_2375_EXP_FINAL.pdf
993,2,CONCESIÓN ALTO MAGDALENA S.A.S.,,CONSORCIO 4C,GP-13294,18/09/2020,"Entrega soporte pago concepto servicio de seguimiento y control ambiental 2019, en cumplimiento obligación establecida en el Auto DRAM No. 0697 del 12 de agosto de 2020. Expediente 62207",15_04_Comunic_Recibidas/2020/CI004_GP-13294_070108_CON_2443_SEGUI_CTROL_AMB_EXP_62207.pdf
992,1,CONCESIÓN ALTO MAGDALENA S.A.S.,,CONSORCIO 4C,GP-13349,24/09/2020,Respuesta comunicación CI.004/GP8451/20/7.4.2 (Rad. Interno ALMA-R-2020-1802 - 18/09/2020). Entrega del expediente predial ALMA-2-0136-1 para revisión del componente Social.,15_04_Comunic_Recibidas/2020/CI004_GP-13349_070402_CON_2497_EXP_SOCIAL.pdf
995,1,CONCESIÓN ALTO MAGDALENA S.A.S.,,CONSORCIO 4C,GP-11730,09/01/2020,Remisión Informe del sistema de Puntos de Conteo Vehicular en Purnio y Koran.,15_04_Comunic_Recibidas/2020/CI004_GP-11730_070301_CON_0053_PUNTOS_CONTEO_VEHICUL.pdf
997,1,,,CONSORCIO 4C,GP-12794,,,15_04_Comunic_Recibidas/2020/CI004_GP-12794_050300_CON_1589_ACTA_ACUERDO_AMIGAB.pdf
998,2,,,CONSORCIO 4C,GP-12605,,,15_04_Comunic_Recibidas/2020/CI004_GP-12605_070108-070109_CON_1320_GEST_RIESG_DESASTRES.pdf
1000,2,,,CONSORCIO 4C,GP-13678,,,15_04_Comunic_Recibidas/2020/CI004_GP-13678_070401_CON_3075_JUSTIFI_SELLOS_OLYMPUS.pdf
1001,1,,,CONSORCIO 4C,GP-12267,,,15_04_Comunic_Recibidas/2020/CI004_GP-12267_070108_CON_0906_MEDIDA_COMPENSA_51968.pdf
999,1,,,CONSORCIO 4C,GP-13602,,,15_04_Comunic_Recibidas/2020/CI004_GP-13602_070108_CON_2945_OBS_CIERRE_AMB_UF5.pdf
996,14,,,CONSORCIO 4C,GP-13190,,,15_04_Comunic_Recibidas/2020/CI004_GP-13190_050300_CON_2250_ALC_ALMA-0977_EER.pdf
1003,1,,,CONSORCIO 4C,GP-12388,,,15_04_Comunic_Recibidas/2020/CI004_GP-12388_070108_CON_1034_CUMPLI_RESOL_CAR_1127.pdf
1005,4,,,CONSORCIO 4C,GP-12127,,,15_04_Comunic_Recibidas/2020/CI004_GP-12127_070108-070201_CON_0689_PAG_SUBCTA_AMB.pdf
1004,2,,,CONSORCIO 4C,GP-11845,,,15_04_Comunic_Recibidas/2020/CI004_GP-11845_070108_CON_0226_ESTAD_TRAMITE_DEC_2106.pdf
1006,3,,,CONSORCIO 4C,GP-12058,,,15_04_Comunic_Recibidas/2020/CI004_GP-12058_070109_CON_0509_COSO_MUNICIPAL.pdf
1008,2,,,CONSORCIO 4C,GP-13296,,,15_04_Comunic_Recibidas/2020/CI004_GP-13296_070108_CON_2445_SEGUI_CTROL_AMB_EXP_60749.pdf
1007,4,,,CONSORCIO 4C,GP-13683,,,15_04_Comunic_Recibidas/2020/CI004_GP-13683_050300-050400_ANI_039598-1_MODIFI_CONTRAT_FIDUCIA.pdf
1002,4,,,CONSORCIO 4C,GP-12870,,,15_04_Comunic_Recibidas/2020/CI004_GP-12870_050300_ANI_018294-1_CONCEP_PROPUEST.pdf
1009,1,,,CONSORCIO 4C,GP-12774,,,15_04_Comunic_Recibidas/2020/CI004_GP-12774_070108_CON_1569_OBS_INF_TRIM_AMB_N21.pdf
1011,1,,,CONSORCIO 4C,GP-12596,,,15_04_Comunic_Recibidas/2020/CI004_GP-12596_070402_CON_1276_EXP_SOCIAL.pdf
1010,2,,,CONSORCIO 4C,GP-13112,,,15_04_Comunic_Recibidas/2020/CI004_GP-13112_070108_CON_2111_SOPORT_PAG_TASA_COMPENS.pdf
1012,10,,,CONSORCIO 4C,GP-12875,,,15_04_Comunic_Recibidas/2020/CI004_GP-12875_050300_CON_1753_RECLAMA_O&M_NPH.pdf
1013,2,,,CONSORCIO 4C,GP-12237,,,15_04_Comunic_Recibidas/2020/CI004_GP-12237_070111_CON_0869_FUNCIONA_CRUCE_UF5.pdf
1014,1,,,CONSORCIO 4C,GP-11960,,,15_04_Comunic_Recibidas/2020/CI004_GP-11960_070108_CON_0349_CUMPLI_COMPENSA_EXP_56598.pdf
1015,1,,,CONSORCIO 4C,GP-11924,,,15_04_Comunic_Recibidas/2020/CI004_GP-11924_070406_CON_0192_EXP_AVALUO.pdf
1016,2,,,CONSORCIO 4C,GP-12259,,,15_04_Comunic_Recibidas/2020/CI004_GP-12259_070103-070111_CON_0829_APROB_TBJO_GLORIET.pdf
1017,1,,,CONSORCIO 4C,GP-12993,,,15_04_Comunic_Recibidas/2020/CI004_GP-12993_070108_CON_1958_CUMPLI_RESOL_CAR_2431.pdf
1018,1,,,CONSORCIO 4C,GP-12136,,,15_04_Comunic_Recibidas/2020/CI004_GP-12136_070108_CON_0548_PLAN_COMPENS_AUTOS_818_819.pdf
1019,10,,,CONSORCIO 4C,GP-13690,,,15_04_Comunic_Recibidas/2020/CI004_GP-13690_070108_CON_3087_SEG_PERM_OTORG_EXP_51479.pdf
1020,1,,,CONSORCIO 4C,GP-13141,,,15_04_Comunic_Recibidas/2020/CI004_GP-13141_070108_CON_2158_INF_DISPOSI_RESIDUOS.pdf
1021,2,,,CONSORCIO 4C,GP-13679,,,15_04_Comunic_Recibidas/2020/CI004_GP-13679_050300-070201_CON_3080_FONDEO_PLAZ_FASE_CONSTRU.pdf
1022,2,,,CONSORCIO 4C,GP-12449,,,15_04_Comunic_Recibidas/2020/CI004_GP-12449_070108_CON_1127_SIEMBRA_COMPENSA_52031.pdf
1023,1,,,CONSORCIO 4C,GP-13248,,,15_04_Comunic_Recibidas/2020/CI004_GP-13248_070202_CON_2386_INF_ING_EGRE_AGO20.pdf
1024,4,,,CONSORCIO 4C,GP-12247,,,15_04_Comunic_Recibidas/2020/CI004_GP-12247_070304_CON_0889_MANEJO_ACCIDENTA_PR23.pdf
1025,2,,,CONSORCIO 4C,GP-12104,,,15_04_Comunic_Recibidas/2020/CI004_GP-12104_070109_CON_0609_RECUPERA_ESPACIO_PUB.pdf
1026,1,,,CONSORCIO 4C,GP-13115,,,15_04_Comunic_Recibidas/2020/CI004_GP-13115_070108_CON_2113_INF_N07_RESOL_2284.pdf
1027,1,,,CONSORCIO 4C,GP-13658,,,15_04_Comunic_Recibidas/2020/CI004_GP-13658_070108_CON_3054_INF_GEOGRAF_ICA_N14.pdf
1028,1,,,CONSORCIO 4C,GP-13580,,,15_04_Comunic_Recibidas/2020/CI004_GP-13580_070104_TRANSSURENCO_SINNUMERO_SCTUD_PERMISO.pdf
1029,1,,,CONSORCIO 4C,GP-13422,,,15_04_Comunic_Recibidas/2020/CI004_GP-13422_050200_ANI_029636-1_OTROSI_N10.pdf
1030,2,,,CONSORCIO 4C,GP-13171,,,15_04_Comunic_Recibidas/2020/CI004_GP-13171_070401_ANI_024547-1_SCTUD_PREDIOS_PTO_SALGAR.pdf
1031,2,,,CONSORCIO 4C,GP-13298,,,15_04_Comunic_Recibidas/2020/CI004_GP-13298_070108_CON_2447_SEGUI_CTROL_AMB_EXP_60703.pdf
1032,1,,,CONSORCIO 4C,GP-13105,,,15_04_Comunic_Recibidas/2020/CI004_GP-13105_070402_CON_2012_EXP_SOCIAL.pdf
1033,1,,,CONSORCIO 4C,GP-11965,,,15_04_Comunic_Recibidas/2020/CI004_GP-11965_070108_CON_0354_CUMPLI_COMPENSA_EXP_51499.pdf
1034,1,,,CONSORCIO 4C,GP-13361,,,15_04_Comunic_Recibidas/2020/CI004_GP-13361_070202-070109_CON_2534_FOR_GCSP-F203_SEP20.pdf
1035,1,,,CONSORCIO 4C,GP-12199,,,15_04_Comunic_Recibidas/2020/CI004_GP-12199_070402_CON_0640_EXP_SOCIAL.pdf
1036,2,,,CONSORCIO 4C,GP-13553,,,15_04_Comunic_Recibidas/2020/CI004_GP-13553_070108_CON_2835_SOPORT_PAG_OCUPA_AUTO_0548.pdf
1037,10,,,CONSORCIO 4C,GP-13694,,,15_04_Comunic_Recibidas/2020/CI004_GP-13694_070108_CON_3091_SEG_PERM_OTORG_EXP_51486.pdf
1038,1,,,CONSORCIO 4C,GP-13152,,,15_04_Comunic_Recibidas/2020/CI004_GP-13152_070402_CON_1672_EXP_SOCIAL.pdf
1039,6,,,CONSORCIO 4C,GP-13398,,,15_04_Comunic_Recibidas/2020/CI004_GP-13398_070108_CON_2591_CUMP_OBLIG_AMB_AUTO_3386.pdf
1040,1,,,CONSORCIO 4C,GP-13113,,,15_04_Comunic_Recibidas/2020/CI004_GP-13113_070108_CON_2114_INF_53_EER_EXP_52038.pdf
1041,1,,,CONSORCIO 4C,GP-12132,,,15_04_Comunic_Recibidas/2020/CI004_GP-12132_070406_CON_0695_EXP_AVALUO.pdf
1042,8,,,CONSORCIO 4C,GP-13466,,,15_04_Comunic_Recibidas/2020/CI004_GP-13466_050300_CON_2692_CRUCE_FERREO.pdf
1043,2,,,CONSORCIO 4C,GP-12051,,,15_04_Comunic_Recibidas/2020/CI004_GP-12051_070109_CON_0485_CTROL_VEHICUL_PR33_PR34.pdf
1044,2,,,CONSORCIO 4C,GP-12983,,,15_04_Comunic_Recibidas/2020/CI004_GP-12983_090300_CON_1947_ENTREGA_INTERV_UF5.pdf
1045,10,,,CONSORCIO 4C,GP-13726,,,15_04_Comunic_Recibidas/2020/CI004_GP-13726_070108_CON_3123_SEG_PERM_OTORG_EXP_51958.pdf
1046,2,,,CONSORCIO 4C,GP-13522,,,15_04_Comunic_Recibidas/2020/CI004_GP-13522_090300_CON_2803_CIERRE_PDTES_UF5.pdf
1047,2,,,CONSORCIO 4C,GP-11787,,,15_04_Comunic_Recibidas/2020/CI004_GP-11787_070301_CON_0123_DEFI_SISTEMA_PEAJES.pdf
1048,3,,,CONSORCIO 4C,GP-13418,,,15_04_Comunic_Recibidas/2020/CI004_GP-13418_070114_TRANSSURENCO_SINNUMERO_PERMIS_TRANS.pdf
1049,6,,,CONSORCIO 4C,GP-13450,,,15_04_Comunic_Recibidas/2020/CI004_GP-13450_070115_CON_2664_GEST_OPERADORES_REDES.pdf
1050,1,,,CONSORCIO 4C,GP-12121,,,15_04_Comunic_Recibidas/2020/CI004_GP-12121_070107_CON_0653_DISEÑ_HUDRA_NORCASIA.pdf
1051,2,,,CONSORCIO 4C,GP-13685,,,15_04_Comunic_Recibidas/2020/CI004_GP-13685_050300_CON_3138_REITERA_LIQUIDA_CONVENIO.pdf
1052,2,,,CONSORCIO 4C,GP-12782,,,15_04_Comunic_Recibidas/2020/CI004_GP-12782_070109_CON_1579_OBS_SICC_SOCIAL.pdf
1053,6,,,CONSORCIO 4C,GP-12578,,,15_04_Comunic_Recibidas/2020/CI004_GP-12578_070110_CON_1272_PAG_SEGYSAL_SEP_AGO.pdf
1054,10,,,CONSORCIO 4C,GP-13695,,,15_04_Comunic_Recibidas/2020/CI004_GP-13695_070108_CON_3092_SEG_PERM_OTORG_EXP_51488.pdf
1055,4,,,CONSORCIO 4C,GP-12712,,,15_04_Comunic_Recibidas/2020/CI004_GP-12712_070114_CON_1458_TRAMI_CONFORMID_RESOL_0716.pdf
1056,2,,,CONSORCIO 4C,GP-12363,,,15_04_Comunic_Recibidas/2020/CI004_GP-12363_070109_CON_1049_REACTIV_OBRAS_PROYEC.pdf
1057,2,,,CONSORCIO 4C,GP-13762,,,15_04_Comunic_Recibidas/2020/CI004_GP-13762_070104_CON_3205_DISPOSI_RESIDUOS_SOLIDOS.pdf
1058,2,,,CONSORCIO 4C,GP-13229,,,15_04_Comunic_Recibidas/2020/CI004_GP-13229_070109_CON_2338_ESPACIO_PUB_DEC_2770.pdf
1059,8,,,CONSORCIO 4C,GP-13615,,,15_04_Comunic_Recibidas/2020/CI004_GP-13615_050300-070104_CON_2963_CORRECION_SICC.pdf
1060,3,,,CONSORCIO 4C,GP-11976,,,15_04_Comunic_Recibidas/2020/CI004_GP-11976_070108_CON_0409_CUMPLI_AUTO_DRBM_1244.pdf
1061,8,,,CONSORCIO 4C,GP-12972,,,15_04_Comunic_Recibidas/2020/CI004_GP-12972_050300-070401_CON_1926_PLAZO_CURA_OLYMPUS.pdf
1062,2,,,CONSORCIO 4C,GP-12907,,,15_04_Comunic_Recibidas/2020/CI004_GP-12907_070110_CON_1806_PAG_SEGYSAL_MAR_FEB.pdf
1063,1,,,CONSORCIO 4C,GP-12518,,,15_04_Comunic_Recibidas/2020/CI004_GP-12518_070108_CON_1210_MEDIDA_COMPENSA_EXP_52147.pdf
1064,1,,,CONSORCIO 4C,GP-12393,,,15_04_Comunic_Recibidas/2020/CI004_GP-12393_070202_CON_1012_INF_ING_EGRE_MAR20.pdf
1065,1,,,CONSORCIO 4C,GP-12590,,,15_04_Comunic_Recibidas/2020/CI004_GP-12590_070402_CON_0642_EXP_SOCIAL.pdf
1066,1,,,CONSORCIO 4C,GP-13566,,,15_04_Comunic_Recibidas/2020/CI004_GP-13566_070108_CON_2863_DISPOSI_RESIDUOS_EXP_51736.pdf
1067,2,,,CONSORCIO 4C,GP-12356,,,15_04_Comunic_Recibidas/2020/CI004_GP-12356_070108_CON_1010_CUMPLI_AUTO_DRAM_1662.pdf
1068,4,,,CONSORCIO 4C,GP-13120,,,15_04_Comunic_Recibidas/2020/CI004_GP-13120_070303_CON_2140_INFO_SICC.pdf
1069,2,,,CONSORCIO 4C,GP-13225,,,15_04_Comunic_Recibidas/2020/CI004_GP-13225_070109_CON_2334_ESPACIO_PUB_DEC_2770.pdf
1070,1,,,CONSORCIO 4C,GP-12336,,,15_04_Comunic_Recibidas/2020/CI004_GP-12336_070108_CON_0982_INF_N06_RESOL_2284.pdf
1071,2,,,CONSORCIO 4C,GP-13659,,,15_04_Comunic_Recibidas/2020/CI004_GP-13659_070108_CON_3055_SOPORT_PAG_AMB_EXP_51989.pdf
1072,4,,,CONSORCIO 4C,GP-11813,,,15_04_Comunic_Recibidas/2020/CI004_GP-11813_070109_CON_0140_PLAN_MANEJO_PEAJE.pdf
1073,1,,,CONSORCIO 4C,GP-12929,,,15_04_Comunic_Recibidas/2020/CI004_GP-12929_070109_MSANCHEZ_SINNUMERO_DP_PARADOR.pdf
1074,1,,,CONSORCIO 4C,GP-12553,,,15_04_Comunic_Recibidas/2020/CI004_GP-12553_070108_CON_1258_MEDIDA_COMPENSA_EXP_52041.pdf
1076,2,,,CONSORCIO 4C,GP-13240,,,15_04_Comunic_Recibidas/2020/CI004_GP-13240_050300_CON_2350_ILUMINA_PEAJE_GUATAQUI.pdf
1075,1,,,CONSORCIO 4C,GP-13093,,,15_04_Comunic_Recibidas/2020/CI004_GP-13093_070108_CON_2089_PRORROG_AUTO_SCV-09031.pdf
1077,1,,,CONSORCIO 4C,GP-12911,,,15_04_Comunic_Recibidas/2020/CI004_GP-12911_070108_CON_1811_CAR_03202103543_EXP_51906.pdf
1078,2,,,CONSORCIO 4C,GP-12510,,,15_04_Comunic_Recibidas/2020/CI004_GP-12510_050300_CON_1202_APROB_FICHAS_TEC_SICC.pdf
1079,10,,,CONSORCIO 4C,GP-13717,,,15_04_Comunic_Recibidas/2020/CI004_GP-13717_070108_CON_3114_SEG_PERM_OTORG_EXP_51531.pdf
1080,2,,,CONSORCIO 4C,GP-13291,,,15_04_Comunic_Recibidas/2020/CI004_GP-13291_070108_CON_2440_SEGUI_CTROL_AMB_EXP_61895.pdf
1081,2,,,CONSORCIO 4C,GP-12608,,,15_04_Comunic_Recibidas/2020/CI004_GP-12608_070108-070109_CON_1323_GEST_RIESG_DESASTRES.pdf
1082,7,,,CONSORCIO 4C,GP-11920,,,15_04_Comunic_Recibidas/2020/CI004_GP-11920_070401_CON_0256_INF_PREDIAL_EER_UF2.pdf
1083,2,,,CONSORCIO 4C,GP-13463,,,15_04_Comunic_Recibidas/2020/CI004_GP-13463_070401_CON_2688_REITERA_CERT_CATASTRAL.pdf
1084,1,,,CONSORCIO 4C,GP-13006,,,15_04_Comunic_Recibidas/2020/CI004_GP-13006_070401_CON_1953_EXP_PREDIAL.pdf
1085,1,,,CONSORCIO 4C,GP-12472,,,15_04_Comunic_Recibidas/2020/CI004_GP-12472_070108_CON_1141_FASE_DESMANT_ABANDONO.pdf
1086,2,,,CONSORCIO 4C,GP-12334,,,15_04_Comunic_Recibidas/2020/CI004_GP-12334_070108_CON_0980_CUMPLI_RESOL_CAR_0763.pdf
1088,4,,,CONSORCIO 4C,GP-13474,,,15_04_Comunic_Recibidas/2020/CI004_GP-13474_050300_CON_2616_ACTUAL_POLIZAS_OTROSI10.pdf
1087,4,,,CONSORCIO 4C,GP-13433,,,15_04_Comunic_Recibidas/2020/CI004_GP-13433_070401-070109_CON_2636_DEMOLI_PREDIOS_ADQUI.pdf
1089,2,,,CONSORCIO 4C,GP-12752,,,15_04_Comunic_Recibidas/2020/CI004_GP-12752_070108_CON_1544_OBS_INF_ICA_N12.pdf
1090,5,,,CONSORCIO 4C,GP-11906,,,15_04_Comunic_Recibidas/2020/CI004_GP-11906_070108_CON_0214_FOR_REGALIAS_SCV-09031.pdf
1091,6,,,CONSORCIO 4C,GP-12682,,,15_04_Comunic_Recibidas/2020/CI004_GP-12682_070301_CON_1419_FALLAS_PUNTOS_CONTEO.pdf
1092,4,,,CONSORCIO 4C,GP-12826,,,15_04_Comunic_Recibidas/2020/CI004_GP-12826_070108_CON_0765_OCUPA_CAUCE_K53+700.pdf
1093,4,,,CONSORCIO 4C,GP-13515,,,15_04_Comunic_Recibidas/2020/CI004_GP-13515_070201_FBTA_SINNUMERO_CERTI_RETRIBU_OCT20.pdf
1094,1,,,CONSORCIO 4C,GP-12460,,,15_04_Comunic_Recibidas/2020/CI004_GP-12460_070108_CON_1101_CUMPLI_AUTO_CAR_0.pdf
1095,6,,,CONSORCIO 4C,GP-12289,,,15_04_Comunic_Recibidas/2020/CI004_GP-12289_050300_CON_0954_PUNTOS_CONTEO.pdf
1096,2,,,CONSORCIO 4C,GP-11768,,,15_04_Comunic_Recibidas/2020/CI004_GP-11768_070401_CON_0019_SABANA_PREDIAL.pdf
1097,2,TRANS SURENCO S.A.S,,CONSORCIO 4C,GP-13251,14/09/2020,SOLICITUD PERMISO DE TRANSITO,15_04_Comunic_Recibidas/2020/CI004_GP-13251_070114_TRANSSURENCO_SINNUMERO_PERMIS_TRANS.pdf
1099,1,CONCESIÓN ALTO MAGDALENA S.A.S.,,CONSORCIO 4C,GP-12927,09/07/2020,Respuesta comunicación CI.004/GP8113/20/7.4.6 (Rad. Int. ALMA-R-2020-1254 del 30/06/2020) Entrega del expediente predial (Físico) ALMA-5-0125 para aprobación definitiva del Avalúo Comercial Corporativo.,15_04_Comunic_Recibidas/2020/CI004_GP-12927_070406_CON_1804_EXP_AVALUO.pdf
1098,1,CONCESIÓN ALTO MAGDALENA S.A.S.,,CONSORCIO 4C,GP-11795,22/01/2020,Respuesta comunicación CI.004/GP7446/20/7.4.6 (Rad. interno ALMA-R-2020-0116 del 22/01/2020) - Entrega del expediente ALMA-5-0252 para aprobación del Avalúo Comercial Corporativo.,15_04_Comunic_Recibidas/2020/CI004_GP-11795_070406_CON_0171_EXP_AVALUO.pdf
1100,1,CONCESIÓN ALTO MAGDALENA S.A.S.,ALMA-2020-1628,CONSORCIO 4C,GP-12804,17/06/2020,Cumplimiento obligación artículo 3 Auto DRCM No. 0283 del 18/05/2020. Pago por concepto de servicio de evaluación ambiental. Expediente 81887.,15_04_Comunic_Recibidas/2020/CI004_GP-12804_070108_CON_1628_AUTO_DRCM_0283.pdf
1101,8,CONCESIÓN ALTO MAGDALENA S.A.S.,,CONSORCIO 4C,GP-12721,01/06/2020,Respuesta comunicación CI.004/GP7688/20/7.3.3 (Rad. Int. ALMA-R-2020-0647 19/03/2020). ALMA-2019-03599 Medición Indicador E14 Áreas de Servicio.,15_04_Comunic_Recibidas/2020/CI004_GP-12721_070303_CON_1485_INDICAD_E14_AREA_SERVI.pdf
1102,1,CONCESIÓN ALTO MAGDALENA S.A.S.,ALMA-2020-0055,CONSORCIO 4C,GP-11839,09/01/2020,Remisión Actas de Retribución UF1 y UF3 del mes de Diciembre 2019 Remisión Acta de Compensación Especial UF5 mes de Diciembre de 2019,15_04_Comunic_Recibidas/2020/CI004_GP-11839_070210-070211_CON_0055_ACTA_RETRIBU_UF1_UF3.pdf
1104,1,CONCESIÓN ALTO MAGDALENA S.A.S.,,CONSORCIO 4C,GP-13385,07/10/2020,Entrega Informe Gerencial Mensual N° 71 – Septiembre de 2020,15_04_Comunic_Recibidas/2020/CI004_GP-13385_070500_CON_2571_INF_MEN_N71_SEP20.pdf
1103,1,CONCESIÓN ALTO MAGDALENA S.A.S.,ALMA-2020-1115,CONSORCIO 4C,GP-12437,24/04/2020,"Cumplimiento obligación artículo 2 del Auto CAR DRAM No. 065 del 20 de enero de 2020, y Resolución CAR No. 0327 del 16 de febrero de 2016. Entrega informe de disposición de residuos. Expediente 51908.",15_04_Comunic_Recibidas/2020/CI004_GP-12437_070108_CON_1115_CUMPLI_AUTO_CAR_065.pdf
1105,2,CONCESIÓN ALTO MAGDALENA S.A.S.,,CONSORCIO 4C,GP-13475,29/10/2020,"Solicitud protección bienes de uso público, por posible Invasión de espacio público en el Pr 39 + 700, Ruta Nacional 4508, vía Guataquí-Cambao, Costado Izquierdo.",15_04_Comunic_Recibidas/2020/CI004_GP-13475_070109_CON_2707_BIENES_USO_PUB.pdf
1106,3,CONCESIÓN ALTO MAGDALENA S.A.S.,,CONSORCIO 4C,GP-11897,03/02/2020,"Permiso de intervención pasos a nivel y desnivel red férrea (Purnio, Norcasia, y Sector de 3 y medio)",15_04_Comunic_Recibidas/2020/CI004_GP-11897_050300-070107_CON_0267_PASOS_NIVEL_DESNIVEL_RED_FERREA.pdf
1107,2,CONCESIÓN ALTO MAGDALENA S.A.S.,,CONSORCIO 4C,GP-12081,24/02/2020,"Respuesta PQRS-UFS-2019-916 Oficio ANI No.2020-305-02449-1, rad. Interno ALMA-R-2020-0241 del 03/02/2020, correo electrónico del Consorcio 4C-Interventoría del 07-02-2020 - oficio CI.004/GP7243/19/7.1.9, rad. Interno ALMA-R-20192778 del 28-11-2019 – Solicitud inspección ocular al predio Calatraba.",15_04_Comunic_Recibidas/2020/CI004_GP-12081_070109_CON_0571_PREDIO_CALATRABA.pdf
1108,2,CONCESIÓN ALTO MAGDALENA S.A.S.,2020-EI-00000716 (ALMA-2020-0122),CONSORCIO 4C,GP-12214,25/03/2020,Entrega soporte de pago solicitud Prórroga Resolución 2019-0494 del 18 de febrero del 2019. Expediente 511-2018-0183.,15_04_Comunic_Recibidas/2020/CI004_GP-12214_070108_CON_0835_PRORROG_RESOL_0494.pdf
1110,1,CONCESIÓN ALTO MAGDALENA S.A.S.,ALMA-2020-1158,CONSORCIO 4C,GP-12484,29/04/2020,Cumplimiento artículo segundo del Auto DRAM CAR Nº 1660 del 26 de diciembre del 2019. Entrega Informe medida compensatoria artículo cuarto Resolución CAR Nº 0410 del 24 de febrero del 2016. Expediente 51723.,15_04_Comunic_Recibidas/2020/CI004_GP-12484_070108_CON_1158_CUMPLI_AUTO_DRAM_1660.pdf
1109,1,CONCESIÓN ALTO MAGDALENA S.A.S.,,CONSORCIO 4C,GP-11872,03/02/2020,Respuesta comunicación Nro. CI.004/GP6965/19/7.4.4 - Predio ALMA-3-0128,15_04_Comunic_Recibidas/2020/CI004_GP-11872_070404_CON_0275_EXP_EXPRO.pdf
1112,2,CONCESIÓN ALTO MAGDALENA S.A.S.,,CONSORCIO 4C,GP-12139,05/03/2020,Entrega del Informe No. 2. Resolución No. 2602 del 18 de diciembre de 2015 UF 5.1. Expediente ATV 0275,15_04_Comunic_Recibidas/2020/CI004_GP-12139_070108_CON_0697_INF_N2_RESOL_2602.pdf
1111,10,CONCESION ALTO MAGDALENA S.A.S.,,CONSORCIO 4C,GP-13693,21/12/2020,Respuesta oficio CAR 07202102127 (Rad. Int. ALMA-R-2020-1933 del 13/10/2020). Seguimiento permisos otorgados. Expediente: 51483,15_04_Comunic_Recibidas/2020/CI004_GP-13693_070108_CON_3090_SEG_PERM_OTORG_EXP_51483.pdf
1113,2,,,CONSORCIO 4C,GP-13274,17/09/2020,*alcance* ESTADOS FINANCIEROS MES DE AGOSTO DE 2020 | PA 63664 ALTO MAGDALENA,15_04_Comunic_Recibidas/2020/CI004_GP-13274_070202_FBTA_SINNUMERO_ESTAD_FINANC_AGO20.pdf
1114,1,CONCESIÓN ALTO MAGDALENA S.A.S,ALMA-2020-0013,CONSORCIO 4C,GP-11737,03/01/2020,"Entrega del expediente predial ALMA-2-0157-1, para revisión y aprobación de componente social.",15_04_Comunic_Recibidas/2020/CI004_GP-11737_070402_CON_0013_EXP_SOCIAL.pdf
1118,10,,,CONSORCIO 4C,GP-13696,,,15_04_Comunic_Recibidas/2020/CI004_GP-13696_070108_CON_3093_SEG_PERM_OTORG_EXP_51489.pdf
1119,2,,,CONSORCIO 4C,GP-13292,,,15_04_Comunic_Recibidas/2020/CI004_GP-13292_070108_CON_2441_SEGUI_CTROL_AMB_EXP_62208.pdf
1120,8,,,CONSORCIO 4C,GP-11913,,,15_04_Comunic_Recibidas/2020/CI004_GP-11913_070110_CON_0310_INCUMP_CONDI_SST_UF4_5.pdf
1117,1,,,CONSORCIO 4C,GP-13507,,,15_04_Comunic_Recibidas/2020/CI004_GP-13507_070108_CON_2789_VISITA_PREDIO_EXP_52291.pdf
1121,1,,,CONSORCIO 4C,GP-12525,,,15_04_Comunic_Recibidas/2020/CI004_GP-12525_070108_CON_1219_DISPOSI_RESIDUOS_EXP_51894.pdf
1122,2,,,CONSORCIO 4C,GP-12098,,,15_04_Comunic_Recibidas/2020/CI004_GP-12098_070109_CON_0612_OBS_INF_SOCIAL_TRIM_N°20.pdf
1123,1,,,CONSORCIO 4C,GP-12299,,,15_04_Comunic_Recibidas/2020/CI004_GP-12299_070500_CON_0958_INF_MENSUAL_MAR20.pdf
1124,1,,,CONSORCIO 4C,GP-11869,,,15_04_Comunic_Recibidas/2020/CI004_GP-11869_070401_CON_0241_SABANA_PREDIAL.pdf
1125,2,,,CONSORCIO 4C,GP-13377,,,15_04_Comunic_Recibidas/2020/CI004_GP-13377_070114_TRANSSURENCO_SINNUMERO_PERMIS_TRANS.pdf
1126,4,,,CONSORCIO 4C,GP-13533,,,15_04_Comunic_Recibidas/2020/CI004_GP-13533_070500_CON_2817_OBS_MEMOTEC_JUL20.pdf
1127,1,,,CONSORCIO 4C,GP-13524,,,15_04_Comunic_Recibidas/2020/CI004_GP-13524_070115-070201_CON_2806_APROBA_SUBCTA_REDES_N6.pdf
1128,1,,,CONSORCIO 4C,GP-12459,,,15_04_Comunic_Recibidas/2020/CI004_GP-12459_070108_CON_1100_CUMPLI_AUTO_CAR_0113.pdf
1116,4,CONCESIÓN ALTO MAGDALENA S.A.S.,,CONSORCIO 4C,GP-12726,03/06/2020,Respuesta comunicación CI.004/7941/20/7.1.4 (Rad int. ALMA-R-2020-1010 - 20/05/2020) Perspectiva línea férrea norcasia,15_04_Comunic_Recibidas/2020/CI004_GP-12726_070401_CON_1505_LINEA_FERREA_NORCASIA.pdf
1129,1,,,CONSORCIO 4C,GP-12693,,,15_04_Comunic_Recibidas/2020/CI004_GP-12693_070108_CON_1438_MEDIDA_COMPENSA_EXP_51829.pdf
1130,6,,,CONSORCIO 4C,GP-11851,,,15_04_Comunic_Recibidas/2020/CI004_GP-11851_050300_CON_0238_EER_PREDIO_4-0044.pdf
1115,2,CONCESIÓN ALTO MAGDALENA S.A.S.,,CONSORCIO 4C,GP-12002,14/02/2020,Resultados proceso de verificación básculas camioneras por parte de OAVM según resolución 77506 de 2016 Superintendencia de Industria y Comercio (SIC),15_04_Comunic_Recibidas/2020/CI004_GP-12002_070107_CON_0476_VERIFI_BASCULAS_RESOL_77506.pdf
1131,1,,,CONSORCIO 4C,GP-13509,,,15_04_Comunic_Recibidas/2020/CI004_GP-13509_070500_CON_2791_INF_MEN_72_OCT20.pdf
1132,4,,,CONSORCIO 4C,GP-13606,,,15_04_Comunic_Recibidas/2020/CI004_GP-13606_070109_CON_2948_PROTEC_BIENES_USO_PUB.pdf
1133,1,,,CONSORCIO 4C,GP-11779,,,15_04_Comunic_Recibidas/2020/CI004_GP-11779_070406_CON_0074_EXP_AVALUO.pdf
1134,1,,,CONSORCIO 4C,GP-12475,,,15_04_Comunic_Recibidas/2020/CI004_GP-12475_070108_CON_1149_CUMPLI_AUTO_DRAM_056.pdf
1135,1,,,CONSORCIO 4C,GP-12131,,,15_04_Comunic_Recibidas/2020/CI004_GP-12131_070406_CON_0488_EXP_AVALUO.pdf
1136,2,,,CONSORCIO 4C,GP-11786,,,15_04_Comunic_Recibidas/2020/CI004_GP-11786_070108_CON_0122_PRORROG_RESOL_494.pdf
1137,2,,,CONSORCIO 4C,GP-13500,,,15_04_Comunic_Recibidas/2020/CI004_GP-13500_070107-090300_CON_2751_PLANOS_RECORD_CCO.pdf
1138,1,,,CONSORCIO 4C,GP-13768,,,15_04_Comunic_Recibidas/2020/CI004_GP-13768_070104_CON_3207_MANTENI_PAVIMENT_NPH.pdf
1139,4,,,CONSORCIO 4C,GP-12767,,,15_04_Comunic_Recibidas/2020/CI004_GP-12767_070202_FBTA_SINNUMERO_INF_ING_EGRE_MAR20.pdf
1140,1,,,CONSORCIO 4C,GP-12581,,,15_04_Comunic_Recibidas/2020/CI004_GP-12581_070108_CON_1291_SUSPENSION_ACTIVIDADES.pdf
1141,2,,,CONSORCIO 4C,GP-12257,,,15_04_Comunic_Recibidas/2020/CI004_GP-12257_070111_CON_0931_FALTAS_IMPLEMENTA_PMT.pdf
1142,2,,,CONSORCIO 4C,GP-13130,,,15_04_Comunic_Recibidas/2020/CI004_GP-13130_070108_CON_2146_SOPORT_PAG_AUTO_07192.pdf
1143,2,,,CONSORCIO 4C,GP-13222,,,15_04_Comunic_Recibidas/2020/CI004_GP-13222_050300_CON_2331_FICHAS_TECNICAS_TABLEROS.pdf
1144,1,,,CONSORCIO 4C,GP-12702,,,15_04_Comunic_Recibidas/2020/CI004_GP-12702_070108_CON_1439_MEDIDA_COMPENSA_EXP_51701.pdf
1145,2,,,CONSORCIO 4C,GP-13306,,,15_04_Comunic_Recibidas/2020/CI004_GP-13306_070114_TRANSSURENCO_SINNUMERO_PERMIS_TRANS.pdf
1146,1,,,CONSORCIO 4C,GP-12862,,,15_04_Comunic_Recibidas/2020/CI004_GP-12862_070406_CON_1713_EXP_AVALUO.pdf
1147,1,,,CONSORCIO 4C,GP-13617,,,15_04_Comunic_Recibidas/2020/CI004_GP-13617_070402_CON_2926_EXP_SOCIAL.pdf
1148,1,,,CONSORCIO 4C,GP-13470,,,15_04_Comunic_Recibidas/2020/CI004_GP-13470_070401_CON_2704_TIRA_TOPOGRAFICA.pdf
1149,3,,,CONSORCIO 4C,GP-11914,,,15_04_Comunic_Recibidas/2020/CI004_GP-11914_070205-070115_CON_0322_FONDEO_N°04.pdf
1150,1,,,CONSORCIO 4C,GP-13406,,,15_04_Comunic_Recibidas/2020/CI004_GP-13406_050300_ANI_030457-1_PLAN_MOVIL_SEG_VIAL.pdf
1151,1,,,CONSORCIO 4C,GP-12562,,,15_04_Comunic_Recibidas/2020/CI004_GP-12562_070108_CON_1267_MEDIDA_COMPENSA_EXP_62025.pdf
1152,1,,,CONSORCIO 4C,GP-11723,,,15_04_Comunic_Recibidas/2020/CI004_GP-11723_070406_CON_03971_EXP_AVALUO.pdf
1153,1,,,CONSORCIO 4C,GP-11697,,,15_04_Comunic_Recibidas/2020/CI004_GP-11697_070107_CON_03992_DISEÑ_GEOME_NORCASIA.pdf
1154,1,,,CONSORCIO 4C,GP-13101,,,15_04_Comunic_Recibidas/2020/CI004_GP-13101_070402_CON_1568_EXP_SOCIAL.pdf
1155,6,,,CONSORCIO 4C,GP-12758,,,15_04_Comunic_Recibidas/2020/CI004_GP-12758_070107_CON_1546_DISEÑ_ANDENES_GLORIETA_UF5.pdf
1156,10,,,CONSORCIO 4C,GP-13710,,,15_04_Comunic_Recibidas/2020/CI004_GP-13710_070108_CON_3107_SEG_PERMI_OTORG_EXP_51510.pdf
1158,6,,,CONSORCIO 4C,GP-12710,,,15_04_Comunic_Recibidas/2020/CI004_GP-12710_070109_CON_1466_PROTEC_BIENES_USO_PUB.pdf
1159,1,,,CONSORCIO 4C,GP-12413,,,15_04_Comunic_Recibidas/2020/CI004_GP-12413_070108_CON_1074_CUMPLI_RESOL_CAR_1131.pdf
1157,6,,,CONSORCIO 4C,GP-13626,,,15_04_Comunic_Recibidas/2020/CI004_GP-13626_090300_CON_2982_ESTAD_PDTES_UF5.pdf
1160,4,,,CONSORCIO 4C,GP-12327,,,15_04_Comunic_Recibidas/2020/CI004_GP-12327_070115_CON_0817_INTERV_DDV_CENIT.pdf
1161,1,,,CONSORCIO 4C,GP-12960,,,15_04_Comunic_Recibidas/2020/CI004_GP-12960_050300_CON_1884_POLIZA_CUMPLIMIENTO.pdf
1162,2,,,CONSORCIO 4C,GP-13554,,,15_04_Comunic_Recibidas/2020/CI004_GP-13554_070108_CON_2836_SOPORT_PAG_OCUPA_AUTO_0561.pdf
1163,1,,,CONSORCIO 4C,GP-12408,,,15_04_Comunic_Recibidas/2020/CI004_GP-12408_070108_CON_1069_CUMPLI_RESOL_CAR_0563.pdf
1164,1,,,CONSORCIO 4C,GP-13527,,,15_04_Comunic_Recibidas/2020/CI004_GP-13527_070401_CON_2757_EXP_PREDIAL.pdf
1165,2,,,CONSORCIO 4C,GP-11709,,,15_04_Comunic_Recibidas/2020/CI004_GP-11709_070108_CON_0024_ENTREG_SOPORTE_PAGO.pdf
1166,6,,,CONSORCIO 4C,GP-13205,,,15_04_Comunic_Recibidas/2020/CI004_GP-13205_070109_CON_2171_INVITA_SESIÓN_CONSEJO.pdf
1167,1,,,CONSORCIO 4C,GP-12220,,,15_04_Comunic_Recibidas/2020/CI004_GP-12220_070108_CON_0841_ICA_N°08.pdf
1168,1,,,CONSORCIO 4C,GP-12594,,,15_04_Comunic_Recibidas/2020/CI004_GP-12594_070406_CON_1230_EXP_AVALUO.pdf
1170,1,,,CONSORCIO 4C,GP-12974,,,15_04_Comunic_Recibidas/2020/CI004_GP-12974_070202_CON_1933_FOR_GCSP-F008_ISEMESTRE.pdf
1171,1,,,CONSORCIO 4C,GP-13360,,,15_04_Comunic_Recibidas/2020/CI004_GP-13360_070401_CON_2541_EXP_FINAL.pdf
1169,1,,,CONSORCIO 4C,GP-12269,,,15_04_Comunic_Recibidas/2020/CI004_GP-12269_070108_CON_0902_MEDIDA_COMPENSA_60680.pdf
1172,4,,,CONSORCIO 4C,GP-12975,,,15_04_Comunic_Recibidas/2020/CI004_GP-12975_070303_CON_1938_INDICAD_E1_UF4_PR11+500.pdf
1173,6,,,CONSORCIO 4C,GP-13167,,,15_04_Comunic_Recibidas/2020/CI004_GP-13167_050300-070303_CON_2209_DISCREPAN_NIVEL_SERV_E16.pdf
1174,1,,,CONSORCIO 4C,GP-12772,,,15_04_Comunic_Recibidas/2020/CI004_GP-12772_070208_CON_1566_FOR_GCSP_F009_MAY20.pdf
1175,2,,,CONSORCIO 4C,GP-13230,,,15_04_Comunic_Recibidas/2020/CI004_GP-13230_070109_CON_2339_ESPACIO_PUB_DEC_2770.pdf
1176,10,,,CONSORCIO 4C,GP-13718,,,15_04_Comunic_Recibidas/2020/CI004_GP-13718_070108_CON_3115_SEG_PERM_OTORG_EXP_51533.pdf
1177,2,,,CONSORCIO 4C,GP-13552,,,15_04_Comunic_Recibidas/2020/CI004_GP-13552_070108_CON_2834_SOPORT_PAG_OCUPA_AUTO_0545.pdf
1178,1,,,CONSORCIO 4C,GP-11953,,,15_04_Comunic_Recibidas/2020/CI004_GP-11953_070108_CON_0342_CUMPLI_COMPENSA_EXP_51507.pdf
1179,1,,,CONSORCIO 4C,GP-13126,,,15_04_Comunic_Recibidas/2020/CI004_GP-13126_070108_CON_2142_MEDID_COMPENSA_RESOL_0719.pdf
1180,1,,,CONSORCIO 4C,GP-12262,,,15_04_Comunic_Recibidas/2020/CI004_GP-12262_070202_CON_0909_FOR_GCSP-F001_FEB20.pdf
1181,2,,,CONSORCIO 4C,GP-13233,,,15_04_Comunic_Recibidas/2020/CI004_GP-13233_070109_CON_2342_ESPACIO_PUB_DEC_2770.pdf
1182,5,,,CONSORCIO 4C,GP-12093,,,15_04_Comunic_Recibidas/2020/CI004_GP-12093_070103_ANI_006358-1_REPOSI_RODADURA.pdf
1183,2,,,CONSORCIO 4C,GP-12225,,,15_04_Comunic_Recibidas/2020/CI004_GP-12225_070108_CON_0779_APROVE_FORESTAL_NPH.pdf
1184,1,,,CONSORCIO 4C,GP-12444,,,15_04_Comunic_Recibidas/2020/CI004_GP-12444_070108_CON_1122_CUMPLI_AUTO_CAR_0100.pdf
1185,1,,,CONSORCIO 4C,GP-11836,,,15_04_Comunic_Recibidas/2020/CI004_GP-11836_070202_FBTA_001060_INF_MEN_DIC19.pdf
1186,1,,,CONSORCIO 4C,GP-12593,,,15_04_Comunic_Recibidas/2020/CI004_GP-12593_070406_CON_1229_EXP_AVALUO.pdf
1187,2,,,CONSORCIO 4C,GP-13490,,,15_04_Comunic_Recibidas/2020/CI004_GP-13490_050300_CON_2728_ACTUAL_POLIZAS_OTROSI_10.pdf
1188,1,,,CONSORCIO 4C,GP-11715,,,15_04_Comunic_Recibidas/2020/CI004_GP-11715_070406_CON_03352_EXP_AVALUO.pdf
1189,1,,,CONSORCIO 4C,GP-12540,,,15_04_Comunic_Recibidas/2020/CI004_GP-12540_070202_CON_1245_ACTUALIZ_INVENTARIO.pdf
1190,2,,,CONSORCIO 4C,GP-12424,,,15_04_Comunic_Recibidas/2020/CI004_GP-12424_070108_CON_1083_SIEMBRA_COMPENSA_52008.pdf
1191,2,,,CONSORCIO 4C,GP-12829,,,15_04_Comunic_Recibidas/2020/CI004_GP-12829_070108_CON_0757_SIEMBRA_COMPENSA_EXP_51510.pdf
1192,4,,,CONSORCIO 4C,GP-11704,,,15_04_Comunic_Recibidas/2020/CI004_GP-11704_070110_CON_0008_PROTEC_CONTRA_INCEND.pdf
1194,4,,,CONSORCIO 4C,GP-12042,,,15_04_Comunic_Recibidas/2020/CI004_GP-12042_070109_MECO_CO11-D-5_CERTIFI_OBRA.pdf
1193,2,,,CONSORCIO 4C,GP-13228,,,15_04_Comunic_Recibidas/2020/CI004_GP-13228_070109_CON_2337_ESPACIO_PUB_DEC_2770.pdf
1195,6,,,CONSORCIO 4C,GP-12843,,,15_04_Comunic_Recibidas/2020/CI004_GP-12843_070112_CON_0799_REUNION_RIESG_DESASTRES.pdf
1196,4,,,CONSORCIO 4C,GP-12842,,,15_04_Comunic_Recibidas/2020/CI004_GP-12842_070112_CON_0798_REUNION_RIESG_DESASTRES.pdf
1197,1,,,CONSORCIO 4C,GP-12168,,,15_04_Comunic_Recibidas/2020/CI004_GP-12168_070401_CON_0685_SABANA_PREDIAL.pdf
1198,4,,,CONSORCIO 4C,GP-12884,,,15_04_Comunic_Recibidas/2020/CI004_GP-12884_070401_CON_1786_INF_SEM_OLYMPUS.pdf
1199,6,,,CONSORCIO 4C,GP-13013,,,15_04_Comunic_Recibidas/2020/CI004_GP-13013_070109-070108_CON_1988_DISPOSI_RESIDUOS_PR30.pdf
1200,6,,,CONSORCIO 4C,GP-12684,,,15_04_Comunic_Recibidas/2020/CI004_GP-12684_070108_CON_1430_COMPENSA_AMB.pdf
1201,4,,,CONSORCIO 4C,GP-13081,,,15_04_Comunic_Recibidas/2020/CI004_GP-13081_070108_CON_2070_SCTUD_PRONUNCIA.pdf
1202,1,,,CONSORCIO 4C,GP-11758,,,15_04_Comunic_Recibidas/2020/CI004_GP-11758_070108_CON_0080_RESOL_CORPOCALDAS.pdf
1203,11,,,CONSORCIO 4C,GP-12663,,,15_04_Comunic_Recibidas/2020/CI004_GP-12663_070104_CON_1394_ALERTA_TEMPRANAS_LLUVIAS.pdf
1204,1,,,CONSORCIO 4C,GP-12383,,,15_04_Comunic_Recibidas/2020/CI004_GP-12383_070108_CON_1029_CUMPLI_RESOL_CAR_0849.pdf
1205,1,,,CONSORCIO 4C,GP-13512,,,15_04_Comunic_Recibidas/2020/CI004_GP-13512_070402_CON_2753_EXP_SOCIAL.pdf
1206,4,,,CONSORCIO 4C,GP-13556,,,15_04_Comunic_Recibidas/2020/CI004_GP-13556_070115_CON_2854_ACTA_OBRA_16.pdf
1208,1,,,CONSORCIO 4C,GP-12597,,,15_04_Comunic_Recibidas/2020/CI004_GP-12597_070402_CON_1277_EXP_SOCIAL.pdf
1207,4,,,CONSORCIO 4C,GP-13670,,,15_04_Comunic_Recibidas/2020/CI004_GP-13670_050300_CON_3070_DP_ENTREGA_NPH.pdf
1209,16,,,CONSORCIO 4C,GP-13183,,,15_04_Comunic_Recibidas/2020/CI004_GP-13183_050300-070401_ANI_013121-1_AMPLIA_EER_PREDIAL_UF2.pdf
1210,2,,,CONSORCIO 4C,GP-13523,,,"15_04_Comunic_Recibidas/2020/CI004_GP-13523_050300_CON_2804_,AL_FUNCIONA_SICC.pdf"
1211,1,,,CONSORCIO 4C,GP-12486,,,15_04_Comunic_Recibidas/2020/CI004_GP-12486_070108_CON_1169_CUMPLI_AUTO_CAR_051.pdf
1212,1,,,CONSORCIO 4C,GP-12697,,,15_04_Comunic_Recibidas/2020/CI004_GP-12697_070108_CON_1443_MEDIDA_COMPENSA_EXP_51721.pdf
1213,2,,,CONSORCIO 4C,GP-12144,,,15_04_Comunic_Recibidas/2020/CI004_GP-12144_070108_CON_0716_SOPORT_PAG_CRUCE_AEREO.pdf
1215,2,,,CONSORCIO 4C,GP-13633,,,15_04_Comunic_Recibidas/2020/CI004_GP-13633_050300-070202_CON_2991_OBS_INFO_FINAN_SEP20.pdf
1214,2,CONCESIÓN ALTO MAGDALENA S.A.S.,,CONSORCIO 4C,GP-12339,16/04/2020,Suspensión temporal de actividades correspondientes a los procesos de rehabilitación por los diferentes permisos de levantamiento de veda otorgadas. Expediente ATV 0268.,15_04_Comunic_Recibidas/2020/CI004_GP-12339_070108_CON_0995_SUSPEN_ACTIV_COVID-19.pdf
1217,1,CONCESIÓN ALTO MAGDALENA S.A.S.,,CONSORCIO 4C,GP-12773,10/06/2020,"Cumplimiento obligación artículo 2 del Auto CAR DRAM No. 0154 del 28/01/2020, y Resolución CAR No. 1715 del 30 de junio de 2017. Entrega informe de disposición de residuos. Expediente 60748.",15_04_Comunic_Recibidas/2020/CI004_GP-12773_070108_CON_1561_DISPOSI_RESIDUOS_EXP_60748.pdf
1218,1,CONCESIÓN ALTO MAGDALENA S.A.S.,ALMA-2020-0975,CONSORCIO 4C,GP-12321,14/04/2020,Remisión Actas de Cálculo de Retribución,15_04_Comunic_Recibidas/2020/CI004_GP-12321_070210_CON_0975_ACTAS_RETRIBU_UF4.pdf
1216,2,CONCESIÓN ALTO MAGDALENA S.A.S.,,CONSORCIO 4C,GP-12197,13/03/2020,"Respuesta PQRS-UFS-2020-981 del día 06/03/2020 – Construcciones futuras e instalación servicios públicos del predio ALMA-5-0200, a nombre de la señora Norma Liliana Mahecha.",15_04_Comunic_Recibidas/2020/CI004_GP-12197_070109_CON_0776_INSTALA_SERV_PUB.pdf
1219,1,CONCESIÓN ALTO MAGDALENA S.A.S.,ALMA-2020-0904,CONSORCIO 4C,GP-12271,02/04/2020,Entrega del Informe de establecimiento de medida compensatoria. Expediente 62024.,15_04_Comunic_Recibidas/2020/CI004_GP-12271_070108_CON_0904_MEDIDA_COMPENSA_62024.pdf
1220,1,CONCESION ALTO MAGDALENA S.A.S.,,CONSORCIO 4C,GP-12427,25/02/2019,Informe de Cumplimiento Ambiental N°12. Exp: LAV0004-00-2016.,15_04_Comunic_Recibidas/2020/CI004_GP-12427_070108_CON_0833_ICA_N12.pdf
1222,11,CONCESIÓN ALTO MAGDALENA S.A.S.,,CONSORCIO 4C,GP-13027,03/08/2020,Respuesta comunicación CI.004/GP8204/20/7.4.1 de fecha 22 de julio de 2020 Observaciones sabana de avalúos.,15_04_Comunic_Recibidas/2020/CI004_GP-13027_070406_CON_2021_OBS_SABANA_AVALUOS.pdf
1221,16,CONCESION ALTO MAGDALENA S.A.S,,CONSORCIO 4C,GP-13628,03/12/2020,Comunicado ANI No.20203050331441 (Rad int. ALMA-R-2020-2042) y Comunicado ANI No. 20203050364081 (Rad int. ALMA-R-2020-2177) Validación Soportes Cuenta de Cobro No 4 Fondeo Redes.,15_04_Comunic_Recibidas/2020/CI004_GP-13628_070115-070201_CON_2985_SOPORT_CUENTA_COBRO_N04.pdf
1223,1,Agencia Nacional de Infraestructura,,CONSORCIO 4C,GP-12415,22/04/2020,Remisión Otrosí No 9 y Acta de Ampliación de declaratoria de ocurrencia de un evento eximente de responsabilidad Predial en la Unidad Funcional 4 en desarrollo del Proyecto Girardot-Honda-Puerto Salgar del contrato de Concesión No. 003 de 2014.,15_04_Comunic_Recibidas/2020/CI004_GP-12415_050200-050300_ANI_012209-1_OTROSI_N9.pdf
1224,2,CONCESIÓN ALTO MAGDALENA S.A.S.,,CONSORCIO 4C,GP-13436,21/10/2020,Respuesta comunicación CI.004/GP8533/20/7.4.1 – (Rad Int ALMA-R-2020-1946 13/10/2020). Incumplimiento Actualización de Olympus reporte NIIF 2020-II.,15_04_Comunic_Recibidas/2020/CI004_GP-13436_070401_CON_2641_INCUMP_ACTUA_OLYMPUS.pdf
1225,2,Agencia Nacional de Infraestructura,,CONSORCIO 4C,GP-13592,26/11/2020,Solicitud concepto comunicación con radicado ANI No 20204091162752 - Solicitud suscripción Otrosí - Cláusula Compromisoria sección 15.3. de la Parte General del Contrato. - Contrato de Concesión No 003 de 2014 - Proyecto Girardot - Honda - Puerto Salgar.,15_04_Comunic_Recibidas/2020/CI004_GP-13592_050300_ANI_036558-1_OTROSI_ARBITRAJ_INTERNA.pdf
1227,1,CONCESIÓN ALTO MAGDALENA S.A.S.,,CONSORCIO 4C,GP-13069,10/08/2020,Respuesta comunicación CI.004/GP8240/20/7.4.1 del 28/07/2020 Solicitud Cronograma entrega avalúos otrosí No. 9,15_04_Comunic_Recibidas/2020/CI004_GP-13069_070401_CON_2063_ENTREG_AVALUOS_OTROSI_9.pdf
1226,2,CONCESIÓN ALTO MAGDALENA S.A.S.,,CONSORCIO 4C,GP-12711,28/05/2020,Respuesta comunicación CI.004/GP7411/20/7.1.8-7.1.9 (Rad. Int. ALMA-R-2020-0080 del 15/01/2020) PQRS-UF5-2017-202. Predio Gibraltar 2.,15_04_Comunic_Recibidas/2020/CI004_GP-12711_070108-070109_CON_1467_PREDIO_GIBRALTAR.pdf
1228,2,CONCESIÓN ALTO MAGDALENA S.A.S.,,CONSORCIO 4C,GP-12606,14/05/2020,Solicitud información Gestión del Riesgo de Desastres del Municipio de Puerto Salgar.,15_04_Comunic_Recibidas/2020/CI004_GP-12606_070108-070109_CON_1321_GEST_RIESG_DESASTRES.pdf
1229,1,CONCESIÓN ALTO MAGDALENA S.A.S.,ALMA-2020-1253,CONSORCIO 4C,GP-12799,17/06/2020,"Alcance comunicado ALMA-2020-1253: ""Respuesta comunicado CI.004/GP7799/20/7.5 (Rad. Int. ALMA-R-2020-0778 del 16/04/2020). Revisión Memoria Técnica Febrero del 2020.""",15_04_Comunic_Recibidas/2020/CI004_GP-12799_070500_CON_1621_OBS_MEMOTEC_FEB20.pdf
1231,2,CONCESION ALTO MAGDALENA S.A.S.,,CONSORCIO 4C,GP-13169,26/08/2020,Respuesta comunicación CI.004/GP8336/20/7.4.2 – (Rad.int. ALMA-R-2020-1607 – 21/08/2020)– Observaciones Ficha predial ALMA-4-0057 y desaprobación de las fichas prediales ALMA-5-0250-1 y ALMA-5-0262,15_04_Comunic_Recibidas/2020/CI004_GP-13169_070401_CON_2211_OBS_FICHAS_PREDIALES.pdf
1232,1,CONCESIÓN ALTO MAGDALENA S.A.S.,ALMA-2020-1987,CONSORCIO 4C,GP-13012,31/06/2020,Entrega Formato ANI-GCSP-F-203 Informe Ejecutivo – junio de 2020,15_04_Comunic_Recibidas/2020/CI004_GP-13012_070202-070109_CON_1987_FOR_GCSP_F203_JUN20.pdf
1230,6,,,CONSORCIO 4C,GP-13073,12/08/2020,"Solicitud No Objeción Plazo de Cura relacionada con el mantenimiento de la vigencia de: (i) la Garantía Única de Cumplimiento; (ii) la Póliza de Responsabilidad Civil Extracontractual; y (iii) el Seguro de Daños contra Todo Riesgo, contemplada en la Sección 12.3(b), 12.5 y 12.7 todas ellas de la Parte General del Contrato de Concesión, así como en las Secciones 7.1, 7.4 y 7.5 de la Parte Especial del mismo cuerpo normativo. - Contrato de Concesión No 003 de 2014 - Girardot - Honda - Puerto Salgar.",15_04_Comunic_Recibidas/2020/CI004_GP-13073_050300_ANI_023192-1_PLAZO_CURA_POLIZAS.pdf
1235,10,,,CONSORCIO 4C,GP-13746,,,15_04_Comunic_Recibidas/2020/CI004_GP-13746_070108_CON_3154_SEG_PERM_OTORG_EXP_60685.pdf
1234,1,,,CONSORCIO 4C,GP-13621,,,15_04_Comunic_Recibidas/2020/CI004_GP-13621_070401_CON_2930_COMPARENC_NOTARIA_FIRMA_ESCRIT.pdf
1233,1,CONCESIÓN ALTO MAGDALENA S.A.S.,ALMA-2020-0406,CONSORCIO 4C,GP-11973,10/02/2020,Informe 26 Evento Eximente de Responsabilidad (EER) del expediente 52038.,15_04_Comunic_Recibidas/2020/CI004_GP-11973_070108_CON_0406_INF_N26_EER_EXP_52038.pdf
1236,2,,,CONSORCIO 4C,GP-12279,,,15_04_Comunic_Recibidas/2020/CI004_GP-12279_070108_CON_0934_INF_35_EER_EXP_52038.pdf
1237,1,,,CONSORCIO 4C,GP-12454,,,15_04_Comunic_Recibidas/2020/CI004_GP-12454_070108_CON_1095_CUMPLI_AUTO_CAR_063.pdf
1238,1,,,CONSORCIO 4C,GP-12023,,,15_04_Comunic_Recibidas/2020/CI004_GP-12023_070401_CON_0191_EXP_PREDIAL.pdf
1239,1,,,CONSORCIO 4C,GP-12290,,,15_04_Comunic_Recibidas/2020/CI004_GP-12290_070108_CON_0939_MORTALID_ARBOLES_UF2.pdf
1240,1,,,CONSORCIO 4C,GP-12148,,,15_04_Comunic_Recibidas/2020/CI004_GP-12148_070202_CON_0244_GCSP_F008_ENE20.pdf
1241,1,,,CONSORCIO 4C,GP-12425,,,15_04_Comunic_Recibidas/2020/CI004_GP-12425_070108_CON_1078_CUMPLI_RESOL_CAR_3908.pdf
1242,1,,,CONSORCIO 4C,GP-13517,,,15_04_Comunic_Recibidas/2020/CI004_GP-13517_070108_CON_2788_VISITA_PREDIO_CALIFORNIA.pdf
1243,2,,,CONSORCIO 4C,GP-12604,,,15_04_Comunic_Recibidas/2020/CI004_GP-12604_070108-070109_CON_1319_GEST_RIESG_DESASTRES.pdf
1246,2,,,CONSORCIO 4C,GP-11995,,,15_04_Comunic_Recibidas/2020/CI004_GP-11995_070108-070201_CON_0473_SCTA_COMPENSA_AMB.pdf
1245,1,,,CONSORCIO 4C,GP-12476,,,15_04_Comunic_Recibidas/2020/CI004_GP-12476_070108_CON_1150_CUMPLI_AUTO_DRAM_057.pdf
1247,1,,,CONSORCIO 4C,GP-11940,,,15_04_Comunic_Recibidas/2020/CI004_GP-11940_070500_CON_0399_INF_MEN_N63.pdf
1244,1,,,CONSORCIO 4C,GP-13059,,,15_04_Comunic_Recibidas/2020/CI004_GP-13059_050300_CON_2042_NUEVA_DIR_RADICACION.pdf
1250,4,,,CONSORCIO 4C,GP-13759,,,15_04_Comunic_Recibidas/2020/CI004_GP-13759_070108_CON_3202_SOPORT_PAG_AMB_EXP_52123.pdf
1248,7,,,CONSORCIO 4C,GP-11788,,,15_04_Comunic_Recibidas/2020/CI004_GP-11788_070114_CON_0163_CARGA_TRANSP_CAMABAJA.pdf
1251,1,,,CONSORCIO 4C,GP-12343,,,15_04_Comunic_Recibidas/2020/CI004_GP-12343_070108_CON_0999_INF_N36_EER_EXP_52038.pdf
1249,2,,,CONSORCIO 4C,GP-12900,,,15_04_Comunic_Recibidas/2020/CI004_GP-12900_070303_CON_1816_NIVEL_SERVIC_1TRIM.pdf
1252,1,,,CONSORCIO 4C,GP-12112,,,15_04_Comunic_Recibidas/2020/CI004_GP-12112_070401_CON_0515_SABANA_PREDIAL.pdf
1253,6,,,CONSORCIO 4C,GP-13441,,,15_04_Comunic_Recibidas/2020/CI004_GP-13441_070402_CON_2644_MAYOR_VALOR_SUBCTA_PREDIAL.pdf
1254,1,,,CONSORCIO 4C,GP-12326,,,15_04_Comunic_Recibidas/2020/CI004_GP-12326_070111_CON_0815_PMT_PRUEB_CARG_PTE_FERREO.pdf
1255,6,,,CONSORCIO 4C,GP-13430,,,15_04_Comunic_Recibidas/2020/CI004_GP-13430_070110_CON_2631_OBS_PAG_SEGYSAL_ABR_MAR.pdf
1257,1,,,CONSORCIO 4C,GP-11778,,,15_04_Comunic_Recibidas/2020/CI004_GP-11778_070401_CON_0128_SABANA_PREDIAL.pdf
1256,2,,,CONSORCIO 4C,GP-13590,,,15_04_Comunic_Recibidas/2020/CI004_GP-13590_070104_ANI_036339-1_DP_DSABOGAL.pdf
1258,1,,,CONSORCIO 4C,GP-12274,,,15_04_Comunic_Recibidas/2020/CI004_GP-12274_070108_CON_0927_ICA_N05.pdf
1259,4,,,CONSORCIO 4C,GP-13147,,,15_04_Comunic_Recibidas/2020/CI004_GP-13147_070401_CON_2170_OBS_CRONOG_EXP_PREDIAL.pdf
1260,1,,,CONSORCIO 4C,GP-12229,,,15_04_Comunic_Recibidas/2020/CI004_GP-12229_070202-070109_CON_0861_FOR_GCSP-F203_MAR20.pdf
1261,6,,,CONSORCIO 4C,GP-12800,,,15_04_Comunic_Recibidas/2020/CI004_GP-12800_070500_CON_1629_OBS_MEMOTEC_MAR19.pdf
1262,2,,,CONSORCIO 4C,GP-12761,,,15_04_Comunic_Recibidas/2020/CI004_GP-12761_050300_CON_1559_PLAZO_CURA_OLYMPUS.pdf
1263,12,,,CONSORCIO 4C,GP-13680,,,15_04_Comunic_Recibidas/2020/CI004_GP-13680_050300_ANI_039020-1_SCTUD_MODIFI_CONTRACTUAL.pdf
1264,10,,,CONSORCIO 4C,GP-13711,,,15_04_Comunic_Recibidas/2020/CI004_GP-13711_070108_CON_3108_SEG_PERM_OTORG_EXP_51511.pdf
1265,1,,,CONSORCIO 4C,GP-12344,,,15_04_Comunic_Recibidas/2020/CI004_GP-12344_070108_CON_1000_INF_N37_EER_EXP_52038.pdf
1266,2,,,CONSORCIO 4C,GP-12729,,,15_04_Comunic_Recibidas/2020/CI004_GP-12729_070109_CON_1515_ENCUEST_ATENC_USUARIO.pdf
1267,2,,,CONSORCIO 4C,GP-13221,,,15_04_Comunic_Recibidas/2020/CI004_GP-13221_070401_CON_2318_CERTIFI_CATASTRALES.pdf
1268,1,,,CONSORCIO 4C,GP-11744,,,15_04_Comunic_Recibidas/2020/CI004_GP-11744_070111_CON_0077_PMT_GLORIETA_NORCASIA.pdf
1270,4,,,CONSORCIO 4C,GP-12792,,,15_04_Comunic_Recibidas/2020/CI004_GP-12792_050300-070202_ANI_016889-1_APROBA_FONDEO.pdf
1269,1,,,CONSORCIO 4C,GP-11886,,,15_04_Comunic_Recibidas/2020/CI004_GP-11886_070404_CON_0272_EXP_EXPRO.pdf
1271,1,,,CONSORCIO 4C,GP-13044,,,15_04_Comunic_Recibidas/2020/CI004_GP-13044_070108_CON_1976_APROVE_FORESTAL_2019-0079.pdf
1272,2,,,CONSORCIO 4C,GP-12091,,,15_04_Comunic_Recibidas/2020/CI004_GP-12091_070108_CON_0411_SOPORTE_PAGO.pdf
1274,2,,,CONSORCIO 4C,GP-12171,,,15_04_Comunic_Recibidas/2020/CI004_GP-12171_070109_CON_0723_ACCES_PRED_CALATRABA.pdf
1273,2,,,CONSORCIO 4C,GP-11879,,,15_04_Comunic_Recibidas/2020/CI004_GP-11879_070401_CON_0220_RESOL_DESPLA_FORZA.pdf
1275,4,,,CONSORCIO 4C,GP-13483,,,15_04_Comunic_Recibidas/2020/CI004_GP-13483_070302_CON_2722_CTROL_PROCESO_PESAJE.pdf
1276,1,,,CONSORCIO 4C,GP-13676,,,15_04_Comunic_Recibidas/2020/CI004_GP-13676_070401_CON_3047_EXP_PREDIAL.pdf
1277,1,,,CONSORCIO 4C,GP-13513,,,15_04_Comunic_Recibidas/2020/CI004_GP-13513_070406_CON_2758_EXP_AVALUO.pdf
1278,1,,,CONSORCIO 4C,GP-11870,,,15_04_Comunic_Recibidas/2020/CI004_GP-11870_070404_CON_0274_EXP_EXPRO.pdf
1279,1,,,CONSORCIO 4C,GP-12901,,,15_04_Comunic_Recibidas/2020/CI004_GP-12901_070108_CON_1819_CAR_03202103574_EXP_51899.pdf
1280,1,,,CONSORCIO 4C,GP-11885,,,15_04_Comunic_Recibidas/2020/CI004_GP-11885_070404_CON_0284_EXP_EXPRO.pdf
1281,1,,,CONSORCIO 4C,GP-13481,,,15_04_Comunic_Recibidas/2020/CI004_GP-13481_070108_CON_2719_OBS_INF_TRIM_AMB_N23_V1.pdf
1282,1,,,CONSORCIO 4C,GP-13391,,,15_04_Comunic_Recibidas/2020/CI004_GP-13391_070108_CON_2581_REPORTE_SIEMBRA_RESOL_771.pdf
1283,1,,,CONSORCIO 4C,GP-13411,,,15_04_Comunic_Recibidas/2020/CI004_GP-13411_070402_CON_2298_EXP_SOCIAL.pdf
1284,1,,,CONSORCIO 4C,GP-12824,,,15_04_Comunic_Recibidas/2020/CI004_GP-12824_070406_CON_1510_EXP_AVALUO.pdf
1285,1,,,CONSORCIO 4C,GP-13210,,,15_04_Comunic_Recibidas/2020/CI004_GP-13210_070109_CON_2272_SCTUD_REUNION_GUADUAS.pdf
1286,1,,,CONSORCIO 4C,GP-13632,,,15_04_Comunic_Recibidas/2020/CI004_GP-13632_070401_CON_2990_ACTAS_VECINDAD.pdf
1287,8,,,CONSORCIO 4C,GP-11799,,,15_04_Comunic_Recibidas/2020/CI004_GP-11799_020200_ANI_001854-1_APROBA_HV_ESP_AMB.pdf
1288,4,,,CONSORCIO 4C,GP-12977,,,15_04_Comunic_Recibidas/2020/CI004_GP-12977_070301_CON_1939_INF_AUDIT_PEAJES_MAY.pdf
1289,4,,,CONSORCIO 4C,GP-12679,,,15_04_Comunic_Recibidas/2020/CI004_GP-12679_070110_CON_1412_REACTIVA_OBRAS.pdf
1290,1,,,CONSORCIO 4C,GP-11967,,,15_04_Comunic_Recibidas/2020/CI004_GP-11967_070108_CON_0356_CUMPLI_AUTO_DRMC_1076.pdf
1291,1,,,CONSORCIO 4C,GP-13092,,,15_04_Comunic_Recibidas/2020/CI004_GP-13092_070202_FBTA_SINNUMERO_ESTAD_FINANCIEROS.pdf
1292,1,,,CONSORCIO 4C,GP-12616,,,15_04_Comunic_Recibidas/2020/CI004_GP-12616_070108_CON_1335_OBS_INF_N06_RESOL_1701.pdf
1293,1,,,CONSORCIO 4C,GP-13211,,,15_04_Comunic_Recibidas/2020/CI004_GP-13211_090300_CON_2294_ENTREGA_INTERV_UF5.pdf
1294,4,,,CONSORCIO 4C,GP-12281,,,15_04_Comunic_Recibidas/2020/CI004_GP-12281_070109-070401_CON_0937_DP_LRONDON.pdf
1295,3,,,CONSORCIO 4C,GP-11781,,,15_04_Comunic_Recibidas/2020/CI004_GP-11781_070109_ANI_001235-1_GLORIET_NORCASIA.pdf
1296,7,,,CONSORCIO 4C,GP-11733,,,15_04_Comunic_Recibidas/2020/CI004_GP-11733_070109_ANI_000452-1_REITERA_RECLAMO_VACAB.pdf
1297,1,,,CONSORCIO 4C,GP-12939,,,15_04_Comunic_Recibidas/2020/CI004_GP-12939_070108_CON_1851_CUMPLI_RESOL_CAR_3321.pdf
1298,1,,,CONSORCIO 4C,GP-11899,,,15_04_Comunic_Recibidas/2020/CI004_GP-11899_070110_CON_0285_PAG_SEGYSAL_JUN_MAY19.pdf
1299,7,,,CONSORCIO 4C,GP-12152,,,15_04_Comunic_Recibidas/2020/CI004_GP-12152_050300_CON_0740_AMPLIA_EER_UF2.pdf
1300,1,,,CONSORCIO 4C,GP-13036,,,15_04_Comunic_Recibidas/2020/CI004_GP-13036_070108_CON_2030_ICA_03.pdf
1301,2,,,CONSORCIO 4C,GP-12398,,,15_04_Comunic_Recibidas/2020/CI004_GP-12398_070115_CON_1055_CTA_COBRO_N03.pdf
1302,1,,,CONSORCIO 4C,GP-12509,,,15_04_Comunic_Recibidas/2020/CI004_GP-12509_070108_CON_1160_MEDIDA_COMPENSA_EXP_62275.pdf
1304,6,,,CONSORCIO 4C,GP-13642,,,15_04_Comunic_Recibidas/2020/CI004_GP-13642_070201-070402_CON_3016_MAYOR_VALOR_SUBCTA_PREDIAL.pdf
1303,1,,,CONSORCIO 4C,GP-12233,,,15_04_Comunic_Recibidas/2020/CI004_GP-12233_070108_CON_0856_AUTO_DRMC_0138.pdf
1305,4,,,CONSORCIO 4C,GP-13118,,,15_04_Comunic_Recibidas/2020/CI004_GP-13118_070110_CON_2137_PROTOCOLO_BIOSEG_ALMA.pdf
1306,2,,,CONSORCIO 4C,GP-12746,,,15_04_Comunic_Recibidas/2020/CI004_GP-12746_070109_CON_1539_AFECTA_LA_PONDEROSA.pdf
1307,10,,,CONSORCIO 4C,GP-13706,,,15_04_Comunic_Recibidas/2020/CI004_GP-13706_070108_CON_3103_SEG_PERM_OTORG_EXP_51503.pdf
1308,14,,,CONSORCIO 4C,GP-11856,,,15_04_Comunic_Recibidas/2020/CI004_GP-11856_070109_ANI_002531-1_REITERA_SCTUD_VACAB.pdf
1309,6,,,CONSORCIO 4C,GP-13035,,,15_04_Comunic_Recibidas/2020/CI004_GP-13035_070401_CON_2026_INF_SEM_OLYMPUS.pdf
1310,6,,,CONSORCIO 4C,GP-11938,,,15_04_Comunic_Recibidas/2020/CI004_GP-11938_070108_CON_0389_OCUP_CAUCE_K122+850.pdf
1311,8,,,CONSORCIO 4C,GP-13149,,,15_04_Comunic_Recibidas/2020/CI004_GP-13149_070401_CON_2173_OBS_SABANA_AVALUOS.pdf
1312,1,,,CONSORCIO 4C,GP-13155,,,15_04_Comunic_Recibidas/2020/CI004_GP-13155_070401_CON_2131_EXP_FINAL.pdf
1313,1,,,CONSORCIO 4C,GP-12568,,,15_04_Comunic_Recibidas/2020/CI004_GP-12568_070108_CON_1244_OBS_INF_TRIM_AMB_21.pdf
1314,1,,,CONSORCIO 4C,GP-12086,,,15_04_Comunic_Recibidas/2020/CI004_GP-12086_070406_CON_0576_EXP_AVALUO.pdf
1316,2,,,CONSORCIO 4C,GP-13396,,,15_04_Comunic_Recibidas/2020/CI004_GP-13396_070109_CON_2596_RECUPE_ESPACIO_PUB.pdf
1315,9,,,CONSORCIO 4C,GP-11820,,,15_04_Comunic_Recibidas/2020/CI004_GP-11820_070108_CON_0146_INF_07_EER_EXP_52038.pdf
1317,2,,,CONSORCIO 4C,GP-11892,,,15_04_Comunic_Recibidas/2020/CI004_GP-11892_070203_CON_0181_FONDO_CONTINGENCIAS.pdf
1318,1,,,CONSORCIO 4C,GP-12547,,,15_04_Comunic_Recibidas/2020/CI004_GP-12547_070108_CON_1238_MEDIDA_COMPENSA_EXP_52105.pdf
1319,1,,,CONSORCIO 4C,GP-12223,,,15_04_Comunic_Recibidas/2020/CI004_GP-12223_070108_CON_0842_INF_32_EER_EXP_52038.pdf
1320,4,,,CONSORCIO 4C,GP-13213,,,15_04_Comunic_Recibidas/2020/CI004_GP-13213_070401_CON_2302_OBS_SABANA_AVALUOS.pdf
1321,1,,,CONSORCIO 4C,GP-13342,,,15_04_Comunic_Recibidas/2020/CI004_GP-13342_070304_CON_2516_CTROL_VELOCIDAD_RADAR.pdf
1322,1,,,CONSORCIO 4C,GP-12173,,,15_04_Comunic_Recibidas/2020/CI004_GP-12173_070115_CON_0744_MANEJ_SUBCTA_REDES.pdf
1323,2,,,CONSORCIO 4C,GP-13435,,,15_04_Comunic_Recibidas/2020/CI004_GP-13435_070401-070201_CON_2640_SCTUD_SOPORT_PAGOS.pdf
1324,1,,,CONSORCIO 4C,GP-11812,,,15_04_Comunic_Recibidas/2020/CI004_GP-11812_070108_CON_0118_INF_21_EER_EXP_52038.pdf
1325,2,,,CONSORCIO 4C,GP-12629,,,15_04_Comunic_Recibidas/2020/CI004_GP-12629_070303_CON_1349_CAMABAJA_PROYECTO.pdf
1327,10,,,CONSORCIO 4C,GP-13742,,,15_04_Comunic_Recibidas/2020/CI004_GP-13742_070108_CON_3150_SEG_PERM_OTORG_EXP_60680.pdf
1326,1,,,CONSORCIO 4C,GP-11849,,,15_04_Comunic_Recibidas/2020/CI004_GP-11849_070108_CON_0233_SEÑAL_FLUVIAL_RESOL_0016.pdf
1328,4,,,CONSORCIO 4C,GP-13194,,,15_04_Comunic_Recibidas/2020/CI004_GP-13194_070108_CON_2256_PAZ_SALVO_PERMISOS_AMB.pdf
1330,1,,,CONSORCIO 4C,GP-13333,,,15_04_Comunic_Recibidas/2020/CI004_GP-13333_070108_CON_2510_POZO_PROFUNDO_UF5.4.pdf
1329,1,,,CONSORCIO 4C,GP-12072,,,15_04_Comunic_Recibidas/2020/CI004_GP-12072_070401_CON_0457_SABANA_PREDIAL.pdf
1331,1,,,CONSORCIO 4C,GP-12618,,,15_04_Comunic_Recibidas/2020/CI004_GP-12618_070110_ALC_FLANDES_SINNUMERO_PROTOCOL_BIOSEG.pdf
1332,1,,,CONSORCIO 4C,GP-12457,,,15_04_Comunic_Recibidas/2020/CI004_GP-12457_070108_CON_1098_CUMPLI_AUTO_CAR_0110.pdf
1333,4,,,CONSORCIO 4C,GP-13417,,,15_04_Comunic_Recibidas/2020/CI004_GP-13417_070115-070201_CON_2612_APORTES_SCTA_REDES_N06.pdf
1334,2,,,CONSORCIO 4C,GP-12689,,,15_04_Comunic_Recibidas/2020/CI004_GP-12689_070109_CON_1457_BIENES_USO_PUB.pdf
1335,2,,,CONSORCIO 4C,GP-13666,,,15_04_Comunic_Recibidas/2020/CI004_GP-13666_070108_CON_3062_SOPORT_PAG_AMB_EXP_52063.pdf
1336,14,,,CONSORCIO 4C,GP-11855,,,15_04_Comunic_Recibidas/2020/CI004_GP-11855_070109_ANI_002449-1_INTERV_FINCA_CALATRAVA.pdf
1337,1,CONCESIÓN ALTO MAGDALENA S.A.S.,ALMA-2020-1496,CONSORCIO 4C,GP-12881,03/06/2020,Entrega del expediente predial ALMA-2-0122 para revisión y aprobación de componente social.,15_04_Comunic_Recibidas/2020/CI004_GP-12881_070402_CON_1496_EXP_SOCIAL.pdf
1340,5,CONCESIÓN ALTO MAGDALENA S.A.S.,,CONSORCIO 4C,GP-12115,02/03/2020,Informe semanal Avance Gestión Predial Unidad Funcional 2 - Evento Eximente de Responsabilidad.,15_04_Comunic_Recibidas/2020/CI004_GP-12115_070401_CON_0638_INF_PREDIAL_EER_UF2.pdf
1338,1,CONCESIÓN ALTO MAGDALENA S.A.S.,ALMA-2020-1220,CONSORCIO 4C,GP-12527,04/05/2020,Cumplimiento obligación artículo 2 del Auto CAR DRAM No. 0193 del 06 de febrero de 2020 y Resolución CAR No. 0337 del 16 de febrero de 2016. Entrega del informe de disposición de residuos. Expediente 52123.,15_04_Comunic_Recibidas/2020/CI004_GP-12527_070108_CON_1220_DISPOSI_RESIDUOS_EXP_52123.pdf
1339,1,Agencia Nacional de Infraestructura,,CONSORCIO 4C,GP-13464,29/10/2020,Remisión Circular. Acciones Estratégicas y de Contingencias para el Plan de Movilidad y Seguridad Vial durante el Puente Festivo del Día de Todos los Santos (del 30 de octubre al 02 de noviembre de 2020). Proyecto Girardot – Honda - Puerto Salgar – Circular No. 20203000000534 - Contrato de Concesión No 003/2014.,15_04_Comunic_Recibidas/2020/CI004_GP-13464_070111_ANI_032958-1_PLAN_MOVILIDAD_PTE_FESTIVO.pdf
1341,12,CONCESIÓN ALTO MAGDALENA S.A.S.,,CONSORCIO 4C,GP-11805,27/01/2020,Respuesta oficio GP7412/20/7.4.1 (Radie. Int. ALMA-R-2020-0070 del 14/01/2020) - Solicitud aclaración gestión predial. Empalme con proyecto INVIAS costado oriental. UFS.,15_04_Comunic_Recibidas/2020/CI004_GP-11805_070401_CON_0185_GEST_PREDIAL_EMPALME.pdf
1343,1,CONCESIÓN ALTO MAGDALENA S.A.S.,ALMA-2020-0753,CONSORCIO 4C,GP-13261,17/03/2020,Entrega Sabana Predial y Tira topográfica.,15_04_Comunic_Recibidas/2020/CI004_GP-13261_070401_CON_0753_SABANA_PREDIAL.pdf
1342,1,CONCESIÓN ALTO MAGDALENA S.A.S.,,CONSORCIO 4C,GP-11923,23/01/2020,"Respuesta comunicación, CI.004/GP6387/19/7.4.6 del 8 de mayo de 2019 (Rad. Interno ALMA-R-20191146), Entrega del expediente predial ALMA-2-0159 para aprobación de Avalúo Comercial Corporativo.",15_04_Comunic_Recibidas/2020/CI004_GP-11923_070406_CON_0193_EXP_AVALUO.pdf
1344,1,CONCESIÓN ALTO MAGDALENA S.A.S.,,CONSORCIO 4C,GP-13563,18/11/2020,"Entrega informe de disposición de residuos en cumplimiento del Auto CAR DRAM 032 del 15/01/2020, y la Resolución CAR 0429 del 25/02/2016, prorrogada por la Resolución No. 1138 del 30/04/2018. Expediente 51860.",15_04_Comunic_Recibidas/2020/CI004_GP-13563_070108_CON_2860_PRORROGA_RESOL_1138_EXP_51860.pdf
1345,2,CONCESIÓN ALTO MAGDALENA S.A.S.,,CONSORCIO 4C,GP-12450,24/04/2020,Siembra medida compensatoria. Expediente 52029.,15_04_Comunic_Recibidas/2020/CI004_GP-12450_070108_CON_1128_SIEMBRA_COMPENSA_52029.pdf
1346,1,CONCESIÓN ALTO MAGDALENA S.A.S.,ALMA-2019-02945,CONSORCIO 4C,GP-13303,18/09/2020,Entrega Informe avance actividades aprovechamiento forestal Resolución S.A.F-B.D. No. 160 de 1 julio del 2016- Corpocaldas. Expediente 500-05-01-709.,15_04_Comunic_Recibidas/2020/CI004_GP-13303_070108_CON_2452_APROVE_FORESTAL_RESOL_SAFBD_160.pdf
1347,4,CONCESIÓN ALTO MAGDALENA S.A.S.,,CONSORCIO 4C,GP-12917,09/07/2020,Solicitud de ampliación del Evento Eximente de Responsabilidad genérico de la UF4,15_04_Comunic_Recibidas/2020/CI004_GP-12917_050300-070401_CON_1820_AMPLIA_EER_UF4.pdf
1349,22,CONCESIÓN ALTO MAGDALENA S.A.S.,,CONSORCIO 4C,GP-12320,14/04/2020,"Notificación de Evento Eximente de Responsabilidad / Imposibilidad de recibir la Unidad Funcional 5 – Subsector 2, teniendo en cuenta que el Nuevo Puente y sus accesos no se encuentran en condiciones para ser mantenidos en los términos establecidos en el Apéndice Técnico 2 del Contrato de Concesión.",15_04_Comunic_Recibidas/2020/CI004_GP-12320_050300_CON_0977_EER_IMPOSIB_RECIBO_UF5.pdf
1348,1,CONCESIÓN ALTO MAGDALENA S.A.S.,CL004/GP7927/20/7.4.6,CONSORCIO 4C,GP-12831,22/05/2020,Respuesta comunicación CL004/GP7927/20/7.4.6 (Rad. Int. ALMA-R-2020-0978) del 15/05/2020 Entrega del expediente predial (Físico) ALMA-3-0090 para aprobación definitiva del Avalúo Comercial Corporativo.,15_04_Comunic_Recibidas/2020/CI004_GP-12831_070406_CON_1427_EXP_AVALUO.pdf
1350,1,CONCESIÓN ALTO MAGDALENA S.A.S.,ALMA-2020-1388,CONSORCIO 4C,GP-12660,18/05/2020,"Entrega certificado de uso final pesaje brisas, unidad funcional 5.4",15_04_Comunic_Recibidas/2020/CI004_GP-12660_070301_CON_1388_CERTIFI_PEAJE_BRISAS.pdf
1351,1,CONCESIÓN ALTO MAGDALENA S.A.S.,ALMA-2020-1007,CONSORCIO 4C,GP-12353,17/04/2020,"Cumplimiento obligación artículo 2 Auto CAR DRAM 1654 del 26/12/2019, y Resolución CAR DRAM 0368 del 18/02/2016. Entrega del informe de disposición de residuos. Expediente 52105.",15_04_Comunic_Recibidas/2020/CI004_GP-12353_070108_CON_1007_CUMPLI_AUTO_DRAM_1654.pdf
1352,4,,,CONSORCIO 4C,GP-13175,26/08/2020,"Alcance respuesta comunicado radicado 202004090608722 de fecha 09 de julio de 2020. Concepto pagos compensaciones socioeconómicas. Proyecto Girardot – Honda - Puerto Salgar, Contrato No. 003 de 2014.",15_04_Comunic_Recibidas/2020/CI004_GP-13175_070402_ANI_024632-1_COMPENSA_SOCIOECO.pdf
1353,6,CONCESIÓN ALTO MAGDALENA S.A.S.,,CONSORCIO 4C,GP-12471,28/04/2020,Respuesta comunicado ANI 2019-305041094-1 (Rad Int. ALMA-R-20192839) Requerimiento Predio ALMA-5-0111 (La Argentina).,15_04_Comunic_Recibidas/2020/CI004_GP-12471_070107-070401-070109_CON_1143_REQ_PREDIO_5-0111.pdf
1354,1,CONCESIÓN ALTO MAGDALENA S.A.S.,ALMA-2019-03033,CONSORCIO 4C,GP-11713,24/09/2019,Entrega del expediente predial ALMA-3-0127 para revisión en la etapa de expropiación.,15_04_Comunic_Recibidas/2020/CI004_GP-11713_070404_CON_03033_EXP_EXPRO.pdf
1355,2,CONCESIÓN ALTO MAGDALENA S.A.S.,,CONSORCIO 4C,GP-11846,28/01/2020,Solicitud información sobre regulación y lineamientos para cierre de los títulos mineros vigentes otorgados.,15_04_Comunic_Recibidas/2020/CI004_GP-11846_070108_CON_0227_CIERRE_TITUL_MINEROS.pdf
1356,1,CONCESIÓN ALTO MAGDALENA S.A.S.,ALMA-2020-2481,CONSORCIO 4C,GP-13320,22/09/2020,Informe 59 Evento Eximente de Responsabilidad (EER) del expediente 52038.,15_04_Comunic_Recibidas/2020/CI004_GP-13320_070108_CON_2481_IINF_59_EER_EXP_52038.pdf
1359,2,,,CONSORCIO 4C,GP-12175,,,15_04_Comunic_Recibidas/2020/CI004_GP-12175_070301_CON_0759_SEÑAL_IPREV_PEAJES.pdf
1360,1,,,CONSORCIO 4C,GP-12239,,,15_04_Comunic_Recibidas/2020/CI004_GP-12239_070114_CON_0870_RETIRO_CAMARA_KM30+00.pdf
1361,1,,,CONSORCIO 4C,GP-11816,,,15_04_Comunic_Recibidas/2020/CI004_GP-11816_070108_CON_0142_INF_03_EER_EXP_52038.pdf
1362,4,,,CONSORCIO 4C,GP-13755,,,15_04_Comunic_Recibidas/2020/CI004_GP-13755_050300_ANI_039702-1_PLAZO_CURA_PREDIO_4-0030.pdf
1363,2,,,CONSORCIO 4C,GP-13665,,,15_04_Comunic_Recibidas/2020/CI004_GP-13665_070108_CON_3061_SOPORT_PAG_AMB_EXP_61245.pdf
1364,4,,,CONSORCIO 4C,GP-13168,,,15_04_Comunic_Recibidas/2020/CI004_GP-13168_070304_CON_2210_INF_ACCIDENTA_PR23.pdf
1357,1,CONCESIÓN ALTO MAGDALENA S.A.S.,,CONSORCIO 4C,GP-12685,22/05/2020,Alcance radicado ANLA No. 2020058681-1-000 del 17/04/2020 (Rad. Int. ALMA-2020-0982). Entrega informe semestral No. 6 Resolución 2284 de 2015. Expediente ATV-0247.,15_04_Comunic_Recibidas/2020/CI004_GP-12685_070108_CON_1431_INF_SEM_N06_RESOL_2284.pdf
1366,1,,,CONSORCIO 4C,GP-12417,,,15_04_Comunic_Recibidas/2020/CI004_GP-12417_070108_CON_1077_CUMPLI_RESOL_CAR_2826.pdf
1365,1,,,CONSORCIO 4C,GP-12935,,,15_04_Comunic_Recibidas/2020/CI004_GP-12935_070208_CON_1855_FOR_GCSP-F009_JUN20.pdf
1367,1,,,CONSORCIO 4C,GP-12778,,,15_04_Comunic_Recibidas/2020/CI004_GP-12778_070406_CON_1227_EXP_AVALUO.pdf
1369,1,,,CONSORCIO 4C,GP-11874,,,15_04_Comunic_Recibidas/2020/CI004_GP-11874_070406_CON_0290_EXP_AVALUO.pdf
1368,12,,,CONSORCIO 4C,GP-12739,,,15_04_Comunic_Recibidas/2020/CI004_GP-12739_050300_CON_1518_CTA_COBRO_N03_REDES.pdf
1370,2,,,CONSORCIO 4C,GP-11903,,,15_04_Comunic_Recibidas/2020/CI004_GP-11903_050300_ANI_003255-1_ACTUALIZA_POLIZAS.pdf
1358,13,Agencia Nacional de Infraestructura,2020-305-004938-1,CONSORCIO 4C,GP-12008,17/02/2020,Respuesta Fondeo No 4 sobrecostos Redes comunicación ANI 2019-305-029925-1 – Proyecto Girardot – Honda - Puerto Salgar – Radicado ANI No 20204090141082 del 11/02/2020 - Contrato de Concesión No 003/2014.,15_04_Comunic_Recibidas/2020/CI004_GP-12008_070201-070115_ANI_004938-1_FONDEO_N°04_REDES.pdf
1371,8,,,CONSORCIO 4C,GP-13416,,,15_04_Comunic_Recibidas/2020/CI004_GP-13416_070301_CON_2611_INSTALA_PUNTOS_CTROL.pdf
1374,1,,,CONSORCIO 4C,GP-12840,,,15_04_Comunic_Recibidas/2020/CI004_GP-12840_070402_CON_1678_EXP_SOCIAL.pdf
1373,1,,,CONSORCIO 4C,GP-12443,,,15_04_Comunic_Recibidas/2020/CI004_GP-12443_070108_CON_1121_CUMPLI_AUTO_CAR_099.pdf
1372,2,,,CONSORCIO 4C,GP-12359,,,15_04_Comunic_Recibidas/2020/CI004_GP-12359_070109_CON_1045_REACTIV_OBRAS_PROYEC.pdf
1375,1,,,CONSORCIO 4C,GP-12103,,,15_04_Comunic_Recibidas/2020/CI004_GP-12103_070500_CON_0637_MEMOTEC_ENE20.pdf
1376,4,,,CONSORCIO 4C,GP-12329,,,15_04_Comunic_Recibidas/2020/CI004_GP-12329_070115_CON_0983_DISEÑ_HIDRAU_NORCASIA.pdf
1378,1,,,CONSORCIO 4C,GP-12159,,,15_04_Comunic_Recibidas/2020/CI004_GP-12159_070108_CON_0706_SIEMBRA_COMPENSA.pdf
1377,4,,,CONSORCIO 4C,GP-13521,,,15_04_Comunic_Recibidas/2020/CI004_GP-13521_070109_CON_2800_PROTEC_ESPAC_PUB_PR38+767.pdf
1379,4,,,CONSORCIO 4C,GP-11705,,,15_04_Comunic_Recibidas/2020/CI004_GP-11705_070110_CON_0011_PAG_SEGYSAL_MAY_ABR.pdf
1380,21,,,CONSORCIO 4C,GP-13340,,,15_04_Comunic_Recibidas/2020/CI004_GP-13340_070114_TRANSSURENCO_SINNUMERO_PERMIS_TRANS.pdf
1381,1,,,CONSORCIO 4C,GP-12402,,,15_04_Comunic_Recibidas/2020/CI004_GP-12402_070108_CON_1063_CUMPLI_AUTO_DRAM_0137.pdf
1382,2,,,CONSORCIO 4C,GP-13495,,,15_04_Comunic_Recibidas/2020/CI004_GP-13495_070109_CON_2733_RECUPERA_ESPACIO_PUB.pdf
1386,1,,,CONSORCIO 4C,GP-12371,,,15_04_Comunic_Recibidas/2020/CI004_GP-12371_070108_CON_1021_CUMPLI_RESOL_CAR_561.pdf
1384,11,,,CONSORCIO 4C,GP-12080,,,15_04_Comunic_Recibidas/2020/CI004_GP-12080_070110_CON_0567_INCUMPLI_SST_UF4_5.pdf
1383,1,,,CONSORCIO 4C,GP-12302,,,15_04_Comunic_Recibidas/2020/CI004_GP-12302_070108_CON_0919_REQUERIMIENT_K53+700_UF3.pdf
1387,1,,,CONSORCIO 4C,GP-11909,,,15_04_Comunic_Recibidas/2020/CI004_GP-11909_070406_CON_03901_EXP_AVALUO.pdf
1385,1,,,CONSORCIO 4C,GP-12556,,,15_04_Comunic_Recibidas/2020/CI004_GP-12556_070108_CON_1261_MEDIDA_COMPENSA_EXP_52031.pdf
1388,10,,,CONSORCIO 4C,GP-12167,,,15_04_Comunic_Recibidas/2020/CI004_GP-12167_050300-070406_CON_0742_OBS_SABANA_AVALUOS.pdf
1389,1,,,CONSORCIO 4C,GP-12754,,,15_04_Comunic_Recibidas/2020/CI004_GP-12754_070202_FBTA_008779_INF_MEN_FEB20.pdf
1390,9,,,CONSORCIO 4C,GP-11926,,,15_04_Comunic_Recibidas/2020/CI004_GP-11926_070111_CON_0328_PMT_GLORIETA_NORCASIA.pdf
1391,2,,,CONSORCIO 4C,GP-12355,,,15_04_Comunic_Recibidas/2020/CI004_GP-12355_070108_CON_1009_CUMPLI_AUTO_DRAM_1661.pdf
1392,1,,,CONSORCIO 4C,GP-12770,,,15_04_Comunic_Recibidas/2020/CI004_GP-12770_070201_CON_1563_INF_ING_EGRE_MAY20.pdf
1393,4,,,CONSORCIO 4C,GP-12566,,,15_04_Comunic_Recibidas/2020/CI004_GP-12566_050300_CON_1271_CONCEPTO_TEC_CELULAR.pdf
1394,1,,,CONSORCIO 4C,GP-12785,,,15_04_Comunic_Recibidas/2020/CI004_GP-12785_070108_CON_1581_INF_TEC_N0221.pdf
1395,5,,,CONSORCIO 4C,GP-12185,,,15_04_Comunic_Recibidas/2020/CI004_GP-12185_070110_CON_0768_INCUMP_CONDI_SST_UF3.pdf
1396,1,,,CONSORCIO 4C,GP-12034,,,15_04_Comunic_Recibidas/2020/CI004_GP-12034_070401-141300_ANI_004986-1_AUDITO_PREDIAL.pdf
1397,1,,,CONSORCIO 4C,GP-13687,,,15_04_Comunic_Recibidas/2020/CI004_GP-13687_070401_CON_3135_EXP_FINAL.pdf
1398,1,,,CONSORCIO 4C,GP-13023,,,15_04_Comunic_Recibidas/2020/CI004_GP-13023_070109_ANI_021940-1_CONVOCA_LABORAL_FALSAS.pdf
1399,1,,,CONSORCIO 4C,GP-12964,,,15_04_Comunic_Recibidas/2020/CI004_GP-12964_070110_CON_1901_INF_ACCIDENT_LABORAL_19.pdf
1400,1,,,CONSORCIO 4C,GP-12943,,,15_04_Comunic_Recibidas/2020/CI004_GP-12943_070108_CON_1868_INFO_DIR_EMAIL.pdf
1401,7,,,CONSORCIO 4C,GP-11700,,,15_04_Comunic_Recibidas/2020/CI004_GP-11700_050300_CON_03986_PLAZO_CURA_INCUMP.pdf
1402,1,,,CONSORCIO 4C,GP-13622,,,15_04_Comunic_Recibidas/2020/CI004_GP-13622_070202-070109_CON_2956_FOR_GCSP-F203_NOV20.pdf
1403,2,,,CONSORCIO 4C,GP-11916,,,15_04_Comunic_Recibidas/2020/CI004_GP-11916_070401_CON_0182_ADQUIS_PREDIAL_EER_UF2.pdf
1404,2,,,CONSORCIO 4C,GP-13367,,,15_04_Comunic_Recibidas/2020/CI004_GP-13367_070401_CON_2548_PAG_REPORTE_NIIF_2020-II.pdf
1405,1,,,CONSORCIO 4C,GP-11793,,,15_04_Comunic_Recibidas/2020/CI004_GP-11793_070406_CON_03913_EXP_AVALUO.pdf
1406,1,,,CONSORCIO 4C,GP-12882,,,15_04_Comunic_Recibidas/2020/CI004_GP-12882_070406_CON_1759_EXP_AVALUO.pdf
1408,1,,,CONSORCIO 4C,GP-13046,,,15_04_Comunic_Recibidas/2020/CI004_GP-13046_070108_CON_1979_DISPOSI_RESIDUOS_EXP_62204.pdf
1407,4,,,CONSORCIO 4C,GP-12709,,,15_04_Comunic_Recibidas/2020/CI004_GP-12709_070107_CON_1462_DISEÑ_GEOM_LA_MELISA.pdf
1409,4,,,CONSORCIO 4C,GP-11810,,,15_04_Comunic_Recibidas/2020/CI004_GP-11810_070108_CON_0116_INF_01_EER_EXP_52038.pdf
1410,2,,,CONSORCIO 4C,GP-13146,,,15_04_Comunic_Recibidas/2020/CI004_GP-13146_070401_CON_2169_INF_CARGUE_OLYMPUS.pdf
1411,1,,,CONSORCIO 4C,GP-12760,,,15_04_Comunic_Recibidas/2020/CI004_GP-12760_050300_CON_1558_EQUIP_COMPUTO_REPOSICION.pdf
1412,1,,,CONSORCIO 4C,GP-12275,,,15_04_Comunic_Recibidas/2020/CI004_GP-12275_070108_CON_0930_INF_N06_RESOL_1701.pdf
1413,2,,,CONSORCIO 4C,GP-12362,,,15_04_Comunic_Recibidas/2020/CI004_GP-12362_070109_CON_1048_REACTIV_OBRAS_PROYEC.pdf
1414,1,,,CONSORCIO 4C,GP-11718,,,15_04_Comunic_Recibidas/2020/CI004_GP-11718_070406_CON_03355_EXP_AVALUO.pdf
1415,2,,,CONSORCIO 4C,GP-12667,,,15_04_Comunic_Recibidas/2020/CI004_GP-12667_050300_CON_1393_RADIOS_INSTITUCIONALES.pdf
1416,1,,,CONSORCIO 4C,GP-11918,,,15_04_Comunic_Recibidas/2020/CI004_GP-11918_070201-070109_CON_0318_ACTUAL_PLAN_COMPENSA.pdf
1417,1,,,CONSORCIO 4C,GP-11719,,,15_04_Comunic_Recibidas/2020/CI004_GP-11719_070404_CON_03917_EXP_EXPRO.pdf
1418,2,,,CONSORCIO 4C,GP-11783,,,15_04_Comunic_Recibidas/2020/CI004_GP-11783_070108_CON_0082_CUMPLI_RESOL_3935.pdf
1419,13,,,CONSORCIO 4C,GP-12004,,,15_04_Comunic_Recibidas/2020/CI004_GP-12004_070108_CON_0440_DOCUMENTACIÓN_K69+975.pdf
1420,7,,,CONSORCIO 4C,GP-11922,,,15_04_Comunic_Recibidas/2020/CI004_GP-11922_050300_ANI_003348-1_EVALUA_INDICADOR.pdf
1421,1,,,CONSORCIO 4C,GP-11738,,,15_04_Comunic_Recibidas/2020/CI004_GP-11738_070402_CON_0015_EXP_SOCIAL.pdf
1422,1,,,CONSORCIO 4C,GP-11828,,,15_04_Comunic_Recibidas/2020/CI004_GP-11828_070108_CON_0154_INF_15_EER_EXP_52038.pdf
1423,1,,,CONSORCIO 4C,GP-12462,,,15_04_Comunic_Recibidas/2020/CI004_GP-12462_070108_CON_1103_CUMPLI_AUTO_CAR_0138.pdf
1425,1,,,CONSORCIO 4C,GP-13145,,,15_04_Comunic_Recibidas/2020/CI004_GP-13145_070109-070404_CON_2168_DP_MQUINTERO.pdf
1424,1,,,CONSORCIO 4C,GP-12835,,,15_04_Comunic_Recibidas/2020/CI004_GP-12835_070402_CON_1502_EXP_SOCIAL.pdf
1426,2,,,CONSORCIO 4C,GP-12240,,,15_04_Comunic_Recibidas/2020/CI004_GP-12240_050300_CON_0871_INCUMP_APT2_CAMA_BAJA.pdf
1427,4,,,CONSORCIO 4C,GP-12317,,,15_04_Comunic_Recibidas/2020/CI004_GP-12317_070108_CON_0970_SUSPEN_ACTIV_COVID-19.pdf
1428,2,,,CONSORCIO 4C,GP-13386,,,15_04_Comunic_Recibidas/2020/CI004_GP-13386_070115_CON_2533_ACTA_N16_REDES.pdf
1429,1,,,CONSORCIO 4C,GP-11825,,,15_04_Comunic_Recibidas/2020/CI004_GP-11825_070108_CON_0151_INF_12_EER_EXP_52038.pdf
1430,6,,,CONSORCIO 4C,GP-13178,,,15_04_Comunic_Recibidas/2020/CI004_GP-13178_070402_CON_2187_FICHA_SOCIAL.pdf
1432,2,,,CONSORCIO 4C,GP-13116,,,15_04_Comunic_Recibidas/2020/CI004_GP-13116_070108_CON_2112_INF_N03_RESOL_2602.pdf
1431,1,,,CONSORCIO 4C,GP-12219,,,15_04_Comunic_Recibidas/2020/CI004_GP-12219_070108_CON_0840_INF_33_EER_EXP_52038.pdf
1433,1,,,CONSORCIO 4C,GP-12989,,,15_04_Comunic_Recibidas/2020/CI004_GP-12989_070108_CON_1954_CUMPLI_AUTO_DRAM_0170.pdf
1434,1,,,CONSORCIO 4C,GP-13766,,,15_04_Comunic_Recibidas/2020/CI004_GP-13766_070108_CON_3162_INF_SEM_SEG_VEDA.pdf
1435,4,,,CONSORCIO 4C,GP-13542,,,15_04_Comunic_Recibidas/2020/CI004_GP-13542_070109_CON_2843_PROTEC_BIENES_USO_PUB.pdf
1436,1,,,CONSORCIO 4C,GP-13181,,,15_04_Comunic_Recibidas/2020/CI004_GP-13181_070401_CON_2215_EXP_FINAL.pdf
1437,1,,,CONSORCIO 4C,GP-13103,,,15_04_Comunic_Recibidas/2020/CI004_GP-13103_070406_CON_1834_EXP_AVALUO.pdf
1438,1,,,CONSORCIO 4C,GP-13611,,,15_04_Comunic_Recibidas/2020/CI004_GP-13611_070401_CON_2954_CERT_CATASTRALES.pdf
1439,2,,,CONSORCIO 4C,GP-13443,,,15_04_Comunic_Recibidas/2020/CI004_GP-13443_070108_CON_2655_CUMPLI_AUTO_DRAM_0790.pdf
1440,1,,,CONSORCIO 4C,GP-12625,,,15_04_Comunic_Recibidas/2020/CI004_GP-12625_070202_CON_1345_ESTAD_FINANCIEROS.pdf
1441,4,,,CONSORCIO 4C,GP-13282,,,15_04_Comunic_Recibidas/2020/CI004_GP-13282_070107_CON_2434_BARRERA_NEW_JERSEY.pdf
1442,2,,,CONSORCIO 4C,GP-12392,,,15_04_Comunic_Recibidas/2020/CI004_GP-12392_070109_CON_1052_INF_TRIM_SCIAL_N20_N21.pdf
1443,5,,,CONSORCIO 4C,GP-12062,,,15_04_Comunic_Recibidas/2020/CI004_GP-12062_070401_CON_0543_ACLARA_REGISTROS_1_2.pdf
1444,1,,,CONSORCIO 4C,GP-11865,,,15_04_Comunic_Recibidas/2020/CI004_GP-11865_070500_CON_0273_OBS_MEMOTEC_JUL19.pdf
1445,1,,,CONSORCIO 4C,GP-13425,,,15_04_Comunic_Recibidas/2020/CI004_GP-13425_070108_CON_2619_FOR_REGALIAS_SCV-09031.pdf
1446,1,,,CONSORCIO 4C,GP-11776,,,15_04_Comunic_Recibidas/2020/CI004_GP-11776_070401_CON_0104_EXP_PREDIAL.pdf
1448,14,,,CONSORCIO 4C,GP-12283,,,15_04_Comunic_Recibidas/2020/CI004_GP-12283_070108_CON_0933_COMPENSA_AMB.pdf
1447,1,,,CONSORCIO 4C,GP-13318,,,15_04_Comunic_Recibidas/2020/CI004_GP-13318_070108_CON_2479_INF_57_EER_EXP_52038.pdf
1449,1,,,CONSORCIO 4C,GP-13153,,,15_04_Comunic_Recibidas/2020/CI004_GP-13153_070401_CON_2132_EXP_FINAL.pdf
1450,1,,,CONSORCIO 4C,GP-12130,,,15_04_Comunic_Recibidas/2020/CI004_GP-12130_070402_CON_0536_EXP_SOCIAL.pdf
1451,4,,,CONSORCIO 4C,GP-13100,,,15_04_Comunic_Recibidas/2020/CI004_GP-13100_070115_CON_2125_ACTUALIZA_PRESUP_REDES.pdf
1452,1,,,CONSORCIO 4C,GP-13369,,,15_04_Comunic_Recibidas/2020/CI004_GP-13369_070108_CON_2537_DISPOSI_RESIDUOS_EXP_62372.pdf
1453,4,,,CONSORCIO 4C,GP-13637,03/12/2020,"Respuesta a oficio con radicado ANI No 20204091171642 del 20 de noviembre de 2020 – No Objeción Plazo de cura presunto Incumplimiento de la Obligación relacionada con el cercado de áreas adquiridas para el proyecto, contemplada en el literal (d) de la sección 3.1 – Apéndice Técnico 7 del Contrato de Concesión - Contrato de Concesión No 003 de 2014 - Girardot – Honda – Puerto Salgar.",15_04_Comunic_Recibidas/2020/CI004_GP-13637_050300_ANI_037309-1_PLAZO_CURA_CERCADO_AREAS.pdf
1455,1,CONCESIÓN ALTO MAGDALENA S.A.S.,ALMA-2020-2418,CONSORCIO 4C,GP-13280,15/09/2020,Entrega Expediente Predial Final ALMA-2-0101,15_04_Comunic_Recibidas/2020/CI004_GP-13280_070401_CON_2418_EXP_FINAL.pdf
1456,1,CONCESIÓN ALTO MAGDALENA S.A.S.,ALMA-2020-0761,CONSORCIO 4C,GP-12177,13/03/2020,Solicitud información Paralelismo Bunker de válvulas K2+050 UF 5.4,15_04_Comunic_Recibidas/2020/CI004_GP-12177_070115_CON_0761_BUNKER_VALVUL_K2+050.pdf
1454,1,CONCESIÓN ALTO MAGDALENA S.A.S.,,CONSORCIO 4C,GP-12445,24/04/2020,Cumplimiento obligación artículo 2 del Auto CAR DRAM No. 0123 del 23 de enero de 2020 y Resolución CAR No. 0411 del 24 de febrero de 2016. Entrega informe disposición de residuos. Expediente 51741.,15_04_Comunic_Recibidas/2020/CI004_GP-12445_070108_CON_1123_CUMPLI_AUTO_CAR_0123.pdf
1459,1,CONCESIÓN ALTO MAGDALENA S.A.S.,,CONSORCIO 4C,GP-13478,29/10/2020,Informe 62 Evento Eximente de Responsabilidad (EER) del expediente 52038.,15_04_Comunic_Recibidas/2020/CI004_GP-13478_070108_CON_2715_INF_N62_EER_EXP_52038.pdf
1457,6,CONCESIÓN ALTO MAGDALENA S.A.S.,,CONSORCIO 4C,GP-12430,27/04/2020,"Permiso intervención pasos a nivel y desnivel red férrea (Purnio, Norcasia, y Sector de 3 y medio)",15_04_Comunic_Recibidas/2020/CI004_GP-12430_050300_CON_1132_NIVEL_DESNIVEL_RED_FERREA.pdf
1458,2,CONCESION ALTO MAGDALENA S.A.S.,,CONSORCIO 4C,GP-13366,30/09/2020,"Solicitud protección bienes de uso público, por posible invasión en el Pr 24+950, Ruta Nacional 45-08, Vía Nariño-Guataquí, Costado Derecho.",15_04_Comunic_Recibidas/2020/CI004_GP-13366_070109_CON_2546_PROTEC_BIENES_USO_PUB.pdf
1460,1,CONCESIÓN ALTO MAGDALENA S.A.S.,ALMA-2020-2389,CONSORCIO 4C,GP-13246,10/09/2020,Entrega Expediente Predial Final ALMA-2-0039,15_04_Comunic_Recibidas/2020/CI004_GP-13246_070401_CON_2389_EXP_FINAL.pdf
1464,2,CONCESIÓN ALTO MAGDALENA S.A.S.,,CONSORCIO 4C,GP-12819,23/06/2020,Entrega soportes Pagos de Seguridad Social diciembre de 2019 y Pago de Salarios enero de 2020.,15_04_Comunic_Recibidas/2020/CI004_GP-12819_070110_CON_1670_PAG_SEGYSAL_DIC19_ENE20.pdf
1461,3,Agencia Nacional de Infraestructura,2020-304-006357-1,CONSORCIO 4C,GP-12092,25/02/2020,Aprobación de las Pólizas que ampara la Resolución No. 1005 del 8 de julio del 2019 - Radicado No. 20203040033493. Exp. 20183040280200394E. GIRARDOT – HONDA – PUERTO SALGAR,15_04_Comunic_Recibidas/2020/CI004_GP-12092_070114_ANI_006357-1_APROBA_POLIZAS.pdf
1462,4,CONCESIÓN ALTO MAGDALENA S.A.S.,,CONSORCIO 4C,GP-13427,21/10/2020,"Solicitud protección bienes de uso público, por posible invasión en predio adquirido por el concesionario en el Pr 30 + 045 Vereda Cala, Ruta Nacional 4508, vía – Guataquí-Cambao, Costado Izquierdo.",15_04_Comunic_Recibidas/2020/CI004_GP-13427_070109_CON_2628_PROTEC_BIENES_USO_PUB.pdf
1463,2,CONCESIÓN ALTO MAGDALENA S.A.S.,,CONSORCIO 4C,GP-12077,24/02/2020,"Respuesta Comunicado 20204090127792, Solicitud ampliación Periodo Especial del Evento Eximente de Responsabilidad de la Glorieta Oriental del Nuevo Puente de Honda correspondiente a la UFS.",15_04_Comunic_Recibidas/2020/CI004_GP-12077_070401_CON_0562_PERIODO_ESP_EER_NPH.pdf
1465,1,CONCESIÓN ALTO MAGDALENA S.A.S.,ALMA-2020-0447,CONSORCIO 4C,GP-11992,12/02/2020,Entrega del Manual de Operaciones y sus anexos,15_04_Comunic_Recibidas/2020/CI004_GP-11992_070500_CON_0447_ENTREG_MANUAL_OPERA.pdf
1466,4,CONCESIÓN ALTO MAGDALENA S.A.S.,ALMA-2020-2524,CONSORCIO 4C,GP-13357,30/09/2020,Alcance comunicación ALMA-2019-02227 (Rad. CAR 20191132328 del 09/07/2019). Siembra medida compensatoria Expediente 51969.,15_04_Comunic_Recibidas/2020/CI004_GP-13357_070108_CON_2524_SIEMBRA_COMPENSA.pdf
1467,1,CONCESIÓN ALTO MAGDALENA S.A.S.,ALMA-2020-0715,CONSORCIO 4C,GP-12169,09/03/2020,Entrega Informe No. 2 de avance de la medida compensatoria de la Resolución 1408 del 20 de mayo de 2016. Expediente PAF-20284,15_04_Comunic_Recibidas/2020/CI004_GP-12169_070108_CON_0715_INF_N2_RESOL_1408.pdf
1468,2,CONCESION ALTO MAGDALENA S.A.S.,,CONSORCIO 4C,GP-13492,03/11/2020,Respuesta comunicación CI.004/GP8567/20/7.4.1 (Rad. Int. ALMA-R-2020-1988)- Reiteración Requerimiento Disponibilidad Predial para traslado de redes UF3.,15_04_Comunic_Recibidas/2020/CI004_GP-13492_070401-070115_CON_2730_DISPONIB_PREDIAL_TRASLAD_REDES.pdf
1471,1,CONCESIÓN ALTO MAGDALENA S.A.S.,ALMA-2019-02230,CONSORCIO 4C,GP-12379,17/04/2020,Cumplimiento del artículo 2 del Auto DRMC No. 1270 del 28 de octubre del 2019 y el artículo 1 del Auto DRAM N° 017 del 10 de enero del 2020. Entrega de Informe de medida compensatoria.,15_04_Comunic_Recibidas/2020/CI004_GP-12379_070108_CON_1039_CUMPLI_AUTO_DRMC_1270.pdf
1469,1,CONCESIÓN ALTO MAGDALENA S.A.S.,,CONSORCIO 4C,GP-12087,03/02/2020,Respuesta comunicación CI.004/GP7471/20/7.4.6 (Rad. interno ALMA-R-2020-0220 del 29/01/2020) Entrega del expediente ALMA-5-0074 para aprobación del Avalúo Comercial Corporativo.,15_04_Comunic_Recibidas/2020/CI004_GP-12087_070406_CON_0289_EXP_AVALUO.pdf
1470,1,CONCESION ALTO MAGDALENA S.A.S,,CONSORCIO 4C,GP-12941,15/07/2020,Entrega Plan de Gestión del Riesgo de Desastres -PGRD de la Licencia Ambiental Resolución 1684 del 24 de diciembre de 2015 - Expediente: LAV0068-00-2015.,15_04_Comunic_Recibidas/2020/CI004_GP-12941_070108_CON_1852_PGRD_LIC_AMB_RESOL_1684.pdf
1472,1,CONCESIÓN ALTO MAGDALENA S.A.S.,ALMA-2020-1111,CONSORCIO 4C,GP-12433,24/04/2020,"Cumplimiento obligación establecida artículo 2 del Auto CAR DRAM No 058 del 20 de enero de 2020, y Resolución CAR No. 0340 del 17 de febrero de 2016. Entrega del informe de disposición de residuos. Expediente 51902.",15_04_Comunic_Recibidas/2020/CI004_GP-12433_070108_CON_1111_CUMPLI_AUTO_CAR_058.pdf
1473,2,CONCESION ALTO MAGDALENA S.A.S.,,CONSORCIO 4C,GP-13184,28/08/2020,Respuesta a su comunicación CI.004/GP8342/20/5.3 (Rad. Interno ALMA-R-2020-1610 del 21/08/2020). Pólizas Contrato de Concesión.,15_04_Comunic_Recibidas/2020/CI004_GP-13184_050300_CON_2239_POLIZAS_RCE.pdf
1475,2,CONCESIÓN ALTO MAGDALENA S.A.S.,ALMA-2020-1756,CONSORCIO 4C,GP-12876,03/07/2020,"Acta No. 15 Ejecución de obras de protección, traslado o reubicación de Redes Eléctricas e Hidrocarburos.",15_04_Comunic_Recibidas/2020/CI004_GP-12876_070115_CON_1756_ACTA_N15_REDES.pdf
1477,1,,,CONSORCIO 4C,GP-12530,,,15_04_Comunic_Recibidas/2020/CI004_GP-12530_070108_CON_1223_DISPOSI_RESIDUOS_EXP_51729.pdf
1474,10,CONCESION ALTO MAGDALENA S.A.S.,,CONSORCIO 4C,GP-13736,23/12/2020,Respuesta oficio CAR 07202102127 (Rad. Int. ALMA-R-2020-1933 del 13/10/2020). Seguimiento permisos otorgados. Expediente: 51971,15_04_Comunic_Recibidas/2020/CI004_GP-13736_070108_CON_3144_SEG_PERM_OTORG_EXP_51971.pdf
1478,2,,,CONSORCIO 4C,GP-13231,,,15_04_Comunic_Recibidas/2020/CI004_GP-13231_070109_CON_2340_ESPACIO_PUB_DEC_2770.pdf
1481,2,,,CONSORCIO 4C,GP-13467,,,15_04_Comunic_Recibidas/2020/CI004_GP-13467_070110_CON_2693_PAG_SEGYSAL_JUL_JUN20.pdf
1479,10,,,CONSORCIO 4C,GP-13692,,,15_04_Comunic_Recibidas/2020/CI004_GP-13692_070108_CON_3089_SEG_PERM_OTORG_EXP_51482.pdf
1480,2,,,CONSORCIO 4C,GP-12236,,,15_04_Comunic_Recibidas/2020/CI004_GP-12236_050300_ANI_010189-1_LINEA_RESOL_471.pdf
1476,1,CONCESIÓN ALTO MAGDALENA S.A.S.,,CONSORCIO 4C,GP-12204,13/03/2020,Respuesta comunicación CI.004/GP7628/20/7.4.1 (Rad Int. ALMA-2020-0546 del 05/03/2020) Entrega expediente ALMA-5-0070 para aprobación de insumos prediales.,15_04_Comunic_Recibidas/2020/CI004_GP-12204_070401_CON_0747_EXP_PREDIAL.pdf
1483,1,,,CONSORCIO 4C,GP-12874,,,15_04_Comunic_Recibidas/2020/CI004_GP-12874_070110_CON_1751_INFO_SISMEDICA.pdf
1482,3,,,CONSORCIO 4C,GP-12021,,,15_04_Comunic_Recibidas/2020/CI004_GP-12021_070109_CON_0512_COSO_MUNICIPAL.pdf
1485,5,,,CONSORCIO 4C,GP-11866,,,15_04_Comunic_Recibidas/2020/CI004_GP-11866_050300_CON_0280_AMPLIA_EER_UF2.pdf
1484,1,,,CONSORCIO 4C,GP-12923,,,15_04_Comunic_Recibidas/2020/CI004_GP-12923_070406_CON_1752_EXP_AVALUO.pdf
1487,6,,,CONSORCIO 4C,GP-12966,,,15_04_Comunic_Recibidas/2020/CI004_GP-12966_070109_CON_1907_PROTEC_FAJAS_EXCLUSION.pdf
1486,1,,,CONSORCIO 4C,GP-11838,,,15_04_Comunic_Recibidas/2020/CI004_GP-11838_070209_CON_0110_ACTA_VPIP_DIC19.pdf
1489,4,,,CONSORCIO 4C,GP-13608,,,15_04_Comunic_Recibidas/2020/CI004_GP-13608_070109_CON_2951_PROTEC_BIENES_USO_PUB.pdf
1488,1,,,CONSORCIO 4C,GP-12718,,,15_04_Comunic_Recibidas/2020/CI004_GP-12718_070115_CON_1480_ACTA_N15_REDES.pdf
1491,2,,,CONSORCIO 4C,GP-13018,,,15_04_Comunic_Recibidas/2020/CI004_GP-13018_070110_CON_1994_PROTOCOL_BIOSEG_COBID-19.pdf
1493,1,,,CONSORCIO 4C,GP-13765,,,15_04_Comunic_Recibidas/2020/CI004_GP-13765_070114_ANI_040054-1_OCUPA_TEMPO_RUTA_79.pdf
1490,4,,,CONSORCIO 4C,GP-13757,,,15_04_Comunic_Recibidas/2020/CI004_GP-13757_070108_CON_3200_SOPORT_PAG_AMB_EXP_60705.pdf
1492,2,,,CONSORCIO 4C,GP-13186,,,15_04_Comunic_Recibidas/2020/CI004_GP-13186_070110_CON_2219_PAG_SEGYSAL_JUN_MAY20.pdf
1494,1,,,CONSORCIO 4C,GP-12088,,,15_04_Comunic_Recibidas/2020/CI004_GP-12088_070406_CON_03906_EXP_AVALUO.pdf
1495,2,,,CONSORCIO 4C,GP-12032,,,15_04_Comunic_Recibidas/2020/CI004_GP-12032_050300-070102_CON_0514_CTROL_CALIDAD_AVALUOS.pdf
1496,1,,,CONSORCIO 4C,GP-12713,,,15_04_Comunic_Recibidas/2020/CI004_GP-12713_050300_CON_1471_FICHA_TEC_SISTEMA_CTROL_TRAFI.pdf
1497,1,,,CONSORCIO 4C,GP-12624,,,15_04_Comunic_Recibidas/2020/CI004_GP-12624_070208_CON_1343_FOR_GCSP_F009_ABR20.pdf
1499,1,,,CONSORCIO 4C,GP-12043,,,15_04_Comunic_Recibidas/2020/CI004_GP-12043_070202_FBTA_002083_RENDICION_CTAS_IISEMEST.pdf
1498,1,,,CONSORCIO 4C,GP-13207,,,15_04_Comunic_Recibidas/2020/CI004_GP-13207_070402_ANI_025295-1_PROG_INFO_PARTICIPA.pdf
1500,1,,,CONSORCIO 4C,GP-13156,,,15_04_Comunic_Recibidas/2020/CI004_GP-13156_070401_CON_2165_EXP_PREDIAL.pdf
1501,1,,,CONSORCIO 4C,GP-13538,,,15_04_Comunic_Recibidas/2020/CI004_GP-13538_070201_CON_2818_INF_ING_EGRES_OCT20.pdf
1502,1,,,CONSORCIO 4C,GP-12217,,,15_04_Comunic_Recibidas/2020/CI004_GP-12217_070108_CON_0838_INF_30_EER_EXP_52038.pdf
1504,1,,,CONSORCIO 4C,GP-12232,,,15_04_Comunic_Recibidas/2020/CI004_GP-12232_070108_CON_0855_AUTO_DRMC_0137.pdf
1506,1,,,CONSORCIO 4C,GP-12978,,,15_04_Comunic_Recibidas/2020/CI004_GP-12978_070402_CON_1504_EXP_SOCIAL.pdf
1503,2,,,CONSORCIO 4C,GP-13109,,,15_04_Comunic_Recibidas/2020/CI004_GP-13109_070108_CON_2108_SOPORT_PAG_AMB_EXP_62204.pdf
1505,1,,,CONSORCIO 4C,GP-12867,,,15_04_Comunic_Recibidas/2020/CI004_GP-12867_070406_CON_1715_EXP_AVALUO.pdf
1507,4,,,CONSORCIO 4C,GP-11932,,,15_04_Comunic_Recibidas/2020/CI004_GP-11932_070108_CON_0383_OCUP_CAUCE_K113+140.pdf
1508,2,,,CONSORCIO 4C,GP-12569,,,15_04_Comunic_Recibidas/2020/CI004_GP-12569_070108_CON_1274_INF_N07_RESOL_1928.pdf
1509,1,,,CONSORCIO 4C,GP-12731,,,15_04_Comunic_Recibidas/2020/CI004_GP-12731_050300_CON_1483_DEMOLI_PTE_GUARINO.pdf
1510,1,,,CONSORCIO 4C,GP-12516,,,15_04_Comunic_Recibidas/2020/CI004_GP-12516_070108_CON_1209_MEDIDA_COMPENSA_EXP_52182.pdf
1511,1,,,CONSORCIO 4C,GP-11796,,,15_04_Comunic_Recibidas/2020/CI004_GP-11796_070406_CON_0172_EXP_AVALUO.pdf
1512,2,,,CONSORCIO 4C,GP-12572,,,15_04_Comunic_Recibidas/2020/CI004_GP-12572_070108_CON_1281_LEV_VEDA_RESOL_2602.pdf
1513,6,,,CONSORCIO 4C,GP-13191,,,15_04_Comunic_Recibidas/2020/CI004_GP-13191_070104_CON_2252_PARCHEOS_UF5.2.pdf
1514,5,,,CONSORCIO 4C,GP-11765,,,15_04_Comunic_Recibidas/2020/CI004_GP-11765_070109_ANI_000892-1_QUEJ_ESTAD_VIA_GDOT-NARIÑO.pdf
1516,5,,,CONSORCIO 4C,GP-11706,,,15_04_Comunic_Recibidas/2020/CI004_GP-11706_070110_CON_0012_INCUMP_CONDI_SST_UF2_UF3.pdf
1515,1,,,CONSORCIO 4C,GP-12165,,,15_04_Comunic_Recibidas/2020/CI004_GP-12165_070401_CON_0712_EXP_PREDIAL.pdf
1518,1,,,CONSORCIO 4C,GP-12763,,,15_04_Comunic_Recibidas/2020/CI004_GP-12763_070406_CON_1494_EXP_AVALUO.pdf
1517,2,,,CONSORCIO 4C,GP-12000,,,15_04_Comunic_Recibidas/2020/CI004_GP-12000_070109-070400_ANI_004525-1_NORMAS_NIIF.pdf
1519,14,,,CONSORCIO 4C,GP-11790,,,15_04_Comunic_Recibidas/2020/CI004_GP-11790_050300-090300_CON_0168_INCUMP_ESPEC_TEC_UF2.pdf
1520,1,,,CONSORCIO 4C,GP-13022,,,15_04_Comunic_Recibidas/2020/CI004_GP-13022_070108_CON_2016_INF_52_EER_EXP_52038.pdf
1521,2,,,CONSORCIO 4C,GP-12448,,,15_04_Comunic_Recibidas/2020/CI004_GP-12448_070108_CON_1126_SIEMBRA_COMPENSA_52053.pdf
1522,1,,,CONSORCIO 4C,GP-13157,,,15_04_Comunic_Recibidas/2020/CI004_GP-13157_070404_CON_2166_EXP_EXPRO.pdf
1523,4,,,CONSORCIO 4C,GP-12740,,,15_04_Comunic_Recibidas/2020/CI004_GP-12740_070202_FBTA_SINNUMERO_INF_ING_EGRE_ABR20.pdf
1524,2,,,CONSORCIO 4C,GP-12615,,,15_04_Comunic_Recibidas/2020/CI004_GP-12615_070108-070109_CON_1333_GEST_RIESG_DESASTRES.pdf
1525,2,,,CONSORCIO 4C,GP-12380,,,15_04_Comunic_Recibidas/2020/CI004_GP-12380_070108_CON_1040_CUMPLI_AUTO_DRMC_0245.pdf
1526,1,,,CONSORCIO 4C,GP-12654,,,15_04_Comunic_Recibidas/2020/CI004_GP-12654_070108_CON_1377_DISPOSI_RESIDUOS_EXP_51709.pdf
1528,10,,,CONSORCIO 4C,GP-13703,,,15_04_Comunic_Recibidas/2020/CI004_GP-13703_070108_CON_3100_SEG_PERM_OTORG_EXP_51500.pdf
1529,4,,,CONSORCIO 4C,GP-13309,,,15_04_Comunic_Recibidas/2020/CI004_GP-13309_070109_CON_2473_PROTEC_BIEN_USO_PUB.pdf
1530,1,,,CONSORCIO 4C,GP-11714,,,15_04_Comunic_Recibidas/2020/CI004_GP-11714_070406_CON_03068_EXP_AVALUO.pdf
1527,2,,,CONSORCIO 4C,GP-12768,,,15_04_Comunic_Recibidas/2020/CI004_GP-12768_070109_CON_1562_RECUPE_ESPACIO_PUB.pdf
1531,1,,,CONSORCIO 4C,GP-12859,,,15_04_Comunic_Recibidas/2020/CI004_GP-12859_070500_CON_1739_MEMOTEC_MAYO20.pdf
1532,12,,,CONSORCIO 4C,GP-11833,,,15_04_Comunic_Recibidas/2020/CI004_GP-11833_070108_CON_0197_ACOPIO_AREAS_REMANENT_UF2_3.pdf
1533,1,,,CONSORCIO 4C,GP-11699,,,15_04_Comunic_Recibidas/2020/CI004_GP-11699_050300_ANI_045178-1_ACTA_EER_ESPAC_PUB.pdf
1534,6,,,CONSORCIO 4C,GP-12918,,,15_04_Comunic_Recibidas/2020/CI004_GP-12918_050300-090300_CON_1840_RETROSPE_VERFICA_UF1_2_3.pdf
1535,1,,,CONSORCIO 4C,GP-13164,,,15_04_Comunic_Recibidas/2020/CI004_GP-13164_070401_CON_1950_INF_PREDIAL_JUL20.pdf
1536,1,,,CONSORCIO 4C,GP-12949,,,15_04_Comunic_Recibidas/2020/CI004_GP-12949_070108_CON_1875_SIEMBRA_COMPENSA_60748.pdf
1537,1,,,CONSORCIO 4C,GP-12381,,,15_04_Comunic_Recibidas/2020/CI004_GP-12381_070108_CON_1026_CUMPLI_RESOL_CAR_0770.pdf
1538,2,,,CONSORCIO 4C,GP-13442,,,15_04_Comunic_Recibidas/2020/CI004_GP-13442_070202_CON_2651_INFO_ESTADIST_III_TRIME.pdf
1539,1,,,CONSORCIO 4C,GP-12263,,,15_04_Comunic_Recibidas/2020/CI004_GP-12263_070108_CON_0896_RESOL_CAR_0767.pdf
1540,1,,,CONSORCIO 4C,GP-12915,,,15_04_Comunic_Recibidas/2020/CI004_GP-12915_070108_CON_1815_CAR_03202103569_EXP_51909.pdf
1541,1,,,CONSORCIO 4C,GP-12623,,,15_04_Comunic_Recibidas/2020/CI004_GP-12623_070202_CON_1342_FOR_GCSP_F001_ABR20.pdf
1542,1,,,CONSORCIO 4C,GP-12937,,,15_04_Comunic_Recibidas/2020/CI004_GP-12937_070108_CON_1849_RESOL_CAR_DRMC_1088.pdf
1543,1,,,CONSORCIO 4C,GP-13413,,,15_04_Comunic_Recibidas/2020/CI004_GP-13413_070210_CON_2614_ACTAS_RETRIBU_UF2_2019.pdf
1544,1,,,CONSORCIO 4C,GP-12913,,,15_04_Comunic_Recibidas/2020/CI004_GP-12913_070108_CON_1813_CAR_03202103546_EXP_51859.pdf
1545,1,,,CONSORCIO 4C,GP-13392,,,15_04_Comunic_Recibidas/2020/CI004_GP-13392_070108_CON_2582_REPORTE_SIEMBRA_RESOL_1128.pdf
1546,4,,,CONSORCIO 4C,GP-13057,,,15_04_Comunic_Recibidas/2020/CI004_GP-13057_070401_CON_2048_INF_SEM_OLYMPUS.pdf
1547,1,,,CONSORCIO 4C,GP-13387,,,15_04_Comunic_Recibidas/2020/CI004_GP-13387_070401_CON_2566_EXP_FINALES.pdf
1548,1,,,CONSORCIO 4C,GP-12958,,,15_04_Comunic_Recibidas/2020/CI004_GP-12958_070108_CON_1871_INF_COMPENSA_AMB.pdf
1549,1,,,CONSORCIO 4C,GP-12830,,,15_04_Comunic_Recibidas/2020/CI004_GP-12830_070406_CON_1424_EXP_AVALUO.pdf
1550,2,,,CONSORCIO 4C,GP-13364,,,15_04_Comunic_Recibidas/2020/CI004_GP-13364_070109_CON_2543_PROTEC_BIENES_USO_PUB.pdf
1551,1,,,CONSORCIO 4C,GP-13619,,,15_04_Comunic_Recibidas/2020/CI004_GP-13619_070401_CON_2931_EXP_PREDIAL.pdf
1552,1,,,CONSORCIO 4C,GP-12423,,,15_04_Comunic_Recibidas/2020/CI004_GP-12423_070108_CON_1082_CUMPLI_AUTO_CAR_096.pdf
1553,1,,,CONSORCIO 4C,GP-11727,,,15_04_Comunic_Recibidas/2020/CI004_GP-11727_070401_CON_0023_EXP_PREDIAL.pdf
1554,1,,,CONSORCIO 4C,GP-12822,,,15_04_Comunic_Recibidas/2020/CI004_GP-12822_070406_CON_1425_EXP_AVALUO.pdf
1555,6,,,CONSORCIO 4C,GP-12853,,,15_04_Comunic_Recibidas/2020/CI004_GP-12853_050300_CON_1721_ACTA_TERMINA_UF5.pdf
1556,1,,,CONSORCIO 4C,GP-13260,,,15_04_Comunic_Recibidas/2020/CI004_GP-13260_070114_TRANSSURENCO_SINNUMERO_PERMIS_TRANS.pdf
1557,7,,,CONSORCIO 4C,GP-11774,,,15_04_Comunic_Recibidas/2020/CI004_GP-11774_070207-070301_ANI_000811-1_TARIFAS_PEAJES_2020.pdf
1558,1,,,CONSORCIO 4C,GP-13345,,,15_04_Comunic_Recibidas/2020/CI004_GP-13345_070402_CON_2297_EXP_SOCIAL.pdf
1559,1,,,CONSORCIO 4C,GP-12837,,,15_04_Comunic_Recibidas/2020/CI004_GP-12837_070406_CON_1667_AVALUOS_IGAC.pdf
1560,1,,,CONSORCIO 4C,GP-12151,,,15_04_Comunic_Recibidas/2020/CI004_GP-12151_070202_FBTA_004021_INFORME_ENER020.pdf
1561,1,,,CONSORCIO 4C,GP-12563,,,15_04_Comunic_Recibidas/2020/CI004_GP-12563_070500_CON_1275_INF_MEN_N66_ABR20.pdf
1562,10,,,CONSORCIO 4C,GP-13751,,,15_04_Comunic_Recibidas/2020/CI004_GP-13751_070108_CON_3159_SEG_PERM_OTORG_EXP_62721.pdf
1563,4,,,CONSORCIO 4C,GP-13353,,,15_04_Comunic_Recibidas/2020/CI004_GP-13353_070108_CON_2528_ASPECT_IMPAC_AMB.pdf
1564,2,,,CONSORCIO 4C,GP-13266,,,15_04_Comunic_Recibidas/2020/CI004_GP-13266_070108_CON_2425_SIEMBRA_COMPENSA_EXP_51527.pdf
1565,2,,,CONSORCIO 4C,GP-12049,,,15_04_Comunic_Recibidas/2020/CI004_GP-12049_070301_CON_0542_BOLETERIA_GUATAQUI.pdf
1566,10,,,CONSORCIO 4C,GP-12241,,,15_04_Comunic_Recibidas/2020/CI004_GP-12241_070304_CON_0883_SECTORES_CRITICOS_ACCIDENT.pdf
1567,2,,,CONSORCIO 4C,GP-12367,,,15_04_Comunic_Recibidas/2020/CI004_GP-12367_070108_CON_1017_INF_TEC_N1_EXP_51489.pdf
1568,10,,,CONSORCIO 4C,GP-13747,,,15_04_Comunic_Recibidas/2020/CI004_GP-13747_070108_CON_3155_SEG_PERM_OTORG_EXP_60686.pdf
1569,2,,,CONSORCIO 4C,GP-13038,,,15_04_Comunic_Recibidas/2020/CI004_GP-13038_070108_CON_1992_RESIEMBRA_CAR_DRAM0447.pdf
1570,1,,,CONSORCIO 4C,GP-13016,,,15_04_Comunic_Recibidas/2020/CI004_GP-13016_070202_CON_1896_DEVOL_SALDO_A_FAVOR.pdf
1571,1,CONCESIÓN ALTO MAGDALENA S.A.S.,,CONSORCIO 4C,GP-12374,17/04/2020,Cumplimiento artículo 4 Resolución CAR No 0711 del 6 de abril del 2016. Entrega Informe establecimiento medida compensatoria Expediente 52018.,15_04_Comunic_Recibidas/2020/CI004_GP-12374_070108_CON_1024_CUMPLI_RESOL_CAR_0711_.pdf
1572,10,CONCESION ALTO MAGDALENA S.A.S.,,CONSORCIO 4C,GP-13749,23/12/2020,Respuesta oficio CAR 07202102127 (Rad. Int. ALMA-R-2020-1933 del 13/10/2020). Seguimiento permisos otorgados. Expediente: 62275,15_04_Comunic_Recibidas/2020/CI004_GP-13749_070108_CON_3157_SEG_PERM_OTORG_EXP_62275.pdf
1573,1,CONCESIÓN ALTO MAGDALENA S.A.S.,,CONSORCIO 4C,GP-11777,15/01/2020,Respuesta comunicación Nro. CI.004/GP6921/19/7.4.4 ALMA-3-0134,15_04_Comunic_Recibidas/2020/CI004_GP-11777_070404_CON_0106_EXP_EXPRO.pdf
1574,1,CONCESION ALTO MAGDALENA S.A.S.,6R.29,CONSORCIO 4C,GP-12912,09/07/2020,Respuesta a su oficio CAR 03202103545 (Rad. Interno ALMA-R-2020-1094 del 5/06/2020). Respuesta al radicado 20201119023. Expediente: 51734,15_04_Comunic_Recibidas/2020/CI004_GP-12912_070108_CON_1812_CAR_03202103545_EXP_51734.pdf
1577,3,CONCESIÓN ALTO MAGDALENA S.A.S.,,CONSORCIO 4C,GP-12053,18/02/2020,Acciones para la construcción y funcionamiento COSO MUNICIPAL,15_04_Comunic_Recibidas/2020/CI004_GP-12053_070109_CON_0504_COSO_MUNICIPAL.pdf
1576,4,CONCESION ALTO MAGDALENA S.A.S.,,CONSORCIO 4C,GP-12390,17/04/2020,Respuesta comunicación S-2020-028549-DETOL del 19 de marzo de 2020. Elementos pendientes por ser entregados.,15_04_Comunic_Recibidas/2020/CI004_GP-12390_070104_CON_1051_ELEMENTOS_PDTES_ENTREG.pdf
1575,1,CONCESIÓN ALTO MAGDALENA S.A.S.,ALMA-2020-0837,CONSORCIO 4C,GP-12216,25/03/2020,Informe 29 Evento Eximente de Responsabilidad (EER) del expediente 52038.,15_04_Comunic_Recibidas/2020/CI004_GP-12216_070108_CON_0837_INF_29_EER_EXP_52038.pdf
1578,8,CONCESIÓN ALTO MAGDALENA S.A.S.,,CONSORCIO 4C,GP-12669,19/05/2020,Cronograma puesta a punto corredor medición de indicadores contractuales una vez finalice el aislamiento dictado por el Gobierno.,15_04_Comunic_Recibidas/2020/CI004_GP-12669_050300-070303_CON_1397_MEDICION_INDICADOR.pdf
1579,1,CONCESIÓN ALTO MAGDALENA S.A.S.,ALMA-2020-1378,CONSORCIO 4C,GP-12655,18/05/2020,"Cumplimiento obligación artículo 2 del Auto CAR DRAM No. 0168 del 04 de febrero de 2020, y Resolución CAR No. 0431 del 25 de febrero de 2016. Entrega del informe de disposición de residuos. Expediente 51716.",15_04_Comunic_Recibidas/2020/CI004_GP-12655_070108_CON_1378_DISPOSI_RESIDUOS_EXP_51716.pdf
1580,1,CONCESION ALTO MAGDALENA S.A.S.,,CONSORCIO 4C,GP-13502,06/11/2020,Siembra medida compensatoria Autorización 54 del 11 de julio del 2019. Expediente 76018.,15_04_Comunic_Recibidas/2020/CI004_GP-13502_070108_CON_2762_SIEMBRA_COMPENSA_EXP_76018.pdf
1581,4,CONCESION ALTO MAGDALENA S.A.S.,,CONSORCIO 4C,GP-13681,22/12/2020,Respuesta solicitud reparación patologías carpeta rodadura Nuevo Puente de Honda PR 3+600 RN 50CN04 – Contrato No. 1796 de 2015.,15_04_Comunic_Recibidas/2020/CI004_GP-13681_050300_CON_3128_REPARA_PATOLOGIAS_NPH.pdf
1582,10,CONCESION ALTO MAGDALENA S.A.S.,,CONSORCIO 4C,GP-13731,23/12/2020,Respuesta oficio CAR 07202102127 (Rad. Int. ALMA-R-2020-1933 del 13/10/2020). Seguimiento permisos otorgados. Expediente: 51964,15_04_Comunic_Recibidas/2020/CI004_GP-13731_070108_CON_3139_SEG_PERM_OTORG_EXP_51964.pdf
1584,4,CONCESIÓN ALTO MAGDALENA S.A.S.,ALMA-2020-2525,CONSORCIO 4C,GP-13358,30/09/2020,Alcance comunicación ALMA-2019-02228 (Rad CAR 20191132329 del 09/07/2019). Siembra medida compensatoria Expediente 51961.,15_04_Comunic_Recibidas/2020/CI004_GP-13358_070108_CON_2525_SIEMBRA_COMPENSA.pdf
1585,1,CONCESIÓN ALTO MAGDALENA S.A.S.,ALMA-2020-2141,CONSORCIO 4C,GP-13125,20/08/2020,"Entrega Informe en cumplimiento obligaciones resolución 2129 del 30/09/2015 UF 4.1. Expediente DBBSE ATV 0272, Expediente ANLA LAV0004-00-2016",15_04_Comunic_Recibidas/2020/CI004_GP-13125_070108_CON_2141_INF_CUMPLI_RESOL_2129.pdf
1583,1,TRANS SURENCO S.A.S,,CONSORCIO 4C,GP-13326,21/09/2020,SOLICITUD PERMISO DE TRANSITO,15_04_Comunic_Recibidas/2020/CI004_GP-13326_070114_TRANSSURENCO_SINNUMERO_PERMIS_TRANS.pdf
1586,1,CONCESIÓN ALTO MAGDALENA S.A.S.,ALMA-2020-1037,CONSORCIO 4C,GP-12377,17/04/2020,Cumplimiento artículo 2 Auto DRAM 058 enero 20 del 2020. Entrega informe sobre las acciones para el cumplimiento de la medida compensatoria por ocupación de cauce. Expediente 51902.,15_04_Comunic_Recibidas/2020/CI004_GP-12377_070108_CON_1037_CUMPLI_AUTO_DRAM_058.pdf
1587,1,CONCESIÓN ALTO MAGDALENA S.A.S.,,CONSORCIO 4C,GP-13021,03/08/2020,Informe 51 Evento Eximente de Responsabilidad (EER) del expediente 52038.,15_04_Comunic_Recibidas/2020/CI004_GP-13021_070108_CON_2015_INF_51_EER_EXP_52038.pdf
1588,1,AGENCIA NACIONAL DE INFRAESTRUCTURA,2020-409-000012-4,CONSORCIO 4C,GP-12798,16/03/2020,"Implementación medidas fijadas por el Gobierno Nacional, ante la presencia de la enfermedad por el COVID-19.",15_04_Comunic_Recibidas/2020/CI004_GP-12798_050300_ANI_000012-4_IMPLEMENTA_COVID-19.pdf
1589,1,CONCESIÓN ALTO MAGDALENA S.A.S.,ALMA-2020-1380,CONSORCIO 4C,GP-12648,18/05/2020,Cumplimiento obligación artículo 2 del Auto CAR DRAM No. 0170 del 04 de febrero de 2020 y Resolución CAR No. 0418 del 24 de febrero de 2016. Entrega del informe de disposición de residuos. Expediente 51711.,15_04_Comunic_Recibidas/2020/CI004_GP-12648_070108_CON_1380_DISPOSI_RESIDUOS_EXP_51711.pdf
1590,1,CONCESIÓN ALTO MAGDALENA S.A.S.,,CONSORCIO 4C,GP-13506,10/11/2020,Solicitud visita aval técnico del predio California 3. Expedientes 66961 y 69115,15_04_Comunic_Recibidas/2020/CI004_GP-13506_070108_CON_2787_VISITA_PREDIO_EXP_66961_69115.pdf
1591,4,CONCESIÓN ALTO MAGDALENA S.A.S.,,CONSORCIO 4C,GP-12538,06/05/2020,Respuesta comunicado CI.004/GP7799/20/7.5 (Rad. Interno ALMA-R-2020-0778 del 16/04/2020). Revisión Memoria Técnica Febrero del 2020.,15_04_Comunic_Recibidas/2020/CI004_GP-12538_070500_CON_1253_REV_MEMOTEC_FEB20.pdf
1592,2,CONCESIÓN ALTO MAGDALENA S.A.S.,,CONSORCIO 4C,GP-12847,26/06/2020,Cumplimiento obligación Autos ANLA 08521 del 07 de octubre de 2019 y 08595 del 08 de octubre de 2019. Entrega soporte de pago seguimiento ambiental y documental espacial para el año 2019. Expediente LAV0004-00-2016.,15_04_Comunic_Recibidas/2020/CI004_GP-12847_070108_CON_1698_PAGO_SEGUI_AMB.pdf
1593,4,CONCESION ALTO MAGDALENA S.A.S.,,CONSORCIO 4C,GP-13172,26/08/2020,Respuesta comunicado ANI No 2020-305-003258-1 - Cumplimiento obligaciones contractuales Peaje Guataquí – Rad. ANI No 20204090109892 del 04 de febrero de 2020.,15_04_Comunic_Recibidas/2020/CI004_GP-13172_070301_CON_2212_OBLIG_PEAJE_GUATAQUI.pdf
1595,1,CONCESIÓN ALTO MAGDALENA S.A.S,ALMA-2020-1204,CONSORCIO 4C,GP-12511,04/05/2020,Entrega Formato ANI-GCSP-F-203 Informe Ejecutivo – abril de 2020,15_04_Comunic_Recibidas/2020/CI004_GP-12511_070109_CON_1204_FOR_GCSP_F203_ABR20.pdf
1594,4,CONCESION ALTO MAGDALENA S.A.S,,CONSORCIO 4C,GP-13321,22/09/2020,"Respuesta oficio 8201-02-12014 (Rad. Int. ALMA-R-2020-1107 del 08/06/2020). Información áreas intervenidas y jurisdicciones, permiso de levantamiento temporal de veda, otorgado mediante Resolución 2602 del 18 de diciembre de 2015. Expediente ATV00275.",15_04_Comunic_Recibidas/2020/CI004_GP-13321_070108_CON_2485_LEV_VEDA_RESOL_2602.pdf
1596,1,,,CONSORCIO 4C,GP-12517,,,15_04_Comunic_Recibidas/2020/CI004_GP-12517_070108_CON_1211_MEDIDA_COMPENSA_EXP_51852.pdf
1597,10,,,CONSORCIO 4C,GP-13708,,,15_04_Comunic_Recibidas/2020/CI004_GP-13708_070108_CON_3105_SEG_PERM_OTORG_EXP_51507.pdf
1598,2,,,CONSORCIO 4C,GP-12224,,,15_04_Comunic_Recibidas/2020/CI004_GP-12224_070401_CON_0844_REPORTE_PREDIOS_OLYMPUS.pdf
1599,1,,,CONSORCIO 4C,GP-12522,,,15_04_Comunic_Recibidas/2020/CI004_GP-12522_070108_CON_1215_DISPOSI_RESIDUOS_EXP_51909.pdf
1600,1,,,CONSORCIO 4C,GP-12551,,,15_04_Comunic_Recibidas/2020/CI004_GP-12551_070108_CON_1242_MEDIDA_COMPENSA_EXP_62041.pdf
1601,2,,,CONSORCIO 4C,GP-12643,,,15_04_Comunic_Recibidas/2020/CI004_GP-12643_070108_CON_1367_INF_N07_RESOL_2601.pdf
1602,1,,,CONSORCIO 4C,GP-11961,,,15_04_Comunic_Recibidas/2020/CI004_GP-11961_070108_CON_0350_CUMPLI_COMPENSA_EXP_51538.pdf
1603,1,,,CONSORCIO 4C,GP-12375,,,15_04_Comunic_Recibidas/2020/CI004_GP-12375_070108_CON_1025_CUMPLI_RESOL_CAR_0764.pdf
1606,10,,,CONSORCIO 4C,GP-13714,,,15_04_Comunic_Recibidas/2020/CI004_GP-13714_070108_CON_3111_SEG_PERM_OTORG_EXP_51524.pdf
1605,2,,,CONSORCIO 4C,GP-12603,,,15_04_Comunic_Recibidas/2020/CI004_GP-12603_070108-070109_CON_1318_GEST_RIESG_DESASTRES.pdf
1604,4,,,CONSORCIO 4C,GP-12877,,,15_04_Comunic_Recibidas/2020/CI004_GP-12877_070401_CON_1750_PAGO_COMPENSA.pdf
1607,10,,,CONSORCIO 4C,GP-13722,,,15_04_Comunic_Recibidas/2020/CI004_GP-13722_070108_CON_3119_SEG_PERM_OTORG_EXP_51538.pdf
1608,3,,,CONSORCIO 4C,GP-11975,,,15_04_Comunic_Recibidas/2020/CI004_GP-11975_070108_CON_0408_CUMPLI_AUTO_DRBM_0163.pdf
1610,6,,,CONSORCIO 4C,GP-12285,,,15_04_Comunic_Recibidas/2020/CI004_GP-12285_070303_CON_0949_INDICES_CUMPLIMIENTO.pdf
1609,1,,,CONSORCIO 4C,GP-11941,,,15_04_Comunic_Recibidas/2020/CI004_GP-11941_050300_CON_0412_FONDEO_SUBCTA_INTERV.pdf
1611,6,,,CONSORCIO 4C,GP-12789,,,15_04_Comunic_Recibidas/2020/CI004_GP-12789_050300-070208_CON_1590_RECAUDO_PEAJES.pdf
1612,2,,,CONSORCIO 4C,GP-13028,,,15_04_Comunic_Recibidas/2020/CI004_GP-13028_070109_ANI_000037-4_ENCUESTA_EQUID_GENERO.pdf
1613,2,,,CONSORCIO 4C,GP-12028,,,15_04_Comunic_Recibidas/2020/CI004_GP-12028_070109_CON_0418_RIESG_DESPLAZA_FORZAD.pdf
1614,3,,,CONSORCIO 4C,GP-12017,,,15_04_Comunic_Recibidas/2020/CI004_GP-12017_070109_CON_0508_COSO_MUNICIPAL.pdf
1616,4,,,CONSORCIO 4C,GP-12673,,,15_04_Comunic_Recibidas/2020/CI004_GP-12673_090300-070115_CON_1401_PDTES_UF3_ILUMINA.pdf
1618,1,,,CONSORCIO 4C,GP-12470,,,15_04_Comunic_Recibidas/2020/CI004_GP-12470_070108_CON_1142_INF_N38_EER_EXP_52038.pdf
1615,8,,,CONSORCIO 4C,GP-12664,,,15_04_Comunic_Recibidas/2020/CI004_GP-12664_070303_CON_1395_INDIC_CUMPLIMIENTO.pdf
1617,2,,,CONSORCIO 4C,GP-12611,,,15_04_Comunic_Recibidas/2020/CI004_GP-12611_070108-070109_CON_1329_GEST_RIESG_DESASTRES.pdf
1619,10,,,CONSORCIO 4C,GP-13702,,,15_04_Comunic_Recibidas/2020/CI004_GP-13702_070108_CON_3099_SEG_PERMI_OTORG_EXP_51499.pdf
1621,1,,,CONSORCIO 4C,GP-12506,,,15_04_Comunic_Recibidas/2020/CI004_GP-12506_070108_CON_1180_DISPOSI_RESIDUOS_EXP_60604.pdf
1622,4,,,CONSORCIO 4C,GP-13520,,,15_04_Comunic_Recibidas/2020/CI004_GP-13520_070109_CON_2799_BROCHE_DESCARGA_VOLQUETAS.pdf
1620,2,,,CONSORCIO 4C,GP-13037,,,15_04_Comunic_Recibidas/2020/CI004_GP-13037_070108_CON_1990_COMPENSA_ACUERDO_019.pdf
1623,1,,,CONSORCIO 4C,GP-11747,,,15_04_Comunic_Recibidas/2020/CI004_GP-11747_070406_CON_0075_EXP_AVALUO.pdf
1624,1,,,CONSORCIO 4C,GP-13068,,,15_04_Comunic_Recibidas/2020/CI004_GP-13068_070108_CON_2066_ICA_01.pdf
1625,2,,,CONSORCIO 4C,GP-13376,,,15_04_Comunic_Recibidas/2020/CI004_GP-13376_050300_CON_2559_NUEVO_CONVENIO_O&M.pdf
1627,1,,,CONSORCIO 4C,GP-13030,,,15_04_Comunic_Recibidas/2020/CI004_GP-13030_070406_CON_1972_EXP_AVALUO.pdf
1626,1,,,CONSORCIO 4C,GP-12515,,,15_04_Comunic_Recibidas/2020/CI004_GP-12515_070108_CON_1208_MEDIDA_COMPENSA_EXP_51783.pdf
1628,1,,,CONSORCIO 4C,GP-13420,,,15_04_Comunic_Recibidas/2020/CI004_GP-13420_070401_CON_2584_EXP_PREDIAL.pdf
1629,1,,,CONSORCIO 4C,GP-12270,,,15_04_Comunic_Recibidas/2020/CI004_GP-12270_070108_CON_0903_MEDIDA_COMPENSA_60683.pdf
1630,4,,,CONSORCIO 4C,GP-11997,,,15_04_Comunic_Recibidas/2020/CI004_GP-11997_070109_ANI_004477-1_DP_JGONZALEZ.pdf
1631,1,,,CONSORCIO 4C,GP-11841,,,15_04_Comunic_Recibidas/2020/CI004_GP-11841_070406_CON_0190_EXP_AVALUO.pdf
1632,1,,,CONSORCIO 4C,GP-13408,,,15_04_Comunic_Recibidas/2020/CI004_GP-13408_070406_CON_2552_EXP_AVALUO.pdf
1633,1,,,CONSORCIO 4C,GP-13499,,,15_04_Comunic_Recibidas/2020/CI004_GP-13499_070210_CON_2775_ACTAS_RETRIBU_UF2.pdf
1634,1,,,CONSORCIO 4C,GP-12942,,,15_04_Comunic_Recibidas/2020/CI004_GP-12942_070108_CON_1867_ESTAD_TRAMITE_REPOSICI.pdf
1635,1,,,CONSORCIO 4C,GP-12235,,,15_04_Comunic_Recibidas/2020/CI004_GP-12235_070202_CON_0867_INVENTA_ACTIVOS.pdf
1636,1,,,CONSORCIO 4C,GP-12507,,,15_04_Comunic_Recibidas/2020/CI004_GP-12507_070108_CON_1181_DISPOSI_RESIDUOS_EXP_52186.pdf
1637,1,,,CONSORCIO 4C,GP-11893,,,15_04_Comunic_Recibidas/2020/CI004_GP-11893_070110_CON_0183_INFO_SEGYSAL.pdf
1639,1,,,CONSORCIO 4C,GP-12838,,,15_04_Comunic_Recibidas/2020/CI004_GP-12838_070406_CON_1668_EXP_AVALUO.pdf
1640,2,,,CONSORCIO 4C,GP-12791,,,15_04_Comunic_Recibidas/2020/CI004_GP-12791_070107_CON_1586_PRUEBA_CARGA_PTE_PEATON_UF5.pdf
1638,4,,,CONSORCIO 4C,GP-13583,,,15_04_Comunic_Recibidas/2020/CI004_GP-13583_070103-070109_CON_2918_INSTALA_MESA_TRABAJO.pdf
1641,1,,,CONSORCIO 4C,GP-13535,,,15_04_Comunic_Recibidas/2020/CI004_GP-13535_070202-070208_FOR_GCSP-F001_OCT20.pdf
1642,2,,,CONSORCIO 4C,GP-12570,,,15_04_Comunic_Recibidas/2020/CI004_GP-12570_070108_CON_1284_INF_ICA_N08_UF1.pdf
1643,4,,,CONSORCIO 4C,GP-12539,,,15_04_Comunic_Recibidas/2020/CI004_GP-12539_070110_CON_1255_REACTIVA_OBRAS.pdf
1644,10,,,CONSORCIO 4C,GP-13700,,,15_04_Comunic_Recibidas/2020/CI004_GP-13700_070108_CON_3097_SEG_PERM_OTORG_EXP_51493.pdf
1645,1,,,CONSORCIO 4C,GP-12382,,,15_04_Comunic_Recibidas/2020/CI004_GP-12382_070108_CON_1028_CUMPLI_RESOL_CAR_0771.pdf
1646,2,,,CONSORCIO 4C,GP-12193,,,15_04_Comunic_Recibidas/2020/CI004_GP-12193_070108_CON_0730_INF_SEMANAL_EER_52038.pdf
1647,6,,,CONSORCIO 4C,GP-12988,,,15_04_Comunic_Recibidas/2020/CI004_GP-12988_070401_CON_1962_INF_SEM_OLYMPUS.pdf
1648,2,,,CONSORCIO 4C,GP-11884,,,15_04_Comunic_Recibidas/2020/CI004_GP-11884_070201-070109_CON_0308_GCSP-F203_ENE.pdf
1649,2,,,CONSORCIO 4C,GP-13375,,,15_04_Comunic_Recibidas/2020/CI004_GP-13375_050300_ANI_000044-4_SCTUD_INFO_COPNIA.pdf
1650,1,,,CONSORCIO 4C,GP-12756,,,15_04_Comunic_Recibidas/2020/CI004_GP-12756_070202_FBTA_008780_INF_MEN_ABR20.pdf
1652,2,,,CONSORCIO 4C,GP-12011,,,15_04_Comunic_Recibidas/2020/CI004_GP-12011_070301-070111-070109_CON_0470_PAS_RESTRING_PTE_UF5.pdf
1651,1,,,CONSORCIO 4C,GP-12479,,,15_04_Comunic_Recibidas/2020/CI004_GP-12479_070108_CON_1153_CUMPLI_AUTO_DRAM_0119.pdf
1653,2,,,CONSORCIO 4C,GP-12400,,,15_04_Comunic_Recibidas/2020/CI004_GP-12400_070401_CON_1059_INF_SEM_OLYMPUS.pdf
1654,2,,,CONSORCIO 4C,GP-12602,,,15_04_Comunic_Recibidas/2020/CI004_GP-12602_070108-070109_CON_1316_GEST_RIESG_DESASTRES.pdf
1655,1,,,CONSORCIO 4C,GP-12622,,,15_04_Comunic_Recibidas/2020/CI004_GP-12622_070201_CON_1341_INF_ING_EGRE_ABR20.pdf
1656,2,,,CONSORCIO 4C,GP-13656,,,15_04_Comunic_Recibidas/2020/CI004_GP-13656_070202_FBTA_SINNUMERO_ESTAD_FINAN_NOV20.pdf
1657,1,,,CONSORCIO 4C,GP-12559,,,15_04_Comunic_Recibidas/2020/CI004_GP-12559_070108_CON_1264_MEDIDA_COMPENSA_EXP_52004.pdf
1658,1,,,CONSORCIO 4C,GP-12898,,,15_04_Comunic_Recibidas/2020/CI004_GP-12898_070108_CON_1789_ACTUAL_PAGA_UF5.1.pdf
1659,1,,,CONSORCIO 4C,GP-13142,,,15_04_Comunic_Recibidas/2020/CI004_GP-13142_070108_CON_2155_INF_DISPOSI_RESIDUOS.pdf
1660,1,,,CONSORCIO 4C,GP-11720,,,15_04_Comunic_Recibidas/2020/CI004_GP-11720_070404_CON_03919_EXP_EXPRO.pdf
1661,3,,,CONSORCIO 4C,GP-13026,,,15_04_Comunic_Recibidas/2020/CI004_GP-13026_070401_CON_2020_ENTREG_EXP_PREDIAL.pdf
1662,1,,,CONSORCIO 4C,GP-13510,,,15_04_Comunic_Recibidas/2020/CI004_GP-13510_070500_CON_2792_INF_TRIM_N24_SOCIAL.pdf
1664,1,,,CONSORCIO 4C,GP-12203,,,15_04_Comunic_Recibidas/2020/CI004_GP-12203_070401_CON_0753_SABANA_PREDIAL.pdf
1663,1,,,CONSORCIO 4C,GP-12005,,,15_04_Comunic_Recibidas/2020/CI004_GP-12005_070404_CON_0178_EXP_EXPRO.pdf
1665,2,,,CONSORCIO 4C,GP-12322,,,15_04_Comunic_Recibidas/2020/CI004_GP-12322_070209_CON_0976_ACTA_CALCULO_VPIP.pdf
1666,18,,,CONSORCIO 4C,GP-11844,,,15_04_Comunic_Recibidas/2020/CI004_GP-11844_050300_CON_0224_EER_ADQUIS_PREDIAL_UF3.pdf
1667,3,,,CONSORCIO 4C,GP-12020,,,15_04_Comunic_Recibidas/2020/CI004_GP-12020_070109_CON_0511_COSO_MUNICIPAL.pdf
1668,6,,,CONSORCIO 4C,GP-12637,,,15_04_Comunic_Recibidas/2020/CI004_GP-12637_070108_CON_1389_MODIFI_ART5_RESOL_128.pdf
1669,1,,,CONSORCIO 4C,GP-12954,,,15_04_Comunic_Recibidas/2020/CI004_GP-12954_070108_CON_1880_SIEMBRA_COMPENSA_62373.pdf
1670,4,,,CONSORCIO 4C,GP-13365,,,15_04_Comunic_Recibidas/2020/CI004_GP-13365_070109_CON_2545_ZONA_ALTO_RIESG_PR5.pdf
1671,1,,,CONSORCIO 4C,GP-13136,,,15_04_Comunic_Recibidas/2020/CI004_GP-13136_070108_CON_2151_INF_DISPOSI_RESIDUOS.pdf
1673,1,,,CONSORCIO 4C,GP-13648,,,15_04_Comunic_Recibidas/2020/CI004_GP-13648_070208_CON_3025_FOR_GCSP_F009_NOV20.pdf
1674,4,,,CONSORCIO 4C,GP-12208,,,15_04_Comunic_Recibidas/2020/CI004_GP-12208_070201_CON_0684_FOR_GCSP-F001_ENE20.pdf
1675,4,,,CONSORCIO 4C,GP-13160,,,15_04_Comunic_Recibidas/2020/CI004_GP-13160_070401_CON_2191_INF_SEM_OLYMPUS.pdf
1672,4,,,CONSORCIO 4C,GP-12621,,,15_04_Comunic_Recibidas/2020/CI004_GP-12621_090300-070108_CON_1340_PDTES_AMB_UF3.pdf
1676,1,,,CONSORCIO 4C,GP-13402,,,15_04_Comunic_Recibidas/2020/CI004_GP-13402_070208_CON_2599_FOR_GCSP-F009_SEP20.pdf
1677,1,,,CONSORCIO 4C,GP-11978,,,15_04_Comunic_Recibidas/2020/CI004_GP-11978_070404_CON_03808_EXP_EXPRO.pdf
1678,2,,,CONSORCIO 4C,GP-12306,,,15_04_Comunic_Recibidas/2020/CI004_GP-12306_070108_CON_0924_VISITA_RESOL_2602.pdf
1679,1,,,CONSORCIO 4C,GP-13451,,,15_04_Comunic_Recibidas/2020/CI004_GP-13451_050300_CON_2668_RADICA_CORRESPONDENCIA.pdf
1680,2,,,CONSORCIO 4C,GP-13624,,,15_04_Comunic_Recibidas/2020/CI004_GP-13624_070202_CON_2979_SCTUD_INFO_ACTIVOS.pdf
1681,2,,,CONSORCIO 4C,GP-12725,,,15_04_Comunic_Recibidas/2020/CI004_GP-12725_070401_ANI_015482-1_PRESENTA_LONJA.pdf
1682,1,,,CONSORCIO 4C,GP-12206,,,15_04_Comunic_Recibidas/2020/CI004_GP-12206_070401-070108_CON_0773_APROBA_TITULOS.pdf
1683,2,,,CONSORCIO 4C,GP-13555,,,15_04_Comunic_Recibidas/2020/CI004_GP-13555_070108_CON_2837_SOPORT_PAG_OCUPA_EXP_51988.pdf
1684,1,,,CONSORCIO 4C,GP-13438,,,15_04_Comunic_Recibidas/2020/CI004_GP-13438_070401_CON_2634_EXP_FINAL.pdf
1686,1,,,CONSORCIO 4C,GP-13077,,,15_04_Comunic_Recibidas/2020/CI004_GP-13077_070201_CON_2075_ING_ING_EGRE_JUL20.pdf
1687,1,,,CONSORCIO 4C,GP-12163,,,15_04_Comunic_Recibidas/2020/CI004_GP-12163_070401_CON_0575_INF_PREDIAL_FEB20.pdf
1685,2,,,CONSORCIO 4C,GP-11888,,,15_04_Comunic_Recibidas/2020/CI004_GP-11888_070108_CON_0130_POLIZA_RESOL_016_020.pdf
1688,2,,,CONSORCIO 4C,GP-12331,,,15_04_Comunic_Recibidas/2020/CI004_GP-12331_070108_CON_0987_SUSPEN_ACTIV_COVID-19.pdf
1689,4,,,CONSORCIO 4C,GP-13761,,,15_04_Comunic_Recibidas/2020/CI004_GP-13761_070108_CON_3204_SOPORT_PAG_AMB_EXP_60604.pdf
1690,3,,,CONSORCIO 4C,GP-12090,,,15_04_Comunic_Recibidas/2020/CI004_GP-12090_090300_CON_0243_CIERRE_PDTES_APT3_UF3.pdf
1691,4,,,CONSORCIO 4C,GP-12432,,,15_04_Comunic_Recibidas/2020/CI004_GP-12432_070108_CON_1135_INF_N08_RESOL_2280.pdf
1692,1,,,CONSORCIO 4C,GP-12944,,,15_04_Comunic_Recibidas/2020/CI004_GP-12944_070108_CON_1869_INF_N49_EER_EXP_52038.pdf
1693,2,,,CONSORCIO 4C,GP-11734,,,15_04_Comunic_Recibidas/2020/CI004_GP-11734_070107-070109_CON_0052_INTERV_ESPACIO_PUB.pdf
1694,2,,,CONSORCIO 4C,GP-12969,,,15_04_Comunic_Recibidas/2020/CI004_GP-12969_070404_ANI_020566-1_DEV_EXP_PREDIAL.pdf
1696,1,,,CONSORCIO 4C,GP-13174,27/08/2020,ESTADOS FINANCIEROS FIRMADOS MES DE JULIO DE 2020 | PA 63664 ALTO MAGDALENA,15_04_Comunic_Recibidas/2020/CI004_GP-13174_070202_FBTA_SINNUMERO_ESTAD_FINANCIEROS.pdf
1697,12,CONCESIÓN ALTO MAGDALENA S.A.S.,,CONSORCIO 4C,GP-13614,01/12/2020,Validación Soportes Cuenta de Cobro No 4 Fondeo Redes.,15_04_Comunic_Recibidas/2020/CI004_GP-13614_070201_CON_2964_SOPORT_CTA_COBRO_N04.pdf
1698,2,CONCESION ALTO MAGDALENA S.A.S.,,CONSORCIO 4C,GP-13192,01/09/2020,Solicitud visita técnica ambiental.,15_04_Comunic_Recibidas/2020/CI004_GP-13192_070108_CON_2254_VISITA_TEC_AMB.pdf
1695,2,CONCESION ALTO MAGDALENA S.A.S.,,CONSORCIO 4C,GP-13767,29/12/2020,"Respuesta Oficio CI. 004/GP8755/20/7.4.1 – Informe recuperación Espacio Público, construcción en zona de retiro obligatorio K24 + 950 UF2",15_04_Comunic_Recibidas/2020/CI004_GP-13767_070104_CON_3206_INF_RECUPERA_ESPAC_PUB.pdf
1699,2,CONCESION ALTO MAGDALENA S.A.S.,,CONSORCIO 4C,GP-13144,21/08/2020,Respuesta comunicación CI.004/GP8092/20/7.3.4 (Rad. Int. ALMA-R-2020-1224 25/06/2020). Sectores Críticos Accidentalidad año 2019,15_04_Comunic_Recibidas/2020/CI004_GP-13144_070304_CON_2167_SITIOS_CRITICOS_ACCIDEN_2019.pdf
1700,10,CONCESIÓN ALTO MAGDALENA S.A.S.,,CONSORCIO 4C,GP-12095,27/02/2019,Informe plataforma OLYMPUS.,15_04_Comunic_Recibidas/2020/CI004_GP-12095_070401_CON_0613_INF_OLYMPUS.pdf
1701,6,CONCESION ALTO MAGDALENA S.A.S.,,CONSORCIO 4C,GP-13288,18/09/2020,Análisis accidentalidad en la Unidad Funcional 3 Guataquí – Cambao 2018 – 2020. solicitud acciones correctivas para la prevención de accidentes,15_04_Comunic_Recibidas/2020/CI004_GP-13288_070109-070304_CON_2467_PREVENCI_ACCIDENT_UF3.pdf
1702,1,CONCESION ALTO MAGDALENA S.A.S.,ALMA-2020-2221,CONSORCIO 4C,GP-13217,28/08/2020,Entrega Expediente Predial Final ALMA-1-0016,15_04_Comunic_Recibidas/2020/CI004_GP-13217_070401_CON_2221_EXP_FINAL.pdf
1704,1,CONCESIÓN ALTO MAGDALENA S.A.S.,ALMA-2020-0198,CONSORCIO 4C,GP-11896,27/01/2020,Entrega planos actualizados Iluminación Glorieta Oriental NPH,15_04_Comunic_Recibidas/2020/CI004_GP-11896_070107_CON_0198_ILUMINA_GLORIET_NPH.pdf
1705,1,CONCESION ALTO MAGDALENA S.A.S.,,CONSORCIO 4C,GP-13652,14/12/2020,Entrega Informe Gerencial Mensual N° 73 – noviembre de 2020,15_04_Comunic_Recibidas/2020/CI004_GP-13652_070500_CON_3039_INF_MEN_N73_NOV20.pdf
1706,1,CONCESIÓN ALTO MAGDALENA S.A.S.,,CONSORCIO 4C,GP-13047,31/07/2020,"Cumplimiento obligación artículo 2 Auto CAR DRAM No. 0634 del 17 de julio de 2020, y Resolución CAR No. 2426 del 11 de septiembre de 2017. Entrega del informe de disposición de residuos. Expediente 62559.",15_04_Comunic_Recibidas/2020/CI004_GP-13047_070108_CON_1980_DISPOSI_RESIDUOS_EXP_62559.pdf
1703,1,CONCESIÓN ALTO MAGDALENA S.A.S.,,CONSORCIO 4C,GP-12347,15/04/2020,Alcance radicado ANLA No. 2020029083-1-000 del 25 de febrero de 2020 (Rad. Int. ALMA-2020-0519). Entrega Informe ICA No. 8. Expediente LAV0063-00-2015.,15_04_Comunic_Recibidas/2020/CI004_GP-12347_070108_CON_0984_ICA_N08.pdf
1707,1,CONCESIÓN ALTO MAGDALENA S.A.S.,,CONSORCIO 4C,GP-13477,29/10/2020,Memoria Técnica Septiembre 2020.,15_04_Comunic_Recibidas/2020/CI004_GP-13477_070500_CON_2712_MEMOTEC_SEP20.pdf
1708,1,CONCESIÓN ALTO MAGDALENA S.A.S.,,CONSORCIO 4C,GP-13070,11/08/2020,Entrega décimo primera Actualización Plan de Compensaciones julio 2020,15_04_Comunic_Recibidas/2020/CI004_GP-13070_070402_CON_2064_PLAN_COMPENSA_JUL20.pdf
1710,1,CONCESIÓN ALTO MAGDALENA S.A.S.,ALMA-2020-1547,CONSORCIO 4C,GP-12757,08/06/2020,Cronograma EER UF3,15_04_Comunic_Recibidas/2020/CI004_GP-12757_050300_CON_1547_CRONOGRAMA_EER_UF3.pdf
1709,10,CONCESION ALTO MAGDALENA S.A.S.,Q-0334-CJC-001,CONSORCIO 4C,GP-13739,23/12/2020,Respuesta oficio CAR 07202102127 (Rad. Int. ALMA-R-2020-1933 del 13/10/2020). Seguimiento permisos otorgados. Expediente: 51974,15_04_Comunic_Recibidas/2020/CI004_GP-13739_070108_CON_3147_SEG_PERM_OTORG_EXP_51974.pdf
1712,1,CONCESION ALTO MAGDALENA S.A.S.,,CONSORCIO 4C,GP-13646,10/12/2020,Informe criterios para contabilizar Ingresos y Egresos por Unidad Funcional,15_04_Comunic_Recibidas/2020/CI004_GP-13646_070201_CON_3023_INF_INGRE_EGRES_NOV20.pdf
1711,1,CONCESIÓN ALTO MAGDALENA S.A.S.,ALMA-2020-1445,CONSORCIO 4C,GP-12704,26/05/2020,Cumplimiento artículo segundo Auto CAR DRAM Nº 0165 del 4 de febrero del 2020. Entrega informe medida compensatoria artículo cuarto Resolución CAR Nº 0350 del 17 de febrero del 2016. Expediente 51709.,15_04_Comunic_Recibidas/2020/CI004_GP-12704_070108_CON_1445_MEDIDA_COMPENSA_EXP_51709.pdf
1713,1,CONCESIÓN ALTO MAGDALENA S.A.S.,,CONSORCIO 4C,GP-12996,29/07/2020,Cumplimiento artículo cuarto Resolución CAR N° 2440 del 11 de septiembre del 2017. Entrega informe medida compensatoria. Expediente 61891.,15_04_Comunic_Recibidas/2020/CI004_GP-12996_070108_CON_1961_CUMPLI_RESOL_CAR_2440.pdf
1717,2,,,CONSORCIO 4C,GP-12903,,,15_04_Comunic_Recibidas/2020/CI004_GP-12903_050300_CON_1833_INFO_OBLIG_CONTINGENTES.pdf
1718,2,,,CONSORCIO 4C,GP-13371,,,15_04_Comunic_Recibidas/2020/CI004_GP-13371_070210_FBTA_SINNUMERO_CERT_RETRIBUCION.pdf
1719,1,,,CONSORCIO 4C,GP-12546,,,15_04_Comunic_Recibidas/2020/CI004_GP-12546_070108_CON_1237_MEDIDA_COMPENSA_EXP_51895.pdf
1716,2,,,CONSORCIO 4C,GP-13454,,,15_04_Comunic_Recibidas/2020/CI004_GP-13454_070114_ANI_032121-1_PERMISO_ACCESO_CHISMOSA.pdf
1720,2,,,CONSORCIO 4C,GP-12675,,,15_04_Comunic_Recibidas/2020/CI004_GP-12675_070108_CON_1405_OBLIG_PDTE_PAGO.pdf
1721,4,,,CONSORCIO 4C,GP-12686,,,15_04_Comunic_Recibidas/2020/CI004_GP-12686_050300_CON_1432_ACTUALIZA_POLIZAS_OTROSI9.pdf
1722,1,,,CONSORCIO 4C,GP-12950,,,15_04_Comunic_Recibidas/2020/CI004_GP-12950_070108_CON_1876_SIEMBRA_COMPENSA_60697.pdf
1723,10,,,CONSORCIO 4C,GP-12858,,,15_04_Comunic_Recibidas/2020/CI004_GP-12858_050300-090300_CON_1741_CUMPLI_INDICAD_APT4_UF5.pdf
1715,6,CONCESIÓN ALTO MAGDALENA S.A.S.,ALMA-2020-1247,CONSORCIO 4C,GP-12533,04/05/2020,Reporte predios con folio de matrícula a favor de la ANI que NO cumplen en plataforma Olympus.,15_04_Comunic_Recibidas/2020/CI004_GP-12533_070401_CON_1247_PREDIOS_NO_CUMPLEN_OLYMPUS.pdf
1714,1,CONCESIÓN ALTO MAGDALENA S.A.S.,,CONSORCIO 4C,GP-12006,14/02/2020,Respuesta comunicación CI.004/GP7487/20/5.3 (Rad int. ALMA-R-2020-0236 31/01/2020) Notificación cesación Evento Eximente de Responsabilidad Predio ALMA-2-0004-2 Cerro Colorado UF2,15_04_Comunic_Recibidas/2020/CI004_GP-12006_050300_CON_0475_EER_PREDIO_2-0004-2.pdf
1724,1,,,CONSORCIO 4C,GP-11871,,,15_04_Comunic_Recibidas/2020/CI004_GP-11871_070406_CON_0270_EXP_AVALUO.pdf
1726,5,,,CONSORCIO 4C,GP-12105,,,15_04_Comunic_Recibidas/2020/CI004_GP-12105_070109_ANI_006716-1_DP_SCALDERON.pdf
1725,1,,,CONSORCIO 4C,GP-12821,,,15_04_Comunic_Recibidas/2020/CI004_GP-12821_070406_CON_1426_EXP_AVALUO.pdf
1727,1,,,CONSORCIO 4C,GP-12948,,,15_04_Comunic_Recibidas/2020/CI004_GP-12948_070108_CON_1874_SIEMBRA_COMPENSA_60705.pdf
1729,2,,,CONSORCIO 4C,GP-11785,,,15_04_Comunic_Recibidas/2020/CI004_GP-11785_070108_CON_0121_PRORROG_RESOL_0079.pdf
1731,2,,,CONSORCIO 4C,GP-13482,,,15_04_Comunic_Recibidas/2020/CI004_GP-13482_070401_CON_2720_OCUPA_AREA_REMANENT_4-0021.pdf
1728,4,,,CONSORCIO 4C,GP-12766,,,15_04_Comunic_Recibidas/2020/CI004_GP-12766_070202_FBTA_SINNUMERO_INF_ING_EGRE_FEB20.pdf
1730,1,,,CONSORCIO 4C,GP-13137,,,15_04_Comunic_Recibidas/2020/CI004_GP-13137_070108_CON_2152_INF_DISPOSI_RESIDUOS.pdf
1732,1,,,CONSORCIO 4C,GP-13051,,,15_04_Comunic_Recibidas/2020/CI004_GP-13051_070401_CON_2027_EXP_FINAL.pdf
1733,1,,,CONSORCIO 4C,GP-12994,,,15_04_Comunic_Recibidas/2020/CI004_GP-12994_070108_CON_1959_CUMPLI_RESOL_CAR_2432.pdf
1734,1,,,CONSORCIO 4C,GP-12647,,,15_04_Comunic_Recibidas/2020/CI004_GP-12647_070108_CON_1371_DISPOSI_RESIDUOS_EXP_51701.pdf
1735,1,,,CONSORCIO 4C,GP-13561,,,15_04_Comunic_Recibidas/2020/CI004_GP-13561_070108_CON_2858_PRORROGA_RESOL_3370_EXP_51857.pdf
1736,1,,,CONSORCIO 4C,GP-13275,,,15_04_Comunic_Recibidas/2020/CI004_GP-13275_070401_CON_2216_INF_PREDIAL_AGO20.pdf
1737,3,,,CONSORCIO 4C,GP-12012,,,15_04_Comunic_Recibidas/2020/CI004_GP-12012_070109_CON_0503_COSO_MUNICIPAL.pdf
1738,2,,,CONSORCIO 4C,GP-12601,,,15_04_Comunic_Recibidas/2020/CI004_GP-12601_070108-070109_CON_1315_GEST_RIESG_DESASTRES.pdf
1740,1,,,CONSORCIO 4C,GP-12196,,,15_04_Comunic_Recibidas/2020/CI004_GP-12196_070108_CON_0772_LIC_AMB_EXP_LAV0068-00-2015.pdf
1739,2,,,CONSORCIO 4C,GP-12190,,,15_04_Comunic_Recibidas/2020/CI004_GP-12190_050300_CON_0724_OBS_CONDI_SST_UF4_5.pdf
1742,2,,,CONSORCIO 4C,GP-13039,,,15_04_Comunic_Recibidas/2020/CI004_GP-13039_070108_CON_1995_PLAN_COMPENSA_EXP_51539.pdf
1741,3,,,CONSORCIO 4C,GP-13276,,,15_04_Comunic_Recibidas/2020/CI004_GP-13276_070402_CON_2227_EXP_SOCIAL.pdf
1743,4,,,CONSORCIO 4C,GP-13570,,,15_04_Comunic_Recibidas/2020/CI004_GP-13570_070109_CON_2870_NOTIF_OCUPA_DERECHO_VIA.pdf
1744,2,,,CONSORCIO 4C,GP-13253,,,15_04_Comunic_Recibidas/2020/CI004_GP-13253_070109_CON_2402_INF_RESPONSA_SOCIOAMB.pdf
1745,1,,,CONSORCIO 4C,GP-13033,,,15_04_Comunic_Recibidas/2020/CI004_GP-13033_070401_CON_1999_EXP_PREDIAL.pdf
1746,2,,,CONSORCIO 4C,GP-13550,,,15_04_Comunic_Recibidas/2020/CI004_GP-13550_070108_CON_2832_SOPORT_PAG_OCUPA_AUTO_0538.pdf
1747,10,,,CONSORCIO 4C,GP-12895,,,15_04_Comunic_Recibidas/2020/CI004_GP-12895_070108_CON_1781_PERDIDA_BIODIVERS.pdf
1748,2,,,CONSORCIO 4C,GP-11883,,,15_04_Comunic_Recibidas/2020/CI004_GP-11883_070401_CON_0216_RESOL_DESPLA_FORZA.pdf
1749,1,,,CONSORCIO 4C,GP-11792,,,15_04_Comunic_Recibidas/2020/CI004_GP-11792_070406_CON_03912_EXP_AVALUO.pdf
1750,4,,,CONSORCIO 4C,GP-13158,,,15_04_Comunic_Recibidas/2020/CI004_GP-13158_050200-070109-070402_ANI_024167-1_PLAN_COMPENSA_ECONO.pdf
1751,1,,,CONSORCIO 4C,GP-11956,,,15_04_Comunic_Recibidas/2020/CI004_GP-11956_070108_CON_0345_CUMPLI_COMPENSA_EXP_51526.pdf
1752,1,,,CONSORCIO 4C,GP-13400,,,15_04_Comunic_Recibidas/2020/CI004_GP-13400_070201_CON_2597_INF_ING_EGRE_SEP20.pdf
1753,1,,,CONSORCIO 4C,GP-12914,,,15_04_Comunic_Recibidas/2020/CI004_GP-12914_070108_CON_1814_ACTIVID_RESIEMBRA.pdf
1754,1,,,CONSORCIO 4C,GP-12277,,,15_04_Comunic_Recibidas/2020/CI004_GP-12277_070108_CON_0929_INF_N05_RESOL_2129.pdf
1755,1,,,CONSORCIO 4C,GP-12579,,,15_04_Comunic_Recibidas/2020/CI004_GP-12579_050300_CON_1287_PROTOCOLOS_BIOSEG.pdf
1756,1,,,CONSORCIO 4C,GP-12571,,,15_04_Comunic_Recibidas/2020/CI004_GP-12571_070108_CON_1289_INF_SEM_N02_RESOL_1082.pdf
1757,1,,,CONSORCIO 4C,GP-11984,,,15_04_Comunic_Recibidas/2020/CI004_GP-11984_070401_CON_0374_EXP_PREDIAL.pdf
1758,1,,,CONSORCIO 4C,GP-12469,,,15_04_Comunic_Recibidas/2020/CI004_GP-12469_070108_CON_1110_CUMPLI_RESOL_CAR_3907.pdf
1759,5,,,CONSORCIO 4C,GP-11889,,,15_04_Comunic_Recibidas/2020/CI004_GP-11889_070500_CON_0134_OBS_MEMOTEC_MAY19.pdf
1760,1,,,CONSORCIO 4C,GP-12436,,,15_04_Comunic_Recibidas/2020/CI004_GP-12436_070108_CON_1114_CUMPLI_AUTO_CAR_063.pdf
1761,1,,,CONSORCIO 4C,GP-11769,,,15_04_Comunic_Recibidas/2020/CI004_GP-11769_070109_CON_0065_BROCHURE_4_EDICIÓN.pdf
1762,2,,,CONSORCIO 4C,GP-13300,,,15_04_Comunic_Recibidas/2020/CI004_GP-13300_070108_CON_2449_SEGUI_CTROL_AMB_EXP_51831.pdf
1763,1,,,CONSORCIO 4C,GP-12886,,,15_04_Comunic_Recibidas/2020/CI004_GP-12886_070104-070303_CON_1791_CRONOG_PAVIM_UF5.pdf
1765,2,,,CONSORCIO 4C,GP-12626,,,15_04_Comunic_Recibidas/2020/CI004_GP-12626_070401_CON_1347_DEVOL_MAYOR_PAGOS.pdf
1764,1,,,CONSORCIO 4C,GP-13114,,,15_04_Comunic_Recibidas/2020/CI004_GP-13114_070108_CON_2115_INF_54_EER_EXP_52038.pdf
1766,2,,,CONSORCIO 4C,GP-12848,,,15_04_Comunic_Recibidas/2020/CI004_GP-12848_070107_CON_1705_DISEÑ_PASO_PEATON_UF5.2.pdf
1767,7,,,CONSORCIO 4C,GP-11757,,,15_04_Comunic_Recibidas/2020/CI004_GP-11757_070303_CON_0054_NIVEL_SERV_DIC19.pdf
1768,4,,,CONSORCIO 4C,GP-13001,,,15_04_Comunic_Recibidas/2020/CI004_GP-13001_070110_CON_1951_ALC_ALMA-2020-1885.pdf
1769,1,,,CONSORCIO 4C,GP-11749,,,15_04_Comunic_Recibidas/2020/CI004_GP-11749_070404_CON_03918_EXP_EXPRO.pdf
1770,3,,,CONSORCIO 4C,GP-12064,,,15_04_Comunic_Recibidas/2020/CI004_GP-12064_050300_CON_0502_CIERRE_PDTES_APT2_UF2.pdf
1771,1,,,CONSORCIO 4C,GP-12447,,,15_04_Comunic_Recibidas/2020/CI004_GP-12447_070108_CON_1125_CUMPLI_AUTO_CAR_0172.pdf
1772,1,,,CONSORCIO 4C,GP-12488,,,15_04_Comunic_Recibidas/2020/CI004_GP-12488_070108_CON_1161_MEDIDA_COMPENSA_EXP_51503.pdf
1774,2,,,CONSORCIO 4C,GP-12348,,,15_04_Comunic_Recibidas/2020/CI004_GP-12348_070108_CON_1011_CUMPLI_RESOL_CAR_1082.pdf
1775,1,,,CONSORCIO 4C,GP-12378,,,15_04_Comunic_Recibidas/2020/CI004_GP-12378_070108_CON_1038_CUMPLI_AUTO_DRAM_067.pdf
1776,1,,,CONSORCIO 4C,GP-12512,,,15_04_Comunic_Recibidas/2020/CI004_GP-12512_070108_CON_1205_MEDIDA_COMPENSA_EXP_51848.pdf
1773,1,,,CONSORCIO 4C,GP-13647,,,15_04_Comunic_Recibidas/2020/CI004_GP-13647_070201_CON_3024_FOR_GCSP_F001_NOV20.pdf
1777,1,,,CONSORCIO 4C,GP-12464,,,15_04_Comunic_Recibidas/2020/CI004_GP-12464_070108_CON_1105_CUMPLI_AUTO_CAR_0203.pdf
1778,2,,,CONSORCIO 4C,GP-13267,,,15_04_Comunic_Recibidas/2020/CI004_GP-13267_070108_CON_2426_SIEMBRA_COMPENSA_EXP_51486.pdf
1779,1,,,CONSORCIO 4C,GP-12810,,,15_04_Comunic_Recibidas/2020/CI004_GP-12810_070109_CON_1192_REVISTA_ALMA_N°21.pdf
1780,1,,,CONSORCIO 4C,GP-11971,,,15_04_Comunic_Recibidas/2020/CI004_GP-11971_070108_CON_0404_INF_N24_EER_EXP_52038.pdf
1781,1,,,CONSORCIO 4C,GP-12651,,,15_04_Comunic_Recibidas/2020/CI004_GP-12651_070108_CON_1374_DISPOSI_RESIDUOS_EXP_51731.pdf
1782,4,,,CONSORCIO 4C,GP-12808,,,15_04_Comunic_Recibidas/2020/CI004_GP-12808_070109_CON_1618_SCTUD_VACAB.pdf
1783,2,,,CONSORCIO 4C,GP-13486,,,15_04_Comunic_Recibidas/2020/CI004_GP-13486_070115-070202_ANI_033144-1_SOPORT_CUENTA_COBRO_N04.pdf
1784,1,,,CONSORCIO 4C,GP-12565,,,15_04_Comunic_Recibidas/2020/CI004_GP-12565_070211_CON_1269_ACTAS_RETRIBU_UF5.pdf
1786,4,,,CONSORCIO 4C,GP-13122,,,15_04_Comunic_Recibidas/2020/CI004_GP-13122_070107_CON_2164_DISEÑ_PTE_PEATON_UF5.pdf
1785,2,,,CONSORCIO 4C,GP-13173,,,15_04_Comunic_Recibidas/2020/CI004_GP-13173_070109_ANI_024542-1_SCTUD_RSARMIENTO.pdf
1788,4,,,CONSORCIO 4C,GP-12308,,,15_04_Comunic_Recibidas/2020/CI004_GP-12308_050300_ANI_000016-4_MEDIDA_BIOSEGURIDAD.pdf
1787,2,,,CONSORCIO 4C,GP-12610,,,15_04_Comunic_Recibidas/2020/CI004_GP-12610_070108-070109_CON_1328_GEST_RIESG_DESASTRES.pdf
1789,1,,,CONSORCIO 4C,GP-11957,,,15_04_Comunic_Recibidas/2020/CI004_GP-11957_070108_CON_0346_CUMPLI_COMPENSA_EXP_51536.pdf
1790,7,,,CONSORCIO 4C,GP-11782,,,15_04_Comunic_Recibidas/2020/CI004_GP-11782_070109_CON_0138_PQRS_2019-928.pdf
1791,1,,,CONSORCIO 4C,GP-12797,,,15_04_Comunic_Recibidas/2020/CI004_GP-12797_070406_CON_1578_EXP_AVALUO.pdf
1792,2,,,CONSORCIO 4C,GP-13528,,,15_04_Comunic_Recibidas/2020/CI004_GP-13528_050300_CON_2808_OFI_TURISMO_AREA_SERV.pdf
1793,1,,,CONSORCIO 4C,GP-13569,,,15_04_Comunic_Recibidas/2020/CI004_GP-13569_050300_CON_2869_CLAUSULA_COMPRO_SEC_15.3.pdf
1794,2,,,CONSORCIO 4C,GP-13003,,,15_04_Comunic_Recibidas/2020/CI004_GP-13003_070109_ASALGUERO_SINNUMERO_DP_GARBANZAL.pdf
1795,3,,,CONSORCIO 4C,GP-12060,,,15_04_Comunic_Recibidas/2020/CI004_GP-12060_070109_CON_0511_COSO_MUNICIPAL.pdf
1796,4,,,CONSORCIO 4C,GP-13641,,,15_04_Comunic_Recibidas/2020/CI004_GP-13641_070110_CON_3013_OBS_SEGYSAL_JUL_JUN.pdf
1798,1,,,CONSORCIO 4C,GP-12022,,,15_04_Comunic_Recibidas/2020/CI004_GP-12022_070406_CON_03908_EXP_AVALUO.pdf
1797,2,,,CONSORCIO 4C,GP-13289,,,15_04_Comunic_Recibidas/2020/CI004_GP-13289_070301_CON_2464_ENCRIPTA_EASY_ROAD.pdf
1799,4,,,CONSORCIO 4C,GP-11780,,,15_04_Comunic_Recibidas/2020/CI004_GP-11780_070109_CON_0140_EXENTO_PEAJE_BRISAS.pdf
1800,1,,,CONSORCIO 4C,GP-12723,,,15_04_Comunic_Recibidas/2020/CI004_GP-12723_070109_CON_1486_INF_TRIM_AMB_N22.pdf
1801,2,,,CONSORCIO 4C,GP-11725,,,15_04_Comunic_Recibidas/2020/CI004_GP-11725_070201-070109_CON_0010_FOR_GCSP-F203_DIC.pdf
1802,1,,,CONSORCIO 4C,GP-13277,,,15_04_Comunic_Recibidas/2020/CI004_GP-13277_070402_CON_2129_EXP_SOCIAL.pdf
1803,2,,,CONSORCIO 4C,GP-13352,,,15_04_Comunic_Recibidas/2020/CI004_GP-13352_070401_CON_2527_OBS_INF_PREDIAL_AGO20.pdf
1804,1,,,CONSORCIO 4C,GP-12926,,,15_04_Comunic_Recibidas/2020/CI004_GP-12926_070406_CON_1803_EXP_AVALUO.pdf
1805,1,,,CONSORCIO 4C,GP-12991,,,15_04_Comunic_Recibidas/2020/CI004_GP-12991_070108_CON_1956_CUMPLI_RESOL_CAR_2426.pdf
1806,2,,,CONSORCIO 4C,GP-12909,,,15_04_Comunic_Recibidas/2020/CI004_GP-12909_070108_CON_1808_INF_47_EER_EXP_52038.pdf
1807,4,,,CONSORCIO 4C,GP-12963,,,15_04_Comunic_Recibidas/2020/CI004_GP-12963_050300-090300_CON_1898_PDTES_UF3.pdf
1808,1,,,CONSORCIO 4C,GP-13350,,,15_04_Comunic_Recibidas/2020/CI004_GP-13350_070402_CON_2498_EXP_SOCIAL.pdf
1809,1,Fiduciaria Bogotá,,CONSORCIO 4C,GP-13054,06/08/2020,"SOPORTES DE INTERVENTORIA DE LOS MESES DE MAYO, JUNIO Y JULIO 2020.",15_04_Comunic_Recibidas/2020/CI004_GP-13054_070201_FBTA_010220_SOPORTES_INTERVENTORIA.pdf
1810,2,CONCESIÓN ALTO MAGDALENA S.A.S.,,CONSORCIO 4C,GP-12657,18/05/2020,Respuesta comunicación CI.004/GP7792/20/7.1.8. (Rad. Int.ALMA-R-2020-0768 del 15/04/2020). Seguimiento informe semestral No. 2 Resolución 1082 de 2018. Expediente ATV-0788.,15_04_Comunic_Recibidas/2020/CI004_GP-12657_070108_CON_1382_INF_SEM_N02_RESOL_1082.pdf
1811,1,CONCESIÓN ALTO MAGDALENA S.A.S.,,CONSORCIO 4C,GP-12796,04/06/2020,Respuesta comunicación CI.004/GP7904/20/7.4.6 (Rad. Int. ALMA-R-2020-0940) del 11/05/2020 Entrega del expediente predial (Físico) ALMA-5-0255 para aprobación definitiva del Estudio de Títulos y Ficha Predial.,15_04_Comunic_Recibidas/2020/CI004_GP-12796_070401_CON_1513_EXP_PREDIAL.pdf
1812,5,Agencia Nacional de Infraestructura,,CONSORCIO 4C,GP-11904,05/02/2020,Cumplimiento obligaciones contractuales Peaje Guataquí - Radicado ANI No 20204090109892 de fecha 04 de febrero de 2020 - Proyecto Girardot - Honda - Puerto Salgar - Contrato de Concesión No 003/2014.,15_04_Comunic_Recibidas/2020/CI004_GP-11904_070301_ANI_003258-1_OBLIG_PEAJE_GUATAQUI.pdf
1813,2,CONCESION ALTO MAGDALENA S.A.S.,,CONSORCIO 4C,GP-12722,01/06/2020,Comunicado CI.004/GP7775/20/9.3 (Rad. Int. ALMA-R-2020-0747 de 07/04/2020) Estado Entrega Planos récord Unidades Funcionales Terminadas,15_04_Comunic_Recibidas/2020/CI004_GP-12722_090300_CON_1488_PLANOS_RECORD.pdf
1814,1,CONCESIÓN ALTO MAGDALENA S.A.S.,ALMA-2020-1151,CONSORCIO 4C,GP-12477,29/04/2020,Cumplimiento artículo segundo Auto DRAM CAR N° 059 del 20 de enero del 2020. Entrega Informe medida compensatoria artículo cuarto Resolución CAR N° 0357 del 17 de febrero del 2016. Expediente 52173.,15_04_Comunic_Recibidas/2020/CI004_GP-12477_070108_CON_1151_CUMPLI_AUTO_DRAM_059.pdf
1815,1,CONCESIÓN ALTO MAGDALENA S.A.S.,,CONSORCIO 4C,GP-13565,18/11/2020,Entrega informe disposición residuos en cumplimiento del Auto CAR DRAM 052 del 15/01/2020 y la Resolución CAR 2878 del 29/09/2017. Expediente 61526.,15_04_Comunic_Recibidas/2020/CI004_GP-13565_070108_CON_2862_DISPOSI_RESIDUOS_EXP_61526.pdf
1816,6,,,CONSORCIO 4C,GP-13423,19/10/2020,"Respuesta a oficio con radicado ANI No. 20204090934262 del 24 de septiembre de 2020 - No Objeción Plazo de Cura por presunto Incumplimiento de la Obligación relacionada con la entrega de información asociada a los Estados Financieros del Concesionario del primer semestre del año 2020, contemplada en el literal (q) de la Sección 4.5 de la Parte General del Contrato Concesión - Contrato de Concesión No 003 de 2014 Proyecto Girardot - Honda - Puerto Salgar.",15_04_Comunic_Recibidas/2020/CI004_GP-13423_050300_ANI_031314-1_PLAZO_CURA_ESTAD_FINAN.pdf
1817,4,CONCESIÓN ALTO MAGDALENA S.A.S.,,CONSORCIO 4C,GP-13121,20/08/2020,Respuesta comunicación CI.004/GP8241/20/5.3-7.3.1 (Rad. Int. ALMA-R-2020-1569) “Rta. ALMA-2020-1455. Solicitud no objeción periodo de cura. Incumplimiento obligaciones sección 6.1 (k) Capítulo VI Sanciones y esquemas de apremio”,15_04_Comunic_Recibidas/2020/CI004_GP-13121_050300-070301_CON_2163_CTROL_BOLETERIA.pdf
1818,2,CONCESION ALTO MAGDALENA S.A.S.,,CONSORCIO 4C,GP-13664,16/12/2020,Entrega soporte pago seguimiento Auto DRBM 0657 del 4 de noviembre de 2020. Expediente 62025,15_04_Comunic_Recibidas/2020/CI004_GP-13664_070108_CON_3060_SOPORT_PAG_AMB_EXP_62025.pdf
1820,1,CONCESIÓN ALTO MAGDALENA S.A.S.,,CONSORCIO 4C,GP-12871,02/07/2020,CL004/GP8063/20/7.2.2 radicado interno - ALMA-R-2020-1177,15_04_Comunic_Recibidas/2020/CI004_GP-12871_070202_CON_1744_ESTAD_FINANC.pdf
1819,1,CONCESIÓN ALTO MAGDALENA S.A.S.,07191101492,CONSORCIO 4C,GP-11875,30/02/2020,Alcance Radicado CAR 07191101492. Propuesta del plan de compensación en cumplimiento de los Autos CAR-DRMC 0818 y 0819 del 25 de septiembre de 2019. Expedientes 51539-62448.,15_04_Comunic_Recibidas/2020/CI004_GP-11875_070108_CON_0279_AUTOS_DRMC_0818_0819.pdf
1821,1,CONCESIÓN ALTO MAGDALENA S.A.S.,,CONSORCIO 4C,GP-13567,18/11/2020,"Entrega informe de disposición de residuos en cumplimiento Auto CAR DRAM 054 16/01/2020, y Resolución CAR 0349 del 17/02/2016, modificada por la Resolución No. 2901 del 30/12/2016. Expediente 52168",15_04_Comunic_Recibidas/2020/CI004_GP-13567_070108_CON_2864_DISPOSI_RESIDUOS_EXP_52168.pdf
1822,2,CONCESIÓN ALTO MAGDALENA S.A.S,ALMA-2020-0717,CONSORCIO 4C,GP-12145,09/03/2020,Entrega del soporte de Pago por Concepto de Permiso de Cruce Aéreo otorgado mediante Resolución CORMAGDALENA 021 del 26 de enero de 2016.,15_04_Comunic_Recibidas/2020/CI004_GP-12145_070108_CON_0717_SOPORT_PAG_CRUCE_AEREO.pdf
1824,1,CONCESIÓN ALTO MAGDALENA S.A.S.,,CONSORCIO 4C,GP-12156,05/03/2020,Respuesta radicado ANLA No. 2019125787-2-544 (Rad. Interno ALMA-R-20192103) del 26 de agosto de 2019 - Ajuste de información geográfica de Informe de Cumplimiento Ambiental - ICA No. 2. Expediente: LAV0063-00-2015.,15_04_Comunic_Recibidas/2020/CI004_GP-12156_070108_CON_0702_INF_ICA_N2.pdf
1823,4,CONCESION ALTO MAGDALENA S.A.S.,6112851,CONSORCIO 4C,GP-12851,29/06/2020,Alcance Reactivación obras de construcción Proyecto – Novedades personal Constructor INGENIERIA Y CONSTRUCCIÓN DE OBRAS CIVILES - MHC.,15_04_Comunic_Recibidas/2020/CI004_GP-12851_070110_CON_1707_REACTIVA_OBRAS_MHC.pdf
1826,1,CONCESION ALTO MAGDALENA S.A.S.,,CONSORCIO 4C,GP-12933,15/07/2020,Informe criterios para contabilizar Ingresos y Egresos por Unidad Funcional.,15_04_Comunic_Recibidas/2020/CI004_GP-12933_070201_CON_1853_INF_ING_EGRE_JUN20.pdf
1825,4,CONCESION ALTO MAGDALENA S.A.S,,CONSORCIO 4C,GP-12892,08/07/2020,Solicitud suscripción otrosí Apéndice Técnico 2 – Entrega de Bienes a la Policía de Carreteras.,15_04_Comunic_Recibidas/2020/CI004_GP-12892_050300_CON_1797_ENTREG_BIENES_PONAL.pdf
1827,1,CONCESIÓN ALTO MAGDALENA S.A.S.,,CONSORCIO 4C,GP-12272,02/04/2020,Entrega Informe de establecimiento de medida compensatoria. Expediente 52036.,15_04_Comunic_Recibidas/2020/CI004_GP-12272_070108_CON_0905_MEDIDA_COMPENSA_52036.pdf
1828,1,CONCESIÓN ALTO MAGDALENA S.A.S.,,CONSORCIO 4C,GP-11907,13/12/2019,"Respuesta comunicación, CI.004/GP7136/19/7.4.6 del 6/11/2019 (Rad. Interno ALMA-R-20192614), Entrega del expediente predial ALMA-3-0121 para aprobación de Avalúo Comercial Corporativo.",15_04_Comunic_Recibidas/2020/CI004_GP-11907_070406_CON_03904_EXP_AVALUO.pdf
1831,6,,,CONSORCIO 4C,GP-12588,,,15_04_Comunic_Recibidas/2020/CI004_GP-12588_050300_CON_1309_MEDI_INDICAD_PERIODO_AISLA.pdf
1829,2,CONCESION ALTO MAGDALENA S.A.S.,,CONSORCIO 4C,GP-12982,27/07/2020,"Respuesta PQRS-UF5-2019-0903 del 31/07/2020- Oficio No. CI.004/GP8186/20/7.1.9, del Consorcio 4C-Interventoría- inconformidad altura del andén inundación del predio Parador los Corchos.",15_04_Comunic_Recibidas/2020/CI004_GP-12982_070109_CON_1943_INUNDA_PREDIO_CORCHOS.pdf
1833,1,,,CONSORCIO 4C,GP-12441,,,15_04_Comunic_Recibidas/2020/CI004_GP-12441_070108_CON_1119_CUMPLI_AUTO_CAR_075.pdf
1832,4,,,CONSORCIO 4C,GP-13334,,,15_04_Comunic_Recibidas/2020/CI004_GP-13334_070114_TRANSSURENCO_SINNUMERO_PERMIS_TRANS.pdf
1834,1,,,CONSORCIO 4C,GP-11823,,,15_04_Comunic_Recibidas/2020/CI004_GP-11823_070108_CON_0149_INF_10_EER_EXP_52038.pdf
1836,1,,,CONSORCIO 4C,GP-12418,,,15_04_Comunic_Recibidas/2020/CI004_GP-12418_070108_CON_1060_CUMPLI_AUTO_CAR_01.pdf
1835,1,,,CONSORCIO 4C,GP-12401,,,15_04_Comunic_Recibidas/2020/CI004_GP-12401_070108_CON_1062_CUMPLI_AUTO_CAR_DRAM_0246.pdf
1837,2,,,CONSORCIO 4C,GP-12106,,,15_04_Comunic_Recibidas/2020/CI004_GP-12106_070109_ANI_006717-1_AFECTA_GLORIETA.pdf
1838,1,,,CONSORCIO 4C,GP-11948,,,15_04_Comunic_Recibidas/2020/CI004_GP-11948_070108_CON_0336_CUMPLI_AUTO_DRMC_0993.pdf
1839,1,,,CONSORCIO 4C,GP-12920,,,15_04_Comunic_Recibidas/2020/CI004_GP-12920_070208-070301_ANI_019904-1_CTA_BANCA_FOSEVI.pdf
1840,10,,,CONSORCIO 4C,GP-13720,,,15_04_Comunic_Recibidas/2020/CI004_GP-13720_070108_CON_3117_SEG_PERM_OTORG_EXP_51535.pdf
1830,4,CONCESIÓN ALTO MAGDALENA S.A.S.,,CONSORCIO 4C,GP-11911,30/01/2020,Respuesta comunicado CI.004/GP7410/20/7.3.3 (Rad. Int. ALMA-R-2020-0068). Inconsistencias en el funcionamiento del Sistema Informático de contabilización y Control - SICC.,15_04_Comunic_Recibidas/2020/CI004_GP-11911_070303_CON_0250_INCONSISTENCIAS_SICC.pdf
1841,4,,,CONSORCIO 4C,GP-12999,,,15_04_Comunic_Recibidas/2020/CI004_GP-12999_070402_CON_1935_EXP_SOCIAL.pdf
1843,2,,,CONSORCIO 4C,GP-12357,,,15_04_Comunic_Recibidas/2020/CI004_GP-12357_070109_CON_1043_REACTIV_OBRAS_PROYEC.pdf
1842,4,,,CONSORCIO 4C,GP-12122,,,15_04_Comunic_Recibidas/2020/CI004_GP-12122_070110_CON_0654_INCUM_CONDI_SST_UF5.pdf
1844,12,,,CONSORCIO 4C,GP-12904,,,15_04_Comunic_Recibidas/2020/CI004_GP-12904_050300_CON_1832_SEG_VIAL_INTER_GLORIETAS.pdf
1845,2,,,CONSORCIO 4C,GP-13299,,,15_04_Comunic_Recibidas/2020/CI004_GP-13299_070108_CON_2448_SEGUI_CTROL_AMB_EXP_61893.pdf
1848,4,,,CONSORCIO 4C,GP-12125,,,15_04_Comunic_Recibidas/2020/CI004_GP-12125_070109_CON_0618_PQRS_SCALDERON.pdf
1846,2,,,CONSORCIO 4C,GP-12613,,,15_04_Comunic_Recibidas/2020/CI004_GP-12613_070108-070109_CON_1331_GEST_RIESG_DESASTRES.pdf
1847,2,,,CONSORCIO 4C,GP-12360,,,15_04_Comunic_Recibidas/2020/CI004_GP-12360_070109_CON_1046_REACTIV_OBRAS_PROYEC.pdf
1850,1,,,CONSORCIO 4C,GP-12084,,,15_04_Comunic_Recibidas/2020/CI004_GP-12084_070406_CON_0127_EXP_AVALUO.pdf
1852,2,,,CONSORCIO 4C,GP-13549,,,15_04_Comunic_Recibidas/2020/CI004_GP-13549_070108_CON_2831_SOPORT_PAG_OCUPA_AUTO_0537.pdf
1851,6,,,CONSORCIO 4C,GP-12249,,,15_04_Comunic_Recibidas/2020/CI004_GP-12249_070401_CON_0894_INF_SEM_EER_UF2.pdf
1849,6,,,CONSORCIO 4C,GP-13170,,,15_04_Comunic_Recibidas/2020/CI004_GP-13170_070404_ANI_024545-1_DP_VACAB.pdf
1853,7,,,CONSORCIO 4C,GP-11902,,,15_04_Comunic_Recibidas/2020/CI004_GP-11902_070500_CON_0312_OBS_MEMOTEC_JUN19.pdf
1854,1,,,CONSORCIO 4C,GP-12934,,,15_04_Comunic_Recibidas/2020/CI004_GP-12934_070202_CON_1854_FOR_GCSP-F001_JUN20.pdf
1855,2,,,CONSORCIO 4C,GP-12286,,,15_04_Comunic_Recibidas/2020/CI004_GP-12286_070201-070115_CON_0950_CTA_COBRO_N04.pdf
1856,1,,,CONSORCIO 4C,GP-13473,,,15_04_Comunic_Recibidas/2020/CI004_GP-13473_070107_ANI_032961-1_PLAN_GEST_RIESG_DESAST.pdf
1857,1,,,CONSORCIO 4C,GP-12309,,,15_04_Comunic_Recibidas/2020/CI004_GP-12309_070404_CON_0944_EXP_EXPRO.pdf
1858,2,,,CONSORCIO 4C,GP-13096,,,15_04_Comunic_Recibidas/2020/CI004_GP-13096_070303_CON_2121_NOVEL_SERV_MAY20.pdf
1859,4,,,CONSORCIO 4C,GP-12681,,,15_04_Comunic_Recibidas/2020/CI004_GP-12681_070303_CON_1410_INSPEC_VEHICUL_ABR20.pdf
1860,1,,,CONSORCIO 4C,GP-13049,,,15_04_Comunic_Recibidas/2020/CI004_GP-13049_070108_CON_1982_CUMP_OGLIG_EXP_LAV0068-00-2015.pdf
1861,2,,,CONSORCIO 4C,GP-12736,,,15_04_Comunic_Recibidas/2020/CI004_GP-12736_070108_CON_1525_PLAN_CONTING_COVID-19.pdf
1862,6,,,CONSORCIO 4C,GP-12856,,,15_04_Comunic_Recibidas/2020/CI004_GP-12856_050300-070401_CON_1722_PLAZO_CURA_OLYMPUS.pdf
1863,1,,,CONSORCIO 4C,GP-12264,,,15_04_Comunic_Recibidas/2020/CI004_GP-12264_070108_CON_0897_RESOL_CAR_DRMC_0848.pdf
1864,1,,,CONSORCIO 4C,GP-13518,,,15_04_Comunic_Recibidas/2020/CI004_GP-13518_070108_CON_2761_ACTUAL_PAGA_UF5.1.pdf
1865,1,,,CONSORCIO 4C,GP-11698,,,15_04_Comunic_Recibidas/2020/CI004_GP-11698_050300_ANI_045179-1_ACTA_TERMINA_PARCIAL_UF5.pdf
1866,2,,,CONSORCIO 4C,GP-11742,,,15_04_Comunic_Recibidas/2020/CI004_GP-11742_070108_CON_0070_SIEMBRA_COMPENSA_EXP_51903.pdf
1868,1,,,CONSORCIO 4C,GP-12490,,,15_04_Comunic_Recibidas/2020/CI004_GP-12490_070108_CON_1163_DISPOSI_RESIDUOS_EXP_51841.pdf
1869,1,,,CONSORCIO 4C,GP-12638,,,15_04_Comunic_Recibidas/2020/CI004_GP-12638_070108_CON_1361_MEDIDA_COMPENSA_EXP_51730.pdf
1870,4,,,CONSORCIO 4C,GP-12825,,,15_04_Comunic_Recibidas/2020/CI004_GP-12825_070109-070108_AVESGA_SINNUMERO_DETERIO_PREDIO.pdf
1871,1,,,CONSORCIO 4C,GP-13526,,,15_04_Comunic_Recibidas/2020/CI004_GP-13526_070402_CON_2703_EXP_SOCIAL.pdf
1867,2,,,CONSORCIO 4C,GP-13530,,,15_04_Comunic_Recibidas/2020/CI004_GP-13530_050300_CON_2810_OFI_TURISMO_AREA_SERV.pdf
1872,1,,,CONSORCIO 4C,GP-11867,,,15_04_Comunic_Recibidas/2020/CI004_GP-11867_070500_CON_0287_INFO_ANUAL19.pdf
1873,2,,,CONSORCIO 4C,GP-12366,,,15_04_Comunic_Recibidas/2020/CI004_GP-12366_070108_CON_1016_INF_TEC_N1_EXP_51494.pdf
1874,8,,,CONSORCIO 4C,GP-12631,,,15_04_Comunic_Recibidas/2020/CI004_GP-12631_050300-090300_CON_0804_TERMI_PLAZO_CURA_UF3.pdf
1875,1,,,CONSORCIO 4C,GP-13546,,,15_04_Comunic_Recibidas/2020/CI004_GP-13546_070202_CON_2838_ESTAD_FINAN_NO_AUDITA.pdf
1876,1,,,CONSORCIO 4C,GP-12957,,,15_04_Comunic_Recibidas/2020/CI004_GP-12957_070401_CON_1846_INF_PREDIAL_JUN20.pdf
1877,1,,,CONSORCIO 4C,GP-12410,,,15_04_Comunic_Recibidas/2020/CI004_GP-12410_070108_CON_1071_CUMPLI_RESOL_CAR_0566.pdf
1878,2,,,CONSORCIO 4C,GP-12636,,,15_04_Comunic_Recibidas/2020/CI004_GP-12636_070110_CON_1386_REACTIVA_OBRAS.pdf
1879,1,,,CONSORCIO 4C,GP-13763,,,15_04_Comunic_Recibidas/2020/CI004_GP-13763_070210_CON_3198_ACTAS_RETRIBU_NOV_UF1_2_3_4_5.pdf
1882,1,,,CONSORCIO 4C,GP-13154,,,15_04_Comunic_Recibidas/2020/CI004_GP-13154_070401_CON_2130_EXP_FINAL.pdf
1880,4,,,CONSORCIO 4C,GP-12855,,,15_04_Comunic_Recibidas/2020/CI004_GP-12855_070109-070304_CON_1718_PRESENC_ANIMAL_VIA_PUB.pdf
1881,1,,,CONSORCIO 4C,GP-13052,,,15_04_Comunic_Recibidas/2020/CI004_GP-13052_070109_ANI_022533-1_ENCUESTA_EQUID_GENERO.pdf
1883,8,,,CONSORCIO 4C,GP-12809,,,15_04_Comunic_Recibidas/2020/CI004_GP-12809_070108_CON_1633_DISPOSI_AMB_EXP_OCA-15512.pdf
1884,1,,,CONSORCIO 4C,GP-13097,,,15_04_Comunic_Recibidas/2020/CI004_GP-13097_050300_INVIAS_SRN-28931_PTE_HONDA.pdf
1885,1,,,CONSORCIO 4C,GP-13319,,,15_04_Comunic_Recibidas/2020/CI004_GP-13319_070108_CON_2480_INF_58_EER_EXP_52038.pdf
1886,2,,,CONSORCIO 4C,GP-12146,,,15_04_Comunic_Recibidas/2020/CI004_GP-12146_070108_CON_0721_CUMPLI_AUTO_ANLA_1007.pdf
1887,3,,,CONSORCIO 4C,GP-11853,,,15_04_Comunic_Recibidas/2020/CI004_GP-11853_050300_VRC_023_RIESG_INTER_VIAL.pdf
1888,1,,,CONSORCIO 4C,GP-11752,,,15_04_Comunic_Recibidas/2020/CI004_GP-11752_070210_CON_03989_ACTA_RETRIBU_UF1_UF3_NOV.pdf
1889,1,,,CONSORCIO 4C,GP-13257,,,15_04_Comunic_Recibidas/2020/CI004_GP-13257_070202_FBTA_011541_INF_MEN_AGO20.pdf
1891,1,,,CONSORCIO 4C,GP-12461,,,15_04_Comunic_Recibidas/2020/CI004_GP-12461_070108_CON_1102_CUMPLI_AUTO_DRAM_0117.pdf
1890,2,,,CONSORCIO 4C,GP-12930,,,15_04_Comunic_Recibidas/2020/CI004_GP-12930_070202_FBTA_SINNUMERO_ESTAD_FINAN_JUN20.pdf
1892,1,,,CONSORCIO 4C,GP-13281,,,15_04_Comunic_Recibidas/2020/CI004_GP-13281_070401_CON_2419_EXP_FINAL.pdf
1894,1,,,CONSORCIO 4C,GP-13094,,,15_04_Comunic_Recibidas/2020/CI004_GP-13094_050300_CON_2091_PROHIB_PASO_VEHIC_PR33+0353.pdf
1893,2,,,CONSORCIO 4C,GP-12487,,,15_04_Comunic_Recibidas/2020/CI004_GP-12487_050300_ANI_012740-1_AMPLIA_EER_PREDIAL_UF2.pdf
1896,2,,,CONSORCIO 4C,GP-13760,,,15_04_Comunic_Recibidas/2020/CI004_GP-13760_070108_CON_3203_SOPORT_PAG_AMB_EXP_51711.pdf
1895,6,,,CONSORCIO 4C,GP-13682,,,15_04_Comunic_Recibidas/2020/CI004_GP-13682_070108_CON_3130_OCUPA_CAUCE_EXP_81885.pdf
1897,1,,,CONSORCIO 4C,GP-13078,,,15_04_Comunic_Recibidas/2020/CI004_GP-13078_070202_CON_2076_FOR_GCSP-F001_JUL20.pdf
1898,1,,,CONSORCIO 4C,GP-13612,,,15_04_Comunic_Recibidas/2020/CI004_GP-13612_070108_CON_2955_VISITA_TOLU.pdf
1899,2,,,CONSORCIO 4C,GP-12026,,,15_04_Comunic_Recibidas/2020/CI004_GP-12026_070109_CON_0395_RESOL_RIESG_DESPLAZ.pdf
1900,1,,,CONSORCIO 4C,GP-12205,,,15_04_Comunic_Recibidas/2020/CI004_GP-12205_070404_CON_07064_OBS_RESOL_EXPRO.pdf
1901,2,,,CONSORCIO 4C,GP-12391,,,15_04_Comunic_Recibidas/2020/CI004_GP-12391_070110_CON_1003_MEDIDAS_PROMO_COVID-19.pdf
1903,2,,,CONSORCIO 4C,GP-12612,,,15_04_Comunic_Recibidas/2020/CI004_GP-12612_070108-070109_CON_1330_GEST_RIESG_DESASTRES.pdf
1902,3,,,CONSORCIO 4C,GP-12013,,,15_04_Comunic_Recibidas/2020/CI004_GP-12013_070109_CON_0504_COSO_MUNICIPAL.pdf
1904,10,,,CONSORCIO 4C,GP-12845,,,15_04_Comunic_Recibidas/2020/CI004_GP-12845_070201-070115_ANI_017816-1_CTA_CORBO_N03_REDES.pdf
1906,2,,,CONSORCIO 4C,GP-13304,,,15_04_Comunic_Recibidas/2020/CI004_GP-13304_070108_CON_2453_INF_MONITOREO_RUIDO_AMB.pdf
1905,1,,,CONSORCIO 4C,GP-12137,,,15_04_Comunic_Recibidas/2020/CI004_GP-12137_070108_CON_0563_AUTO_CAR_DRMC_1032.pdf
1907,2,,,CONSORCIO 4C,GP-13195,,,15_04_Comunic_Recibidas/2020/CI004_GP-13195_070108_CON_2258_PAZ_SALVO_PERMISOS_AMB.pdf
1908,4,,,CONSORCIO 4C,GP-12301,,,15_04_Comunic_Recibidas/2020/CI004_GP-12301_050300_CON_0963_SEGUROS_CONTRATO.pdf
1909,2,,,CONSORCIO 4C,GP-13669,,,15_04_Comunic_Recibidas/2020/CI004_GP-13669_070108_CON_3065_SOPORT_PAG_AMB_EXP_52039.pdf
1910,1,,,CONSORCIO 4C,GP-11830,,,15_04_Comunic_Recibidas/2020/CI004_GP-11830_070108_CON_0156_INF_17_EER_EXP_52038.pdf
1911,1,,,CONSORCIO 4C,GP-12541,,,15_04_Comunic_Recibidas/2020/CI004_GP-12541_070108_CON_1232_MEDIDA_COMPENSA_EXP_51893.pdf
1912,1,,,CONSORCIO 4C,GP-12063,,,15_04_Comunic_Recibidas/2020/CI004_GP-12063_070401_CON_0468_EXP_PREDIAL.pdf
1913,4,,,CONSORCIO 4C,GP-12965,,,15_04_Comunic_Recibidas/2020/CI004_GP-12965_050300-090300-070108_ANI_020471-1_CIERRE_PDTES_UF3.pdf
1914,2,,,CONSORCIO 4C,GP-13636,,,15_04_Comunic_Recibidas/2020/CI004_GP-13636_070201_FBTA_SINNUMERO_CERT_RETRIBU_NOV20.pdf
1915,1,,,CONSORCIO 4C,GP-11964,,,15_04_Comunic_Recibidas/2020/CI004_GP-11964_070108_CON_0353_CUMPLI_COMPENSA_EXP_51509.pdf
1916,5,,,CONSORCIO 4C,GP-11942,,,15_04_Comunic_Recibidas/2020/CI004_GP-11942_070109_CON_0415_QUEJA_PROCURA_GENERAL.pdf
1917,1,,,CONSORCIO 4C,GP-12386,,,15_04_Comunic_Recibidas/2020/CI004_GP-12386_070108_CON_1032_CUMPLI_RESOL_CAR_1087.pdf
1918,4,,,CONSORCIO 4C,GP-13252,,,15_04_Comunic_Recibidas/2020/CI004_GP-13252_070114_TRANSSURENCO_SINNUMERO_PERMIS_TRANS.pdf
1919,4,,,CONSORCIO 4C,GP-12659,,,15_04_Comunic_Recibidas/2020/CI004_GP-12659_070108_CON_1384_INF_SEM_N05_RESOL_0817.pdf
1920,1,,,CONSORCIO 4C,GP-12036,,,15_04_Comunic_Recibidas/2020/CI004_GP-12036_070401_CON_0516_EXP_PREDIAL.pdf
1921,1,,,CONSORCIO 4C,GP-12481,,,15_04_Comunic_Recibidas/2020/CI004_GP-12481_070108_CON_1155_CUMPLI_AUTO_DRAM_0171.pdf
1922,4,,,CONSORCIO 4C,GP-12658,,,15_04_Comunic_Recibidas/2020/CI004_GP-12658_070108_CON_1383_INF_SEM_N05_RESOL_2129.pdf
1923,1,,,CONSORCIO 4C,GP-13584,,,15_04_Comunic_Recibidas/2020/CI004_GP-13584_050300_CON_2917_CITACION_CONCILIA_PREJUDI.pdf
1924,1,,,CONSORCIO 4C,GP-11900,,,15_04_Comunic_Recibidas/2020/CI004_GP-11900_090300-070107_CON_0293_PLANOS_RECORD_UF3.pdf
1926,4,,,CONSORCIO 4C,GP-12779,,,15_04_Comunic_Recibidas/2020/CI004_GP-12779_070115_CON_1582_OBS_TUBERIA_UF2.pdf
1927,2,,,CONSORCIO 4C,GP-11905,,,15_04_Comunic_Recibidas/2020/CI004_GP-11905_070108_CON_0213_AUTO_ANLA_AUTO_11994.pdf
1929,1,CONCESION ALTO MAGDALENA S.A.S.,,CONSORCIO 4C,GP-12955,16/07/2020,Siembra compensaciones. Expediente 61525.,15_04_Comunic_Recibidas/2020/CI004_GP-12955_070108_CON_1881_SIEMBRA_COMPENSA_61525.pdf
1928,2,CONCESIÓN ALTO MAGDALENA S.A.S.,,CONSORCIO 4C,GP-13548,17/11/2020,"Entrega soporte pago seguimiento a la autorización de ocupación de cauce, Auto DRBM No. 0536 del 30 de septiembre de 2020. Expediente 62041.",15_04_Comunic_Recibidas/2020/CI004_GP-13548_070108_CON_2830_SOPORT_PAG_OCUPA_AUTO_0536.pdf
1925,4,,,CONSORCIO 4C,GP-13643,10/12/2020,Respuesta comunicación CI.004/GP8701/20/5.3 - 3/12/2020 (Rad. Int. ALMA-R-2020-2218) - Entrega 6 expedientes finales.,15_04_Comunic_Recibidas/2020/CI004_GP-13643_050300-070401_CON_3026_EXP_FINAL.pdf
1930,2,CONCESION ALTO MAGDALENA S.A.S,,CONSORCIO 4C,GP-12743,05/06/2020,"Respuesta comunicación CI.004/GP7977/20/5.3-9.3 (Rad Int. ALMA-R-2020-1053 del 27/05/2020). Obligaciones Ambientales Pendientes Apéndice Técnico 6, Unidad Funcional 3.",15_04_Comunic_Recibidas/2020/CI004_GP-12743_070108_CON_1530_OBLIG_AMB_PDTES.pdf
1931,4,CONCESIÓN ALTO MAGDALENA S.A.S.,,CONSORCIO 4C,GP-13341,28/09/2020,Comunicado oficial No. S-2020-013390-DITRA del 18/08/2020. Novedades presentadas concesiones viales,15_04_Comunic_Recibidas/2020/CI004_GP-13341_050300_CON_2515_NOVEDADES_CONCESION_VIALES.pdf
1932,4,CONCESIÓN ALTO MAGDALENA S.A.S.,,CONSORCIO 4C,GP-13308,18/09/2020,"Solicitud de protección a bienes de uso público, por Invasión en el PR 28 +900, Ruta Nacional 4510, vía Honda – La Dorada, Costado Derecho.",15_04_Comunic_Recibidas/2020/CI004_GP-13308_070109_CON_2472_PROTEC_BIEN_USO_PUB.pdf
1934,1,CONCESIÓN ALTO MAGDALENA S.A.S.,ALMA-2020-0301,CONSORCIO 4C,GP-12010,04/02/2020,Entrega edición 20 de la Revista ALMA AL DÍA CON LAS NOTICIAS.,15_04_Comunic_Recibidas/2020/CI004_GP-12010_070109_CON_0301_REVISTA_ALMA_N°20.pdf
1933,1,CONCESIÓN ALTO MAGDALENA S.A.S.,ALMA-2020-1207,CONSORCIO 4C,GP-12514,04/05/2020,Cumplimiento artículo segundo del Auto DRAM CAR N° 0123 del 23 de enero del 2020. Entrega Informe medida compensatoria artículo cuarto Resolución CAR N° 0411 del 24 de febrero del 2016. Expediente 51741.,15_04_Comunic_Recibidas/2020/CI004_GP-12514_070108_CON_1207_MEDIDA_COMPENSA_EXP_51741.pdf
1935,1,CONCESIÓN ALTO MAGDALENA S.A.S.,ALMA-2020-2001,CONSORCIO 4C,GP-13015,31/07/2020,Respuesta Comunicado GP 7695 ALMA-R-2020-0637 Revisión propuesta Diseño hidráulico ZONA de inundación PR 81+415 UF3,15_04_Comunic_Recibidas/2020/CI004_GP-13015_070107_CON_2001_DISEÑ_HIDRAU_PR81+415.pdf
1936,1,CONCESIÓN ALTO MAGDALENA S.A.S.,ALMA-2020-1260,CONSORCIO 4C,GP-12555,07/05/2020,"Cumplimiento artículo 4 Resolución CAR. No. 712 del 6 de abril del 2016, modificada por Resolución CAR No. 1044 de 26 de abril del 2017. Entrega Informe establecimiento medida compensatoria. Expediente 52053",15_04_Comunic_Recibidas/2020/CI004_GP-12555_070108_CON_1260_MEDIDA_COMPENSA_EXP_52053.pdf
1937,10,CONCESION ALTO MAGDALENA S.A.S.,,CONSORCIO 4C,GP-13729,21/12/2020,Respuesta oficio CAR 07202102127 (Rad. Int. ALMA-R-2020-1933) del 13/10/2020. Seguimiento permisos otorgados. Expediente: 51962,15_04_Comunic_Recibidas/2020/CI004_GP-13729_070108_CON_3126_SEG_PERM_OTORG_EXP_51962.pdf
1938,1,CONCESIÓN ALTO MAGDALENA S.A.S.,ALMA-2020-1233,CONSORCIO 4C,GP-12542,04/05/2020,Cumplimiento artículo segundo del Auto DRAM CAR Nº 096 del 23 de enero del 2020. Entrega Informe medida compensatoria artículo cuarto Resolución CAR Nº 0373 del 19 de febrero del 2016. Expediente 52181.,15_04_Comunic_Recibidas/2020/CI004_GP-12542_070108_CON_1233_MEDIDA_COMPENSA_EXP_52181.pdf
1939,2,CONCESION ALTO MAGDALENA S.A.S.,,CONSORCIO 4C,GP-13444,22/10/2020,"Entrega soporte de pago servicio de seguimiento y control ambiental del 2019, en cumplimiento del Auto DRAM No. 0793 del 9/09/2020. Expediente 60699.",15_04_Comunic_Recibidas/2020/CI004_GP-13444_070108_CON_2656_CUMPLI_AUTO_DRAM_0793.pdf
1940,4,CONCESION ALTO MAGDALENA S.A.S,,CONSORCIO 4C,GP-12850,29/06/2020,Alcance Reactivación obras de construcción Proyecto – Novedades personal Constructor INGENIERIA Y CONSTRUCCIÓN DE OBRAS CIVILES - MHC,15_04_Comunic_Recibidas/2020/CI004_GP-12850_070110_CON_1708_REACTIVA_OBRAS_MHC.pdf
1941,1,CONCESIÓN ALTO MAGDALENA S.A.S.,,CONSORCIO 4C,GP-12839,23/06/2020,Respuesta comunicación CI.004/GP8047/20/7.4.6 (Rad. Int. ALMA-R-2020-1149 del 12/06/2020) Entrega del expediente predial (Físico) ALMA-5-0267 para aprobación definitiva del Avalúo Comercial Corporativo.,15_04_Comunic_Recibidas/2020/CI004_GP-12839_070406_CON_1669_EXP_AVALUO.pdf
1942,1,CONCESIÓN ALTO MAGDALENA S.A.S.,ALMA-2020-1259,CONSORCIO 4C,GP-12554,06/05/2020,Cumplimiento artículo 4 Resolución CAR. No. 560 de 09 de marzo del 2016. Entrega Informe establecimiento medida compensatoria. Expediente 52039.,15_04_Comunic_Recibidas/2020/CI004_GP-12554_070108_CON_1259_MEDIDA_COMPENSA_EXP_52039.pdf
1944,1,CONCESIÓN ALTO MAGDALENA S.A.S.,,CONSORCIO 4C,GP-13176,03/06/2020,"Entrega expediente predial ALMA-2-0036, para revisión y aprobación del componente social.",15_04_Comunic_Recibidas/2020/CI004_GP-13176_070402_CON_1495_EXP_SOCIAL.pdf
1945,6,CONCESIÓN ALTO MAGDALENA S.A.S.,,CONSORCIO 4C,GP-12759,08/06/2020,"Consideraciones y argumentos Resolución 20201010006185 del 31 de mayo de 72020, expedida por la ANI, mediante la cual se derogan las Resoluciones 471 y 498 de 2020.",15_04_Comunic_Recibidas/2020/CI004_GP-12759_050300_CON_1557_DEROGAN_RESOL_471_498.pdf
1943,2,CONCESIÓN ALTO MAGDALENA S.A.S.,,CONSORCIO 4C,GP-12213,25/03/2020,Solicitud pronunciamiento sobre autorización de ingreso al predio La Esperanza para estudios en la Quebrada Arenales,15_04_Comunic_Recibidas/2020/CI004_GP-12213_070108_CON_0832_ING_PREDIO_ESPERANZA.pdf
1947,2,,,CONSORCIO 4C,GP-13558,18/11/2020,ESTADOS FINANCIEROS MES DE OCTUBRE DE 2020 | PA 63664 ALTO MAGDALENA,15_04_Comunic_Recibidas/2020/CI004_GP-13558_070202_FBTA_SINNUMERO_ESTAD_FINAN_OCT20.pdf
1946,2,CONCESIÓN ALTO MAGDALENA S.A.S.,,CONSORCIO 4C,GP-13232,07/09/2020,"Presentación proyecto e Invitación capacitación: Espacio Público, Decreto 2770 de 1953, Ley 1228 del 2008, Resolución 716 del 2015, y decreto 2976 del 2010",15_04_Comunic_Recibidas/2020/CI004_GP-13232_070109_CON_2341_ESPACIO_PUB_DEC_2770.pdf
1948,2,CONCESIÓN ALTO MAGDALENA S.A.S.,,CONSORCIO 4C,GP-13668,16/12/2020,Entrega soporte de pago seguimiento ambiental Auto DRBM 0661 del 4 de noviembre de 2020. Expediente 52052.,15_04_Comunic_Recibidas/2020/CI004_GP-13668_070108_CON_3064_SOPORT_PAG_AMB_EXP_52052.pdf
1949,4,,,CONSORCIO 4C,GP-13206,31/08/2020,"Cambio y presentación de personal de Interventoría. Fase de Construcción. Radicados ANI No. 2020-409-078767-2 de fecha 21 de agosto de 2020, 2020-409-048905-2 de fecha 04 de junio de 2020 y 2020-409-048902-2 de fecha 04 de junio de 2020. Contrato de Interventoría 145 del 2014. Contrato de Concesión Vial No. 003 de 2014 Concesión Girardot Honda Puerto Salgar.",15_04_Comunic_Recibidas/2020/CI004_GP-13206_020200_ANI_025099-1_APROBA_HV_INTERV.pdf
1951,4,CONCESIÓN ALTO MAGDALENA S.A.S.,,CONSORCIO 4C,GP-13315,22/09/2020,Solicitud visita técnica-ambiental de seguimiento a la infraestructura existente intervenida en la abcisa K123+960. Expediente 52020.,15_04_Comunic_Recibidas/2020/CI004_GP-13315_070108_CON_2476_VISIT_AMB_INFRAEST_K123.pdf
1950,1,CONCESIÓN ALTO MAGDALENA S.A.S.,,CONSORCIO 4C,GP-13032,31/07/2020,Respuesta comunicación CI.004/GP8217/20/7.4.6 (Rad. Int. ALMA-R-2020-1415 del 24/07/2020) Entrega expediente predial (Físico) ALMA-5-0251-1 para aprobación definitiva del Avalúo Comercial Corporativo.,15_04_Comunic_Recibidas/2020/CI004_GP-13032_070406_CON_1974_EXP_AVALUO.pdf
1952,4,CONCESIÓN ALTO MAGDALENA S.A.S.,,CONSORCIO 4C,GP-13020,03/08/2020,Respuesta comunicación CI.004/GP8192/20/7.1.9 – (Rad. Int. ALMA-R-2020-1376- 21/07/2020) – Observaciones Pagos compensaciones socioeconómicas.,15_04_Comunic_Recibidas/2020/CI004_GP-13020_070109-070402_CON_2013_OBS_PAG_COMPENSA_ECO.pdf
1956,1,,,CONSORCIO 4C,GP-12732,,,15_04_Comunic_Recibidas/2020/CI004_GP-12732_070109_CON_1520_FOR_GCSP-F203_MAY20.pdf
1954,2,,,CONSORCIO 4C,GP-12192,,,15_04_Comunic_Recibidas/2020/CI004_GP-12192_070108_CON_0729_POLIZA_CUMP_LAV0063-00-2015.pdf
1957,4,,,CONSORCIO 4C,GP-12828,,,15_04_Comunic_Recibidas/2020/CI004_GP-12828_070108_CON_0767_OCUPA_CAUCE_K74+650.pdf
1958,1,,,CONSORCIO 4C,GP-12984,,,15_04_Comunic_Recibidas/2020/CI004_GP-12984_070107_CON_1929_PRUEBA_CARG_PTE_PEATON_UF5.pdf
1953,1,CONCESION ALTO MAGDALENA S.A.S.,,CONSORCIO 4C,GP-13355,30/09/2020,"Solicitud concepto técnico visita predios de Compensación, Resolución DRAM No. 0038 del 25 de abril del 2016. Expediente 52291.",15_04_Comunic_Recibidas/2020/CI004_GP-13355_070108_CON_2531_CONCEPTO_TEC_EXP_52291.pdf
1959,4,,,CONSORCIO 4C,GP-12627,,,15_04_Comunic_Recibidas/2020/CI004_GP-12627_070109_CON_1346_ANIMAL_VAGOS_K27_K29.pdf
1961,1,,,CONSORCIO 4C,GP-13017,,,15_04_Comunic_Recibidas/2020/CI004_GP-13017_070110_CON_1991_OBS_PAG_SEGYSAL_DIC_ENE.pdf
1962,4,,,CONSORCIO 4C,GP-12872,,,15_04_Comunic_Recibidas/2020/CI004_GP-12872_070401_CON_1748_DISPO_PREDIAL_TRASLAD_REDES.pdf
1960,6,,,CONSORCIO 4C,GP-11933,,,15_04_Comunic_Recibidas/2020/CI004_GP-11933_070108_CON_0384_OCUP_CAUCE_K105+332.pdf
1964,1,,,CONSORCIO 4C,GP-12135,,,15_04_Comunic_Recibidas/2020/CI004_GP-12135_070401_INVIAS_4343_RTA_ENTRADA_6536.pdf
1963,4,,,CONSORCIO 4C,GP-12784,,,15_04_Comunic_Recibidas/2020/CI004_GP-12784_070108_CON_1580_OBS_INF_N06_RESOL_2284.pdf
1965,2,,,CONSORCIO 4C,GP-13531,,,15_04_Comunic_Recibidas/2020/CI004_GP-13531_050300_CON_2811_OFI_TURISMO_AREA_SERV.pdf
1967,1,,,CONSORCIO 4C,GP-13151,,,15_04_Comunic_Recibidas/2020/CI004_GP-13151_070109_CON_2175_DP_MSANCHEZ.pdf
1966,1,,,CONSORCIO 4C,GP-12696,,,15_04_Comunic_Recibidas/2020/CI004_GP-12696_070108_CON_1442_MEDIDA_COMPENSA_EXP_51731.pdf
1968,4,,,CONSORCIO 4C,GP-12184,,,15_04_Comunic_Recibidas/2020/CI004_GP-12184_070401_CON_0783_INF_PREDIAL_EER_UF2.pdf
1970,2,,,CONSORCIO 4C,GP-13293,,,15_04_Comunic_Recibidas/2020/CI004_GP-13293_070108_CON_2442_SEGUI_CTROL_AMB_EXP_61896.pdf
1969,4,,,CONSORCIO 4C,GP-11732,,,15_04_Comunic_Recibidas/2020/CI004_GP-11732_070109_ANI_000490-1_PETICION_ICCU.pdf
1971,1,,,CONSORCIO 4C,GP-12598,,,15_04_Comunic_Recibidas/2020/CI004_GP-12598_070402_CON_1278_EXP_SOCIAL.pdf
1955,1,CONCESION ALTO MAGDALENA S.A.S.,,CONSORCIO 4C,GP-13087,15/08/2020,Respuesta comunicaciones CI.004/GP8096/20/7.5 (Rad. Int. ALMA-R-2020-1230 del 25/06/2020). Tercera Revisión Memoria Técnica Julio de 2019.,15_04_Comunic_Recibidas/2020/CI004_GP-13087_070500_CON_2082_OBS_MEMOTEC_JUL19.pdf
1972,10,,,CONSORCIO 4C,GP-13752,,,15_04_Comunic_Recibidas/2020/CI004_GP-13752_070108_CON_3160_SEG_PERM_OTORG_EXP_62722.pdf
1974,5,,,CONSORCIO 4C,GP-11770,,,15_04_Comunic_Recibidas/2020/CI004_GP-11770_070109_CON_0129_AFECTA_INMUEB_BCONCORDIA.pdf
1975,6,,,CONSORCIO 4C,GP-13162,,,15_04_Comunic_Recibidas/2020/CI004_GP-13162_070303_CON_2194_MEDI_INDICADOR_E7.pdf
1973,4,,,CONSORCIO 4C,GP-13354,,,15_04_Comunic_Recibidas/2020/CI004_GP-13354_070108_CON_2529_ASPECT_IMPAC_UF1.pdf
1976,1,,,CONSORCIO 4C,GP-12653,,,15_04_Comunic_Recibidas/2020/CI004_GP-12653_070108_CON_1376_DISPOSI_RESIDUOS_EXP_51843.pdf
1978,1,,,CONSORCIO 4C,GP-11917,,,15_04_Comunic_Recibidas/2020/CI004_GP-11917_070401_CON_0316_DAÑ_EMERG_EXP_FINAL.pdf
1979,1,,,CONSORCIO 4C,GP-12499,,,15_04_Comunic_Recibidas/2020/CI004_GP-12499_070108_CON_1173_DISPOSI_RESIDUOS_EXP_62375.pdf
1977,3,,,CONSORCIO 4C,GP-12100,,,15_04_Comunic_Recibidas/2020/CI004_GP-12100_070301_CON_0622_DEFICIENCIA_SISTEM_PEAJES.pdf
1980,1,,,CONSORCIO 4C,GP-12141,,,15_04_Comunic_Recibidas/2020/CI004_GP-12141_070108_CON_0703_PLAN_ACCIÓN_BELLAVISTA.pdf
1983,1,,,CONSORCIO 4C,GP-13220,,,15_04_Comunic_Recibidas/2020/CI004_GP-13220_070210_FBTA_SINNUMERO_CERTIF_RETRIBU.pdf
1981,2,,,CONSORCIO 4C,GP-12354,,,15_04_Comunic_Recibidas/2020/CI004_GP-12354_070108_CON_1008_CUMPLI_AUTO_DRAM_1660.pdf
1982,1,,,CONSORCIO 4C,GP-12176,,,15_04_Comunic_Recibidas/2020/CI004_GP-12176_070404_CON_0686_EXP_EXPRO.pdf
1985,1,,,CONSORCIO 4C,GP-13639,,,15_04_Comunic_Recibidas/2020/CI004_GP-13639_050300-070208_CON_2959_CTA_COBRO_RECAUD_PEAJ.pdf
1986,7,,,CONSORCIO 4C,GP-12102,,,15_04_Comunic_Recibidas/2020/CI004_GP-12102_070111_CON_0626_FALTAS_IMPLEM_PMT.pdf
1984,2,,,CONSORCIO 4C,GP-11804,,,15_04_Comunic_Recibidas/2020/CI004_GP-11804_070404_CON_0186_EXP_EXPRO.pdf
1988,1,,,CONSORCIO 4C,GP-12650,,,15_04_Comunic_Recibidas/2020/CI004_GP-12650_070108_CON_1373_DISPOSI_RESIDUOS_EXP_51717.pdf
1987,6,,,CONSORCIO 4C,GP-12916,,,15_04_Comunic_Recibidas/2020/CI004_GP-12916_070109_RESIDENTEPTOBOGTA_SINNUMERO_DP.pdf
1989,1,,,CONSORCIO 4C,GP-13200,,,15_04_Comunic_Recibidas/2020/CI004_GP-13200_070108_CON_2259_APROVE_FORESTAL_RESOL_157.pdf
1990,10,,,CONSORCIO 4C,GP-13733,,,15_04_Comunic_Recibidas/2020/CI004_GP-13733_070108_CON_3141_SEG_PERM_OTORG_EXP_51968.pdf
1992,2,,,CONSORCIO 4C,GP-12094,,,15_04_Comunic_Recibidas/2020/CI004_GP-12094_070404_CON_0606_EXP_EXPRO.pdf
1991,1,,,CONSORCIO 4C,GP-12790,,,15_04_Comunic_Recibidas/2020/CI004_GP-12790_070115_CON_1588_SOPORTES_CTA_COBRO_N03.pdf
1993,1,,,CONSORCIO 4C,GP-13208,,,15_04_Comunic_Recibidas/2020/CI004_GP-13208_050300_INVIAS_SRN-31968_RTA_INFO_CONTRATO_529.pdf
1994,1,,,CONSORCIO 4C,GP-12226,,,15_04_Comunic_Recibidas/2020/CI004_GP-12226_070108_CON_0851_ICA_N°01.pdf
1995,4,,,CONSORCIO 4C,GP-12666,,,15_04_Comunic_Recibidas/2020/CI004_GP-12666_070110_CON_1359_REACTIVA_OBRAS.pdf
1996,1,,,CONSORCIO 4C,GP-12885,,,15_04_Comunic_Recibidas/2020/CI004_GP-12885_070109_CON_1790_EROSION_PREDIO_PR40-PR44.pdf
1997,1,,,CONSORCIO 4C,GP-13189,,,15_04_Comunic_Recibidas/2020/CI004_GP-13189_070402_CON_2243_FOR_GCSP_F203_AGO20.pdf
1998,2,,,CONSORCIO 4C,GP-13479,,,15_04_Comunic_Recibidas/2020/CI004_GP-13479_070108_CON_2716_INF_N63_EER_EXP_52038.pdf
1999,1,,,CONSORCIO 4C,GP-11950,,,15_04_Comunic_Recibidas/2020/CI004_GP-11950_070108_CON_0338_CUMPLI_AUTO_DRMC_1078.pdf
2000,2,,,CONSORCIO 4C,GP-13532,,,15_04_Comunic_Recibidas/2020/CI004_GP-13532_050300_CON_2812_OFI_TURISMO_AREA_SERV.pdf
2001,1,,,CONSORCIO 4C,GP-12878,,,15_04_Comunic_Recibidas/2020/CI004_GP-12878_050300_CON_1770_POLIZAS_OTROSI_9_EER_UF4.pdf
2002,1,,,CONSORCIO 4C,GP-12406,,,15_04_Comunic_Recibidas/2020/CI004_GP-12406_070108_CON_1067_CUMPLI_RESOL_CAR_0547.pdf
2003,2,,,CONSORCIO 4C,GP-12600,,,15_04_Comunic_Recibidas/2020/CI004_GP-12600_070108-070109_CON_1314_GEST_RIESG_DESASTRES.pdf
2004,3,,,CONSORCIO 4C,GP-12016,,,15_04_Comunic_Recibidas/2020/CI004_GP-12016_070109_CON_0507_COSO_MUNICIPAL.pdf
2005,2,,,CONSORCIO 4C,GP-11890,,,15_04_Comunic_Recibidas/2020/CI004_GP-11890_070500_CON_0135_OBS_MEMOTEC_AGO19.pdf
2006,1,,,CONSORCIO 4C,GP-13434,,,15_04_Comunic_Recibidas/2020/CI004_GP-13434_050300-070202_CON_2637_ESTAD_FINAN_AUDITA.pdf
2007,1,,,CONSORCIO 4C,GP-13223,,,15_04_Comunic_Recibidas/2020/CI004_GP-13223_050300-070303_CON_2332_EVALUA_INDICAD.pdf
2008,4,,,CONSORCIO 4C,GP-13607,,,15_04_Comunic_Recibidas/2020/CI004_GP-13607_070109_CON_2949_PROTEC_BIENES_USO_PUB.pdf
2009,1,,,CONSORCIO 4C,GP-12646,,,15_04_Comunic_Recibidas/2020/CI004_GP-12646_070108_CON_1370_DISPOSI_RESIDUOS_EXP_51703.pdf
2010,1,,,CONSORCIO 4C,GP-12990,,,15_04_Comunic_Recibidas/2020/CI004_GP-12990_070108_CON_1955_CUMPLI_RESOL_CAR_2423.pdf
2011,1,,,CONSORCIO 4C,GP-12980,,,15_04_Comunic_Recibidas/2020/CI004_GP-12980_070402_CON_1673_EXP_SOCIAL.pdf
2012,1,,,CONSORCIO 4C,GP-13457,,,15_04_Comunic_Recibidas/2020/CI004_GP-13457_070202_FBTA_012094_INF_MEN_SEP20.pdf
2013,1,,,CONSORCIO 4C,GP-12670,,,15_04_Comunic_Recibidas/2020/CI004_GP-12670_070108_CON_1398_INF_N39_EER_EXP_52038.pdf
2015,4,,,CONSORCIO 4C,GP-13388,,,15_04_Comunic_Recibidas/2020/CI004_GP-13388_050300_CON_2577_FICHAS_TEC_ETAP_OPERA.pdf
2016,1,,,CONSORCIO 4C,GP-13090,,,15_04_Comunic_Recibidas/2020/CI004_GP-13090_070500_CON_2087_2_REV_MEMOTEC_JUL19.pdf
2014,1,,,CONSORCIO 4C,GP-12291,,,15_04_Comunic_Recibidas/2020/CI004_GP-12291_070108_CON_0940_MORTALID_ARBOLES_UF2.pdf
2018,10,,,CONSORCIO 4C,GP-13753,,,15_04_Comunic_Recibidas/2020/CI004_GP-13753_070108_CON_3161_SEG_PERM_OTORG_EXP_62723.pdf
2017,6,,,CONSORCIO 4C,GP-13076,,,15_04_Comunic_Recibidas/2020/CI004_GP-13076_050300_CON_2080_MED_INDICADOR_ETAP_OPERATIV.pdf
2019,1,,,CONSORCIO 4C,GP-12543,,,15_04_Comunic_Recibidas/2020/CI004_GP-12543_070108_CON_1234_MEDIDA_COMPENSA_EXP_51891.pdf
2020,4,,,CONSORCIO 4C,GP-12733,,,15_04_Comunic_Recibidas/2020/CI004_GP-12733_070108_CON_1521_AUTO_TRASPLANTE_ARBOL.pdf
2021,2,,,CONSORCIO 4C,GP-12633,,,15_04_Comunic_Recibidas/2020/CI004_GP-12633_070109_ANI_014124-1_DP_VACAB.pdf
2022,1,,,CONSORCIO 4C,GP-12854,,,15_04_Comunic_Recibidas/2020/CI004_GP-12854_070109-070201_CON_1712_FOR_GCSP-F203_JUN20.pdf
2023,2,,,CONSORCIO 4C,GP-13597,,,15_04_Comunic_Recibidas/2020/CI004_GP-13597_070108_CON_2928_ACTIV_PRED_PORVENIR_ILUSION.pdf
2024,7,,,CONSORCIO 4C,GP-11864,,,15_04_Comunic_Recibidas/2020/CI004_GP-11864_090300_CON_0271_PDTES_INSTALACIÓN_UF3.pdf
2025,2,,,CONSORCIO 4C,GP-12330,,,15_04_Comunic_Recibidas/2020/CI004_GP-12330_070401_CON_0985_INF_SEM_OLYMPUS.pdf
2027,4,,,CONSORCIO 4C,GP-13403,,,15_04_Comunic_Recibidas/2020/CI004_GP-13403_070108_CON_2588_INF_CUMP_COMPENSA_EXP_52291.pdf
2026,1,,,CONSORCIO 4C,GP-12082,,,15_04_Comunic_Recibidas/2020/CI004_GP-12082_070107_CON_0572_DRENAJE_PR81+415.pdf
2028,1,,,CONSORCIO 4C,GP-12468,,,15_04_Comunic_Recibidas/2020/CI004_GP-12468_070108_CON_1109_CUMPLI_RESOL_CAR_3319.pdf
2029,2,,,CONSORCIO 4C,GP-12860,,,15_04_Comunic_Recibidas/2020/CI004_GP-12860_070115_CON_1742_ACUERD_CENIT_ALMA.pdf
2030,2,,,CONSORCIO 4C,GP-11743,,,15_04_Comunic_Recibidas/2020/CI004_GP-11743_070108_CON_0069_SIEMBRA_COMPENSA_EXP_51841.pdf
2031,4,,,CONSORCIO 4C,GP-12781,,,15_04_Comunic_Recibidas/2020/CI004_GP-12781_070115_CON_1548_ANDEN_EJE2_NORCASIA.pdf
2032,2,,,CONSORCIO 4C,GP-13330,,,15_04_Comunic_Recibidas/2020/CI004_GP-13330_050300_CON_2502_PERMISO_INTERV_FERREO.pdf
2033,1,,,CONSORCIO 4C,GP-12182,,,15_04_Comunic_Recibidas/2020/CI004_GP-12182_070406_CON_0446_EXP_AVALUO.pdf
2034,1,,,CONSORCIO 4C,GP-12672,,,15_04_Comunic_Recibidas/2020/CI004_GP-12672_070108_CON_1400_INF_N41_EER_EXP_52038.pdf
2035,1,,,CONSORCIO 4C,GP-12735,,,15_04_Comunic_Recibidas/2020/CI004_GP-12735_070108_CON_1523_INF_N43_EER_EXP_52038.pdf
2036,2,,,CONSORCIO 4C,GP-12997,,,15_04_Comunic_Recibidas/2020/CI004_GP-12997_070110_CON_1949_PAG_SEGYSAL_MAY_ABR.pdf
2037,5,,,CONSORCIO 4C,GP-12164,,,15_04_Comunic_Recibidas/2020/CI004_GP-12164_070401_CON_0679_INF_PREDIAL_EER_UF2.pdf
2039,50,,,CONSORCIO 4C,GP-13313,,,15_04_Comunic_Recibidas/2020/CI004_GP-13313_050200_ANI_SINNUMERO_OTROSI__N10.pdf
2040,1,,,CONSORCIO 4C,GP-13244,,,15_04_Comunic_Recibidas/2020/CI004_GP-13244_070401_CON_2376_EXP_FINAL.pdf
2038,2,,,CONSORCIO 4C,GP-13099,,,15_04_Comunic_Recibidas/2020/CI004_GP-13099_070109_CON_2126_ESPACIO_PUB_LEY_1228_2008.pdf
2042,1,,,CONSORCIO 4C,GP-12846,,,15_04_Comunic_Recibidas/2020/CI004_GP-12846_070108_CON_1699_INF_N46_EER_EXP_52038.pdf
2041,2,,,CONSORCIO 4C,GP-12118,,,15_04_Comunic_Recibidas/2020/CI004_GP-12118_070109_ANI_007327-1_DP_VACAB.pdf
2043,3,,,CONSORCIO 4C,GP-12045,,,15_04_Comunic_Recibidas/2020/CI004_GP-12045_070114_ANI_005325-1_APROBA_POLIZAS.pdf
2044,1,,,CONSORCIO 4C,GP-12528,,,15_04_Comunic_Recibidas/2020/CI004_GP-12528_070108_CON_1221_DISPOSI_RESIDUOS_EXP_51852.pdf
2045,1,,,CONSORCIO 4C,GP-11736,,,15_04_Comunic_Recibidas/2020/CI004_GP-11736_050300_CON_0060_DIR_ENTREG_CORRESPOND.pdf
2046,1,,,CONSORCIO 4C,GP-12749,,,15_04_Comunic_Recibidas/2020/CI004_GP-12749_070108_CON_1540_JUSTIFI_HIDRAU_UF5.pdf
2047,1,,,CONSORCIO 4C,GP-13536,,,15_04_Comunic_Recibidas/2020/CI004_GP-13536_070202-070208_FOR_GCSP-F009_OCT20.pdf
2048,3,CONCESIÓN ALTO MAGDALENA S.A.S.,ALMA-2020-0509,CONSORCIO 4C,GP-12018,18/02/2020,Acciones para la construcción y funcionamiento COSO MUNICIPAL,15_04_Comunic_Recibidas/2020/CI004_GP-12018_070109_CON_0509_COSO_MUNICIPAL.pdf
2051,1,CONCESION ALTO MAGDALENA S.A.S.,,CONSORCIO 4C,GP-12951,16/07/2020,Siembra compensaciones. Expediente 60700.,15_04_Comunic_Recibidas/2020/CI004_GP-12951_070108_CON_1877_SIEMBRA_COMPENSA_60700.pdf
2050,2,CONCESION ALTO MAGDALENA S.A.S.,,CONSORCIO 4C,GP-13455,22/10/2020,Respuesta Oficio CI.004/GP8429/20/7.4.2 (Rad int. ALMA-R-2020-1780) – Requerimiento formal acceso vehicular predio ALMA-2-0098-1 UF2.,15_04_Comunic_Recibidas/2020/CI004_GP-13455_070402-070109_CON_2643_ACCESO_VEHICUL_2-0098-1.pdf
2049,1,CONCESIÓN ALTO MAGDALENA S.A.S.,,CONSORCIO 4C,GP-12833,04/06/2020,Respuesta comunicación CI.004/GP7943/20/7.4.6 (Rad. Int. ALMA-R-2020-1009 del 19/05/2020) Entrega expediente predial (Físico) ALMA-3-0073 para aprobación definitiva del Avalúo Comercial Corporativo.,15_04_Comunic_Recibidas/2020/CI004_GP-12833_070406_CON_1509_EXP_AVALUO.pdf
2052,1,CONCESIÓN ALTO MAGDALENA S.A.S.,,CONSORCIO 4C,GP-13042,31/07/2020,"Cumplimiento obligación artículo 2 del Auto CAR DRAM No. 0631 del 17 de julio de 2020, y Resolución CAR No. 2424 del 11 de septiembre de 2017. Entrega del informe de disposición de residuos. Expediente 61894.",15_04_Comunic_Recibidas/2020/CI004_GP-13042_070108_CON_1978_DISPOSI_RESIDUOS_EXP_61894.pdf
2055,10,CONCESION ALTO MAGDALENA S.A.S.,,CONSORCIO 4C,GP-13743,23/12/2020,Respuesta oficio CAR 07202102127 (Rad. Int. ALMA-R-2020-1933) del 13/10/2020. Seguimiento permisos otorgados. Expediente: 60681,15_04_Comunic_Recibidas/2020/CI004_GP-13743_070108_CON_3151_SEG_PERM_OTORG_EXP_60681.pdf
2054,10,CONCESION ALTO MAGDALENA S.A.S.,,CONSORCIO 4C,GP-13649,10/12/2020,Respuesta comunicación CI.004/GP8595/20/7.5 (Rad. Int. ALMA-R-2020-2113) Revisión Memoria Técnica septiembre 2020,15_04_Comunic_Recibidas/2020/CI004_GP-13649_070500_CON_3031_OBS_MEMOTEC_SEP20.pdf
2053,10,CONCESION ALTO MAGDALENA S.A.S.,,CONSORCIO 4C,GP-13728,21/12/2020,Respuesta oficio CAR 07202102127 (Rad. Int. ALMA-R-2020-1933 del 13/10/2020). Seguimiento permisos otorgados. Expediente: 51961,15_04_Comunic_Recibidas/2020/CI004_GP-13728_070108_CON_3125_SEG_PERM_OTORG_EXP_51961.pdf
2056,1,CONCESIÓN ALTO MAGDALENA S.A.S.,,CONSORCIO 4C,GP-12038,18/02/2020,Respuesta comunicación CI.004/GP7514/20/7.4.1 (Rad. interno ALMA-R-2020-0353 del 13/02/2020) Entrega del expediente ALMA-5-0070 para aprobación de insumos prediales.,15_04_Comunic_Recibidas/2020/CI004_GP-12038_070401_CON_0513_EXP_PREDIAL.pdf
2057,4,CONCESIÓN ALTO MAGDALENA S.A.S.,,CONSORCIO 4C,GP-12970,23/07/2020,Respuesta a su comunicado CI.004/GP8102/20/7.1.10 (Radicado interno ALMA-R-2020-1247 del 30/06/2020) Observación Pago de Seguridad Social diciembre 2019 y salarios enero 2020.,15_04_Comunic_Recibidas/2020/CI004_GP-12970_070110_CON_1917_OBS_PAG_SEGYSAL_DIC_ENE.pdf
2059,10,CONCESION ALTO MAGDALENA S.A.S.,,CONSORCIO 4C,GP-13745,23/12/2020,Respuesta oficio CAR 07202102127 (Rad. Int. ALMA-R-2020-1933 del 13/10/2020). Seguimiento permisos otorgados. Expediente: 60684,15_04_Comunic_Recibidas/2020/CI004_GP-13745_070108_CON_3153_SEG_PERM_OTORG_EXP_60684.pdf
2058,12,CONCESION ALTO MAGDALENA S.A.S.,,CONSORCIO 4C,GP-13627,02/12/2020,Solicitud Otrosí Modificatorio medición indicadores E12 (SEÑALIZACION HORIZONTAL-Retrofectividad en milicandelas por metro cuadrado y Lux) y E16 (CAPACIDAD ESTRUCTURAL-Medición de la Deflexión mediante FWD),15_04_Comunic_Recibidas/2020/CI004_GP-13627_050300_CON_2983_OTROSI_INDICA_E12_E16.pdf
2060,2,CONCESIÓN ALTO MAGDALENA S.A.S.,,CONSORCIO 4C,GP-11784,16/01/2020,Solicitud información y estado del trámite de seguimiento - Resolución 1685 del 24 de diciembre de 2016. Expediente: LAV0063-00-2015,15_04_Comunic_Recibidas/2020/CI004_GP-11784_070108_CON_0115_SEGUI_RESOL_1685.pdf
2061,4,CONCESIÓN ALTO MAGDALENA S.A.S.,,CONSORCIO 4C,GP-12902,13/07/2020,Respuesta Comunicación CI.004/GP8122/20/5.3-7.2.9 (ALMA-2020-1269) – Recaudo Peajes.,15_04_Comunic_Recibidas/2020/CI004_GP-12902_050300_CON_1831_RECAUDO_PEAJES.pdf
2063,2,CONCESIÓN ALTO MAGDALENA S.A.S.,ALMA-2020-0552,CONSORCIO 4C,GP-12114,21/02/2020,Entrega del expediente ALMA-5-0252 para revisión y aprobación del componente social,15_04_Comunic_Recibidas/2020/CI004_GP-12114_070402_CON_0552_EXP_SOCIAL.pdf
2062,17,CONCESIÓN ALTO MAGDALENA S.A.S.,ALMA-2020-0651,CONSORCIO 4C,GP-12124,03/03/2020,"Valores referencia cercas, construcciones principales, cultivos y especies para la liquidación de los Informes de Avalúos Comerciales Corporativos.",15_04_Comunic_Recibidas/2020/CI004_GP-12124_070406_CON_0651_INF_AVALUOS.pdf
2064,3,CONCESIÓN ALTO MAGDALENA S.A.S.,,CONSORCIO 4C,GP-12055,18/02/2020,Acciones para la construcción y funcionamiento COSO MUNICIPAL,15_04_Comunic_Recibidas/2020/CI004_GP-12055_070109_CON_0506_COSO_MUNICIPAL.pdf
2066,1,CONCESIÓN ALTO MAGDALENA S.A.S.,ALMA-2020-0901,CONSORCIO 4C,GP-12278,02/04/2020,Entrega del Informe de establecimiento y mantenimiento de medida compensatoria. Expediente 51976.,15_04_Comunic_Recibidas/2020/CI004_GP-12278_070108_CON_0901_MEDIDA_COMPENSA_51976.pdf
2068,1,Fiduciaria Bogotá S.A.,,CONSORCIO 4C,GP-13335,15/07/2020,INFORME MENSUAL DEL 1 AL 30 DE JUNIO DE 2020 FIDEICOMISO FIDUBOGOTA–CONCESION ALTO MAGDALENA 3-1-63664,15_04_Comunic_Recibidas/2020/CI004_GP-13335_070202_FBTA_011539_INF_MEN_JUN20.pdf
2065,2,CONCESIÓN ALTO MAGDALENA S.A.S.,,CONSORCIO 4C,GP-12147,05/03/2020,Entrega Informe No. 8. Resolución No. 2280 del 18 de diciembre de 2015 UF3. Expediente ATV 0271.,15_04_Comunic_Recibidas/2020/CI004_GP-12147_070108_CON_0698_INF_N08_RESOL_2280.pdf
2067,10,CONCESION ALTO MAGDALENA S.A.S.,,CONSORCIO 4C,GP-13735,23/12/2020,Respuesta oficio CAR 07202102127 (Rad. Int. ALMA-R-2020-1933 del 13/10/2020). Seguimiento permisos otorgados. Expediente: 51970,15_04_Comunic_Recibidas/2020/CI004_GP-13735_070108_CON_3143_SEG_PERM_OTORG_EXP_51970.pdf
2069,1,CONCESIÓN ALTO MAGDALENA S.A.S.,,CONSORCIO 4C,GP-12769,10/06/2020,Entrega Informe Gerencial Mensual N° 67 – MAYO de 2020,15_04_Comunic_Recibidas/2020/CI004_GP-12769_070500_CON_1564_INF_MEN_N67_MAY20.pdf
2070,1,CONCESIÓN ALTO MAGDALENA S.A.S.,ALMA-2-0106-11,CONSORCIO 4C,GP-13410,18/09/2020,"Entrega del expediente predial ALMA-2-0106-11, para revisión y aprobación del componente social.",15_04_Comunic_Recibidas/2020/CI004_GP-13410_070402_CON_2455_EXP_SOCIAL.pdf
2072,1,CONCESION ALTO MAGDALENA S.A.S.,,CONSORCIO 4C,GP-13504,09/11/2020,Solicitud prórroga término establecido artículo tercero del Auto 09099 del 16 de septiembre de 2020. Expediente: LAV0063-00-2016,15_04_Comunic_Recibidas/2020/CI004_GP-13504_070108_CON_2780_SCTUD_PRORROGA_AUTO_09099.pdf
2071,4,CONCESIÓN ALTO MAGDALENA S.A.S.,,CONSORCIO 4C,GP-13429,21/10/2020,"Respuesta Oficio CI.004/GP8152/20/7.1.9 (Rad. Int. ALMA-R-2020-1320 del 10/07/2020), y Oficio CI.004/GP8471/20/7.1.9 (Rad. Int. ALMA-R-2020-1834 del 25/09/2020) - Observaciones SICC Social.",15_04_Comunic_Recibidas/2020/CI004_GP-13429_070109_CON_2630_OBS_SICC_SOCIAL.pdf
2074,3,CONSORCIO 4C,GP-7515,,,2 de Febrero de 2020,,15_01_Cartas_Enviadas/RADICADAS/2020/CI004_751520_070404_CON_OBS_RES_EXP_ALMA-2020-0274.pdf
2075,3,CONSORCIO 4C,CI.004/GP8690/20/7.2.10,,,1 de Diciembre de 2020,,15_01_Cartas_Enviadas/RADICADAS/2020/CI004_869020_070210_ANI_ACTA-RETRIB_UF1_JUN20.pdf
2073,10,CONSORCIO 4C,CI.004/GP8178/20/7.5,,,6 de julio de 2020,,15_01_Cartas_Enviadas/RADICADAS/2020/CI004_817820_070500_CON_MEMO_TEC_MAY-2020.pdf
2076,2,CONSORCIO 4C,CI.004/GP8116/20/9.10,,,0 de Junio de 2020,,15_01_Cartas_Enviadas/RADICADAS/2020/CI004_811620_091000_ANI_INF_ESP_N94.pdf
2077,2,CONSORCIO 4C,GP-7663,,,2 de Marzo de 2020,,15_01_Cartas_Enviadas/RADICADAS/2020/CI004_766320_070109_CON_APROB_INFOSOCIAL_TRIMESTRAL-20 (1).pdf
2078,4,CONSORCIO 4C,CI.004/GP7979/20/7.1.9,,,7 de mayo de 2020,,15_01_Cartas_Enviadas/RADICADAS/2020/CI004_797920_070109_CON_OBS_INFOTRIMEST_SOCI22.pdf
2079,3,CONSORCIO 4C,CI.004/GP8455/20/7.1.8,,,8 de septiembre de 2020,,15_01_Cartas_Enviadas/RADICADAS/2020/CI004_845520_070108_CON_INFO_SOCIOAMBIEN_TRIM-22-V01.pdf
2080,3,CONSORCIO 4C,CI.004/GP8061/20/5.3,,,8 de Junio de 2020,,15_01_Cartas_Enviadas/RADICADAS/2020/CI004_806120_050300_ANI_TASACION_ MULTA_FONDE-INTERVEN.pdf
2081,2,CONSORCIO 4C,CI.004/GP7978/20/7.1.9,,,8 de Mayo de 2020,,15_01_Cartas_Enviadas/RADICADAS/2020/CI004_797820_070109_ANI_PERSONAL_PEAJES.pdf
2082,6,CONSORCIO 4C,CI.004/GP7812/20/5.3,,,7 de Abril de 2020,,15_01_Cartas_Enviadas/RADICADAS/2020/CI004_781220_050300_ANI_PLAN_REACTIVA_OBRAS.pdf
2083,4,CONSORCIO 4C,GP-7694,,,5 de Marzo de 2020,,15_01_Cartas_Enviadas/RADICADAS/2020/CI004_769420_CON_ALMA-2020-0697_RES_2602.pdf
2084,5,CONSORCIO 4C,CI.004/GP7834/20/7.4.1,,,2 de abril de 2020,,15_01_Cartas_Enviadas/RADICADAS/2020/CI004_783420_070401_CON_MEMOR_INFORME_OTROSÍ7.pdf
2086,3,CONSORCIO 4C,GP-7696,,,5 de Marzo de 2020,,15_01_Cartas_Enviadas/RADICADAS/2020/CI004_769620_070109_CON_ESTADO_PEN-AT8-UF3_MARZO-2020.pdf
2087,2,CONSORCIO 4C,CI.004/GP8373/20/7.1.9,,,8 de Agosto de 2020,,15_01_Cartas_Enviadas/RADICADAS/2020/CI004_837320_070109_ANI_ATENC_SOLICIT_GSOCIAL.pdf
2085,21,CONSORCIO 4C,GP-7509,,,7 de Febrero de 2020,,15_01_Cartas_Enviadas/RADICADAS/2020/CI004_750920_050300_ANI_ALCANCE-EER_PREDIO-SAE_ALMA-4-0044.pdf
2088,3,CONSORCIO 4C,CI.004/GP8193/20/7.3.3,,,1 de julio de 2020,,15_01_Cartas_Enviadas/RADICADAS/2020/CI004_819320_070303_CON_MEDICIÓN_INDICADORES_JULIO-2020.pdf
2089,3,CONSORCIO 4C,CI.004/GP8663/20/7.4.4,,,4 de noviembre de 2020,,15_01_Cartas_Enviadas/RADICADAS/2020/CI004_866320_070404_CON_OBS_RES_EXPR_ALMA-2-0003-1.pdf
2090,2,CONSORCIO 4C,CI.004/GP8416/20/9.10,,,8 de Septiembre de 2020,,15_01_Cartas_Enviadas/RADICADAS/2020/CI004_841620_091000_ANI_INF_ESP_N104.pdf
2091,7,CONSORCIO 4C,GP-7670,,,2 de Marzo de 2020,,15_01_Cartas_Enviadas/RADICADAS/2020/CI004_767020_070401_CON_MAYORES_PAGOS_PREDIALES.pdf
2092,3,CONSORCIO 4C,CI.004/GP8605/20/1-1.4,,,4 de Noviembre de 2020,,15_01_Cartas_Enviadas/RADICADAS/2020/CI004_860520_010000_010400_ANI_REGISTRO_RNBD_SIC.pdf
2093,3,CONSORCIO 4C,GP-8420,,,0 de Septiembre de 2020,,15_01_Cartas_Enviadas/RADICADAS/2020/CI004_842020_070401_CON_EXP_FINAL_ALMA-2019-3683___.pdf
2094,2,CONSORCIO 4C,CI.004/GP8012/20/9.2,,,0 de Junio de 2020,,15_01_Cartas_Enviadas/RADICADAS/2020/CI004_801220_090200_ANI_VIDEO_IMI_MAY-2020.pdf
2095,3,CONSORCIO 4C,GP-8447,,,7 de Septiembre de 2020,,15_01_Cartas_Enviadas/RADICADAS/2020/CI004_844720_070401_CON_ACT_EST_ALMA-3-0098.pdf
2096,4,CONSORCIO 4C,GP-7405,,,3 de Enero de 2020,,15_01_Cartas_Enviadas/RADICADAS/2020/CI004_740520_070110_CON_SEGSISO_UF5_SEM258.pdf
2097,3,CONSORCIO 4C,CI.004/GP8691/20/7.2.10,,,1 de Diciembre de 2020,,15_01_Cartas_Enviadas/RADICADAS/2020/CI004_869120_070210_ANI_ACTA-RETRIB_UF4_JUN20.pdf
2098,4,CONSORCIO 4C,CI.004/GP7971/20/7.4.6,,,7 de Mayo de 2020,,15_01_Cartas_Enviadas/RADICADAS/2020/CI004_797120_070401_ANI_REVISION_LONJA_VALUATORIA.pdf
2099,2,CONSORCIO 4C,CI.004/GP7918/20/7.2.1,,,3 de Mayo de 2020,,15_01_Cartas_Enviadas/RADICADAS/2020/CI004_791820_070201_ANI_FORMATO_GCSP-F-007_INFO-EJEC-RECUR-PUB-ABR20.pdf
2100,8,CONSORCIO 4C,CI.004/7995/20/7.1.15,,,1 de junio de 2020,,15_01_Cartas_Enviadas/RADICADAS/2020/CI004_799520_070115_CON_RES_ALMA_2020_1433.pdf
2101,3,CONSORCIO 4C,GP-7533,,,4 de Febrero de 2020,,15_01_Cartas_Enviadas/RADICADAS/2020/CI004_753320_070500_CON_MEMOTECNI_AMB_DIC19.pdf
2102,4,CONSORCIO 4C,GP-7560,,,1 de Febrero de 2020,,15_01_Cartas_Enviadas/RADICADAS/2020/CI004_756020_070301_CON_REQUERIM_IP_REV_PEAJES.pdf
2103,2,CONSORCIO 4C,CI.004/GP8214/20/7.1.9,,,4 de julio de 2020,,15_01_Cartas_Enviadas/RADICADAS/2020/CI004_821420_070109_TER_QUEJA_MESANCEZ_ANDEN-CORCHOS.pdf
2104,4,CONSORCIO 4C,CI.004/GP7877/20/7.4.4,,,9 de abril de 2020,,15_01_Cartas_Enviadas/RADICADAS/2020/CI004_787720_070404_CON_OBS_RES_EXP_ALMA-2020-0938.pdf
2105,11,CONSORCIO 4C,CI.004/0318/20/1,,,5 de Octubre de 2020,,15_01_Cartas_Enviadas/RADICADAS/2020/CI004_031820_010000_ANI_ALCANCE_SOLIC_MODIF_CTO145_revGGT-signed.pdf
2106,5,CONSORCIO 4C,CI.004/GP8347/20/7.1.8,,,4 de agosto de 2020,,15_01_Cartas_Enviadas/RADICADAS/2020/CI004_834720_070108_CON_INF_CIERR_AMB_UF3.pdf
2107,7,CONSORCIO 4C,CI.004/GP7999/20/5.3,,,2 de Junio de 2020,,15_01_Cartas_Enviadas/RADICADAS/2020/CI004_799920_050300_ANI_CRUCE_FERREO_NORCASIA.pdf
2108,3,CONSORCIO 4C,GP-7581,,,6 de Febrero de 2020,,15_01_Cartas_Enviadas/RADICADAS/2020/CI004_758120_070115_CON_SOPORT_PAG-POZ-ALCAN_RED.pdf
2110,18,CONSORCIO 4C,CI.004/GP7783/20/7.4.1,,,3 de abril de 2020,,15_01_Cartas_Enviadas/RADICADAS/2020/CI004_778320_070401_CON_EER2_INFORMES_SEMANALES.pdf
2109,4,CONSORCIO 4C,GP-7439,,,1 de enero de2020,,15_01_Cartas_Enviadas/RADICADAS/2020/CI004_743920_070103_CON_TERMINA_NORCASIA_UF51.pdf
2111,2,CONSORCIO 4C,CI.004/GP8537/20/7.2.1,,,5 de Octubre de 2020,,15_01_Cartas_Enviadas/RADICADAS/2020/CI004_853720_070201_ANI_FORMATO_GCSP-F-001_MTTO-SEP20.pdf
2112,14,CONSORCIO 4C,GP-8701,,,3 de Diciembre de 2020,,15_01_Cartas_Enviadas/RADICADAS/2020/CI004_870120_050300_ANI_SANCION_PCURA_EXP-PREDIALES.pdf
2113,13,CONSORCIO 4C,CI.004/GP8199/20/7.3.3,,,2 de julio de 2020,,15_01_Cartas_Enviadas/RADICADAS/2020/CI004_819920_070303_CON_REVIS_INDICADOR_1ER_SEMEST_2020.pdf
2114,3,CONSORCIO 4C,GP-7597,,,3 de Marzo de 2020,,15_01_Cartas_Enviadas/RADICADAS/2020/CI004_759720_070108_CON_ALMA-2020-0519_OBS-ICA-8-UF1.pdf
2115,6,CONSORCIO 4C,CI.004/GP7835/20/7.4.4,,,2 de Abril de 2020,,15_01_Cartas_Enviadas/RADICADAS/2020/CI004_783520_070404_ANI_RESOL_EXPRO_ALMA-2-0089.pdf
2116,4,CONSORCIO 4C,CI.004/GP8149/20/7.1.8,,,9 de julio de 2020,,15_01_Cartas_Enviadas/RADICADAS/2020/CI004_814920_070108_CON_COMPENSAC_RES_0719.pdf
2117,5,CONSORCIO 4C,CI.004/GP8756/20/7.4.6,,,1 de diciembre de 2020,,15_01_Cartas_Enviadas/RADICADAS/2020/CI004_875620_070406_CON_OBS_AVALUO_ALMA-5-0126.pdf
2118,6,CONSORCIO 4C,GP-7424,,,6 de enero de 2020,,15_01_Cartas_Enviadas/RADICADAS/2020/CI004_742420_070202_ANI_REM_FOR_GCSP-F-001_MAN_BUP_DIC2019.pdf
2120,2,CONSORCIO 4C,GP-7718,,,7 de Marzo de 2020,,15_01_Cartas_Enviadas/RADICADAS/2020/CI004_771820_070202_ANI_FORMATO_GCSP-F-007_INFO-EJEC-RECU-PUB-FEB20_001.pdf
2121,4,CONSORCIO 4C,GP-8511,,,0 de Septiembre de 2020,,15_01_Cartas_Enviadas/RADICADAS/2020/CI004_851120_070402_CON_FICHAS_SOCIALES-ALMA-2227.pdf
2119,4,CONSORCIO 4C,GP-8127,,,3 de Julio de 2020,,15_01_Cartas_Enviadas/RADICADAS/2020/CI004_812720_070406_CON_REV_AVALU_ALMA-2-0163.pdf
2123,4,CONSORCIO 4C,CI.004/GP8685/20/7.3.1.,,,0 de noviembre de 2020,,15_01_Cartas_Enviadas/RADICADAS/2020/CI004_868520_070301_CON_MANT_CAJAS_PASO.pdf
2122,3,CONSORCIO 4C,GP-7465,,,9 de Enero de 2020,,15_01_Cartas_Enviadas/RADICADAS/2020/CI004_746520_070401_CON_REQUER_INFORME_EER-PREDIAL-UF1.pdf
2124,4,CONSORCIO 4C,CI.004/GP7904/20/7.4.1,,,8 de mayo de 2020,,15_01_Cartas_Enviadas/RADICADAS/2020/CI004_790420_070401_CON_EST_FICH_ALMA-5-0255.pdf
2125,3,CONSORCIO 4C,GP-7469,,,9 de Enero de 2020,,15_01_Cartas_Enviadas/RADICADAS/2020/CI004_746920_070401_CON_INFOR-GEST-PRE_ALMA-2019-03980.pdf
2126,4,CONSORCIO 4C,GP-8230,,,8 de Julio de 2020,,15_01_Cartas_Enviadas/RADICADAS/2020/CI004_823020_070406_CON_REV_3AVALUOS_UF5 _C.pdf
2127,4,CONSORCIO 4C,CI.004/GP7924/20/7.1.1,,,4 de Mayo de 2020,,15_01_Cartas_Enviadas/RADICADAS/2020/CI004_792420_070101_ANI_SEG_BIMES_PLANOBRA_MAY_2020.pdf
2128,5,CONSORCIO 4C,CI.004/GP8075/20/7.4.6,,,3 de junio de 2020,,15_01_Cartas_Enviadas/RADICADAS/2020/CI004_807520_070406_CON_REV_AVALU_ALMA-5-0105.pdf
2129,6,CONSORCIO 4C,CI.004/GP8648/20/5.3,,,9 de Noviembre de 2020,,15_01_Cartas_Enviadas/RADICADAS/2020/CI004_864820_050300_ANI_NO-OBJECION_PLAZO-CURA_GASTOS-NOTARIALES.pdf
2130,8,CONSORCIO 4C,GP-7669,,,2 de Marzo de 2020,,15_01_Cartas_Enviadas/RADICADAS/2020/CI004_766920_070110_CON_RSEGSOC_NOV_SAL_OCT2019.pdf
2131,3,CONSORCIO 4C,CI.004/GP8716/20/7.2.5,,,1 de Diciembre de 2020,,15_01_Cartas_Enviadas/RADICADAS/2020/CI004_871620_070205_ANI_CALC_APORTE_ANI_2020.pdf
2132,13,CONSORCIO 4C,CI.004/GP7939/20/5.3,,,9 de Mayo de 2020,,15_01_Cartas_Enviadas/RADICADAS/2020/CI004_793920_050300_ANI_EER-GIRARDOT_CONCEPTO_UF2.pdf
2133,5,CONSORCIO 4C,CI.004/GP7943/20/7.4.6,,,9 de mayo de 2020,,15_01_Cartas_Enviadas/RADICADAS/2020/CI004_794320_070406_CON_REV_AVALU_ALMA-3-0073.pdf
2134,9,CONSORCIO 4C,CI.004/GP8321/20/7.5,,,4 de agosto de 2020,,15_01_Cartas_Enviadas/RADICADAS/2020/CI004_832120_070500_CON_MEMOTECNICA_JUN2020.pdf
2135,4,CONSORCIO 4C,GP-8112,,,0 de Junio de 2020,,15_01_Cartas_Enviadas/RADICADAS/2020/CI004_811220_070406_CON_REV_4_AVALUOS_UF3.pdf
2136,5,CONSORCIO 4C,CI.004/GP7891/20/7.4.6,,,4 de mayo de 2020,,15_01_Cartas_Enviadas/RADICADAS/2020/CI004_789120_070406_CON_REV_AVALU_ALMA-2-0157.pdf
2137,5,CONSORCIO 4C,CI.004/GP8654/20/7.4.6,,,9 de noviembre de 2020,,15_01_Cartas_Enviadas/RADICADAS/2020/CI004_865420_070406_CON_REV_1AVALU_ALMA-5-0126.pdf
2138,5,CONSORCIO 4C,GP-7571,,,4 de Febrero de 2020,,15_01_Cartas_Enviadas/RADICADAS/2020/CI004_757120_070108_APROV_FOREST_GLOR_ORIEN.pdf
2139,2,CONSORCIO 4C,CI.004/GP8196/20/7.2.2,,,2 de Julio de 2020,,15_01_Cartas_Enviadas/RADICADAS/2020/CI004_819620_070202_ANI_FORMATO_GCSP-F-001_MTTO_JUN-20.pdf
2140,9,CONSORCIO 4C,CI.004/GP8170/20/7.4.4,,,4 de Julio de 2020,,15_01_Cartas_Enviadas/RADICADAS/2020/CI004_817020_070404_ANI_INFORME1_CURA_OLYMPUS798420.pdf
2141,5,CONSORCIO 4C,CI.004/GP8604/20/7.4.6,,,4 de noviembre de 2020,,15_01_Cartas_Enviadas/RADICADAS/2020/CI004_860420_070406_CON_REV_AVALU_ALMA-5-0255.pdf
2143,5,CONSORCIO 4C,CI.004/GP8071/20/7.4.4,,,3 de Junio de 2020,,15_01_Cartas_Enviadas/RADICADAS/2020/CI004_807120_070404_ANI_OBSERV_RESOL_EXPRO_ALMA-3-0132.pdf
2144,6,CONSORCIO 4C,GP-7407,,,3 de Enero de 2020,,15_01_Cartas_Enviadas/RADICADAS/2020/CI004_740720_070303_CON_INDICES_OCTUBRE_2019.pdf
2142,5,CONSORCIO 4C,CI.004/GP8504/20/7.1.8,,,0 de septiembre de 2020,,15_01_Cartas_Enviadas/RADICADAS/2020/CI004_850420_070108_CON_REV_INF_9_RES-2280-UF3.pdf
2145,4,CONSORCIO 4C,CI.004/GP8091/20/7.1.9,CONCESIÓN ALTO MAGDALENA S.A.S.,PQRS-UF2-2019-452,25/06/2020,Ref. Contrato de Concesión 003 de 2014 Concesión Honda – Girardot – Puerto Salgar. Atención PQRS-UF2-2019-452 – Álvaro Vesga,15_01_Cartas_Enviadas/RADICADAS/2020/CI004_809120_070109_CON_ATENCION_AVESGA.pdf
2146,5,CONSORCIO 4C,CI.004/GP8215/20/7.4.6,CONCESIÓN ALTO MAGDALENA S.A.S,,24/07/2020,"Ref. Contrato de Concesión 003 de 2014 Concesión Honda - Puerto Salgar - Girardot. Revisión de Avalúo. Predio ALMA-5-0249, UF5.",15_01_Cartas_Enviadas/RADICADAS/2020/CI004_821520_070406_CON_REV_AVALU_ALMA-5-0249.pdf
2148,3,CONSORCIO 4C,CI.004/GP8138/20/7.3.1.,CONCESIÓN ALTO MAGDALENA S.A.S.,,07/07/2020,Ref. Contrato de Concesión 003 de 2014 Concesión Honda – Girardot – Puerto Salgar Informe Auditoria Peajes Junio 2020,15_01_Cartas_Enviadas/RADICADAS/2020/CI004_813820_070301_CON_INFO-AUDI_PEAJE_JUN-20.pdf
2147,3,CONSORCIO 4C,CI.004/GP7664/20/7.3.1,CONCESIÓN ALTO MAGDALENA S.A.S,ALMA-R-2020-0563,12/03/2020,Ref. Contrato de Concesión 003 de 2014 Concesión Honda – Girardot – Puerto Salgar. Certificación Encriptación en Easy Road,15_01_Cartas_Enviadas/RADICADAS/2020/CI004_766420_070301_CON_REQUERI_FIPS2_PEAJES.pdf
2149,3,CONSORCIO 4C,CI.004/GP7845/20/7.4.1,CONCESIÓN ALTO MAGDALENA S.A.S,,23/04/2020,Ref. Contrato de Concesión 003 de 2014 Concesión Honda – Girardot – Puerto Salgar. Observaciones Reporte Revisión Predios Olympus.,15_01_Cartas_Enviadas/RADICADAS/2020/CI004_784520_070401_CON_OBSERV_REPOR_OLYMPUS-2020-0985.pdf
2150,3,CONSORCIO 4C,CI.004/GP8186/20/7.1.9,CONCESIÓN ALTO MAGDALENA S.A.S.,,21/07/2020,Ref. Contrato de Concesión 003 de 2014 Concesión Honda – Girardot – Puerto Salgar. Atención Solicitud Queja Anden Parador,15_01_Cartas_Enviadas/RADICADAS/2020/CI004_818620_070109_CON_QUEJA_ANDEN_PARADOR-CORCHOS.pdf
2151,5,CONSORCIO 4C,CI.004/GP7520/20/7.4.6,CONCESIÓN ALTO MAGDALENA S.A.S,ALMA-R-2020-0340,12/02/2020,Observaciones revisión de avalúos UFS,15_01_Cartas_Enviadas/RADICADAS/2020/CI004_752020_070406_CON_AVALU_ALMA-2020-0188-0189-0190-0270-0290.pdf
2152,5,CONSORCIO 4C,CI.004/GP8168/20/7.3.3,CONCESIÓN ALTO MAGDALENA S.A.S.,,14/07/2020,Ref. Contrato de Concesión 003 de 2014 Concesión Honda – Girardot – Puerto Salgar Rta. ALMA-2020-1796. Resultado Medición Niveles de Servicio – marzo de 2020 – Índices de Cumplimiento.,15_01_Cartas_Enviadas/RADICADAS/2020/CI004_816820_070303_CON_IC_MARZO_2020-.pdf
2153,4,CONSORCIO 4C,CI.004/GP8562/20/5.3,CONCESIÓN ALTO MAGDALENA S.A.S.,,22/10/2020,Ref. Contrato de Concesión 003 de 2014 Concesión Honda - Puerto Salgar – Girardot Asunto: Plazo de Cura Estados Financieros Auditados I Semestre 2020 Concesionario.,15_01_Cartas_Enviadas/RADICADAS/2020/CI004_856220_050300_CON_NO-OBJE_CURA_ESTADO_FINAN.pdf
2155,7,CONSORCIO 4C,CI.004/GP7811/20/7.4.1,CONCESIÓN ALTO MAGDALENA S.A.S,ALMA-2020-0947,17/04/2020,Ref. Contrato de Concesión 003 de 2014 Concesión Honda – Girardot – Puerto Salgar. Observaciones Reporte Revisión Predios Olympus,15_01_Cartas_Enviadas/RADICADAS/2020/CI004_781120_070401_CON_OBSERVAC_OLYMPUS-2020-0947.pdf
2154,3,CONSORCIO 4C,CI.004/GP8432/20/7.4.1,AGENCIA NACIONAL DE INFRAESTRUCTURA - ANI,ANI 2020-409-075265-2,14/09/2020,"Ref. Contrato de Concesión 003 de 2014 Concesión Honda – Girardot – Puerto Salgar Listas de Chequeo Expedientes Finales (digitales) para Archivo, UF1.",15_01_Cartas_Enviadas/RADICADAS/2020/CI004_843220_070401_ANI_CHEQUEO_PREDIALES_INCO.pdf
2156,2,CONSORCIO 4C,CI.004/GP8526/20/9.2,AGENCIA NACIONAL DE INFRAESTRUCTURA - ANI,,09/10/2020,Ref. Contrato de Concesión 003 de 2014 Concesión Honda – Girardot – Puerto Salgar. Informe Mensual Técnico 71 Versión 00.,15_01_Cartas_Enviadas/RADICADAS/2020/CI004_852620_090200_ANI_INFORME_MENSUAL_SEPT_2020.pdf
2157,4,CONSORCIO 4C,CI.004/GP7738/20/7.4.1,CONCESIÓN ALTO MAGDALENA S.A.S.,,31/03/2020,"Ref. Contrato de Concesión 003 de 2014 Concesión Honda – Girardot – Puerto Salgar. Observaciones Ficha Predial. ALMA-5-0070, UF5",15_01_Cartas_Enviadas/RADICADAS/2020/CI004_773820_070401_CON_FICH_ALMA-2020-0747_D1.pdf
2158,5,CONSORCIO 4C,CI.004/GP8672/20/7.4.1,CONCESIÓN ALTO MAGDALENA S.A.S,,24/11/2020,Ref. Contrato de Concesión 003 de 2014 Concesión Honda - Puerto Salgar - Girardot Gestión Predial ALMA-5-0069,15_01_Cartas_Enviadas/RADICADAS/2020/CI004_867220_070401_CON_GESTION_PREDIAL_ALMA-5-0069.pdf
2159,5,CONSORCIO 4C,CI.004/GP8766/20/7.4.6,CONCESIÓN ALTO MAGDALENA S.A.S,,28/12/2020,"Ref. Contrato de Concesión 003 de 2014 Concesión Honda – Girardot – Puerto Salgar. Revisión de Avalúo Predio ALMA-5-0106, UF5",15_01_Cartas_Enviadas/RADICADAS/2020/CI004_876620_070406_CON_OBS_AVALUO_ALMA-5-0106.pdf
2160,2,CONSORCIO 4C,CI.004/GP8539/20/7.2.8,AGENCIA NACIONAL DE INFRAESTRUCTURA – ANI,,15/10/2020,Ref. Contrato de Concesión 003 de 2014 Concesión Honda – Girardot – Puerto Salgar. Remisión Formato GCSP-F-009 Informe Mensual Recaudo de Peajes – Septiembre 2020.,15_01_Cartas_Enviadas/RADICADAS/2020/CI004_853920_070208_ANI_FORMATO_GCSP-F-009_RECAUDOPEAJES-SEP20.pdf
2162,8,CONSORCIO 4C,CI.004/GP7667/20/7.1.10,CONCESIÓN ALTO MAGDALENA S.A.S,ALMA-R-2020-0583,12/03/2020,Ref. Contrato de Concesión 003 de 2014 Concesión Honda – Girardot – Puerto Salgar. Condiciones SST UF3 Semana 243,15_01_Cartas_Enviadas/RADICADAS/2020/CI004_766720_070110_CON_RSEGSISO_UF3_SEM243.pdf
2161,3,CONSORCIO 4C,CI.004/GP7928/20/7.4.6,CONCESIÓN ALTO MAGDALENA S.A.S,,14/05/2020,"Ref. Contrato de Concesión 003 de 2014 Concesión Honda – Girardot – Puerto Salgar. Revisión de Avalúo. Predio ALMA-3-0121, UF3",15_01_Cartas_Enviadas/RADICADAS/2020/CI004_792820_070406_CON_REV_AVALU_ALMA-3-0121.pdf
2163,4,CONSORCIO 4C,CI.004/7778/20/7.1.15,CONCESIÓN ALTO MAGDALENA S.A.S.,,08/04/2020,Ref. Contrato de Concesión 003 de 2014 Concesión Honda – Girardot – Puerto Salgar Balance Subcuenta Redes Respuesta Comunicación ALMA-2020-0932,15_01_Cartas_Enviadas/RADICADAS/2020/CI004_777820_070115_CON_MESA-TRAB_REDES_ALMA-2020-0932.pdf
2164,3,CONSORCIO 4C,CI.004/GP8262/20/7.4.2,CONCESIÓN ALTO MAGDALENA S.A.S,"ALMA-2020-1673, ALMA 2020-1504 y ALMA 2020-1671",03/08/2020,"Ref. Contrato de Concesión 003 de 2014 Concesión Honda – Girardot – Puerto Salgar. Revisión Fichas Sociales – ALMA 2020 1673, ALMA 2020-1504 y ALMA 2020-1671",15_01_Cartas_Enviadas/RADICADAS/2020/CI004_826220_070402_CON_FICHAS_SOCIALES-ALMA 2020-1673-1504-1671.pdf
2165,4,CONSORCIO 4C,CI.004/GP8484/20/7.2.9,AGENCIA NACIONAL DE INFRAESTRUCTURA - ANI,,28/09/2020,Ref. Contrato de Concesión 003 de 2014 Concesión Honda – Girardot – Puerto Salgar Acta de Calculo VPIP Agosto 2020.,15_01_Cartas_Enviadas/RADICADAS/2020/CI004_848420_070209_ANI_ACTA_VPIP_AGO-20.pdf
2166,4,CONSORCIO 4C,CI.004/GP7452/20/7.1.14,AGENCIA NACIONAL DE INFRAESTRUCTURA - ANI,2020-409-007334-2,24/01/2020,Ref. Contrato de Concesión 003 de 2014 Concesión Honda - Girardot - Puerto Salgar Rta. ANI-2019-304-042644-1. No. De expediente 20193040121100036E Solicitud concepto técnico de ubicación para estación de servicio Guataquí.,15_01_Cartas_Enviadas/RADICADAS/2020/CI004_745220_070114_ANI_RTA_ANI-2019-304-042644-1.pdf
2167,8,CONSORCIO 4C,CI.004/GP8272/20/7.1.9-7.4.1,CONCESIÓN ALTO MAGDALENA S.A.S,,05/08/2020,Ref. Contrato de Concesión 003 de 2014 Concesión Honda – Girardot – Puerto Salgar Requerimiento Solicitudes Predio ALMA-3-0057 Unidad Funciona 3.,15_01_Cartas_Enviadas/RADICADAS/2020/CI004_827220_070109_CON_REQUER_CERCAD-EROSI_ALMA-3-0057.pdf
2169,4,CONSORCIO 4C,CI.004/GP7707/20/7.4.1,CONCESIÓN ALTO MAGDALENA S.A.S,,25/03/2020,Ref. Contrato de Concesión 003 de 2014 Concesión Honda – Girardot – Puerto Salgar. Observaciones Cronograma de entrega información NIIF.,15_01_Cartas_Enviadas/RADICADAS/2020/CI004_770720_070401_CON_CRONOG_FORMAT_NIIF.pdf
2170,4,CONSORCIO 4C,CI.004/GP8268/20/7.4.1,CONCESIÓN ALTO MAGDALENA S.A.S,ALMA-R-2828-1493,05/08/2020,Observaciones Expedientes Finales Prediales,15_01_Cartas_Enviadas/RADICADAS/2020/CI004_826820_070401_CON_EXP_FINAL_ALMA-2019-03216__.pdf
2168,3,CONSORCIO 4C,CI.004/GP8759/20/7.3.,CONCESIÓN ALTO MAGDALENA S.A.S.,,22/12/2020,Ref. Contrato de Concesión 003 de 2014 Concesión Honda - Puerto Salgar – Girardot Circular ANI No. 20205000000604. Puentes Festivos de Navidad y Año Nuevo año 2020.,15_01_Cartas_Enviadas/RADICADAS/2020/CI004_875920_070300_CON_CIRCULAR_FESTIVOS_DICIEMBRE_2020.pdf
2171,14,CONSORCIO 4C,CI.004/GP8098/20/5.3-7.1.15-7.2.1,CONCESIÓN ALTO MAGDALENA S.A.S.,ANI 20204090548502,25/06/2020,Oficio ALMA-2020-1518 del 04 de junio de 2020.,15_01_Cartas_Enviadas/RADICADAS/2020/CI004_809820_050300_070115_070201_CON_ENTREGA_SOPORTES_REDES.pdf
2174,4,CONSORCIO 4C,GP-7750,,,2 de Abril de 2020,,15_01_Cartas_Enviadas/RADICADAS/2020/CI004_775020_050300_CON_INCUMPL_OBRAS_COSN-OPER.pdf
2176,2,CONSORCIO 4C,CI.004/GP8323/20/7.2.2,,,8 de agosto de 2020,,15_01_Cartas_Enviadas/RADICADAS/2020/CI004_832320_070202_PWC_AUDITOR_PWD_PATRIM-AUTONOM-JUNIO-2020.pdf
2177,9,CONSORCIO 4C,CI.004/GP8731/20/7.3.3,,,5 de diciembre de 2020,,15_01_Cartas_Enviadas/RADICADAS/2020/CI004_873120_070303_CON_INDICES_OCTUBRE_2020.pdf
2175,8,CONSORCIO 4C,CI.004/GP8237/20/7.4.2,,,8 de Julio de 2020,,15_01_Cartas_Enviadas/RADICADAS/2020/CI004_823720_070109_ANI_CASOS_SOCIO_PREDIALES.pdf
2173,4,CONSORCIO 4C,GP-7504,,,6 de Febrero de 2020,,15_01_Cartas_Enviadas/RADICADAS/2020/CI004_750420_070406_CON_AVALU_ALMA-2019-03851-03855.pdf
2178,3,CONSORCIO 4C,CI.004/GP7898/20/7.3.1.,,,7 de mayo de 2020,,15_01_Cartas_Enviadas/RADICADAS/2020/CI004_789820_070301_CON_INFO-AUDI_PEAJE_ABRIL-2020.pdf
2180,2,CONSORCIO 4C,CI.004/GP8054/20/7.2.2,,,2 de Junio de 2020,,15_01_Cartas_Enviadas/RADICADAS/2020/CI004_805420_070202_ANI_FORMATO_GCSP-F-207_RENDIMIENTOS_MAY-2020.pdf
2179,3,CONSORCIO 4C,CI.004/GP8125/20/7.3.3,,,3 de julio de 2020,,15_01_Cartas_Enviadas/RADICADAS/2020/CI004_812520_070303_MEDICION_INDICADORES_JULIO-2020.pdf
2181,4,CONSORCIO 4C,CI.004/GP8601/20/5.3,,,4 de Noviembre de 2020,,15_01_Cartas_Enviadas/RADICADAS/2020/CI004_860120_050300_ANI_SANCION_PCURA_EXP-PREDIALES.pdf
2183,3,CONSORCIO 4C,CI.004/GP8180/20/5.3,,,7 de Julio de 2020,,15_01_Cartas_Enviadas/RADICADAS/2020/CI004_818020_050300_ANI_CONCEPTO_LEY1101_FONTUR.pdf
2184,5,CONSORCIO 4C,CI.004/GP7933/20/9.3,,,5 de mayo de 2020,,15_01_Cartas_Enviadas/RADICADAS/2020/CI004_793320_090300_CON_PLANOS_RECORD_UF1-2-3-4.pdf
2182,2,CONSORCIO 4C,GP-7406,,,3 de Enero de 2020,,15_01_Cartas_Enviadas/RADICADAS/2020/CI004_740620_070110_CON_SEGSOC-JUN_SAL-MAYO2019.pdf
2186,2,CONSORCIO 4C,CI.004/GP8136/20/7.3.3,,,7 de Julio de 2020,,15_01_Cartas_Enviadas/RADICADAS/2020/CI004_813620_070303_ANI_REQUER_INDICA_PUESTA_PUNTO.pdf
2172,3,CONSORCIO 4C,CI.004/GP8053/20/7.2.11,AGENCIA NACIONAL DE INFRAESTRUCTURA - ANI,,12/06/2020,Ref. Contrato de Concesión 003 de 2014 Concesión Honda – Girardot – Puerto Salgar Actas de Retribución UF5 Enero-Febrero-Marzo 2020,15_01_Cartas_Enviadas/RADICADAS/2020/CI004_805320_ACTAS_COMPEN-ESPECIAL_UF5_ENE-FEB-MAR20.pdf
2185,2,CONSORCIO 4C,CI.004/GP8247/20/7.3.1.,,,9 de Julio de 2020,,15_01_Cartas_Enviadas/RADICADAS/2020/CI004_824720_070301_ANI_CRONOGR_AUDI-PEAJES_AGOSTO-2020.pdf
2187,2,CONSORCIO 4C,CI.004/GP7899/20/9.2,,,8 de Mayo de 2020,,15_01_Cartas_Enviadas/RADICADAS/2020/CI004_789920_090200_ANI_INF_SOCIOAMB_ABR-2020.pdf
2188,4,CONSORCIO 4C,CI.004/GP8209/20/7.4.1,,,2 de julio de 2020,,15_01_Cartas_Enviadas/RADICADAS/2020/CI004_820920_070401_CON_SOLICITUD_CRONOGRAMA_EXP-FINALES.pdf
2191,2,CONSORCIO 4C,CI.004/GP7838/20/5.3,,,3 de Abril de 2020,,15_01_Cartas_Enviadas/RADICADAS/2020/CI004_783820_050300_ANI_PROTOCO_BIOSEG_4C.pdf
2190,4,CONSORCIO 4C,CI.004/GP8415/20/7.4.1,,,8 de septiembre de 2020,,15_01_Cartas_Enviadas/RADICADAS/2020/CI004_841520_070401_CON_ACOMPAÑAMIENTO_PREDIO_ALMA-2-0122-1.pdf
2189,3,CONSORCIO 4C,GP-7466,,,9 de Enero de 2020,,15_01_Cartas_Enviadas/RADICADAS/2020/CI004_746620_070404_CON_RES_EXP_ALMA-2019-03824.pdf
2192,3,CONSORCIO 4C,CI.004/GP8259/20/7.1.10,,,3 de agosto de 2020,,15_01_Cartas_Enviadas/RADICADAS/2020/CI004_825920_070110_CON_PROT_BIOS_PAVCOL.pdf
2194,6,CONSORCIO 4C,CI.004/GP8540/20/7.4.1,,,5 de octubre de 2020,,15_01_Cartas_Enviadas/RADICADAS/2020/CI004_854020_070401_CON_REV_TIRA_TOPOGRÁFICA.pdf
2193,3,CONSORCIO 4C,GP-7608,,,3 de Marzo de 2020,,15_01_Cartas_Enviadas/RADICADAS/2020/CI004_760820_070108_CON_ALMA-2012-0525_TRIM_20.pdf
2195,2,CONSORCIO 4C,CI.004/GP8144/20/7.1.9,,,8 de Julio de 2020,,15_01_Cartas_Enviadas/RADICADAS/2020/CI004_814420_070109_ANI_INVENT_SOCIOECONOMICO_6.pdf
2196,4,CONSORCIO 4C,CI.004/GP8306/20/7.4.1,,,3 de agosto de 2020,,15_01_Cartas_Enviadas/RADICADAS/2020/CI004_830620_070401_CON_SEGUIMI_GEST_PREDIAL_TERCEROS.pdf
2197,4,CONSORCIO 4C,GP-7602,,,3 de Marzo de 2020,,15_01_Cartas_Enviadas/RADICADAS/2020/CI004_760220_070406_CON_GESTI_PREDI_AVAL-UF2.pdf
2198,8,CONSORCIO 4C,CI.004/8219/20/5.3-7.3.3,,,4 de julio de 2020,,15_01_Cartas_Enviadas/RADICADAS/2020/CI004_821920_050300-070303_ANI_MEDIC_INDICADORES_TODOS-CARRILES.pdf
2199,4,CONSORCIO 4C,CI.004/GP8007/20/7.4.1,,,4 de junio de 2020,,15_01_Cartas_Enviadas/RADICADAS/2020/CI004_800720_070401_CON_EST_FICH_ALMA-4-0035.pdf
2200,3,CONSORCIO 4C,GP-8444,,,5 de Septiembre de 2020,,15_01_Cartas_Enviadas/RADICADAS/2020/CI004_844420_070401_CON_FICH_PRED_ALMA-4-0057.pdf
2201,4,CONSORCIO 4C,CI.004/GP7820/20/7.1.10,,,1 de abril de 2020,,15_01_Cartas_Enviadas/RADICADAS/2020/CI004_782020_070110_CON_REACT_INTERV_OBRAS GDOT.pdf
2202,4,CONSORCIO 4C,GP-7629,,,5 de Marzo de 2020,,15_01_Cartas_Enviadas/RADICADAS/2020/CI004_762920_070401_ANI_DERECHO_PETICION_ALMA-5-0200.pdf
2203,5,CONSORCIO 4C,CI.004/GP8387/20/7.4.1,,,1 de septiembre de 2020,,15_01_Cartas_Enviadas/RADICADAS/2020/CI004_838720_070401_CON_REV_INFORME_OLYMPUS-2191.pdf
2204,3,CONSORCIO 4C,GP-8301,,,3 de agosto de 2020,,15_01_Cartas_Enviadas/RADICADAS/2020/CI004_830120_070109_TER_RTA_SOLICITUD_ASALGUERO.pdf
2206,2,CONSORCIO 4C,GP-7473,,,5 de Febrero de 2020,,15_01_Cartas_Enviadas/RADICADAS/2020/CI004_747320_070107_CON_ALMA-2020-0042_AJUS-ESTRUC_PTE-PEAT-NORCASIA.pdf
2207,4,CONSORCIO 4C,GP-7747,,,1 de Abril de 2020,,15_01_Cartas_Enviadas/RADICADAS/2020/CI004_774720_070101_ANI_SEG-BIMES_PLANOBRA_MAR20.pdf
2205,25,CONSORCIO 4C,CI.004/GP7400/20/5.3,,,0 de enero de 2020,,15_01_Cartas_Enviadas/RADICADAS/2020/CI004_740020_050300_CON_ACTA_EER_GLORIE-ORIENTAL.pdf
2208,2,CONSORCIO 4C,GP-8182,,,1 de Julio de 2020,,15_01_Cartas_Enviadas/RADICADAS/2020/CI004_818220_070402_CON_FICHAS_SOCIALES-ALMA-2020-1496.pdf
2209,6,CONSORCIO 4C,CI.004/GP8361/20/7.4.4,,,6 de Agosto de 2020,,15_01_Cartas_Enviadas/RADICADAS/2020/CI004_836120_070404_ANI_RESOL_EXPRO_MUNICIP-GRDOT.pdf
2210,9,CONSORCIO 4C,CI.004/GP7913/20/7.1.7,,,1 de mayo de 2020,,15_01_Cartas_Enviadas/RADICADAS/2020/CI004_791320_070107_CON_CONTROL_CAIDOS_UF5.1.pdf
2211,6,CONSORCIO 4C,GP-7588,,,6 de Febrero de 2020,,15_01_Cartas_Enviadas/RADICADAS/2020/CI004_758820_070108_CON_COMPEN-AMBI_PRED-BELL-STA-MONICA_UF2.pdf
2212,2,CONSORCIO 4C,CI.004/GP8312/20/5.3,,,4 de Agosto de 2020,,15_01_Cartas_Enviadas/RADICADAS/2020/CI004_831220_050300_ANI_ESTU-DISE_NO-OBJETADOS_PRECONSTRUC.pdf
2214,4,CONSORCIO 4C,GP-8590,,,9 de Octubre de 2020,,15_01_Cartas_Enviadas/RADICADAS/2020/CI004_859020_070406_CON_REV_AVALU_ALMA-2020-2552.pdf
2215,4,CONSORCIO 4C,CI.004/GP8145/20/7.1.9,,,8 de julio de 2020,,15_01_Cartas_Enviadas/RADICADAS/2020/CI004_814520_070109_CON__PRG_ATENCION_USUARIO.pdf
2213,9,CONSORCIO 4C,CI.004/GP8558/20/5.3,,,1 de Octubre de 2020,,15_01_Cartas_Enviadas/RADICADAS/2020/CI004_855820_050300_070303_ANI_NO-OBJE_CURA_SICC-#2.pdf
2216,7,CONSORCIO 4C,CI.004/GP8122/20/5.3-7.2.9,,,2 de julio de 2020,,15_01_Cartas_Enviadas/RADICADAS/2020/CI004_812220_050300_070209_CON_ACTA_PEAJES_PANDEMIA.pdf
2218,4,CONSORCIO 4C,CI.004/GP8115/20/7.1.7,,,0 de junio de 2020,,15_01_Cartas_Enviadas/RADICADAS/2020/CI004_811520_070107_CON_ANDENES_GLORIETA_NORCASIA-UF5.2.pdf
2219,3,CONSORCIO 4C,GP-7599,,,3 de Marzo de 2020,,15_01_Cartas_Enviadas/RADICADAS/2020/CI004_759920_070401_CON_FICH_ALMA-2020-0375.pdf
2217,8,CONSORCIO 4C,GP-7711,,,6 de Marzo de 2020,,15_01_Cartas_Enviadas/RADICADAS/2020/CI004_771120_070208_ANI_PROYECCION_DR8_V4.pdf
2220,2,CONSORCIO 4C,CI.004/GP7859/20/7.1.10,,,8 de abril de 2020,,15_01_Cartas_Enviadas/RADICADAS/2020/CI004_785920_070110_ALCALD_PROTOC_CERTIF_GUADUAS.pdf
2221,3,CONSORCIO 4C,CI.004/GP8695/20/5.3,,,1 de Diciembre de 2020,,15_01_Cartas_Enviadas/RADICADAS/2020/CI004_869520_050300_ANI_PLAZO_COSTOS_OCIOSOS_EER-COVID_1.pdf
2222,12,CONSORCIO 4C,GP-7625,,,4 de Marzo de 2020,,15_01_Cartas_Enviadas/RADICADAS/2020/CI004_762520_070401_CON_CERCA_EXPROPIACIÓN_ENTREGADOS.pdf
2223,5,CONSORCIO 4C,CI.004/GP8123/20/7.1.7,,,2 de julio de 2020,,15_01_Cartas_Enviadas/RADICADAS/2020/CI004_812320_070107_CON_ANDEN_GLORIETA_MELISA_UF5.2.pdf
2224,5,CONSORCIO 4C,CI.004/GP7804/20/7.4.6,,,6 de abril de 2020,,15_01_Cartas_Enviadas/RADICADAS/2020/CI004_780420_070406_CON_REV_AVALU_ALMA-2-0036.pdf
2225,5,CONSORCIO 4C,CI.004/GP8238/20/7.3.1.,,,8 de julio de 2020,,15_01_Cartas_Enviadas/RADICADAS/2020/CI004_823820_070301_CON_ERROR_TABUL_JUL-20.pdf
2226,13,CONSORCIO 4C,CI.004/GP8531/20/5.3-7.3.3,,,3 de Octubre de 2020,,15_01_Cartas_Enviadas/RADICADAS/2020/CI004_853120_050300_070303_ANI_INIDI-CUMPLI_HISTORICO_MORTALIDAD.pdf
2227,4,CONSORCIO 4C,CI.004/GP8553/20/7.1.7-7.3.3,,,0 de octubre de 2020,,15_01_Cartas_Enviadas/RADICADAS/2020/CI004_855320_070107_CON_SOLICITUD_FICHA_SIPUCOL_PR0+170.pdf
2228,2,CONSORCIO 4C,GP-7726,,,7 de Marzo de 2020,,15_01_Cartas_Enviadas/RADICADAS/2020/CI004_772620_091000_ANI_INF_ESP_N81_001.pdf
2229,4,CONSORCIO 4C,GP-8390,,,1 de Septiembre de 2020,,15_01_Cartas_Enviadas/RADICADAS/2020/CI004_839020_070406_CON_REV_AVALUO_ALMA-5-0088.pdf
2230,4,CONSORCIO 4C,CI.004/GP8242/20/5.3,,,9 de Julio de 2020,,15_01_Cartas_Enviadas/RADICADAS/2020/CI004_824220_050300_ANI_CIERRE_CURA_OLYMPUS_4PREDIOS.pdf
2231,3,CONSORCIO 4C,CI.004/GP7832/20/7.3.1.,,,2 de abril de 2020,,15_01_Cartas_Enviadas/RADICADAS/2020/CI004_783220_070301_CON_INFO-AUDI_PEAJE_MAR-2020.pdf
2232,7,CONSORCIO 4C,CI.004/GP8640/20/7.4.1,,,7 de noviembre de 2020,,15_01_Cartas_Enviadas/RADICADAS/2020/CI004_864020_070401_CON_REV_INFORME_OLYMPUS-2752.pdf
2233,3,CONSORCIO 4C,GP-8282,,,,,15_01_Cartas_Enviadas/RADICADAS/2020/CI004_828220_070401_CON_DEVOLUC_CARPET_EXPROPIA.pdf
2234,5,CONSORCIO 4C,GP-7763,,,6 de Abril de 2020,,15_01_Cartas_Enviadas/RADICADAS/2020/CI004_776320_070401_CON_EXP_FINAL_ALMA-2019-02739.pdf
2235,4,CONSORCIO 4C,CI.004/GP7824/20/7.1.10,,,1 de abril de 2020,,15_01_Cartas_Enviadas/RADICADAS/2020/CI004_782420_070110_CON_REACT_INTERV_OBRAS N.pdf
2236,7,CONSORCIO 4C,CI.004/GP8326/20/7.4.2,,,9 de Agosto de 2020,,15_01_Cartas_Enviadas/RADICADAS/2020/CI004_832620_070402_ANI_MEMORIA_SOCIOPREDIAL_14082020.pdf
2237,5,CONSORCIO 4C,GP-7757,,,2 de Abril de 2020,,15_01_Cartas_Enviadas/RADICADAS/2020/CI004_775720_070401_CON_EXP_FINAL_ALMA-2019-02558.pdf
2238,8,CONSORCIO 4C,CI.004/GP8278/20/5.3,,,6 de Agosto de 2020,,15_01_Cartas_Enviadas/RADICADAS/2020/CI004_827820_050300_ANI_NO-OBJEC_VIGENCIA_POLIZA.pdf
2239,2,CONSORCIO 4C,GP-7590,,,6 de Febrero de 2020,,15_01_Cartas_Enviadas/RADICADAS/2020/CI004_759020_070109_CON_REITERA_INFOTRIMEST_SOCI20.pdf
2240,3,CONSORCIO 4C,CI.004/GP8768/20/7.1.14,,,9 de Diciembre de 2020,,15_01_Cartas_Enviadas/RADICADAS/2020/CI004_876820_070114_ANI_OCUPA_TEMP_TGI.pdf
2242,8,CONSORCIO 4C,CI.004/GP8031/20/5.3,,,0 de Junio de 2020,,15_01_Cartas_Enviadas/RADICADAS/2020/CI004_803120_050300_ANI_DEMOLI_GUARI-UF5_ALCANCE-4.pdf
2243,4,CONSORCIO 4C,ci.004/gp8731/20/7.3.3,,,6 de Diciembre de 2020,,15_01_Cartas_Enviadas/RADICADAS/2020/CI004_874320_070303_CON_INDICES_OCTUBRE_2020_#2.pdf
2241,5,CONSORCIO 4C,GP-7745,,,1 de Abril de 2020,,15_01_Cartas_Enviadas/RADICADAS/2020/CI004_774520_070401_CON_OBS_INFOGP_ALMA-2020-0575.pdf
2244,8,CONSORCIO 4C,CI.004/GP8707/20/5.3,,,5 de Diciembre de 2020,,15_01_Cartas_Enviadas/RADICADAS/2020/CI004_870720_050300_ANI_FONDEO_SUBCUENTA_INTERV.pdf
2245,3,CONSORCIO 4C,GP-8451,,,7 de Septiembre de 2020,,15_01_Cartas_Enviadas/RADICADAS/2020/CI004_845120_070402_CON_FICHAS_SOCIALES-ALMA-2225-1918.pdf
2246,3,CONSORCIO 4C,GP-7622,,,3 de Marzo de 2020,,15_01_Cartas_Enviadas/RADICADAS/2020/CI004_762220_070406_CON_GESTION_PREDIOS_AVALUO-UF3.pdf
2247,4,CONSORCIO 4C,GP-7656,,,1 de Marzo de 2020,,15_01_Cartas_Enviadas/RADICADAS/2020/CI004_765620_070303_CON_SICC_MESA-TRABAJO_PUBLICACION.pdf
2248,3,CONSORCIO 4C,GP-7551,,,8 de Febrero de 2020,,15_01_Cartas_Enviadas/RADICADAS/2020/CI004_755120_070404_CON_OBS_RES_EXP_ALMA-2020-0275.pdf
2249,6,CONSORCIO 4C,CI.004/GP8006/20/7.1.8-7.1.9,,,4 de junio de 2020,,15_01_Cartas_Enviadas/RADICADAS/2020/CI004_800620_070108-070109_CON_RESP_PQR_PREDIO_GIBRAL_UF5.4.pdf
2250,3,CONSORCIO 4C,CI.004/GP8741/20/5.3,,,5 de diciembre de 2020,,15_01_Cartas_Enviadas/RADICADAS/2020/CI004_874120_503000_CON_CAMBIO_DIRECTOR_INTERVEN.pdf
2251,3,CONSORCIO 4C,GP-8691,,,2 de diciembre de 2020,,15_01_Cartas_Enviadas/RADICADAS/2020/CI004_869120_070210_ANI_ACTA-RETRIB_UF4_JUN20_F.pdf
2252,5,CONSORCIO 4C,GP-7708,,,5 de Marzo de 2020,,15_01_Cartas_Enviadas/RADICADAS/2020/CI004_770820_070401_CON_EXP_FINAL_ALMA-2019-02583.pdf
2254,3,CONSORCIO 4C,GP-8430,,,1 de Septiembre de 2020,,15_01_Cartas_Enviadas/RADICADAS/2020/CI004_843020_070402_CON_FICHAS_SOCIALES-ALMA-1495-2187-1499.pdf
2253,3,CONSORCIO 4C,GP-8108,,,0 de Junio de 2020,,15_01_Cartas_Enviadas/RADICADAS/2020/CI004_810820_070402_CON_FICHAS_SOCIALES-ALMA-1500-1502-1678.pdf
2255,4,CONSORCIO 4C,CI.004/GP8671/20/7.4.1,,,5 de noviembre de 2020,,15_01_Cartas_Enviadas/RADICADAS/2020/CI004_867120_070401_CON_CIERRE_PQR_ALMA-2-0116.pdf
2256,4,CONSORCIO 4C,CI.004/GP8752/20/7.2.10,,,8 de Diciembre de 2020,,15_01_Cartas_Enviadas/RADICADAS/2020/CI004_875220_070210_ANI_ACTA-RETRIB_UF1_UF5_JUN_JUL_AGO_20.pdf
2257,2,CONSORCIO 4C,CI.004/GP7817/20/7.2.2,,,0 de Abril de 2020,,15_01_Cartas_Enviadas/RADICADAS/2020/CI004_781720_070202_ANI_FORM-GCSP-F-207_RENDIMIENTOS_MAR-2020.pdf
2258,2,CONSORCIO 4C,GP-7536,,,4 de Febrero de 2020,,15_01_Cartas_Enviadas/RADICADAS/2020/CI004_753620_070110_CON_RSEGSOCJUN_SALMAYO_2019.pdf
2259,3,CONSORCIO 4C,GP-7559,,,0 de Febrero de 2020,,15_01_Cartas_Enviadas/RADICADAS/2020/CI004_755920_050300_ANI_PLAZO_CONCEP_EER-PREDIAL-UF3.pdf
2260,3,CONSORCIO 4C,CI.004/GP8226/20/7.2.10,,,7 de julio de 2020,,15_01_Cartas_Enviadas/RADICADAS/2020/CI004_822620_070210_FID_SOLICITUD_RADICACION_ACTAS-RETRI.pdf
2261,2,CONSORCIO 4C,GP-7413,,,4 de Enero de 2020,,15_01_Cartas_Enviadas/RADICADAS/2020/CI004_741320_070402_CON_FICHAS_SOCIALES_ALMA-2019-03922.pdf
2262,4,CONSORCIO 4C,GP-8078,,,4 de Junio de 2020,,15_01_Cartas_Enviadas/RADICADAS/2020/CI004_807820_070406_CON_REV_AVALU_ALMA-5-0279.pdf
2263,4,CONSORCIO 4C,GP-7903,,,8 de Mayo de 2020,,15_01_Cartas_Enviadas/RADICADAS/2020/CI004_790320_070401_CON_ENTREGA_EXPEDI_CUSTODIA-TEMP.pdf
2264,4,CONSORCIO 4C,CI.004/GP8118/20/7.4.1,,,1 de julio de 2020,,15_01_Cartas_Enviadas/RADICADAS/2020/CI004_811820_070401_ANI_REPORTE_NIIF_II-TRIMESTRE-2020.pdf
2265,7,CONSORCIO 4C,CI.004/GP8176/20/7.3.3,CONCESIÓN ALTO MAGDALENA S.A.S.,,16/07/2020,Ref. Contrato de Concesión 003 de 2014 Concesión Honda – Girardot – Puerto Salgar Cronograma Medición de Indicadores “Puesta a Punto” de la Infraestructura Vial,15_01_Cartas_Enviadas/RADICADAS/2020/CI004_817620_070303_CON_MEDIC_INDICA_PUESTA-PUNTO.pdf
2266,3,CONSORCIO 4C,CI.004/GP7524/20/7.1.10,CONCESIÓN ALTO MAGDALENA S.A.S,ALMA-R-2020-0349,13/02/2020,"Ref. Contrato de Concesión 003 de 2014 Concesión Honda – Girardot – Puerto Salgar. Incumplimiento Condiciones Seguridad UF 4 y 5 Semana 235, 241, 247",15_01_Cartas_Enviadas/RADICADAS/2020/CI004_752420_070110_CON_RSEGSISO_UF5_SEM235-241-247.pdf
2267,3,CONSORCIO 4C,CI.004/7734/20/7.1.15,CONCESIÓN ALTO MAGDALENA S.A.S.,,31/03/2020,"Respuesta Oficina CI.004/GP7578/20/7.1.15 Redes Existentes Norcasía, relacionada con la comunicación de la referencia en la cual se informa sobre el manejo de las Redes existentes en la Intersección Norcasía",15_01_Cartas_Enviadas/RADICADAS/2020/CI004_773420_070115_CON_RED_GLORI-NORCAS_ALMA-2020-0801.pdf
2268,4,CONSORCIO 4C,CI.004/GP8493/20/7.3.3,CONCESIÓN ALTO MAGDALENA S.A.S.,,29/09/2020,Ref. Contrato de Concesión 003 de 2014 Concesión Honda – Girardot – Puerto Salgar Evaluación del Concesionario Indicador E7 Hundimientos por Fuera Apéndice Técnico 4,15_01_Cartas_Enviadas/RADICADAS/2020/CI004_849320_070303_CON_HUNDIMIENTOS_TOPO_SEPTIEMBRE.pdf
2270,3,CONSORCIO 4C,CI.004/GP7547/20/7.4.1,CONCESIÓN ALTO MAGDALENA S.A.S,ALMA-2019-02356,18/02/2020,Ref. Contrato de Concesión 003 de 2014 Concesión Honda – Girardot – Puerto Salgar. Observaciones Expedientes Finales Prediales,15_01_Cartas_Enviadas/RADICADAS/2020/CI004_754720_070401_CON_EXP_FINAL_ALMA-2019-02356.pdf
2269,16,CONSORCIO 4C,CI.004/GP8343/20/7.1.7-7.1.8,CONCESIÓN ALTO MAGDALENA S.A.S.,,21/08/2020,Ref. Contrato de Concesión 003 de 2014 Concesión Honda - Puerto Salgar - Girardot Propuesta Diseño Hidráulico Obra PR81+415 UF3,15_01_Cartas_Enviadas/RADICADAS/2020/CI004_834320_070107_070108_CON_ODT_PR81+415.pdf
2271,7,CONSORCIO 4C,CI.004/GP7631/20/7.2.2,AGENCIA NACIONAL DE INFRAESTRUCTURA - ANI,2020-409-025143-2,10/03/2020,Ref. Contrato de Concesión 003 de 2014 Concesión Honda – Girardot – Puerto Salgar. Alcance Formato GCSP-F-007 Informe de Ejecución de Recursos Públicos – enero 2020,15_01_Cartas_Enviadas/RADICADAS/2020/CI004_763120_070202_ANI_FORMATO_F_007.pdf
2272,7,CONSORCIO 4C,CI.004/GP8169/20/7.4.4,AGENCIA NACIONAL DE INFRAESTRUCTURA,20204090627942,14/07/2020,CI004_816920_070404_ANI_INFORME1_CURA_OLYMPUS,15_01_Cartas_Enviadas/RADICADAS/2020/CI004_816920_070404_ANI_INFORME1_CURA_OLYMPUS.pdf
2274,4,CONSORCIO 4C,CI.004/GP8334/20/7.4.1,AGENCIA NACIONAL DE INFRAESTRUCTURA – ANI,,20/08/2020,Ref. Contrato de Concesión 003 de 2014 Concesión Honda - Puerto Salgar - Girardot Atención Requerimiento ANI. Aportes Derecho de Petición ALMA-2-0036,15_01_Cartas_Enviadas/RADICADAS/2020/CI004_833420_070401_ANI_DERECHO_PETICIÓN_ALMA-2-0036.pdf
2273,7,CONSORCIO 4C,CI.004/GP8429/20/7.4.2,CONCESIÓN ALTO MAGDALENA S.A.S,,11/09/2020,Ref. Contrato de Concesión 003 de 2014 Concesión Honda – Girardot – Puerto Salgar Requerimiento formal. Acceso Vehicular al Predio ALMA-2-0098-1 UF2,15_01_Cartas_Enviadas/RADICADAS/2020/CI004_842920_070402_CON_ACCESO_PREDIO-2-0098-1_UF2.pdf
2275,11,CONSORCIO 4C,CI.004/GP7970/20/7.3.3,AGENCIA NACIONAL DE INFRAESTRUCTURA - ANI,,27/05/2020,Ref. Contrato de Concesión 003 de 2014 Comunicación del Concesionario con registro ALMA-2020-1418. Resultados Nivel de Servicio E12 Primer Semestre de 2018. Posición Interventoría.,15_01_Cartas_Enviadas/RADICADAS/2020/CI004_797020_070303_ANI_CONTROVER_E12_DEF.pdf
2276,4,CONSORCIO 4C,CI.004/GP8067/20/7.1.10,CONCESIÓN ALTO MAGDALENA S.A.S,,18/06/2020,Ref. Contrato de Concesión 003 de 2014 Concesión Honda – Girardot – Puerto Salgar. Investigación Accidentes laborales y planes de acción,15_01_Cartas_Enviadas/RADICADAS/2020/CI004_806720_070110_CON_IVESTIG_ACCIDENT_LABOR.pdf
2277,3,CONSORCIO 4C,CI.004/GP7660/20/7.4.1,CONCESIÓN ALTO MAGDALENA S.A.S,ALMA-R-2020-0598,11/03/2020,"Ref. Contrato de Concesión 003 de 2014 Concesión Honda – Girardot – Puerto Salgar. Observaciones Expediente Final Predial. Predio (ALMA-2-0009), UF2.",15_01_Cartas_Enviadas/RADICADAS/2020/CI004_766020_070401_CON_EXP_FINAL_ALMA-2019-02466.pdf
2278,5,CONSORCIO 4C,CI.004/GP8412/20/7.1.8,CONCESIÓN ALTO MAGDALENA S.A.S,,08/09/2020,Ref. Contrato de Concesión 003 de 2014 Concesión Honda – Girardot – Puerto Salgar Observaciones Informe N°6 Resolución 2129 de 2015,15_01_Cartas_Enviadas/RADICADAS/2020/CI004_841220_070108_CON_REV_INF_6_RES_2129.pdf
2279,3,CONSORCIO 4C,CI.004/GP829120/7.1.9,CONCESIÓN ALTO MAGDALENA S.A.S.,,12/08/2020,Ref. Contrato de Concesión 003 de 2014 Concesión Honda – Girardot – Puerto Salgar. Atención Solicitud Señora María Elizabeth Sánchez,15_01_Cartas_Enviadas/RADICADAS/2020/CI004_829120_070109_CON_ATEN_SOLITUD_MSANCHEZ.pdf
2280,2,CONSORCIO 4C,CI.004/GP8646/20/7.2.2,AGENCIA NACIONAL DE INFRAESTRUCTURA – ANI,,19/11/2020,Ref. Contrato de Concesión 003 de 2014 Concesión Honda - Puerto Salgar – Girardot Remisión Formato GCSP-F-001 Mantenimiento Bienes Uso Público – octubre 2020,15_01_Cartas_Enviadas/RADICADAS/2020/CI004_864620_070202_ANI_FORMATO_GCSP-F-001_MMTO_OCT-2020.pdf
2281,3,CONSORCIO 4C,CI.004/GP8698/20/7.1.9,CONCESIÓN ALTO MAGDALENA S.A.S.,,02/12/2020,"Ref. Contrato de Concesión 003 de 2014 Concesión Honda - Puerto Salgar - Girardot Aprobación Informe Trimestral Socio – Ambiental 24, Componente Social",15_01_Cartas_Enviadas/RADICADAS/2020/CI004_869820_070109_CON_NO-OBJEC_INFOTRIMESTRAL_N24-SOCIAL.pdf
2282,4,CONSORCIO 4C,CI.004/GP7846/20/7.4.4,CONCESIÓN ALTO MAGDALENA S.A.S.,ALMA-2020-0945,23/04/2020,"Ref. Contrato de Concesión 003 de 2014 Concesión Honda – Girardot – Puerto Salgar Observaciones Resolución de Expropiación. Predio ALMA-4-0032, UF4.",15_01_Cartas_Enviadas/RADICADAS/2020/CI004_784620_070404_CON_OBS_RES-EXP_ALMA-2020-0945.pdf
2284,8,CONSORCIO 4C,CI.004/GP8620/20/7.3.3,CONCESIÓN ALTO MAGDALENA S.A.S.,,06/11/2020,"Ref. Contrato de Concesión 003 de 2014 Concesión Honda – Girardot – Puerto Salgar Corrección Índices de Cumplimiento Enero, Febrero, Marzo, Junio y Julio de 2020 por Vencimiento de Tiempo Máximo de Corrección de los Niveles de Servicio E1, E2 y E16.",15_01_Cartas_Enviadas/RADICADAS/2020/CI004_862020_070303_CON_INDICES_CORRECCIÓN_PRIMERSEMESTRE-20.pdf
2283,2,CONSORCIO 4C,CI.004/GP8541/20/7.4.2,CONCESIÓN ALTO MAGDALENA S.A.S,ALMA-R-2020-1954,15/10/2020,Ref. Contrato de Concesión 003 de 2014 Concesión Honda – Girardot – Puerto Salgar. Fichas Sociales - Comunicación ALMA-2020-2497,15_01_Cartas_Enviadas/RADICADAS/2020/CI004_854120_070402_CON_FICHAS_SOCIALES_ALMA-2020-2497.pdf
2285,3,CONSORCIO 4C,CI.004/GP8633/20/5.3,AGENCIA NACIONAL DE INFRAESTRUCTURA – ANI,,11/11/2020,Ref. Contrato de Concesión 003 de 2014 Concesión Honda - Puerto Salgar – Girardot Fondeo de la Subcuenta Interventoría y Supervisión. Etapa de Operación y Mantenimiento.,15_01_Cartas_Enviadas/RADICADAS/2020/CI004_863320_050300_ANI_FONDEO_SUBCUEN_INTERV_OPER_MMTO.pdf
2286,7,CONSORCIO 4C,CI.004/GP7572/20/7.1.9,AGENCIA NACIONAL DE INFRAESTRUCTURA – ANI,,25/02/2020,Ref. Contrato de Concesión 003 de 2014 Concesión Honda – Girardot – Puerto Salgar. Concepto de Interventoría en relación con la petición del Señor Juan Ramón González. K40 UF3,15_01_Cartas_Enviadas/RADICADAS/2020/CI004_757220_070109_ANI_INFO_PQR-JGONZALEZ_UF3.pdf
2287,3,CONSORCIO 4C,GP-8690,,,02/12/2020,Confirmamos la recepción de las actas Nº 28 de la UF 1 y UF 4 respectivamente,15_01_Cartas_Enviadas/RADICADAS/2020/CI004_869020_070210_ANI_ACTA-RETRIB_UF1_JUN20_F.pdf
2288,5,CONSORCIO 4C,CI.004/GP7873/20/7.1.8,CONCESIÓN ALTO MAGDALENA S.A.S,,28/04/2020,Ref. Contrato de Concesión 003 de 2014 Concesión Honda – Girardot – Puerto Salgar Auto 02692 de 03 de abril de 2020 / Seguimiento y Control Ambiental – ANLA UF5.4 (Antes 5.3),15_01_Cartas_Enviadas/RADICADAS/2020/CI004_787320_CON_INFO-ICA_AUTO-02692_UF5.3.pdf
2289,3,CONSORCIO 4C,CI.004/GP7927/20/7.4.6,CONCESIÓN ALTO MAGDALENA S.A.S,,14/05/2020,"Ref. Contrato de Concesión 003 de 2014 Concesión Honda – Girardot – Puerto Salgar. Revisión de Avalúo. Predio ALMA-3-0090, UF3",15_01_Cartas_Enviadas/RADICADAS/2020/CI004_792720_070406_CON_REV_AVALU_ALMA-3-0090.pdf
2291,7,CONSORCIO 4C,CI.004/GP8506/20/7.1.9,CONCESIÓN ALTO MAGDALENA S.A.S.,,30/09/2020,Ref. Contrato de Concesión 003 de 2014 Concesión Honda – Girardot – Puerto Salgar Demolición Infraestructura Predios Adquiridos 5.2.2.5.4.3 Recuperación de Espacio Público,15_01_Cartas_Enviadas/RADICADAS/2020/CI004_850620_070109_CON__RECUPER_ESP_PUBLIC.pdf
2290,3,CONSORCIO 4C,CI.004/GP8018/20/7.3.1.,CONCESIÓN ALTO MAGDALENA S.A.S.,,09/06/2020,Ref. Contrato de Concesión 003 de 2014 Concesión Honda – Girardot – Puerto Salgar Informe Auditoria Peajes Mayo 2020,15_01_Cartas_Enviadas/RADICADAS/2020/CI004_801820_070301_CON_INFO-AUDI_PEAJE_MAY-20.pdf
2293,6,CONSORCIO 4C,CI.004/GP8232/20/5.3,,,7 de julio de 2020,,15_01_Cartas_Enviadas/RADICADAS/2020/CI004_823220_050300_INV_DER_PETI_CTO-529_NPH.pdf
2294,3,CONSORCIO 4C,GP-7409,,,4 de Enero de 2020,,15_01_Cartas_Enviadas/RADICADAS/2020/CI004_740920_070110_CON_RSEGSISO_UF2-3_SEM251.pdf
2296,2,CONSORCIO 4C,CI.004/GP8628/20/9.2,,,2 de Noviembre de 2020,,15_01_Cartas_Enviadas/RADICADAS/2020/CI004_862820_090200_ANI_VIDEO_IMI_OCT_2020.pdf
2295,18,CONSORCIO 4C,GP-7626,,,4 de Marzo de 2020,,15_01_Cartas_Enviadas/RADICADAS/2020/CI004_762620_070401_CON_CERCAS_PREDIOS_ADQUIRIDOS.pdf
2297,5,CONSORCIO 4C,CI.004/GP7990/20/7.4.6,,,9 de mayo de 2020,,15_01_Cartas_Enviadas/RADICADAS/2020/CI004_799020_070406_CON_REV_AVALU_ALMA-2-0159.pdf
2298,2,CONSORCIO 4C,CI.004/0274/20/2.2,,,7 de Agosto de 2020,,15_01_Cartas_Enviadas/RADICADAS/2020/CI004_027420_020200_ANI_REEMPLAZO_PERSONAL_ESP_TRAN_TRANS.pdf
2300,4,CONSORCIO 4C,CI.004/GP8160/20/7.4.4,,,0 de Julio de 2020,,15_01_Cartas_Enviadas/RADICADAS/2020/CI004_816020_070404_ANI_OBSERV_RESOL_EXPRO_ALMA-4-0057.pdf
2299,5,CONSORCIO 4C,GP-7753,,,2 de Abril de 2020,,15_01_Cartas_Enviadas/RADICADAS/2020/CI004_775320_070110_CON_INFORM_TRIMESTRAL21_SST.pdf
2301,4,CONSORCIO 4C,CI.004/GP8081/20/7.4.1,,,3 de junio de 2020,,15_01_Cartas_Enviadas/RADICADAS/2020/CI004_808120_070401_CON_REITERACION_FERREA_NORCASIA.pdf
2292,3,CONSORCIO 4C,CI.004/GP8622/20/7.4.1,CONCESIÓN ALTO MAGDALENA S.A.S,ALMA-R-2020-2082,06/11/2020,"Ref. Contrato de Concesión 003 de 2014 Concesión Honda - Puerto Salgar - Girardot Observaciones Expedientes Finales Prediales. Predios ALMA-2-0118-1 (UF2), y ALMA-4-0047, ALMA-4-0050, ALMA-4-0052, ALMA-4-0054 (UF4).",15_01_Cartas_Enviadas/RADICADAS/2020/CI004_862220_070401_CON_EXP_FINAL_ALMA-2020-2633_____.pdf
2303,2,CONSORCIO 4C,GP-8745,,,7 de Diciembre de 2020,,15_01_Cartas_Enviadas/RADICADAS/2020/CI004_874520_070202_ANI_FORMATO_F-007_REC_PUBL_OCT-2020_ALCAN.pdf
2302,4,CONSORCIO 4C,GP-7447,,,2 de enero de 2020,,15_01_Cartas_Enviadas/RADICADAS/2020/CI004_744720_070406_CON_AVALU_ALMA-2019-03068.pdf
2305,4,CONSORCIO 4C,CI.004/GP7825/20/7.1.10,,,1 de abril de 2020,,15_01_Cartas_Enviadas/RADICADAS/2020/CI004_782520_070110_CON_REACT_INTERV_OBRAS PS.pdf
2304,2,CONSORCIO 4C,GP-7658,,,1 de marzo de 2020,,15_01_Cartas_Enviadas/RADICADAS/2020/CI004_765820_090200_ANI_INF_SUPERTRANSPORTE.pdf
2309,3,CONSORCIO 4C,GP-8587,,,9 de Octubre de 2020,,15_01_Cartas_Enviadas/RADICADAS/2020/CI004_858720_070401_CON_EXP_FINAL_ALMA-2020-2566.pdf
2307,12,CONSORCIO 4C,GP-7728,,,0 de Marzo de 2020,,15_01_Cartas_Enviadas/RADICADAS/2020/CI004_772820_070108_CON_ALMA-2020-0527_CORMAGD.pdf
2306,5,CONSORCIO 4C,GP-8408,,,4 de Septiembre de 2020,,15_01_Cartas_Enviadas/RADICADAS/2020/CI004_840820_070401_CON_EXP_FINAL_ALMA-2019-3735.pdf
2308,2,CONSORCIO 4C,CI.004/GP8285/20/9.2,,,4 de Agosto de 2020,,15_01_Cartas_Enviadas/RADICADAS/2020/CI004_828520_090200_ANI_VIDEO_IMI_JUL_2020.pdf
2313,2,CONSORCIO 4C,CI.004/GP7860/20/7.1.10,,,8 de abril de 2020,,15_01_Cartas_Enviadas/RADICADAS/2020/CI004_786020_070110_ALCALD_PROTOC_CERTIF_GUAT.pdf
2312,2,CONSORCIO 4C,CI.004/GP8629/20/9.2,,,0 de Noviembre de 2020,,15_01_Cartas_Enviadas/RADICADAS/2020/CI004_862920_090200_ANI_INFORME_MENSUAL_OCT_2020.pdf
2310,8,CONSORCIO 4C,CI.004/GP7984/20/5.3,,,9 de mayo de 2020,,15_01_Cartas_Enviadas/RADICADAS/2020/CI004_798420_050300_CON_PLAZO_CURA_OLYMPUS.pdf
2315,4,CONSORCIO 4C,GP-7580,,,6 de Febrero de 2020,,15_01_Cartas_Enviadas/RADICADAS/2020/CI004_758020_070115_ANI_AYUD-MEMO_CENIT_NORC-BUNKER.pdf
2316,2,CONSORCIO 4C,CI.004/GP7882/20/7.1.9,,,0 de Abril de 2020,,15_01_Cartas_Enviadas/RADICADAS/2020/CI004_788220_070109_ANI_SOLIC_INF_REACTIVACION.pdf
2311,4,CONSORCIO 4C,CI.004/GP8110/20/7.4.4,,,0 de junio de 2020,,15_01_Cartas_Enviadas/RADICADAS/2020/CI004_811020_070404_CON_OBS_RES_EXP_ALMA-3-0056.pdf
2317,4,CONSORCIO 4C,GP-7736,,,1 de Marzo de 2020,,15_01_Cartas_Enviadas/RADICADAS/2020/CI004_773620_070401_CON_EXP_FINAL_ALMA-2019-02581.pdf
2314,4,CONSORCIO 4C,CI.004/GP8400/20/7.1.10,,,3 de septiembre de 2020,,15_01_Cartas_Enviadas/RADICADAS/2020/CI004_840020_070110_CON_SEG_SOC_SALAR-MAY-JUN.pdf
2318,3,CONSORCIO 4C,CI.004/GP8607/20/7.3.3,,,4 de noviembre de 2020,,15_01_Cartas_Enviadas/RADICADAS/2020/CI004_860720_070303_CON_MEDICIÓN_INDICADORES_SEPT-20.pdf
2319,5,CONSORCIO 4C,CI.004/GP7893/20/7.1.8,,,5 de mayo de 2020,,15_01_Cartas_Enviadas/RADICADAS/2020/CI004_789320_070108_CON_REVISI_ICA_12_UF4.1.pdf
2320,7,CONSORCIO 4C,CI.004/GP8065/20/5.3,,,8 de Junio de 2020,,15_01_Cartas_Enviadas/RADICADAS/2020/CI004_806520_050300_ANI_INFO_ESPEC_TEC_UF2.pdf
2321,3,CONSORCIO 4C,GP-8434,,,5 de Septiembre de 2020,,15_01_Cartas_Enviadas/RADICADAS/2020/CI004_843420_070401_CON_EXP_FINAL_ALMA-2020-2043.pdf
2322,4,CONSORCIO 4C,CI.004/GP8492/20/7.1.10,,,9 de septiembre de 2020,,15_01_Cartas_Enviadas/RADICADAS/2020/CI004_849220_070110_CON_JORN_LAB_PEAJES.pdf
2323,4,CONSORCIO 4C,CI.004/GP8393/20/7.1.15,,,2 de septiembre de 2020,,15_01_Cartas_Enviadas/RADICADAS/2020/CI004_839320_070115_CON_INFOR_FINAL_REDES.pdf
2324,3,CONSORCIO 4C,GP-7693,,,5 de Marzo de 2020,,15_01_Cartas_Enviadas/RADICADAS/2020/CI004_769320_090300_CON_REV_PLANOS_RECORD_UF3.pdf
2325,3,CONSORCIO 4C,CI.004/GP7793/20/7.2.1,,,4 de abril de 2020,,15_01_Cartas_Enviadas/RADICADAS/2020/CI004_779320_070201_CON_VALOR_REVERSADO_OBRAS-MENORES.pdf
2327,4,CONSORCIO 4C,CI.004/GP8045/20/7.4.1,,,1 de junio de 2020,,15_01_Cartas_Enviadas/RADICADAS/2020/CI004_804520_070401_CON_COMENTARIOS_OFICIO_ALMA-5-0250.pdf
2326,4,CONSORCIO 4C,CI.004/GP7792/20/7.1.8,,,4 de abril de 2020,,15_01_Cartas_Enviadas/RADICADAS/2020/CI004_779220_070108_CON_REV_INFO-2_RES-1082.pdf
2328,8,CONSORCIO 4C,CI.004/GP8532/20/7.4.1,,,3 de octubre de 2020,,15_01_Cartas_Enviadas/RADICADAS/2020/CI004_853220_070401_CON_REV_INFORME_OLYMPUS.pdf
2329,8,CONSORCIO 4C,GP-0025,,,3de Octubre de 2018,,15_01_Cartas_Enviadas/RADICADAS/2020/CI004_002520_ANI_SOLICIT_APROBACION_004223-2.pdf
2330,18,CONSORCIO 4C,GP-7497,,,5 de Febrero de 2020,,15_01_Cartas_Enviadas/RADICADAS/2020/CI004_749720_050300_090300_ANI_ACCESOS_VEHICU_UF2.pdf
2331,10,CONSORCIO 4C,CI.004/GP8171/20/5.3,,,5 de Julio de 2020,,15_01_Cartas_Enviadas/RADICADAS/2020/CI004_817120_050300_ANI_NO-OBJECION_PLAZO-CURA_TALUD-UF5.1.pdf
2332,3,CONSORCIO 4C,CI.004/GP7915/20/7.1.9,,,1 de Mayo de 2020,,15_01_Cartas_Enviadas/RADICADAS/2020/CI004_791520_070109_ANI_DER-PETI_EMPLEOS_PROYECTO.pdf
2333,3,CONSORCIO 4C,CI.004/GP8682/20/7.3.1.,,,6 de noviembre de 2020,,15_01_Cartas_Enviadas/RADICADAS/2020/CI004_868220_070301_CON_INFO-AUDI_PEAJE_OCT-20.pdf
2334,3,CONSORCIO 4C,GP-7500,,,5 de Febrero de 2020,,15_01_Cartas_Enviadas/RADICADAS/2020/CI004_750020_070404_CON_RES_EXP_ALMA-2020-0187-0200.pdf
2335,18,CONSORCIO 4C,GP-7562,,,1 de Febrero de 2020,,15_01_Cartas_Enviadas/RADICADAS/2020/CI004_756220_070109_ANI_INFORME_DP_CONCORDIA.pdf
2336,14,CONSORCIO 4C,GP-7651,,,1 de Marzo de 2020,,15_01_Cartas_Enviadas/RADICADAS/2020/CI004_765120_050300_ANI_NO-OBJEC_CURA_CALID-EXPEDI.pdf
2337,2,CONSORCIO 4C,CI.004/GP7960/20/7.1.9,,,2 de Mayo de 2020,,15_01_Cartas_Enviadas/RADICADAS/2020/CI004_796020_070109_ANI_INFO_SOCIAL_CONTRALORIA.pdf
2338,6,CONSORCIO 4C,CI.004/GP8407/20/7.1.8,,,4 de septiembre de 2020,,15_01_Cartas_Enviadas/RADICADAS/2020/CI004_840720_070108_CON_REV_INF6_RES_0817_LV.pdf
2339,3,CONSORCIO 4C,GP-7430,,,7 de enero de2020,,15_01_Cartas_Enviadas/RADICADAS/2020/CI004_743020_070404_CON_OBS_RES_EXP_ALMA-2019-03919_1.pdf
2340,6,CONSORCIO 4C,CI.004/GP8409/20/7.4.1,,,4 de septiembre de 2020,,15_01_Cartas_Enviadas/RADICADAS/2020/CI004_840920_070401_CON_REQUERIMI_CASO_ALMA-5-0261.pdf
2341,5,CONSORCIO 4C,GP-7451,,,3 de enero de 2020,,15_01_Cartas_Enviadas/RADICADAS/2020/CI004_745120_070109_CON_SOL_INFO_MED_MAN_ACCI-.pdf
2342,3,CONSORCIO 4C,CI.004/GP7948/20/7.1.10,,,0 de mayo de 2020,,15_01_Cartas_Enviadas/RADICADAS/2020/CI004_794820_070110_CON_SOPORTES_SSYSAL_1TRIMESTRE2020.pdf
2343,6,CONSORCIO 4C,GP-7655,,,1 de Marzo de 2020,,15_01_Cartas_Enviadas/RADICADAS/2020/CI004_765520_070108_CON_ALMA-2020-0253_TRIM_21.pdf
2344,4,CONSORCIO 4C,CI.004/GP8530/20/9.2,,,9 de octubre de 2020,,15_01_Cartas_Enviadas/RADICADAS/2020/CI004_853020_090200_SUP_SUPER_TRANSP_SEPT_2020.pdf
2345,3,CONSORCIO 4C,GP-8303,,,3 de Agosto de 2020,,15_01_Cartas_Enviadas/RADICADAS/2020/CI004_830320_070401_CON_EST_FICH_ALMA-2020-0749.pdf
2346,5,CONSORCIO 4C,CI.004/GP7855/20/7.4.6,,,4 de abril de 2020,,15_01_Cartas_Enviadas/RADICADAS/2020/CI004_785520_070406_CON_REV_AVALU_ALMA-2-0098-1.pdf
2347,6,CONSORCIO 4C,CI.004/GP8368/20/7.4.4,,,6 de agosto de 2020,,15_01_Cartas_Enviadas/RADICADAS/2020/CI004_836820_070404_CON_OBSER_MATRIZ_EXPROPIA.pdf
2348,5,CONSORCIO 4C,CI.004/GP8351/20/7.1.3,,,4 de agosto de 2020,,15_01_Cartas_Enviadas/RADICADAS/2020/CI004_835120_070103_CON_BARR_PILAS_PEATONAL_UF5.1.pdf
2349,4,CONSORCIO 4C,CI.004/8395/20/7.1.15,,,2 de septiembre de 2020,,15_01_Cartas_Enviadas/RADICADAS/2020/CI004_839520_070115_CON_OBR_PUR_BOG.pdf
2350,7,CONSORCIO 4C,CI.004/GP8569/20/7.4.4,,,2 de Octubre de 2020,,15_01_Cartas_Enviadas/RADICADAS/2020/CI004_856920_070404_ANI_MEMOR_SEG_EXPROP_ENTREGA-ÁREAS.pdf
2351,3,CONSORCIO 4C,CI.004/GP8608/20/7.4.4,,,4 de noviembre de 2020,,15_01_Cartas_Enviadas/RADICADAS/2020/CI004_860820_070404_CON_OBS_RES_EXPR_ALMA-3-0073.pdf
2352,3,CONSORCIO 4C,CI.004/GP7986/20/7.3.3,,,9 de mayo de 2020,,15_01_Cartas_Enviadas/RADICADAS/2020/CI004_798620_070303_CON_INDICES_ENERO-20_CORRECCIONTABLA.pdf
2353,5,CONSORCIO 4C,CI.004/GP8106/20/7.4.6,,,0 de junio de 2020,,15_01_Cartas_Enviadas/RADICADAS/2020/CI004_810620_070406_CON_REV_AVALU_ALMA-5-0129.pdf
2354,4,CONSORCIO 4C,CI.004/GP7920/20/7.4.1,,,4 de mayo de 2020,,15_01_Cartas_Enviadas/RADICADAS/2020/CI004_792020_070401_CON_EXP_FINAL_ALMA-2019-02559.pdf
2355,4,CONSORCIO 4C,CI.004/GP8662/20/7.4.1,,,4 de noviembre de 2020,,15_01_Cartas_Enviadas/RADICADAS/2020/CI004_866220_070401_CON_GESTION_PREDIAL_ALMA-2-0122-1.pdf
2356,4,CONSORCIO 4C,CI.004/GP7803/20/7.4.1,,,6 de abril de 2020,,15_01_Cartas_Enviadas/RADICADAS/2020/CI004_780320_070401_CON_EXP_FINAL_ALMA-2019-02824.pdf
2357,3,CONSORCIO 4C,GP-7552,,,8 de Febrero de 2020,,15_01_Cartas_Enviadas/RADICADAS/2020/CI004_755220_070108_CON_INFO_EER_EXP52038_2.pdf
2358,4,CONSORCIO 4C,CI.004/GP7853/20/7.4.1,,,4 de abril de 2020,,15_01_Cartas_Enviadas/RADICADAS/2020/CI004_785320_070401_CON_EXP_FINAL_ALMA-2019-02822.pdf
2359,7,CONSORCIO 4C,CI.004/GP7941/20/7.4.1,,,9 de mayo de 2020,,15_01_Cartas_Enviadas/RADICADAS/2020/CI004_794120_070401_CON_VIA_FERREA_NORCASIA.pdf
2360,5,CONSORCIO 4C,GP-7386,,,9 de Enero de 2020,,15_01_Cartas_Enviadas/RADICADAS/2020/CI004_738620_050300_ANI_POLIZ_ACTUA-MAR2020_ALMA-03795.pdf
2361,1,CONSORCIO 4C,GP-7542,,,,,15_01_Cartas_Enviadas/RADICADAS/2020/CI004_754220_070202_ANI_REM_FOR_GCSP-F-007_INF_RP_ENER2020.pdf
2362,5,CONSORCIO 4C,CI.004/GP8157/20/7.4.4,,,0 de Julio de 2020,,15_01_Cartas_Enviadas/RADICADAS/2020/CI004_815720_070404_ANI_RESOL_EXPRO_ALMA-3-0056.pdf
2364,3,CONSORCIO 4C,CI.004/GP8717/20/7.2.10,,,1 de Diciembre de 2020,,15_01_Cartas_Enviadas/RADICADAS/2020/CI004_871720_070210_ANI_ACTA_RETRIB_UF3_MAR-JUL20.pdf
2365,14,CONSORCIO 4C,GP-7438,,,1 de enero de 2020,,15_01_Cartas_Enviadas/RADICADAS/2020/CI004_743820_070401_CON_CTRL-CALIDAD_EXPED_FINALES1.pdf
2363,3,CONSORCIO 4C,CI.004/GP8052/20/7.1.8,,,2 de junio de 2020,,15_01_Cartas_Enviadas/RADICADAS/2020/CI004_805220_070108_CON_INFO_SOCIOAMBIEN_TRIM_21-V2.pdf
2366,2,CONSORCIO 4C,CI.004/GP7954/20/7.2.8,,,2 de Mayo de 2020,,15_01_Cartas_Enviadas/RADICADAS/2020/CI004_795420_070208_ANI_FORMATO_GCSP-F-009_RECAUDOPEAJES_ABR-20.pdf
2367,5,CONSORCIO 4C,CI.004/GP8158/20/7.4.4,,,0 de Julio de 2020,,15_01_Cartas_Enviadas/RADICADAS/2020/CI004_815820_070404_ANI_RESOL_EXPRO_ALMA-5-0204.pdf
2368,2,CONSORCIO 4C,CI.004/GP8359/20/9.10,,,5 de Agosto de 2020,,15_01_Cartas_Enviadas/RADICADAS/2020/CI004_835920_091000_ANI_INF_ESP_N102.pdf
2369,3,CONSORCIO 4C,GP-8298,,,3 de Agosto de 2020,,15_01_Cartas_Enviadas/RADICADAS/2020/CI004_829820_070402_CON_REV-FS_ALMA-2-0136-1.pdf
2370,5,CONSORCIO 4C,CI.004/GP7868/20/7.1.8,,,8 de abril de 2020,,15_01_Cartas_Enviadas/RADICADAS/2020/CI004_786820_070108_CON_ALMA-2020-0984_OBS_ICA-8-UF1.pdf
2371,5,CONSORCIO 4C,CI.004/GP8102/20/7.1.10,,,0 de junio de 2020,,15_01_Cartas_Enviadas/RADICADAS/2020/CI004_810220_070110_CON_SEG_SOC_SALARIOS.pdf
2372,2,CONSORCIO 4C,CI.004/GP7808/19/7.1.9,,,7 de Abril de 2020,,15_01_Cartas_Enviadas/RADICADAS/2020/CI004_780820_070109_ANI_SOLIC_INF_PERSONAL-2020.pdf
2373,10,CONSORCIO 4C,GP-7713,,,6 de Marzo de 2020,,15_01_Cartas_Enviadas/RADICADAS/2020/CI004_771320_070108_CON_LEVAN_VEDA_COMPEN..pdf
2374,5,CONSORCIO 4C,CI.004/GP7944/20/7.1.8,,,9 de mayo de 2020,,15_01_Cartas_Enviadas/RADICADAS/2020/CI004_794420_070108_CON_REV_INFO_2_RES_1082_UF5.4.pdf
2375,2,CONSORCIO 4C,GP-7472,,,5 de Febrero de 2020,,15_01_Cartas_Enviadas/RADICADAS/2020/CI004_747220_070107_CON_ALMA-2019-03975_PROTOC-PRUE-CARGA_PEATONAL-NORCASIA.pdf
2376,5,CONSORCIO 4C,CI.004/GP8580/20/7.4.6,,,7 de octubre de 2020,,15_01_Cartas_Enviadas/RADICADAS/2020/CI004_858020_070406_CON_REV_AVALU_ALMA-5-0262.pdf
2378,5,CONSORCIO 4C,CI.004/GP8047/20/7.4.6,,,1 de junio de 2020,,15_01_Cartas_Enviadas/RADICADAS/2020/CI004_804720_070406_CON_REV_AVALU_ALMA-5-0267.pdf
2377,4,CONSORCIO 4C,CI.004/GP8195/20/7.1.8,,,2 de julio de 2020,,15_01_Cartas_Enviadas/RADICADAS/2020/CI004_819520_070108_CON_COMPENSA_AMBIEN_UF4_EXP_51954.pdf
2379,5,CONSORCIO 4C,CI.004/GP8514/20/7.4.4,,,2 de Octubre de 2020,,15_01_Cartas_Enviadas/RADICADAS/2020/CI004_851420_070404_ANI_OBSERV_RESOL_EXPRO_ALMA-4-0057.pdf
2380,7,CONSORCIO 4C,CI.004/GP8465/20/7.4.1,,,2 de septiembre de 2020,,15_01_Cartas_Enviadas/RADICADAS/2020/CI004_846520_070401_CON_REINTEGROS_SUBCUENTA_PREDIAL.pdf
2381,2,CONSORCIO 4C,GP-7395,,,0 de Enero de 2020,,15_01_Cartas_Enviadas/RADICADAS/2020/CI004_739520_091000_ANI_INF_ESP_N68.pdf
2382,6,CONSORCIO 4C,GP-8228,,,8 de Julio de 2020,,15_01_Cartas_Enviadas/RADICADAS/2020/CI004_822820_070401-070402_CON_DEVOL_COMPEN_ALMA-5-0261_C.pdf
2383,4,CONSORCIO 4C,CI.004/GP8111/20/7.4.4.,CONCESIÓN ALTO MAGDALENA S.A.S.,,30/06/2020,"Ref. Contrato de Concesión 003 de 2014 Concesión Honda – Girardot – Puerto Salgar Observaciones Resolución de Expropiación. Predio ALMA-5-0204, UF5.",15_01_Cartas_Enviadas/RADICADAS/2020/CI004_811120_070404_CON_OBS_RES_EXP_ALMA-5-0204.pdf
2386,7,CONSORCIO 4C,CI.004/GP8739/20/7.1.4,CONCESIÓN ALTO MAGDALENA S.A.S.,,15/12/2020,Ref. Contrato de Concesión 003 de 2014 Concesión Honda - Puerto Salgar - Girardot Reiteración Evaluación de Patologías en el Pavimento UF4.,15_01_Cartas_Enviadas/RADICADAS/2020/CI004_873920_070104_CON_REITERACIÓN_EVALUACIÓN_PAVIMENTO_UF4.pdf
2385,16,CONSORCIO 4C,CI.004/GP8070/20/5.3-9.3,CONCESIÓN ALTO MAGDALENA S.A.S.,,19/06/2020,Ref. Contrato de Concesión 003 de 2014 Concesión Honda – Girardot – Puerto Salgar. Verificación Cumplimiento Indicadores Mínimos del Apéndice Técnico 4 Subsector 3 UF5.,15_01_Cartas_Enviadas/RADICADAS/2020/CI004_807020_050300_090300_CON_VERIFICA_INDICADORES_NPH-INVIAS.pdf
2384,4,CONSORCIO 4C,CI.004/GP8591/20/7.1.15,CONCESION ALTO MAGDALENA,,29/10/2020,Ref. Contrato de Concesión 003 de 2014 Concesión Honda – Girardot – Puerto Salgar Asunto: Validación Soportes Cuenta de Cobro No.4 Fondeo Redes,15_01_Cartas_Enviadas/RADICADAS/2020/CI004_859120_070115_CON_SOLICITUD_SOPORTES_CTA-COBR-RED-N4.pdf
2387,2,CONSORCIO 4C,CI.004/GP7678/20/9.10,AGENCIA NACIONAL DE INFRAESTRUCTURA - ANI,,13/03/2020,Ref. Contrato de Concesión 003 de 2014 Concesión Honda – Girardot – Puerto Salgar. Remisión de Informe Semanal 79. Avance de Unidades Funcionales en Construcción.,15_01_Cartas_Enviadas/RADICADAS/2020/CI004_767820_091000_ANI_INF_ESP_N79.pdf
2389,13,CONSORCIO 4C,CI.004/GP7411/20/7.1.8-7.1.9,CONCESIÓN ALTO MAGDALENA S.A.S,PQRS-UF5-2017-202,14/01/2020,Ref. Contrato de Concesión 003 de 2014 Concesión Honda – Girardot – Puerto Salgar. PQRS-UF5-2017-202 Predio Gibraltar 2. UF5,15_01_Cartas_Enviadas/RADICADAS/2020/CI004_741120_070108_070109_CON_DRENAJE_GIBRALTAR_UF5.pdf
2390,6,CONSORCIO 4C,CI.004/GP7412/20/7.4.1,CONCESIÓN ALTO MAGDALENA S.A.S,,14/01/2020,Ref. Contrato de Concesión 003 de 2014 Concesión Honda – Girardot – Puerto Salgar. Solicitud aclaración gestión predial. Empalme con proyecto INVIAS costado oriental. UF5.,15_01_Cartas_Enviadas/RADICADAS/2020/CI004_741220_070401_CON_SOLICITUD_EMPALME-5-0252_UF5.pdf
2388,9,CONSORCIO 4C,CI.004/GP7980/20/7.4.1,CONCESIÓN ALTO MAGDALENA S.A.S,,27/05/2020,Ref. Contrato de Concesión 003 de 2014 Concesión Honda – Girardot – Puerto Salgar. Observaciones generales a predios cargados en Olympus - Unidad Funcional 4.,15_01_Cartas_Enviadas/RADICADAS/2020/CI004_798020_070401_CON_OBSERV_OLYMPUS_UF4.pdf
2391,4,CONSORCIO 4C,CI.004/GP8772/20/5.3,AGENCIA NACIONAL DE INFRAESTRUCTURA - ANI,,29/12/2020,Ref. Contrato de Concesión 003 de 2014 Concesión Honda - Puerto Salgar - Girardot Derecho de Petición ALMA-4-0032.,15_01_Cartas_Enviadas/RADICADAS/2020/CI004_877220_050300_ANI_DERECHO_PETICIÓN_ALMA-4-0032.pdf
2393,5,CONSORCIO 4C,CI.004/GP8352/20/7.1.3,CONCESIÓN ALTO MAGDALENA S.A.S.,,24/08/2020,Ref. Contrato de Concesión 003 de 2014 Concesión Honda - Puerto Salgar - Girardot Protección Estribos Puente Peatonal La Dorada UF5.2.,15_01_Cartas_Enviadas/RADICADAS/2020/CI004_835220_070103_CON_BARR_PILAS_PEATONAL_UF5.2.pdf
2392,5,CONSORCIO 4C,CI.004/GP8706/20/7.4,CONCESIÓN ALTO MAGDALENA S.A.S,,04/12/2020,Ref. Contrato de Concesión 003 de 2014 Concesión Honda – Girardot – Puerto Salgar. Revisión Informe Avance Gestión Predial octubre de 2020,15_01_Cartas_Enviadas/RADICADAS/2020/CI004_870620_070400_CON_OBS_INFOGP_OCT2020.pdf
2394,9,CONSORCIO 4C,CI.004/GP8016/20/5.3,AGENCIA NACIONAL DE INFRAESTRUCTURA - ANI,,09/06/2020,"Ref. Contrato de Concesión 003 de 2014 Concesión Honda – Girardot – Puerto Salgar Solicitud No objeción Plazo de Cura. Incumplimiento de las obligaciones contempladas en las secciones 1.2, 4.5 (j) y 13.2 de la Parte General del Contrato de Concesión. Recibo del Subsector 3 de la UF5.",15_01_Cartas_Enviadas/RADICADAS/2020/CI004_801620_050300_ANI_NO-OBJECION_PLAZO-CURA_RECIBO-UF5.3.pdf
2395,4,CONSORCIO 4C,CI.004/GP8022/20/7.1.1-9.3,CONCESIÓN ALTO MAGDALENA S.A.S.,,09/06/2020,Ref. Contrato de Concesión 003 de 2014 Concesión Honda – Girardot – Puerto Salgar Alerta Atraso Actividades Constructivas UF 5,15_01_Cartas_Enviadas/RADICADAS/2020/CI004_802220_070101_090300_CON_ALERTA_AVANCE_OBRAS_UF5.pdf
2396,5,CONSORCIO 4C,CI.004/GP8254/20/7.1.10,CONCESIÓN ALTO MAGDALENA S.A.S,,31/07/2020,Ref. Contrato de Concesión 003 de 2014 Concesión Honda - Puerto Salgar - Girardot. Informes de Investigación Accidentes Laborales 2019,15_01_Cartas_Enviadas/RADICADAS/2020/CI004_825420_070110_CON_INFO_ACCIDENT_LAB.pdf
2397,13,CONSORCIO 4C,CI.004/GP7880/20/9.1,AGENCIA NACIONAL DE INFRAESTRUCTURA – ANI,,29/04/2020,Ref. Contrato de Concesión 003 de 2014 Concesión Honda – Girardot – Puerto Salgar Informe 2 de Avance y Proyección Gestiones a Cargo del Concesionario Marzo de 2020.,15_01_Cartas_Enviadas/RADICADAS/2020/CI004_788020_090100_ANI_AVANCE2_GESTIONES_PROYEC.pdf
2398,2,CONSORCIO 4C,CI.004/GP7527/20/7.3.5,AGENCIA NACIONAL DE INFRAESTRUCTURA - ANI,,13/02/2020,Ref. Contrato de Concesión 003 de 2014 Prevención Daño Antijurídico Semestre 2 2019,15_01_Cartas_Enviadas/RADICADAS/2020/CI004_752720_070304_ANI_INFO_ANTIJURI_SGDO-2019.pdf
2399,2,CONSORCIO 4C,CI.004/GP7858/20/7.1.10,ALCALDÍA GIRARDOT,,28/04/2020,Ref. Contrato de Concesión 003 de 2014 Concesión Honda – Girardot – Puerto Salgar. Reactivación Interventoría a obras de construcción proyecto Alto Magdalena. Remisión del Protocolo de bioseguridad certificado.,15_01_Cartas_Enviadas/RADICADAS/2020/CI004_785820_070110_ALCALD_PROTOC_CERTIF_GDOT.pdf
2400,5,CONSORCIO 4C,CI.004/GP7540/20/7.1.7,CONCESIÓN ALTO MAGDALENA S.A.S,ALMA-R-2020-0356,14/02/2020,Ref. Contrato de Concesión 003 de 2014 Concesión Honda – Girardot – Puerto Salgar Revisión Diseño Hidrológico e Hidráulico de la Glorieta Costado Oriental del NPH UF 5.1,15_01_Cartas_Enviadas/RADICADAS/2020/CI004_754020_070107_CON_DIS_HIDRA_GLORIETA_NPH_UF5.pdf
2401,5,CONSORCIO 4C,CI.004/GP8482/20/7.3.1.,CONCESIÓN ALTO MAGDALENA S.A.S.,,28/09/2020,Ref. Contrato de Concesión 003 de 2014 Concesión Honda – Girardot – Puerto Salgar. ASUNTO: Instalación puntos de control sobre el derecho de vía.,15_01_Cartas_Enviadas/RADICADAS/2020/CI004_848220_070301_CON_PUNTO_CONTROL_PTO-SALGAR.pdf
2402,3,CONSORCIO 4C,CI.004/GP8302/20/7.1.9,,,13/08/2020,Ref. Contrato de Concesión 003 de 2014 Concesión Honda – Girardot – Puerto Salgar. Respuesta Solicitud,15_01_Cartas_Enviadas/RADICADAS/2020/CI004_830220_070109_TER_RTA_SOLICITUD_MESANCEZ.pdf
2404,2,CONSORCIO 4C,CI.004/GP8624/20/9.2,AGENCIA NACIONAL DE INFRAESTRUCTURA - ANI,,09/11/2020,Ref. Contrato de Concesión 003 de 2014 Concesión Honda – Girardot – Puerto Salgar. Informe Socioambiental 60 Versión 00,15_01_Cartas_Enviadas/RADICADAS/2020/CI004_862420_090200_ANI_INF_SOCIOAMB_AGO_2020.pdf
2403,3,CONSORCIO 4C,CI.004/GP8420/20/7.2.9,AGENCIA NACIONAL DE INFRAESTRUCTURA - ANI,,09/09/2020,Ref. Contrato de Concesión 003 de 2014 Concesión Honda – Girardot – Puerto Salgar Acta de Calculo VPIP Julio 2020.,15_01_Cartas_Enviadas/RADICADAS/2020/CI004_841920_070209_ACTA_VPIP_ JUL-2020.pdf
2405,2,CONSORCIO 4C,CI.004/GP8417/20/9.2,AGENCIA NACIONAL DE INFRAESTRUCTURA - ANI,,09/09/2020,Ref. Contrato de Concesión 003 de 2014 Concesión Honda – Girardot – Puerto Salgar. Informe Socioambiental 58 Versión 00,15_01_Cartas_Enviadas/RADICADAS/2020/CI004_841720_090200_ANI_INF_SOCIOAMB_AGO_2020.pdf
2406,3,CONSORCIO 4C,CI.004/GP7639/20/7.4.1,CONCESIÓN ALTO MAGDALENA S.A.S,ALMA-R-2020-0572,06/03/2020,Ref. Contrato de Concesión 003 de 2014 Concesión Honda – Girardot – Puerto Salgar. Ficha Predial. ALMA-3-0111. UF3,15_01_Cartas_Enviadas/RADICADAS/2020/CI004_763920_070401_CON_FICH_ALMA-2020-0516.pd.pdf
2409,3,CONSORCIO 4C,CI.004/GP8457/20/7.4.1,CONCESIÓN ALTO MAGDALENA S.A.S,ALMA-R-2020-1853,18/09/2020,"Ref. Contrato de Concesión 003 de 2014 Concesión Honda - Puerto Salgar - Girardot Observaciones a la Actualización de Insumos. Predio ALMA-2-0157, UF2.",15_01_Cartas_Enviadas/RADICADAS/2020/CI004_845720_070401_CON_EST_FICH_ALMA-2-0157.pdf
2408,3,CONSORCIO 4C,CI.004/GP8615/20/5.3,CONCESIÓN ALTO MAGDALENA S.A.S.,,05/11/2020,Ref. Contrato de Concesión 003 de 2014 Concesión Honda - Puerto Salgar - Girardot Mal funcionamiento del SICC – Nivel de Servicio E16.,15_01_Cartas_Enviadas/RADICADAS/2020/CI004_861520_070303_CON_SICC_E16_INGRESO.pdf
2411,3,CONSORCIO 4C,GP-7487,,,1 de Enero de 2020,,15_01_Cartas_Enviadas/RADICADAS/2020/CI004_748720_050300_CON_EER_CERRO-COLR_UF2.pdf
2413,4,CONSORCIO 4C,CI.004/GP8763/20/7.4.1,,,3 de diciembre de 2020,,15_01_Cartas_Enviadas/RADICADAS/2020/CI004_876320_070401_CON_DEVOLUCIÓN_MAYORES_VALORES.pdf
2407,4,CONSORCIO 4C,CI.004/GP8699/20/7.1.10,CONCESIÓN ALTO MAGDALENA S.A.S.,,02/12/2020,Ref. Contrato de Concesión 003 de 2014 Concesión Honda - Puerto Salgar - Girardot Observaciones Soportes Seguridad Social abril y Salarios marzo 2020,15_01_Cartas_Enviadas/RADICADAS/2020/CI004_869920_070110_CON_OBS_SEG_SOCIAL_SAL_ABR_MARZ.pdf
2414,6,CONSORCIO 4C,GP-7661,,,1 de Marzo de 2020,,15_01_Cartas_Enviadas/RADICADAS/2020/CI004_766120_070404_CON_AYUDA_MESA-TRABAJO_EXPROPIACIONES.pdf
2415,3,CONSORCIO 4C,GP-8119,,,1 de Julio de 2020,,15_01_Cartas_Enviadas/RADICADAS/2020/CI004_811920_070401_CON_EST_FICH_ALMA-2020-1511.pdf
2416,5,CONSORCIO 4C,GP-7680,,,8 de Marzo de 2020,,15_01_Cartas_Enviadas/RADICADAS/2020/CI004_768020_070406_CON_AVALU_ALMA-2020-0289-VACAB.pdf
2417,17,CONSORCIO 4C,CI.004/GP7956/20/7.4.1,,,2 de mayo de 2020,,15_01_Cartas_Enviadas/RADICADAS/2020/CI004_795620_070401_CON_OBSERV_OLYMPUS_UF3.pdf
2418,4,CONSORCIO 4C,GP-7525,,,3 de Febrero de 2020,,15_01_Cartas_Enviadas/RADICADAS/2020/CI004_752520_070301_CON_VEHI_MAL_CLASIFI.pdf
2419,2,CONSORCIO 4C,GP-7607,,,3 de Marzo de 2020,,15_01_Cartas_Enviadas/RADICADAS/2020/CI004_760720_070115_CON_GES_CENIT.pdf
2410,2,CONSORCIO 4C,CI.004/GP7856/20/9.10,AGENCIA NACIONAL DE INFRAESTRUCTURA - ANI,,27/04/2020,Ref. Contrato de Concesión 003 de 2014 Concesión Honda – Girardot – Puerto Salgar. Remisión de Informe Semanal 85. Avance de Unidades Funcionales en Construcción.,15_01_Cartas_Enviadas/RADICADAS/2020/CI004_785620_091000_ANI_INFORME_ESPECIAL_N85.pdf
2420,2,CONSORCIO 4C,GP-7762,,,3 de Abril de 2020,,15_01_Cartas_Enviadas/RADICADAS/2020/CI004_776220_091000_ANI_INF_ESP_N82.pdf
2421,4,CONSORCIO 4C,CI.004/GP8094/20/7.3.1.,,,5 de junio de 2020,,15_01_Cartas_Enviadas/RADICADAS/2020/CI004_809420_070301_CON_SERVIDOR_CAMBAO_CAMARAS-OCR.pdf
2423,4,CONSORCIO 4C,GP-7591,,,6 de Febrero de 2020,,15_01_Cartas_Enviadas/RADICADAS/2020/CI004_759120_070401_ANI_DERECHO_PETICIÓN_LA-UNION.pdf
2425,3,CONSORCIO 4C,GP-7702,,,5 de Marzo de 2020,,15_01_Cartas_Enviadas/RADICADAS/2020/CI004_770220_070401_CON_EXP_FINAL_ALMA-2019-02461.pdf
2426,6,CONSORCIO 4C,CI.004/GP8204/20/7.4.1,,,2 de julio de 2020,,15_01_Cartas_Enviadas/RADICADAS/2020/CI004_820420_070401_CON_REVISION_SABANA_AVALUOS.pdf
2412,3,CONSORCIO 4C,CI.004/GP8104/20/7.4.1,CONCESIÓN ALTO MAGDALENA S.A.S.,,30/06/2020,"Ref. Contrato de Concesión 003 de 2014 Concesión Honda – Girardot – Puerto Salgar. Observaciones Expedientes Finales Prediales. Predios ALMA-4-0026 y ALMA-4-0096-4, UF4.",15_01_Cartas_Enviadas/RADICADAS/2020/CI004_810420_070401_CON_EXP_FINAL_ALMA-2019-03180.pdf
2422,9,CONSORCIO 4C,GP-7761,,,3 de Abril de 2020,,15_01_Cartas_Enviadas/RADICADAS/2020/CI004_776120_070406_CON_AVALUO_GIRARDOT-8_UF2.pdf
2428,2,CONSORCIO 4C,CI.004/GP8554/20/7.1.9,,,0 de Octubre de 2020,,15_01_Cartas_Enviadas/RADICADAS/2020/CI004_855420_070109_ANI_ATENC_SOLICIT_GSOCIAL.pdf
2427,3,CONSORCIO 4C,GP-7611,,,3 de Marzo de 2020,,15_01_Cartas_Enviadas/RADICADAS/2020/CI004_761120_070109_CON_RTA_PQRS_SAUL-CALDERON_1.pdf
2429,8,CONSORCIO 4C,CI.004/GP8445/20/7.5,,,5 de septiembre de 2020,,15_01_Cartas_Enviadas/RADICADAS/2020/CI004_844520_070500_CON_MEMOTECNICA_JUL2020.pdf
2430,4,CONSORCIO 4C,GP-7421,,,6 de enero de2020,,15_01_Cartas_Enviadas/RADICADAS/2020/CI004_742120_070404_CON_RES_EXP_ALMA-2019-03033_1.pdf
2431,12,CONSORCIO 4C,GP-7485,,,0 de Enero de 2020,,15_01_Cartas_Enviadas/RADICADAS/2020/CI004_748520_050300_ANI_ESTADO_EER.pdf
2432,2,CONSORCIO 4C,GP-7475,,,4 de Febrero de 2020,,15_01_Cartas_Enviadas/RADICADAS/2020/CI004_747520_070109_ANI_MATRIZ_GSOCIAL_HPG.pdf
2424,5,CONSORCIO 4C,GP-7722,,,7 de Marzo de 2020,,15_01_Cartas_Enviadas/RADICADAS/2020/CI004_772220_070401_CON_EXP_FINAL_ALMA-2019-02582.pdf
2433,5,CONSORCIO 4C,GP-7677,,,3 de Marzo de 2020,,15_01_Cartas_Enviadas/RADICADAS/2020/CI004_767720_070406_CON_AVALU_ALMA-2020-0071.pdf
2434,7,CONSORCIO 4C,CI.004/GP8274/20/7.1.10,,,5 de agosto de 2020,,15_01_Cartas_Enviadas/RADICADAS/2020/CI004_827420_070110_CON_SEG_SOC_SALAR-ABR-MAY.pdf
2435,5,CONSORCIO 4C,GP-8638,,,7 de Noviembre de 2020,,15_01_Cartas_Enviadas/RADICADAS/2020/CI004_863820_070406_CON_REV_2AVALU_UF5.pdf
2436,4,CONSORCIO 4C,GP-7558,,,0 de Febrero de 2020,,15_01_Cartas_Enviadas/RADICADAS/2020/CI004_755820_070406_CON_AVALU_ALMA-2019-03903-03904.pdf
2437,3,CONSORCIO 4C,CI.004/GP8043/20/7.2.9,,,1 de Junio de 2020,,15_01_Cartas_Enviadas/RADICADAS/2020/CI004_804320_070209_ANI_ACTA_VPIP_FEBRERO-2020.pdf
2438,3,CONSORCIO 4C,CI.004/GP8644/20/5.3,,,8 de Noviembre de 2020,,15_01_Cartas_Enviadas/RADICADAS/2020/CI004_864420_050300_ANI_AMIGABLE_COSTOS_MMTO_NPH.pdf
2439,2,CONSORCIO 4C,CI.004/GP8724/20/7.3.7,,,4 de Diciembre de 2020,,15_01_Cartas_Enviadas/RADICADAS/2020/CI004_872420_070307_ANI_ACCIDENT_FATAL_PR15+670UF2.pdf
2440,3,CONSORCIO 4C,CI.004/GP8566/20/5.3,,,2 de octubre de 2020,,15_01_Cartas_Enviadas/RADICADAS/2020/CI004_856620_070401_CON_REITER_REQUER_CERCA-ALMA-4-0030.pdf
2441,3,CONSORCIO 4C,CI.004/GP8556/20/7.4.1,,,0 de octubre de 2020,,15_01_Cartas_Enviadas/RADICADAS/2020/CI004_855620_070401_CON_REITERA_REQUER_CERCAS-UF3.pdf
2442,4,CONSORCIO 4C,CI.004/GP8389/20/7.4.4,,,1 de septiembre de 2020,,15_01_Cartas_Enviadas/RADICADAS/2020/CI004_838920_070404_CON_OBS_RES_EXP_ALMA-5-0104.pdf
2443,3,CONSORCIO 4C,CI.004/GP8355/20/5.3,,,4 de agosto de 2020,,15_01_Cartas_Enviadas/RADICADAS/2020/CI004_835520_050300_CON_ENCUESTA_SATISFAC_CLIENTE.pdf
2444,8,CONSORCIO 4C,CI.004/GP8426/20/7.4.2,,,0 de Septiembre de 2020,,15_01_Cartas_Enviadas/RADICADAS/2020/CI004_842620_070402_ANI_PREDIO_ALMA-5-0261.pdf
2445,4,CONSORCIO 4C,GP-7739,,,1 de Abril de 2020,,15_01_Cartas_Enviadas/RADICADAS/2020/CI004_773920_070401_CON_TABLAS_AVALUOS_2020.pdf
2446,9,CONSORCIO 4C,GP-7398,,,0 de Enero de 2020,,15_01_Cartas_Enviadas/RADICADAS/2020/CI004_739820_070401_CON_SOLICITUD_ACT-OLYMPUS_DIC-2019.pdf
2447,4,CONSORCIO 4C,CI.004/GP7887/20/7.1.4,,,4 de mayo de 2020,,15_01_Cartas_Enviadas/RADICADAS/2020/CI004_788720_070104_CON_TALUD_EROSION_UF5.1.pdf
2448,4,CONSORCIO 4C,CI.004/GP7921/20/7.4.1,,,4 de mayo de 2020,,15_01_Cartas_Enviadas/RADICADAS/2020/CI004_792120_070401_CON_EXP_FINAL_ALMA-2019-02877.pdf
2449,3,CONSORCIO 4C,CI.004/GP8396/20/7.3.3,,,2 de Septiembre de 2020,,15_01_Cartas_Enviadas/RADICADAS/2020/CI004_839620_070303_ANI_MEDICI_INDICADORES_5.3.pdf
2450,8,CONSORCIO 4C,CI.004/GP7788/20/5.3,,,4 de Abril de 2020,,15_01_Cartas_Enviadas/RADICADAS/2020/CI004_778820_050300_ANI_REV_PROTOCO_EMERG.pdf
2451,4,CONSORCIO 4C,CI.004/GP8250/20/7.1.8,,,0 de julio de 2020,,15_01_Cartas_Enviadas/RADICADAS/2020/CI004_825020_070108_CON_ICA-5_EXP-LAV0068-00-2015_UF5.4.pdf
2452,4,CONSORCIO 4C,CI.004/GP8686/20/7.1.4,,,0 de noviembre de 2020,,15_01_Cartas_Enviadas/RADICADAS/2020/CI004_868620_070104_CON_OFICINA_INTERV_ANI_CCO.pdf
2453,5,CONSORCIO 4C,CI.004/8483/20/7.1.15,,,8 de septiembre de 2020,,15_01_Cartas_Enviadas/RADICADAS/2020/CI004_848320_070115_CON_ACT_OBR_16.pdf
2454,3,CONSORCIO 4C,CI.004/GP8571/15/1,,,2 de octubre de 2020,,15_01_Cartas_Enviadas/RADICADAS/2020/CI004_857120_010000_CON_CAMBIO_RADICAC_CONCESI.pdf
2455,6,CONSORCIO 4C,CI.004/GP8271/20/7.1.7,,,5 de agosto de 2020,,15_01_Cartas_Enviadas/RADICADAS/2020/CI004_827120_070107_CON_REV_SEGUR_PAV_RIGID_UF5.2.pdf
2456,3,CONSORCIO 4C,GP-7755,,,2 de Abril de 2020,,15_01_Cartas_Enviadas/RADICADAS/2020/CI004_775520_070110_CON_SOL_INFORM_COVID19.pdf
2458,3,CONSORCIO 4C,GP-7577,,,6 de Febrero de 2020,,15_01_Cartas_Enviadas/RADICADAS/2020/CI004_757720_070404_ANI_MEMORIA_SEGUIMIENTO_EXPROP-3-0103-1.pdf
2457,3,CONSORCIO 4C,GP-7496,,,4 de Febrero de 2020,,15_01_Cartas_Enviadas/RADICADAS/2020/CI004_749620_070404_CON_RES_EXP_ALMA-2020-0202.pdf
2459,2,CONSORCIO 4C,GP-7717,,,7 de Marzo de 2020,,15_01_Cartas_Enviadas/RADICADAS/2020/CI004_771720_070202_ANI_FORMATO_GCSP-F-207_RENDI-FEB-2020_001.pdf
2460,2,CONSORCIO 4C,CI.004/GP8197/20/7.2.2,,,2 de Julio de 2020,,15_01_Cartas_Enviadas/RADICADAS/2020/CI004_819720_070202_ANI_FORMATO_GCSP-F-007_ INFO-EJEC_RECUR-PUB-JUN20.pdf
2461,3,CONSORCIO 4C,CI.004/GP8365/20/7.1.10,,,6 de agosto de 2020,,15_01_Cartas_Enviadas/RADICADAS/2020/CI004_836520_070110_CON_SEGUR_SOCI_SALARI.pdf
2462,2,CONSORCIO 4C,CI.004/GP7869/20/7.2.2,,,8 de Abril de 2020,,15_01_Cartas_Enviadas/RADICADAS/2020/CI004_786920_070202_ANI_FORMATO_GCSP-F-001-MANTENM_MAR-20.pdf
2463,7,CONSORCIO 4C,CI.004/GP8202/20/7.1.10,,,2 de julio de 2020,,15_01_Cartas_Enviadas/RADICADAS/2020/CI004_820220_070110_CON_SEG_SOCI_SALARIOS.pdf
2464,3,CONSORCIO 4C,GP-8734,,,5 de Diciembre de 2020,,15_01_Cartas_Enviadas/RADICADAS/2020/CI004_873420_070401_CON_EST_FICHA_ALMA-5-0261.pdf
2465,5,CONSORCIO 4C,GP-7641,,,6 de matzo de2020,,15_01_Cartas_Enviadas/RADICADAS/2020/CI004_764120_070202_ANI_FORMATO_.pdf
2466,3,CONSORCIO 4C,GP-8103,,,0 de Junio de 2020,,15_01_Cartas_Enviadas/RADICADAS/2020/CI004_810320_070401_CON_EST_FICH_ALMA-2020-1513.pdf
2467,4,CONSORCIO 4C,GP-8300,,,3 de Agosto de 2020,,15_01_Cartas_Enviadas/RADICADAS/2020/CI004_830020_070406_CON_REV_AVALUO_UF5.pdf
2468,4,CONSORCIO 4C,CI.004/GP8424/20/9.2,,,0 de septiembre de 2020,,15_01_Cartas_Enviadas/RADICADAS/2020/CI004_842420_090200_SUP_SUPER_TRANSP_AGO_2020.pdf
2469,4,CONSORCIO 4C,CI.004/7964/20/7.1.3,,,7 de mayo de 2020,,15_01_Cartas_Enviadas/RADICADAS/2020/CI004_796420_070103_CON_OBS_DOC_INS_ELCT.pdf
2470,3,CONSORCIO 4C,CI.004/GP8689/20/7.1.7,,,1 de diciembre de 2020,,15_01_Cartas_Enviadas/RADICADAS/2020/CI004_868920_070107_CON_SOLICITUD_PRUEBA_CARGA_PEATONALES_UF5.pdf
2471,4,CONSORCIO 4C,CI.004/GP8156/20/7.4.1,,,0 de julio de 2020,,15_01_Cartas_Enviadas/RADICADAS/2020/CI004_815620_070401_CON_DEVOLUCION_MAYOR-PAGO_ALMA-3-0147.pdf
2472,5,CONSORCIO 4C,CI.004/GP8076/20/7.4.6,,,3 de junio de 2020,,15_01_Cartas_Enviadas/RADICADAS/2020/CI004_807620_070406_CON_REV_AVALU_ALMA-5-0127.pdf
2473,4,CONSORCIO 4C,CI.004/GP8722/20/7.1.10,,,4 de diciembre de 2020,,15_01_Cartas_Enviadas/RADICADAS/2020/CI004_872220_070110_CON_CASOS_POSIT_COVID_19.pdf
2474,16,CONSORCIO 4C,CI.004/GP8425/20/7.3.3,,,0 de septiembre de 2020,,15_01_Cartas_Enviadas/RADICADAS/2020/CI004_842520_070303_CON_HUNDIMIENTO_ALMA-2020-2194.pdf
2475,5,CONSORCIO 4C,CI.004/GP8727/20/5.3,,,5 de Diciembre de 2020,,15_01_Cartas_Enviadas/RADICADAS/2020/CI004_872720_050300_ANI_CIERRE_CURA_EEFF.pdf
2476,4,CONSORCIO 4C,GP-7566,,,1 de Febrero de 2020,,15_01_Cartas_Enviadas/RADICADAS/2020/CI004_756620_070115_CON_AFECT_RED_K40-UF3.pdf
2477,5,CONSORCIO 4C,CI.004/GP8463/20/7.1.15,,,2 de septiembre de 2020,,15_01_Cartas_Enviadas/RADICADAS/2020/CI004_846320_070115_CON_POZOS_RED-ALC_PTO-BOGOTA.pdf
2478,5,CONSORCIO 4C,CI.004/GP8175/20/7.4.6,,,5 de julio de 2020,,15_01_Cartas_Enviadas/RADICADAS/2020/CI004_817520_070406_CON_REV2_AVALUO_ALMA-2-0106-11.pdf
2479,4,CONSORCIO 4C,CI.004/GP8212/20/7.4.1,,,3 de julio de 2020,,15_01_Cartas_Enviadas/RADICADAS/2020/CI004_821220_070401_CON_AJUSTE_CERCADO_ALMA-5-0012-1.pdf
2480,4,CONSORCIO 4C,CI.004/G7872/20/7.3.3,,,8 de abril de 2020,,15_01_Cartas_Enviadas/RADICADAS/2020/CI004_787220_070303_CON_MEDICIÓN_INDICADORES_MAYO-2020.pdf
2481,2,CONSORCIO 4C,GP-7539,,,4 de Febrero de 2020,,15_01_Cartas_Enviadas/RADICADAS/2020/CI004_753920_091000_ANI_INF_ESP_N75.pdf
2482,3,CONSORCIO 4C,CI.004/GP8289/20/9.2,,,1 de agosto de 2020,,15_01_Cartas_Enviadas/RADICADAS/2020/CI004_828920_090200_SUP_SUPER_TRANSP_JUL_2020.pdf
2483,2,CONSORCIO 4C,GP-7593,,,8 de Febrero de 2020,,15_01_Cartas_Enviadas/RADICADAS/2020/CI004_759320_070402_CON_ACTUALIZACION_SOCIAL_ALMA-4-0076.pdf
2484,5,CONSORCIO 4C,CI.004/GP8213/20/7.4.1,,,3 de julio de 2020,,15_01_Cartas_Enviadas/RADICADAS/2020/CI004_821320_070401_CON_INFOR_GESTI-PREDI_JUN2020.pdf
2485,4,CONSORCIO 4C,CI.004/GP8295/20/7.4.1,,,2 de agosto de 2020,,15_01_Cartas_Enviadas/RADICADAS/2020/CI004_829520_070401_CON_REV-CRONO_EXPEDIEN_FINALES.pdf
2486,4,CONSORCIO 4C,CI.004/GP8428/20/5.3,,,1 de septiembre de 2020,,15_01_Cartas_Enviadas/RADICADAS/2020/CI004_842820_070401_CON_EXP_FINAL_ALMA-2020-2224.pdf
2487,5,CONSORCIO 4C,CI.004/GP8174/20/7.4.6,,,5 de julio de 2020,,15_01_Cartas_Enviadas/RADICADAS/2020/CI004_817420_070406_CON_REV_AVALUO_ALMA-2-0003-1.pdf
2488,5,CONSORCIO 4C,CI.004/GP8162/20/7.4.6,,,0 de julio de 2020,,15_01_Cartas_Enviadas/RADICADAS/2020/CI004_816220_070406_CON_REV1_AVALU_ALMA-2-0064-1.pdf
2490,14,CONSORCIO 4C,CI.004/GP7799/20/7.5,,,5 de abril de 2020,,15_01_Cartas_Enviadas/RADICADAS/2020/CI004_779920_070500_CON_MEMOTECNICA_FEB2020.pdf
2491,8,CONSORCIO 4C,CI.004/GP8476/20/7.4.1,,,4 de septiembre de 2020,,15_01_Cartas_Enviadas/RADICADAS/2020/CI004_847620_070401_CON_REV_CRONOG_EXP-FINALES.pdf
2492,3,CONSORCIO 4C,GP-7546,,,8 de Febrero de 2020,,15_01_Cartas_Enviadas/RADICADAS/2020/CI004_754620_070110_CON_RPLAZO_CURA4Y5_2020.pdf
2489,4,CONSORCIO 4C,CI.004/GP8085/20/7.1.15-7.2.1,,,4 de Junio de 2020,,15_01_Cartas_Enviadas/RADICADAS/2020/CI004_808520_070115_070201_ANI_CONCEPTO_APROBA_CTA-3-REDES.pdf
2493,5,CONSORCIO 4C,CI.004/GP8128/20/7.4.6,,,6 de julio de 2020,,15_01_Cartas_Enviadas/RADICADAS/2020/CI004_812820_070406_CON_REV_AVALU_ALMA-5-0128.pdf
2495,8,CONSORCIO 4C,GP-7535,,,3 de Febrero de 2020,,15_01_Cartas_Enviadas/RADICADAS/2020/CI004_753520_070109_ANI_INFORME_PRQ_CALATRABA_UF5.pdf
2494,5,CONSORCIO 4C,CI.004/GP8040/20/7.4.6,,,1 de junio de 2020,,15_01_Cartas_Enviadas/RADICADAS/2020/CI004_804020_070406_CON_REV_AVALU_ALMA-3-0128.pdf
2496,4,CONSORCIO 4C,CI.004/GP8009/20/5.3-7.4.2,,,5 de Junio de 2020,,15_01_Cartas_Enviadas/RADICADAS/2020/CI004_800920_050300_070402_ANI_VALOR_PREDIOS_OTROSI-7.pdf
2497,4,CONSORCIO 4C,CI.004/GP8472/20/7.1.10,,,4 de septiembre de 2020,,15_01_Cartas_Enviadas/RADICADAS/2020/CI004_847220_070110_CON_SEG-SOC_SAL_2020.pdf
2498,3,CONSORCIO 4C,CI.004/GP8636/20/9.2,,,1 de noviembre de 2020,,15_01_Cartas_Enviadas/RADICADAS/2020/CI004_863620_090200_SUP_SUPER_TRANSP_OCT_2020.pdf
2499,3,CONSORCIO 4C,CI.004/GP8292/20/7.3.1.,,,2 de agosto de 2020,,15_01_Cartas_Enviadas/RADICADAS/2020/CI004_829220_070301_CON_INFO-AUDI_PEAJE_JUL-20.pdf
2500,3,CONSORCIO 4C,GP-7673,,,2 de Marzo de 2020,,15_01_Cartas_Enviadas/RADICADAS/2020/CI004_767320_070103_CON_REITER_REPAR-KRA1_PTO-BTA.pdf
2501,2,CONSORCIO 4C,GP-7476,,,4 de Febrero de 2020,,15_01_Cartas_Enviadas/RADICADAS/2020/CI004_747620_070110_CON_RSEGSOCOCT_SALARIOSSEPT_2019.pdf
2502,2,CONSORCIO 4C,GP-7440,,,,,15_01_Cartas_Enviadas/RADICADAS/2020/CI004_744020_070107_CON_ALMA-03992_AJUST-RASA_GLORI-NORCASIA_UF5.2.pdf
2503,3,CONSORCIO 4C,CI.004/GP8664/20/7.4.4,CONCESIÓN ALTO MAGDALENA S.A.S.,,24/11/2020,Ref. Contrato de Concesión 003 de 2014 Concesión Honda - Puerto Salgar - Girardot Observaciones Resolución de Expropiación Predio ALMA-3-0090 (UF3),15_01_Cartas_Enviadas/RADICADAS/2020/CI004_866420_070404_CON_OBS_RES_EXPRO_ALMA-3-0090.pdf
2504,3,CONSORCIO 4C,CI.004/GP7390/20/7.4.2 – 7.4.1,CONCESIÓN ALTO MAGDALENA S.A.S,ALMA-R-2020-0044,09/01/2020,Ref. Contrato de Concesión 003 de 2014 Concesión Honda – Girardot – Puerto Salgar. Revisión Fichas Sociales - Respuesta a comunicación ALMA-2019-03767,15_01_Cartas_Enviadas/RADICADAS/2020/CI004_739020_070402-070401_CON_FICHAS_SOCIALES_ALMA-2019-03767.pdf
2505,4,CONSORCIO 4C,CI.004/GP7737/20/7.4.1,CONCESIÓN ALTO MAGDALENA S.A.S.,,31/03/2020,"Ref. Contrato de Concesión 003 de 2014 Concesión Honda – Girardot – Puerto Salgar. Observaciones Expediente Final Predial. Predio ALMA-2-0028, UF2.",15_01_Cartas_Enviadas/RADICADAS/2020/CI004_773720_070401_CON_EXP_FINAL_ALMA-2019-02737.pdf
2506,7,CONSORCIO 4C,CI.004/GP8421/20/7.4.1,CONCESIÓN ALTO MAGDALENA S.A.S.,,09/09/2020,Ref. Contrato de Concesión 003 de 2014 Concesión Honda - Puerto Salgar - Girardot Revisión Informe Cargue Olympus. Respuesta a comunicado ALMA-2020-2247,15_01_Cartas_Enviadas/RADICADAS/2020/CI004_842120_070401_CON_REV_INFORME_OLYMPUS-2247.pdf
2507,4,CONSORCIO 4C,CI.004/GP8507/20/7.1.10,CONCESIÓN ALTO MAGDALENA S.A.S,,30/09/2020,Ref. Contrato de Concesión 003 de 2014 Concesión Honda - Puerto Salgar - Girardot Suministro de Calzado y vestido de labor,15_01_Cartas_Enviadas/RADICADAS/2020/CI004_850720_070110_CON_DOTACIÓN_EMPLEADOS.pdf
2508,5,CONSORCIO 4C,CI.004/GP7464/20/7.1.10,CONCESIÓN ALTO MAGDALENA S.A.S,,29/01/2020,Ref. Contrato de Concesión 003 de 2014 Concesión Honda – Girardot – Puerto Salgar. Seguimiento Condiciones SST UF 5 Semanas 259 y 260,15_01_Cartas_Enviadas/RADICADAS/2020/CI004_746420_070110_CON_SEGSISO_UF5_SEM260.pdf
2509,4,CONSORCIO 4C,CI.004/GP8454/20/7.4.1,CONCESIÓN ALTO MAGDALENA S.A.S.,,17/09/2020,Ref. Contrato de Concesión 003 de 2014 Concesión Honda - Puerto Salgar - Girardot Solicitud Estrategia Certificados Catastrales,15_01_Cartas_Enviadas/RADICADAS/2020/CI004_845420_070401_CON_CERTIFIC_CATASTRALES.pdf
2510,2,CONSORCIO 4C,CI.004/GP7474/20/7.1.3,CONCESIÓN ALTO MAGDALENA S.A.S,ALMA-R-2020-0255,30/01/2020,Ref. Contrato de Concesión 003 de 2014 Concesión Honda – Girardot – Puerto Salgar Revisión Protocolo Prueba de Carga Puente Peatonal Puerto Bogotá UF5.1.,15_01_Cartas_Enviadas/RADICADAS/2020/CI004_747420_070107_CON_ALMA-2020-0043_PROTO-PRUE-CARGA_PEATON-PTO-BTA.pdf
2512,2,CONSORCIO 4C,CI.004/GP7900/20/9.2,AGENCIA NACIONAL DE INFRAESTRUCTURA - ANI,,08/05/2020,Ref. Contrato de Concesión 003 de 2014 Concesión Honda – Girardot – Puerto Salgar. Informe Mensual Técnico 66 Versión 00.,15_01_Cartas_Enviadas/RADICADAS/2020/CI004_790020_090200_ANI_INFORME_MENSUAL_ABR-2020.pdf
2511,2,CONSORCIO 4C,CI.004/GP7419/20/7.1.9,CONCESIÓN ALTO MAGDALENA S.A.S,,15/01/2020,ATENCIÓN RECLAMACIÓN – VACAB OFICIO A ANI 2020-305-000452-1,15_01_Cartas_Enviadas/RADICADAS/2020/CI004_741920_070109_CON_QUEJA_VACAB.pdf
2513,11,CONSORCIO 4C,CI.004/GP8004/20/5.3,AGENCIA NACIONAL DE INFRAESTRUCTURA,,04/06/2020,Ref. Contrato de Concesión bajo el esquema de APP No. 003 de 2014 – Concesión Honda - Puerto Salgar – Girardot. SANEAMIENTO DEL INCUMPLIMIENTO,15_01_Cartas_Enviadas/RADICADAS/2020/CI004_800420_050300_ANI_SANEA_INCUMPLIMIENTO_DITRA.pdf
2514,4,CONSORCIO 4C,CI.004/GP7919/20/7.2.11,CONCESION ALTO MAGDALENA,,13/05/2020,Ref. Contrato de Concesión 003 de 2014 Concesión Honda – Girardot – Puerto Salgar Devolución Actas Compensación Especial Unidad Funcional 5,15_01_Cartas_Enviadas/RADICADAS/2020/CI004_791920_070211_CON_CORRECC_ACTA-COMPENS_UF5.pdf
2515,5,CONSORCIO 4C,CI.004/GP7805/20/7.4.6,CONCESIÓN ALTO MAGDALENA S.A.S,,16/04/2020,"Ref. Contrato de Concesión 003 de 2014 Concesión Honda – Girardot – Puerto Salgar. Revisión de Avalúo, UF2.",15_01_Cartas_Enviadas/RADICADAS/2020/CI004_780520_070406_CON_REV_AVALU_ALMA-2-0087.pdf
2516,4,CONSORCIO 4C,CI.004/GP7567/20/7.3.3,CONCESIÓN ALTO MAGDALENA S.A.S,,21/02/2020,Ref. Contrato de Concesión 003 de 2014 Concesión Honda – Girardot – Puerto Salgar Medición Niveles Servicio Diciembre 2019,15_01_Cartas_Enviadas/RADICADAS/2020/CI004_756720_070303_CON_INDICES_DICI_2019.pdf
2517,3,CONSORCIO 4C,CI.004/GP8705/20/7.3,CONCESIÓN ALTO MAGDALENA S.A.S.,,04/12/2020,Ref. Contrato de Concesión 003 de 2014 Concesión Honda - Puerto Salgar – Girardot Circular ANI No. 202030000000574. Puente Festivo de la Inmaculada Concepción (del 4 al 8 de diciembre de 2020).,15_01_Cartas_Enviadas/RADICADAS/2020/CI004_870520_070300_CON_CIRCULAR_FESTIVOS_12_2020.pdf
2518,2,CONSORCIO 4C,CI.004/GP8714/20/9.2,AGENCIA NACIONAL DE INFRAESTRUCTURA - ANI,,10/12/2020,Ref. Contrato de Concesión 003 de 2014 Concesión Honda – Girardot – Puerto Salgar. Informe Mensual Técnico 73 Versión 00.,15_01_Cartas_Enviadas/RADICADAS/2020/CI004_871420_090200_ANI_INFORME_MENSUAL_NOV_2020.pdf
2520,7,CONSORCIO 4C,CI.004/GP8656/20/5.3,AGENCIA NACIONAL DE INFRAESTRUCTURA - ANI,,20/11/2020,Solicitud No objeción Plazo de Cura,15_01_Cartas_Enviadas/RADICADAS/2020/CI004_865620_050300_ANI_NO-OBJECION_PLAZO-CURA_CERCAS.pdf
2519,3,CONSORCIO 4C,CI.004/GP8639/20/7.4.1,CONCESIÓN ALTO MAGDALENA S.A.S,ALMA-R-2020-2115,17/11/2020,"Ref. Contrato de Concesión 003 de 2014 Concesión Honda - Puerto Salgar - Girardot Observaciones a Alcance a Ficha Predial ALMA-5-0261, UF5.",15_01_Cartas_Enviadas/RADICADAS/2020/CI004_863920_070401_CON_EST_FICHA_ALMA-5-0261.pdf
2522,3,CONSORCIO 4C,CI.004/GP8728/20/5.3,AGENCIA NACIONAL DE INFRAESTRUCTURA - ANI,,15/12/2020,Ref. Contrato de Concesión 003 de 2014 Concesión Honda - Puerto Salgar - Girardot Cuenta de Cobro - Recaudo Peajes Suspensión de cobro Decretos 457 y 482 de 2020 Oficio ALMA-2020-2959,15_01_Cartas_Enviadas/RADICADAS/2020/CI004_872820_050300_ANI_COBRO_NO_RECAUDO.pdf
2521,4,CONSORCIO 4C,CI.004/GP8133/20/7.1.1,AGENCIA NACIONAL DE INFRAESTRUCTURA – ANI,,06/07/2020,Ref. Contrato de Concesión 003 de 2014 Concesión Honda – Girardot – Puerto Salgar Seguimiento Bimestral-Plan de Obras Corte al 03 de julio de 2020,15_01_Cartas_Enviadas/RADICADAS/2020/CI004_813320_070101_ANI_SEG_BIMES_PLANOBRA_JUL_2020.pdf
2523,3,CONSORCIO 4C,CI.004/GP7647/20/7.4.6,CONCESIÓN ALTO MAGDALENA S.A.S,,10/03/2020,Ref. Contrato de Concesión 003 de 2014 Concesión Honda – Girardot – Puerto Salgar. Ayuda Memoria Mesa Trabajo Sábana Avalúos,15_01_Cartas_Enviadas/RADICADAS/2020/CI004_764720_070406_CON_AYUDA_MEMO_SABANA-AVALÚOS.pdf
2525,7,CONSORCIO 4C,CI.004/GP8147/20/5.3,AGENCIA NACIONAL DE INFRAESTRUCTURA – ANI,,08/07/2020,Solicitud No Objeción Plazo de Cura.,15_01_Cartas_Enviadas/RADICADAS/2020/CI004_814720_050300_ANI_NO-OBJECI_CURA_SS-SAL.pdf
2524,12,CONSORCIO 4C,CI.004/GP7884/20/7.3.1,CONCESIÓN ALTO MAGDALENA S.A.S.,,30/04/2020,Ref. Contrato de Concesión 003 de 2014 Concesión Honda – Girardot – Puerto Salgar. Respuesta a comunicación ALMA-2020-0954 – Fallas en puntos de conteo,15_01_Cartas_Enviadas/RADICADAS/2020/CI004_788420_070301_CON _CONFIABILIDAD_PUNTOS_CONTEO.pdf
2526,2,CONSORCIO 4C,CI.004/GP7901/20/9.2,AGENCIA NACIONAL DE INFRAESTRUCTURA - ANI,,08/05/2020,Ref. Contrato de Concesión 003 de 2014 Concesión Honda – Girardot – Puerto Salgar. Registro Fílmico Informe Mensual Técnico 66.,15_01_Cartas_Enviadas/RADICADAS/2020/CI004_790120_090200_ANI_VIDEO_IMI_ABR-2020.pdf
2527,6,CONSORCIO 4C,CI.004/GP8657/20/7.1.4,CONCESIÓN ALTO MAGDALENA S.A.S.,,20/11/2020,Ref. Contrato de Concesión 003 de 2014 Concesión Honda – Puerto Salgar - Girardot. Requerimiento Prestación de Servicios Complementarios en las Áreas de Servicios.,15_01_Cartas_Enviadas/RADICADAS/2020/CI004_865720_070104_CON_REQUER_AREAS_SERVICIOS.pdf
2530,4,CONSORCIO 4C,CI.004/GP8058/20/7.1.10,CONCESIÓN ALTO MAGDALENA S.A.S,,17/06/2020,Ref. Contrato de Concesión 003 de 2014 Concesión Honda – Girardot – Puerto Salgar. Requerimiento Formal Soportes Pago Seguridad Social y Salarios 2020.,15_01_Cartas_Enviadas/RADICADAS/2020/CI004_805820_070110_CON_REQUE_INF_SEG_SOC_SALAR.pdf
2528,24,CONSORCIO 4C,CI.004/GP8348/20/7.1.8,CONCESIÓN ALTO MAGDALENA S.A.S.,,24/08/2020,Ref. Contrato de Concesión 003 de 2014 Concesión Honda – Girardot – Puerto Salgar. Informe Mensual Compensaciones Ambientales / Manejo Recursos Subcuenta,15_01_Cartas_Enviadas/RADICADAS/2020/CI004_834820_070108_CON_INF_MENS_COMP_AMB.pdf
2532,5,CONSORCIO 4C,CI.004/GP8780/20/7.4.6,,,0 de diciembre de 2020,,15_01_Cartas_Enviadas/RADICADAS/2020/CI004_878020_070406_CON_OBS_AVALUO_ALMA-5-0013.pdf
2533,13,CONSORCIO 4C,CI.004/GP8405/20/7.1.8,,,4 de septiembre de 2020,,15_01_Cartas_Enviadas/RADICADAS/2020/CI004_840520_070108_CON_ACOPIO_TRAMOS_DESUSO_UF2_3.pdf
2529,5,CONSORCIO 4C,CI.004/GP8318/20/5.3-7.3.3,CONCESIÓN ALTO MAGDALENA S.A.S.,,14/08/2020,Ref. Contrato de Concesión 003 de 2014 Concesión Honda - Puerto Salgar - Girardot Rta. ALMA-2020-1794. Sistema Informático de Contabilización y Control.,15_01_Cartas_Enviadas/RADICADAS/2020/CI004_831820_070303_CON_SICC_ALTERACIONES.pdf
2534,2,CONSORCIO 4C,CI.004/GP8313/20/5.3,,,4 de Agosto de 2020,,15_01_Cartas_Enviadas/RADICADAS/2020/CI004_831320_050300_ANI_REV_ACTA_ENTREGA_NPH.pdf
2535,5,CONSORCIO 4C,CI.004/GP8141/20/7.4.6,,,7 de julio de 2020,,15_01_Cartas_Enviadas/RADICADAS/2020/CI004_814120_070406_CON_REV_AVALU_ALMA-5-0088.pdf
2536,11,CONSORCIO 4C,CI.004/GP8496/20/7.4.1,,,9 de septiembre de 2020,,15_01_Cartas_Enviadas/RADICADAS/2020/CI004_849620_070401_CON_REV_INFORME_OLYMPUS-2415.pdf
2539,5,CONSORCIO 4C,GP-7740,,,1 de Marzo de 2020,,15_01_Cartas_Enviadas/RADICADAS/2020/CI004_774020_070401_ANI_REPOR_NIIF_I-TRIM-2020.pdf
2537,5,CONSORCIO 4C,CI.004/GP8113/20/7.4.6,,,0 de junio de 2020,,15_01_Cartas_Enviadas/RADICADAS/2020/CI004_811320_070406_CON_REV_AVALU_ALMA-5-0125.pdf
2538,12,CONSORCIO 4C,CI.004/GP8584/20/5.3-9.3,,,9 de octubre de 2020,,15_01_Cartas_Enviadas/RADICADAS/2020/CI004_858420_050300_090300_CON_INFO_ESPECIF-TEC_UF3_R7.pdf
2542,2,CONSORCIO 4C,CI.004/GP7916/20/7.1.9,,,3 de Mayo de 2020,,15_01_Cartas_Enviadas/RADICADAS/2020/CI004_791620_070109_ANI_ATENC_SOLICIT_GSOCIAL-HPG.pdf
2543,2,CONSORCIO 4C,CI.004/GP8494/20/7.3.7,,,9 de Septiembre de 2020,,15_01_Cartas_Enviadas/RADICADAS/2020/CI004_849420_070307_ANI_ACCIDENT_FATAL_PR51+200UF3.pdf
2531,3,CONSORCIO 4C,CI.004/7875/20/7.1.15,CONCESIÓN ALTO MAGDALENA S.A.S.,,29/04/2020,"Ref. Contrato de Concesión 003 de 2014 Concesión Honda – Girardot – Puerto Salgar Planeación Red Acueducto 12"" Interferencia Puente Peatonal La Dorada",15_01_Cartas_Enviadas/RADICADAS/2020/CI004_787520_070115_CON_RED-ACUED_ALMA-2020-1054.pdf
2544,3,CONSORCIO 4C,GP-8578,,,28 de octubre de 2020,,15_01_Cartas_Enviadas/RADICADAS/2020/CI004_857820_070210_ANI_ACTAS-RETRIB_UF2_MAR-ABR-MAY-JUN20_F.pdf
2545,13,CONSORCIO 4C,CI.004/GP8760/20/7.3.3,,,3 de diciembre de 2020,,15_01_Cartas_Enviadas/RADICADAS/2020/CI004_876020_070303_CON_INDICES_NOVIEMBRE_2020.pdf
2546,24,CONSORCIO 4C,GP-7630,,,,,15_01_Cartas_Enviadas/RADICADAS/2020/CI004_763020_050300_ANI_EER_UF_3_ADQ_PREDIAL.pdf
2541,3,CONSORCIO 4C,GP-7448,,,,,15_01_Cartas_Enviadas/RADICADAS/2020/CI004_744820_070110_CON_RENTRE_DOTAC_2019.pdf
2540,9,CONSORCIO 4C,CI.004/GP8477/20/5.3,,,5 de Septiembre de 2020,,15_01_Cartas_Enviadas/RADICADAS/2020/CI004_847720_050300_ANI_NOOBJECIÓN_CURA_INVACIÓN.pdf
2548,4,CONSORCIO 4C,CI.004/GP7782/20/7.4.1,,,3 de abril de 2020,,15_01_Cartas_Enviadas/RADICADAS/2020/CI004_778220_070401_CON_DEVOL_PAGO_ALMA-4-0076.pdf
2549,4,CONSORCIO 4C,CI.004/GP7976/20/7.1.10,,,7 de mayo de 2020,,15_01_Cartas_Enviadas/RADICADAS/2020/CI004_797620_070110_CON_RSEGSOC_SEP_SAL_AGO2019.pdf
2547,3,CONSORCIO 4C,GP-7570,,,1 de Febrero de 2020,,15_01_Cartas_Enviadas/RADICADAS/2020/CI004_757020_070301_CON_SEÑALIZA_PEAJES_IPREV.pdf
2550,3,CONSORCIO 4C,CI.004/GP8552/20/7.4.1,,,9 de octubre de 2020,,15_01_Cartas_Enviadas/RADICADAS/2020/CI004_855220_070401_CON_REITERA_REQUER_ALMA-5-0261.pdf
2551,2,CONSORCIO 4C,CI.004/GP8694/20/7.1.14,,,1 de Diciembre de 2020,,15_01_Cartas_Enviadas/RADICADAS/2020/CI004_869420_070114_ANI_ALCANOS_BELTRAN.pdf
2553,4,CONSORCIO 4C,GP-7759,,,3 de Abril de 2020,,15_01_Cartas_Enviadas/RADICADAS/2020/CI004_775920_070109_ANI_INFO_PROYECTOS_PRODUCTIVOS.pdf
2552,5,CONSORCIO 4C,CI.004/GP7922/20/7.4.6,,,4 de mayo de 2020,,15_01_Cartas_Enviadas/RADICADAS/2020/CI004_792220_070406_CON_REV_AVALU_ALMA-2-0158.pdf
2554,3,CONSORCIO 4C,CI.004/GP8687/20/7.3.3,,,8 de noviembre de 2020,,15_01_Cartas_Enviadas/RADICADAS/2020/CI004_868720_070303_CON_MEDICIÓN_INDICADORES_12_2020.pdf
2556,7,CONSORCIO 4C,GP-7742,,,1 de Abril de 2020,,15_01_Cartas_Enviadas/RADICADAS/2020/CI004_774220_070404_ANI_AYU-MEMOR_SEGUI_EXPRO-ENTREG.pdf
2555,1,CONSORCIO 4C,GP-7543,,,1 de febrero de 2020,,15_01_Cartas_Enviadas/RADICADAS/2020/CI004_754320_070202_ANI_REM_FOR_GCSP-F-001_MAN_BUP_.pdf
2557,5,CONSORCIO 4C,GP-7695,,,5 de Marzo de 2020,,15_01_Cartas_Enviadas/RADICADAS/2020/CI004_769520_070107_CON_DIS_ODT_K81+415_UF3.pdf
2558,4,CONSORCIO 4C,CI.004/GP8551/20/7.4.1,,,9 de octubre de 2020,,15_01_Cartas_Enviadas/RADICADAS/2020/CI004_855120_070401_CON_REITERA_REQUER_ALMA-2-0122-1.pdf
2559,3,CONSORCIO 4C,CI.004/GP7781/20/7.4.1,,,3 de abril de 2020,,15_01_Cartas_Enviadas/RADICADAS/2020/CI004_778120_070401_CON_CORRE_AVALÚOS_IGAC.pdf
2561,4,CONSORCIO 4C,CI.004/GP8173/20/7.4.4,,,5 de Julio de 2020,,15_01_Cartas_Enviadas/RADICADAS/2020/CI004_817320_070404_ANI_OBSERV_RESOL_EXPRO_ALMA-3-0136.pdf
2562,4,CONSORCIO 4C,CI.004/GP8381/20/7.4.1,,,1 de agosto de 2020,,15_01_Cartas_Enviadas/RADICADAS/2020/CI004_838120_070401_CON_FICH_PRED_ALMA-4-0035.pdf
2560,3,CONSORCIO 4C,GP-7687,,,5 de Marzo de 2020,,15_01_Cartas_Enviadas/RADICADAS/2020/CI004_768720_070115_CON_BALANCE_SUBCTA-REDES_ALMA-2020-0744.pdf
2563,4,CONSORCIO 4C,CI.004/GP7888/20/7.4.1,,,4 de mayo de 2020,,15_01_Cartas_Enviadas/RADICADAS/2020/CI004_788820_070401_CON_EXP_FINAL_ALMA-2019-02874.pdf
2564,4,CONSORCIO 4C,CI.004/GP8658/20/7.1.8,,,0 de noviembre de 2020,,15_01_Cartas_Enviadas/RADICADAS/2020/CI004_865820_070108_CON_EXPLOTAC_AUTOR_TEMP_SCV-09031_UF3.pdf
2565,9,CONSORCIO 4C,CI.004/GP8582/20/7.3.3,,,7 de octubre de 2020,,15_01_Cartas_Enviadas/RADICADAS/2020/CI004_858220_070303_CON_REQUER_AJUSTE_SICC.pdf
2566,2,CONSORCIO 4C,CI.004/GP7798/20/7.1.9,,,5 de Abril de 2020,,15_01_Cartas_Enviadas/RADICADAS/2020/CI004_779820_070109_ANI_SOLIC_INF_ARQUEOLOGIA.pdf
2567,8,CONSORCIO 4C,CI.004/GP8222/20/7.1.3,,,7 de julio de 2020,,15_01_Cartas_Enviadas/RADICADAS/2020/CI004_822220_070107_CON_REV_DIS_HIDRAU_GLORIETA_NORCASIA_UF5.2.pdf
2568,2,CONSORCIO 4C,CI.004/GP7953/20/7.2.1,,,2 de Mayo de 2020,,15_01_Cartas_Enviadas/RADICADAS/2020/CI004_795320_070201_ANI_FORMATO_GCSP-F-001_MTTO-ABR-20.pdf
2569,3,CONSORCIO 4C,CI.004/GP8586/20/7.4.1,,,9 de octubre de 2020,,15_01_Cartas_Enviadas/RADICADAS/2020/CI004_858620_070401_CON_DEVOLUCION_EXPEDIENTES_INCO.pdf
2570,5,CONSORCIO 4C,CI.004/GP8606/20/7.4.6,,,4 de noviembre de 2020,,15_01_Cartas_Enviadas/RADICADAS/2020/CI004_860620_070406_CON_REV_AVALU_ALMA-5-0012-1.pdf
2572,8,CONSORCIO 4C,CI.004/GP7929/20/5.3,,,5 de Mayo de 2020,,15_01_Cartas_Enviadas/RADICADAS/2020/CI004_792920_070107_ANI_CONCEPTO_POLIZAS_JULIO-2020.pdf
2571,7,CONSORCIO 4C,CI.004/GP8191/20/7.4.1,,,1 de julio de 2020,,15_01_Cartas_Enviadas/RADICADAS/2020/CI004_819120_070401_CON_REVISION_INFORME_OLYMPUS.pdf
2573,7,CONSORCIO 4C,GP-8751,,,8 de Diciembre de 2020,,15_01_Cartas_Enviadas/RADICADAS/2020/CI004_875120_070109_RTA_DPETICION_JUAN_GALVEZ_ALMA-2-0097.pdf
2574,4,CONSORCIO 4C,CI.004/GP8225/20/7.2.10,,,7 de julio de 2020,,15_01_Cartas_Enviadas/RADICADAS/2020/CI004_822520_070210_CON_SOLICITUD_RADICACION_ACTAS-JUNIO-2020.pdf
2575,4,CONSORCIO 4C,CI.004/GP7821/20/7.1.10,,,1 de abril de 2020,,15_01_Cartas_Enviadas/RADICADAS/2020/CI004_782120_070110_CON_REACT_INTERV_OBRAS GUA.pdf
2576,4,CONSORCIO 4C,CI.004/GP7800/20/7.4.1,,,6 de abril de 2020,,15_01_Cartas_Enviadas/RADICADAS/2020/CI004_780020_070401_CON_EST_FICH_ALMA-5-0250-1.pdf
2577,4,CONSORCIO 4C,GP-8131,,,6 de Julio de 2020,,15_01_Cartas_Enviadas/RADICADAS/2020/CI004_813120_070406_CON_REV_2AVALUOS_UF5.pdf
2578,2,CONSORCIO 4C,CI.004/GP8466/20/9.10,,,2 de Septiembre de 2020,,15_01_Cartas_Enviadas/RADICADAS/2020/CI004_846620_091000_ANI_INF_ESP_N106.pdf
2580,5,CONSORCIO 4C,CI.004/GP7854/20/7.4.6,,,4 de abril de 2020,,15_01_Cartas_Enviadas/RADICADAS/2020/CI004_785420_070406_CON_REV_AVALU_ALMA-2-0091.pdf
2581,5,CONSORCIO 4C,CI.004/GP8223/20/7.1.10,,,7 de julio de 2020,,15_01_Cartas_Enviadas/RADICADAS/2020/CI004_822320_070110_CON_REV_PROTOCOL_BIOSEGU.pdf
2579,4,CONSORCIO 4C,CI.004/GP8673/20/7.2.4-5.3,,,5 de Noviembre de 2020,,15_01_Cartas_Enviadas/RADICADAS/2020/CI004_867320_050300_ANI_DERECHO_PETICIÓN_ALMA-5-0069.pdf
2582,4,CONSORCIO 4C,CI.004/GP8337/20/7.4.1,,,0 de agosto de 2020,,15_01_Cartas_Enviadas/RADICADAS/2020/CI004_833720_070401_CON_FICH_PREDIO_ALMA-4-0035.pdf
2583,2,CONSORCIO 4C,CI.004/GP8000/20/7.2.8,,,3 de Junio de 2020,,15_01_Cartas_Enviadas/RADICADAS/2020/CI004_800020_070208_CON_ALCANCE-FORMATO_PEAJES_MARZO20.pdf
2584,7,CONSORCIO 4C,CI.004/GP8669/20/7.4.1,,,4 de noviembre de 2020,,15_01_Cartas_Enviadas/RADICADAS/2020/CI004_866920_070401_CON_SOLICITUD_SUBCUENTA_PREDIAL.pdf
2585,3,CONSORCIO 4C,ci.004/gp7766/20/7.4.4.,,,4 de Abril de 2020,,15_01_Cartas_Enviadas/RADICADAS/2020/CI004_784920_070404_ANI_RESOL-EXPRO_ALMA-3-0081_ALCANCE.pdf
2586,6,CONSORCIO 4C,CI.004/GP8630/20/7.1.8,,,1 de noviembre de 2020,,15_01_Cartas_Enviadas/RADICADAS/2020/CI004_863020_070108_CON_ASPECT_IMPACT_AMBIEN_O&M.pdf
2587,3,CONSORCIO 4C,GP-8643,,,7 de Noviembre de 2020,,15_01_Cartas_Enviadas/RADICADAS/2020/CI004_864320_070401_CON_EST_FICHA_ALMA-2-0158.pdf
2588,2,CONSORCIO 4C,CI.004/GP7769/20/9.2,,,8 de Abril de 2020,,15_01_Cartas_Enviadas/RADICADAS/2020/CI004_776920_090200_ANI_INF_SOCIOAMB_MARZO-2020.pdf
2589,2,CONSORCIO 4C,GP-7442,,,2 de eneTo de 2020,,15_01_Cartas_Enviadas/RADICADAS/2020/CI004_744220_070109_CON_SOPORT_SOCIALI_RESOL-6805.pdf
2590,4,CONSORCIO 4C,GP-7706,,,5 de Marzo de 2020,,15_01_Cartas_Enviadas/RADICADAS/2020/CI004_770620_070301_CON_SERVIDOR-AA_PEAJE_CAMBAO.pdf
2591,2,CONSORCIO 4C,CI.004/GP8452/20/7.3.7,,,7 de Septiembre de 2020,,15_01_Cartas_Enviadas/RADICADAS/2020/CI004_845220_070307_ANI_ACCIDENT_FATAL_PR39+350UF3.pdf
2592,5,CONSORCIO 4C,CI.004/GP7969/20/7.1.15,,,7 de mayo de 2020,,15_01_Cartas_Enviadas/RADICADAS/2020/CI004_796920_070115_CON_OBS_RED_ACU-UF2.pdf
2593,11,CONSORCIO 4C,CI.004/GP8499/20/7.4.4,,,0 de Septiembre de 2020,,15_01_Cartas_Enviadas/RADICADAS/2020/CI004_849920_070404_ANI_OBSERV_RESOL_EXPRO_ALMA-4-0035.pdf
2594,9,CONSORCIO 4C,CI.004/G8084/20/5.3,,,4 de junio de 2020,,15_01_Cartas_Enviadas/RADICADAS/2020/CI004_808420_050300_CON_OTOR_PLAZO-CURA_OLYMPUS.pdf
2595,7,CONSORCIO 4C,CI.004/GP8034/20/7.3.3,,,1 de junio de 2020,,15_01_Cartas_Enviadas/RADICADAS/2020/CI004_803420_070303_INDICES_MAYO_2020.pdf
2596,3,CONSORCIO 4C,GP-7523,,,3 de Febrero de 2020,,15_01_Cartas_Enviadas/RADICADAS/2020/CI004_752320_070101_ANI_SEG-BIMES_PLANOBRA_ENE-2020.pdf
2597,10,CONSORCIO 4C,GP-7666,,,2 de Marzo de 2020,,15_01_Cartas_Enviadas/RADICADAS/2020/CI004_766620_050300_CON_INFOR-3_VERIFI_PUNT-CONT-UF5.pdf
2598,6,CONSORCIO 4C,GP-7764,,,6 de Abril de 2020,,15_01_Cartas_Enviadas/RADICADAS/2020/CI004_776420_070401_CON_OBSER_REPOR-SEM_OLYMPUS.pdf
2599,3,CONSORCIO 4C,CI.004/GP7937/20/7.2.10,,,8 de Mayo de 2020,,15_01_Cartas_Enviadas/RADICADAS/2020/CI004_793720_070210_ANI_ACTAS-RETRIB-UF4_DIC19- ENE-FEB-MAR20.pdf
2600,3,CONSORCIO 4C,GP-7746,,,1 de Abril de 2020,,15_01_Cartas_Enviadas/RADICADAS/2020/CI004_774620_070108_CON_RESP_ALMA-2020-0858_TRIM_20_V2.pdf
2601,1,CONSORCIO 4C,GP-7449,,,2 de enero de 2020,,15_01_Cartas_Enviadas/RADICADAS/2020/CI004_744920_070114_ANI_RTA_ANI_2019-304-043212-1.pdf
2602,3,CONSORCIO 4C,CI.004/GP8372/20/7.5,,,7 de agosto de 2020,,15_01_Cartas_Enviadas/RADICADAS/2020/CI004_837220_070500_CON_REV3_MEMOTECNICA_JUL2020.pdf
2603,3,CONSORCIO 4C,GP-7598,,,3 de Marzo de 2020,,15_01_Cartas_Enviadas/RADICADAS/2020/CI004_759820_070401_CON_FICH_ALMA-2020-0374.pdf
2604,7,CONSORCIO 4C,CI.004/GP8279/20/7.1.8,,,6 de agosto de 2020,,15_01_Cartas_Enviadas/RADICADAS/2020/CI004_827920_070108_CON_RESIEMBRA_EXP_51734.pdf
2605,3,CONSORCIO 4C,CI.004/GP7951/20/7.2.10,,,1 de Mayo de 2020,,15_01_Cartas_Enviadas/RADICADAS/2020/CI004_795120_070210_ANI_ACTA-RETRIB_UF4_JUL-AGO-SEP-OCT-NOV19.pdf
2606,3,CONSORCIO 4C,GP-7585,,,6 de Febrero de 2020,,15_01_Cartas_Enviadas/RADICADAS/2020/CI004_758519_070108_CON_AUTO_0675_EXP-51511.pdf
2607,5,CONSORCIO 4C,CI.004/GP8082/20/7.4.6,,,3 de junio de 2020,,15_01_Cartas_Enviadas/RADICADAS/2020/CI004_808220_070406_CON_REV_AVALU_ALMA-3-0114.pdf
2608,5,CONSORCIO 4C,CI.004/GP7959/20/7.4.6,,,2 de mayo de 2020,,15_01_Cartas_Enviadas/RADICADAS/2020/CI004_795920_070406_CON_REV2_AVALU_ALMA-2-0136-1.pdf
2609,5,CONSORCIO 4C,GP-8448,,,7 de Septiembre de 2020,,15_01_Cartas_Enviadas/RADICADAS/2020/CI004_844820_070401_CON_EXP_FINAL_ALMA-2020-2131.pdf
2610,2,CONSORCIO 4C,GP-7613,,,3 de Marzo de 2020,,15_01_Cartas_Enviadas/RADICADAS/2020/CI004_761320_070303_INDICADORES_CICLORUTA.pdf
2611,3,CONSORCIO 4C,CI.004/GP7926/20/7.4.6,,,4 de mayo de 2020,,15_01_Cartas_Enviadas/RADICADAS/2020/CI004_792620_070406_CON_REV_AVALU_ALMA-3-0064.pdf
2612,5,CONSORCIO 4C,CI.004/GP8121/20/7.4.6,,,1 de julio de 2020,,15_01_Cartas_Enviadas/RADICADAS/2020/CI004_812120_070406_CON_REV1_AVALU_ALMA-2-0106-11.pdf
2613,3,CONSORCIO 4C,CI.004/GP8550/20/7.4.1,,,9 de octubre de 2020,,15_01_Cartas_Enviadas/RADICADAS/2020/CI004_855020_070401_CON_REITER_REQUER_TERCEROS.pdf
2615,3,CONSORCIO 4C,GP-7408,,,3 de Enero de 2020,,15_01_Cartas_Enviadas/RADICADAS/2020/CI004_740820_050300_070207_ANI_TARIFAS_PEAJES_2020.pdf
2614,4,CONSORCIO 4C,CI.004/8394/20/7.1.15,,,2 de septiembre de 2020,,15_01_Cartas_Enviadas/RADICADAS/2020/CI004_839420_070115_CON_LEGITIMA-CONFIANZA_ALM_2044.pdf
2616,2,CONSORCIO 4C,GP-7501,,,6 de Febrero de 2020,,15_01_Cartas_Enviadas/RADICADAS/2020/CI004_750120_050300_CON_CIERRE_PENDIENTES_CCO-UF3.pdf
2617,14,CONSORCIO 4C,GP-7460,,,3 de enero de2020,,15_01_Cartas_Enviadas/RADICADAS/2020/CI004_746020_070201_ANI_RESP_CGN_20192000077561.pdf
2618,7,CONSORCIO 4C,CI.004/GP8035/20/9.3,,,1 de junio de 2020,,15_01_Cartas_Enviadas/RADICADAS/2020/CI004_803520_090300_CON_PLANOS_RECORD_UF1-2-3-4.pdf
2619,7,CONSORCIO 4C,GP-7619,,,3 de Marzo de 2020,,15_01_Cartas_Enviadas/RADICADAS/2020/CI004_761920_070110_CON_RSEGSOC-OCT_SAL-SEP2019.pdf
2620,4,CONSORCIO 4C,GP-7568,,,1 de Febrero de 2020,,15_01_Cartas_Enviadas/RADICADAS/2020/CI004_756820_070103_CON_REQUERI_REPARA_CRA1-PTO-BTA.pdf
2621,4,CONSORCIO 4C,GP-8748,,,8 de Diciembre de 2020,,15_01_Cartas_Enviadas/RADICADAS/2020/CI004_874820_070404_CON_OBS_RES_EXPRO_ALMA-3-0128.pdf
2622,6,CONSORCIO 4C,CI.004/GP8148/20/7.1.8,,,8 de julio de 2020,,15_01_Cartas_Enviadas/RADICADAS/2020/CI004_814820_070108_CON_INDIC_GEST_AMB.pdf
2623,7,CONSORCIO 4C,CI.004/GP7830/20/7.1.8,CONCESIÓN ALTO MAGDALENA S.A.S.,,21/04/2020,Ref. Contrato de Concesión 003 de 2014 Concesión Honda – Girardot – Puerto Salgar Revisión Justificación Técnica Hidráulica UF5.4/ Acta de Audiencia ANLA N°89 de 26 de julio de 2019,15_01_Cartas_Enviadas/RADICADAS/2020/CI004_783020_070108_CON_RESP_JUST_HID_UF5.3.pdf
2624,8,CONSORCIO 4C,CI.004GP8095/20/7.5,CONCESIÓN ALTO MAGDALENA S.A.S.,,25/06/2020,Ref. Contrato de Concesión 003 de 2014 Concesión Honda – Girardot – Puerto Salgar Revisión Memoria Técnica Abril 2020.,15_01_Cartas_Enviadas/RADICADAS/2020/CI004_809520_070500_CON_MEMOTECNICA_ABRIL2020.pdf
2626,2,CONSORCIO 4C,CI.004/GP7528/20/9.10,AGENCIA NACIONAL DE INFRAESTRUCTURA - ANI,,13/02/2020,Ref. Contrato de Concesión 003 de 2014 Concesión Honda – Girardot – Puerto Salgar. Remisión de Informe Semanal 74. Avance de Unidades Funcionales en Construcción.,15_01_Cartas_Enviadas/RADICADAS/2020/CI004_752820_091000_ANI_INF_ESP_N74.pdf
2625,1,CONSORCIO 4C,CI.004/GP7391/20/9.2,AGENCIA NACIONAL DE INFRAESTRUCTURA - ANI,2020-409-002355-2,09/01/2020,Ref. Contrato de Concesión 003 de 2014 Concesión Honda — Girardot — Puerto Salgar. Registro Fílmico Informe Mensual Técnico 62,15_01_Cartas_Enviadas/RADICADAS/2020/CI004_739120_090200_ANI_REG_FIL_INFO_MEN_TEC62.pdf
2627,5,CONSORCIO 4C,CI.004/GP7931/20/7.1.7,CONCESIÓN ALTO MAGDALENA S.A.S.,,15/05/2020,Ref. Contrato de Concesión 003 de 2014 Concesión Honda – Girardot – Puerto Salgar. Requerimiento Instalación de Barandas en Andenes UF5.1.,15_01_Cartas_Enviadas/RADICADAS/2020/CI004_793120_070107_CON_SOLICITUD_BARANDAS_ANDENES_UF5.1.pdf
2628,4,CONSORCIO 4C,CI.004/GP7768/20/7.4.4,AGENCIA NACIONAL DE INFRAESTRUCTURA - ANI,,06/04/2020,"Ref. Contrato de Concesión 003 de 2014 Concesión Honda – Girardot – Puerto Salgar Observaciones Resolución de Expropiación predio ALMA-3-0147, UF3",15_01_Cartas_Enviadas/RADICADAS/2020/CI004_776820_070404_ANI_RESOL_EXPRO_ALMA-3-0147.pdf
2630,4,CONSORCIO 4C,CI.004/GP7490/20/7.1.10,CONCESIÓN ALTO MAGDALENA S.A.S,,31/01/2020,Seguimiento Condiciones SST UF 4 Y 5 Semana 261,15_01_Cartas_Enviadas/RADICADAS/2020/CI004_749020_070110_CON_SEGSISO_UF5_SEM261.pdf
2629,2,CONSORCIO 4C,CI.004/GP8501/20/5.3-7.2.2,AGENCIA NACIONAL DE INFRAESTRUCTURA – ANI,,30/09/2020,Ref. Contrato de Interventoría 145 de 2014 Proyecto Girardot – Honda – Puerto Salgar Verificación Traslados Cta de Excedentes ANI,15_01_Cartas_Enviadas/RADICADAS/2020/CI004_850120_050300_070202_ANI_TRASLADOS_INDICES_CUMPLIMIENTO.pdf
2631,3,CONSORCIO 4C,CI.004/GP8203/20/7.4.1,CONCESIÓN ALTO MAGDALENA S.A.S,,22/07/2020,Ref. Contrato de Concesión 003 de 2014 Concesión Honda – Girardot – Puerto Salgar. Solicitud Cierre Plazo Cura Incumplimiento Actualización Software Predial,15_01_Cartas_Enviadas/RADICADAS/2020/CI004_820320_070401_CON_CURA_OLYMPUS_2020-1799.pdf
2632,4,CONSORCIO 4C,CI.004/GP7446/20/7.4.6,CONCESIÓN ALTO MAGDALENA S.A.S,ALMA-R-2020-0116,22/01/2020,Ref. Contrato de Concesión 003 de 2014 Concesión Honda – Girardot – Puerto Salgar. Observaciones Revisión de Avalúo UF5,15_01_Cartas_Enviadas/RADICADAS/2020/CI004_744620_070406_CON_AVALU_ALMA-2020-0075.pdf
2634,2,CONSORCIO 4C,CI.004/GP7381/20/7.2.1,CONCESION ALTO MAGDALENA S.A.S,ALMA-R-2020-00025,02/01/2020,Ref. Contrato de Concesión 003 de 2014 Concesión Honda – Girardot – Puerto Salgar Solicitud de información. Inventario de Activos.,15_01_Cartas_Enviadas/RADICADAS/2020/CI004_738120_070201_CON_INVENTARIO_ACTIV.pdf
2635,5,CONSORCIO 4C,CI.004/GP7618/20/7.1.10,CONCESIÓN ALTO MAGDALENA S.A.S,ALMA-R-2020-0562,03/03/2020,Ref. Contrato de Concesión 003 de 2014 Concesión Honda – Girardot – Puerto Salgar. Pago Seguridad Social Marzo Salarios febrero 2019,15_01_Cartas_Enviadas/RADICADAS/2020/CI004_761820_070110_CON_RSEGSOC-MAR_SAL-FEB2019.pdf
2633,3,CONSORCIO 4C,CI.004/GP8565/20/7.4.1,CONCESIÓN ALTO MAGDALENA S.A.S.,ANI 2020-409-067048-2,22/10/2020,"Ref. Contrato de Concesión 003 de 2014 Concesión Honda - Puerto Salgar - Girardot Reiteración Requerimiento Ajuste Cercado predio ALMA-5-0012-1, UF5.",15_01_Cartas_Enviadas/RADICADAS/2020/CI004_856520_070401_CON_REITE_REQUER_CERCA-ALMA-5-0012-1.pdf
2636,2,CONSORCIO 4C,CI.004/GP7771/20/9.2,AGENCIA NACIONAL DE INFRAESTRUCTURA - ANI,,07/04/2020,Ref. Contrato de Concesión 003 de 2014 Concesión Honda – Girardot – Puerto Salgar. Registro Fílmico Informe Mensual Técnico 65.,15_01_Cartas_Enviadas/RADICADAS/2020/CI004_777120_090200_ANI_VIDEO_IMI_MARZO-2020.pdf
2637,2,CONSORCIO 4C,CI.004/GP8453/20/7.3.7,AGENCIA NACIONAL DE INFRAESTRUCTURA - ANI,,17/09/2020,Ref. Contrato de Concesión 003 de 2014 Concesión Honda – Girardot – Puerto Salgar Informe Accidente Fatal PR49+580 – Unidad Funcional 3.,15_01_Cartas_Enviadas/RADICADAS/2020/CI004_845320_070307_ANI_ACCIDENT_FATAL_PR49+580UF3.pdf
2638,15,CONSORCIO 4C,CI.004/GP7561/20/5.3,AGENCIA NACIONAL DE INFRAESTRUCTURA – ANI,,21/02/2020,Concepto Interventoría sobre solicitud de ampliación del Evento Eximente de Responsabilidad Unidad Funcional 2,15_01_Cartas_Enviadas/RADICADAS/2020/CI004_756120_050300_ANI_EER-PRED_PRORROGA_UF2.pdf
2639,5,CONSORCIO 4C,CI.004/GP7423/20/7.2.2,AGENCIA NACIONAL DE INFRAESTRUCTURA - ANI,2020-409-004869-2,16/01/2020,Ref. Contrato de Concesión 003 de 2014 Concesión Honda - Girardot - Puerto Salgar. Remisión Formato GCSP-F-207 Rendimientos Subcuentas - Diciembre 2019.,15_01_Cartas_Enviadas/RADICADAS/2020/CI004_742320_070202_ANI_REM_FOR_GCSP-F-207_REN_SUB.pdf
2640,3,CONSORCIO 4C,CI.004/GP7640/20/7.1.7,CONCESIÓN ALTO MAGDALENA S.A.S.,ALMA-R-2020-0573,06/03/2020,Ref. Contrato de Concesión 003 de 2014 Concesión Honda – Girardot – Puerto Salgar Modificación Chaflán Corte Talud Eje 4 Glorieta Norcasia UF 5.2.,15_01_Cartas_Enviadas/RADICADAS/2020/CI004_764020_070107_CON_MODIFICACION_CHAFLAN_TALUD_UF5.2.pdf
2641,2,CONSORCIO 4C,CI.004/GP8388/20/7.5,CONCESIÓN ALTO MAGDALENA S.A.S,ALMA-R-2020-1716,01/09/2020,Ref. Contrato de Concesión 003 de 2014 Concesión Honda - Puerto Salgar - Girardot Fichas sociales,15_01_Cartas_Enviadas/RADICADAS/2020/CI004_838820_070500_CON_FICHAS_SOCIALES-ALMA-1672-2084.pdf
2642,3,CONSORCIO 4C,CI.004/GP7563/20/7.4.1,CONCESIÓN ALTO MAGDALENA S.A.S,ALMA-R-2020-8432,21/02/2020,Ref. Contrato de Concesión 003 de 2014 Concesión Honda – Girardot – Puerto Salgar. Observaciones Expedientes Finales Prediales,15_01_Cartas_Enviadas/RADICADAS/2020/CI004_756320_070401_CON_EXP_FINAL_ALMA-2019-02318.pdf
2644,2,CONSORCIO 4C,CI.004/GP8194/20/7.2.2,AGENCIA NACIONAL DE INFRAESTRUCTURA – ANI,,22/07/2020,Ref. Contrato de Concesión 003 de 2014 Concesión Honda – Girardot – Puerto Salgar. Formato GCSP-F-207 Rendimientos Subcuentas – Junio 2020.,15_01_Cartas_Enviadas/RADICADAS/2020/CI004_819420_070202_ANI_FORMATO_GCSP-F-207_RENDIMI-JUN-2020.pdf
2643,3,CONSORCIO 4C,CI.004/GP8711/20/7.4.1,CONCESIÓN ALTO MAGDALENA S.A.S,ALMA-R-2020-2235,10/12/2020,"Ref. Contrato de Concesión 003 de 2014 Concesión Honda - Puerto Salgar - Girardot Observaciones Expedientes Finales Prediales. Predios ALMA-4-0056, ALMA-4-0058, ALMA-4-0059, ALMA-4-0096-3 y ALMA-5-0228, UF4 y UF5",15_01_Cartas_Enviadas/RADICADAS/2020/CI004_871120_070401_CON_EXP_FINAL_ALMA-2020-2634____.pdf
2645,4,CONSORCIO 4C,CI.004/GP8750/20/7.3.3,CONCESIÓN ALTO MAGDALENA S.A.S.,,16/12/2020,Ref. Contrato de Concesión 003 de 2014 Concesión Honda – Girardot – Puerto Salgar Acciones correctivas cargadas al SICC para el Nivel de Servicio E16.,15_01_Cartas_Enviadas/RADICADAS/2020/CI004_875020_070303_CON_CORRECCIÓN_E16_2020.pdf
2646,4,CONSORCIO 4C,CI.004/CR0120/1.4.6,CONCESIÓN ALTO MAGDALENA S.A.S,,02/07/2020,"Ref. Contrato de Concesión 003 de 2014 Concesión Honda – Girardot – Puerto Salgar. Revisión de 4 avalúos: ALMA-3-0020-13, ALMA-3-0064, ALMA-3-0121 y ALMA-3-0130, UF3.",15_01_Cartas_Enviadas/RADICADAS/2020/CI004_812020_070406_CON_REV_4AVALUOS_UF2_UF3.pdf
2647,6,CONSORCIO 4C,CI.004/GP8379/20/5.3,AGENCIA NACIONAL DE INFRAESTRUCTURA,20204090822602,31/08/2020,ANI_SANEA_INC_COND_SST,15_01_Cartas_Enviadas/RADICADAS/2020/CI004_837920_050300_ANI_SANEA_INC_COND_SST.pdf
2648,4,CONSORCIO 4C,CI.004/GP7981/20/7.4.6,CONCESIÓN ALTO MAGDALENA S.A.S,ALMA-R-2020-1057,27/05/2020,"Ref. Contrato de Concesión 003 de 2014 Concesión Honda – Girardot – Puerto Salgar. Revisión de 8 Avalúos. Predios del Municipio de Girardot, de la UF2.",15_01_Cartas_Enviadas/RADICADAS/2020/CI004_798120_070406_CON_AVALU_ALMA-2020-1226.pdf
2650,4,CONSORCIO 4C,CI.004/GP7965/20/7.1.8,,,7 de mayo de 2020,,15_01_Cartas_Enviadas/RADICADAS/2020/CI004_796520_070108_CON_AUTO_ANLA_08192_UF1.pdf
2651,4,CONSORCIO 4C,CI.004/GP8249/20/7.4.1,,,9 de julio de 2020,,15_01_Cartas_Enviadas/RADICADAS/2020/CI004_824920_070401_CON_INFORME_OLYMPUS_ALMA-2020-1900.pdf
2653,4,CONSORCIO 4C,CI.004/GP8473/20/7.2.2,,,4 de septiembre de 2020,,15_01_Cartas_Enviadas/RADICADAS/2020/CI004_847320_070202_CON_INFO_FINANCIERO_AGO20.pdf
2654,3,CONSORCIO 4C,GP-8510,,,0 de Septiembre de 2020,,15_01_Cartas_Enviadas/RADICADAS/2020/CI004_851020_070401_CON_REV_EXP_FINAL_UF2.pdf
2652,4,CONSORCIO 4C,CI.004/GP8068/20/7.4.2.,,,8 de junio de 2020,,15_01_Cartas_Enviadas/RADICADAS/2020/CI004_806820_070402_CON_PAGOS_COMPENSACIONES_EXPROPACION.pdf
2656,4,CONSORCIO 4C,CI.004/GP8221/20/7.5,,,7 de julio de 2020,,15_01_Cartas_Enviadas/RADICADAS/2020/CI004_822120_070103_CON_SOLICIT_CERTIFI_LIBERA_UF5.pdf
2655,5,CONSORCIO 4C,CI.004/GP8769/20/7.4.6,,,8 de diciembre de 2020,,15_01_Cartas_Enviadas/RADICADAS/2020/CI004_876920_070406_CON_OBS_AVALUO_ALMA-5-0107.pdf
2657,7,CONSORCIO 4C,GP-7657,,,1 de Marzo de 2020,,15_01_Cartas_Enviadas/RADICADAS/2020/CI004_765720_070500_CON_MEMOTECNICA_NOV2019.pdf
2658,4,CONSORCIO 4C,CI.004/GP7994/20/7.1.9,,,1 de junio de 2020,,15_01_Cartas_Enviadas/RADICADAS/2020/CI004_799420_070109_CON_INFORMA_ARQUEOL_UF1-UF2.pdf
2659,3,CONSORCIO 4C,CI.004/GP8397/20/7.4.1,,,2 de septiembre de 2020,,15_01_Cartas_Enviadas/RADICADAS/2020/CI004_839720_070401_CON_OBS_INFOGP_JUL2020.pdf
2660,4,CONSORCIO 4C,CI.004/GP8345/20/7.1.8,,,1 de agosto de 2020,,15_01_Cartas_Enviadas/RADICADAS/2020/CI004_834520_070108_CON_SOL-PRORR_AT_SCV-09031.pdf
2661,4,CONSORCIO 4C,GP-7505,,,6 de Febrero de 2020,,15_01_Cartas_Enviadas/RADICADAS/2020/CI004_750520_070401_ANI_AYUDA_MESA-TRABAJO_PREDIAL.pdf
2662,3,CONSORCIO 4C,GP-7516,,,2 de Febrero de 2020,,15_01_Cartas_Enviadas/RADICADAS/2020/CI004_751620_070404_CON_OBS_RES_EXP_ALMA-2020-0284.pdf
2663,4,CONSORCIO 4C,GP-7748,,,1 de Abril de 2020,,15_01_Cartas_Enviadas/RADICADAS/2020/CI004_774820_070401_CON_FICH_ALMA-2020-0773.pdf
2649,2,CONSORCIO 4C,CI.004/GP8020/20/9.2,AGENCIA NACIONAL DE INFRAESTRUCTURA - ANI,,10/06/2020,Ref. Contrato de Concesión 003 de 2014 Concesión Honda – Girardot – Puerto Salgar. Informe Mensual Técnico 67 Versión 00.,15_01_Cartas_Enviadas/RADICADAS/2020/CI004_802020_090200_ANI_INFORME_MENSUAL_MAY-2020.pdf
2665,5,CONSORCIO 4C,CI.004/GP8536/20/7.1.8,,,5 de octubre de 2020,,15_01_Cartas_Enviadas/RADICADAS/2020/CI004_853620_070108_CON_OBS_ICA13_UF4.1.pdf
2664,2,CONSORCIO 4C,GP-8206,,,2 de Julio de 2020,,15_01_Cartas_Enviadas/RADICADAS/2020/CI004_820620_070402_CON_FICHAS_SOCIALES-ALMA-2020-1503.pdf
2666,4,CONSORCIO 4C,CI.004/GP7889/20/7.4.1,,,4 de mayo de 2020,,15_01_Cartas_Enviadas/RADICADAS/2020/CI004_788920_070401_CON_EXP_FINAL_ALMA-2019-02875.pdf
2667,5,CONSORCIO 4C,CI.004/GP7836/20/7.4.4,,,2 de Abril de 2020,,15_01_Cartas_Enviadas/RADICADAS/2020/CI004_783620_070404_ANI_OBSERV_RESOL_EXPRO_ALMA-4-0028.pdf
2668,6,CONSORCIO 4C,CI.004/GP8406/20/7.1.8,,,4 de septiembre de 2020,,15_01_Cartas_Enviadas/RADICADAS/2020/CI004_840620_070108_CON_COMP-AMB_CCO_ASERV_UF3.pdf
2670,4,CONSORCIO 4C,CI.004/GP8109/20/7.4.2.,,,0 de junio de 2020,,15_01_Cartas_Enviadas/RADICADAS/2020/CI004_810920_070402_CON_PAGOS_COMPENSACIONES_EXPR-ALMA-5-0251.pdf
2669,2,CONSORCIO 4C,GP-7513,,,0 de febrero de 2020,,15_01_Cartas_Enviadas/RADICADAS/2020/CI004_751320_090200_SIPT_INF_MEN_TEC63_SOC51_V00.pdf
2671,3,CONSORCIO 4C,GP-8402,,,3 de Septiembre de 2020,,15_01_Cartas_Enviadas/RADICADAS/2020/CI004_840220_070401_CON_EXP_FINAL_ALMA-2019-03564.pdf
2672,4,CONSORCIO 4C,CI.004/GP7967/20/7.1.10,,,7 de mayo de 2020,,15_01_Cartas_Enviadas/RADICADAS/2020/CI004_796720_070110_CON_MEM_TECNICAMAR_SST.pdf
2673,11,CONSORCIO 4C,CI.004/GP7796/20/5.3,,,5 de Abril de 2020,,15_01_Cartas_Enviadas/RADICADAS/2020/CI004_779620_050300_ANI_MULTA_FONDEO_INTERVEN (2).pdf
2674,5,CONSORCIO 4C,GP-7491,,,4 de Febrero de 2020,,15_01_Cartas_Enviadas/RADICADAS/2020/CI004_749120_050300_CON_CALC_ELUSORES_UF5.pdf
2675,4,CONSORCIO 4C,GP-7689,,,5 de Marzo de 2020,,15_01_Cartas_Enviadas/RADICADAS/2020/CI004_768920_070401_CON_EXP_FINAL_ALMA-2019-02969.pdf
2676,6,CONSORCIO 4C,CI.004/GP8500/20/7.4.6,,,9 de septiembre de 2020,,15_01_Cartas_Enviadas/RADICADAS/2020/CI004_850020_070406_CON_REV_AVALU_2-UF5.pdf
2678,3,CONSORCIO 4C,CI.004/GP8234/20/5.3,,,8 de Julio de 2020,,15_01_Cartas_Enviadas/RADICADAS/2020/CI004_823420_050300_ANI_CLAUSULA_DISTRIBUCION_COASEGURO.pdf
2677,4,CONSORCIO 4C,CI.004/GP8089/20/7.3.1.,,,4 de junio de 2020,,15_01_Cartas_Enviadas/RADICADAS/2020/CI004_808920_070301_CON_ERROR_CLASIFIC_CAT-III.pdf
2679,3,CONSORCIO 4C,GP-7586,,,6 de Febrero de 2020,,15_01_Cartas_Enviadas/RADICADAS/2020/CI004_758620_050300_ANI_POLIZ-IPC2019_ ACTUALIZ_MAR2020.pdf
2680,4,CONSORCIO 4C,GP-8142,,,8 de Julio de 2020,,15_01_Cartas_Enviadas/RADICADAS/2020/CI004_814220_070406_CON_REV_AVALUO_ALMA-2-0001.pdf
2681,3,CONSORCIO 4C,CI.004/GP8057/20/7.1.10,,,7 de junio de 2020,,15_01_Cartas_Enviadas/RADICADAS/2020/CI004_805720_070110_CON_PROT_BIOSEG_COVID-19.pdf
2682,4,CONSORCIO 4C,CI.004/GP8346/20/7.1.10,,,1 de agosto de 2020,,15_01_Cartas_Enviadas/RADICADAS/2020/CI004_834620_070110_CON_SEG-SOC_DIC_SALAR-ENE.pdf
2683,5,CONSORCIO 4C,CI.004/GP7806/20/7.4.6,,,6 de abril de 2020,,15_01_Cartas_Enviadas/RADICADAS/2020/CI004_780620_070406_CON_REV_AVALU_ALMA-2-0136-1.pdf
2684,11,CONSORCIO 4C,GP-7605,,,3 de Marzo de 2020,,15_01_Cartas_Enviadas/RADICADAS/2020/CI004_760520_070500_CON_MEMOTECNICA_OCT2019.pdf
2685,4,CONSORCIO 4C,CI.004/GP8384/20/7.1.8,,,1 de septiembre de 2020,,15_01_Cartas_Enviadas/RADICADAS/2020/CI004_838420_070108_CON_INF_TRIM_23.pdf
2686,19,CONSORCIO 4C,CI.004/GP8378/20/5.3,,,1 de agosto de 2020,,15_01_Cartas_Enviadas/RADICADAS/2020/CI004_837820_050300_ANI_RECLAMA_COSTOS_MMTO_NPH.pdf
2687,5,CONSORCIO 4C,CI.004/GP8461/20/7.1.4,,,2 de septiembre de 2020,,15_01_Cartas_Enviadas/RADICADAS/2020/CI004_846120_070104_CON_MTTO_AREAS_CONTRACTUALES.pdf
2688,6,CONSORCIO 4C,CI.004/GP8258/20/7.4.1,,,1 de julio de 2020,,15_01_Cartas_Enviadas/RADICADAS/2020/CI004_825820_070401_CON_REQUERIMIENTO_CERCAS_UF3.pdf
2689,5,CONSORCIO 4C,CI.004/GP8652/20/7.4.1,,,9 de noviembre de 2020,,15_01_Cartas_Enviadas/RADICADAS/2020/CI004_865220_070401_CON_RESPUESTA_OLYMPUS-2020-2686.pdf
2692,2,CONSORCIO 4C,CI.004/GP8150/20/9.2,,,0 de Julio de 2020,,15_01_Cartas_Enviadas/RADICADAS/2020/CI004_815020_090200_ANI_INFORME_MENSUAL_JUN_2020.pdf
2690,4,CONSORCIO 4C,CI.004/GP8631/20/7.1.15,,,1 de noviembre de 2020,,15_01_Cartas_Enviadas/RADICADAS/2020/CI004_863120_070115_CON_CIERRE_CONVENIOS_OPERADORES_REDES.pdf
2691,9,CONSORCIO 4C,CI.004/GP8547/20/7.1.8,,,9 de octubre de 2020,,15_01_Cartas_Enviadas/RADICADAS/2020/CI004_854720_070108_CON_INF_COMP_OC.pdf
2693,7,CONSORCIO 4C,CI.004/GP8072/20/7.2.8,,,3 de Junio de 2020,,15_01_Cartas_Enviadas/RADICADAS/2020/CI004_807220_070208_ANI_PROYECCION_DR8_V5.pdf
2694,17,CONSORCIO 4C,CI.004/0289/20/1,,,1 de Septiembre de 2020,,15_01_Cartas_Enviadas/RADICADAS/2020/CI004_028920_010000_ANI_SOLIC_MODIF_CONTRATO145_GGT_ARG_V1_revCAC_GGT_V2.pdf
2695,5,CONSORCIO 4C,CI.004/GP8030/20/7.1.8,,,0 de junio de 2020,,15_01_Cartas_Enviadas/RADICADAS/2020/CI004_803020_070108_CON_ALMA-2020-1486_TRIM_22-V0.pdf
2696,4,CONSORCIO 4C,CI.004/GP8544/20/7.1.10,,,6 de octubre de 2020,,15_01_Cartas_Enviadas/RADICADAS/2020/CI004_854420_070110_CON_OBS_SEG-SOC_SALAR-MAY-JUN.pdf
2697,3,CONSORCIO 4C,GP-8683,,,6 de Noviembre de 2020,,15_01_Cartas_Enviadas/RADICADAS/2020/CI004_868320_070401_CON_EST_FICHA_ALMA-5-0013.pdf
2698,4,CONSORCIO 4C,CI.004/GP8778/20/7.4.1,,,0 de diciembre de 2020,,15_01_Cartas_Enviadas/RADICADAS/2020/CI004_877820_070401_CON_CASO_SERVICIOS_ALMA-2-0116.pdf
2699,2,CONSORCIO 4C,CI.004/GP8423/20/9.2,,,4 de Septiembre de 2020,,15_01_Cartas_Enviadas/RADICADAS/2020/CI004_842320_090200_ANI_VIDEO_IMI_AGO_2020.pdf
2700,7,CONSORCIO 4C,GP-7526,,,3 de Febrero de 2020,,15_01_Cartas_Enviadas/RADICADAS/2020/CI004_752620_070303_CON_INDICES_ENERO_2020.pdf
2701,2,CONSORCIO 4C,CI.004/GP8439/20/7.2.2,,,5 de Septiembre de 2020,,15_01_Cartas_Enviadas/RADICADAS/2020/CI004_843920_070202_ANI_FORMATO_GCSP-F-007_RECUR-PUB-AGO20.pdf
2702,3,CONSORCIO 4C,CI.004/GP7938/20/7.1.8,,,8 de mayo de 2020,,15_01_Cartas_Enviadas/RADICADAS/2020/CI004_793820_CON_REV_INF_7_RES_1928.pdf
2703,9,CONSORCIO 4C,CI.004/GP8172/20/7.3.3,,,5 de julio de 2020,,15_01_Cartas_Enviadas/RADICADAS/2020/CI004_817220_070303_CON_INDICES_JUNIO_2020.pdf
2704,6,CONSORCIO 4C,CI.004/GP8188/20/7.1.15,,,2 de Julio de 2020,,15_01_Cartas_Enviadas/RADICADAS/2020/CI004_818820_070115_ANI_DESEMB_ACT_RED15.pdf
2705,5,CONSORCIO 4C,CI.004/GP8764/20/7.4.6,,,3 de diciembre de 2020,,15_01_Cartas_Enviadas/RADICADAS/2020/CI004_876420_070406_CON_OBS_AVAL9_ALMA-3-0010.pdf
2706,4,CONSORCIO 4C,GP-8140,,,8 de Julio de 2020,,15_01_Cartas_Enviadas/RADICADAS/2020/CI004_814020_070406_CON_REV_2AVALUOS_UF3.pdf
2707,2,CONSORCIO 4C,GP-7493,,,4 de Febrero de 2020,,15_01_Cartas_Enviadas/RADICADAS/2020/CI004_749320_090300_ANI_INFO_AVANCE_PTE-HONDA.pdf
2708,5,CONSORCIO 4C,CI.004/GP8723/20/7.4.6,,,4 de diciembre de 2020,,15_01_Cartas_Enviadas/RADICADAS/2020/CI004_872320_070406_CON_REV_1AVALU_ALMA-3-0056.pdf
2709,4,CONSORCIO 4C,CI.004/GP8518/20/7.1.8,,,6 de octubre de 2020,,15_01_Cartas_Enviadas/RADICADAS/2020/CI004_851820_070108_CON_EXP_52038.pdf
2710,6,CONSORCIO 4C,ci.004/gp7529/20/5.3,,,5 de Mayo de 2020,,15_01_Cartas_Enviadas/RADICADAS/2020/CI004_789220_050300_ANI_INFO_ESPECIF-TEC_UF3.pdf
2711,2,CONSORCIO 4C,CI.004/GP8645/20/7.2.2,,,9 de Noviembre de 2020,,15_01_Cartas_Enviadas/RADICADAS/2020/CI004_864520_070202_ANI_FORMATO_GCSP-F-207_OCT-2020.pdf
2712,2,CONSORCIO 4C,GP-8732,,,,,15_01_Cartas_Enviadas/RADICADAS/2020/CI004_873220_070210_ANI_ACTA-RETRIB_UF1_UF2_AGO_SEP_20_F.pdf
2713,3,CONSORCIO 4C,CI.004/GP8593/20/5.3-7.3.3,,,9 de octubre de 2020,,15_01_Cartas_Enviadas/RADICADAS/2020/CI004_859320_050300_070303_CON_SICC_UF4_CEROS.pdf
2714,3,CONSORCIO 4C,CI.004/GP8032/20/7.1.9,,,1 de junio de 2020,,15_01_Cartas_Enviadas/RADICADAS/2020/CI004_803220_070109_CON_APROB_INFOSOCIAL_TRIMESTRAL-N22.pdf
2715,6,CONSORCIO 4C,CI.004/GP8675/20/5.3,,,5 de Noviembre de 2020,,15_01_Cartas_Enviadas/RADICADAS/2020/CI004_867520_050300_ANI_NOOBJECIÓN_CURA_POLIZAS_ETAPA_OP&MMTO.pdf
2716,2,CONSORCIO 4C,CI.004/GP7786/20/9.10,,,3 de Abril de 2020,,15_01_Cartas_Enviadas/RADICADAS/2020/CI004_778620_091000_ANI_INF_ESP_N83.pdf
2717,4,CONSORCIO 4C,CI.004/GP7833/20/7.4.1,,,2 de abril de 2020,,15_01_Cartas_Enviadas/RADICADAS/2020/CI004_783320_070401_CON_EXP_FINAL_ALMA-2019-02823.pdf
2718,4,CONSORCIO 4C,CI.004/GP8059/20/7.1.15,,,7 de junio de 2020,,15_01_Cartas_Enviadas/RADICADAS/2020/CI004_805920_070115_CON_SOLIC_GESTION_REDES.pdf
2719,5,CONSORCIO 4C,CI.004/GP8309/20/7.4.6,,,3 de agosto de 2020,,15_01_Cartas_Enviadas/RADICADAS/2020/CI004_830920_070406_CON_REV_AVALU_ALMA-5-0012-1.pdf
2720,4,CONSORCIO 4C,CI.004/GP7843/20/7.4.1,,,3 de abril de 2020,,15_01_Cartas_Enviadas/RADICADAS/2020/CI004_784320_070401_CON_EST_FICH_ALMA-5-0249.pdf
2721,2,CONSORCIO 4C,CI.004/GP7870/20/7.2.2,,,8 de Abril de 2020,,15_01_Cartas_Enviadas/RADICADAS/2020/CI004_787020_070202_ANI_FORMATO_GCSP-F-009_RECAUDOPEAJES-MAR-20.pdf
2722,5,CONSORCIO 4C,CI.004/GP8688/20/7.1.8,,,1 de diciembre de 2020,,15_01_Cartas_Enviadas/RADICADAS/2020/CI004_868820_070108_CON_DIAGN_GEST_AMB_UF1.pdf
2723,3,CONSORCIO 4C,CI.004/GP8330/20/7.1.9,,,0 de agosto de 2020,,15_01_Cartas_Enviadas/RADICADAS/2020/CI004_833020_070109_CON_NO-OBJEC_INFOTRIMESTRAL_N23-SOCIAL.pdf
2724,4,CONSORCIO 4C,GP-7754,,,2 de Abril de 2020,,15_01_Cartas_Enviadas/RADICADAS/2020/CI004_775420_070110_CON_RSEGSISO_UF3_SEM241_242.pdf
2725,6,CONSORCIO 4C,CI.004/GP7881/20/7.1.7,,,0 de abril de 2020,,15_01_Cartas_Enviadas/RADICADAS/2020/CI004_788120_070107_CON_EST-HIDRA_PUENTES_UF5.2.pdf
2726,5,CONSORCIO 4C,CI.004/GP8576/20/7.4.6,,,3 de octubre de 2020,,15_01_Cartas_Enviadas/RADICADAS/2020/CI004_857620_070406_CON_OBS_AVALUO_ALMA-5-0255.pdf
2727,4,CONSORCIO 4C,GP-7529,,,3 de Febrero de 2020,,15_01_Cartas_Enviadas/RADICADAS/2020/CI004_752920_050300_ANI_TERMINAC_180_CURA-UF3.pdf
2728,2,CONSORCIO 4C,CI.004/GP8437/20/7.2.2,,,5 de Septiembre de 2020,,15_01_Cartas_Enviadas/RADICADAS/2020/CI004_843720_070202_ANI_FORMATO_GCSP-F-207_RENDIMIENTOS-AGO-20.pdf
2729,4,CONSORCIO 4C,CI.004/GP8090/20/7.3.1.,,,4 de junio de 2020,,15_01_Cartas_Enviadas/RADICADAS/2020/CI004_809020_070301_CON_FALTA_CAMAR-OCR_GUATAQUI.pdf
2730,6,CONSORCIO 4C,CI.004/GP8233/20/5.3,,,4 de Septiembre de 2020,,15_01_Cartas_Enviadas/RADICADAS/2020/CI004_846920_050300_ANI_SANEO_CURA_POLIZAS.pdf
2731,5,CONSORCIO 4C,CI.004/GP7831/20/7.1.15,,,1 de abril de 2020,,15_01_Cartas_Enviadas/RADICADAS/2020/CI004_783120_070115_CON_SOPRT_REDS_ALMA-0948.pdf
2732,4,CONSORCIO 4C,GP-7478,,,4 de Febrero de 2020,,15_01_Cartas_Enviadas/RADICADAS/2020/CI004_747820_070301_OPERA-MANUAL_PEAJE_UF3.pdf
2733,3,CONSORCIO 4C,CI.004/GP8164/20/9.2,,,0 de julio de 2020,,15_01_Cartas_Enviadas/RADICADAS/2020/CI004_816420_090200_SUP_SUPER_TRANSP_JUN-2020.pdf
2734,2,CONSORCIO 4C,CI.004/GP8538/20/7.2.2,,,5 de Octubre de 2020,,15_01_Cartas_Enviadas/RADICADAS/2020/CI004_853820_070202_ANI_FORMATO_GCSP-F-207_RENDIMI-SEP20.pdf
2735,2,CONSORCIO 4C,CI.004/GP8647/20/7.2.2,,,9 de Noviembre de 2020,,15_01_Cartas_Enviadas/RADICADAS/2020/CI004_864720_070202_ANI_FORMATO_GCSP-F-009_PEAJES_OCT-2020.pdf
2736,6,CONSORCIO 4C,CI.004/GP7907/20/7.1.10,,,1 de mayo de 2020,,15_01_Cartas_Enviadas/RADICADAS/2020/CI004_790720_070110_ALC_REACT_INTERV_OBRAS_FLANDES.pdf
2737,7,CONSORCIO 4C,CI.004/GP8471/20/7.1.9,,,4 de septiembre de 2020,,15_01_Cartas_Enviadas/RADICADAS/2020/CI004_847120_070109_CON_SICC_SOCIAL.pdf
2738,13,CONSORCIO 4C,CI.004/GP8391/20/7.1.7,,,2 de septiembre de 2020,,15_01_Cartas_Enviadas/RADICADAS/2020/CI004_839120_070107_CON_DIS-HIDRA_GLORIETA-ORIENTAL_NPH-UF5.1.pdf
2739,11,CONSORCIO 4C,CI.004/GP8478/20/5.3,,,5 de Septiembre de 2020,,15_01_Cartas_Enviadas/RADICADAS/2020/CI004_847820_050300_ANI_NOOBJECION_PLAZO_CURA_AVALUOS.pdf
2740,4,CONSORCIO 4C,CI.004/GP8376/20/7.4.4,,,8 de agosto de 2020,,15_01_Cartas_Enviadas/RADICADAS/2020/CI004_837620_070404_CON_OBS_RES_EXP_MUNICIPIO-DORADA.pdf
2741,7,CONSORCIO 4C,CI.004/GP8488/20/7.3.1.,,,8 de septiembre de 2020,,15_01_Cartas_Enviadas/RADICADAS/2020/CI004_848820_070301_CON_REITERACIÓN_MANUAL_OPERACION.pdf
2742,2,CONSORCIO 4C,CI.004/GP7816/20/7.2.2,,,0 de Abril de 2020,,15_01_Cartas_Enviadas/RADICADAS/2020/CI004_781620_070202_ANI_FORM-GCSP-F-007_INFO-EJEC_ RECUR-PUB-MAR20.pdf
2743,4,CONSORCIO 4C,CI.004/GP7462/20/7.1.9,CONCESIÓN ALTO MAGDALENA S.A.S,ALMA-R-2020-0212,29/01/2020,Ref. Contrato de Concesión 003 de 2014 Concesión Honda – Girardot – Puerto Salgar Estado Pendientes Apéndice Técnico 8 - UF3,15_01_Cartas_Enviadas/RADICADAS/2020/CI004_746220_070109_CON_ESTADO_PEN-AT8-UF3_ENERO2020.pdf
2744,5,CONSORCIO 4C,CI.004/GP7975/20/7.1.10,CONCESIÓN ALTO MAGDALENA S.A.S,,27/05/2020,"Ref. Contrato de Concesión 003 de 2014 Concesión Honda – Girardot – Puerto Salgar. Observaciones Pago Seguridad Social Noviembre, Salarios Octubre/2019",15_01_Cartas_Enviadas/RADICADAS/2020/CI004_797520_070110_CON_RSEGSOC_NOV_SAL_OCT2019.pdf
2745,4,CONSORCIO 4C,CI.004/GP8637/20/7.4.1,CONCESIÓN ALTO MAGDALENA S.A.S.,,13/11/2020,Ref. Contrato de Concesión 003 de 2014 Concesión Honda - Puerto Salgar - Girardot Disponibilidad Predial. Respuesta a comunicación ALMA-2020-2645,15_01_Cartas_Enviadas/RADICADAS/2020/CI004_863720_070401_CON_OBS_DISPON_PREDIAL.pdf
2746,5,CONSORCIO 4C,CI.004/GP8256/20/7.4.1,CONCESIÓN ALTO MAGDALENA S.A.S,,31/07/2020,Ref. Contrato de Concesión 003 de 2014 Concesión Honda – Girardot – Puerto Salgar. Control Carpetas Expropiaciones,15_01_Cartas_Enviadas/RADICADAS/2020/CI004_825620_070401_CON_CONTROL_CARPETAS_EXPROP.pdf
2747,3,CONSORCIO 4C,CI.004/GP7545/20/5.3,CONCESION ALTO MAGDALENA S.A.S,ALMA-R-2020-8484,18/02/2020,Ref. Contrato de Concesión 003 de 2014 Concesión Honda – Girardot – Puerto Salgar Remisión Pólizas IPC 2019.,15_01_Cartas_Enviadas/RADICADAS/2020/CI004_754520_050300_CON_ACTUA_POLIZAS-IPC_ALMA-20200249.pdf
2748,3,CONSORCIO 4C,CI.004/GP7638/20/7.4.4,AGENCIA NACIONAL DE INFRAESTRUCTURA - ANI,2020-409-026525-2,12/03/2020,Ref. Contrato de Concesión 003 de 2014 Concesión Honda – Girardot – Puerto Salgar Observaciones Resolución de Expropiación. Predio ALMA-5-0260. UF5.,15_01_Cartas_Enviadas/RADICADAS/2020/CI004_763820_070404_ANI_OBS_RES_.pdf
2750,3,CONSORCIO 4C,CI.004/GP7549/20/7.4.4,CONCESIÓN ALTO MAGDALENA S.A.S,ALMA-2020-0276,18/02/2020,Ref. Contrato de Concesión 003 de 2014 Concesión Honda – Girardot – Puerto Salgar Observaciones Resolución de Expropiación UF3,15_01_Cartas_Enviadas/RADICADAS/2020/CI004_754920_070404_CON_RES_EXP_ALMA-2020-0276.pdf
2749,20,CONSORCIO 4C,CI.004/GP8564/20/7.3.3,CONCESIÓN ALTO MAGDALENA S.A.S.,,22/10/2020,"Ref. Contrato de Concesión 003 de 2014 Concesión Honda – Girardot – Puerto Salgar Resultado Medición Niveles de Servicio – julio, agosto y septiembre de 2020 – Índices de Cumplimiento provisionales.",15_01_Cartas_Enviadas/RADICADAS/2020/CI004_856420_070303_CON_INDICES_JUL-AGOS-SEPT_2020.pdf
2751,4,CONSORCIO 4C,CI.004/GP8572/20/7.1.10,CONCESIÓN ALTO MAGDALENA S.A.S,,23/10/2020,Ref. Contrato de Concesión 003 de 2014 Concesión Honda - Puerto Salgar - Girardot. Jornada Laboral y Descanso Personal Recaudo y Supervisión Peajes / Alcance a comunicado CI.004/GP8492/20/7.1.10,15_01_Cartas_Enviadas/RADICADAS/2020/CI004_857220_070110_CON_REIT_JORN_LAB_PEAJES.pdf
2752,7,CONSORCIO 4C,CI.004/GP8474/20/7.3.3,CONCESIÓN ALTO MAGDALENA S.A.S.,,24/09/2020,Ref. Contrato de Concesión 003 de 2014 Concesión Honda – Girardot – Puerto Salgar Rta. ALMA-2020-2277. Deficiencias en el funcionamiento del SICC – Índice de Mortalidad O1.,15_01_Cartas_Enviadas/RADICADAS/2020/CI004_847420_070303_CON_INCLUSION_SICC_O1.pdf
2753,2,CONSORCIO 4C,CI.004/GP7857/20/7.1.10,ALCALDÍA BELTRAN,,28/04/2020,Ref. Contrato de Concesión 003 de 2014 Concesión Honda – Girardot – Puerto Salgar. Reactivación Interventoría a obras de construcción proyecto Alto Magdalena. Remisión del Protocolo de bioseguridad certificado.,15_01_Cartas_Enviadas/RADICADAS/2020/CI004_785720_070110_ALCALD_PROTOC_CERTIF_BELTR.pdf
2754,4,CONSORCIO 4C,CI.004/GP8161/20/7.4.6,CONCESIÓN ALTO MAGDALENA S.A.S,,10/07/2020,"Ref. Contrato de Concesión 003 de 2014 Concesión Honda – Girardot – Puerto Salgar. Revisión de 4 avalúos: ALMA-5-0069, ALMA-5-0105, ALMA-5-0127 y ALMA-5-0274, UF5.",15_01_Cartas_Enviadas/RADICADAS/2020/CI004_816120_070406_CON_REV_4AVALUOS_UF5.pdf
2755,4,CONSORCIO 4C,CI.004/GP7731/20/9.3,CONCESIÓN ALTO MAGDALENA S.A.S.,,30/03/2020,Ref. Contrato de Concesión 003 de 2014 Concesión Honda – Girardot – Puerto Salgar Revisión Planos Récord Unidades Funcionales 1 y 4.,15_01_Cartas_Enviadas/RADICADAS/2020/CI004_773120_090300_CON_REV_PLANOS_RECORD-UF1-UF4.pdf
2756,5,CONSORCIO 4C,CI.004/GP8283/20/7.4.6,CONCESIÓN ALTO MAGDALENA S.A.S,ALMA-2020-1952,06/08/2020,"Ref. Contrato de Concesión 003 de 2014 Concesión Honda – Girardot – Puerto Salgar. Revisión de avalúo. Predio ALMA-2-0064-1, UF2",15_01_Cartas_Enviadas/RADICADAS/2020/CI004_828320_070406_CON_REV_AVALUO_ALMA-2-0064-1.pdf
2757,5,CONSORCIO 4C,CI.004/GP7991/20/7.4.6,CONCESIÓN ALTO MAGDALENA S.A.S,,29/05/2020,"Ref. Contrato de Concesión 003 de 2014 Concesión Honda – Girardot – Puerto Salgar. Revisión de Avalúo. Predio ALMA-2-0163, UF2",15_01_Cartas_Enviadas/RADICADAS/2020/CI004_799120_070406_CON_REV_AVALU_ALMA-2-0163.pdf
2758,7,CONSORCIO 4C,CI.004/GP8533/20/7.4.1,CONCESIÓN ALTO MAGDALENA S.A.S.,,13/10/2020,Ref. Contrato de Concesión 003 de 2014 Concesión Honda - Puerto Salgar - Girardot Incumplimiento en la Actualización de Olympus. Pagos Reporte NIIF 2020-II.,15_01_Cartas_Enviadas/RADICADAS/2020/CI004_853320_070401_CON_REV_PAGOS-OLYMPUS_NIIF-2020-II.pdf
2759,6,CONSORCIO 4C,CI.004/GP827520/7.3.1.,CONCESIÓN ALTO MAGDALENA S.A.S.,,05/08/2020,Ref. Contrato de Concesión 003 de 2014 Concesión Honda – Girardot – Puerto Salgar. Pendientes Estaciones Peaje Pesaje,15_01_Cartas_Enviadas/RADICADAS/2020/CI004_827520_070301_PEND-JUL_BASC._PEAJES.pdf
2761,5,CONSORCIO 4C,CI.004/GP8077/20/7.4.6,CONCESIÓN ALTO MAGDALENA S.A.S,,23/06/2020,"Ref. Contrato de Concesión 003 de 2014 Concesión Honda – Girardot – Puerto Salgar. Revisión de Avalúo. Predio ALMA-5-0274, UF5",15_01_Cartas_Enviadas/RADICADAS/2020/CI004_807720_070406_CON_REV_AVALU_ALMA-5-0274.pdf
2760,17,CONSORCIO 4C,CI.004/GP8017/20/5.3,CONCESIÓN ALTO MAGDALENA S.A.S.,,09/06/2020,Ref. Contrato de Concesión 003 de 2014 Concesión Honda – Girardot – Puerto Salgar. Estado Cumplimiento Correcciones Complementos Informe Estado Avance Cumplimiento Pendientes UF3,15_01_Cartas_Enviadas/RADICADAS/2020/CI004_801720_050300_CON_INFO_ESPECIF-TEC_UF3.pdf
2762,3,CONSORCIO 4C,CI.004/GP8305/20/7.4.1,CONCESIÓN ALTO MAGDALENA S.A.S,ALMA-R-2020-1547,13/08/2020,Ref. Contrato de Concesión 003 de 2014 Concesión Honda – Girardot – Puerto Salgar. Observaciones Expedientes Finales Prediales UF4. Respuesta a carta ALMA-2019-03351,15_01_Cartas_Enviadas/RADICADAS/2020/CI004_830520_070401_CON_EXP_FINAL_ALMA-2019-03351.pdf
2763,5,CONSORCIO 4C,CI.004/GP8651/20/7.3.3,AGENCIA NACIONAL DE INFRAESTRUCTURA - ANI,,19/11/2020,"Ref. Contrato de Concesión 003 de 2014 Concesión Honda - Puerto Salgar - Girardot Alcance a la mesa de trabajo del 06/11/2020. Verificación de mediciones del Interventor para los Niveles de Servicio E1, E2 y E16 año 2020.",15_01_Cartas_Enviadas/RADICADAS/2020/CI004_865120_070303_ANI_VERIFICA_E1_E2_E16_2020.pdf
2764,3,CONSORCIO 4C,CI.004/GP8495/20/7.4.1,CONCESIÓN ALTO MAGDALENA S.A.S,ALMA-R-2020-1879,29/09/2020,Ref. Contrato de Concesión 003 de 2014 Concesión Honda - Puerto Salgar - Girardot Revisión Insumos Predio ALMA-5-0012-1 UF5,15_01_Cartas_Enviadas/RADICADAS/2020/CI004_849520_070401_CON_EST_FICH_ALMA-5-0012-1.pdf
2765,5,CONSORCIO 4C,CI.004/GP8581/20/7.1.10,CONCESIÓN ALTO MAGDALENA S.A.S,,27/10/2020,Ref. Contrato de Concesión 003 de 2014 Concesión Girardot – Honda – Puerto Salgar Observaciones Soportes Seguridad Social Mayo y Salarios abril 2020 / Respuesta ALMA-2020-2627,15_01_Cartas_Enviadas/RADICADAS/2020/CI004_858120_070110_CON_OBS_SS-MAYO_SALAR-ABRIL.pdf
2766,3,CONSORCIO 4C,CI.004/GP7532/20/7.4.4,AGENCIA NACIONAL DE INFRAESTRUCTURA - ANI,,13/02/2020,Ref. Contrato de Concesión 003 de 2014 Concesión Honda – Girardot – Puerto Salgar Observaciones Resolución de Expropiación No. ALMA-5-0136,15_01_Cartas_Enviadas/RADICADAS/2020/CI004_753220_070400_ANI_OBS_RES_EXP_ALMA-5-0136.pdf
2767,4,CONSORCIO 4C,CI.004/GP8773/20/7.4,CONCESIÓN ALTO MAGDALENA S.A.S,,29/12/2020,Ref. Contrato de Concesión 003 de 2014 Concesión Honda – Girardot – Puerto Salgar. Revisión Informe Avance Gestión Predial noviembre de 2020,15_01_Cartas_Enviadas/RADICADAS/2020/CI004_877320_070400_CON_OBS_INFOGP_NOV2020.pdf
2771,4,CONSORCIO 4C,CI.004/GP8545/20/7.4.1,,,6 de Octubre de 2020,,15_01_Cartas_Enviadas/RADICADAS/2020/CI004_854520_070401_ANI_AYUDA_MEMORIA_ALMA-5-0063.pdf
2770,5,CONSORCIO 4C,CI.004/GP8074/20/7.4.6,,,3 de junio de 2020,,15_01_Cartas_Enviadas/RADICADAS/2020/CI004_807420_070406_CON_REV_AVALU_ALMA-5-0069.pdf
2769,3,CONSORCIO 4C,CI.004/GP7675/20/7.4.1,CONCESIÓN ALTO MAGDALENA S.A.S,ALMA-R-2020-5614,13/03/2020,"Ref. Contrato de Concesión 003 de 2014 Concesión Honda – Girardot – Puerto Salgar. Observaciones Expediente Final Predial Predio ALMA-2-0092, UF2.",15_01_Cartas_Enviadas/RADICADAS/2020/CI004_767520_070401_CON_EXP_FINAL_ALMA-2019-02463.pdf
2773,4,CONSORCIO 4C,CI.004/GP8227/20/7.4.1,,,7 de julio de 2020,,15_01_Cartas_Enviadas/RADICADAS/2020/CI004_822720_070401_CON_EST-TITUL_FICH_ALMA-4-0035.pdf
2772,3,CONSORCIO 4C,GP-8205,,,2 de Julio de 2020,,15_01_Cartas_Enviadas/RADICADAS/2020/CI004_820520_070402_CON_FICHA_SOCIAL_ALMA-1501-1567.pdf
2768,3,CONSORCIO 4C,CI.004/GP7992/20/7.4.1,AGENCIA NACIONAL DE INFRAESTRUCTURA – ANI,2020-409-036624-2,29/05/2020,Ref. Contrato de Concesión 003 de 2014 Concesión Honda – Girardot – Puerto Salgar. Alcance al oficio CI.004/GP7836/20/7.4.4. Expropiación ALMA-4-0028,15_01_Cartas_Enviadas/RADICADAS/2020/CI004_799220_070404_ANI_ALCANCE_OFICIO_GP783620.pdf
2774,2,CONSORCIO 4C,GP-7450,,,3 de enero de 2020,,15_01_Cartas_Enviadas/RADICADAS/2020/CI004_745020_070301_ANI_CON_CON_EQUIP_DETEC_EP.pdf
2776,2,CONSORCIO 4C,CI.004/GP8713/20/9.2,,,0 de Diciembre de 2020,,15_01_Cartas_Enviadas/RADICADAS/2020/CI004_871320_090200_ANI_VIDEO_IMI_NOV_2020.pdf
2775,4,CONSORCIO 4C,CI.004/GP7773/20/7.1.10,,,7 de abril de 2020,,15_01_Cartas_Enviadas/RADICADAS/2020/CI004_777320_070110_CON_OBS_MEM_TECNICAFEB_SST.pdf
2778,5,CONSORCIO 4C,GP-7735,,,1 de Marzo de 2020,,15_01_Cartas_Enviadas/RADICADAS/2020/CI004_773520_070303_CON_TALUD_1+500_RN5008_#2.pdf
2777,4,CONSORCIO 4C,CI.004/GP8667/20/7.1.8,,,4 de noviembre de 2020,,15_01_Cartas_Enviadas/RADICADAS/2020/CI004_866720_070108_CON_REP_CONTINGE_RES_1767.pdf
2780,25,CONSORCIO 4C,GP-7480,,,0 de Enero de 2020,,15_01_Cartas_Enviadas/RADICADAS/2020/CI004_748020_050300_JUZ_TUTELA_VACAB1.pdf
2779,3,CONSORCIO 4C,CI.004/GP8653/20/7.4.4,,,9 de noviembre de 2020,,15_01_Cartas_Enviadas/RADICADAS/2020/CI004_865320_070404_CON_OBS_RES_EXPR_ALMA-2-0001.pdf
2783,3,CONSORCIO 4C,CI.004/GP8625/20/7.2.9,,,0 de Noviembre de 2020,,15_01_Cartas_Enviadas/RADICADAS/2020/CI004_862520_070209_ANI_ACTA_VPIP_SEPTIEM_2020.pdf
2782,4,CONSORCIO 4C,GP-7436,,,,,15_01_Cartas_Enviadas/RADICADAS/2020/CI004_743620_070406_CON_AVALU_ALMA-2019-033521.pdf
2781,3,CONSORCIO 4C,GP-8464,,,2 de Septiembre de 2020,,15_01_Cartas_Enviadas/RADICADAS/2020/CI004_846420_070401_CON_EXP_FINAL_ALMA-2221-2223.pdf
2784,2,CONSORCIO 4C,GP-7401,,,0 de Enero de 2020,,15_01_Cartas_Enviadas/RADICADAS/2020/CI004_740120_050300_CON_ACTUALIZACION_POLIZAS_IPC-19.pdf
2785,2,CONSORCIO 4C,CI.004/GP8655/20/7.2.2,,,9 de Noviembre de 2020,,15_01_Cartas_Enviadas/RADICADAS/2020/CI004_865520_070202_ANI_FORMATO_GCSP-F-007_REC_PUBL_OCT-2020.pdf
2787,9,CONSORCIO 4C,CI.004/GP8380/20/7.3.1.,,,1 de agosto de 2020,,15_01_Cartas_Enviadas/RADICADAS/2020/CI004_838020_050300_CON_INFORME-5_VERIFICA_PUNTOS-CONTEO-UF5.pdf
2789,2,CONSORCIO 4C,GP-7606,,,3 de Marzo de 2020,,15_01_Cartas_Enviadas/RADICADAS/2020/CI004_760620_070301_CON_INFO-AUDI_PEAJE_ENE-19.pdf
2788,2,CONSORCIO 4C,CI.004/GP8019/20/9.2,,,9 de Junio de 2020,,15_01_Cartas_Enviadas/RADICADAS/2020/CI004_801920_090200_ANI_INF_SOCIOAMB_MAY_2020.pdf
2786,4,CONSORCIO 4C,GP-7455,,,3 de enero de 2020,,15_01_Cartas_Enviadas/RADICADAS/2020/CI004_745520_070406_CON_OBS_REV_AVALUO_UF5-.pdf
2791,2,CONSORCIO 4C,GP-7674,,,2 de Marzo de 2020,,15_01_Cartas_Enviadas/RADICADAS/2020/CI004_767420_070402_CON_FICHAS_SOCIALES_ALMA-0079-0080-1-5-0080-2.pdf
2792,3,CONSORCIO 4C,CI.004/GP7947/20/7.1.9.,,,0 de mayo de 2020,,15_01_Cartas_Enviadas/RADICADAS/2020/CI004_794720_070109_CON_ACTAS_VECINDAD.pdf
2790,11,CONSORCIO 4C,GP-8336,,,1 de Agosto de 2020,,15_01_Cartas_Enviadas/RADICADAS/2020/CI004_833620_070401_CON_EST_FICH_ALMA-2020-1999__.pdf
2794,2,CONSORCIO 4C,CI.004/GP8331/20/7.2.2,,,0 de Agosto de 2020,,15_01_Cartas_Enviadas/RADICADAS/2020/CI004_833120_070202_ANI_FORMATO_GCSP-F-001_MTTO-JUL20.pdf
2793,3,CONSORCIO 4C,GP-7470,,,9 de Enero de 2020,,15_01_Cartas_Enviadas/RADICADAS/2020/CI004_747020_070404_CON_RES_EXP_ALMA-2020-0106.pdf
2795,8,CONSORCIO 4C,GP-7636,,,6 de Marzo de 2020,,15_01_Cartas_Enviadas/RADICADAS/2020/CI004_763620_070401_CON_CONCEP_TECNICO_ALMA-4-0057.pdf
2796,6,CONSORCIO 4C,CI.004/GP8613/20/7.1.15,,,5 de Noviembre de 2020,,15_01_Cartas_Enviadas/RADICADAS/2020/CI004_861320_070115_ANI_COMITE_APROBACION_6.pdf
2797,3,CONSORCIO 4C,GP-7468,,,9 de Enero de 2020,,15_01_Cartas_Enviadas/RADICADAS/2020/CI004_746820_070401_CON_FICH_ALMA-2020-0022.pdf
2799,3,CONSORCIO 4C,GP-7603,,,3 de Marzo de 2020,,15_01_Cartas_Enviadas/RADICADAS/2020/CI004_760320_070500_CON_2DA-REV_MEMOTECNICA_JUL2019.pdf
2798,2,CONSORCIO 4C,GP-7397,,,0 de Enero de 2020,,15_01_Cartas_Enviadas/RADICADAS/2020/CI004_739720_091000_ANI_ISI_N257.pdf
2800,2,CONSORCIO 4C,CI.004/GP7643/20/9.2,,,3 de Marzo de 2020,,15_01_Cartas_Enviadas/RADICADAS/2020/CI004_764320_090200_ANI_VIDEO_IMI_FEB_2020.pdf
2801,2,CONSORCIO 4C,GP-7512,,,0 de Febrero de 2020,,15_01_Cartas_Enviadas/RADICADAS/2020/CI004_751220_090200_ANI_INFORME_MENSUAL_ENERO-2020.pdf
2802,4,CONSORCIO 4C,CI.004/GP8589/20/7.4.4,,,9 de octubre de 2020,,15_01_Cartas_Enviadas/RADICADAS/2020/CI004_858920_070404_CON_OBS_RES_EXPR_ALMA-5-0104.pdf
2803,10,CONSORCIO 4C,CI.004/GP8708/20/5.3-7.3.3,,,5 de Diciembre de 2020,,15_01_Cartas_Enviadas/RADICADAS/2020/CI004_870820_050300_070303_ANI_NO-OBJE_CURA_SICC.pdf
2804,7,CONSORCIO 4C,CI.004/GP8458/20/7.4.1,,,8 de septiembre de 2020,,15_01_Cartas_Enviadas/RADICADAS/2020/CI004_845820_070401_CON_OLYMPUS_PAGOS_NIIF-2020-II.pdf
2805,7,CONSORCIO 4C,CI.004/GP8154/20/7.2.8,,,0 de Julio de 2020,,15_01_Cartas_Enviadas/RADICADAS/2020/CI004_815420_070208_ANI_PROYECCION_DR8_V6.pdf
2806,2,CONSORCIO 4C,CI.004/GP8522/20/9.2,,,8 de Octubre de 2020,,15_01_Cartas_Enviadas/RADICADAS/2020/CI004_852220_090200_ANI_INF_SOCIOAMB_SEPT_2020.pdf
2807,5,CONSORCIO 4C,CI.004/GP8718/20/7.1.12-7.5,,,1 de diciembre de 2020,,15_01_Cartas_Enviadas/RADICADAS/2020/CI004_871820_070500_CON_CERT _CALIDAD_OBRAS_PR8+100_UF5.2.pdf
2808,3,CONSORCIO 4C,GP-8126,,,3 de Julio de 2020,,15_01_Cartas_Enviadas/RADICADAS/2020/CI004_812620_070401_CON_EXP2_FINAL_ALMA-2019-02969.pdf
2809,3,CONSORCIO 4C,CI.004/GP8567/20/5.3,,,2 de octubre de 2020,,15_01_Cartas_Enviadas/RADICADAS/2020/CI004_856720_070401_CON_REITERA_REQUER_DISP-REDES.pdf
2810,2,CONSORCIO 4C,CI.004/GP8433/20/9.10,,,5 de Septiembre de 2020,,15_01_Cartas_Enviadas/RADICADAS/2020/CI004_843320_091000_ANI_INF_ESP_N105.pdf
2811,4,CONSORCIO 4C,GP-8039,,,1 de Junio de 2020,,15_01_Cartas_Enviadas/RADICADAS/2020/CI004_803920_070406_CON_AVALU_ALMA-1227-1434-1435_UF2.pdf
2812,9,CONSORCIO 4C,CI.004/GP8151/20/7.1.9-7.4.1,,,9 de julio de 2020,,15_01_Cartas_Enviadas/RADICADAS/2020/CI004_815120_070109_CON_ACCESO_PREDIO_ARGENTINA_UF5.4.pdf
2813,3,CONSORCIO 4C,GP-8771,,,9 de Diciembre de 2020,,15_01_Cartas_Enviadas/RADICADAS/2020/CI004_877120_070401_CON_EXP_FINAL_ALMA-2020-3026_.pdf
2814,6,CONSORCIO 4C,CI.004/GP8241/20/5.3-7.3.1,,,9 de Julio de 2020,,15_01_Cartas_Enviadas/RADICADAS/2020/CI004_824120_050300_070301_ANI_CURA_CAMARAS_OCR.pdf
2815,1,CONSORCIO 4C,CI.004/8013/20/1.3,,,8 de junio de 2020,,15_01_Cartas_Enviadas/RADICADAS/2020/CI004_801320_010000_ESP_TERMINACIÓN_CONTRATO_RIESGOS_GGT.pdf
2816,4,CONSORCIO 4C,CI.004/GP7818/20/7.1.10,,,1 de abril de 2020,,15_01_Cartas_Enviadas/RADICADAS/2020/CI004_781820_070110_CON_REACT_INTERV_OBRAS B.pdf
2817,6,CONSORCIO 4C,CI.004/GP8097/20/7.4.4,,,6 de Junio de 2020,,15_01_Cartas_Enviadas/RADICADAS/2020/CI004_809720_070404_ANI_OBSERV_RESOL_EXPRO_ALMA-4-0032.pdf
2818,3,CONSORCIO 4C,CI.004/GP8570/20/7.4.4,,,2 de octubre de 2020,,15_01_Cartas_Enviadas/RADICADAS/2020/CI004_857020_070404_CON_OBS_RES_EXP_ALMA-2-0087.pdf
2819,3,CONSORCIO 4C,GP-8509,,,0 de Septiembre de 2020,,15_01_Cartas_Enviadas/RADICADAS/2020/CI004_850920_070401_CON_EXP_FINAL_ALMA-2020-2214.pdf
2821,3,CONSORCIO 4C,CI.004/GP8715/20/7.2.10,,,1 de Diciembre de 2020,,15_01_Cartas_Enviadas/RADICADAS/2020/CI004_871520_070210_ANI_ACTA_RETRIB_UF2_FEB19_JUL20.pdf
2822,4,CONSORCIO 4C,GP-7441,,,,,15_01_Cartas_Enviadas/RADICADAS/2020/CI004_744120_070108_CON_INF_TRIM_REQ-INFO.pdf
2823,7,CONSORCIO 4C,GP-7715,,,6 de Marzo de 2020,,15_01_Cartas_Enviadas/RADICADAS/2020/CI004_771520_070301_CON_MANUAL_OPERACIONES_V06.pdf
2820,5,CONSORCIO 4C,CI.004/GP7871/20/7.3.3,,,8 de abril de 2020,,15_01_Cartas_Enviadas/RADICADAS/2020/CI004_787120_070303_CON_INDICES_ABRIL_2020.pdf
2824,3,CONSORCIO 4C,CI.004/GP8290/20/7.1.9,,,2 de agosto de 2020,,15_01_Cartas_Enviadas/RADICADAS/2020/CI004_829020_070109_CON_ATEN_DP_ASALGUERO.pdf
2825,4,CONSORCIO 4C,CI.004/GP8498/20/7.4.4,,,0 de Septiembre de 2020,,15_01_Cartas_Enviadas/RADICADAS/2020/CI004_849820_070404_ANI_OBSERV_RESOL_EXPRO_ALMA-2-0026-1.pdf
2826,5,CONSORCIO 4C,CI.004/GP8462/20/7.1.8,,,2 de septiembre de 2020,,15_01_Cartas_Enviadas/RADICADAS/2020/CI004_846220_070108_CON_REV_INF-3_RES-1082-UF5.4.pdf
2827,3,CONSORCIO 4C,CI.004/GP8443/20/7.4.1,,,5 de Septiembre de 2020,,15_01_Cartas_Enviadas/RADICADAS/2020/CI004_844320_070401_ANI_CHEQUEO_PREDIALES_INCO.pdf
2828,2,CONSORCIO 4C,CI.004/GP8440/20/7.2.8,,,5 de Septiembre de 2020,,15_01_Cartas_Enviadas/RADICADAS/2020/CI004_844020_070208_ANI_FORMATO_GCSP-F-009_RECAUDOPEAJES_AGO20.pdf
2829,2,CONSORCIO 4C,GP-7556,,,0 de Febrero de 2020,,15_01_Cartas_Enviadas/RADICADAS/2020/CI004_755620_070109_CON_REVISION_ACTUALIZACION-PGSC-V5.pdf
2830,5,CONSORCIO 4C,CI.004/GP8105/20/7.4.6,,,0 de junio de 2020,,15_01_Cartas_Enviadas/RADICADAS/2020/CI004_810520_070406_CON_REV_AVALU_ALMA-5-0048.pdf
2831,3,CONSORCIO 4C,GP-7685,,,5 de Marzo de 2020,,15_01_Cartas_Enviadas/RADICADAS/2020/CI004_768520_070401_CON_OBS_INFOGP_ALMA-2020-0242.pdf
2832,25,CONSORCIO 4C,CI.004/GP8049/20/5.3,,,2 de Junio de 2020,,15_01_Cartas_Enviadas/RADICADAS/2020/CI004_804920_050300_ANI_EER_NPH-UF5.3.pdf
2833,4,CONSORCIO 4C,CI.004/GP7841/20/7.1.10,,,3 de abril de 2020,,15_01_Cartas_Enviadas/RADICADAS/2020/CI004_784120_070110_CON_VERIF_IMPLE_PROTBIO.pdf
2834,1,CONSORCIO 4C,GP-7458,,,0 de enero de2020,,15_01_Cartas_Enviadas/RADICADAS/2020/CI004_745820_070201_ANI_REM_FOR_GCSP-F-008_ISCP_II SEM20196.pdf
2835,2,CONSORCIO 4C,GP-8730,,,,,15_01_Cartas_Enviadas/RADICADAS/2020/CI004_873020_070210_ANI_ACTA-RETRIB_UF3_UF4_AGO_SEP_20_F.pdf
2836,3,CONSORCIO 4C,GP-7733,,,0 de Marzo de 2020,,15_01_Cartas_Enviadas/RADICADAS/2020/CI004_773320_090200_ANI_OBSERV_INFORME_IMI64.pdf
2837,5,CONSORCIO 4C,CI.004/GP8264/20/7.4.6,,,3 de agosto de 2020,,15_01_Cartas_Enviadas/RADICADAS/2020/CI004_826420_070406_CON_REV_AVALU_ALMA-5-0124.pdf
2838,7,CONSORCIO 4C,CI.004/GP8431/20/5.3,,,4 de Septiembre de 2020,,15_01_Cartas_Enviadas/RADICADAS/2020/CI004_843120_050300_ANI_POLIZAS_AMPLIACION-VIGENCIA.pdf
2839,3,CONSORCIO 4C,GP-7506,,,6 de Febrero de 2020,,15_01_Cartas_Enviadas/RADICADAS/2020/CI004_750620_070402_CON_PAGOS_COMPENSACIONES_EXPROPACION.pdf
2840,4,CONSORCIO 4C,CI.004/GP7876/20/7.4.1,,,9 de abril de 2020,,15_01_Cartas_Enviadas/RADICADAS/2020/CI004_787620_070401_CON_EXP_FINAL_ALMA-2019-02876.pdf
2841,5,CONSORCIO 4C,CI.004/GP7923/20/7.4.6,,,4 de mayo de 2020,,15_01_Cartas_Enviadas/RADICADAS/2020/CI004_792320_070406_CON_REV_AVALU_ALMA-3-0020-13.pdf
2843,5,CONSORCIO 4C,GP-8702,,,3 de Diciembre de 2020,,15_01_Cartas_Enviadas/RADICADAS/2020/CI004_870220_50300-070301_CON_PTO_CONTEO_BRISAS.pdf
2844,5,CONSORCIO 4C,CI.004/GP8377/20/7.4.6,,,8 de agosto de 2020,,15_01_Cartas_Enviadas/RADICADAS/2020/CI004_837720_070406_CON_REV_AVALUO_ALMA-5-0126.pdf
2842,7,CONSORCIO 4C,CI.004/GP8314/20/5.3,,,4 de agosto de 2020,,15_01_Cartas_Enviadas/RADICADAS/2020/CI004_831420_050300_CON_ESTUDIO_PERDID-MAXI-PROB_TERMINAC-UF5.pdf
2845,6,CONSORCIO 4C,GP-7489,,,1 de Enero de 2020,,15_01_Cartas_Enviadas/RADICADAS/2020/CI004_748920_070406_CON_AVALU_ALMA-5-0252_ENCISO.pdf
2846,3,CONSORCIO 4C,CI.004/GP8207/20/7.4.2,,,2 de Julio de 2020,,15_01_Cartas_Enviadas/RADICADAS/2020/CI004_820720_070109_ANI_AYUDA_MEMORIA_INS-OCU-ALMA-5-0012-1.pdf
2847,3,CONSORCIO 4C,GP-7617,,,3 de Marzo de 2020,,15_01_Cartas_Enviadas/RADICADAS/2020/CI004_761720_070110_CON_RSEGSISO-UF45_SEM242_249.pdf
2848,3,CONSORCIO 4C,CI.004/GP8255/20/7.2.2,,,1 de julio de 2020,,15_01_Cartas_Enviadas/RADICADAS/2020/CI004_825520_070202_CON_DIFERENCIA_FORMATO_CAPITAL-PRIVADO.pdf
2849,6,CONSORCIO 4C,CI.004/GP8260/20/7.1.10,,,3 de agosto de 2020,,15_01_Cartas_Enviadas/RADICADAS/2020/CI004_826020_070110_CON_SEG_SOCI_SALARIOS.pdf
2850,6,CONSORCIO 4C,CI.004/GP8755/20/7.4.1,,,1 de Diciembre de 2020,,15_01_Cartas_Enviadas/RADICADAS/2020/CI004_875520_070109_CON_OCUPACION_IRREGULAR_ALMA-2-0097.pdf
2851,2,CONSORCIO 4C,CI.004/GP8165/20/9.10,,,4 de Julio de 2020,,15_01_Cartas_Enviadas/RADICADAS/2020/CI004_816520_091000_ANI_INF_ESP_N96.pdf
2852,4,CONSORCIO 4C,CI.004/GP8021/20/9.2,,,1 de junio de 2020,,15_01_Cartas_Enviadas/RADICADAS/2020/CI004_802120_090200_SUP_SUPER_TRANSP_MAY-2020.pdf
2853,6,CONSORCIO 4C,CI.004/GP7775/20/9.3,,,7 de abril de 2020,,15_01_Cartas_Enviadas/RADICADAS/2020/CI004_777520_090300_CON_PLANOS_RECORD-UF1-UF4_R2.pdf
2854,4,CONSORCIO 4C,CI.004/GP8273/20/7.1.10,,,5 de agosto de 2020,,15_01_Cartas_Enviadas/RADICADAS/2020/CI004_827320_070110_CON_REVIS_PROTOCOL_BIOSEG.pdf
2856,2,CONSORCIO 4C,CI.004/GP8060/20/9.10,,,7 de Junio de 2020,,15_01_Cartas_Enviadas/RADICADAS/2020/CI004_806020_091000_ANI_INF_ESP_N92.pdf
2855,2,CONSORCIO 4C,GP-8588,,,9 de Octubre de 2020,,15_01_Cartas_Enviadas/RADICADAS/2020/CI004_858820_070402_CON_FICHAS_SOCIALES-ALMA-2020-2455-2298.pdf
2857,3,CONSORCIO 4C,GP-7518,,,2 de Febrero de 2020,,15_01_Cartas_Enviadas/RADICADAS/2020/CI004_751820_070401_CON_AYUDA_MESA-TRABAJO_PREDIAL-20200210.pdf
2858,4,CONSORCIO 4C,CI.004/GP8362/20/7.1.8,,,6 de agosto de 2020,,15_01_Cartas_Enviadas/RADICADAS/2020/CI004_836220_070108_CON_INF3_LEV-VEDA_RES-2602.pdf
2859,10,CONSORCIO 4C,CI.004/GP8026/20/7.3.3,,,0 de junio de 2020,,15_01_Cartas_Enviadas/RADICADAS/2020/CI004_802620_070303_MEDICI_INDICADORES-2019_#2F.pdf
2860,14,CONSORCIO 4C,CI.004/GP7703/20/5.3,AGENCIA NACIONAL DE INFRAESTRUCTURA – ANI,,25/03/2020,Concepto Interventoría sobre el alcance a la solicitud de ampliación del Evento Eximente de Responsabilidad Unidad Funcional 2.,15_01_Cartas_Enviadas/RADICADAS/2020/CI004_770320_050300_ANI_ALCANCE-EER_PRORROGA_UF2.pdf
2862,2,CONSORCIO 4C,CI.004/GP8383/20/9.10,AGENCIA NACIONAL DE INFRAESTRUCTURA - ANI,,31/08/2020,Ref. Contrato de Concesión 003 de 2014 Concesión Honda – Girardot – Puerto Salgar. Remisión de Informe Semanal 103. Avance de Unidades Funcionales en Construcción.,15_01_Cartas_Enviadas/RADICADAS/2020/CI004_838320_091000_ANI_INF_ESP_N103.pdf
2861,2,CONSORCIO 4C,CI.004/GP8548/19/7.2.1,AGENCIA NACIONAL DE INFRAESTRUCTURA – ANI,,19/10/2020,Ref. Contrato de Concesión 003 de 2014 Concesión Honda – Girardot – Puerto Salgar. Remisión Formato GCSP-F-007 Informe de Ejecución de Recursos Públicos – Septiembre 2020,15_01_Cartas_Enviadas/RADICADAS/2020/CI004_854820_070201_ANI_FORMATO_GCSP-F-007_INFO-EJEC-RECUR-PUB-SEP20.pdf
2863,3,CONSORCIO 4C,CI.004/GP8356/20/7.4.1,CONCESIÓN ALTO MAGDALENA S.A.S,ALMA-R-2020-1621,24/08/2020,Ref. Contrato de Concesión 003 de 2014 Concesión Honda - Puerto Salgar - Girardot Observaciones Expedientes Finales Prediales UF3 y UF5. Respuesta a carta ALMA-2019-03401,15_01_Cartas_Enviadas/RADICADAS/2020/CI004_835620_070401_CON_EXP_FINAL_ALMA-2019-03401.pdf
2864,14,CONSORCIO 4C,CI.004/GP7600/20/7.4.1,CONCESIÓN ALTO MAGDALENA S.A.S,ALMA-R-2826-0518,03/03/2020,Ref. Contrato de Concesión 003 de 2014 Concesión Honda – Girardot – Puerto Salgar. Expediente Predial ALMA-4-0076,15_01_Cartas_Enviadas/RADICADAS/2020/CI004_760020_070401_CON_SOLICITUD_PAGOS_PREDIO-ALMA-4-0076.pdf
2866,4,CONSORCIO 4C,CI.004/7584/20/7.1.15,CONCESIÓN ALTO MAGDALENA S.A.S,,26/02/2020,Manejo de la Subcuenta Redes,15_01_Cartas_Enviadas/RADICADAS/2020/CI004_758420_070115_CON_MANBALANCE_SUCUEN_RED.pdf
2865,2,CONSORCIO 4C,CI.004/GP7538/20/7.1.7,CONCESIÓN ALTO MAGDALENA S.A.S,,14/02/2020,Ref. Contrato de Concesión 003 de 2014 Concesión Honda – Girardot – Puerto Salgar Revisión Ajuste Rampa Derecha Puente Peatonal La Dorada.,15_01_Cartas_Enviadas/RADICADAS/2020/CI004_753820_070107_CON_AJUSTE_PTE_PETONAL_DORADA_UF5 (1).pdf
2867,8,CONSORCIO 4C,CI.004/GP8546/20/7.5,CONCESIÓN ALTO MAGDALENA S.A.S,,16/10/2020,Ref. Contrato de Concesión 003 de 2014 Concesión Honda - Puerto Salgar - Girardot Revisión Memoria Técnica Agosto 2020,15_01_Cartas_Enviadas/RADICADAS/2020/CI004_854620_070500_CON_MEMOTECNICA_AGO20.pdf
2869,3,CONSORCIO 4C,CI.004/GP8201/20/5.3-7.2.9,AGENCIA NACIONAL DE INFRAESTRUCTURA – ANI,,22/07/2020,Ref. Contrato de Interventoría 145 de 2014 Proyecto Girardot – Honda – Puerto Salgar Reconocimiento Acta de Recaudo Peajes Suspensión Cobro Peajes- Decreto 457 y 482 de 2020.,15_01_Cartas_Enviadas/RADICADAS/2020/CI004_820120_050300_070209_ANI_ACTA-TRIM_RECAU-PEAJES_SIN-COBRO.pdf
2870,3,CONSORCIO 4C,CI.004/8578/20/7.2.10,AGENCIA NACIONAL DE INFRAESTRUCTURA - ANI,,27/10/2020,Ref. Contrato de Concesión 003 de 2014 Concesión Honda – Girardot – Puerto Salgar Actas Retribución UF2 Marzo-Abril-Mayo-Junio 2019,15_01_Cartas_Enviadas/RADICADAS/2020/CI004_857820_070210_ANI_ACTAS-RETRIB_UF2_MAR-ABR-MAY-JUN20.pdf
2868,4,CONSORCIO 4C,CI.004/GP7810/20/7.4.1,CONCESIÓN ALTO MAGDALENA S.A.S.,ALMA-2019-02820,17/04/2020,"Ref. Contrato de Concesión 003 de 2014 Concesión Honda – Girardot – Puerto Salgar. Observaciones Expediente Final Predial Predio ALMA-2-0016-1, UF2.",15_01_Cartas_Enviadas/RADICADAS/2020/CI004_781020_070401_CON_EXP_FINAL_ALMA-2019-02820.pdf
2871,3,CONSORCIO 4C,CI.004/GP8208/20/7.3.3,CONCESIÓN ALTO MAGDALENA S.A.S.,,22/07/2020,Ref. Contrato de Concesión 003 de 2014 Concesión Honda – Girardot – Puerto Salgar Entrega Certificados Calibración Equipos Medición Indicadores Segundo Semestre 2020,15_01_Cartas_Enviadas/RADICADAS/2020/CI004_820820_070303_CON_CALIBRAC_EQUIPO_ALTO-RENDIM-2020-.pdf
2874,8,CONSORCIO 4C,CI.004/GP8594/20/5.3,AGENCIA NACIONAL DE INFRAESTRUCTURA - ANI,,29/10/2020,Solicitud No objeción Plazo de Cura,15_01_Cartas_Enviadas/RADICADAS/2020/CI004_859420_050300_ANI_NOOBJECIÓN_CURA_ACCESO_UF2.pdf
2873,7,CONSORCIO 4C,CI.004/GP8192/20/7.1.9,CONCESIÓN ALTO MAGDALENA S.A.S.,,21/07/2020,Ref. Contrato de Concesión 003 de 2014 Concesión Honda – Girardot – Puerto Salgar. Observaciones Pagos Compensaciones Socioeconómicas,15_01_Cartas_Enviadas/RADICADAS/2020/CI004_819220_070402_CON_PAGO_COMPENSACIONES_SOCIALES.pdf
2872,5,CONSORCIO 4C,CI.004/GP8099/20/7.1.8,CONCESIÓN ALTO MAGDALENA S.A.S.,,26/06/2020,Ref. Contrato de Concesión 003 de 2014 Concesión Honda – Girardot – Puerto Salgar. Seguimiento Avance Acciones Compensación Ambiental / Expediente 51510 – UF3.,15_01_Cartas_Enviadas/RADICADAS/2020/CI004_809920_070108_CON_COMP-AMB_UTILI-PUBLICA_EXP-51510.pdf
2875,2,CONSORCIO 4C,CI.004/GP8335/20/7.1.9,,,20/08/2020,Ref. Contrato de Concesión 003 de 2014 Concesión Honda – Girardot – Puerto Salgar. Respuesta solicitud,15_01_Cartas_Enviadas/RADICADAS/2020/CI004_833520_070109_TER_RTA_SOLICITUD_MQUINTERO.pdf
2878,9,CONSORCIO 4C,CI.004/GP8001/20/5.3,AGENCIA NACIONAL DE INFRAESTRUCTURA,,04/06/2020,Solicitud No objeción Plazo de Cura.,15_01_Cartas_Enviadas/RADICADAS/2020/CI004_800120_050300_ANI_NO-OBJECION_CURA_INFO-REDES.pdf
2876,6,CONSORCIO 4C,CI.004/8574/20/7.1.15,CONCESIÓN ALTO MAGDALENA S.A.S.,ALMA-2020-2533,23/10/2020,Ref. Contrato de Concesión 003 de 2014 Concesión Honda – Girardot – Puerto Salgar Respuesta Comunicación ALMA-2020-2533,15_01_Cartas_Enviadas/RADICADAS/2020/CI004_857420_070115_CON_ACTA-16_RES_ALMA-2020-2533.pdf
2877,7,CONSORCIO 4C,CI.004/GP7852/20/7.1.8,CONCESIÓN ALTO MAGDALENA S.A.S,,24/04/2020,Ref. Contrato de Concesión 003 de 2014 Concesión Honda – Girardot – Puerto Salgar Observaciones Informe N° 5 Resolución 0817 de 2016 / Respuesta ALMA-2020-1004. UF 4.1,15_01_Cartas_Enviadas/RADICADAS/2020/CI004_785220_070108_CON_REV_INF-5_RES-0817-UF4.1.pdf
2879,5,CONSORCIO 4C,CI.004/GP8557/20/7.4.1,CONCESIÓN ALTO MAGDALENA S.A.S,,20/10/2020,Ref. Contrato de Concesión 003 de 2014 Concesión Honda - Puerto Salgar - Girardot. Requerimiento Instalación Cercas Unidad Funcional 4.,15_01_Cartas_Enviadas/RADICADAS/2020/CI004_855720_070401_CON_REQUERIMIENTO_CERCAS_UF4.pdf
2881,3,CONSORCIO 4C,CI.004/GP8187/20/7.1.9,,,21/07/2020,Ref. Contrato de Concesión 003 de 2014 Concesión Honda – Girardot – Puerto Salgar. Respuesta Solicitud Señora Suguey Barragán,15_01_Cartas_Enviadas/RADICADAS/2020/CI004_818720_070109_TER_SOLICITUD_CRA1-PTO-BOGOTA_BARRAGAN.pdf
2880,8,CONSORCIO 4C,CI.004/GP7897/20/7.1.9,AGENCIA NACIONAL DE INFRAESTRUCTURA – ANI,,07/05/2020,Ref. Contrato de Concesión 003 de 2014 Concesión Honda – Girardot – Puerto Salgar. Concepto Solicitud Comunidad Sector Caracolí – Honda Tolima,15_01_Cartas_Enviadas/RADICADAS/2020/CI004_789720_070109_ANI_CONCEPTO_BARRIO_CARACOLI.pdf
2883,4,CONSORCIO 4C,CI.004/GP7712/20/5.3,CONCESIÓN ALTO MAGDALENA S.A.S,,26/03/2020,Ref. Contrato de Concesión 003 de 2014 Concesión Honda – Girardot – Puerto Salgar. Actualización Pólizas Contrato Oficios ALMA-2020-0718-ALMA-2020-0830,15_01_Cartas_Enviadas/RADICADAS/2020/CI004_771220_050300_ACTUALIZACION_POLIZAS_MARZO-2020.pdf
2882,6,CONSORCIO 4C,CI.004/GP7621/20/7.4.1,CONCESIÓN ALTO MAGDALENA S.A.S,ALMA-R-2020-0567,03/03/2020,Ref. Contrato de Concesión 003 de 2014 Concesión Honda – Girardot – Puerto Salgar. Reiteración Restitución de Bienes de Uso Público e Instalación de Cercas Área Remanente Predio ALMA-4-0030,15_01_Cartas_Enviadas/RADICADAS/2020/CI004_762120_070401_CON_REITERA_INVASI-CERCAS_REMANENTE-ALMA-4-0030.pdf
2884,5,CONSORCIO 4C,CI.004/GP7935/20/7.1.8,CONCESIÓN ALTO MAGDALENA S.A.S,,18/05/2020,Ref. Contrato de Concesión 003 de 2014 Concesión Honda – Girardot – Puerto Salgar. Respuesta ALMA-2020-1244 / Observaciones Informe Trimestral Ambiental N°21_V1,15_01_Cartas_Enviadas/RADICADAS/2020/CI004_793520_070108_CON_ALMA-2020-1244_TRIM_21_V1.pdf
2885,5,CONSORCIO 4C,CI.004/GP8779/20/7.4.6,CONCESIÓN ALTO MAGDALENA S.A.S,,30/12/2020,"Ref. Contrato de Concesión 003 de 2014 Concesión Honda – Girardot – Puerto Salgar. Revisión de Avalúo Predio ALMA-2-0122-1, UF2",15_01_Cartas_Enviadas/RADICADAS/2020/CI004_877920_070406_CON_OBS_AVALUO_ALMA-2-0122-1.pdf
2886,4,CONSORCIO 4C,CI.004/GP8046/20/7.4.4,AGENCIA NACIONAL DE INFRAESTRUCTURA - ANI,,11/06/2020,"Ref. Contrato de Concesión 003 de 2014 Concesión Honda – Girardot – Puerto Salgar Observaciones Resolución de Expropiación predio ALMA-3-0101, UF3",15_01_Cartas_Enviadas/RADICADAS/2020/CI004_804620_070404_ANI_OBSERV_RESOL_EXPRO_ALMA-3-0101.pdf
2887,4,CONSORCIO 4C,CI.004/GP7801/20/7.4.1,CONCESIÓN ALTO MAGDALENA S.A.S.,ALMA-2019-02733,16/04/2020,"Ref. Contrato de Concesión 003 de 2014 Concesión Honda – Girardot – Puerto Salgar. Observaciones Expediente Final Predial Predio ALMA-2-0008, UF2.",15_01_Cartas_Enviadas/RADICADAS/2020/CI004_780120_070401_CON_EXP_FINAL_ALMA-2019-02733.pdf
2889,4,CONSORCIO 4C,CI.004/GP8661/20/7.1.15,CONCESIÓN ALTO MAGDALENA S.A.S.,,24/11/2020,Ref. Contrato de Concesión 003 de 2014 Concesión Honda - Puerto Salgar - Girardot Observación Soportes Fondeo No 5 Acta de redes No 13 y 14.,15_01_Cartas_Enviadas/RADICADAS/2020/CI004_866120_070115_CON_OBSER_CUENTA_5_REDES.pdf
2890,3,CONSORCIO 4C,CI.004/GP8427/20/7.4.1,CONCESIÓN ALTO MAGDALENA S.A.S,,11/09/2020,Observaciones Expedientes Finales Prediales UF3 y UF5. Respuesta a carta ALMA-2019-3820,15_01_Cartas_Enviadas/RADICADAS/2020/CI004_842720_070401_CON_EXP_FINAL_ALMA-2019-3820 __.pdf
2888,3,CONSORCIO 4C,CI.004/GP8401/20/7.1.10,CONCESIÓN ALTO MAGDALENA S.A.S,,03/09/2020,Ref. Contrato de Concesión 003 de 2014 Concesión Girardot - Honda - Puerto Salgar. Soportes de Seguridad Social enero de 2020 y Salarios de diciembre de 2020.,15_01_Cartas_Enviadas/RADICADAS/2020/CI004_840120_070110_CON_SEGUR_SOCI_SALARI-DIC-ENE.pdf
2892,4,CONSORCIO 4C,GP-7417,,,5 de Enero de 2020,,15_01_Cartas_Enviadas/RADICADAS/2020/CI004_741720_070406_CON_AVALU_ALMA-2019-03849.pdf
2891,8,CONSORCIO 4C,CI.004/GP7385/20/7.3.3,CONCESIÓN ALTO MAGDALENA S.A.S,,08/01/2020,RESULTADO MEDICIÓN NIVELES DE SERVICIO ALMA-R-2020-0035,15_01_Cartas_Enviadas/RADICADAS/2020/CI004_738520_070303_CON_INDICES_DICIEMBRE_2019.pdf
2893,51,CONSORCIO 4C,GP-7646,,,0 de Marzo de 2020,,15_01_Cartas_Enviadas/RADICADAS/2020/CI004_764620_070401_CON_INFORME_OLYMPUS-2020-0613.pdf
2896,2,CONSORCIO 4C,GP-7620,,,3 de Marzo de 2020,,15_01_Cartas_Enviadas/RADICADAS/2020/CI004_762020_070301_ANI_DESTRUCC_BOLETER_PEAJE-2019.pdf
2895,19,CONSORCIO 4C,GP-7645,,,0 de Marzo de 2020,,15_01_Cartas_Enviadas/RADICADAS/2020/CI004_764520_050300_070401_ANI_REQUERI_PREDIALES_AUDITOR.pdf
2897,2,CONSORCIO 4C,GP-7511,,,0 de Febrero de 2020,,15_01_Cartas_Enviadas/RADICADAS/2020/CI004_751120_090200_ANI_INF_SOCIOAMB_ENE_2020.pdf
2898,8,CONSORCIO 4C,CI.004/GP8418/20/7.2.8,,,9 de Septiembre de 2020,,15_01_Cartas_Enviadas/RADICADAS/2020/CI004_841820_070208_ANI_PROYECCION_DR8_V7.pdf
2899,5,CONSORCIO 4C,GP-7498,,,5 de Febrero de 2020,,15_01_Cartas_Enviadas/RADICADAS/2020/CI004_749820_070108_CON_INFO_EER_EXP52038.pdf
2900,5,CONSORCIO 4C,CI.004/GP8029/20/7.4.6,,,0 de junio de 2020,,15_01_Cartas_Enviadas/RADICADAS/2020/CI004_802920_070406_CON_REV_AVALU_ALMA-2-0064-1.pdf
2901,3,CONSORCIO 4C,CI.004/GP7962/20/5.3-9.3,,,6 de Mayo de 2020,,15_01_Cartas_Enviadas/RADICADAS/2020/CI004_796220_050300_090300_ANI_INFO-TECNIC_ENTREGA_NPH-UF5.3.pdf
2894,5,CONSORCIO 4C,CI.004/8693/20/7.1.15,,,1 de diciembre de 2020,,15_01_Cartas_Enviadas/RADICADAS/2020/CI004_869320_070115_CON_RES_ALMA-2020-2854.pdf
2902,5,CONSORCIO 4C,CI.004/GP7828/20/7.3,,,1 de abril de 2020,,15_01_Cartas_Enviadas/RADICADAS/2020/CI004_782820_050300_CON_CAMABAJA_RTA#3.pdf
2903,12,CONSORCIO 4C,GP-7623,,,4 de Marzo de 2020,,15_01_Cartas_Enviadas/RADICADAS/2020/CI004_762320_070109_ANI_INFORME2_DP_VACAB.pdf
2906,2,CONSORCIO 4C,GP-7574,,,5 de Febrero de 2020,,15_01_Cartas_Enviadas/RADICADAS/2020/CI004_757420_070401_070115_CON_INVENTARIO_SERV_PUBL.pdf
2907,11,CONSORCIO 4C,GP-7633,,,6 de Marzo de 2020,,15_01_Cartas_Enviadas/RADICADAS/2020/CI004_763320_070400_REQUERI_CALIDAD_AVALUOS_EXPEDIENTES.pdf
2908,4,CONSORCIO 4C,CI.004/GP8364/20/7.1.10,,,6 de agosto de 2020,,15_01_Cartas_Enviadas/RADICADAS/2020/CI004_836420_070110_CON_REVIS_PROT_BIOSEG_MECO.pdf
2909,2,CONSORCIO 4C,GP-7507,,,6 de Febrero de 2020,,15_01_Cartas_Enviadas/RADICADAS/2020/CI004_750720_070402_CON_FICHAS_SOCIALES_ALMA-0014.pdf
2904,5,CONSORCIO 4C,CI.004/GP8680/20/7.1.4,,,6 de noviembre de 2020,,15_01_Cartas_Enviadas/RADICADAS/2020/CI004_868020_070104_CON_RETIRO_CONTENEDORES_AREA_SERV_UF5.2.pdf
2910,2,CONSORCIO 4C,GP-7394,,,0 de Enero de 2020,,15_01_Cartas_Enviadas/RADICADAS/2020/CI004_739420_090200_SUP_SUPER_TRANSP_DICIEMBRE-191.pdf
2911,2,CONSORCIO 4C,CI.004/GP7945/20/7.1.9,,,9 de Mayo de 2020,,15_01_Cartas_Enviadas/RADICADAS/2020/CI004_794520_070109_ANI_MATRIZ_COMPENSA_ABRIL20.pdf
2912,3,CONSORCIO 4C,CI.004/GP8386/20/7.3.3,,,1 de septiembre de 2020,,15_01_Cartas_Enviadas/RADICADAS/2020/CI004_838620_070303_CON_MEDICI_INDICADORES_SEPT-20.pdf
2905,6,CONSORCIO 4C,GP-7766,,,6 de Abril de 2020,,15_01_Cartas_Enviadas/RADICADAS/2020/CI004_776620_070404_ANI_OBSERV_RESOL_EXPRO_ALMA-3-0081.pdf
2913,3,CONSORCIO 4C,CI.004/GP7909/20/5.3,,,1 de mayo de 2020,,15_01_Cartas_Enviadas/RADICADAS/2020/CI004_790920_050300_CON_ACTUAL_POLIZAS_OTROSI-9.pdf
2915,4,CONSORCIO 4C,CI.004/GP8568/20/7.4.1,,,2 de octubre de 2020,,15_01_Cartas_Enviadas/RADICADAS/2020/CI004_856820_070401_CON_REV_CRONO_EXPED_FINALES.pdf
2914,10,CONSORCIO 4C,GP-7553,,,8 de Febrero de 2020,,15_01_Cartas_Enviadas/RADICADAS/2020/CI004_755320_050300_CON_ACTA_DEC_EE_RESPON.pdf
2916,5,CONSORCIO 4C,GP-8218,,,4 de Julio de 2020,,15_01_Cartas_Enviadas/RADICADAS/2020/CI004_821820_070406_CON_REV_AVALUO_ALMA-5-0048.pdf
2917,8,CONSORCIO 4C,GP-7720,,,7 de Marzo de 2020,,15_01_Cartas_Enviadas/RADICADAS/2020/CI004_772020_050300_ANI_CIERRE_CURA_SABANA-AVALUOS.pdf
2918,5,CONSORCIO 4C,GP-7416,,,5 de Enero de 2020,,15_01_Cartas_Enviadas/RADICADAS/2020/CI004_741620_070401_CON_SEGUIMIENTO_EER-PREDIAL-UF2_INF03769-03990.pdf
2919,2,CONSORCIO 4C,CI.004/GPP8134/20/9.10,,,7 de Julio de 2020,,15_01_Cartas_Enviadas/RADICADAS/2020/CI004_813420_091000_ANI_INF_ESP_N95.pdf
2920,3,CONSORCIO 4C,GP-8491,,,0 de Septiembre de 2020,,15_01_Cartas_Enviadas/RADICADAS/2020/CI004_849120_070402_CON_FICHAS_SOCIALES-ALMA-2129.pdf
2921,6,CONSORCIO 4C,GP-7522,,,3 de febrero de 2020,,15_01_Cartas_Enviadas/RADICADAS/2020/CI004_752220_070209_ANI_ACTA_CAL_VPIP_ENE2020.pdf
2922,3,CONSORCIO 4C,GP-7434,,,1 de enero de 2020,,15_01_Cartas_Enviadas/RADICADAS/2020/CI004_743420_070404_CON_RES_EXP_ALMA-2019-028601.pdf
2923,6,CONSORCIO 4C,CI.004/GP8270/20/5.3-7.3.3,,,5 de agosto de 2020,,15_01_Cartas_Enviadas/RADICADAS/2020/CI004_827020_050300_070303_CON_DEFLECT-E16_ACLARAC-ANI_REQUERI.pdf
2924,4,CONSORCIO 4C,CI.004/GP8641/20/7.1.8,,,7 de noviembre de 2020,,15_01_Cartas_Enviadas/RADICADAS/2020/CI004_864120_070108_CON_PAGA_UF5.1.pdf
2925,4,CONSORCIO 4C,CI.004/7774/20/7.1.15,,,7 de abril de 2020,,15_01_Cartas_Enviadas/RADICADAS/2020/CI004_777420_070115_CON_PROTEC_RED-NORCASIARES_ALMA-2020-0554.pdf
2926,5,CONSORCIO 4C,CI.004/GP7942/20/7.4.6,,,9 de mayo de 2020,,15_01_Cartas_Enviadas/RADICADAS/2020/CI004_794220_070406_CON_REV_AVALU_ALMA-2-0122.pdf
2927,3,CONSORCIO 4C,CI.004/GP8413/20/7.3.1.,,,8 de septiembre de 2020,,15_01_Cartas_Enviadas/RADICADAS/2020/CI004_841320_070301_CON_INFO-AUDI_PEAJE_AGO-2020.pdf
2928,2,CONSORCIO 4C,CI.004/GP7961/20/7.1.9,,,2 de Mayo de 2020,,15_01_Cartas_Enviadas/RADICADAS/2020/CI004_796120_070109_ANI_INFO-REGISTRO_UNIDADES_SOCIALES.pdf
2929,5,CONSORCIO 4C,GP-7477,,,4 de Febrero de 2020,,15_01_Cartas_Enviadas/RADICADAS/2020/CI004_747720_070111_CON_PMT_NORCASIA_ALMA-2020-0077.pdf
2931,8,CONSORCIO 4C,CI.004/GP8354/20/5.3-9.3,,,4 de agosto de 2020,,15_01_Cartas_Enviadas/RADICADAS/2020/CI004_835420_050300_090300_CON_INFO_ESPECIF-TEC_UF3_R6.pdf
2930,5,CONSORCIO 4C,CI.004/GP8776/20/7.4.6,,,0 de diciembre de 2020,,15_01_Cartas_Enviadas/RADICADAS/2020/CI004_877620_070406_CON_REV_AVALU_ALMA-2020-3163.pdf
2933,4,CONSORCIO 4C,CI.004/GP8735/20/7.4.4,,,5 de Diciembre de 2020,,15_01_Cartas_Enviadas/RADICADAS/2020/CI004_873520_070404_ANI_OBSERV_RESOL_EXPRO2_ALMA-4-0035.pdf
2932,1,CONSORCIO 4C,GP-7382,,,3 de enero de 2020,,15_01_Cartas_Enviadas/RADICADAS/2020/CI004_738220_070201_ANI_ACTAS_RET_UF1-UF3_NOV19.pdf
2934,4,CONSORCIO 4C,GP-8297,,,3 de Agosto de 2020,,15_01_Cartas_Enviadas/RADICADAS/2020/CI004_829720_070406_CON_REV_2AVALUO_UF5.pdf
2935,4,CONSORCIO 4C,GP-7486,,,1 de Enero de 2020,,15_01_Cartas_Enviadas/RADICADAS/2020/CI004_748620_050300_070303_ANI_TIEMPO_PUBLICACIÓN.pdf
2937,3,CONSORCIO 4C,CI.004/GP7863/20/7.1.10,,,8 de abril de 2020,,15_01_Cartas_Enviadas/RADICADAS/2020/CI004_786320_070110_ALCALD_PROTOC_CERTIF_NARI.pdf
2936,4,CONSORCIO 4C,CI.004/GP8257/20/7.4.1,,,1 de julio de 2020,,15_01_Cartas_Enviadas/RADICADAS/2020/CI004_825720_070401_CON_INFO_OLYMPUS_ALMA-2020-1962.pdf
2938,5,CONSORCIO 4C,CI.004/GP7958/20/7.4.6,,,2 de mayo de 2020,,15_01_Cartas_Enviadas/RADICADAS/2020/CI004_795820_070406_CON_REV_AVALU_ALMA-3-0130.pdf
2939,9,CONSORCIO 4C,CI.004/GP8183/20/9.3,,,7 de julio de 2020,,15_01_Cartas_Enviadas/RADICADAS/2020/CI004_818320_090300_CON_PLANOS_RECORD_PROYECTO.pdf
2940,6,CONSORCIO 4C,CI.004/GP8411/20/7.1.3,,,8 de septiembre de 2020,,15_01_Cartas_Enviadas/RADICADAS/2020/CI004_841120_070103_CON_PATOLOG_ANDENES_UF5.2.pdf
2941,13,CONSORCIO 4C,CI.004/GP8410/20/9.1,,,4 de Septiembre de 2020,,15_01_Cartas_Enviadas/RADICADAS/2020/CI004_841020_090100_ANI_AVANCE4_GESTIONES_PROYEC.pdf
2942,2,CONSORCIO 4C,CI.004/GP7963/20/9.10,,,6 de Mayo de 2020,,15_01_Cartas_Enviadas/RADICADAS/2020/CI004_796320_091000_ANI_INF_ESP_N89.pdf
2943,2,CONSORCIO 4C,CI.004/GP8198/20/7.2.8,,,2 de Julio de 2020,,15_01_Cartas_Enviadas/RADICADAS/2020/CI004_819820_070208_ANI_FORMATO_GCSP-F-009_RECAUDOPEAJES_JUN-20.pdf
2944,4,CONSORCIO 4C,GP-7615,,,3 de Marzo de 2020,,15_01_Cartas_Enviadas/RADICADAS/2020/CI004_761520_050300_CON_CAMA_BAJA.pdf
2945,7,CONSORCIO 4C,GP-7652,,,1 de Marzo de 2020,,15_01_Cartas_Enviadas/RADICADAS/2020/CI004_765220_070303_CON_INDICES_FEBRERO_2020.pdf
2946,4,CONSORCIO 4C,GP-7760,,,3 de Abril de 2020,,15_01_Cartas_Enviadas/RADICADAS/2020/CI004_776020_070401_CON_EXP_FINAL_ALMA-2019-02738.pdf
2947,3,CONSORCIO 4C,GP-7453,,,,,15_01_Cartas_Enviadas/RADICADAS/2020/CI004_745320_070301_CON_ERROR_CLAS_VEHIC_II-CAT-.pdf
2949,2,CONSORCIO 4C,CI.004/GP8235/20/7.3.3,,,8 de Julio de 2020,,15_01_Cartas_Enviadas/RADICADAS/2020/CI004_823520_070303_ANI_E16_EVALUACI_ESTRUCTURAL-.pdf
2948,2,CONSORCIO 4C,GP-7710,,,5 de Marzo de 2020,,15_01_Cartas_Enviadas/RADICADAS/2020/CI004_771020_091000_ANI_INF_ESP_N80.pdf
2950,3,CONSORCIO 4C,GP-8404,,,4 de Septiembre de 2020,,15_01_Cartas_Enviadas/RADICADAS/2020/CI004_840420_070402_CON_FICHAS_SOCIALES-ALMA-1568-2012-1675-2011.pdf
2951,4,CONSORCIO 4C,CI.004/GP8349/20/7.4.4,,,4 de agosto de 2020,,15_01_Cartas_Enviadas/RADICADAS/2020/CI004_834920_070404_CON_OBS_RES_EXP_ALMA-5-0106.pdf
2952,4,CONSORCIO 4C,CI.004/GP8177/20/7.4.4,,,1 de Julio de 2020,,15_01_Cartas_Enviadas/RADICADAS/2020/CI004_817720_070404_ANI_OBSERV_RESOL_EXPRO_ALMA-5-0102.pdf
2953,3,CONSORCIO 4C,CI.004/GP8617/20/7.4.4,,,5 de noviembre de 2020,,15_01_Cartas_Enviadas/RADICADAS/2020/CI004_861720_070404_CON_OBS_RES_EXPR_ALMA-5-0069.pdf
2954,2,CONSORCIO 4C,GP-7557,,,0 de Febrero de 2020,,15_01_Cartas_Enviadas/RADICADAS/2020/CI004_755720_070402_CON_ACTUALIZA_PCSE_ALMA-2020-0318.pdf
2955,3,CONSORCIO 4C,GP-7649,,,2 de Marzo de 2020,,15_01_Cartas_Enviadas/RADICADAS/2020/CI004_764920_070401_CON_EXP_FINAL_ALMA-2019-02462.pdf
2956,3,CONSORCIO 4C,CI.004/8100/20/7.1.15,,,6 de junio de 2020,,15_01_Cartas_Enviadas/RADICADAS/2020/CI004_810020_070115_CON_ALMA-2020-1582_TUBERIA-1PGDA.pdf
2957,2,CONSORCIO 4C,CI.004/GP8062/20/7.2.2,,,8 de Junio de 2020,,15_01_Cartas_Enviadas/RADICADAS/2020/CI004_806220_070202_ANI_FORMATO-GCSP-F-007_ INFORME-EJEC-RECURS-PUB_MAY20.pdf
2958,4,CONSORCIO 4C,CI.004/GP7819/20/7.1.10,,,1 de abril de 2020,,15_01_Cartas_Enviadas/RADICADAS/2020/CI004_781920_070110_CON_REACT_INTERV_OBRAS D.pdf
2959,7,CONSORCIO 4C,GP-7751,,,2 de Abril de 2020,,15_01_Cartas_Enviadas/RADICADAS/2020/CI004_775120_070107_CON_DIS_DRENA_GLOR-NORCAS.pdf
2961,5,CONSORCIO 4C,CI.004/GP8217/20/7.4.6,,,4 de julio de 2020,,15_01_Cartas_Enviadas/RADICADAS/2020/CI004_821720_070406_CON_REV_AVALU_ALMA-5-0251-1.pdf
2960,5,CONSORCIO 4C,CI.004/GP8008/20/7.4.6,,,4 de junio de 2020,,15_01_Cartas_Enviadas/RADICADAS/2020/CI004_800820_070406_CON_REV_AVALU_ALMA-2-0003-1.pdf
2962,6,CONSORCIO 4C,GP-7665,,,2 de Marzo de 2020,,15_01_Cartas_Enviadas/RADICADAS/2020/CI004_766520_070110_CON_RSEGSOC_DIC_SAL_NOV2019.pdf
2963,2,CONSORCIO 4C,CI.004/GP8332/20/7.2.8,,,0 de Agosto de 2020,,15_01_Cartas_Enviadas/RADICADAS/2020/CI004_833220_070208_ANI_FORMATO_GCSP-F-009_RECAUDO-PEAJES-JUL20.pdf
2964,4,CONSORCIO 4C,CI.004/GP8357/20/7.1.8,,,5 de agosto de 2020,,15_01_Cartas_Enviadas/RADICADAS/2020/CI004_835720_070108_CON_INF7_LEV_VEDA-RES_2284.pdf
2965,4,CONSORCIO 4C,GP-7758,,,2 de Abril de 2020,,15_01_Cartas_Enviadas/RADICADAS/2020/CI004_775820_070401_CON_EXP_FINAL_ALMA-2019-02740.pdf
2966,2,CONSORCIO 4C,CI.004/GP8056/20/7.2.8,,,2 de Junio de 2020,,15_01_Cartas_Enviadas/RADICADAS/2020/CI004_805620_070208_ANI_FORMATO_GCSP-F-009_RECAUDOPEAJES_MAY-20.pdf
2967,5,CONSORCIO 4C,CI.004/GP8523/20/7.1.8-7.4.-7.4.1,,,8 de octubre de 2020,,15_01_Cartas_Enviadas/RADICADAS/2020/CI004_852320_070108_CON_AVALUO_LA-ESPERANZA_PTO-SALGAR.pdf
2968,2,CONSORCIO 4C,CI.004/GP8329/20/7.2.2,,,0 de Agosto de 2020,,15_01_Cartas_Enviadas/RADICADAS/2020/CI004_832920_070202_ANI_FORMATO_GCSP-F-207_RENDIMIENTOS-JUL20.pdf
2969,1,CONSORCIO 4C,GP-7541,,,1 de febrero de 2020,,15_01_Cartas_Enviadas/RADICADAS/2020/CI004_754120_070202_ANI_REM_FOR_GCSP-F-207_RSC_ENER2020.pdf
2970,2,CONSORCIO 4C,GP-8130,,,6 de Julio de 2020,,15_01_Cartas_Enviadas/RADICADAS/2020/CI004_813020_070401_CON_ENTREGA_EXPEDI_ALMA-2-0095.pdf
2971,3,CONSORCIO 4C,CI.004/GP8520/20/7.4.1,,,7 de octubre de 2020,,15_01_Cartas_Enviadas/RADICADAS/2020/CI004_852020_070401_CON_SABANA_AVALUOS_2020-2527.pdf
2972,3,CONSORCIO 4C,GP-7650,,,1 de Marzo de 2020,,15_01_Cartas_Enviadas/RADICADAS/2020/CI004_765020_050300_ANI_ALCAN_MULTA_SABA-AVAL.pdf
2973,2,CONSORCIO 4C,GP-7481,,,0 de Enero de 2020,,15_01_Cartas_Enviadas/RADICADAS/2020/CI004_748120_091000_ANI_INF_ESP_N71.pdf
2974,11,CONSORCIO 4C,CI.004/GP7895/20/5.3,,,7 de mayo de 2020,,15_01_Cartas_Enviadas/RADICADAS/2020/CI004_789520_050300_CON_PURNIO_KORAN_ECOPETROL.pdf
2975,2,CONSORCIO 4C,CI.004/GP8737/20/7.2.2,,,5 de Diciembre de 2020,,15_01_Cartas_Enviadas/RADICADAS/2020/CI004_873720_070202_ANI_FORMATO_GCSP-F-207_NOV-2020.pdf
2976,5,CONSORCIO 4C,CI.004/GP8358/20/7.4.6,,,5 de agosto de 2020,,15_01_Cartas_Enviadas/RADICADAS/2020/CI004_835820_070406_CON_REV_AVALUO_ALMA-5-0075.pdf
2977,3,CONSORCIO 4C,GP-8747,,,8 de Diciembre de 2020,,15_01_Cartas_Enviadas/RADICADAS/2020/CI004_874720_070404_CON_OBS_RES_EXPRO_ALMA-4-0062.pdf
2978,2,CONSORCIO 4C,GP-7644,,,0 de Marzo de 2020,,15_01_Cartas_Enviadas/RADICADAS/2020/CI004_764420_090200_ANI_INFORME_MENSUAL_FEB_2020.pdf
2979,2,CONSORCIO 4C,GP-7420,,,,,15_01_Cartas_Enviadas/RADICADAS/2020/CI004_742020_070401_CON_ACTUALIZACION_TABLAS_AVALUOS_1.pdf
2980,10,CONSORCIO 4C,GP-7672,,,2 de Marzo de 2020,,15_01_Cartas_Enviadas/RADICADAS/2020/CI004_767220_050300_070402_ANI_NOOBJEC_CURA_COMPENS.pdf
2981,6,CONSORCIO 4C,GP-7714,,,6 de Marzo de 2020,,15_01_Cartas_Enviadas/RADICADAS/2020/CI004_771420_070110_CON_ESTADO_CIERRE_SEGSOC.pdf
2982,4,CONSORCIO 4C,CI.004/GP8614/20/5.3,,,5 de noviembre de 2020,,15_01_Cartas_Enviadas/RADICADAS/2020/CI004_861420_070202_CON_OBSERVACIONES_INFORME_SEPTIEMBRE-20.pdf
2983,2,CONSORCIO 4C,CI.004/GP7865/20/7.1.10,,,8 de abril de 2020,,15_01_Cartas_Enviadas/RADICADAS/2020/CI004_786520_070110_ALCALD_PROTOC_CERTIF_SNJUAN.pdf
2984,2,CONSORCIO 4C,CI.004/GP8317/20/7.2.2,AGENCIA NACIONAL DE INFRAESTRUCTURA – ANI,,14/08/2020,Ref. Contrato de Concesión 003 de 2014 Concesión Honda – Girardot – Puerto Salgar. Remisión Formato GCSP-F-207 Rendimientos Subcuentas – Julio 2020.,15_01_Cartas_Enviadas/RADICADAS/2020/CI004_831720_070202_ANI_FORMATO_GCSP-F-207_RENDIMI-JUL-2020.pdf
2985,3,CONSORCIO 4C,CI.004/GP7534/20/9.3,CONCESIÓN ALTO MAGDALENA S.A.S,,13/02/2020,Segunda revisión Planos Record Unidad Funcional 2.,15_01_Cartas_Enviadas/RADICADAS/2020/CI004_753420_090300_CON_REV2_PLANOS_RECORD_UF2.pdf
2986,3,CONSORCIO 4C,CI.004/GP8399/19/7.1.9,CONCESIÓN ALTO MAGDALENA S.A.S.,,03/09/2020,Ref. Contrato de Concesión 003 de 2014 Concesión Honda – Girardot – Puerto Salgar. Informe Responsabilidad Social Ambiental-2019,15_01_Cartas_Enviadas/RADICADAS/2020/CI004_839920_070109_CON_INFO_PRSA_2019.pdf
2987,4,CONSORCIO 4C,CI.004/GP7802/20/7.4.1,CONCESIÓN ALTO MAGDALENA S.A.S.,ALMA-2019-02734,16/04/2020,"Ref. Contrato de Concesión 003 de 2014 Concesión Honda – Girardot – Puerto Salgar. Observaciones Expediente Final Predial. Predio ALMA-2-0016, UF2.",15_01_Cartas_Enviadas/RADICADAS/2020/CI004_780220_070401_CON_EXP_FINAL_ALMA-2019-02734.pdf
2988,4,CONSORCIO 4C,CI.004/GP8028/20/7.4.1,CONCESIÓN ALTO MAGDALENA S.A.S.,,10/06/2020,Ref. Contrato de Concesión 003 de 2014 Concesión Honda – Girardot – Puerto Salgar. Observaciones Expedientes Finales Prediales UF2. Respuesta a carta ALMA-2019-03061,15_01_Cartas_Enviadas/RADICADAS/2020/CI004_802820_070401_CON_EXP_FINAL_ALMA-2019-03061-.pdf
2990,7,CONSORCIO 4C,CI.004/GP7483/20/7.3.1,CONCESIÓN ALTO MAGDALENA S.A.S,,30/01/2020,"Ref. Contrato de Concesión 003 de 2014 Concesión Honda – Girardot – Puerto Salgar. Requerimiento Correcciones Peajes, Estaciones de Pesaje y Áreas de Servicios.",15_01_Cartas_Enviadas/RADICADAS/2020/CI004_748320_070301_CON_OBSERV_PEAJES_PESAJES.pdf
2989,8,CONSORCIO 4C,CI.004/GP8114/20/7.4.4,AGENCIA NACIONAL DE INFRAESTRUCTURA - ANI,20200040601538631,30/06/2020,"Ref. Contrato de Concesión 003 de 2014 Concesión Honda – Girardot – Puerto Salgar Solicitud Información Defensoría del Pueblo Radicado 20200040601538631 predio ALMA-4-0032, UF4.",15_01_Cartas_Enviadas/RADICADAS/2020/CI004_811420_070404_ANI_APORTE_RESPUESTA_DEFENSORIA.pdf
2991,4,CONSORCIO 4C,CI.004/GP8375/20/7.4.4,CONCESIÓN ALTO MAGDALENA S.A.S.,,28/08/2020,Ref. Contrato de Concesión 003 de 2014 Concesión Honda - Puerto Salgar - Girardot Observaciones Resolución de Expropiación Predio ALMA-5-0105 (UF5),15_01_Cartas_Enviadas/RADICADAS/2020/CI004_837520_070404_CON_OBS_RES_EXP_ALMA-5-0105.pdf
2992,5,CONSORCIO 4C,CI.004/GP8486/20/7.3.1.,CONCESIÓN ALTO MAGDALENA S.A.S.,,28/09/2020,"Ref. Contrato de Concesión 003 de 2014 Concesión Honda – Girardot – Puerto Salgar. ASUNTO: Observaciones al funcionamiento de la cámara OCR, el punto Puerto Salgar / Koran.",15_01_Cartas_Enviadas/RADICADAS/2020/CI004_848620_070301_CON_FALLA_OCR-PUNTO_CONTEO-BRISAS.pdf
2993,3,CONSORCIO 4C,CI.004/GP7502/20/7.1.8-7.1.9,CONCESIÓN ALTO MAGDALENA S.A.S,,06/02/2020,Informe de Fiducia / Relación de pagos Subcuenta Compensaciones Ambientales,15_01_Cartas_Enviadas/RADICADAS/2020/CI004_750220_070108_070109_CON_INF_FIDUC_OP2647.pdf
2995,11,CONSORCIO 4C,CI.004/GP8583/20/7.3.3,CONCESIÓN ALTO MAGDALENA S.A.S.,,27/10/2020,Ref. Contrato de Concesión 003 de 2014 Concesión Honda – Girardot – Puerto Salgar Bandas Alertadoras Implementadas en la Unidad Funcional 2.,15_01_Cartas_Enviadas/RADICADAS/2020/CI004_858320_070304_CON_BANDAS_ALERTADORAS_2020.pdf
2994,4,CONSORCIO 4C,CI.004/GP8563/20/5.3,CONCESIÓN ALTO MAGDALENA S.A.S.,,22/10/2020,Ref. Contrato de Concesión 003 de 2014 Concesión Honda - Puerto Salgar – Girardot Observaciones Flujo Ingresos y Egresos mes de Septiembre 2020,15_01_Cartas_Enviadas/RADICADAS/2020/CI004_856320_070201_CON_GAST-FINANC_TRASLADO_OBRAS-MENORES.pdf
2996,4,CONSORCIO 4C,CI.004/GP8166/20/7.2.2-7.1.8,CONCESIÓN ALTO MAGDALENA S.A.S,,14/07/2020,Ref. Contrato de Concesión 003 de 2014 Concesión Honda – Girardot – Puerto Salgar. Soportes Ordenes Pago Subcuenta Compensaciones Ambientales,15_01_Cartas_Enviadas/RADICADAS/2020/CI004_816620_070202_070108_SOPOR_FIDUB_COMP-AMB.pdf
2997,5,CONSORCIO 4C,CI.004/GP8353/20/5.3-9.1,AGENCIA NACIONAL DE INFRAESTRUCTURA – ANI,,24/08/2020,Ref. Contrato de Concesión 003 de 2014 Concesión Honda - Puerto Salgar - Girardot Comentarios Proyecciones Concesionario Gestión Predial,15_01_Cartas_Enviadas/RADICADAS/2020/CI004_835320_050300_ 090100_ANI_PROYECCIONES_CONCES_PREDIAL.pdf
2998,3,CONSORCIO 4C,CI.004/GP7780/20/9.2,SUPERINTENDENCIA DE PUERTOS Y TRANSPORTE,,08/04/2020,Ref. Contrato de Concesión 003 de 2014 Concesión Honda – Girardot – Puerto Salgar. Informe Mensual Técnico 65 y Socioambiental 53 Versión 00.,15_01_Cartas_Enviadas/RADICADAS/2020/CI004_778020_090200_SUP_SUPER_TRANSP_MARZO-2020.pdf
3000,4,CONSORCIO 4C,CI.004/GP8080/20/7.4.1,CONCESIÓN ALTO MAGDALENA S.A.S,,23/06/2020,"Ref. Contrato de Concesión 003 de 2014 Concesión Honda – Girardot – Puerto Salgar. Disponibilidad Predial para traslado de Redes, UF3 y UF5.",15_01_Cartas_Enviadas/RADICADAS/2020/CI004_808020_070401_CON_DISPONIBILIDAD_PREDIAL_REDES.pdf
3001,4,CONSORCIO 4C,CI.004/GP8650/20/7.1.8,CONCESIÓN ALTO MAGDALENA S.A.S,,19/11/2020,Ref. Contrato de Concesión 003 de 2014 Concesión Honda - Puerto Salgar - Girardot Auto 11982 de 30 de diciembre de 2019 UF4.1 / Respuesta ALMA-2020-2782,15_01_Cartas_Enviadas/RADICADAS/2020/CI004_865020_070108_CON_RESP_AUTO_11982_UF4.1.pdf
2999,6,CONSORCIO 4C,CI.004/GP7380/20/5.3,AGENCIA NACIONAL DE INFRAESTRUCTURA - ANI,,02/01/2020,Ref. Contrato de Concesión 003 de 2014 Concesión Honda – Girardot – Puerto Salgar. Informe Incumplimiento Especificaciones Técnicas UF2,15_01_Cartas_Enviadas/RADICADAS/2020/CI004_738020_050300_ANI_INFORME_PENDIENTES_UF2.pdf
3002,2,CONSORCIO 4C,CI.004/GP7684/20/7.4.2,CONCESIÓN ALTO MAGDALENA S.A.S,ALMA-R-2020-0643,19/03/2020,Ref. Contrato de Concesión 003 de 2014 Concesión Honda – Girardot – Puerto Salgar. Revisión Fichas Sociales - Respuesta a comunicación ALMA-2020-0533,15_01_Cartas_Enviadas/RADICADAS/2020/CI004_768420_070402_CON_FICHAS_SOCIALES_ALMA-5-0080.pdf
3003,4,CONSORCIO 4C,CI.004/GP7791/20/7.1.8,CONCESIÓN ALTO MAGDALENA S.A.S,,14/04/2020,Ref. Contrato de Concesión 003 de 2014 Concesión Honda – Girardot – Puerto Salgar Observaciones Informe N°6 Resolución 1701 de 2015,15_01_Cartas_Enviadas/RADICADAS/2020/CI004_779120_070108_CON_REV_INF_6_RES_1701.pdf
3005,7,CONSORCIO 4C,CI.004/GP7790/20/7.3.3,CONCESIÓN ALTO MAGDALENA S.A.S.,,14/04/2020,Ref. Contrato de Concesión 003 de 2014 Concesión Honda – Girardot – Puerto Salgar Resultados Nivel de Servicio E12 Primer Semestre de 2018.,15_01_Cartas_Enviadas/RADICADAS/2020/CI004_779020_070303_CON_RECONSIDER_E12-2018_2020.pdf
3004,3,CONSORCIO 4C,CI.004/GP8266/20/7.2.9,AGENCIA NACIONAL DE INFRAESTRUCTURA - ANI,,04/08/2020,Ref. Contrato de Concesión 003 de 2014 Concesión Honda – Girardot – Puerto Salgar Acta Calculo VPIP Junio 2020,15_01_Cartas_Enviadas/RADICADAS/2020/CI004_826620_070209_ANI_ACTA_VPIP_JUNIO-2020.pdf
3006,6,CONSORCIO 4C,CI.004/GP7587/20/7.1.8,CONCESIÓN ALTO MAGDALENA S.A.S,,26/02/2020,Ref. Contrato de Concesión 003 de 2014 Concesión Honda – Girardot – Puerto Salgar. Seguimiento Avance Acciones Compensación Ambiental / Predio Bella Vista K13+250,15_01_Cartas_Enviadas/RADICADAS/2020/CI004_758720_070108_CON_COMPEN_AMBI_PRED-BELL-VIST_UF2.pdf
3007,4,CONSORCIO 4C,CI.004/GP8229/20/7.4.2,CONCESIÓN ALTO MAGDALENA S.A.S,ALMA-2020-1431,27/07/2020,Ref. Contrato de Concesión 003 de 2014 Concesión Honda – Girardot – Puerto Salgar. Revisión Fichas Sociales - Predio ALMA-2-0163,15_01_Cartas_Enviadas/RADICADAS/2020/CI004_822920_070402_CON_FICHAS_SOCIALES-ALMA-2-0163 _C.pdf
3009,7,CONSORCIO 4C,CI.004/GP7691/20/7.4.1,CONCESIÓN ALTO MAGDALENA S.A.S,,25/03/2020,Ref. Contrato de Concesión 003 de 2014 Concesión Honda – Girardot – Puerto Salgar. Observaciones a Informes Semanales del EER de la UF2,15_01_Cartas_Enviadas/RADICADAS/2020/CI004_769120_070401_CON_SEGUIMIENTO_EER-PREDIAL-UF2_INF0256-0479-0573.pdf
3008,4,CONSORCIO 4C,CI.004/GP8129/20/7.4.4,CONCESIÓN ALTO MAGDALENA S.A.S,,06/07/2020,"Ref. Contrato de Concesión 003 de 2014 Concesión Honda – Girardot – Puerto Salgar. Observaciones Resolución de Expropiación, predio ALMA-5-261, UF5.",15_01_Cartas_Enviadas/RADICADAS/2020/CI004_812920_070404_CON_OBS_RES_EXP_ALMA-5-0261.pdf
3010,4,CONSORCIO 4C,CI.004/GP8339/20/7.4.2,CONCESIÓN ALTO MAGDALENA S.A.S.,ALMA-2020-2065,20/08/2020,Ref. Contrato de Concesión 003 de 2014 Concesión Honda – Girardot – Puerto Salgar. Compensaciones Socio Económicas en Expropiación,15_01_Cartas_Enviadas/RADICADAS/2020/CI004_833920_070402_CON_COMP-EXPRO_ALMA2020-2065.pdf
3011,5,CONSORCIO 4C,CI.004/GP8163/20/7.4.6,CONCESIÓN ALTO MAGDALENA S.A.S,,10/07/2020,"Ref. Contrato de Concesión 003 de 2014 Concesión Honda – Girardot – Puerto Salgar. Revisión de Avalúo. Predio ALMA-5-0012-1, UF5.",15_01_Cartas_Enviadas/RADICADAS/2020/CI004_816320_070406_CON_REV1_AVALU_ALMA-5-0012-1.pdf
3014,6,CONSORCIO 4C,GP-7705,,,5 de Marzo de 2020,,15_01_Cartas_Enviadas/RADICADAS/2020/CI004_770520_070301_CON_SEÑALIZA_IP-REV_CARRILES.pdf
3016,5,CONSORCIO 4C,CI.004/GP8674/20/5.3,,,5 de Noviembre de 2020,,15_01_Cartas_Enviadas/RADICADAS/2020/CI004_867420_050300_ANI_ENTREGA_INFO_INTERVENT.pdf
3015,2,CONSORCIO 4C,CI.004/GP7912/20/9.10,,,1 de Mayo de 2020,,15_01_Cartas_Enviadas/RADICADAS/2020/CI004_791220_091000_ANI_INF_ESP_N87.pdf
3013,6,CONSORCIO 4C,GP-7610,,,3 de Marzo de 2020,,15_01_Cartas_Enviadas/RADICADAS/2020/CI004_761020_070108_CON_COMP-AMBI_PREDI_LAFLOR-UF2.pdf
3017,2,CONSORCIO 4C,GP-8252,,,0 de Julio de 2020,,15_01_Cartas_Enviadas/RADICADAS/2020/CI004_825220_070406_CON_CAMBIO_NOMENCLATURA.pdf
3012,5,CONSORCIO 4C,CI.004/GP7879/20/7.4.6,,,9 de abril de 2020,,15_01_Cartas_Enviadas/RADICADAS/2020/CI004_787920_070406_CON_REV_AVALU_ALMA-2-0163-1.pdf
3018,5,CONSORCIO 4C,CI.004/GP7910/20/7.1.10,,,1 de mayo de 2020,,15_01_Cartas_Enviadas/RADICADAS/2020/CI004_791020_070110_CON_CONDIC_SST_PROTOCOLO-BIOSE.pdf
3020,3,CONSORCIO 4C,GP-7635,,,6 de Marzo de 2020,,15_01_Cartas_Enviadas/RADICADAS/2020/CI004_763520_070401_CON_FORMATO_EXPEDIENTES_PREDIALES.pdf
3019,3,CONSORCIO 4C,GP-8374,,,8 de Agosto de 2020,,15_01_Cartas_Enviadas/RADICADAS/2020/CI004_837420_050300_CON_EXP_FINAL_ALMA-2019-03533.pdf
3022,7,CONSORCIO 4C,GP-7725,,,7 de Marzo de 2020,,15_01_Cartas_Enviadas/RADICADAS/2020/CI004_772520_070300_ANI_REV_PROTOCO_EMERG.pdf
3021,4,CONSORCIO 4C,CI.004/GP8243/20/5.3,,,9 de Julio de 2020,,15_01_Cartas_Enviadas/RADICADAS/2020/CI004_824320_050300_ANI_CIERRE_CURA_OLYMPUS_7PREDIOS.pdf
3026,2,CONSORCIO 4C,CI.004/GP7772/20/7.2.2,,,7 de Abril de 2020,,15_01_Cartas_Enviadas/RADICADAS/2020/CI004_777220_070202_ANI_ALCANCE_FORMAT-MTENIMIENTO-RUTINARIO_DIC19-ENE20-FEB20.pdf
3027,5,CONSORCIO 4C,GP-7723,,,7 de Marzo de 2020,,15_01_Cartas_Enviadas/RADICADAS/2020/CI004_772320_070401_CON_EXP_FINAL_ALMA-2019-02736.pdf
3028,4,CONSORCIO 4C,CI.004/GP8521/20/7.4.4,,,7 de octubre de 2020,,15_01_Cartas_Enviadas/RADICADAS/2020/CI004_852120_070404_ANI_OBSERV_RESOL_EXPRO_ALMA-5-0117.pdf
3029,5,CONSORCIO 4C,CI.004/GP8092/20/7.3.4,,,5 de junio de 2020,,15_01_Cartas_Enviadas/RADICADAS/2020/CI004_809220_070304_CON_SECTORES_CRITICOS_2019-#2.pdf
3024,24,CONSORCIO 4C,CI.004/GP8276/20/5.3-9.1,,,6 de Agosto de 2020,,15_01_Cartas_Enviadas/RADICADAS/2020/CI004_827620_050300_090100_ANI_PLAN-CARGA_GESTI-PRED_OPERA-MANT.pdf
3023,22,CONSORCIO 4C,CI.004/GP8467/20/5.3-7.3.3,,,4 de Septiembre de 2020,,15_01_Cartas_Enviadas/RADICADAS/2020/CI004_846720_050300_070303_ANI_AUTOEVALUACION_MESA_TRAB.pdf
3025,3,CONSORCIO 4C,GP-7940,,,9 de Mayo de 2020,,15_01_Cartas_Enviadas/RADICADAS/2020/CI004_794020_070210_ANI_ACTAS RETRIB UF 1 ENE-FEB-MAR20 y UF3 ENERO20.pdf
3030,2,CONSORCIO 4C,GP-7997,,,1 de Junio de 2020,,15_01_Cartas_Enviadas/RADICADAS/2020/CI004_799720_070402_CON_FICHAS_SOCIALES_ALMA-1278-0642.pdf
3032,5,CONSORCIO 4C,GP-7699,,,5 de Marzo de 2020,,15_01_Cartas_Enviadas/RADICADAS/2020/CI004_769920_070401_CON_EXP_FINAL_ALMA-2019-02557.pdf
3031,3,CONSORCIO 4C,CI.004/GP8251/20/7.2.2,,,0 de julio de 2020,,15_01_Cartas_Enviadas/RADICADAS/2020/CI004_825120_070202_CON_RADICACION_FORMATO_ESTADISTICO.pdf
3033,6,CONSORCIO 4C,CI.004/GP8733/20/7.4.1,,,5 de diciembre de 2020,,15_01_Cartas_Enviadas/RADICADAS/2020/CI004_873320_070401_CON_ALTERACIÓN_SELLOS_OLYMPUS.pdf
3034,9,CONSORCIO 4C,CI.004/GP8721/20/7.2.8,,,4 de Diciembre de 2020,,15_01_Cartas_Enviadas/RADICADAS/2020/CI004_872120_070208_ANI_PROYECCION_DR8_V8.pdf
3035,49,CONSORCIO 4C,CI.004/GP8179/20/5.3,,,7 de Julio de 2020,,15_01_Cartas_Enviadas/RADICADAS/2020/CI004_817920_050300_ANI_CONCEPT_MODIFICA_CONTRATO.pdf
3036,24,CONSORCIO 4C,CI.004/GP8441/20/5.3,,,5 de Septiembre de 2020,,15_01_Cartas_Enviadas/RADICADAS/2020/CI004_844120_050300_ANI_EER_NPH-UF5.3.pdf
3037,5,CONSORCIO 4C,CI.004/GP7848/20/7.1.8,,,3 de abril de 2020,,15_01_Cartas_Enviadas/RADICADAS/2020/CI004_784820_CON_REV_INF-6_RES-2284-UF5.pdf
3038,3,CONSORCIO 4C,CI.004/GP7936/20/7.1.9,,,8 de mayo de 2020,,15_01_Cartas_Enviadas/RADICADAS/2020/CI004_793620_070109_CON_INFO_INVASION_PURNIO.pdf
3039,4,CONSORCIO 4C,CI.004/GP8775/20/5.3,,,9 de Diciembre de 2020,,15_01_Cartas_Enviadas/RADICADAS/2020/CI004_877520_050300_ANI_CONCILIACION_WILLINTON_HERRERA.pdf
3040,4,CONSORCIO 4C,CI.004/GP7874/20/7.4.1,,,9 de abril de 2020,,15_01_Cartas_Enviadas/RADICADAS/2020/CI004_787420_070401_CON_OBS_INFOGP_MAR2020.pdf
3041,5,CONSORCIO 4C,CI.004/GP7966/20/7.1.8,,,7 de mayo de 2020,,15_01_Cartas_Enviadas/RADICADAS/2020/CI004_796620_070108_CON_INFO-7_RES-2601_UF4.2.pdf
3042,5,CONSORCIO 4C,CI.004/GP8761/20/7.4.6,,,2 de diciembre de 2020,,15_01_Cartas_Enviadas/RADICADAS/2020/CI004_876120_070406_CON_OBS_AVAL9_ALMA-3-0009.pdf
3043,4,CONSORCIO 4C,CI.004/GP7955/20/7.4.1,,,2 de mayo de 2020,,15_01_Cartas_Enviadas/RADICADAS/2020/CI004_795520_070401_CON_EXP2_FINAL_ALMA-2019-02969.pdf
3044,2,CONSORCIO 4C,GP-7592,,,7 de febrero de 2020,,15_01_Cartas_Enviadas/RADICADAS/2020/CI004_759220_070404_ANI_OBS_RE_ALMA-3-0127.pdf
3045,2,CONSORCIO 4C,ci.004/gp7391/20/9.2.,,,1 de Diciembre de 2020,,15_01_Cartas_Enviadas/RADICADAS/2020/CI004_866620_090200_ANI_IMI_DIC_2019_ALCANCE.pdf
3046,12,CONSORCIO 4C,CI.004/GP8543/20/5.3,,,6 de Octubre de 2020,,15_01_Cartas_Enviadas/RADICADAS/2020/CI004_854320_050300_ANI_NOOBJECION_PLAZO_CURA_AVALUOS.pdf
3047,18,CONSORCIO 4C,CI.004/GP8720/20/5.3,,,4 de Diciembre de 2020,,15_01_Cartas_Enviadas/RADICADAS/2020/CI004_872020_503000_ANI_OTROSÍ_ARBITR_INTERNA.pdf
3048,3,CONSORCIO 4C,CI.004/GP8709/20/7.1.4,,,7 de diciembre de 2020,,15_01_Cartas_Enviadas/RADICADAS/2020/CI004_870920_070104_CON_PERMISO_OCUPA_PREDIO_ALMA-4-0021.pdf
3049,3,CONSORCIO 4C,GP-8524,,,8 de Octubre de 2020,,15_01_Cartas_Enviadas/RADICADAS/2020/CI004_852420_070401_CON_4EXP_FINALES_UF2.pdf
3050,2,CONSORCIO 4C,GP-7624,,,4 de Marzo de 2020,,15_01_Cartas_Enviadas/RADICADAS/2020/CI004_762420_091000_ANI_INF_ESP_N77.pdf
3052,2,CONSORCIO 4C,CI.004/GP8265/20/9.10,,,3 de agosto de 2020,,15_01_Cartas_Enviadas/RADICADAS/2020/CI004_826520_091000_ANI_INF_ESP_N99.pdf
3051,9,CONSORCIO 4C,CI.004/GP8754/20/7.5,,,1 de diciembre de 2020,,15_01_Cartas_Enviadas/RADICADAS/2020/CI004_875420_070500_CON_REV_MEMOTECNICA_OCT2020.pdf
3053,3,CONSORCIO 4C,GP-8704,,,3 de Diciembre de 2020,,15_01_Cartas_Enviadas/RADICADAS/2020/CI004_870420_070401_CON_EST_FICHA_ALMA-2-0157.pdf
3054,9,CONSORCIO 4C,GP-0065,,,2 de febrero de 2020,,15_01_Cartas_Enviadas/RADICADAS/2020/CI004_006520_020000_ANI_LM_PROF_CAL.pdf
3055,2,CONSORCIO 4C,CI.004/GP8341/20/5.3,,,1 de Agosto de 2020,,15_01_Cartas_Enviadas/RADICADAS/2020/CI004_834120_050300_ANI_PROTOCO_BIOSEG_4C_V01.pdf
3056,7,CONSORCIO 4C,CI.004/GP8596/20/7.4.1,,,9 de octubre de 2020,,15_01_Cartas_Enviadas/RADICADAS/2020/CI004_859620_070401_CON_REV_INFORME_OLYMPUS-2632.pdf
3057,3,CONSORCIO 4C,GP-7596,,,3 de Marzo de 2020,,15_01_Cartas_Enviadas/RADICADAS/2020/CI004_759620_050300_ANI_CESE_PLAZ-CURA_ANTI_SUBC-COMP-AMB.pdf
3058,2,CONSORCIO 4C,GP-8299,,,3 de Agosto de 2020,,15_01_Cartas_Enviadas/RADICADAS/2020/CI004_829920_070402_CON_REV-FS_ALMA-5-0070.pdf
3059,3,CONSORCIO 4C,GP-7701,,,5 de Marzo de 2020,,15_01_Cartas_Enviadas/RADICADAS/2020/CI004_770120_090300_CON_REITERA_BACHEOS_UF4.pdf
3060,2,CONSORCIO 4C,GP-7396,,,0 de Enero de 2020,,15_01_Cartas_Enviadas/RADICADAS/2020/CI004_739620_091000_ANI_INF_ESP_N69.pdf
3061,3,CONSORCIO 4C,GP-7690,,,5 de Marzo de 2020,,15_01_Cartas_Enviadas/RADICADAS/2020/CI004_769020_070401_CON_FICH_ALMA-2020-0704.pdf
3062,4,CONSORCIO 4C,CI.004/GP8036/20/7.4.1,,,1 de junio de 2020,,15_01_Cartas_Enviadas/RADICADAS/2020/CI004_803620_070401_CON_OBS_INFOGP_ABR2020.pdf
3063,12,CONSORCIO 4C,CI.004/GP7807/20/7.5,,,6 de abril de 2020,,15_01_Cartas_Enviadas/RADICADAS/2020/CI004_780720_070500_CON_MEMOTECNICA_ENE2020.pdf
3064,9,CONSORCIO 4C,Ci.004/GP1,,,,,15_01_Cartas_Enviadas/RADICADAS/2020/CI004_742220_070109_ANI_ATN_DER_PET_FABIO_RINCON.pdf
3065,3,CONSORCIO 4C,CI.004/GP8697/20/5.3,,,2 de diciembre de 2020,,15_01_Cartas_Enviadas/RADICADAS/2020/CI004_869720_050300_CON_INFO_PAEF_EER_COVID.pdf
3066,8,CONSORCIO 4C,CI.004/GP7779/20/7.3.3,,,8 de abril de 2020,,15_01_Cartas_Enviadas/RADICADAS/2020/CI004_777920_070303_CON_INDICES_MARZO_2020.pdf
3067,2,CONSORCIO 4C,CI.004/GP8246/20/5.3,,,9 de Julio de 2020,,15_01_Cartas_Enviadas/RADICADAS/2020/CI004_824620_070202_ANI_FORMATO008_INVE-SEMESTRE-I_ 2020.pdf
3068,6,CONSORCIO 4C,GP-7743,,,1 de Abril de 2020,,15_01_Cartas_Enviadas/RADICADAS/2020/CI004_774320_070406_CON_AVALU_ALMA-2019-02915.pdf
3069,4,CONSORCIO 4C,GP-7727,,,0 de Marzo de 2020,,15_01_Cartas_Enviadas/RADICADAS/2020/CI004_772720_050300_CON_POLIZAS_MARZ_2020.pdf
3070,2,CONSORCIO 4C,CI.004/GP8726/20/7.3.7,,,5 de Diciembre de 2020,,15_01_Cartas_Enviadas/RADICADAS/2020/CI004_872620_070307_ANI_ACCIDENT_FATAL_PR25+650UF5.pdf
3071,3,CONSORCIO 4C,CI.004/GP7840/20/7.1.9,,,3 de abril de 2020,,15_01_Cartas_Enviadas/RADICADAS/2020/CI004_784020_070109_CON_APROB_INFOSOCIAL_TRIMEST-N21.pdf
3072,3,CONSORCIO 4C,CI.004/GP8224/20/7.1.10,,,7 de julio de 2020,,15_01_Cartas_Enviadas/RADICADAS/2020/CI004_822420_070110_CON_SEG_SOC_SALARIOS.pdf
3073,6,CONSORCIO 4C,CI.004/GP7946/20/7.1.10,,,0 de mayo de 2020,,15_01_Cartas_Enviadas/RADICADAS/2020/CI004_794620_070110_STT_SOL_EXCEP_PICOYPLACA.pdf
3074,1,CONSORCIO 4C,GP-7427,,,7 de enero de 2020,,15_01_Cartas_Enviadas/RADICADAS/2020/CI004_742720_070209_CON_ACTA_CAL_VPIP_DIC2019.pdf
3075,3,CONSORCIO 4C,GP-8435,,,5 de Septiembre de 2020,,15_01_Cartas_Enviadas/RADICADAS/2020/CI004_843520_070401_CON_EXP_FINAL_ALMA-2020-2130.pdf
3076,4,CONSORCIO 4C,GP-7697,,,5 de Marzo de 2020,,15_01_Cartas_Enviadas/RADICADAS/2020/CI004_769720_070406_CON_AVALU_ALMA-2020-0072.pdf
3077,7,CONSORCIO 4C,CI.004/GP8310/20/5.3-7.3.4,,,3 de agosto de 2020,,15_01_Cartas_Enviadas/RADICADAS/2020/CI004_831020_050300_070304_ACCIDENTES_MAL _PMTFINAL.pdf
3078,4,CONSORCIO 4C,GP-7456,,,3 de enero de 2020,,15_01_Cartas_Enviadas/RADICADAS/2020/CI004_745620_070406_CON_OBS_REV_AVALUO-UF5_1.pdf
3079,3,CONSORCIO 4C,GP-7429,,,,,15_01_Cartas_Enviadas/RADICADAS/2020/CI004_742920_070401_CON_OBS_EXP_FIN_PRED_1.pdf
3080,3,CONSORCIO 4C,GP-7627,,,5 de Marzo de 2020,,15_01_Cartas_Enviadas/RADICADAS/2020/CI004_762720_070401_CON_FICH_ALMA-2020-0191-0459.pdf
3081,5,CONSORCIO 4C,CI.004/GP8382/20/7.4.1,,,1 de agosto de 2020,,15_01_Cartas_Enviadas/RADICADAS/2020/CI004_838220_070401_CON_REV_SABAN_AVALUOS.pdf
3082,5,CONSORCIO 4C,CI.004/GP7789/20/7.1.11,,,4 de abril de 2020,,15_01_Cartas_Enviadas/RADICADAS/2020/CI004_778920_070111_CON_PMT_RTA#3.pdf
3083,11,CONSORCIO 4C,CI.004/GP8670/20/9.3,,,4 de noviembre de 2020,,15_01_Cartas_Enviadas/RADICADAS/2020/CI004_867020_090300_CON_PLANOS_RECORD_PROYECTO V3.pdf
3084,3,CONSORCIO 4C,CI.004/GP8371/20/7.4.1,,,7 de Agosto de 2020,,15_01_Cartas_Enviadas/RADICADAS/2020/CI004_837120_070401_CON_DEVOL_CARP_PREDIOS-GIRDT.pdf
3085,4,CONSORCIO 4C,CI.004/GP7844/20/7.4.1,,,3 de abril de 2020,,15_01_Cartas_Enviadas/RADICADAS/2020/CI004_784420_070401_CON_EXP_FINAL_ALMA-2019-02410.pdf
3086,3,CONSORCIO 4C,CI.004/GP7996/20/7.3.3,,,1 de junio de 2020,,15_01_Cartas_Enviadas/RADICADAS/2020/CI004_799620_070303_CON_MEDICIÓN_INDICADORES_JUNIO_2020.pdf
3087,5,CONSORCIO 4C,CI.004/GP7993/20/7.1.8,,,1 de junio de 2020,,15_01_Cartas_Enviadas/RADICADAS/2020/CI004_799320_070108_CON_PAGA_UF5.1.pdf
3089,11,CONSORCIO 4C,CI.004/GP8505/20/7.4.4,,,0 de septiembre de 2020,,15_01_Cartas_Enviadas/RADICADAS/2020/CI004_850520_070404_CON_OBS_RES_EXP_ALMA-4-0035.pdf
3088,4,CONSORCIO 4C,CI.004/GP8117/20/7.4.4,,,1 de Julio de 2020,,15_01_Cartas_Enviadas/RADICADAS/2020/CI004_811720_070404_ANI_APORTE_RESPUESTA_DEFENSORIA_ALCANCE.pdf
3090,5,CONSORCIO 4C,CI.004/GP7890/20/7.4.1,,,4 de mayo de 2020,,15_01_Cartas_Enviadas/RADICADAS/2020/CI004_789020_070401_CON_OBSERV_REPOR_OLYMPUS-2020-1059.pdf
3091,6,CONSORCIO 4C,GP-7749,,,1 de Abril de 2020,,15_01_Cartas_Enviadas/RADICADAS/2020/CI004_774920_070406_CON_AVALU_ALMA-2020-0445.pdf
3093,4,CONSORCIO 4C,GP-7432,,,7 de enero de2020,,15_01_Cartas_Enviadas/RADICADAS/2020/CI004_743220_070406_CON_AVALU_ALMA-2019-03353_1.pdf
3092,4,CONSORCIO 4C,CI.004/GP8093/20/7.3.1.,,,5 de junio de 2020,,15_01_Cartas_Enviadas/RADICADAS/2020/CI004_809320_070301_CON_CERTIFI_EASY-ROAD_CUMPL-FIPS-2.pdf
3094,3,CONSORCIO 4C,GP-7428,,,7 de enero de 2020,,15_01_Cartas_Enviadas/RADICADAS/2020/CI004_742820_070301_FALLAS_PUNTOS-CONTEO-KORAN_1.pdf
3095,1,CONSORCIO 4C,GP-7544,,,,,15_01_Cartas_Enviadas/RADICADAS/2020/CI004_754420_070202_ANI_REM_FOR_GCSP-F-009_INF_MEN_RP_ENER2020.pdf
3096,3,CONSORCIO 4C,GP-7730,,,0 de Marzo de 2020,,15_01_Cartas_Enviadas/RADICADAS/2020/CI004_773020_070303_MEDICI_INDICADO_ABRIL-20_001.pdf
3097,3,CONSORCIO 4C,GP-7692,,,5 de Marzo de 2020,,15_01_Cartas_Enviadas/RADICADAS/2020/CI004_769220_070404_CON_CRONOGRAMA_EER_UF2-0182.pdf
3098,5,CONSORCIO 4C,CI.004/GP8014/20/7.4.6,,,8 de junio de 2020,,15_01_Cartas_Enviadas/RADICADAS/2020/CI004_801420_070406_CON_REV_AVALU_ALMA-5-0070.pdf
3100,4,CONSORCIO 4C,CI.004/GP7987/20/7.4.1,CONCESIÓN ALTO MAGDALENA S.A.S,2020-409-026714-2,29/05/2020,Ref. Contrato de Concesión 003 de 2014 Concesión Honda – Girardot – Puerto Salgar. Reiteración Ajuste Diagnóstico Mayores Gastos Daño Emergente,15_01_Cartas_Enviadas/RADICADAS/2020/CI004_798720_070401_CON_REITERA_SOBRECOSTOS_PREDIALES.pdf
3101,3,CONSORCIO 4C,CI.004/GP7443/20/7.4.1,CONCESIÓN ALTO MAGDALENA S.A.S,HLMA-R-2020-0118,22/01/2020,Ref. Contrato de Concesión 003 de 2014 Concesión Honda – Girardot – Puerto Salgar. Observaciones Fichas Prediales UF5,15_01_Cartas_Enviadas/RADICADAS/2020/CI004_744320_070401_CON_FICH_ALMA-2020-0021.pdf
3099,4,CONSORCIO 4C,CI.004/GP8011/20/7.4.4,AGENCIA NACIONAL DE INFRAESTRUCTURA - ANI,,05/06/2020,"Ref. Contrato de Concesión 003 de 2014 Concesión Honda – Girardot – Puerto Salgar Revisión Resolución de Expropiación predio ALMA-5-0074, UF5",15_01_Cartas_Enviadas/RADICADAS/2020/CI004_801120_070404_ANI_VACAB_RESOL_EXPRO_ALMA-5-0074.pdf
3102,4,CONSORCIO 4C,CI.004/GP8600/20/7.4.4,AGENCIA NACIONAL DE INFRAESTRUCTURA - ANI,,04/11/2020,"Ref. Contrato de Concesión 003 de 2014 Concesión Honda - Puerto Salgar - Girardot Observaciones Resolución de Expropiación predio ALMA-2-0087, UF2.",15_01_Cartas_Enviadas/RADICADAS/2020/CI004_860020_070404_ANI_RESOL_EXPRO_ALMA-2-0087.pdf
3104,2,CONSORCIO 4C,GP-8710,,,,ACTA_RETRIBUCION_JUL2020_UF4,15_01_Cartas_Enviadas/RADICADAS/2020/CI004_871020_070210_ANI_ACTA_RETRIBUCION_JUL2020_UF4_F.pdf
3106,3,CONSORCIO 4C,CI.004/GP7514/20/7.4.1,CONCESIÓN ALTO MAGDALENA S.A.S,,12/02/2020,Ref. Contrato de Concesión 003 de 2014 Concesión Honda – Girardot – Puerto Salgar. Observaciones Fichas Prediales UF5,15_01_Cartas_Enviadas/RADICADAS/2020/CI004_751420_070401_CON_FICH_ALMA-2020-0020.pdf
3103,8,CONSORCIO 4C,CI.004/8037/20/7.1.15,CONCESIÓN ALTO MAGDALENA S.A.S.,,11/06/2020,"Ref. Contrato de Concesión 003 de 2014 Concesión Honda – Girardot – Puerto Salgar Respuesta Comunicación ALMA-2020-1480. Pre Acta No 15 Ejecución de obras de protección, traslado o reubicación de Redes eléctricas, húmedas e hidrocarburos",15_01_Cartas_Enviadas/RADICADAS/2020/CI004_803720_070115_CON_ACTA15_REDS_ALMA-2020-1480.pdf
3105,5,CONSORCIO 4C,CI.004/GP8181/20/7.1.4,CONCESIÓN ALTO MAGDALENA S.A.S.,,17/07/2020,Ref. Contrato de Concesión 003 de 2014 Concesión Honda – Girardot – Puerto Salgar Operación y Mantenimiento Ciclo Ruta. Seguridad vial Requerimiento formal.,15_01_Cartas_Enviadas/RADICADAS/2020/CI004_818120_070104_CON_OPERAC_MANTENIM_CICLORUTA.pdf
3107,2,CONSORCIO 4C,CI.004/GP7814/20/9.10,AGENCIA NACIONAL DE INFRAESTRUCTURA - ANI,,20/04/2020,Ref. Contrato de Concesión 003 de 2014 Concesión Honda – Girardot – Puerto Salgar. Remisión de Informe Semanal 84. Avance de Unidades Funcionales en Construcción.,15_01_Cartas_Enviadas/RADICADAS/2020/CI004_781420_091000_ANI_INF_ESP_N84.pdf
3108,2,CONSORCIO 4C,CI.004/GP8288/20/9.10,AGENCIA NACIONAL DE INFRAESTRUCTURA - ANI,,11/08/2020,Ref. Contrato de Concesión 003 de 2014 Concesión Honda – Girardot – Puerto Salgar. Remisión de Informe Semanal 100. Avance de Unidades Funcionales en Construcción.,15_01_Cartas_Enviadas/RADICADAS/2020/CI004_828820_091000_ANI_INF_ESP_N100.pdf
3109,7,CONSORCIO 4C,CI.004/GP7765/20/7.4.4,AGENCIA NACIONAL DE INFRAESTRUCTURA - ANI,,06/04/2020,"Ref. Contrato de Concesión 003 de 2014 Concesión Honda – Girardot – Puerto Salgar Observaciones Resolución de Expropiación Predio ALMA-3-0089, UF3.",15_01_Cartas_Enviadas/RADICADAS/2020/CI004_776520_070404_ANI_RESOL_EXPRO_ALMA-3-0089.pdf
3111,2,CONSORCIO 4C,CI.004/GP8528/20/9.2,AGENCIA NACIONAL DE INFRAESTRUCTURA - ANI,,09/10/2020,"Ref. Contrato de Concesión 003 de 2014 Concesión Honda - Puerto Salgar - Girardot Actualización Valoración Riesgos, Según Metodología MinHacienda.",15_01_Cartas_Enviadas/RADICADAS/2020/CI004_852820_090200_ANI_VALORA-RIESGOS_METODO_MHCP.pdf
3112,5,CONSORCIO 4C,CI.004/8322/20/7.1.15,CONCESIÓN ALTO MAGDALENA S.A.S.,,19/08/2020,Ref. Contrato de Concesión 003 de 2014 Concesión Honda – Girardot – Puerto Salgar Acta Parcial de Obra 16,15_01_Cartas_Enviadas/RADICADAS/2020/CI004_832220_070115_CON_SOL_ACT_16.pdf
3113,2,CONSORCIO 4C,CI.004/7908/20/2,AGENCIA NACIONAL DE INFRAESTRUCTURA – ANI,,11/05/2020,Ref. Contrato de Interventoría 145 de 2.014 Concesión Honda – Girardot – Puerto Salgar Reemplazo Profesional Auditor en Seguridad Vial,15_01_Cartas_Enviadas/RADICADAS/2020/CI004_790820_020200_ANI_REEMPLAZO_PERSONAL_AUDIT-SEG-VIAL.pdf
3114,2,CONSORCIO 4C,CI.004/GP8575/20/7.4.1,CONCESIÓN ALTO MAGDALENA S.A.S,,23/10/2020,Ref. Contrato de Concesión 003 de 2014 Concesión Honda - Puerto Salgar - Girardot Devolución Expediente Predial ALMA-5-0226. UF5.,15_01_Cartas_Enviadas/RADICADAS/2020/CI004_857520_070401_CON_SELLOS_EXPED_ALMA-5-0226.pdf
3110,3,CONSORCIO 4C,CI.004/GP7815/20/5.3,CONCESION ALTO MAGDALENA S.A.S,,20/04/2020,Ref. Contrato de Concesión 003 de 2014 Concesión Honda–Girardot–Puerto Salgar Estado Pólizas Contrato de Concesión,15_01_Cartas_Enviadas/RADICADAS/2020/CI004_781520_050300_CON_RECIBO_POLIZAS_JUL2020.pdf
3115,4,CONSORCIO 4C,CI.004/7756/20/7.1.15,CONCESIÓN ALTO MAGDALENA S.A.S.,,02/04/2020,Ref. Contrato de Concesión 003 de 2014 Concesión Honda – Girardot – Puerto Salgar Observaciones Comité ENEL CODENSA.,15_01_Cartas_Enviadas/RADICADAS/2020/CI004_775620_070115_CON_COMITE_REDES_ENELCODENSA.pdf
3116,6,CONSORCIO 4C,CI.004/GP8087/20/5.3-7.3.1,AGENCIA NACIONAL DE INFRAESTRUCTURA – ANI,,24/06/2020,Solicitud No objeción Plazo de Cura.,15_01_Cartas_Enviadas/RADICADAS/2020/CI004_808720_050300_070301_ANI_NO-OBJEC_CURA_BASC-IZQ-BRISAS.pdf
3117,2,CONSORCIO 4C,CI.004/GP7998/20/9.10,AGENCIA NACIONAL DE INFRAESTRUCTURA - ANI,,01/06/2020,Ref. Contrato de Concesión 003 de 2014 Concesión Honda – Girardot – Puerto Salgar. Remisión de Informe Semanal 90. Avance de Unidades Funcionales en Construcción.,15_01_Cartas_Enviadas/RADICADAS/2020/CI004_799820_091000_ANI_INF_ESP_N90.pdf
3118,4,CONSORCIO 4C,CI.004/GP7794/20/7.2.2,CONCESIÓN ALTO MAGDALENA S.A.S,,14/04/2020,Ref. Contrato de Concesión 003 de 2014 Concesión Honda–Girardot–Puerto Salgar Actualización Inventario Activos,15_01_Cartas_Enviadas/RADICADAS/2020/CI004_779420_070202_CON_DIFERENC_INVENT_ACTIVOS-2019.pdf
3119,5,CONSORCIO 4C,CI.004/GP7797/20/7.1.8,CONCESIÓN ALTO MAGDALENA S.A.S,,15/04/2020,Ref. Contrato de Concesión 003 de 2014 Concesión Honda – Girardot – Puerto Salgar Observaciones Informe N°5 Resolución 2129 de 2015 / Respuesta ALMA-2020-0929,15_01_Cartas_Enviadas/RADICADAS/2020/CI004_779720_070108_CON_REV_INF_5_RES_2129.pdf
3120,3,CONSORCIO 4C,CI.004/GP7444/20/7.4.4,CONCESIÓN ALTO MAGDALENA S.A.S,ALMA-2019-03807,22/01/2020,Ref. Contrato de Concesión 003 de 2014 Concesión Honda – Girardot – Puerto Salgar Observaciones Resolución de Expropiación UF5,15_01_Cartas_Enviadas/RADICADAS/2020/CI004_744420_070404_CON_OBS_RESOL_EXP_UF5_1.pdf
3121,2,CONSORCIO 4C,CI.004/GP8446/20/7.3.7,AGENCIA NACIONAL DE INFRAESTRUCTURA - ANI,,16/09/2020,Ref. Contrato de Concesión 003 de 2014 Concesión Honda – Girardot – Puerto Salgar Informe Accidente Fatal PR19+400 UF2.,15_01_Cartas_Enviadas/RADICADAS/2020/CI004_844620_070307_ANI_ACCIDENT_FATAL_PR19+400UF2.pdf
3123,4,CONSORCIO 4C,CI.004/GP8634/20/5.3,CONCESION ALTO MAGDALENA S.A.S,,11/11/2020,Ref. Contrato de Concesión 003 de 2014 Concesión Honda - Puerto Salgar - Girardot Pólizas Contrato de Concesión Etapa Operación y Mantenimiento.,15_01_Cartas_Enviadas/RADICADAS/2020/CI004_863420_050300_CON_POLIZAS_ETAPA_OPERA_MMTO.pdf
3124,4,CONSORCIO 4C,CI.004/GP7517/20/7.4.6,CONCESIÓN ALTO MAGDALENA S.A.S,,12/02/2020,Ref. Contrato de Concesión 003 de 2014 Concesión Honda – Girardot – Puerto Salgar. Observaciones Revisión de Avalúo UF5,15_01_Cartas_Enviadas/RADICADAS/2020/CI004_751720_070406_CON_AVALU_ALMA-2020-0282.pdf
3122,13,CONSORCIO 4C,CI.004/GP8146/20/9.1,AGENCIA NACIONAL DE INFRAESTRUCTURA – ANI,,08/07/2020,"Ref. Contrato de Concesión 003 de 2014 Concesión Honda – Girardot – Puerto Salgar Informe 3 de Avance y Proyección Gestiones a Cargo del Concesionario, junio de 2020.",15_01_Cartas_Enviadas/RADICADAS/2020/CI004_814620_090100_ANI_AVANCE3_GESTIONES_PROYEC.pdf
3125,4,CONSORCIO 4C,CI.004/GP7471/20/7.4.6,CONCESIÓN ALTO MAGDALENA S.A.S,,29/01/2020,Ref. Contrato de Concesión 003 de 2014 Concesión Honda – Girardot – Puerto Salgar. Observaciones Revisión de Avalúo UF5,15_01_Cartas_Enviadas/RADICADAS/2020/CI004_747120_070406_CON_AVALU_ALMA-2020-0074.pdf
3128,8,CONSORCIO 4C,CI.004/GP7686/20/5.3,AGENCIA NACIONAL DE INFRAESTRUCTURA - ANI,,19/03/2020,Solicitud No objeción Plazo de Cura,15_01_Cartas_Enviadas/RADICADAS/2020/CI004_768620_050300_ANI_NO-OBJ_CURA_EXPROP_UF4.pdf
3129,5,CONSORCIO 4C,CI.004/GP8267/20/7.3.4,,,4 de agosto de 2020,,15_01_Cartas_Enviadas/RADICADAS/2020/CI004_826720_070304_CON_ACCIDENT_PALMA-REAL_PR23700-UF5.2.pdf
3130,3,CONSORCIO 4C,GP-8324,,,0 de Agosto de 2020,,15_01_Cartas_Enviadas/RADICADAS/2020/CI004_832420_070401_CON_EXP_FINAL_ALMA-2019-03290.pdf
3131,5,CONSORCIO 4C,CI.004/GP8316/20/7.1.15,,,4 de agosto de 2020,,15_01_Cartas_Enviadas/RADICADAS/2020/CI004_831620_070115_CON_AFECT_RED-EXI_MELISSA.pdf
3132,5,CONSORCIO 4C,CI.004/GP8216/20/7.4.6,,,4 de julio de 2020,,15_01_Cartas_Enviadas/RADICADAS/2020/CI004_821620_070406_CON_REV_AVALU_ALMA-5-0250-1.pdf
3133,3,CONSORCIO 4C,CI.004/7842/20/7.1.15,,,3 de abril de 2020,,15_01_Cartas_Enviadas/RADICADAS/2020/CI004_784220_070115_CON_DIS-HID_NORCAS_ALMA-2020-0983.pdf
3127,10,CONSORCIO 4C,CI.004/GP8502/20/7.3.1.,AGENCIA NACIONAL DE INFRAESTRUCTURA - ANI,,30/09/2020,Ref. Contrato de Concesión 003 de 2014 Concesión Honda - Puerto Salgar - Girardot Informe 6 Auditoría Puntos Conteo julio 2020. Verificación Elusores Peaje Brisas,15_01_Cartas_Enviadas/RADICADAS/2020/CI004_850220_050300_ANI_INFORME-6_VERIFICA_PUNTOS-CONTEO-UF5.pdf
3126,4,CONSORCIO 4C,CI.004/GP7914/20/7.1.8,CONCESIÓN ALTO MAGDALENA S.A.S,,11/05/2020,Ref. Contrato de Concesión 003 de 2014 Concesión Honda – Girardot – Puerto Salgar Revisión Informe Semanal Concesionario 04 de mayo de 2020 / Auto 03386 de 2020 - UF 5.4 (Antes 5.3),15_01_Cartas_Enviadas/RADICADAS/2020/CI004_791420_070108_CON_AUTO_ANLA_03386_UF5.4.pdf
3135,2,CONSORCIO 4C,GP-7488,,,1 de Enero de 2020,,15_01_Cartas_Enviadas/RADICADAS/2020/CI004_748820_070301_CON_INFO-AUDI_PEAJE_DIC-19.pdf
3134,12,CONSORCIO 4C,CI.004/GP7813/20/7.3.3,,,7 de abril de 2020,,15_01_Cartas_Enviadas/RADICADAS/2020/CI004_781320_070303_CON_MEDIC-INDICADORES_2019-GENERALADORES_2019-GENERAL.pdf
3136,4,CONSORCIO 4C,GP-7521,,,2 de Febrero de 2020,,15_01_Cartas_Enviadas/RADICADAS/2020/CI004_752120_070406_CON_AVALU_ENCISO_ALMA-5-0252.pdf
3137,2,CONSORCIO 4C,GP-7389,,,0 de Enero de 2020,,15_01_Cartas_Enviadas/RADICADAS/2020/CI004_738920_070402_CON_FICH_SOCIA_ALMA-03921-03816-03815.pdf
3138,3,CONSORCIO 4C,GP-8740,,,5 de Diciembre de 2020,,15_01_Cartas_Enviadas/RADICADAS/2020/CI004_874020_070402_CON_FICHAS_SOCIALES-ALMA_2020_2926_2927.pdf
3139,5,CONSORCIO 4C,GP-7410,,,4 de Enero de 2020,,15_01_Cartas_Enviadas/RADICADAS/2020/CI004_741020_070303_CON_INCONSISTENCIAS_SICC_.pdf
3140,8,CONSORCIO 4C,CI.004/GP8774/20/5.3-,,,9 de Diciembre de 2020,,15_01_Cartas_Enviadas/RADICADAS/2020/CI004_877420_050300_070115_ANI_SOLIC_PLAZO_DE_CURA_REDES 5.pdf
3141,4,CONSORCIO 4C,CI.004/8456/20/7.1.15,,,8 de septiembre de 2020,,15_01_Cartas_Enviadas/RADICADAS/2020/CI004_845620_070115_CON_ALMA-2125_PROGRAMA_PRESUP.pdf
3142,5,CONSORCIO 4C,CI.004/GP8627/20/7.4.6,,,0 de noviembre de 2020,,15_01_Cartas_Enviadas/RADICADAS/2020/CI004_862720_070406_CON_REV_AVALU_ALMA-2020-2727.pdf
3143,7,CONSORCIO 4C,CI.004/GP8024/20/7.2.1,,,9 de junio de 2020,,15_01_Cartas_Enviadas/RADICADAS/2020/CI004_802420_070201_CON_SOLICITA_INFO_RECURSOS.pdf
3144,5,CONSORCIO 4C,CI.004/GP7982/20/7.4.6,,,7 de mayo de 2020,,15_01_Cartas_Enviadas/RADICADAS/2020/CI004_798220_070406_CON_REV_AVALU_ALMA-5-0279.pdf
3145,2,CONSORCIO 4C,GP-7393,,,0 de Enero de 2020,,15_01_Cartas_Enviadas/RADICADAS/2020/CI004_739320_090200_ANI_INFORME_MENSUAL_DICIEMBRE-2019.pdf
3146,4,CONSORCIO 4C,GP-8307,,,3 de Agosto de 2020,,15_01_Cartas_Enviadas/RADICADAS/2020/CI004_830720_070406_CON_2AVALUOS_UF2-UF5_ALMA-1903-2018.pdf
3147,3,CONSORCIO 4C,CI.004/GP8063/20/7.2.2,,,8 de junio de 2020,,15_01_Cartas_Enviadas/RADICADAS/2020/CI004_806320_070202_CON_OBSERVAC-EEFF_TRIMESTRALES_MARZO.pdf
3148,6,CONSORCIO 4C,GP-7530,,,4 de Febrero de 2020,,15_01_Cartas_Enviadas/RADICADAS/2020/CI004_753020_070104_CON_TRATAMIENTO_BACHEOS_UF4.pdf
3149,4,CONSORCIO 4C,CI.004/GP8155/20/7.5,,,9 de julio de 2020,,15_01_Cartas_Enviadas/RADICADAS/2020/CI004_815520_070500_CON_REV3_MEMOTECNICA_OCT2019.pdf
3151,3,CONSORCIO 4C,CI.004/GP8612/20/7.1.10,,,5 de noviembre de 2020,,15_01_Cartas_Enviadas/RADICADAS/2020/CI004_861220_070110_CON_PROT_BIOS_MHC.pdf
3150,2,CONSORCIO 4C,CI.004/8003/20/2.2,,,4 de Junio de 2020,,15_01_Cartas_Enviadas/RADICADAS/2020/CI004_800320_020200_ANI_REEMPLAZO_ESP_PAVIMENTOS_GEOTECNIA (1).pdf
3152,3,CONSORCIO 4C,CI.004/GP8598/20/7.3.1.,,,0 de octubre de 2020,,15_01_Cartas_Enviadas/RADICADAS/2020/CI004_859820_070301_CON_INFO-AUDI_PEAJE_SEPT-20.pdf
3153,5,CONSORCIO 4C,CI.004/GP7989/20/7.4.6,,,9 de mayo de 2020,,15_01_Cartas_Enviadas/RADICADAS/2020/CI004_798920_070406_CON_REV_AVALU_ALMA-2-0106-11.pdf
3155,5,CONSORCIO 4C,CI.004/GP8525/20/7.4.6,,,8 de octubre de 2020,,15_01_Cartas_Enviadas/RADICADAS/2020/CI004_852520_070406_CON_OBS_2AVALUOS_UF5.pdf
3154,2,CONSORCIO 4C,GP-7494,,,4 de Febrero de 2020,,15_01_Cartas_Enviadas/RADICADAS/2020/CI004_749420_050300_CON_POLIZA_RESPONS_CIVIL.pdf
3156,7,CONSORCIO 4C,CI.004/GP7829/20/7.1.4,,,1 de abril de 2020,,15_01_Cartas_Enviadas/RADICADAS/2020/CI004_782920_070104_CON_ALERT-LLUVIAS_SITIOS_CRITICOS.pdf
3157,4,CONSORCIO 4C,CI.004/GP7866/20/5.3,,,8 de Abril de 2020,,15_01_Cartas_Enviadas/RADICADAS/2020/CI004_786620_050300_ANI_EER_NPH-UF5.3_INFO-TECN.pdf
3158,4,CONSORCIO 4C,CI.004/GP8573/20/7.1.10,,,3 de octubre de 2020,,15_01_Cartas_Enviadas/RADICADAS/2020/CI004_857320_070110_CON_REITE_DOTA_EMPLEADOS.pdf
3159,8,CONSORCIO 4C,CI.004/GP8189/20/7.1.15,,,1 de julio de 2020,,15_01_Cartas_Enviadas/RADICADAS/2020/CI004_818920_070115_CON_APROB_DESMB_ACTA15.pdf
3160,2,CONSORCIO 4C,CI.004/GP8135/20/1,,,7 de Julio de 2020,,15_01_Cartas_Enviadas/RADICADAS/2020/CI004_813520_010000_ANI_ALCANCE_SOLICITUD_OTROSI4_GGT.pdf
3161,4,CONSORCIO 4C,CI.004/GP8240/20/7.4.1,,,8 de julio de 2020,,15_01_Cartas_Enviadas/RADICADAS/2020/CI004_824020_070401_CON_SOLICITUD_CRONOGRAMA_OTROSÍ9.pdf
3162,3,CONSORCIO 4C,GP-7402,,,0 de Enero de 2020,,15_01_Cartas_Enviadas/RADICADAS/2020/CI004_740220_070107_070115_CON_TUBE-CENIT_NORCASIA_DISE.pdf
3163,4,CONSORCIO 4C,CI.004/GP8746/20/9.2,,,7 de diciembre de 2020,,15_01_Cartas_Enviadas/RADICADAS/2020/CI004_874620_090200_SUP_SUPER_TRANSP_NOV_2020.pdf
3164,3,CONSORCIO 4C,CI.004/GP7827/20/7.1.11,,,1 de abril de 2020,,15_01_Cartas_Enviadas/RADICADAS/2020/CI004_782720_070111_CON_PMT_PASOPEATONAL_NORCASIA.pdf
3165,2,CONSORCIO 4C,CI.004/GP8529/20/9.2,,,7 de Octubre de 2020,,15_01_Cartas_Enviadas/RADICADAS/2020/CI004_852920_090200_ANI_VIDEO_IMI_SEPT_2020.pdf
3166,5,CONSORCIO 4C,CI.004/GP8753/20/7.1.4,,,1 de Diciembre de 2020,,15_01_Cartas_Enviadas/RADICADAS/2020/CI004_875320_050300_ANI_INFORME_ENTREGA_INSTRUMENTACIÓN_NPH_INVIAS.pdf
3168,3,CONSORCIO 4C,CI.004/GP8340/20/2.2,,,1 de Agosto de 2020,,15_01_Cartas_Enviadas/RADICADAS/2020/CI004_834020_020200_ANI_REEMPLAZO_RESIDENT_SOCIAL.pdf
3167,4,CONSORCIO 4C,CI.004/8392,,,2 de septiembre de 2020,,15_01_Cartas_Enviadas/RADICADAS/2020/CI004_839220_070115_CON_AFECT_SUMIDERO-UF5_ALM_2124.pdf
3169,4,CONSORCIO 4C,CI.004/GP8025/20/7.5,,,9 de junio de 2020,,15_01_Cartas_Enviadas/RADICADAS/2020/CI004_802520_070500_CON_REV2_MEMOTECNICA_ENE2020.pdf
3170,5,CONSORCIO 4C,CI.004/GP8211/20/7.1.8,,,3 de julio de 2020,,15_01_Cartas_Enviadas/RADICADAS/2020/CI004_821120_070108_CON_REV_PAGA_UF5.1.pdf
3171,4,CONSORCIO 4C,GP-7671,,,2 de Marzo de 2020,,15_01_Cartas_Enviadas/RADICADAS/2020/CI004_767120_070110_CON_SEGSISO_UF5_SEM266.pdf
3172,3,CONSORCIO 4C,GP-8692,,,2 de Diciembre de 2020,,15_01_Cartas_Enviadas/RADICADAS/2020/CI004_869220_070402_CON_FICHAS_SOCIALES-ALMA_2020_2702_2703.pdf
3173,2,CONSORCIO 4C,CI.004/GP8143/20/9.2,,,7 de Julio de 2020,,15_01_Cartas_Enviadas/RADICADAS/2020/CI004_814320_090200_ANI_INF_SOCIOAMB_JUN_2020.pdf
3174,6,CONSORCIO 4C,CI.004/GP8231/20/7.5,,,7 de julio de 2020,,15_01_Cartas_Enviadas/RADICADAS/2020/CI004_823120_070500_CON_2DA-REV_MEMOTECNICA_FEB2020.pdf
3175,3,CONSORCIO 4C,GP-7548,,,8 de Febrero de 2020,,15_01_Cartas_Enviadas/RADICADAS/2020/CI004_754820_070404_CON_OBS_RES_EXP_ALMA-2019-03808.pdf
3176,2,CONSORCIO 4C,GP-7415,,,4 de Enero de 2020,,15_01_Cartas_Enviadas/RADICADAS/2020/CI004_741520_091000_ANI_ISI_N258.pdf
3177,8,CONSORCIO 4C,CI.004/GP8269/20/5.3,,,5 de Agosto de 2020,,15_01_Cartas_Enviadas/RADICADAS/2020/CI004_826920_050300_ANI_POLIZAS_OTROSI_9.pdf
3178,3,CONSORCIO 4C,GP-7583,,,6 de Febrero de 2020,,15_01_Cartas_Enviadas/RADICADAS/2020/CI004_758320_070401_CON_EXP_FINAL_ALMA-2019-02465-02467.pdf
3180,2,CONSORCIO 4C,CI.004/GP8055/20/7.2.2,,,2 de Junio de 2020,,15_01_Cartas_Enviadas/RADICADAS/2020/CI004_805520_070202_ANI_REMISION_FORMATO-GCSP-F-001_MTTO-MAY-20.pdf
3181,5,CONSORCIO 4C,GP-8042,,,1 de Junio de 2020,,15_01_Cartas_Enviadas/RADICADAS/2020/CI004_804220_070406_CON_REV1_AVALU_ALMA-2-0157.pdf
3179,5,CONSORCIO 4C,CI.004/GP7847/20/7.4.6,,,3 de abril de 2020,,15_01_Cartas_Enviadas/RADICADAS/2020/CI004_784720_070406_CON_REV_AVALU_ALMA-2-0088.pdf
3182,4,CONSORCIO 4C,GP-8027,,,1 de Junio de 2020,,15_01_Cartas_Enviadas/RADICADAS/2020/CI004_802720_070401_CON_EXP_FINAL_ALMA-2019-02873-.pdf
3183,4,CONSORCIO 4C,CI.004/GP8137/20/7.1.8,,,7 de julio de 2020,,15_01_Cartas_Enviadas/RADICADAS/2020/CI004_813720_070108_CON_REQU_PROG_INFOR_AMB.pdf
3184,2,CONSORCIO 4C,GP-8073,,,3 de Junio de 2020,,15_01_Cartas_Enviadas/RADICADAS/2020/CI004_807320_070402_CON_FICHAS_SOCIALES.pdf
3185,4,CONSORCIO 4C,CI.004/GP7679/20/7.4.4,,,6 de Junio de 2020,,15_01_Cartas_Enviadas/RADICADAS/2020/CI004_767920_070404_ANI_RES_EXPR_ALMA-3-0134.pdf
3186,4,CONSORCIO 4C,CI.004/GP8101/20/7.4.1,,,0 de junio de 2020,,15_01_Cartas_Enviadas/RADICADAS/2020/CI004_810120_070401_CON_REITERACION_FORMATO_EXPED-PREDIAL.pdf
3187,2,CONSORCIO 4C,GP-7495,,,4 de Febrero de 2020,,15_01_Cartas_Enviadas/RADICADAS/2020/CI004_749520_091000_ANI_INF_ESP_N73.pdf
3188,4,CONSORCIO 4C,CI.004/GP7957/20/7.4.1,,,2 de mayo de 2020,,15_01_Cartas_Enviadas/RADICADAS/2020/CI004_795720_070401_CON_REVISIÓN_OLYMPUS_2020-1247.pdf
3189,4,CONSORCIO 4C,CI.004/GP8398/20/7.1.1,,,3 de Septiembre de 2020,,15_01_Cartas_Enviadas/RADICADAS/2020/CI004_839820_070101_ANI_SEG_BIMES_PLANOBRA_SEP_2020.pdf
3190,3,CONSORCIO 4C,GP-7741,,,1 de Abril de 2020,,15_01_Cartas_Enviadas/RADICADAS/2020/CI004_774120_070110_CON_SOLIC_INF_SISMEDICA.pdf
3191,4,CONSORCIO 4C,CI.004/GP8516/20/5.3,,,5 de octubre de 2020,,15_01_Cartas_Enviadas/RADICADAS/2020/CI004_851620_050300_CON_SOLICITUD_COPNIA.pdf
3192,4,CONSORCIO 4C,CI.004/GP8132/20/7.4.1,,,6 de julio de 2020,,15_01_Cartas_Enviadas/RADICADAS/2020/CI004_813220_070401_CON_OBS_INFOGP_MAY2020.pdf
3193,3,CONSORCIO 4C,GP-8319,,,4 de Agosto de 2020,,15_01_Cartas_Enviadas/RADICADAS/2020/CI004_831920_070401_CON_EST_FICH_ALMA-2020-1953.pdf
3194,5,CONSORCIO 4C,CI.004/GP8286/20/5.3-9.3,,,1 de agosto de 2020,,15_01_Cartas_Enviadas/RADICADAS/2020/CI004_828620_050300-090300_CON_AREAS_CONTRACTUALES_TERMINACI.pdf
3195,31,CONSORCIO 4C,CI.004/GP8277/20/5.3,,,8 de Agosto de 2020,,15_01_Cartas_Enviadas/RADICADAS/2020/CI004_827720_050300_ANI_EER_AMBIENTAL_EXP_71558_UF3.pdf
3196,5,CONSORCIO 4C,CI.004/GP7785/20/7.4.1,,,3 de abril de 2020,,15_01_Cartas_Enviadas/RADICADAS/2020/CI004_778520_070401_CON_MEMOR_FICHAS_GUADUAS.pdf
3197,3,CONSORCIO 4C,CI.004/GP8681/20/7.1.15,,,6 de noviembre de 2020,,15_01_Cartas_Enviadas/RADICADAS/2020/CI004_868120_070115_CON_OBSER_CUENTA_5_REDES_ALCANCE.pdf
3198,2,CONSORCIO 4C,GP-7719,,,7 de Marzo de 2020,,15_01_Cartas_Enviadas/RADICADAS/2020/CI004_771920_070202_ANI_FORMATO_GCSP-F-009_RECAUDOPEAJES-FEB20_001.pdf
3199,2,CONSORCIO 4C,CI.004/GP8328/20/9.10,,,9 de Agosto de 2020,,15_01_Cartas_Enviadas/RADICADAS/2020/CI004_832820_091000_ANI_INF_ESP_N101.pdf
3200,7,CONSORCIO 4C,GP-7508,,,7 de Febrero de 2020,,15_01_Cartas_Enviadas/RADICADAS/2020/CI004_750820_070111_CON_INCUMPLIMIENTO_PMT_ENE-2020.pdf
3201,11,CONSORCIO 4C,GP-7445,,,2 de enero de 2020,,15_01_Cartas_Enviadas/RADICADAS/2020/CI004_744520_070107_CON_ALMA-03427_DRENAJE_VARIA-PTO-BOGOTA1.pdf
3202,9,CONSORCIO 4C,CI.004/GP8150/20/7.4.2,,,0 de Julio de 2020,,15_01_Cartas_Enviadas/RADICADAS/2020/CI004_815020_070109_ANI_PAGOS_SOCIAL_EXPROP.pdf
3204,24,CONSORCIO 4C,ci.004/gp7070/19/5.3,,,8 de Febrero de 2020,,15_01_Cartas_Enviadas/RADICADAS/2020/CI004_759520_050300_ANI_MULTA_FONDEO_INTERV-SUPERV.pdf
3203,3,CONSORCIO 4C,GP-7531,,,4 de Febrero de 2020,,15_01_Cartas_Enviadas/RADICADAS/2020/CI004_753120_070401_CON_EXP_FINAL_ALMA-2019-02409.pdf
3205,2,CONSORCIO 4C,CI.004/GP8284/20/9.2,,,0 de Agosto de 2020,,15_01_Cartas_Enviadas/RADICADAS/2020/CI004_828420_090200_ANI_INFORME_MENSUAL_JUL_2020.pdf
3206,3,CONSORCIO 4C,GP-8139,,,8 de Julio de 2020,,15_01_Cartas_Enviadas/RADICADAS/2020/CI004_813920_070401_CON_EXP_FINAL_ALMA-2019-03196.pdf
3207,2,CONSORCIO 4C,CI.004/G8083/20/9.10,,,3 de Junio de 2020,,15_01_Cartas_Enviadas/RADICADAS/2020/CI004_808320_091000_ANI_INF_ESP_N93.pdf
3208,3,CONSORCIO 4C,CI.004/GP7883/20/7.1.15,,,0 de abril de 2020,,15_01_Cartas_Enviadas/RADICADAS/2020/CI004_788320_070115_CON_REITERACI_SOPORTES-CTA-N3_REDES.pdf
3209,9,CONSORCIO 4C,CI.004/GP8253/20/9.3,,,0 de Julio de 2020,,15_01_Cartas_Enviadas/RADICADAS/2020/CI004_825320_090300_ANI_NORCASIA_TERMINAC_UF5.pdf
3210,4,CONSORCIO 4C,CI.004/GP8515/20/5.3,,,5 de Octubre de 2020,,15_01_Cartas_Enviadas/RADICADAS/2020/CI004_851520_050300_ANI_SOLICITUD_COPNIA.pdf
3211,7,CONSORCIO 4C,CI.004/GP7894/20/7.1.9,,,5 de Mayo de 2020,,15_01_Cartas_Enviadas/RADICADAS/2020/CI004_789420_070109_ANI_REACTI_OBRAS..pdf
3212,5,CONSORCIO 4C,CI.004/GP7972/20/7.4.1,,,7 de mayo de 2020,,15_01_Cartas_Enviadas/RADICADAS/2020/CI004_797220_070401_CON_REVISIÓN_OLYMPUS_2020-1300.pdf
3213,3,CONSORCIO 4C,CI.004/GP8497/20/7.4.4,,,0 de Septiembre de 2020,,15_01_Cartas_Enviadas/RADICADAS/2020/CI004_849720_070404_ANI_INFORMES_EXPRO_MUNICIP-GRDOT.pdf
3214,9,CONSORCIO 4C,CI.004/GP8757/20/5.3,,,2 de Diciembre de 2020,,15_01_Cartas_Enviadas/RADICADAS/2020/CI004_875720_050300_ANI_REDUCCIÓN_DR8.pdf
3217,2,CONSORCIO 4C,GP-7392,,,9 de Enero de 2020,,15_01_Cartas_Enviadas/RADICADAS/2020/CI004_739220_090200_ANI_INF_SOCIOAMB_DIC-2019.pdf
3216,3,CONSORCIO 4C,CI.004/GP8233/20/5.3,,,8 de julio de 2020,,15_01_Cartas_Enviadas/RADICADAS/2020/CI004_823320_050300_CON_ACTUALIZACION_POLIZAS_JULIO2020.pdf
3218,3,CONSORCIO 4C,CI.004/GP8623/20/7.4.4,,,6 de noviembre de 2020,,15_01_Cartas_Enviadas/RADICADAS/2020/CI004_862320_070404_CON_OBS_RES_EXPR_ALMA-5-0274 (1).pdf
3219,2,CONSORCIO 4C,CI.004/GP8385/20/7.3.1,,,1 de Septiembre de 2020,,15_01_Cartas_Enviadas/RADICADAS/2020/CI004_838520_070301_ANI_CRONOGRAMA_AGOSTO20_SEPTBRE20.pdf
3220,2,CONSORCIO 4C,GP-7721,,,7 de Marzo de 2020,,15_01_Cartas_Enviadas/RADICADAS/2020/CI004_772120_070109_ANI_SOLICITUDES_GSOCIAL_HPG_001.pdf
3221,4,CONSORCIO 4C,CI.004/GP8503/20/7.1.7,,,0 de septiembre de 2020,,15_01_Cartas_Enviadas/RADICADAS/2020/CI004_850320_070107_CON_BANDAS_ALERTAD_UF5.2.pdf
3215,4,CONSORCIO 4C,CI.004/GP7662/20/7.4.6,CONCESIÓN ALTO MAGDALENA S.A.S,ALMA-R-2020-0588,11/03/2020,Observaciones Revisión de Avalúos UF2 y UF4,15_01_Cartas_Enviadas/RADICADAS/2020/CI004_766220_070406_CON_AVALU_ALMA-2020-0127-0576.pdf
3222,4,CONSORCIO 4C,CI.004/GP7985/20/7.1.10,CONCESIÓN ALTO MAGDALENA S.A.S.,,29/05/2020,Ref. Contrato de Concesión 003 de 2014 Concesión Honda – Girardot – Puerto Salgar. Seguimiento condiciones SST UF 2 y 5. Semana 277 y 278,15_01_Cartas_Enviadas/RADICADAS/2020/CI004_798520_070110_CON_SEGSISO_UF5_SEM277-278.pdf
3223,3,CONSORCIO 4C,CI.004/GP7729/20/7.1.10,CONCESIÓN ALTO MAGDALENA S.A.S.,,30/03/2020,Ref. Contrato de Concesión 003 de 2014 Concesión Honda – Girardot – Puerto Salgar. Condiciones Seguridad UF 3. Semana 252,15_01_Cartas_Enviadas/RADICADAS/2020/CI004_772920_070110_CON_RSEGSISO_UF3_SEM252_001.pdf
3224,2,CONSORCIO 4C,CI.004/GP7537/20/7.1.9,CONSTRUCTORA MECO S.A. SUCURSAL COLOMBIA,,14/02/2020,Ref. Contrato de Concesión 003 de 2014 Concesión Honda - Girardot - Puerto Salgar Solicitud Certificación Puentes Flandes y Puerto Salgar,15_01_Cartas_Enviadas/RADICADAS/2020/CI004_753720_070109_CMEC_SOL_CERT_PF_PSAL.pdf
3225,5,CONSORCIO 4C,CI.004/GP7767/20/7.4.4,AGENCIA NACIONAL DE INFRAESTRUCTURA - ANI,,06/04/2020,"Ref. Contrato de Concesión 003 de 2014 Concesión Honda – Girardot – Puerto Salgar Observaciones Resolución de Expropiación predio ALMA-3-0111, UF3.",15_01_Cartas_Enviadas/RADICADAS/2020/CI004_776720_070404_ANI_RESOL_EXPRO_ALMA-3-0111.pdf
3226,5,CONSORCIO 4C,CI.004/GP8635/20/7.4.6,CONCESIÓN ALTO MAGDALENA S.A.S,,11/11/2020,"Ref. Contrato de Concesión 003 de 2014 Concesión Honda - Puerto Salgar - Girardot. Revisión de Avalúos Otrosí No. 9. Predio ALMA-3-0005 y ALMA-3-0015, UF3.",15_01_Cartas_Enviadas/RADICADAS/2020/CI004_863520_070406_CON_REV_AVAL9_2UF3.pdf
3227,6,CONSORCIO 4C,CI.004/GP7682/20/7.4.4,AGENCIA NACIONAL DE INFRAESTRUCTURA - ANI,,06/04/2020,"Ref. Contrato de Concesión 003 de 2014 Concesión Honda – Girardot – Puerto Salgar Observaciones Resolución de Expropiación predio ALMA-5-0252, UF5.",15_01_Cartas_Enviadas/RADICADAS/2020/CI004_768220_070404_ANI_RESOL_EXPRO_ALMA-5-0252.pdf
3228,3,CONSORCIO 4C,CI.004/GP7795/20/7.3.1.,CONCESIÓN ALTO MAGDALENA S.A.S.,,15/04/2020,Ref. Contrato de Concesión 003 de 2014 Concesión Honda – Girardot – Puerto Salgar Informe Auditoria Peajes Febrero 2020,15_01_Cartas_Enviadas/RADICADAS/2020/CI004_779520_070301_CON_INFO-AUDI_PEAJE_FEB-20.pdf
3229,6,CONSORCIO 4C,CI.004/GP7968/20/7.1.10,CONCESIÓN ALTO MAGDALENA S.A.S.,,27/05/2020,"Ref. Contrato de Concesión 003 de 2014 Concesión Honda – Girardot – Puerto Salgar. Revisión Protocolos de Bioseguridad COVID-19 Concesionario, MECO, PAVCOL y MHC",15_01_Cartas_Enviadas/RADICADAS/2020/CI004_796820_070110_CON_REV_PROTOCOACT_BIOSEG.pdf
3231,3,CONSORCIO 4C,CI.004/GP7435/20/7 4.4,CONCESIÓN ALTO MAGDALENA S.A.S,ALMA-2019-03918,21/01/2020,Ref. Contrato de Concesión 003 de 2014 Concesión Honda – Girardot – Puerto Salgar Observaciones Resolución de Expropiación UF3,15_01_Cartas_Enviadas/RADICADAS/2020/CI004_743520_070404_CON_RES_EXP_ALMA-2019-03918.pdf
3230,6,CONSORCIO 4C,CI.004/GP8749/20/7.4.1,CONCESIÓN ALTO MAGDALENA S.A.S.,,16/12/2020,Ref. Contrato de Concesión 003 de 2014 Concesión Honda - Puerto Salgar - Girardot Observaciones a cálculo de mayores valores pagados. Respuesta a carta ALMA-2020-2935,15_01_Cartas_Enviadas/RADICADAS/2020/CI004_874920_070401_CON_OBSERVACIONES_CALCULO_MAYORES-VALORES.pdf
3232,2,CONSORCIO 4C,CI.004/GP7616/20/7.1.7,CONCESIÓN ALTO MAGDALENA S.A.S,,03/03/2020,Ref. Contrato de Concesión 003 de 2014 Concesión Honda – Girardot – Puerto Salgar Revisión Ajuste Diseño Geométrico Glorieta Norcasia UF 5.2. Accesos Predio ALMA-5-0070.,15_01_Cartas_Enviadas/RADICADAS/2020/CI004_761620_070107_AJUS-DIS_GLOR_NORCASIA-UF5.2.pdf
3233,3,CONSORCIO 4C,CI.004/GP7463/19/7.1.10,CONCESIÓN ALTO MAGDALENA S.A.S,ALMA-R-2020-8215,29/01/2020,"Ref. Contrato de Concesión 003 de 2014 Concesión Honda – Girardot – Puerto Salgar. Pago Seguridad Social Mayo, Salarios Abril 2019 y Soportes de Ingreso.",15_01_Cartas_Enviadas/RADICADAS/2020/CI004_746320_070110_CON_RSEGSOCMAYO_SALARIOSABR_2019.pdf
3234,4,CONSORCIO 4C,CI.004/8245/20/7.1.15,CONCESIÓN ALTO MAGDALENA S.A.S.,,29/07/2020,Ref. Contrato de Concesión 003 de 2014 Concesión Honda – Girardot – Puerto Salgar Manejo de la Subcuenta Redes.,15_01_Cartas_Enviadas/RADICADAS/2020/CI004_824520_070115_CON_BALANCE_SUBCTA_RED.pdf
3235,5,CONSORCIO 4C,CI.004/GP8263/20/7.4.6,CONCESIÓN ALTO MAGDALENA S.A.S,,03/08/2020,"Ref. Contrato de Concesión 003 de 2014 Concesión Honda – Girardot – Puerto Salgar. Revisión de Avalúo. Predio ALMA-5-0075, UF5",15_01_Cartas_Enviadas/RADICADAS/2020/CI004_826320_070406_CON_REV_AVALU_ALMA-5-0075.pdf
3236,2,CONSORCIO 4C,CI.004/GP8005/20/7.1.9,AGENCIA NACIONAL DE INFRAESTRUCTURA - ANI,,04/06/2020,Ref. Contrato de Concesión 003 de 2014 Concesión Honda – Girardot – Puerto Salgar Información Personal Vinculado Mayo 2020,15_01_Cartas_Enviadas/RADICADAS/2020/CI004_800520_070109_ANI_VINCULACION_MAYO-2020.pdf
3237,3,CONSORCIO 4C,CI.004/GP7700/20/7.1.10,CONCESIÓN ALTO MAGDALENA S.A.S.,,19/03/2020,Ref. Contrato de Concesión 003 de 2014 Concesión Honda – Girardot – Puerto Salgar. Condiciones Seguridad UF 5 Semana 258,15_01_Cartas_Enviadas/RADICADAS/2020/CI004_770020_070110_CON_RSEGSISO_UF5_SEM258.pdf
3238,7,CONSORCIO 4C,CI.004/GP7983/20/5.3,AGENCIA NACIONAL DE INFRAESTRUCTURA - ANI,,29/05/2020,Ref. Contrato de Concesión 003 de 2014 Concesión Honda – Girardot – Puerto Salgar Solicitud No objeción Plazo de Cura. Incumplimiento de la Obligación relacionada con la actualización del software Olympus.,15_01_Cartas_Enviadas/RADICADAS/2020/CI004_798319_050300_ANI_NO-OBJECION_PLAZO-CURA_OLYMPUS2.pdf
3239,5,CONSORCIO 4C,CI.004/GP8626/20/7.4.6,CONCESIÓN ALTO MAGDALENA S.A.S,,10/11/2020,"Ref. Contrato de Concesión 003 de 2014 Concesión Honda – Girardot – Puerto Salgar. Revisión de Avalúo Predio ALMA-3-0056, UF3.",15_01_Cartas_Enviadas/RADICADAS/2020/CI004_862620_070406_CON_REV_AVALU_ALMA-3-0056.pdf
3240,2,CONSORCIO 4C,CI.004/GP8333/20/7.2.2,AGENCIA NACIONAL DE INFRAESTRUCTURA – ANI,,20/08/2020,Ref. Contrato de Concesión 003 de 2014 Concesión Honda – Girardot – Puerto Salgar. Remisión Formato GCSP-F-007 Informe de Ejecución de Recursos Públicos – Julio 2020,15_01_Cartas_Enviadas/RADICADAS/2020/CI004_833320_070202_ANI_FORMATO_GCSP-F-007_INFOR-EJEC-RECUR-PUB-JUL20.pdf
3241,2,CONSORCIO 4C,CI.004/GP8542/20/9.2,AGENCIA NACIONAL DE INFRAESTRUCTURA - ANI,,15/10/2020,Ref. Contrato de Concesión 003 de 2014 Concesión Honda - Puerto Salgar - Girardot. Actualización Listado 'Personal de Interventoría' Informes Mensuales de Junio a Septiembre,15_01_Cartas_Enviadas/RADICADAS/2020/CI004_854220_090200_ANI_ACTUALIZA_PERSONAL_IMI-JUN-SEPT.pdf
3243,5,CONSORCIO 4C,CI.004/GP8287/20/7.4.6,CONCESIÓN ALTO MAGDALENA S.A.S,,11/08/2020,"Ref. Contrato de Concesión 003 de 2014 Concesión Honda – Girardot – Puerto Salgar. Revisión de Avalúo. Predio ALMA-5-0126, UF5",15_01_Cartas_Enviadas/RADICADAS/2020/CI004_828720_070406_CON_REV_AVALU_ALMA-5-0126.pdf
3242,3,CONSORCIO 4C,CI.004/GP7716/20/7.3.3,AGENCIA NACIONAL DE INFRAESTRUCTURA - ANI,,26/03/2020,Ref. Contrato de Concesión 003 de 2014 Concesión Honda – Girardot – Puerto Salgar Solicitud Aclaración Evaluación Nivel de Servicio E16,15_01_Cartas_Enviadas/RADICADAS/2020/CI004_771620_070303_ANI_DEFLEXION_CARACTERISTICA_E16.pdf
3244,2,CONSORCIO 4C,CI.004/GP7861/20/7.1.10,ALCALDÍA HONDA,,28/04/2020,Ref. Contrato de Concesión 003 de 2014 Concesión Honda – Girardot – Puerto Salgar. Reactivación Interventoría a obras de construcción proyecto Alto Magdalena. Remisión del protocolo de bioseguridad certificado.,15_01_Cartas_Enviadas/RADICADAS/2020/CI004_786120_070110_ALCALD_PROTOC_CERTIF_HOND (2).pdf
3246,8,CONSORCIO 4C,CI.004/GP8210/20/5.3,AGENCIA NACIONAL DE INFRAESTRUCTURA – ANI,20204090516142,23/07/2020,Ref. Contrato de Concesión 003 de 2014 Concesión Girardot - Honda - Puerto Salgar. Información Valoración Obligaciones Contingentes Para Ministerio de Hacienda y Crédito Público,15_01_Cartas_Enviadas/RADICADAS/2020/CI004_821020_050300_ANI_CONTING_MIN_HACIENDA.pdf
3245,5,CONSORCIO 4C,CI.004/GP8632/20/7.4.1,CONCESIÓN ALTO MAGDALENA S.A.S.,ANI 2020-409-098567-2,11/11/2020,Ref. Contrato de Concesión 003 de 2014 Concesión Honda - Puerto Salgar - Girardot Revisión Respuesta a Solicitud actualización sabana predial y Olympus.,15_01_Cartas_Enviadas/RADICADAS/2020/CI004_863220_070401_CON_REV_INFORME_OLYMPUS-2604.pdf
3249,4,CONSORCIO 4C,GP-7601,,,3 de Marzo de 2020,,15_01_Cartas_Enviadas/RADICADAS/2020/CI004_760120_070406_CON_AVALU_ALMA-2019-03908.pdf
3247,2,CONSORCIO 4C,CI.004/GP8744/20/7.2.2,AGENCIA NACIONAL DE INFRAESTRUCTURA – ANI,,17/12/2020,Ref. Contrato de Concesión 003 de 2014 Concesión Honda - Puerto Salgar - Girardot Remisión Formato GCSP-F-007 Informe de Ejecución de Recursos Públicos – noviembre 2020,15_01_Cartas_Enviadas/RADICADAS/2020/CI004_874420_070202_ANI_FORMATO_F-007_REC_PUBL_NOV-2020.pdf
3251,9,CONSORCIO 4C,CI.004/GP8595/20/7.5,,,8 de noviembre de 2020,,15_01_Cartas_Enviadas/RADICADAS/2020/CI004_859520_070500_CON_REV_MEMOTECNICA_SEP2020.pdf
3252,5,CONSORCIO 4C,CI.004/GP8041/20/7.4.6,,,1 de junio de 2020,,15_01_Cartas_Enviadas/RADICADAS/2020/CI004_804120_070406_CON_REV_AVALU_ALMA-5-0256.pdf
3253,4,CONSORCIO 4C,CI.004/GP7949/20/7.4.1,,,0 de mayo de 2020,,15_01_Cartas_Enviadas/RADICADAS/2020/CI004_794920_070401_CON_FICHA_ALMA-2020-1087.pdf
3254,5,CONSORCIO 4C,CI.004/GP8370/20/7.1.3,,,7 de Agosto de 2020,,15_01_Cartas_Enviadas/RADICADAS/2020/CI004_837020_070103_ANI_AFECTA_ALCANT_UF5.pdf
3248,3,CONSORCIO 4C,CI.004/GP8719/20/7.4.1,CONCESIÓN ALTO MAGDALENA S.A.S.,,14/12/2020,Ref. Contrato de Concesión 003 de 2014 Concesión Honda - Puerto Salgar - Girardot Seguimiento a Cronograma Expedientes Finales,15_01_Cartas_Enviadas/RADICADAS/2020/CI004_871920_070401_CON_SEGUIMIENTO_CRONOGRAMA_EXP-FINALES3.pdf
3250,2,CONSORCIO 4C,CI.004/GP8668/20/7.1.14,,,5 de Noviembre de 2020,,15_01_Cartas_Enviadas/RADICADAS/2020/CI004_866820_070114_ANI_PERM_OCUPA_LACHISMOSA.pdf
3257,15,CONSORCIO 4C,GP-7632,,,6 de Marzo de 2020,,15_01_Cartas_Enviadas/RADICADAS/2020/CI004_763220_050300_ANI_AMPLIA-PERIO-ESPEC_EER_GLORIETA-ORIENT.pdf
3255,4,CONSORCIO 4C,GP-7550,,,8 de Febrero de 2020,,15_01_Cartas_Enviadas/RADICADAS/2020/CI004_755020_070406_CON_AVALU_ALMA-2019-03563-03901.pdf
3256,3,CONSORCIO 4C,GP-7578,,,6 de Febrero de 2020,,15_01_Cartas_Enviadas/RADICADAS/2020/CI004_757820_070115_CON_RED_EXT_NORC.pdf
3258,32,CONSORCIO 4C,CI.004/GP8360/20/5.3-7.3.3,,,6 de Agosto de 2020,,15_01_Cartas_Enviadas/RADICADAS/2020/CI004_836020_050300_070303_ANI_CRITERIOS_INDICADORES_ALMA-2020-2080.pdf
3260,5,CONSORCIO 4C,CI.004/GP8152/20/7.1.9,,,9 de julio de 2020,,15_01_Cartas_Enviadas/RADICADAS/2020/CI004_815220_070109_CON_ALMA1579_SICC_SOCIAL.pdf
3259,2,CONSORCIO 4C,GP-7479,,,4 de Febrero de 2020,,15_01_Cartas_Enviadas/RADICADAS/2020/CI004_747920_070402_CON_FICHAS_SOCIALES_ALMA-2020-0013-0015.pdf
3261,3,CONSORCIO 4C,CI.004/GP8730/20/7.2.10,,,5 de Diciembre de 2020,,15_01_Cartas_Enviadas/RADICADAS/2020/CI004_873020_070210_ANI_ACTA-RETRIB_UF3_UF4_AGO_SEP_20.pdf
3263,12,CONSORCIO 4C,CI.004/GP8363/20/7.1.8,,,6 de agosto de 2020,,15_01_Cartas_Enviadas/RADICADAS/2020/CI004_836320_070108_CON_SEGUIM_COMPENS_AMBIEN_UF2-UF3.pdf
3262,3,CONSORCIO 4C,GP-7724,,,7 de Marzo de 2020,,15_01_Cartas_Enviadas/RADICADAS/2020/CI004_772420_070402_CON_FICHAS_SOCIALES_ALMA-2020-0640_001.pdf
3266,3,CONSORCIO 4C,GP-7555,,,0 de Febrero de 2020,,15_01_Cartas_Enviadas/RADICADAS/2020/CI004_755520_050300_CON_REINTEG-GAST-BANCAR_APORTES_ ANI-2019.pdf
3264,5,CONSORCIO 4C,CI.004/GP7932/20/7.3.3,,,5 de mayo de 2020,,15_01_Cartas_Enviadas/RADICADAS/2020/CI004_793220_070303_CON_INFORME_N.S_TRIMEST-2020.pdf
3268,4,CONSORCIO 4C,CI.004/GP7837/20/7.1.15,,,2 de abril de 2020,,15_01_Cartas_Enviadas/RADICADAS/2020/CI004_783720_070115_CON_SOLICITUD_SOPORTES_CTA-#3.pdf
3267,6,CONSORCIO 4C,CI.004/GP7977/20/5.3-9.3,,,8 de Mayo de 2020,,15_01_Cartas_Enviadas/RADICADAS/2020/CI004_797720_050300_090300_ANI_PENDIENTES_AT6_UF3.pdf
3269,19,CONSORCIO 4C,CI.004/GP7905/20/7.4.1,,,8 de mayo de 2020,,15_01_Cartas_Enviadas/RADICADAS/2020/CI004_790520_070401_CON_OBSERV_OLYMPUS_UF1Y2.pdf
3271,3,CONSORCIO 4C,GP-8086,,,4 de Junio de 2020,,15_01_Cartas_Enviadas/RADICADAS/2020/CI004_808620_070401_CON_FICH_ALMA-2020-1512.pdf
3270,3,CONSORCIO 4C,CI.004/GP8610/20/7.1.8,,,5 de noviembre de 2020,,15_01_Cartas_Enviadas/RADICADAS/2020/CI004_861020_070108_CON_INFO_SOCIOAMBIEN_TRIM-23-V01.pdf
3265,3,CONSORCIO 4C,CI.004/GP8239/20/7.3.3,,,8 de Julio de 2020,,15_01_Cartas_Enviadas/RADICADAS/2020/CI004_823920_070303_ANI_IINDICE-CUMPL_PANDEMIA.pdf
3274,3,CONSORCIO 4C,GP-7431,,,7 de enero de2020,,15_01_Cartas_Enviadas/RADICADAS/2020/CI004_743120_070404_CON_RES_EXP_ALMA-2019-03917_1.pdf
3272,3,CONSORCIO 4C,GP-7461,,,7 de enero de 2020,,15_01_Cartas_Enviadas/RADICADAS/2020/CI004_746120_070303_CON_EVAL_NIV_SERV_PS2020.pdf
3273,4,CONSORCIO 4C,CI.004/GP7777/20/7.1.10,,,8 de abril de 2020,,15_01_Cartas_Enviadas/RADICADAS/2020/CI004_777720_070110_CON_ESTADO_ENTREG_INFO-ACC.pdf
3275,4,CONSORCIO 4C,CI.004/GP7911/20/7.3.3,,,1 de mayo de 2020,,15_01_Cartas_Enviadas/RADICADAS/2020/CI004_791120_070303_CON_INSPECCION_VEHICULOS_ABRIL-2020.pdf
3276,7,CONSORCIO 4C,CI.004/GP8338/20/7.4.1,,,0 de agosto de 2020,,15_01_Cartas_Enviadas/RADICADAS/2020/CI004_833820_070401_CON_REV_INFORME_OLYMPUS.pdf
3277,5,CONSORCIO 4C,CI.004/GP8765/20/7.1.8,,,8 de diciembre de 2020,,15_01_Cartas_Enviadas/RADICADAS/2020/CI004_876520_070108_CON_INF_TRIM_24.pdf
3280,4,CONSORCIO 4C,CI.004/GP7823/20/7.1.10,,,1 de abril de 2020,,15_01_Cartas_Enviadas/RADICADAS/2020/CI004_782320_070110_CON_REACT_INTERV_OBRAS H.pdf
3279,3,CONSORCIO 4C,CI.004/GP8579/20/7.4.4,,,7 de octubre de 2020,,15_01_Cartas_Enviadas/RADICADAS/2020/CI004_857920_070404_CON_OBS_RES-EXP_ALMA-2-0088.pdf
3278,18,CONSORCIO 4C,CI.004/GP8069/20/5.3,,,8 de junio de 2020,,15_01_Cartas_Enviadas/RADICADAS/2020/CI004_806920_090300_CON_RETROSPEC_PROCESO_VERIFICA-UF123.pdf
3282,3,CONSORCIO 4C,GP-7594,,,8 de Febrero de 2020,,15_01_Cartas_Enviadas/RADICADAS/2020/CI004_759420_070208_CON_CONSIG_RECAUD_PEAJES.pdf
3281,5,CONSORCIO 4C,CI.004/GP7851/20/7.1.3,,,4 de abril de 2020,,15_01_Cartas_Enviadas/RADICADAS/2020/CI004_785120_070103_CON_OBSERV_REPARA_CRA1-PTO-BTA.pdf
3283,10,CONSORCIO 4C,CI.004/GP7776/20/9.1,,,7 de Abril de 2020,,15_01_Cartas_Enviadas/RADICADAS/2020/CI004_777620_090100_ANI_AVANCE_GESTIONES_PROYEC.pdf
3284,3,CONSORCIO 4C,CI.004/GP8642/20/5.3,,,7 de Noviembre de 2020,,15_01_Cartas_Enviadas/RADICADAS/2020/CI004_864220_050300_ANI_FONDEO_SUBCUEN_AMIGABLE.pdf
3285,3,CONSORCIO 4C,CI.004/GP8665/20/7.4.4,,,4 de noviembre de 2020,,15_01_Cartas_Enviadas/RADICADAS/2020/CI004_866520_070404_CON_OBS_RES_EXPRO_ALMA-5-0069.pdf
3287,11,CONSORCIO 4C,CI.004/GP8064/20/5.3,,,8 de Junio de 2020,,15_01_Cartas_Enviadas/RADICADAS/2020/CI004_806420_050300_ANI_ALERTA_TERMINA_UF5.pdf
3286,5,CONSORCIO 4C,GP-7676,,,3 de Marzo de 2020,,15_01_Cartas_Enviadas/RADICADAS/2020/CI004_767620_070406_CON_AVALU_ALMA-2019-03906.pdf
3288,4,CONSORCIO 4C,CI.004/8485/20/7.3.1,,,8 de Septiembre de 2020,,15_01_Cartas_Enviadas/RADICADAS/2020/CI004_848520_070301_ANI_CUMP-RES-6805_PTE-PTO-SALGAR_BRISAS.pdf
3289,16,CONSORCIO 4C,CI.004/GP8535/20/5.3,,,5 de Octubre de 2020,,15_01_Cartas_Enviadas/RADICADAS/2020/CI004_853520_050300_ANI_NOOBJECION_PCURA_EXPEFINALES.pdf
3290,2,CONSORCIO 4C,GP-7642,,,9 de Marzo de 2020,,15_01_Cartas_Enviadas/RADICADAS/2020/CI004_764220_090200_ANI_INF_SOCIOAMB_FEB_2020.pdf
3291,5,CONSORCIO 4C,GP-7688,,,5 de Marzo de 2020,,15_01_Cartas_Enviadas/RADICADAS/2020/CI004_768820_070303_CON_E14_AREAS_SERVICIO.pdf
3292,4,CONSORCIO 4C,CI.004/GP8459/20/5.3,,,1 de septiembre de 2020,,15_01_Cartas_Enviadas/RADICADAS/2020/CI004_845920_050300_CON_AMORTIZACION_CREDITOS.pdf
3293,3,CONSORCIO 4C,GP-7579,,,6 de Febrero de 2020,,15_01_Cartas_Enviadas/RADICADAS/2020/CI004_757920_070107_CON_DISE-ELECT_GLORIETA_UF5.pdf
3294,3,CONSORCIO 4C,GP-8555,,,0 de octubre de 2020,,15_01_Cartas_Enviadas/RADICADAS/2020/CI004_855520_070401_CON_EXP_FINAL_ALMA-2020-2541.pdf
3295,5,CONSORCIO 4C,CI.004/GP8577/20/7.1.10,,,7 de octubre de 2020,,15_01_Cartas_Enviadas/RADICADAS/2020/CI004_857720_070110_CON_OBS_SS-ABRIL_SALAR-MARZO.pdf
3296,2,CONSORCIO 4C,CI.004/GP7864/20/7.1.10,,,8 de abril de 2020,,15_01_Cartas_Enviadas/RADICADAS/2020/CI004_786420_070110_ALCALD_PROTOC_CERTIF_PTO SALG.pdf
3298,5,CONSORCIO 4C,GP-7426,,,,,15_01_Cartas_Enviadas/RADICADAS/2020/CI004_742620_070202_ANI_REM_FOR_GCSP-F-009_INF_MEN_RP_DIC2019.pdf
3299,3,CONSORCIO 4C,GP-7659,,,1 de Marzo de 2020,,15_01_Cartas_Enviadas/RADICADAS/2020/CI004_765920_070109_CON_REITERACION_OBS_SICC-SOCIAL.pdf
3300,5,CONSORCIO 4C,CI.004/GP8762/20/7.4.6,,,3 de diciembre de 2020,,15_01_Cartas_Enviadas/RADICADAS/2020/CI004_876220_070406_CON_OBS_AVAL9_ALMA-3-0012.pdf
3297,2,CONSORCIO 4C,GP-7482,,,0 de Enero de 2020,,15_01_Cartas_Enviadas/RADICADAS/2020/CI004_748220_091000_ANI_INF_ESP_N72.pdf
3301,10,CONSORCIO 4C,CI.004/GP8684/20/7.3.4,,,6 de noviembre de 2020,,15_01_Cartas_Enviadas/RADICADAS/2020/CI004_868420_070304_CON_PR23700_UF5.2#2.pdf
3302,5,CONSORCIO 4C,CI.004/GP8079/20/7.1.8,,,3 de junio de 2020,,15_01_Cartas_Enviadas/RADICADAS/2020/CI004_807920_070108_CON_COMP_AMB_EXP_51505.pdf
3303,5,CONSORCIO 4C,CI.004/GP8618/20/7.1.10,,,6 de noviembre de 2020,,15_01_Cartas_Enviadas/RADICADAS/2020/CI004_861820_070110_CON_SEG_SOC_SALA_JUN_JUL.pdf
3304,3,CONSORCIO 4C,GP-8304,,,3 de Agosto de 2020,,15_01_Cartas_Enviadas/RADICADAS/2020/CI004_830420_070401_CON_EXP_FINAL_ALMA-2019-03298.pdf
3305,2,CONSORCIO 4C,CI.004/GP8236/20/9.10,,,8 de Julio de 2020,,15_01_Cartas_Enviadas/RADICADAS/2020/CI004_823620_091000_ANI_INF_ESP_N98.pdf
3306,2,CONSORCIO 4C,CI.004/GP7917/20/7.2.1,,,3 de Mayo de 2020,,15_01_Cartas_Enviadas/RADICADAS/2020/CI004_791720_070200_ANI_FORMATO-GCSP-F-207_RENDIMIENTOS_ABR-2020.pdf
3307,2,CONSORCIO 4C,CI.004/GP8712/20/9.2,,,0 de Diciembre de 2020,,15_01_Cartas_Enviadas/RADICADAS/2020/CI004_871220_090200_ANI_INF_SOCIOAMB_NOV_2020.pdf
3308,15,CONSORCIO 4C,GP-7383,,,7 de Enero de 2020,,15_01_Cartas_Enviadas/RADICADAS/2020/CI004_738320_050300_CON_INFORME_EJECUCION_PRED-19.pdf
3309,8,CONSORCIO 4C,CI.004/GP8777/20/5.3,,,0 de diciembre de 2020,,15_01_Cartas_Enviadas/RADICADAS/2020/CI004_877720_050300_CON_ALCANCE_OTOR-CURA_CERCAS.pdf
3310,3,CONSORCIO 4C,CI.004/GP8659/20/7.2.10,,,0 de Noviembre de 2020,,15_01_Cartas_Enviadas/RADICADAS/2020/CI004_865920_070210_ACTAS_RETRIBUCION_JUL2019_JUN2020.pdf
3311,3,CONSORCIO 4C,CI.004/GP8609/20/7.1.8,,,5 de noviembre de 2020,,15_01_Cartas_Enviadas/RADICADAS/2020/CI004_860920_070108_CON_INF_CIERRE_AMB_UF3.pdf
3312,2,CONSORCIO 4C,CI.004/GP8725/20/7.3.7,,,4 de Diciembre de 2020,,15_01_Cartas_Enviadas/RADICADAS/2020/CI004_872520_070307_ANI_ACCIDENT_FATAL_PR17+800UF5.pdf
3313,4,CONSORCIO 4C,CI.004/GP7878/20/7.4.6,,,9 de abril de 2020,,15_01_Cartas_Enviadas/RADICADAS/2020/CI004_787820_070406_CON_REQUER_AVALUOS_OTROSI7.pdf
3314,2,CONSORCIO 4C,CI.004/GP8149/20/9.2,,,0 de Julio de 2020,,15_01_Cartas_Enviadas/RADICADAS/2020/CI004_814920_090200_ANI_VIDEO_IMI_JUN_2020.pdf
3315,4,CONSORCIO 4C,CI.004/GP7902/20/9.2,,,8 de mayo de 2020,,15_01_Cartas_Enviadas/RADICADAS/2020/CI004_790220_090200_SUP_SUPER_TRANSP_ABR_2020.pdf
3316,4,CONSORCIO 4C,CI.004/GP8597/20/7.4.4,,,9 de octubre de 2020,,15_01_Cartas_Enviadas/RADICADAS/2020/CI004_859720_070404_CON_OBS_RES_EXPR_ALMA-5-0105.pdf
3317,3,CONSORCIO 4C,CI.004/GP8508/20/7.3.3,,,0 de septiembre de 2020,,15_01_Cartas_Enviadas/RADICADAS/2020/CI004_850820_070303_CON_MEDICIÓN_INDICADORES_10_2020.pdf
3318,7,CONSORCIO 4C,CI.004/GP8519/20/7.4.1,,,6 de octubre de 2020,,15_01_Cartas_Enviadas/RADICADAS/2020/CI004_851920_070401_CON_REV_SABANAPRED_OLYMPUS.pdf
3319,8,CONSORCIO 4C,CI.004/GP7973/20/7.5,,,7 de mayo de 2020,,15_01_Cartas_Enviadas/RADICADAS/2020/CI004_797320_070500_CON_MEMOTECNICA_MAR2020.pdf
3321,4,CONSORCIO 4C,CI.004/GP8190/20/7.4.1,,,1 de Julio de 2020,,15_01_Cartas_Enviadas/RADICADAS/2020/CI004_819020_070401_CON_APROB_REM_3-0056.pdf
3320,2,CONSORCIO 4C,GP-7387,,,9 de Enero de 2020,,15_01_Cartas_Enviadas/RADICADAS/2020/CI004_738720_070109_ANI_REPORTE_GESTIONSOCIAL_DICIEMBRE2019.pdf
3322,5,CONSORCIO 4C,GP-7988,,,9 de Mayo de 2020,,15_01_Cartas_Enviadas/RADICADAS/2020/CI004_798820_070406_CON_6_AVALU_UF2_UF4.pdf
3323,5,CONSORCIO 4C,CI.004/GP8124/20/7.4.1,,,2 de julio de 2020,,15_01_Cartas_Enviadas/RADICADAS/2020/CI004_812420_070401_CON_ESTADO_CARGUE_OLYMPUS.pdf
3324,2,CONSORCIO 4C,CI.004/GP8513/20/7.3.5.,,,2 de Octubre de 2020,,15_01_Cartas_Enviadas/RADICADAS/2020/CI004_851320_070301_ANI_CRONOG_OCT20_SEPT20-EJECT.pdf
3325,7,CONSORCIO 4C,CI.004/GP8280/20/7.1.10,,,6 de agosto de 2020,,15_01_Cartas_Enviadas/RADICADAS/2020/CI004_828020_070110_CON_SS_SAL_ENE_FEB_MAR.pdf
3326,11,CONSORCIO 4C,CI.004/GP8560/20/5.3-7.3.3,,,2 de Octubre de 2020,,15_01_Cartas_Enviadas/RADICADAS/2020/CI004_856020_050300_070303_ANI_CORREC_IC_O1.pdf
3327,3,CONSORCIO 4C,CI.004/GP8044/20/7.2.9,,,2 de Junio de 2020,,15_01_Cartas_Enviadas/RADICADAS/2020/CI004_804420_070209_ANI_ACTA_VPIP_MARZO-2020.pdf
3328,5,CONSORCIO 4C,CI.004/GP8051/20/7.1.3,,,2 de junio de 2020,,15_01_Cartas_Enviadas/RADICADAS/2020/CI004_805120_070103_CON_PROTECCIÓN_TALUDES_K38-UF3.pdf
3329,4,CONSORCIO 4C,CI.004/8315/20/7.1.15,,,4 de agosto de 2020,,15_01_Cartas_Enviadas/RADICADAS/2020/CI004_831520_070115_CON_ACT_PRES_RED.pdf
3330,4,CONSORCIO 4C,CI.004/GP8679/20/5.3,,,6 de Noviembre de 2020,,15_01_Cartas_Enviadas/RADICADAS/2020/CI004_867920_050300_ANI_DERECHO_PETICIÓN_ALMA-2-0116-0118.pdf
3331,4,CONSORCIO 4C,CI.004/GP8512/20/5.3-9.3,,,2 de octubre de 2020,,15_01_Cartas_Enviadas/RADICADAS/2020/CI004_851220_050300-090300_CON_INSTALACION_PROVISIONAL_CCO.pdf
3332,3,CONSORCIO 4C,GP-8696,,,2 de Diciembre de 2020,,15_01_Cartas_Enviadas/RADICADAS/2020/CI004_869620_070402_CON_FICHA_SOCIAL_ALMA-5-0274.pdf
3334,4,CONSORCIO 4C,CI.004/GP7784/20/7.4.1,,,3 de abril de 2020,,15_01_Cartas_Enviadas/RADICADAS/2020/CI004_778420_070401_CON_EXP_FINAL_ALMA-2019-2741.pdf
3333,3,CONSORCIO 4C,CI.004/GP8153/20/7.1.10,,,9 de julio de 2020,,15_01_Cartas_Enviadas/RADICADAS/2020/CI004_815320_070110_CON_SOLICITA_INFO_SISMEDICA.pdf
3335,3,CONSORCIO 4C,ci.004/gp8241/20/5.3-7.3.1,,,2 de Octubre de 2020,,15_01_Cartas_Enviadas/RADICADAS/2020/CI004_855920_050300_070301_ANI_CIERRE_PLAZO_CURA.pdf
3337,2,CONSORCIO 4C,CI.004/0252/20/1,AGENCIA NACIONAL DE INFRAESTRUCTURA,,20/08/2020,Ref.: Contrato de Interventoría 145 de 2014 Interventoría Concesión Vial Girardot – Honda – Puerto Salgar Actualización Garantía Única de Seguros de Cumplimiento y Póliza de RCE,15_01_Cartas_Enviadas/RADICADAS/2020/CI004_025220_010000_ANI_MODIFICACION POLIZAS_CUMPLIMIENTO-RCE.pdf
3336,9,CONSORCIO 4C,CI.004/GP8088/20/7.3.1.,CONCESIÓN ALTO MAGDALENA S.A.S.,,24/06/2020,Ref. Contrato de Concesión 003 de 2014 Concesión Honda – Girardot – Puerto Salgar Informe 4 Auditoría Puntos Conteo Marzo 2020. Verificación Elusores Peaje Brisas,15_01_Cartas_Enviadas/RADICADAS/2020/CI004_808820_050300_CON_INFORME-4_VERIFICA_PUNTOS-CONTEO-UF5.pdf
3339,3,CONSORCIO 4C,CI.004/GP7575/20/7.4.1,CONCESIÓN ALTO MAGDALENA S.A.S,ALMA-R-2020-02445,25/02/2020,Ref. Contrato de Concesión 003 de 2014 Concesión Honda – Girardot – Puerto Salgar. Observaciones Expedientes Finales Prediales,15_01_Cartas_Enviadas/RADICADAS/2020/CI004_757520_070401_CON_EXP_FINAL_ALMA-2019-02411.pdf
3338,4,CONSORCIO 4C,CI.004/GP8561/20/5.3,AGENCIA NACIONAL DE INFRAESTRUCTURA – ANI,,22/10/2020,Ref. Contrato de Concesión 003 de 2014 Concesión Honda - Puerto Salgar – Girardot Cesación de Evento Eximente de Responsabilidad / Auto DRBM 0530 de 30 de septiembre de 2020,15_01_Cartas_Enviadas/RADICADAS/2020/CI004_856120_050300_ANI_EER_EXP_52038.pdf
3340,4,CONSORCIO 4C,CI.004/GP8293/20/7.4.4,AGENCIA NACIONAL DE INFRAESTRUCTURA - ANI,,12/08/2020,"Ref. Contrato de Concesión 003 de 2014 Concesión Honda – Girardot – Puerto Salgar Expedientes Finales (digitales) para Archivo, UF1",15_01_Cartas_Enviadas/RADICADAS/2020/CI004_829320_070401_ANI_EXP_PREDIALES_INCO.pdf
3341,3,CONSORCIO 4C,CI.004/GP8296/20/7.4.2,CONCESIÓN ALTO MAGDALENA S.A.S,,12/08/2020,Ref. Contrato de Concesión 003 de 2014 Concesión Honda – Girardot – Puerto Salgar. Pagos Compensaciones Socioeconómicas,15_01_Cartas_Enviadas/RADICADAS/2020/CI004_829620_070402_CON_RTA_ALMA-2020-2013_COMPSOC.pdf
3343,5,CONSORCIO 4C,CI.004/GP7752/20/7.1.8,CONCESIÓN ALTO MAGDALENA S.A.S,,02/04/2020,Ref. Contrato de Concesión 003 de 2014 Concesión Honda – Girardot – Puerto Salgar Respuesta comunicado ALMA-2020-0698 / Informe Seguimiento y Monitoreo N°8 Resolución 2280 de 2015,15_01_Cartas_Enviadas/RADICADAS/2020/CI004_775220_070108_CON_ALMA-2020-0698_RES_2280.pdf
3342,3,CONSORCIO 4C,CI.004/GP8534/20/7.4.2,CONCESIÓN ALTO MAGDALENA S.A.S.,ALMA-R-2020-1947,13/10/2020,"Ref. Contrato de Concesión 003 de 2014 Concesión Honda - Girardot - Puerto Salgar. Revisión Fichas Sociales - Respuesta a comunicaciones ALMA-2020-2297-, ALMA-2020-2456, ALMA-2020-2486, ALMA-2020-2483 y ALMA-2020-2498",15_01_Cartas_Enviadas/RADICADAS/2020/CI004_853420_070402_CON_FICHAS_SOCIALES-ALMA-2297-2456-2486-2483-2498_20204091011232.pdf
3344,5,CONSORCIO 4C,CI.004/GP8449/20/7.4.1,CONCESIÓN ALTO MAGDALENA S.A.S,ALMA-R-2020-1799,16/09/2020,Ref. Contrato de Concesión 003 de 2014 Concesión Honda - Puerto Salgar - Girardot Observaciones Expediente Final Predial. Predio ALMA-1-0007 (UF1).,15_01_Cartas_Enviadas/RADICADAS/2020/CI004_844920_070401_CON_EXP_FINAL_ALMA-2020-2132.pdf
3345,2,CONSORCIO 4C,CI.004/GP7934/20/9.10,AGENCIA NACIONAL DE INFRAESTRUCTURA - ANI,,18/05/2020,Ref. Contrato de Concesión 003 de 2014 Concesión Honda – Girardot – Puerto Salgar. Remisión de Informe Semanal 88. Avance de Unidades Funcionales en Construcción.,15_01_Cartas_Enviadas/RADICADAS/2020/CI004_793420_091000_ANI_INF_ESP_N88.pdf
3346,3,CONSORCIO 4C,CI.004/GP8342/20/5.3,CONCESION ALTO MAGDALENA S.A.S,,21/08/2020,Ref. Contrato de Concesión 003 de 2014 Concesión Honda – Girardot – Puerto Salgar Pólizas Contrato de Concesión.,15_01_Cartas_Enviadas/RADICADAS/2020/CI004_834220_050300_SOPORTE-PAGO_PRIMA_POLIZAS.pdf
3347,4,CONSORCIO 4C,CI.004/GP8220/20/5.3,CONCESION ALTO MAGDALENA,,27/07/2020,Ref. Contrato de Concesión 003 de 2014 Concesión Honda – Girardot – Puerto Salgar Asunto: Solicitud Estudio de Máxima Pérdida Probable.,15_01_Cartas_Enviadas/RADICADAS/2020/CI004_822020_050300_CON_SOLI_ESTUDIO_PERDIDA-MAXIMA-PROBABLE.pdf
3348,4,CONSORCIO 4C,CI.004/7704/20/7.1.7-7.3.1,CONCESIÓN ALTO MAGDALENA S.A.S.,,25/03/2020,Ref. Contrato de Concesión 003 de 2014 Concesión Honda – Girardot – Puerto Salgar Observaciones Instalaciones Eléctricas.,15_01_Cartas_Enviadas/RADICADAS/2020/CI004_770420_070103_CON_OBS_INST_ELCTI_PESAJES..pdf
3349,2,CONSORCIO 4C,CI.004/GP7565/20/9.10,AGENCIA NACIONAL DE INFRAESTRUCTURA - ANI,,21/02/2020,Ref. Contrato de Concesión 003 de 2014 Concesión Honda – Girardot – Puerto Salgar. Remisión de Informe Semanal 76. Avance de Unidades Funcionales en Construcción.,15_01_Cartas_Enviadas/RADICADAS/2020/CI004_756520_091000_ANI_INF_ESP_N76.pdf
3350,2,CONSORCIO 4C,CI.004/GP8736/20/7.2.2,AGENCIA NACIONAL DE INFRAESTRUCTURA – ANI,,15/12/2020,Ref. Contrato de Concesión 003 de 2014 Concesión Honda - Puerto Salgar – Girardot Remisión Formato GCSP-F-009 Informe Mensual Recaudo de Peajes – noviembre 2020,15_01_Cartas_Enviadas/RADICADAS/2020/CI004_873620_070202_ANI_FORMATO_GCSP-F-009_PEAJES_NOV-2020.pdf
3351,6,CONSORCIO 4C,CI.004/GP7609/20/7.1.8,CONCESIÓN ALTO MAGDALENA S.A.S,ALHA-R-2020-0510,03/03/2020,Ref. Contrato de Concesión 003 de 2014 Concesión Honda – Girardot – Puerto Salgar. Seguimiento Avance Acciones Compensación Ambiental / Predio Chicoa K36+500.,15_01_Cartas_Enviadas/RADICADAS/2020/CI004_760920_070108_CON_COMP-AMB_PREDIO_CHICOA-UF2.pdf
3352,1,CONSORCIO 4C,CI.004/GP7510/20/9.2,AGENCIA NACIONAL DE INFRAESTRUCTURA - ANI,2020-409-015182-2,13/02/2020,Ref. Contrato de Concesión 003 de 2014 Concesión Honda – Girardot – Puerto Salgar. Registro Fílmico Informe Mensual Técnico 63.,15_01_Cartas_Enviadas/RADICADAS/2020/CI004_751020_090200_ANI_REG_FIL_INF_MEN_TEC63.pdf
3353,3,CONSORCIO 4C,CI.004/GP8732/20/7.2.10,AGENCIA NACIONAL DE INFRAESTRUCTURA - ANI,,15/12/2020,"Ref. Contrato de Concesión 003 de 2014 Concesión Honda - Puerto Salgar - Girardot Acta de Retribución. Agosto y septiembre de 2020, de las UF1 y UF2.",15_01_Cartas_Enviadas/RADICADAS/2020/CI004_873220_070210_ANI_ACTA-RETRIB_UF1_UF2_AGO_SEP_20.pdf
3354,3,CONSORCIO 4C,CI.004/GP7862/20/7.1.10,ALCALDÍA LA DORADA,,28/04/2020,Ref. Contrato de Concesión 003 de 2014 Concesión Honda – Girardot – Puerto Salgar. Reactivación Interventoría a obras de construcción proyecto Alto Magdalena. Remisión del protocolo de bioseguridad.,15_01_Cartas_Enviadas/RADICADAS/2020/CI004_786220_070110_ALCALD_PROTOC_CERTIF_LA_DORAD.pdf
3355,6,CONSORCIO 4C,CI.004/GP8517/20/7.4.4,AGENCIA NACIONAL DE INFRAESTRUCTURA - ANI,,05/10/2020,"Ref. Contrato de Concesión 003 de 2014 Concesión Honda - Puerto Salgar - Girardot Observaciones Resolución de Expropiación predio ALMA-2-0032, UF2.",15_01_Cartas_Enviadas/RADICADAS/2020/CI004_851720_070404_ANI_OBSERV_RESOL_EXPRO_ALMA-2-0032.pdf
3357,4,CONSORCIO 4C,CI.004/GP8367/20/7.4.1,CONCESIÓN ALTO MAGDALENA S.A.S.,,26/08/2020,Ref. Contrato de Concesión 003 de 2014 Concesión Honda - Puerto Salgar - Girardot Observaciones Actualización Estudio Títulos Predio ALMA-3-0098 (UF3),15_01_Cartas_Enviadas/RADICADAS/2020/CI004_836720_070401_CON_EST_FICH_ALMA-3-0098.pdf
3358,6,CONSORCIO 4C,CI.004/GP8468/20/5.3,AGENCIA NACIONAL DE INFRAESTRUCTURA - ANI,,24/09/2020,Solicitud No objeción Plazo de Cura,15_01_Cartas_Enviadas/RADICADAS/2020/CI004_846820_050300_ANI_NO-OBJEC_PLAZO-CURA_EEFF.pdf
3356,3,CONSORCIO 4C,CI.004/GP8403/20/7.4.1,CONCESIÓN ALTO MAGDALENA S.A.S,ALMA-R-2828-1737,03/09/2020,Ref. Contrato de Concesión 003 de 2014 Concesión Honda - Puerto Salgar - Girardot Observaciones Expedientes Finales Prediales UF2. Respuesta a carta ALMA-2020-2027,15_01_Cartas_Enviadas/RADICADAS/2020/CI004_840320_070401_CON_EXP_FINAL_ALMA-2020-2027.pdf
3359,4,CONSORCIO 4C,CI.004/GP7787/20/7.4.1,CONCESIÓN ALTO MAGDALENA S.A.S.,ALMA-2019-02821,13/04/2020,"Ref. Contrato de Concesión 003 de 2014 Concesión Honda – Girardot – Puerto Salgar. Observaciones Expediente Final Predial. Predio ALMA-2-0017, UF2.",15_01_Cartas_Enviadas/RADICADAS/2020/CI004_778720_070401_CON_EXP_FINAL_ALMA-2019-02821.pdf
3360,3,CONSORCIO 4C,CI.004/GP8729/20/5.3,CONCESIÓN ALTO MAGDALENA S.A.S.,,15/12/2020,Ref. Contrato de Concesión 003 de 2014 Concesión Honda – Puerto Salgar - Girardot. Pólizas Contrato de Concesión Etapa Operación y Mantenimiento.,15_01_Cartas_Enviadas/RADICADAS/2020/CI004_872920_050300_CON_POLIZAS_ETAPA_O&M.pdf
3362,6,CONSORCIO 4C,CI.004/GP8649/20/7.1.4,CONCESIÓN ALTO MAGDALENA S.A.S.,,19/11/2020,"Ref. Contrato de Concesión 003 de 2014 Concesión Honda - Puerto Salgar - Girardot. Implementación Planes de Gestión de Riesgo de Desastres, Temporada De Lluvias II-2020.",15_01_Cartas_Enviadas/RADICADAS/2020/CI004_864920_070104_CON_ALERT-LLUVIAS_SITIOS_CRITICOS.pdf
3361,3,CONSORCIO 4C,CI.004/GP8436/20/7.4.1,CONCESIÓN ALTO MAGDALENA S.A.S,ALMA-R-2020-1786,14/09/2020,"Ref. Contrato de Concesión 003 de 2014 Concesión Honda - Puerto Salgar - Girardot Observaciones Expediente Final Predial ALMA-1-0008, UF1. Respuesta a carta ALMA-2020-2213",15_01_Cartas_Enviadas/RADICADAS/2020/CI004_843620_070401_CON_EXP_FINAL_ALMA-2020-2213.pdf
3363,3,CONSORCIO 4C,CI.004/GP8676/20/5.3-7.2.4,CONCESIÓN ALTO MAGDALENA S.A.S.,,25/11/2020,Ref. Contrato de Concesión 003 de 2014 Concesión Honda - Puerto Salgar - Girardot Asunto resumido en 2 líneas,15_01_Cartas_Enviadas/RADICADAS/2020/CI004_867620_050300_CON_REQUER_PLAN_AMORTIZA_CREDIT.pdf
3364,3,CONSORCIO 4C,CI.004/GP8599/20/7.4.1,CONCESIÓN ALTO MAGDALENA S.A.S,,04/11/2020,Ref. Contrato de Concesión 003 de 2014 Concesión Honda - Puerto Salgar - Girardot. Revisión Informe Avance Gestión Predial septiembre de 2020.,15_01_Cartas_Enviadas/RADICADAS/2020/CI004_859920_070400_CON_OBS_INFOGP_SEP2020.pdf
3365,3,CONSORCIO 4C,CI.004/GP7637/20/7.4.1,CONCESIÓN ALTO MAGDALENA S.A.S,ALMA-R-2828-8578,06/03/2020,Ref. Contrato de Concesión 003 de 2014 Concesión Honda – Girardot – Puerto Salgar. Observaciones Ficha Predial. ALMA-3-0114. UF3,15_01_Cartas_Enviadas/RADICADAS/2020/CI004_763720_070401_CON_FICH_ALMA-2020-0468.pdf
3366,8,CONSORCIO 4C,CI.004/G8184/20/5.3,AGENCIA NACIONAL DE INFRAESTRUCTURA - ANI,,17/07/2020,Ref. Contrato de Concesión 003 de 2014 Concesión Honda – Girardot – Puerto Salgar Solicitud No objeción Plazo de Cura. Incumplimiento de las obligaciones contempladas en la sección 4.5 (v) de la Parte General del Contrato de Concesión. Condiciones de seguridad en la operación del subsector 1 – UF5.,15_01_Cartas_Enviadas/RADICADAS/2020/CI004_818420_050300_ANI_NO-OBJE_P-CURA_SEGVIAL_UF5.1.pdf
3367,6,CONSORCIO 4C,CI.004/GP7744/20/7.4.6,CONCESIÓN ALTO MAGDALENA S.A.S,,31/03/2020,"Ref. Contrato de Concesión 003 de 2014 Concesión Honda – Girardot – Puerto Salgar. Observaciones Avalúo predio ALMA-5-0267, UF5",15_01_Cartas_Enviadas/RADICADAS/2020/CI004_774420_070406_CON_AVALU_ALMA-2020-0446.pdf
3369,5,CONSORCIO 4C,CI.004/GP7503/20/7.4.1,CONCESIÓN ALTO MAGDALENA S.A.S,ALMA-R-2020-0282,06/02/2020,Ref. Contrato de Concesión 003 de 2014 Concesión Honda – Girardot – Puerto Salgar. Observaciones Fichas Prediales UF3. Predios Baldíos,15_01_Cartas_Enviadas/RADICADAS/2020/CI004_750320_070401_CON_FICH_ALMA-2020-0104.pdf
3372,6,CONSORCIO 4C,CI.004/GP8325/20/7.1.4,,,8 de agosto de 2020,,15_01_Cartas_Enviadas/RADICADAS/2020/CI004_832520_070401_CON_TRATAMIENTO_PARCHEOS_UF5.2.pdf
3368,2,CONSORCIO 4C,CI.004/8002/20/2.2,AGENCIA NACIONAL DE INFRAESTRUCTURA – ANI,,04/06/2020,Ref. Contrato de Interventoría 145 de 2014 Concesión Honda – Girardot – Puerto Salgar. Reemplazo – Especialista Ambiental- Residente SISO -Profesional Socio Ambiental,15_01_Cartas_Enviadas/RADICADAS/2020/CI004_800220_020200_ANI_REEMPLAZO_ESP_AMBIENTAL_SISO.pdf
3370,3,CONSORCIO 4C,CI.004/GP8549/20/7.4.1,CONCESIÓN ALTO MAGDALENA S.A.S.,ANI 2020-409-089908-2,19/10/2020,Ref. Contrato de Concesión 003 de 2014 Concesión Honda - Puerto Salgar - Girardot Reiteración Requerimiento Certificados Catastrales,15_01_Cartas_Enviadas/RADICADAS/2020/CI004_854920_070401_CON_REITER_REQUER_CER-CATASTR.pdf
3371,3,CONSORCIO 4C,CI.004/GP8621/20/7.3.3,,,6 de noviembre de 2020,,15_01_Cartas_Enviadas/RADICADAS/2020/CI004_862120_070303_CON_SICC_E11_FALLA.pdf
3373,5,CONSORCIO 4C,CI.004/GP7906/20/7.4.6,,,8 de mayo de 2020,,15_01_Cartas_Enviadas/RADICADAS/2020/CI004_790620_070406_CON_REV_AVALU_ALMA-4-0062.pdf
3374,7,CONSORCIO 4C,CI.004/GP8592/20/5.3-7.1.8,,,9 de Octubre de 2020,,15_01_Cartas_Enviadas/RADICADAS/2020/CI004_859220_050300_070108_ANI_PROC_SANC_AUTO_0920.pdf
3375,3,CONSORCIO 4C,GP-7454,,,3 de enero de2020,,15_01_Cartas_Enviadas/RADICADAS/2020/CI004_745420_070401_CON_OBS_FIC_PRED_UF5-.pdf
3377,4,CONSORCIO 4C,GP-7564,,,1 de Febrero de 2020,,15_01_Cartas_Enviadas/RADICADAS/2020/CI004_756420_070406_CON_AVALU_ALMA-2020-0192-0193.pdf
3379,2,CONSORCIO 4C,CI.004/GP8281/20/9.2,,,6 de Agosto de 2020,,15_01_Cartas_Enviadas/RADICADAS/2020/CI004_828120_090200_ANI_INF_SOCIOAMB_JUL_2020.pdf
3376,20,CONSORCIO 4C,GP-7925,,,,,15_01_Cartas_Enviadas/RADICADAS/2020/CI004_792520_070108_CON_DIAGN_COMP_AMB_UF2.pdf
3378,6,CONSORCIO 4C,GP-7403,,,3 de Enero de 2020,,15_01_Cartas_Enviadas/RADICADAS/2020/CI004_740320_070406_CON_AVALU_ALMA-2019-03856.pdf
3380,4,CONSORCIO 4C,CI.004/GP7850/20/7.1.10,,,4 de abril de 2020,,15_01_Cartas_Enviadas/RADICADAS/2020/CI004_785020_070110_CON_REACT_INTERV_OBRA-DORAD.pdf
3381,3,CONSORCIO 4C,CI.004/GP8460/20/7.1.8,,,2 de Septiembre de 2020,,15_01_Cartas_Enviadas/RADICADAS/2020/CI004_846020_050300_ANI_ESTUDIO_PERDIDA_MAXIMA.pdf
3382,3,CONSORCIO 4C,GP-7467,,,9 de Enero de 2020,,15_01_Cartas_Enviadas/RADICADAS/2020/CI004_746720_070401_CON_EXP_FINAL_ALMA-2019-02320.pdf
3383,3,CONSORCIO 4C,CI.004/GP8311/20/7.1.9,,,3 de agosto de 2020,,15_01_Cartas_Enviadas/RADICADAS/2020/CI004_831120_070109_CON_QUEJA_PREDIAL_MQUINTERO.pdf
3385,3,CONSORCIO 4C,CI.004/GP8050/20/5.3,,,2 de junio de 2020,,15_01_Cartas_Enviadas/RADICADAS/2020/CI004_805020_050300_CON_OBSERVACION_ POLIZA-CUMPLIMIENTO__OTROSI9-EERUF4.pdf
3386,4,CONSORCIO 4C,GP-7492,,,4 de Febrero de 2020,,15_01_Cartas_Enviadas/RADICADAS/2020/CI004_749220_070406_CON_AVALU_ALMA-2019-03912-03913.pdf
3384,5,CONSORCIO 4C,GP-7425,,,6 de enero de 2020,,15_01_Cartas_Enviadas/RADICADAS/2020/CI004_742520_070202_ANI_REM_FOR_GCSP-F-007.pdf
3387,3,CONSORCIO 4C,GP-7950,,,,,15_01_Cartas_Enviadas/RADICADAS/2020/CI004_795020_070402_CON_FICHAS_SOCIALES.pdf
3390,3,CONSORCIO 4C,CI.004/GP8660/20/7.4.1,,,0 de noviembre de 2020,,15_01_Cartas_Enviadas/RADICADAS/2020/CI004_866020_070401_CON_GESTION_PREDIAL_TERCEROS.pdf
3392,4,CONSORCIO 4C,CI.004/GP7839/20/7.1.4,,,3 de abril de 2020,,15_01_Cartas_Enviadas/RADICADAS/2020/CI004_783920_070104_CON_SITIO_CRITICO_UF2.pdf
3391,3,CONSORCIO 4C,GP-7648,,,0 de Marzo de 2020,,15_01_Cartas_Enviadas/RADICADAS/2020/CI004_764820_070402_CON_FICHAS_SOCIALES_ALMA-5-0252-ENCISO.pdf
3388,6,CONSORCIO 4C,CI.004/GP8475/20/7.4.1,,,4 de septiembre de 2020,,15_01_Cartas_Enviadas/RADICADAS/2020/CI004_847520_070401_CON_REQUERI_AVALUOS_OTROSÍ9.pdf
3389,19,CONSORCIO 4C,CI.004/GP8414/20/7.3.3,,,8 de septiembre de 2020,,15_01_Cartas_Enviadas/RADICADAS/2020/CI004_841420_070303_CON_INDICADOR_CAPACIDAD-ESTRUCTURAL_E16.pdf
3394,3,CONSORCIO 4C,CI.004/GP8677/20/7.1.7,,,5 de noviembre de 2020,,15_01_Cartas_Enviadas/RADICADAS/2020/CI004_867720_070107_CON_EST_HID_PUENTES_UF52.pdf
3393,3,CONSORCIO 4C,GP-7576,,,5 de Febrero de 2020,,15_01_Cartas_Enviadas/RADICADAS/2020/CI004_757620_070404_ANI_MEMORIA_SEGUIMIENTO_EXPROP-4-0003.pdf
3395,2,CONSORCIO 4C,CI.004/GP8107/20/7.1.9,,,0 de junio de 2020,,15_01_Cartas_Enviadas/RADICADAS/2020/CI004_810720_070109_TER_RTA_AVESGA.pdf
3396,2,CONSORCIO 4C,GP-8308,,,3 de Agosto de 2020,,15_01_Cartas_Enviadas/RADICADAS/2020/CI004_830820_070406_CON_EXP_AVALUO_ALMA-2-0064.pdf
3397,4,CONSORCIO 4C,CI.004/GP8616/20/9.3,,,5 de Noviembre de 2020,,15_01_Cartas_Enviadas/RADICADAS/2020/CI004_861620_090300_ANI_PLANOS_RECORD.pdf
3398,4,CONSORCIO 4C,CI.004/GP8611/20/7.1.8,,,5 de noviembre de 2020,,15_01_Cartas_Enviadas/RADICADAS/2020/CI004_861120_070108_CON_OBS_ICA1_RES_0719.pdf
3399,4,CONSORCIO 4C,GP-8450,,,7 de Septiembre de 2020,,15_01_Cartas_Enviadas/RADICADAS/2020/CI004_845020_070401_CON_EXP_FINAL_ALMA-2020-2215.pdf
3401,4,CONSORCIO 4C,CI.004/GP7952/20/5.3,,,2 de Mayo de 2020,,15_01_Cartas_Enviadas/RADICADAS/2020/CI004_795220_050300_090300_ANI_VERIFICA_INDICADORES_NPH-INVIAS.pdf
3400,8,CONSORCIO 4C,GP-7404,,,3 de Enero de 2020,,15_01_Cartas_Enviadas/RADICADAS/2020/CI004_740420_070110_CON_RINVE_ACC_LABORALES.pdf
3402,4,CONSORCIO 4C,CI.004/GP7822/20/7.1.10,,,1 de abril de 2020,,15_01_Cartas_Enviadas/RADICADAS/2020/CI004_782220_070110_CON_REACT_INTERV_OBRAS GUAT.pdf
3403,3,CONSORCIO 4C,GP-7589,,,6 de Febrero de 2020,,15_01_Cartas_Enviadas/RADICADAS/2020/CI004_758920_070109_CON_OBS_INFOTRIMEST_SOCI21.pdf
3404,3,CONSORCIO 4C,GP-7582,,,6 de Febrero de 2020,,15_01_Cartas_Enviadas/RADICADAS/2020/CI004_758220_070115_CON_SOPORT_SUBCTA_RED.pdf
3405,8,CONSORCIO 4C,GP-7554,,,0 de Febrero de 2020,,15_01_Cartas_Enviadas/RADICADAS/2020/CI004_755420_050300_ANI_INFORME_SABANA_AVALUOS-4.pdf
3406,2,CONSORCIO 4C,GP-8770,,,9 de Diciembre de 2020,,15_01_Cartas_Enviadas/RADICADAS/2020/CI004_877020_070401_CON_COTEJO_SELLOS_ALMA-5-0049_.pdf
3407,2,CONSORCIO 4C,CI.004/GP8738/20/7.2.2,,,5 de Diciembre de 2020,,15_01_Cartas_Enviadas/RADICADAS/2020/CI004_873820_070202_ANI_FORMATO_GCSP-F-001_MMTO_NOV-2020.pdf
3408,7,CONSORCIO 4C,GP-7654,,,1 de Marzo de 2020,,15_01_Cartas_Enviadas/RADICADAS/2020/CI004_765420_050300_ANI_NO-OBJECION_PLAZO-CURA_POLIZA-RESPO-CIVIL.pdf
3409,2,CONSORCIO 4C,CI.004/GP8422/20/9.2,,,0 de Septiembre de 2020,,15_01_Cartas_Enviadas/RADICADAS/2020/CI004_842220_090200_ANI_INFORME_MENSUAL_AGO_2020.pdf
3410,3,CONSORCIO 4C,CI.004/GP8781/20/7.2.9,,,0 de Diciembre de 2020,,"15_01_Cartas_Enviadas/RADICADAS/2020/CI004_878120_070209_ANI_ACTA_RETRIBUCION NOV 2020 UF 1,2,3,4,5.pdf"
3411,3,CONSORCIO 4C,CI.004/GP8710/20/7.2.10,,,9 de Diciembre de 2020,,15_01_Cartas_Enviadas/RADICADAS/2020/CI004_871020_070210_ANI_ACTA_RETRIBUCION_JUL2020_UF4.pdf
3412,3,CONSORCIO 4C,GP-7569,,,1 de Febrero de 2020,,15_01_Cartas_Enviadas/RADICADAS/2020/CI004_756920_070301_CON_CAMARAS_OCR_GUATAQUÍ.pdf
3413,3,CONSORCIO 4C,GP-7418,,,5 de Enero de 2020,,15_01_Cartas_Enviadas/RADICADAS/2020/CI004_741820_070109_CON_OBS-SICC-SOCIAL.pdf
3414,4,CONSORCIO 4C,CI.004/GP8023/20/7.1.8,,,9 de junio de 2020,,15_01_Cartas_Enviadas/RADICADAS/2020/CI004_802320_070108_CON_RESP_ALMA-2020-1389_REC_REP.pdf
3415,6,CONSORCIO 4C,CI.004/GP8366/20/7.1.15,,,6 de agosto de 2020,,15_01_Cartas_Enviadas/RADICADAS/2020/CI004_836620_070115_CON_REDES_PREDIO_ALMA-2-0122-1.pdf
3416,6,CONSORCIO 4C,CI.004/8033/20/7.1.7,,,1 de junio de 2020,,15_01_Cartas_Enviadas/RADICADAS/2020/CI004_803320_070107_CON_REQUERIMIENTO_DISEÑOS_ELEC-UF5.pdf
3417,4,CONSORCIO 4C,CI.004/GP8479/20/7.1.7,,,5 de septiembre de 2020,,15_01_Cartas_Enviadas/RADICADAS/2020/CI004_847920_070107_CON_DIS-SEÑAL_PTE-GUARINO_UF5.2.pdf
3418,6,CONSORCIO 4C,CI.004/GP8048/20/5.3-7.3.3,,,2 de junio de 2020,,15_01_Cartas_Enviadas/RADICADAS/2020/CI004_804820_050300_070303_CON_CAMBIOS_SICC_REQUERIMIENTO.pdf
3419,5,CONSORCIO 4C,CI.004/GP8758/20/7.4.6,,,2 de diciembre de 2020,,15_01_Cartas_Enviadas/RADICADAS/2020/CI004_875820_070406_CON_OBS_AVAL9_2UF3.pdf
3420,3,CONSORCIO 4C,GP-8742,,,5 de Diciembre de 2020,,15_01_Cartas_Enviadas/RADICADAS/2020/CI004_874220_070401_CON_EST_FICHA_ALMA-2-0158.pdf
3421,8,CONSORCIO 4C,CI.004/GP7896/20/7.3.1.,,,7 de mayo de 2020,,15_01_Cartas_Enviadas/RADICADAS/2020/CI004_789620_050300_CON_INFORME-3_VERIFICA_PUNTOS-CONTEO-UF5.pdf
3422,2,CONSORCIO 4C,CI.004/GP7885/20/9.10,,,4 de Mayo de 2020,,15_01_Cartas_Enviadas/RADICADAS/2020/CI004_788520_091000_ANI_INF_ESP_N86.pdf
3424,4,CONSORCIO 4C,GP-7519,,,2 de Febrero de 2020,,15_01_Cartas_Enviadas/RADICADAS/2020/CI004_751920_070406_CON_AVALU_ALMA-2019-03054.pdf
3423,4,CONSORCIO 4C,CI.004/GP8470/20/7.1.7,,,4 de septiembre de 2020,,15_01_Cartas_Enviadas/RADICADAS/2020/CI004_847020_070107_CON_JERSEY_PUENTES_PEATON.pdf
3425,5,CONSORCIO 4C,CI.004/GP8320/20/7.4.1,,,4 de agosto de 2020,,15_01_Cartas_Enviadas/RADICADAS/2020/CI004_832020_070401_CON_SABANA_AVALÚOS_ALMA-2020-2021.pdf
3426,3,CONSORCIO 4C,GP-7668,,,2 de Marzo de 2020,,15_01_Cartas_Enviadas/RADICADAS/2020/CI004_766820_070110_CON_RSEGSISO_UF4-5_SEM251.pdf
3427,3,CONSORCIO 4C,GP-7653,,,1 de Marzo de 2020,,15_01_Cartas_Enviadas/RADICADAS/2020/CI004_765320_070401_CON_EXP_FINAL_ALMA-2019-02464.pdf
3428,2,CONSORCIO 4C,CI.004/GP8159/20/5.3,,,0 de Julio de 2020,,15_01_Cartas_Enviadas/RADICADAS/2020/CI004_815920_050300_ANI_TRASLADO_RECURSOS_OTROSI-9.pdf
3429,3,CONSORCIO 4C,CI.004/GP8619/20/7.1.15,,,6 de noviembre de 2020,,15_01_Cartas_Enviadas/RADICADAS/2020/CI004_861920_070115_CON_GES_OPE_RED.pdf
3430,5,CONSORCIO 4C,CI.004/GP8585/20/7.1.8,,,9 de octubre de 2020,,15_01_Cartas_Enviadas/RADICADAS/2020/CI004_858520_070108_CON_OBS_ICA14_UF4.1.pdf
3432,5,CONSORCIO 4C,CI.004/GP8369/20/7.4.6,,,6 de agosto de 2020,,15_01_Cartas_Enviadas/RADICADAS/2020/CI004_836920_070406_CON_REV_AVALUO_ALMA-5-0124.pdf
3431,4,CONSORCIO 4C,CI.004/GP8490/20/9.3,,,9 de Septiembre de 2020,,15_01_Cartas_Enviadas/RADICADAS/2020/CI004_849020_090300_ANI_INFORME_TERMINAC_PREOPER-UF5.pdf
3433,4,CONSORCIO 4C,CI.004/GP8678/20/7.1.8,,,5 de noviembre de 2020,,15_01_Cartas_Enviadas/RADICADAS/2020/CI004_867820_070108_CON_AUTO_ANLA_10765_UF5.4.pdf
3434,3,CONSORCIO 4C,GP-7698,,,5 de Marzo de 2020,,15_01_Cartas_Enviadas/RADICADAS/2020/CI004_769820_070401_CON_FICH_ALMA-2020-0712.pdf
3435,11,CONSORCIO 4C,CI.004/GP8527/20/7.4.1,,,9 de octubre de 2020,,15_01_Cartas_Enviadas/RADICADAS/2020/CI004_852720_070401_CON_REV_DISPONI_PREDIAL.pdf
3437,9,CONSORCIO 4C,GP-7709,,,5 de Marzo de 2020,,15_01_Cartas_Enviadas/RADICADAS/2020/CI004_770920_070406_CON_AVALU_ALMA-2020-0488-0695.pdf
3438,2,CONSORCIO 4C,GP-8703,,,3 de Diciembre de 2020,,15_01_Cartas_Enviadas/RADICADAS/2020/CI004_870320_070401_CON_EST_FICHA_ALMA-2-0122-1.pdf
3436,3,CONSORCIO 4C,CI.004/GP8327/20/7.4.2,,,8 de agosto de 2020,,15_01_Cartas_Enviadas/RADICADAS/2020/CI004_832720_070402_CON_ACTUALIZACION_PCSE_ALMA-2020-2064.pdf
3439,3,CONSORCIO 4C,GP-7499,,,5 de Febrero de 2020,,15_01_Cartas_Enviadas/RADICADAS/2020/CI004_749920_070404_CON_RES_EXP_ALMA-2020-0186.pdf
3440,5,CONSORCIO 4C,GP-8700,,,3 de Diciembre de 2020,,15_01_Cartas_Enviadas/RADICADAS/2020/CI004_870020_070115_CON_REQUER_CAMARAS_ALC_UF5.pdf
3441,2,CONSORCIO 4C,GP-7573,,,5 de Febrero de 2020,,15_01_Cartas_Enviadas/RADICADAS/2020/CI004_757320_070303_CON_MEDICION_INDICADORES_MARZO-2020.pdf
3442,3,CONSORCIO 4C,CI.004/GP8185/20/7.1.9,,,1 de julio de 2020,,15_01_Cartas_Enviadas/RADICADAS/2020/CI004_818520_070109_CON_DER-PET_VIA1_PTO-BOGOTA.pdf
3444,4,CONSORCIO 4C,CI.004/GP8442/20/5.3,,,5 de septiembre de 2020,,15_01_Cartas_Enviadas/RADICADAS/2020/CI004_844220_050300_CON_SOLICITUD_EEFF_AUDITADOS.pdf
3443,3,CONSORCIO 4C,GP-7388,,,0 de Enero de 2020,,15_01_Cartas_Enviadas/RADICADAS/2020/CI004_738820_070110_CON_RSEGSISO_UF4-5_SEM242-249.pdf
3445,3,CONSORCIO 4C,GP-7614,,,3 de Marzo de 2020,,15_01_Cartas_Enviadas/RADICADAS/2020/CI004_761420_070304_CON_SECTOR_CRITIC_TRIMEST-4-2019.pdf
3446,10,CONSORCIO 4C,CI.004/GP8294/20/7.4.1,,,2 de agosto de 2020,,15_01_Cartas_Enviadas/RADICADAS/2020/CI004_829420_070401_CON_REV_INFORME_OLYMPUS.pdf
3447,7,CONSORCIO 4C,CI.004/GP7930/20/7.1.7,,,5 de mayo de 2020,,15_01_Cartas_Enviadas/RADICADAS/2020/CI004_793020_070107_CON_DISEÑO_ANDENES_NORCASIA-UF5.2.pdf
3448,4,CONSORCIO 4C,GP-7732,,,0 de Marzo de 2020,,15_01_Cartas_Enviadas/RADICADAS/2020/CI004_773220_070110_CON_RSEGSOC_MAY_SAL_ABR2019.pdf
3449,2,CONSORCIO 4C,GP-7414,,,4 de Enero de 2020,,15_01_Cartas_Enviadas/RADICADAS/2020/CI004_741420_091000_ANI_INF_ESP_N70.pdf
3451,2,CONSORCIO 4C,CI.004/GP8438/20/7.2.2,,,5 de Septiembre de 2020,,15_01_Cartas_Enviadas/RADICADAS/2020/CI004_843820_070202_ANI_FORMATO_GCSP-F-001_MTTO-AGO20.pdf
3450,4,CONSORCIO 4C,CI.004/GP8096/20/7.5,,,5 de junio de 2020,,15_01_Cartas_Enviadas/RADICADAS/2020/CI004_809620_070500_CON_REV3_MEMOTECNICA_JUL2019.pdf
3452,4,CONSORCIO 4C,GP-8602,,,4 de Noviembre de 2020,,15_01_Cartas_Enviadas/RADICADAS/2020/CI004_860220_070401_CON_EST_FICH_ALMA-2-0122-1 (1).pdf
3453,2,CONSORCIO 4C,CI.004/GP8200/20/9.10,,,2 de Julio de 2020,,15_01_Cartas_Enviadas/RADICADAS/2020/CI004_820020_091000_ANI_INF_ESP_N97.pdf
3454,3,CONSORCIO 4C,GP-8087,,,4 de Junio de 2020,,15_01_Cartas_Enviadas/RADICADAS/2020/CI004_808720_070406_CON_REV_AVALU_ALMA-5-0070.pdf
3455,3,CONSORCIO 4C,GP-7384,,,7 de Enero de 2020,,15_01_Cartas_Enviadas/RADICADAS/2020/CI004_738420_070301_CON_FALLA-PEAJ_GUATAQUI_CAMBAO.pdf
3456,6,CONSORCIO 4C,CI.004/GP8489/20/7.3.1.,,,8 de septiembre de 2020,,15_01_Cartas_Enviadas/RADICADAS/2020/CI004_848920_070301_PEND_BASC_PEAJES.pdf
3457,7,CONSORCIO 4C,ci.004/gp7000/19/5.3,,,4 de Mayo de 2020,,15_01_Cartas_Enviadas/RADICADAS/2020/CI004_788620_050300_ANI_INFO_ESPECIF-TEC_UF2.pdf
3458,7,CONSORCIO 4C,CI.004/GP8010/20/5.3,,,5 de junio de 2020,,15_01_Cartas_Enviadas/RADICADAS/2020/CI004_801020_050300_CON_REQUER_RECIBO_NPH-UF5.3.pdf
3460,4,CONSORCIO 4C,CI.004/GP8344/20/7.1.7,CONCESIÓN ALTO MAGDALENA S.A.S.,,21/08/2020,Ref. Contrato de Concesión 003 de 2014 Concesión Honda - Puerto Salgar - Girardot Revisión Diseño Andenes Glorieta Norcasia,15_01_Cartas_Enviadas/RADICADAS/2020/CI004_834420_070107_CON_REV_ANDENES_NORCASIA.pdf
3459,4,CONSORCIO 4C,CI.004/GP7826/20/7.1.10,ALCALDÍA SAN JUAN DE RÍO SECO,,21/04/2020,Ref. Contrato de Concesión 003 de 2014 Concesión Honda – Girardot – Puerto Salgar. Reactivación Interventoría a obras de construcción proyecto Alto Magdalena.,15_01_Cartas_Enviadas/RADICADAS/2020/CI004_782620_070110_CON_REACT_INTERV_OBRAS SJ.pdf
3462,3,CONSORCIO 4C,CI.004/GP7628/20/7.4.1,CONCESIÓN ALTO MAGDALENA S.A.S,,05/03/2020,Ref. Contrato de Concesión 003 de 2014 Concesión Honda – Girardot – Puerto Salgar. Observaciones Fichas Prediales UF5,15_01_Cartas_Enviadas/RADICADAS/2020/CI004_762820_070401_CON_FICH_ALMA-2020-0513.pdf
3461,4,CONSORCIO 4C,CI.004/GP7457/20/7.4.6,CONCESIÓN ALTO MAGDALENA S.A.S,ALMA-R-2020-0143,23/01/2020,Ref. Contrato de Concesión 003 de 2014 Concesión Honda – Girardot – Puerto Salgar. Observaciones Revisión de Avalúo UF2,15_01_Cartas_Enviadas/RADICADAS/2020/CI004_745720_070406_CON_OBS_REV_AVAL_UF2_1.pdf
3463,4,CONSORCIO 4C,CI.004/GP8481/20/7.4.1,CONCESIÓN ALTO MAGDALENA S.A.S,,28/09/2020,Ref. Contrato de Concesión 003 de 2014 Concesión Honda - Puerto Salgar - Girardot. Revisión Informe Avance Gestión Predial agosto de 2020,15_01_Cartas_Enviadas/RADICADAS/2020/CI004_848120_070401_CON_OBS_INFOGP_AGO2020.pdf
3464,3,CONSORCIO 4C,CI.004/GP8261/20/7.3.3,CONCESIÓN ALTO MAGDALENA S.A.S.,,03/08/2020,Ref. Contrato de Concesión 003 de 2014 Concesión Honda – Girardot – Puerto Salgar Evaluación Niveles de Servicio – Agosto de 2020.,15_01_Cartas_Enviadas/RADICADAS/2020/CI004_826120_070303_CON_MEDICION_INDICADORES_AGOSTO-2020.pdf
3465,5,CONSORCIO 4C,CI.004/GP8603/20/7.4.1,CONCESIÓN ALTO MAGDALENA S.A.S,ALMA-R-2020-2056,04/11/2020,"Ref. Contrato de Concesión 003 de 2014 Concesión Honda - Puerto Salgar - Girardot Observaciones a Insumos de predio ALMA-2-0157, UF2.",15_01_Cartas_Enviadas/RADICADAS/2020/CI004_860320_070401_CON_EST_FICHA_ALMA-2-0157 (1).pdf
3466,7,CONSORCIO 4C,CI.004/GP7437/20/5.3,CONCESIÓN ALTO MAGDALENA S.A.S,ALMA-R-2020-0188,21/01/2020,"Ref. Contrato de Concesión 003 de 2014 Concesión Honda – Girardot – Puerto Salgar Otorgamiento de Periodo de Cura al Concesionario por el Incumplimiento de lo contenido en el numeral 4.2 del Apéndice Técnico 4, referente a la Autoevaluación de los Niveles de Servicio.",15_01_Cartas_Enviadas/RADICADAS/2020/CI004_743720_050300_CON_PERIODO_CURA_AUTOEVALUACION1.pdf
3467,2,CONSORCIO 4C,CI.004/GP8015/20/9.10,AGENCIA NACIONAL DE INFRAESTRUCTURA - ANI,,08/06/2020,Ref. Contrato de Concesión 003 de 2014 Concesión Honda – Girardot – Puerto Salgar. Remisión de Informe Semanal 91. Avance de Unidades Funcionales en Construcción.,15_01_Cartas_Enviadas/RADICADAS/2020/CI004_801520_091000_ANI_INF_ESP_N91.pdf
3469,4,CONSORCIO 4C,CI.004/GP8480/20/7.4.1,CONCESIÓN ALTO MAGDALENA S.A.S.,,25/09/2020,Ref. Contrato de Concesión 003 de 2014 Concesión Honda - Puerto Salgar - Girardot Requerimiento Instalación Cerca Área Remanente ALMA-4-0030,15_01_Cartas_Enviadas/RADICADAS/2020/CI004_848020_070401_CON_REQUERI_CERCADO_ALMA-4-0030.pdf
3468,2,CONSORCIO 4C,CI.004/GP7634/20/9.10,AGENCIA NACIONAL DE INFRAESTRUCTURA - ANI,,06/03/2020,Ref. Contrato de Concesión 003 de 2014 Concesión Honda – Girardot – Puerto Salgar. Remisión de Informe Semanal 78. Avance de Unidades Funcionales en Construcción.,15_01_Cartas_Enviadas/RADICADAS/2020/CI004_763420_091000_ANI_INF_ESP_N78.pdf
3470,3,CONSORCIO 4C,CI.004/GP7484/20/7.4.1,CONCESIÓN ALTO MAGDALENA S.A.S,ALMA-R-2828-0232,30/01/2020,Ref. Contrato de Concesión 003 de 2014 Concesión Honda – Girardot – Puerto Salgar. Observaciones Fichas Prediales UF5,15_01_Cartas_Enviadas/RADICADAS/2020/CI004_748420_070401_CON_FICH_ALMA-2019-03896.pdf
3471,6,CONSORCIO 4C,CI.004/GP8248/20/7.4.1,CONCESIÓN ALTO MAGDALENA S.A.S,,29/07/2020,Ref. Contrato de Concesión 003 de 2014 Concesión Honda - Puerto Salgar – Girardot. Revisión Informe Cargue Plataforma Olympus,15_01_Cartas_Enviadas/RADICADAS/2020/CI004_824820_070401_CON_INFOR_OLYMPUS-ALMA-2020-1856.pdf
3472,8,CONSORCIO 4C,CI.004/GP8767/20/5.3,CONCESIÓN ALTO MAGDALENA S.A.S,,28/12/2020,Otorgamiento Plazo Cura,15_01_Cartas_Enviadas/RADICADAS/2020/CI004_876720_050300_CON_OTOR_PLAZO-CURA_CERCAS.pdf
3474,6,CONSORCIO 4C,CI.004/GP8244/20/7.1.3,CONCESIÓN ALTO MAGDALENA S.A.S.,,29/07/2020,"Ref. Contrato de Concesión 003 de 2014 Concesión Honda – Puerto Salgar - Girardot. Requerimiento Formal Reposición Pavimento Carrera 1 Puerto Bogotá, UF5.1.",15_01_Cartas_Enviadas/RADICADAS/2020/CI004_824420_070104_CON_REQUER_REPOSI-PAVI_PTO-BTA.pdf
3473,3,CONSORCIO 4C,CI.004/GP7612/20/7.1.15,AGENCIA NACIONAL DE INFRAESTRUCTURA - ANI,,03/03/2020,Ref. Contrato de Concesión 003 de 2014 Concesión Honda – Girardot – Puerto Salgar Estudio Bunker de Válvulas,15_01_Cartas_Enviadas/RADICADAS/2020/CI004_761220_070115_ANI_ESTUD_BUNK_VALV.pdf
3475,2,CONSORCIO 4C,CI.004/GP8487/20/9.10,AGENCIA NACIONAL DE INFRAESTRUCTURA - ANI,,28/09/2020,Ref. Contrato de Concesión 003 de 2014 Concesión Honda - Puerto Salgar - Girardot. Remisión de Informe Semanal 107. Avance de Unidades Funcionales en Construcción.,15_01_Cartas_Enviadas/RADICADAS/2020/CI004_848720_091000_ANI_INFO_ESP_N107.pdf
3477,9,CONSORCIO 4C,CI.004/GP7604/20/7.5,CONCESIÓN ALTO MAGDALENA S.A.S,,03/03/2020,Ref. Contrato de Concesión 003 de 2014 Concesión Honda – Girardot – Puerto Salgar Reiteración de Observaciones Memoria Técnica marzo 2019,15_01_Cartas_Enviadas/RADICADAS/2020/CI004_760420_070500_CON_2DA-REV_MEMOTECNICA_MAR2019.pdf
3476,6,CONSORCIO 4C,CI.004/GP7809/20/7.1.15,AGENCIA NACIONAL DE INFRAESTRUCTURA - ANI,,17/04/2020,Ref. Contrato de Concesión 003 de 2014 Concesión Honda – Girardot – Puerto Salgar Informe Comité Técnico CENIT,15_01_Cartas_Enviadas/RADICADAS/2020/CI004_780920_070115_ANI_AYUD_MEMO_COM_CENIT.pdf
3478,5,CONSORCIO 4C,CI.004/GP8350/20/7.4.6,CONCESIÓN ALTO MAGDALENA S.A.S.,,24/08/2020,"Ref. Contrato de Concesión 003 de 2014 Concesión Honda - Puerto Salgar - Girardot Revisión de avalúo, predio ALMA-5-0255 (UF5)",15_01_Cartas_Enviadas/RADICADAS/2020/CI004_835020_070406_CON_REV_AVALUO_ALMA-5-0255.pdf
3479,2,CONSORCIO 4C,CI.004/GP7770/20/9.2,AGENCIA NACIONAL DE INFRAESTRUCTURA - ANI,,07/04/2020,Ref. Contrato de Concesión 003 de 2014 Concesión Honda – Girardot – Puerto Salgar. Informe Mensual Técnico 65 Versión 00.,15_01_Cartas_Enviadas/RADICADAS/2020/CI004_777020_090200_ANI_INFORME_MENSUAL_MARZO-2020.pdf
3481,2,CONSORCIO 4C,CI.004/GP8066/20/7.1.9,AGENCIA NACIONAL DE INFRAESTRUCTURA - ANI,,18/06/2020,Ref. Contrato de Concesión 003 de 2014 Concesión Honda – Girardot – Puerto Salgar Información Gestión mayo 2020,15_01_Cartas_Enviadas/RADICADAS/2020/CI004_806620_070109_ANI_GESTION-SOCI_MAYO-2020.pdf
3480,5,CONSORCIO 4C,CI.004/GP7974/20/9.3,CONCESIÓN ALTO MAGDALENA S.A.S.,,27/05/2020,Ref. Contrato de Concesión 003 de 2014 Concesión Honda – Girardot – Puerto Salgar. Requerimiento Evaluación de Patologías en el Pavimento UF4.,15_01_Cartas_Enviadas/RADICADAS/2020/CI004_797420_090300_CON_EVALUACIÓN_PAVIMENTOS_UF4.pdf
3482,4,CONSORCIO 4C,CI.004/GP7683/20/7.1.11,CONCESIÓN ALTO MAGDALENA S.A.S,ALMA-R-2020-0626,19/03/2020,Ref. Contrato de Concesión 003 de 2014 Concesión Honda – Girardot – Puerto Salgar Rta. ALMA-2020-0626. Faltas en la implementación del PMT.,15_01_Cartas_Enviadas/RADICADAS/2020/CI004_768320_070111_CON_PMT_PROYECTO_ALMA-2020-0626.pdf
3483,5,CONSORCIO 4C,CI.004/GP7433/20/7.4.1,CONCESIÓN ALTO MAGDALENA S.A.S,ANI 2019-409-134154-2,21/01/2020,Ref. Contrato de Concesión 003 de 2014 Concesión Honda – Girardot – Puerto Salgar. Ayuda Memoria Expedientes Finales,15_01_Cartas_Enviadas/RADICADAS/2020/CI004_743320_070401_CON_AYUDA_MEMORIA_EXP-FINALES1.pdf
3484,4,CONSORCIO 4C,CI.004/GP7867/20/5.3,CONCESION ALTO MAGDALENA S.A.S,,28/04/2020,Ref. Contrato de Concesión 003 de 2014 Concesión Honda – Girardot – Puerto Salgar Asunto: Fondeo Interventoría y Supervisión a Julio de 2020.,15_01_Cartas_Enviadas/RADICADAS/2020/CI004_786720_050300_CON_FONDEO_INTERVENTORIA_JULIO2020.pdf
3485,5,CONSORCIO 4C,CI.004/GP701611917.1.7,AGENCIA NACIONAL DE INFRAESTRUCTURA - ANI,2020-409-007331-2,24/01/2020,Ref. Contrato de Concesión 003 de 2014 Concesión Honda – Girardot – Puerto Salgar Atención Solicitud Información Tutela Sr. Adelmo Mahecha,15_01_Cartas_Enviadas/RADICADAS/2020/CI004_745920_070109_ANI_ATEN_SOL_INF_TUTELA_ADEL_MAHECHA.pdf
3487,5,CONSORCIO 4C,CI.004/GP8167/20/7.1.3,CONCESIÓN ALTO MAGDALENA S.A.S.,,14/07/2020,Ref. Contrato de Concesión 003 de 2014 Concesión Honda – Girardot – Puerto Salgar Solicitud Ajuste Rasante (peralte) Conforme Diseño Geométrico No Objetado UF 5.1.,15_01_Cartas_Enviadas/RADICADAS/2020/CI004_816720_070103_CON_AJUSTES_PTO_BOGOTA_UF5.1.pdf
3486,3,CONSORCIO 4C,CI.004/GP8038/20/7.4.1,CONCESIÓN ALTO MAGDALENA S.A.S,ALMA-R-2020-1136,11/06/2020,Ref. Contrato de Concesión 003 de 2014 Concesión Honda – Girardot – Puerto Salgar. Observaciones Expedientes Finales Prediales UF2. Respuesta a carta ALMA-2019-03142,15_01_Cartas_Enviadas/RADICADAS/2020/CI004_803820_070401_CON_EXP_FINAL_ALMA-2019-03142.pdf
