ÍTEM,DEL FOLIO/PAGINAS,RAZON SOCIAL REMITENTE,No. RADICADO REMITENTE,RAZON SOCIAL DESTINATARIO,No. RADICADO DESTINATARIO,FECHA (DD/MM/AAAA),ASUNTO / TIPO DOCUMENTAL,UBICACION_ARCHIVO
2,2,CONCESION ALTO MAGDALENA S.A.S.,,CONSORCIO 4C,GP-15364,18/02/2022,Análisis de riesgos y contingencias (Fondo de Contingencias),15_04_Comunic_Recibidas/2022/CI004_GP-15364_070200_CON_0273_ANALISIS_RIESG_CONTINGENCIAS.pdf
1,1,Agencia Nacional de Infraestructura,,CONSORCIO 4C,GP-15436,15/03/2022,"Comunicado ALMA-2022-0345 con radicado ANI No. 20224090273702 –Ajuste Informe Gerencial Concesionario No. 88, febrero de 2022 – Contrato de Interventoría 145 de 2014 - Proyecto Girardot - Honda - Puerto Salgar. Consorcio 4C.",15_04_Comunic_Recibidas/2022/CI004_GP-15436_070500_ANI_006958-1_AJUSTE_INF_MEN_N88.pdf
3,1,CONCESION ALTO MAGDALENA S.A.S.,CI004(6P4756(22)7.1.8,CONSORCIO 4C,GP-15203,05/01/2022,Entrega informe Técnico de manejo silvicultural No 1. Expediente 62717.,15_04_Comunic_Recibidas/2022/CI004_GP-15203_070108_CON_0029_INF_TEC_SILVICULT_EXP_62717.pdf
4,1,,,CONSORCIO 4C,GP-15249,25/01/2022,Respuesta a su comunicado con radicado ANI No. 20214091405142 del 02 de diciembre de 2021 – revisión frente a la modificación de la Póliza de Responsabilidad Civil Extracontractual – Cobertura para el Otrosí No. 6 del 27 de octubre de 2021 – Contrato de Interventoría No. 145 de 2014 – Proyecto Girardot – Honda – Puerto Salgar,15_04_Comunic_Recibidas/2022/CI004_GP-15249_010000_ANI_001621-1_MODIF_POLIZA_RCE.pdf
5,1,CONCESIÓN ALTO MAGDALENA S.A.S.,,CONSORCIO 4C,GP-15509,01/04/2022,"Entrega informe de los mantenimientos realizados en el primer año, segundo año y tercer año del establecimiento de la medida compensatoria en cumplimiento de la Resolución Nº 0296 del 16 de febrero del 2016 prorrogada con la Resolución Nº 2416 del 11 de septiembre de 2017. Expediente 51494",15_04_Comunic_Recibidas/2022/CI004_GP-15509_070108_CON_0454_ENTREG_INF_EXP_51494.pdf
7,23,Fiduciaria Bogotá,,CONSORCIO 4C,GP-15649,10/05/2022,"Notificación pago fondo de seguridad vial FOSEVI mes de enero, febrero y marzo 2022.",15_04_Comunic_Recibidas/2022/CI004_GP-15649_070208_FBTA_SINNUMERO_FOSEVI_ENE_FEB_MAR22.pdf
8,2,GLOBAL LOGISTICA DE TRANSPORTE S.A.S.,,CONSORCIO 4C,GP-15963,13/10/2021,NOTIFICACION MOVILIZACION CARGA EXTRADIMENSIONADA Y/O EXTRAPESADA REF: CARTA DE PORTE Y PESO,15_04_Comunic_Recibidas/2022/CI004_GP-15963_070300_GLOBALLOGIS_SINNUMERO_SCTUD_PASO.pdf
6,1,Agencia Nacional de Infraestructura,,CONSORCIO 4C,GP-16235,09/09/2022,"Remisión Circular - Por medio de la cual se indica la manera en que debe reportarse la Información de los dispositivos SIT (sistemas inteligentes para la infraestructura, el tránsito y el transporte) en ANISCOPIO – Proyecto Girardot – Honda – Puerto Salgar. –Circular No 20226070000344 Contrato de Concesión No. 003 del 2014.Concesion Alto Magdalena S.A.S.",15_04_Comunic_Recibidas/2022/CI004_GP-16235_070300_ANI_028062-1_CIRCULAR_REPOR_INF_SIT_ANISCOPIO.pdf
9,1,CONCESIÓN ALTO MAGDALENA S.A.S.,,CONSORCIO 4C,GP-15708,20/05/2022,MEDICIÓN DE PERCEPCIÓN DEL CLIENTE PERIODO 2021,15_04_Comunic_Recibidas/2022/CI004_GP-15708_070102_CON_0688_MEDI_PERCEPCION_CLIENTE_2021.pdf
10,2,CONCESIÓN ALTO MAGDALENA S.A.S.,,CONSORCIO 4C,GP-15793,08/06/2022,Respuesta comunicado CI. 004 / GP9997 / 22 / 5.3 (Rad. Int. ALMA-R-2022-0658) – Solicitud Paz y salvo FONTUR.,15_04_Comunic_Recibidas/2022/CI004_GP-15793_050300_CON_0783_SCTUD_PAZ_SALVO_FONTUR.pdf
11,8,CONCESIÓN ALTO MAGDALENA S.A.S.,,CONSORCIO 4C,GP-15936,01/07/2022,Aviso y alerta temprana posibles afectaciones laterales al cauce normal del Río Grande de la Magdalena.,15_04_Comunic_Recibidas/2022/CI004_GP-15936_070108_CON_0999_AVISO_POSIB_AFECT_RMAGDALENA.pdf
12,6,CONCESION ALTO MAGDALENA S.A.S.,,CONSORCIO 4C,GP-15236,21/01/2022,"Solicitud trámite de conformidad con la Resolución No. 0716 de 2015, para la obtención de permiso de ocupación temporal de la infraestructura vial nacional de carreteras concesionadas.",15_04_Comunic_Recibidas/2022/CI004_GP-15236_070109_CON_0065_TRAMITE_CONFOR_RES_0716.pdf
13,1,CONCESIÓN ALTO MAGDALENA S.A.S.,ALMA-2022-0814,CONSORCIO 4C,GP-15809,10/10/2022,Respuesta comunicación No. 15489 (Rad. Int. ALMA-R-2022-0451 - 18/02/2022),15_04_Comunic_Recibidas/2022/CI004_GP-15809_070300_CON_0814_RTA_COMUNICACION_N15489.pdf
14,2,CONCESIÓN ALTO MAGDALENA S.A.S.,,CONSORCIO 4C,GP-15310,04/02/2022,Cumplimiento obligación pago servicio de seguimiento y control ambiental. Auto DRAM 03216000680 del 13/07/2021 (Rad. Int. ALMA-R-2021-1824 del 06/12/2021). Expediente 51891,15_04_Comunic_Recibidas/2022/CI004_GP-15310_070108_CON_0185_PAG_SEG_AMB_EXP_51891.pdf
16,2,GLOBAL LOGISTICA DE TRANSPORTE S.A.S.,,CONSORCIO 4C,GP-15833,13/10/2021,NOTIFICACION MOVILIZACION CARGA EXTRADIMENSIONADA Y/O EXTRAPESADA REF: CARTA DE PORTE Y PESO,15_04_Comunic_Recibidas/2022/CI004_GP-15833_070300_GLOBALLOGIS_SINNUMERO_SCTUD_PASO.pdf
15,2,CONCESIÓN ALTO MAGDALENA S.A.S.,ALMA-2022-1018,CONSORCIO 4C,GP-15949,06/07/2022,Cumplimiento de la obligación de pago por el servicio de seguimiento y control ambiental. Auto DRAM 03226000735 de 08/06/2022 (Rad. Interno ALMA-R-2022-0805 del 10/06/2022). Expediente 51861.,15_04_Comunic_Recibidas/2022/CI004_GP-15949_070108_CON_1018_PAG_SEG_CTROL_AMB_EXP_51861.pdf
17,2,CONCESIÓN ALTO MAGDALENA S.A.S.,ALMA-2022-1016,CONSORCIO 4C,GP-15947,06/07/2022,Cumplimiento de la obligación de pago por el servicio de seguimiento y control ambiental. Auto DRAM 03226000716 de 06/06/2022 (Rad. Interno ALMA-R-2022-0774 del 07/06/2022). Expediente 51909.,15_04_Comunic_Recibidas/2022/CI004_GP-15947_070108_CON_1016_PAG_SEG_CTROL_AMB_EXP_51909.pdf
18,1,CONCESION ALTO MAGDALENA S.A.S,,CONSORCIO 4C,GP-15261,27/01/2022,Entrega Informe de Cumplimiento Ambiental No. 19 obligaciones compensaciones del componente biótico. Expediente LAV0004-00-2016.,15_04_Comunic_Recibidas/2022/CI004_GP-15261_070108_CON_0116_ENTREG_ICA_N19.pdf
19,1,CONCESIÓN ALTO MAGDALENA S.A.S.,,CONSORCIO 4C,GP-15674,12/05/2022,"Entrega Informe Final, Resolución No. 1701 del 17 de julio de 2015, UF 5.1, ""Por la cual se efectúa un Levantamiento Parcial de Veda y se toman otras determinaciones, ATV 0246, DBBSE""",15_04_Comunic_Recibidas/2022/CI004_GP-15674_070108_CON_0646_INF_FINAL_RESOL_1701.pdf
20,1,CONCESIÓN ALTO MAGDALENA S.A.S.,,CONSORCIO 4C,GP-15433,15/03/2022,"Solicitud aval predio la Aurora - implementación propuesta enriquecimiento vegetal en cumplimiento del permiso de levantamiento de veda otorgado por la Res 1082 del 13 de junio de 2018. Exp. ATV 0788, DBBSE. EXPEDIENTE: LAV0068-00-2015",15_04_Comunic_Recibidas/2022/CI004_GP-15433_070108_CON_0367_SCTUD_PREDIO_AURORA.pdf
21,4,CONCESIÓN ALTO MAGDALENA S.A.S.,,CONSORCIO 4C,GP-15416,08/03/2022,Respuesta definitiva PQRS UF5 2019 797 – Solicitud adecuación de acceso colindante con el Colegio San Diego Km 1 vía La Dorada – Honda.,15_04_Comunic_Recibidas/2022/CI004_GP-15416_070109_CON_0348_RTA_PQRS_UF5_ACCESO_KM1.pdf
22,6,CONCESIÓN ALTO MAGDALENA S.A.S.,,CONSORCIO 4C,GP-15633,04/05/2022,Respuesta comunicados CI.004/GP9777/22/7.3.3 (Rad. Int ALMA-R-2022-0151) Resultado Medición Niveles de Servicio enero 2022 y CI.004/GP9845/22/7.3 (Rad. Int. ALMA-R-2022-0307) Resultado Medición Niveles de Servicio febrero 2022.,15_04_Comunic_Recibidas/2022/CI004_GP-15633_070303_CON_0603_RESULT_MEDI_NIVEL_SERV.pdf
23,1,Agencia Nacional de Infraestructura,,CONSORCIO 4C,GP-15965,07/07/2022,Segundo requerimiento para continuar con el trámite del permiso solicitado por LUIS GUILLERMO MONTAÑA NARVÁEZ (Parque Recreativo El Cortijo) / Girardot – Honda – Puerto Salgar / Expediente No. 20213040280200193E/ Radicado Borrador No. 20223040035537 del 21 de junio de 2022,15_04_Comunic_Recibidas/2022/CI004_GP-15965_070114_ANI_019821-1_PERMI_USO_EL_CORTIJO.pdf
24,1,CONCESIÓN ALTO MAGDALENA S.A.S.,,CONSORCIO 4C,GP-15343,11/02/2022,Cumplimiento obligación artículo primero Auto DRAM No. 03216001582 del 3/12/2021 (ALMA-R-2021-1869). Entrega informe medida compensatoria Resolución No. 0355 del 17 de febrero de 2016. Expediente 51714,15_04_Comunic_Recibidas/2022/CI004_GP-15343_070108_CON_0226_INF_COMPENSA_EXP_51714.pdf
25,3,CONCESIÓN ALTO MAGDALENA S.A.S.,,CONSORCIO 4C,GP-15798,09/06/2022,Respuesta comunicación CI.004/GP9983/22/7.1.8 (Rad. Int. ALMA-R-2022-0631 - 12/05/2022). Seguimiento compromisos comité Ambiental No. 29.,15_04_Comunic_Recibidas/2022/CI004_GP-15798_070108_CON_0801_SEG_COMPRO_COMIT_AMB_N29.pdf
26,1,CONCESIÓN ALTO MAGDALENA S.A.S.,,CONSORCIO 4C,GP-16027,27/07/2022,Remisión avalúos Otrosí 9 para aprobación definitiva.,15_04_Comunic_Recibidas/2022/CI004_GP-16027_070406_CON_1087_APROBA_AVALUOS_OTROSI_9.pdf
27,2,CONCESIÓN ALTO MAGDALENA S.A.S.,,CONSORCIO 4C,GP-15933,01/07/2022,Solicitud de Plan local de seguridad vial del municipio de Dorada.,15_04_Comunic_Recibidas/2022/CI004_GP-15933_070300_CON_1000_PLAN_LOCAL_SEG_VIAL_DORADA.pdf
28,2,GLOBAL LOGISTICA DE TRANSPORTE S.A.S.,,CONSORCIO 4C,GP-15931,13/10/2021,REF: NOTIFICACION MOVILIZACION CARGA EXTRADIMENSIONADA Y/O EXTRAPESADA REF: CARTA DE PORTE Y PESO,15_04_Comunic_Recibidas/2022/CI004_GP-15931_070300_GLOBALLOGIS_SINNUMERO_SCTUD_PASO.pdf
29,3,,,CONSORCIO 4C,GP-15352,17/02/2022,INFORME MENSUAL- ENERO 2022 P.A. ALTO MAGDALENA 3-1 63664,15_04_Comunic_Recibidas/2022/CI004_GP-15352_070202_FBTA_SINNUMERO_ALC_INF_MEN_ENE22.pdf
31,4,CONCESIÓN ALTO MAGDALENA S.A.S.,,CONSORCIO 4C,GP-15884,22/06/2022,"Solicitud inclusión memorando DESCA 20213043001 del 17 de junio de 2021 al permiso de ocupación de cauce otorgado, que reposa en el Expediente 52039.",15_04_Comunic_Recibidas/2022/CI004_GP-15884_070108_CON_0922_INCLUS_MEMO_DESCA_EXP_52039.pdf
30,7,Agencia Nacional de Infraestructura,,CONSORCIO 4C,GP-15730,24/05/2022,Respuesta a su comunicado No.CI.004/GP9925/22/5.3-7.1.7 con radicado ANI No. 20224090442032 del 21 de abril de 2022 – No objeción Plazo de Cura por el presunto incumplimiento en la presentación de los Documentos necesarios para la Implementación de un Tercer Carril de Ascenso en el tramo vial K126/K127 – UF4. Contrato de Interventoría No. 145 de 2014 – Proyecto Girardot – Honda – Puerto Salgar. Consorcio 4C.,15_04_Comunic_Recibidas/2022/CI004_GP-15730_050300-070107_ANI_014985-1_PLAZ_CURA_IMPLEM_CARRIL_K126.pdf
32,4,CONCESION ALTO MAGDALENA S.A.S.,,CONSORCIO 4C,GP-15217,13/01/2022,Respuesta requerimiento formal para realizar el mantenimiento del Nuevo Puente de Honda y sanear el incumplimiento del Indicador E3 (ALMA-R-2021-2022).,15_04_Comunic_Recibidas/2022/CI004_GP-15217_070104_CON_0046_O&M_NPH_INDICAD_E3.pdf
33,4,CONCESIÓN ALTO MAGDALENA S.A.S.,,CONSORCIO 4C,GP-15935,01/07/2022,Respuesta comunicado CI.004/GP9732/22/7.1.9 – 14/01/2022 (Rad. int. ALMA-R-2020-0060). Cumplimiento obligaciones Programa Apoyo Capacidad Gestión Institucional. Invasión al espacio público por ocupantes irregulares en el sector de la Glorieta Purnio La Dorada–Caldas.,15_04_Comunic_Recibidas/2022/CI004_GP-15935_070109_CON_1004_INVASION_ESPAC_PUB_PURNIO.pdf
34,1,CONCESIÓN ALTO MAGDALENA S.A.S.,,CONSORCIO 4C,GP-15463,24/03/2022,"Solicitud aval predio “Humedales la Esperanza” para implementación propuesta siembra del rescate de brinzales ficha PMS 5.1-14 y enriquecimiento vegetal en cumplimiento del permiso de levantamiento de veda Resolución 2284 del 03 de noviembre de 2015, “Exp. ATV 0247, DBBSE. Expediente LAV0068-00-2015",15_04_Comunic_Recibidas/2022/CI004_GP-15463_070108_CON_0409_SCTUD_AVAL_HUMEDAL_ESPERANZA.pdf
35,1,Fiduciaria Bogotá,FID - INTV 0123,CONSORCIO 4C,GP-16034,02/08/2022,RENDICIÓN SEMESTRAL DEL 1 AL 30 DE JUNIO DE 2022 FIDEICOMISO FIDUBOGOTA–CONCESION ALTO MAGDALENA 3-1- 63664,15_04_Comunic_Recibidas/2022/CI004_GP-16034_070200_FBTA_FID-INTV0123_RENDICION_SEM_JUN22.pdf
36,1,CONCESIÓN ALTO MAGDALENA S.A.S.,,CONSORCIO 4C,GP-15840,17/06/2022,Entrega informe mantenimientos primer y segundo año medida compensatoria Resolución 0553 del 9 de marzo de 2016 modificada por la Resolución 2827 del 29 de diciembre de 2016. Expediente 51988.,15_04_Comunic_Recibidas/2022/CI004_GP-15840_070108_CON_0877_INF_MEDI_COMPENSA_EXP_51988.pdf
37,2,CONCESIÓN ALTO MAGDALENA S.A.S.,,CONSORCIO 4C,GP-15628,04/05/2022,Respuesta comunicación CS-D1-163-2022 del 22/03/2022 (Rad. Int. ALMA-R-2022-0437) – Solicitud permiso instalación de dos señales tipo cruce de vía terrestre red vial 45CLB Troncal del Magdalena – Sector Variante La Dorada – Puerto Salgar.,15_04_Comunic_Recibidas/2022/CI004_GP-15628_070300_CON_0589_PERMI_INSTALA_SEÑALES_VIA_45CLB.pdf
38,4,CONCESIÓN ALTO MAGDALENA S.A.S.,,CONSORCIO 4C,GP-15882,22/06/2022,"Solicitud inclusión memorando DESCA 20213043001 del 17 de junio de 2021 al permiso de ocupación de cauce otorgado, que reposa en el Expediente 52033.",15_04_Comunic_Recibidas/2022/CI004_GP-15882_070108_CON_0920_INCLUS_MEMO_DESCA_EXP_52033.pdf
39,1,Agencia Nacional de Infraestructura,,CONSORCIO 4C,GP-15519,05/04/2022,"Información complementaria a Solicitud No.2 de concepto técnico para el permiso de uso, la ocupación y la intervención temporal de la infraestructura vial presentada por EMPRESAS PÚBLICAS DE MEDELLÍN E.S.P/ Proyecto vial Girardot – Honda – Puerto Salgar. Al responder favor citar el expediente: 20223040280200004E",15_04_Comunic_Recibidas/2022/CI004_GP-15519_070114_ANI_009255-1_PERMI_USO_EPM.pdf
40,4,Agencia Nacional de Infraestructura,,CONSORCIO 4C,GP-15459,24/03/2022,Respuesta a su comunicado No. CI.004/GP9729/22/5.3-7.5 con radicados ANI No. 20224090035112 del 13 de enero de 2022 – No objeción Plazo de Cura por el Incumplimiento en la entrega de los Planos Récord del Proyecto. Contrato de Interventoría No. 145 de 2014 – Proyecto Girardot – Honda – Puerto Salgar. Consorcio 4C.,15_04_Comunic_Recibidas/2022/CI004_GP-15459_050300-070500_ANI_007782-1_PLAZ_CURA_PLANOS_RECORD.pdf
41,2,Agencia Nacional de Infraestructura,,CONSORCIO 4C,GP-15271,28/01/2022,Comunicado No. CI.004/GP9758/22/5.3 con radicado ANI No. 20224090096442 – Cumplimiento del Concesionario y cierre del Plazo de Cura derivado del presunto incumplimiento relacionado con las Especificaciones Técnicas de la UF5. Contrato de Concesión 003 de 2014 – Proyecto Girardot-Honda-Puerto Salgar. Concesión Alto Magdalena S.A.S.,15_04_Comunic_Recibidas/2022/CI004_GP-15271_050300_ANI_001981-1_PLAZ_CURA_ESP_TEC_UF5.pdf
42,2,CONCESIÓN ALTO MAGDALENA S.A.S.,,CONSORCIO 4C,GP-15443,08/03/2022,Respuesta comunicado CI.004/GP9819/22/7.1.9 (Rad int. ALMA-R-2022-0275) Revisión actas de vecindad.,15_04_Comunic_Recibidas/2022/CI004_GP-15443_070109_CON_0346_REV_ACTAS_VECINDAD.pdf
44,1,Fiduciaria Bogotá,CI004,CONSORCIO 4C,GP-16267,16/09/2022,SOPORTES SUBCUENTAS JUL - AGO 2022 - P.A. ALTO MAGDALENA,15_04_Comunic_Recibidas/2022/CI004_GP-16267_070201_FBTA_004149_SOPORTE_SUBCTAS_JUL_AGO.pdf
43,4,CONCESIÓN ALTO MAGDALENA S.A.S.,ALMA-2022-0642,CONSORCIO 4C,GP-15671,12/05/2022,Solicitud modificación literal C artículo tercero Acuerdo 019 del 21/06/2016 modificado por el Acuerdo 016 de 21/05/2019- Sustracción 7.04 ha DMI Cuchilla de San Antonio y la Laguna del Coco.,15_04_Comunic_Recibidas/2022/CI004_GP-15671_070108_CON_0642_SCTUD_MODIFI_ACUERD_019.pdf
45,2,Fiducia Pública,,CONSORCIO 4C,GP-16306,23/08/2022,Consignaciones FOSEVI *** Peaje Guataquí - Cambao - Brisas** P.A. Alto Magdalena,15_04_Comunic_Recibidas/2022/CI004_GP-16306_070208_FBTA_SINNUMERO_FOSEVI_AGO22.pdf
46,2,CONCESIÓN ALTO MAGDALENA S.A.S.,,CONSORCIO 4C,GP-16377,13/10/2022,Cumplimiento obligación pago servicio de seguimiento y control ambiental. Auto DRBM No. 04226000754 de 25/08/2022 (Rad. Int ALMA-R-2022-1257 del 30/08/2022). Expediente 60234,15_04_Comunic_Recibidas/2022/CI004_GP-16377_070108_CON_1480_PAG_SERV_SEG_AMB_EXP_60234.pdf
47,1,CONCESIÓN ALTO MAGDALENA S.A.S.,,CONSORCIO 4C,GP-16283,17/06/2022,Entrega informe mantenimientos primer y segundo año medida compensatoria en cumplimiento de la Resolución 061 del 3 de mayo de 2016. Expediente 54097.,15_04_Comunic_Recibidas/2022/CI004_GP-16283_070108_CON_0892_MED_COMPENSA_EXP_54097.pdf
48,2,CONCESIÓN ALTO MAGDALENA S.A.S.,,CONSORCIO 4C,GP-16389,13/10/2022,Cumplimiento obligación pago servicio de seguimiento y control ambiental. Auto DRAM No. 03226001203 de 26/08/2022 (Rad. Int. ALMA-R-2022-1292 del 05/09/2022). Expediente 51721,15_04_Comunic_Recibidas/2022/CI004_GP-16389_070108_CON_1491_PAG_SERV_SEG_AMB_EXP_51721.pdf
49,1,CONCESIÓN ALTO MAGDALENA S.A.S.,ALMA-2022-1524,CONSORCIO 4C,GP-16398,19/10/2022,Solicitud de conexión provisional de medidor de energía No. 000019102531.,15_04_Comunic_Recibidas/2022/CI004_GP-16398_070115_CON_1524_REITERA_CAMBIO_MEDIDOR_ENERGIA.pdf
50,19,CONCESIÓN ALTO MAGDALENA S.A.S.,,CONSORCIO 4C,GP-15713,23/05/2022,"Descargos del Auto DRAM No. 03226000514 de 29 Abril del 2022. ""Por la cual se formulan cargos y se toman otras determinaciones"". Ref. Expediente: 90146 – Proceso sancionatorio ambiental iniciado mediante Auto DRAM No. 03216001541 del 3 de diciembre de 2021.",15_04_Comunic_Recibidas/2022/CI004_GP-15713_070108_CON_0706_EXP_90146_PROC_SANCION_AMB.pdf
52,8,TRANS SURENCO S.A.S,,CONSORCIO 4C,GP-15650,09/05/2022,Ref. SOLICITUD PERMISO DE TRÁNSITO CERTIFICACIÓN DE PESO,15_04_Comunic_Recibidas/2022/CI004_GP-15650_070300_TRANSSURENCO_SINNUMERO_SCTUD_PERMI_PASO.pdf
51,2,CONCESION ALTO MAGDALENA S.A.S.,,CONSORCIO 4C,GP-15326,08/02/2022,Respuesta oficio CI.004/GP9765/22/7.1.9 (rad. Int ALMA-R-2022-0125 - 03/02/2022)- Seguimiento programa de atención al usuario. PQRS de la UF3- Revisión 2.,15_04_Comunic_Recibidas/2022/CI004_GP-15326_070109_CON_0200_SEG_PQRS_UF3_R2.pdf
53,2,GLOBAL LOGISTICA DE TRANSPORTE S.A.S.,FT – SIG - 048,CONSORCIO 4C,GP-16425,13/10/2021,NOTIFICACION MOVILIZACION CARGA EXTRADIMENSIONADA Y/O EXTRAPESADA REF: CARTA DE PORTE Y PESO,15_04_Comunic_Recibidas/2022/CI004_GP-16425_070300_GLOBALLOGIS_SINNUMERO_SCTUD_PASO.pdf
56,1,Fiduciaria Bogotá S.A.,,CONSORCIO 4C,GP-16411,27/10/2022,Notificación pago fondo de seguridad vial FOSEVI mes septiembre 2022.,15_04_Comunic_Recibidas/2022/CI004_GP-16411_070208_FBTA_SINNUMERO_FOSEVI_SEP22.pdf
54,1,CONCESIÓN ALTO MAGDALENA S.A.S.,,CONSORCIO 4C,GP-15786,08/06/2022,"Entrega medición y autoevaluación programas de Capacitación a la Comunidad, Acompañamiento a la Gestión Socio Predial y Apoyo a la Capacidad de Gestión institucional, correspondiente al I semestre de 2022.",15_04_Comunic_Recibidas/2022/CI004_GP-15786_070109_CON_0779_ENTREG_MEDI_PROG_COMUNIDAD.pdf
55,3,CONCESIÓN ALTO MAGDALENA S.A.S.,,CONSORCIO 4C,GP-15801,10/06/2022,Respuesta comunicado radicado CI.004/GP9707/22/7.3.3 (ALMA-R-2022-0247) Niveles de Servicio Ciclorruta – noviembre 2021. Rta. Comunicación ALMA-2021-1905.,15_04_Comunic_Recibidas/2022/CI004_GP-15801_070303_CON_0811_NIVEL_SERVI_CICLO_RUTA.pdf
59,2,GLOBAL LOGISTICA DE TRANSPORTE S.A.S.,,CONSORCIO 4C,GP-15930,13/10/2021,NOTIFICACION MOVILIZACION CARGA EXTRADIMENSIONADA Y/O EXTRAPESADA REF: CARTA DE PORTE Y PESO,15_04_Comunic_Recibidas/2022/CI004_GP-15930_070300_GLOBALLOGIS_SINNUMERO_SCTUD_PASO.pdf
57,4,CONCESIÓN ALTO MAGDALENA S.A.S.,ALMA-2022-0647,CONSORCIO 4C,GP-15665,12/05/2022,Pagos FONSECON Ley 1106 de 2016 - Abril 2022.,15_04_Comunic_Recibidas/2022/CI004_GP-15665_070201_CON_0647_PAG_FONSECON_ABR22.pdf
58,2,CONCESIÓN ALTO MAGDALENA S.A.S.,,CONSORCIO 4C,GP-16387,13/10/2022,Cumplimiento obligación pago servicio de seguimiento y control ambiental. Auto DRAM No. 03226001204 de 26/08/2022 (Rad. Int. ALMA-R-2022-1254 del 30/08/2022). Expediente 51722,15_04_Comunic_Recibidas/2022/CI004_GP-16387_070108_CON_1489_PAG_SERV_SEG_AMB_EXP_51722.pdf
60,2,,,CONSORCIO 4C,GP-15372,07/02/2022,Traslado derecho de petición con radicado ANI No. 20224090149452; Señor Ramón Quintero - Proyecto Girardot – Honda – Puerto Salgar. Contrato de Concesión 003 de 2014. Concesión Alto Magdalena S.A.S,15_04_Comunic_Recibidas/2022/CI004_GP-15372_070109_ANI_004327-1_TRASLAD_DP_RQUINTERO.pdf
61,3,Agencia Nacional de Infraestructura - ANI,,CONSORCIO 4C,GP-16251,15/09/2022,NOTIFICACIÓN POR MEDIO ELECTRÓNICO Resolución No. 1435 de 2022,15_04_Comunic_Recibidas/2022/CI004_GP-16251_070300_ANI_001435-5_REMISION_RESOL_1435.pdf
62,1,CONCESIÓN ALTO MAGDALENA S.A.S.,,CONSORCIO 4C,GP-15855,17/06/2022,Entrega informe mantenimientos primer y segundo año medida compensatoria Resolución 2437 del 11 de septiembre de 2017. Expediente 60234.,15_04_Comunic_Recibidas/2022/CI004_GP-15855_070108_CON_0889_INF_MEDI_COMPENSA_EXP_60234.pdf
63,4,CONCESIÓN ALTO MAGDALENA S.A.S.,,CONSORCIO 4C,GP-15489,01/04/2022,Reporte aprovechamiento forestal otorgado por medio de acta de visita para árboles en riesgo. Expediente con radicado No 00173.,15_04_Comunic_Recibidas/2022/CI004_GP-15489_070108-070300_CON_0437_APROVE_FORESTAL_EXP_00173.pdf
64,2,MOVITRAM,,CONSORCIO 4C,GP-16155,17/08/2022,Certificación de peso y Solicitud de paso,15_04_Comunic_Recibidas/2022/CI004_GP-16155_070300_MOVITRAM_SINNUMERO_SCTUD_PASO.pdf
65,1,Agencia Nacional de Infraestructura,,CONSORCIO 4C,GP-15368,21/02/2022,Remisión Circulares No. 202250000000034 y No. 20225000000024 Concepto cálculo costos ociosos. – Proyecto Girardot – Honda – Puerto Salgar. – Contrato de Concesión No. 003 del 2014.,15_04_Comunic_Recibidas/2022/CI004_GP-15368_050300_ANI_004315-1_REMI_CIRCULA_COST_OCIOSOS.pdf
66,2,GLOBAL LOGISTICA DE TRANSPORTE S.A.S.,,CONSORCIO 4C,GP-15928,13/10/2021,REF: NOTIFICACION MOVILIZACION CARGA EXTRADIMENSIONADA Y/O EXTRAPESADA REF: CARTA DE PORTE Y PESO,15_04_Comunic_Recibidas/2022/CI004_GP-15928_070300_GLOBALLOGIS_SINNUMERO_SCTUD_PASO.pdf
67,4,Agencia Nacional de Infraestructura - ANI,20226070000414,CONSORCIO 4C,GP-16322,03/10/2022,POR MEDIO DE LA CUAL SE SOLICITA LA PARITICIPACIÓN EN EL PILOTO DE INTERCONEXIÓN DE LOS DISPOSITIVOS ITS (VIDEOVIGILANCIA),15_04_Comunic_Recibidas/2022/CI004_GP-16322_070300_ANI_000041-4_PILOTO_DISPOSITIV_ITS.pdf
68,2,Agencia Nacional de Infraestructura,,CONSORCIO 4C,GP-15330,10/02/2022,"Autorización para cubrir la diferencia del déficit de la Vigencia Futura 2021 en el proyecto Girardot – Honda – Puerto Salgar, Contrato de Concesión 003 de 2014 – Concesión ALTO MAGDALENA SAS.",15_04_Comunic_Recibidas/2022/CI004_GP-15330_070203_ANI_003112-1_DIF_DEFICIT_VIG_FUTU_21.pdf
69,1,CONCESIÓN ALTO MAGDALENA S.A.S.,,CONSORCIO 4C,GP-15579,21/04/2022,Entrega soportes Pagos de Seguridad Social febrero y Salarios enero de 2022.,15_04_Comunic_Recibidas/2022/CI004_GP-15579_070110_CON_0539_PAG_SEGYSAL_FEB_ENE22.pdf
72,2,CONCESIÓN ALTO MAGDALENA S.A.S.,,CONSORCIO 4C,GP-15403,07/03/2022,Informe criterios para contabilizar Ingresos y Egresos por Unidad Funcional.,15_04_Comunic_Recibidas/2022/CI004_GP-15403_070201_CON_0337_INF_ING_EGRE_FEB22.pdf
71,2,CONCESIÓN ALTO MAGDALENA S.A.S.,,CONSORCIO 4C,GP-16100,12/08/2022,Entrega informe de los mantenimientos realizados en el primer año y segundo año de la medida compensatoria en cumplimiento de la Resolución 1724 del 30 de junio de 2017. Expediente 60750,15_04_Comunic_Recibidas/2022/CI004_GP-16100_070108_CON_1163_CUMPLI_RESOL_1724_EXP_60750.pdf
70,90,CONCESIÓN ALTO MAGDALENA S.A.S.,,CONSORCIO 4C,GP-16232,09/09/2022,Repuesta comunicación CI.004/GP10135/22/5.3 (Rad. int ALMA-R-2022-1075) - Solicitud Actualización Póliza Todo Riesgo Obra Civil.,15_04_Comunic_Recibidas/2022/CI004_GP-16232_050300_CON_1348_SCTUD_ACTUALIZA_POLIZA.pdf
73,3,CONCESIÓN ALTO MAGDALENA S.A.S.,,CONSORCIO 4C,GP-16099,12/08/2022,Entrega informe de los mantenimientos realizados en el primer año y cuarto ciclo de mantenimiento de la medida compensatoria en cumplimiento de la Resolución 1721 del 30 de junio de 2017. Expediente 60749,15_04_Comunic_Recibidas/2022/CI004_GP-16099_070108_CON_1162_CUMPLI_RESOL_1721_EXP_60749.pdf
75,1,CONCESIÓN ALTO MAGDALENA S.A.S.,,CONSORCIO 4C,GP-15348,15/02/2022,Informe trimestral Socio - Ambiental 29 - Componente Social.,15_04_Comunic_Recibidas/2022/CI004_GP-15348_070109_CON_0237_INF_TRIM_SOCIAL_N29.pdf
74,2,Personería Municipal San Juan de Río Seco,,CONSORCIO 4C,GP-15702,23/05/2022,"SEGUIMIENTO: Queja presentada a la Concesionaria Alto Magdalena SAS “cuando la máquina realiza la limpieza, perfora la manguera que transporta el agua del acueducto veredal a la vivienda del predio el DIAMANTE.",15_04_Comunic_Recibidas/2022/CI004_GP-15702_070109_PMPAL_JSECO_SINNUMERO_QUEJA_DIAMANTE.pdf
76,1,CONCESION ALTO MAGDALENA S.A.S.,,CONSORCIO 4C,GP-15233,20/01/2022,Respuesta oficio ANLA No. 2021280708-2-000 (Rad. Int. ALMA-R-2021-2048 del 23/12/2021). Ajuste Informe de Cumplimiento Ambiental ICA No. 8. Expediente LAV0068-00-2015.,15_04_Comunic_Recibidas/2022/CI004_GP-15233_070108_CON_0060_AJUSTE_ICA_N8.pdf
77,8,CONCESIÓN ALTO MAGDALENA S.A.S.,,CONSORCIO 4C,GP-16240,13/09/2022,GCSTP-F-001 Informe Mantenimiento Bienes de uso Público Agosto 2022.,15_04_Comunic_Recibidas/2022/CI004_GP-16240_070202_CON_1350_FOR_GCSP_F001_AGO22.pdf
78,2,CONCESION ALTO MAGDALENA S.A.S.,,CONSORCIO 4C,GP-15325,08/01/2022,Entrega Informe Gerencial Mensual N° 87 – enero 2022.,15_04_Comunic_Recibidas/2022/CI004_GP-15325_070500_CON_0199_INF_MEN_N87_ENE22.pdf
80,2,CONCESIÓN ALTO MAGDALENA S.A.S.,ALMA-2022-1510,CONSORCIO 4C,GP-16364,14/10/2022,Seguimiento radicado CAR 20221047334 (ALMA-2022-0802) del 10 de junio de 2022 y Solicitud de Cierre y Archivo de veinticinco (25) expedientes que cumplieron sus obligaciones otorgadas.,15_04_Comunic_Recibidas/2022/CI004_GP-16364_070108_CON_1510_SCTUD_CIERRE_ARCHIV_25_EXP.pdf
79,3,CONCESIÓN ALTO MAGDALENA S.A.S.,,CONSORCIO 4C,GP-15666,12/05/2022,Respuesta comunicación CI.004/GP9915/22/7.1.8-7.3 (Rad. Int. ALMA-R-2022-0468 – 13/04/2022). Manejo el paisajismo y rocería en zona lateral del Proyecto.,15_04_Comunic_Recibidas/2022/CI004_GP-15666_070108-070300_CON_0644_PAISAJIS_ROCERIA.pdf
81,2,EMPRESA DE OBRAS SANITARIAS DE CALDAS S.A,20224090279872,CONSORCIO 4C,GP-15435,16/03/2022,"Radicado No. 20224090279872 del 10 de marzo de 2022 - Solicitud de concepto técnico de permiso de uso, ocupación y la intervención temporal de la infraestructura vial - Proyecto vial Girardot – Honda – Puerto Salgar.",15_04_Comunic_Recibidas/2022/CI004_GP-15435_070114_ANI_007062-1_PERMI_USO_ANDRES_TABA.pdf
82,4,CONCESIÓN ALTO MAGDALENA S.A.S.,,CONSORCIO 4C,GP-15415,07/03/2022,Intervenciones no autorizadas en corredor vial – Sector intersección Glorieta La Melisa - PR30+200 Ruta Nacional 45-10 con Calle 11.,15_04_Comunic_Recibidas/2022/CI004_GP-15415_070109_CON_0342_INTERV_NO_AUTO_GLORIET_PR30.pdf
83,2,TRANS SURENCO S.A.S,,CONSORCIO 4C,GP-15681,13/05/2022,Ref. SOLICITUD PERMISO DE TRÁNSITO CERTIFICACIÓN DE PESO,15_04_Comunic_Recibidas/2022/CI004_GP-15681_070300_TRANSSURENCO_SINNUMERO_SCTUD_PASO.pdf
84,2,CONCESIÓN ALTO MAGDALENA S.A.S.,,CONSORCIO 4C,GP-15967,08/07/2022,Entrega Informe Gerencial Mensual N° 92 – junio 2022,15_04_Comunic_Recibidas/2022/CI004_GP-15967_070500_CON_1033_INF_MEN_N92_JUN22.pdf
85,2,CONCESION ALTO MAGDALENA S.A.S.,,CONSORCIO 4C,GP-15189,03/01/2022,Informe criterios para contabilizar Ingresos y Egresos por Unidad Funcional.,15_04_Comunic_Recibidas/2022/CI004_GP-15189_070201_CON_0009_INF_ING_EGRE_DIC21.pdf
86,3,CONCESIÓN ALTO MAGDALENA S.A.S.,,CONSORCIO 4C,GP-15723,23/05/2022,Pronunciamiento sobre la imposibilidad de adelantar el depósito judicial del predio identificado con Ficha Predial ALMA-5-0066.,15_04_Comunic_Recibidas/2022/CI004_GP-15723_050300-070400_CON_0697_IMPOSIBI_DEPOSITO_5-0066.pdf
88,1,Fiduciaria Bogotá SA,,CONSORCIO 4C,GP-15822,17/06/2022,Notificación pago fondo de seguridad vial FOSEVI mes abril 2022.,15_04_Comunic_Recibidas/2022/CI004_GP-15822_070208_FBTA_SINNUMERO_FOSEVI_ABR22.pdf
87,9,CONCESIÓN ALTO MAGDALENA S.A.S.,,CONSORCIO 4C,GP-15849,23/06/2022,Recurso de reposición en contra del Auto DRAM No. 03226000649 del 25 mayo de 2022. Expediente 90146,15_04_Comunic_Recibidas/2022/CI004_GP-15849_070108_CON_0946_RECUR_REPOSI_EXP_90146.pdf
90,1,,,CONSORCIO 4C,GP-15704,23/05/2022,Solicitud urgente accidente,15_04_Comunic_Recibidas/2022/CI004_GP-15704_070109_MQUINTERO_SINNUMERO_SCTUD_ACCIDENT.pdf
89,6,Agencia Nacional de Infraestructura,CI.2022500000114,CONSORCIO 4C,GP-15370,18/02/2022,"LINEAMIENTOS PARA DESARROLLAR EL INFORME CONSOLIDADO ADMINISTRATIVO, TÉCNICO, FINANCIERO Y CONTABLE DE VERIFICACIÓN Y VALIDACIÓN DE COSTOS OCIOOS POR PARTE DE LAS INTERVENTORÍAS DE LOS PROYECTOS ALIANZAS PÚBLICO-PRIVADAS, CUARTA GENERACIÓN DE CONCESIONES Y DEMÁS PROYECTOS",15_04_Comunic_Recibidas/2022/CI004_GP-15370_050300_ANI_000011-4_LINEA_INF_COST_OCIOSOS.pdf
92,1,Agencia Nacional de Infraestructura,,CONSORCIO 4C,GP-15466,24/03/2022,Solicitud evaluaciones de percepción del usuario segundo semestre del 2021– Proyecto Girardot – Honda – Puerto Salgar. – Contrato de Concesión No. 003 del 2014.Consecion Alto Magdalena S.A.S,15_04_Comunic_Recibidas/2022/CI004_GP-15466_070300_ANI_007941-1_SCTUD_EVALUA_USUARIO_2SEM_21.pdf
91,2,Agencia Nacional de Infraestructura,,CONSORCIO 4C,GP-16005,21/07/2022,Respuesta a su comunicado ALMA-2022-0773 con radicado ANI No. 20224090635032 – Devolución Informe Gerencial No. 91. - Proyecto Girardot – Honda – Puerto Salgar. Contrato de Concesión 003 de 2014. Concesión Alto Magdalena S.A.S.,15_04_Comunic_Recibidas/2022/CI004_GP-16005_070500_ANI_021470-1_DEV_INF_MEN_N91.pdf
93,1,CONCESIÓN ALTO MAGDALENA S.A.S.,,CONSORCIO 4C,GP-16212,02/09/2022,Entrega informe mantenimientos primer y segundo año medida compensatoria en cumplimiento de la Resolución 1085 del 16 de mayo de 2016. Exped. 51981,15_04_Comunic_Recibidas/2022/CI004_GP-16212_070108_CON_1317_INF_MED_COMPENSA_EXP_51981.pdf
94,4,CONCESIÓN ALTO MAGDALENA S.A.S.,,CONSORCIO 4C,GP-15408,07/03/2022,"Respuesta oficio CI.004/GP9826/22/7.4.1 (rad. Int ALMA-R-2022-0266 del 02/03/2022)- PQRS UF2 2022 511, revisión Derecho de Petición Gloria Inés Figueroa Predio ALMA-2-0157.",15_04_Comunic_Recibidas/2022/CI004_GP-15408_070401_CON_0340_REV_DP_GFIGUEROA.pdf
95,2,,,CONSORCIO 4C,GP-16269,20/09/2022,Mensaje de datos notificación Auto admite demanda Rad. 2022-00228-00,15_04_Comunic_Recibidas/2022/CI004_GP-16269_050300_TRIBADMONCALDAS_00228-00_NOTIFI_DEMANDA.pdf
96,1,CONCESIÓN ALTO MAGDALENA S.A.S.,,CONSORCIO 4C,GP-15605,29/04/2022,Entrega informe mantenimientos primer y segundo año establecimiento medida compensatoria en cumplimiento de la Resolución 406 del 24 de febrero del 2016 prorrogada con la Resolución 1151 del 30 de abril de 2018. Expediente 51829,15_04_Comunic_Recibidas/2022/CI004_GP-15605_070108_CON_0564_ENTREGA_INF_EXP_51829.pdf
97,4,CONCESIÓN ALTO MAGDALENA S.A.S.,,CONSORCIO 4C,GP-15764,02/06/2022,Respuesta Comunicado ANI N° 20223110146381 (Rad. Int. ALMA-2022-0641) - Comité Aprobación Aportes subcuenta de Redes N°7.,15_04_Comunic_Recibidas/2022/CI004_GP-15764_070201-070115_CON_0759_APROBA_SUBCTA_REDES_N7.pdf
99,2,MOVITRAM,,CONSORCIO 4C,GP-15462,24/03/2022,Certificación de peso y Solicitud de paso,15_04_Comunic_Recibidas/2022/CI004_GP-15462_070300_MOVITRAM_SINNUMERO_SCTUD_PASO.pdf
98,2,CONCESIÓN ALTO MAGDALENA S.A.S.,,CONSORCIO 4C,GP-15814,15/06/2022,Respuesta oficio CAR No 20222034300 (ALMA-R-2022-0696 - 26-05-2022). Entrega soporte pago factura No 1132. Expedientes 51700.,15_04_Comunic_Recibidas/2022/CI004_GP-15814_070108_CON_0821_PAG_FACT_1132_EXP_51700.pdf
100,1,CONCESIÓN ALTO MAGDALENA S.A.S.,,CONSORCIO 4C,GP-16211,02/09/2022,Entrega informe mantenimientos primer y segundo año medida compensatoria en cumplimiento de la Resolución 0771 del 13 de abril de 2016 modificada por la Resolución 2833 del 29 de diciembre de 2016. Expediente 51980.,15_04_Comunic_Recibidas/2022/CI004_GP-16211_070108_CON_1316_INF_MED_COMPENSA_EXP_51980.pdf
103,3,CONCESIÓN ALTO MAGDALENA S.A.S.,ALMA-2022-0362,CONSORCIO 4C,GP-16120,17/08/2022,Sistema back to back,15_04_Comunic_Recibidas/2022/CI004_GP-16120_070300_CON_1186_SISTEMA_BACK_TO_BACK.pdf
102,4,CONCESIÓN ALTO MAGDALENA S.A.S.,,CONSORCIO 4C,GP-15865,22/06/2022,"Solicitud inclusión memorando DESCA 20213043001 del 17 de junio de 2021 al permiso de ocupación de cauce otorgado, que reposa en el Expediente 51989.",15_04_Comunic_Recibidas/2022/CI004_GP-15865_070108_CON_0904_INCLUS_MEMO_DESCA_EXP_51989.pdf
104,2,Gestión Social - Concesión Alto Magdalena S.A.S.,ALMA-2022-1047,CONSORCIO 4C,GP-15981,12/07/2022,Fwd: Respuesta PQRS-UF4-2022-0606 del 25/04/2022 – Solicitud de reposición de manguera del Predio el diamante.,15_04_Comunic_Recibidas/2022/CI004_GP-15981_070109_MPATIÑO_SINNUMERO_SCTD_MANGUERA_DIAMANT.pdf
101,1,MINISTERIO DE TRANSPORTE,,CONSORCIO 4C,GP-16333,05/10/2022,Cumplimiento Indicador Cola De Peajes O3– Circular No 20225000000404. Proyecto Girardot – Honda – Puerto Salgar. – Contrato de Interventoría No. 145 del 2014. Consorcio 4C.,15_04_Comunic_Recibidas/2022/CI004_GP-16333_070303_ANI_031659-1_CUMPLI_INDICAD_O3.pdf
106,2,CONCESIÓN ALTO MAGDALENA S.A.S.,,CONSORCIO 4C,GP-16131,18/08/2022,Cumplimiento obligación pago servicio seguimiento y control ambiental. Auto DRAM 03226000831 de 24/06/2022 (Rad. Interno ALMA-R-2022-1080 del 28/07/2022). Expediente 60748,15_04_Comunic_Recibidas/2022/CI004_GP-16131_070108_CON_1196_PAG_SERV_CTROL_AMB_EXP_60748.pdf
105,2,CONCESIÓN ALTO MAGDALENA S.A.S.,,CONSORCIO 4C,GP-15770,06/06/2022,"Respuesta a su comunicación con radicado CI.004/GP9975/22/7.1.8 (ALMA-R-2022-0616). Observaciones pólizas Resoluciones 016 de 2016, 020 de 2016 y 021 de 2016 - Cormagdalena.",15_04_Comunic_Recibidas/2022/CI004_GP-15770_070108_CON_0770_OBS_POLIZ_RESOL_016_020_021_CORMAG.pdf
107,1,CONCESIÓN ALTO MAGDALENA S.A.S.,,CONSORCIO 4C,GP-15994,15/07/2022,Alcance radicado CAR 20221041739 (Rad. Int. ALMA-2021-0704) del 23/05/2022.,15_04_Comunic_Recibidas/2022/CI004_GP-15994_070108_CON_1067_ALC_RAD_CAR_20221041739.pdf
108,1,CONCESIÓN ALTO MAGDALENA S.A.S.,,CONSORCIO 4C,GP-16366,14/10/2022,Respuesta comunicación CI.004/GP10263/22/7.1.8.2.1 (Rad. Int. ALMA-R-2022-1357 – 20/09/2022. Solicitud reintegro recursos desembolsados desde la Subcuenta Compensaciones Ambientales – OP 6545,15_04_Comunic_Recibidas/2022/CI004_GP-16366_070108-070201_CON_1509_REINTEG_RECUR_SUBCTA_AMB.pdf
110,3,CONCESIÓN ALTO MAGDALENA S.A.S.,,CONSORCIO 4C,GP-16062,08/08/2022,GCSP-F-208 Informe de Ingresos por Explotación Comercial Julio de 2022.,15_04_Comunic_Recibidas/2022/CI004_GP-16062_070202_CON_1136_FOR_GCSP_F208_JUL22.pdf
109,2,GLOBAL LOGISTICA DE TRANSPORTE S.A.S.,,CONSORCIO 4C,GP-15996,13/10/2021,NOTIFICACION MOVILIZACION CARGA EXTRADIMENSIONADA Y/O EXTRAPESADA REF: CARTA DE PORTE Y PESO,15_04_Comunic_Recibidas/2022/CI004_GP-15996_070300_GLOBALLOGIS_SINNUMERO_SCTUD_PASO.pdf
111,1,CONCESIÓN ALTO MAGDALENA S.A.S.,,CONSORCIO 4C,GP-16112,28/06/2022,Entrega informe de los mantenimientos realizados en el primer año y segundo año de la medida compensatoria en cumplimiento de la Resolución 3321 del 31 de octubre de 2017. Expediente 62022,15_04_Comunic_Recibidas/2022/CI004_GP-16112_070108_CON_0971_CUMPLI_RESOL_3321_EXP_62022.pdf
112,1,CONCESIÓN ALTO MAGDALENA S.A.S.,,CONSORCIO 4C,GP-15394,21/02/2022,Respuesta comunicación CI.004/GP9601/21/7.4.6 (Rad. Int. ALMA-R-2021-1743 del 24/11/2021) Entrega del expediente predial (Físico) ALMA-3-0073 para aprobación definitiva del Avalúo Comercial Corporativo.,15_04_Comunic_Recibidas/2022/CI004_GP-15394_070406_CON_0292_EXP_PREDIAL_3-0073.pdf
113,2,CONCESIÓN ALTO MAGDALENA S.A.S.,ALMA-2022-1207,CONSORCIO 4C,GP-16142,18/08/2022,Cumplimiento obligación pago servicio de seguimiento y control ambiental. Auto DRAM 03226000916 de 11/07/2022 (Rad. Int. ALMA-R-2022-0992 del 13/07/2022). Expediente 52124,15_04_Comunic_Recibidas/2022/CI004_GP-16142_070108_CON_1207_PAG_SERV_CTROL_AMB_EXP_52124.pdf
114,2,CONCESIÓN ALTO MAGDALENA S.A.S.,,CONSORCIO 4C,GP-15851,23/06/2022,Respuesta comunicado CI.004/GP9920/22/7.3 (Rad. Int. ALMA-R-2022-0478). Verificación control de peso en las estaciones de pesaje.,15_04_Comunic_Recibidas/2022/CI004_GP-15851_070300_CON_0945_VERIFI_CTROL_PESO_PESAJE.pdf
115,2,CONCESIÓN ALTO MAGDALENA S.A.S.,ALMA-2022-0175,CONSORCIO 4C,GP-15301,03/02/2022,Cumplimiento obligación pago evaluación ambiental. Auto DRMC 07226000024 del 21/01/2022 (Rad. Int. ALMA-R-2022-0101 del 25/01/2022). Exp. 90857,15_04_Comunic_Recibidas/2022/CI004_GP-15301_070108_CON_0175_PAG_EVALUA_AMB_EXP_90857.pdf
116,1,Agencia Nacional de Infraestructura,,CONSORCIO 4C,GP-15746,31/05/2022,"Traslado comunicado SIG No. 150.47.01 Oficio 967 con radicado ANI No. 20224090571172 – Solicitud intervención en la conexión de la vía Nariño municipio de Girardot con la Concesión Alto Magdalena S.A.S. - Proyecto Girardot – Honda – Puerto Salgar, Contrato de Interventoría 145 de 2014. Consorcio 4C.",15_04_Comunic_Recibidas/2022/CI004_GP-15746_070104_ANI_015684-1_TRASLAD_SCTUD_CONEX_VIA_NARIÑO.pdf
117,3,CONCESIÓN ALTO MAGDALENA S.A.S.,,CONSORCIO 4C,GP-15788,08/06/2022,GCSP-F-208 - Informe Ingresos Explotación Comercial Mayo de 2022.,15_04_Comunic_Recibidas/2022/CI004_GP-15788_070202_CON_0781_FOR_GCSP_F208_MAY22.pdf
118,1,CONCESIÓN ALTO MAGDALENA S.A.S.,,CONSORCIO 4C,GP-15398,02/03/2022,Entrega Formato ANI-GCSP-F-203 Informe Ejecutivo – febrero de 2022,15_04_Comunic_Recibidas/2022/CI004_GP-15398_070202_CON_0325_FOR_GCSP_F203_FEB22.pdf
119,1,CONCESIÓN ALTO MAGDALENA S.A.S.,,CONSORCIO 4C,GP-16186,26/08/2022,Solicitud pronunciamiento permiso ocupación de cauce radicado CAR 20211214030 (ALMA-2021-1841) del 13 de diciembre de 2021.,15_04_Comunic_Recibidas/2022/CI004_GP-16186_070108_CON_1265_PERMI_OCUPA_CAUCE.pdf
121,1,Agencia Nacional de Infraestructura,,CONSORCIO 4C,GP-15920,24/06/2022,"Respuesta a comunicación con radicado ANI No. 20224090676352 del 17 de junio de 2022. Al responder, favor citar Expediente: 20223040280200195E.",15_04_Comunic_Recibidas/2022/CI004_GP-15920_070114_ANI_018642-1_PERMISO_MCPIO_GUADUAS.pdf
120,2,CONCESIÓN ALTO MAGDALENA S.A.S.,,CONSORCIO 4C,GP-16388,13/10/2022,Cumplimiento obligación pago servicio de seguimiento y control ambiental. Auto DRAM No. 03226001173 de 22/08/2022 (Rad. Int. ALMA-R-2022-1215 del 24/08/2022). Expediente 52182,15_04_Comunic_Recibidas/2022/CI004_GP-16388_070108_CON_1490_PAG_SERV_SEG_AMB_EXP_52182.pdf
122,2,CONCESIÓN ALTO MAGDALENA S.A.S.,,CONSORCIO 4C,GP-15585,22/04/2022,"Respuesta oficio CI.004/GP9918/21/7.1.9-7,1,8 radicado interno ALMA-R-2022-0469. Observaciones Informe Final Plan Reasentamiento V1",15_04_Comunic_Recibidas/2022/CI004_GP-15585_070108-070109_CON_0542_OBS_FINAL_PLAN_REASENT.pdf
123,2,CONCESIÓN ALTO MAGDALENA S.A.S.,ALMA-2022-0753,CONSORCIO 4C,GP-15761,01/06/2022,Cumplimiento obligación pago seguimiento autorización ocupación de cauce. Auto DRBM 04226000301 del 05 mayo de 2022 (Rad. Interno ALMA-R-2022-0610 del 11/05/2022). Expediente 52004,15_04_Comunic_Recibidas/2022/CI004_GP-15761_070108_CON_0753_PAG_SEG_AMB_EXP_52004.pdf
125,2,CONCESION ALTO MAGDALENA S.A.S.,,CONSORCIO 4C,GP-15353,16/02/2022,"ESTUDIO HIDROLÓGICO, HIDRÁULICO Y DE SOCAVACIÓN PARA EL PUNTO CRÍTICO K66+850” y “ESTUDIOS Y DISEÑOS PARA LA ESTABILIDAD DE LA CALZADA EN EL SECTOR K66+850",15_04_Comunic_Recibidas/2022/CI004_GP-15353_070104_CON_0242_STUD_DISEÑ_STIO_CRTICO_PR66.pdf
124,2,,,CONSORCIO 4C,GP-15234,15/01/2022,Actualización tarifas de peaje 2022 – Proyecto Girardot – Honda - Puerto Salgar – Radicado ANI No 20224090013652 del 6 de enero de 2022 - Contrato de Concesión No 003/2014. Concesión Alto Magdalena S.A.S.,15_04_Comunic_Recibidas/2022/CI004_GP-15234_070207_ANI_000855-1_ACTUAL_TARIFAS_PEAJE_22.pdf
126,19,CONCESIÓN ALTO MAGDALENA S.A.S.,,CONSORCIO 4C,GP-15533,08/04/2022,Respuesta comunicado CI.004/GP9732/22/7.1.9 (ALMA-R-2022-0060 – 14/01/2022). Cumplimiento obligaciones Programa de Apoyo a la Capacidad de Gestión Institucional. Invasión espacio público ocupantes irregulares sector Glorieta Purnio La Dorada–Caldas.,15_04_Comunic_Recibidas/2022/CI004_GP-15533_070109_CON_0486_CUMPLI_PROG_GEST_INSTITU.pdf
128,1,CONCESIÓN ALTO MAGDALENA S.A.S.,,CONSORCIO 4C,GP-15407,07/03/2022,Respuesta oficio CI.004/GP9827/22/7.1.9 (Rad. Int ALMA-R-2022-0267 del 02/03/2022)- Seguimiento programa atención al usuario. PQRS UF5 - Revisión 2.,15_04_Comunic_Recibidas/2022/CI004_GP-15407_070109_CON_0339_SEG_ATEN_USUARIO_UF5_R2.pdf
127,4,CONCESIÓN ALTO MAGDALENA S.A.S.,,CONSORCIO 4C,GP-15939,06/07/2022,Respuesta comunicado CI.004/GP10011/22/7.2.1 (Rad. Int. ALMA-R-2022-0683) – Saldo en dólares de las subcuentas. Corte: abril 2022.,15_04_Comunic_Recibidas/2022/CI004_GP-15939_070201_CON_1029_SALDO_DOLAR_SUBCTAS_ABR22.pdf
129,1,CONCESIÓN ALTO MAGDALENA S.A.S.,,CONSORCIO 4C,GP-16021,29/07/2022,Informe ejecutivo avance ejecución predial y sabana de avalúos junio 2022.,15_04_Comunic_Recibidas/2022/CI004_GP-16021_070400_CON_1093_INF_PREDIAL_JUN22.pdf
130,2,GLOBAL LOGISTICA DE TRANSPORTE S.A.S.,FT – SIG - 048,CONSORCIO 4C,GP-16054,13/10/2021,NOTIFICACION MOVILIZACION CARGA EXTRADIMENSIONADA Y/O EXTRAPESADA REF: CARTA DE PORTE Y PESO,15_04_Comunic_Recibidas/2022/CI004_GP-16054_070300_GLOBALLOGIS_SINNUMERO_SCTUD_PASO.pdf
131,4,CONCESIÓN ALTO MAGDALENA S.A.S.,ALMA-2022-0929,CONSORCIO 4C,GP-15891,22/06/2022,"Solicitud inclusión memorando DESCA 20213043001 del 17 de junio de 2021 al permiso de ocupación de cauce otorgado, que reposa en el Expediente 52057.",15_04_Comunic_Recibidas/2022/CI004_GP-15891_070108_CON_0929_INCLUS_MEMO_DESCA_EXP_52057.pdf
132,3,MINISTERIO DE TRANSPORTE,,CONSORCIO 4C,GP-16391,19-10-2022,Respuesta oficio Radicado 20224091148612- Predio- ALMA-4-0062- Proyecto Vial No. 003 de 2014. Honda- Girardot- Puerto Salgar.,15_04_Comunic_Recibidas/2022/CI004_GP-16391_070400_ANI_033321-1_OFERTA_PREDIO_4-0062.pdf
133,2,CONCESIÓN ALTO MAGDALENA S.A.S.,,CONSORCIO 4C,GP-16106,12/08/2022,Entrega informe de los mantenimientos realizados en el primer y segundo año de mantenimiento de la medida compensatoria en cumplimiento de la Resolución 2425 del 11 de septiembre de 2017. Expediente 62373,15_04_Comunic_Recibidas/2022/CI004_GP-16106_070108_CON_1166_CUMPLI_RESOL_2425_EXP_62373.pdf
134,3,CONCESIÓN ALTO MAGDALENA S.A.S.,,CONSORCIO 4C,GP-15712,23/05/2022,Respuesta Auto DRAM No. 0213 del 13/04/2021 (Rad interno ALMA-R-2022-0501). Expediente 89971,15_04_Comunic_Recibidas/2022/CI004_GP-15712_070108_CON_0704_RTA_AUTO_DRAM_0213_EXP_89971.pdf
135,2,CONCESIÓN ALTO MAGDALENA S.A.S.,,CONSORCIO 4C,GP-15978,11/07/2022,Respuesta PQRS-UF4-2022-0606 del 25/04/2022 – Solicitud de reposición de manguera del Predio el diamante.,15_04_Comunic_Recibidas/2022/CI004_GP-15978_070109_CON_1047_SCTD_MANGUERA_DIAMANTE.pdf
136,4,CONCESIÓN ALTO MAGDALENA S.A.S.,,CONSORCIO 4C,GP-15885,22/06/2022,"Solicitud inclusión memorando DESCA 20213043001 del 17 de junio de 2021 al permiso de ocupación de cauce otorgado, que reposa en el Expediente 52041.",15_04_Comunic_Recibidas/2022/CI004_GP-15885_070108_CON_0923_INCLUS_MEMO_DESCA_EXP_52041.pdf
137,2,MOVITRAM,,CONSORCIO 4C,GP-16209,03/09/2022,Certificación de peso y Solicitud de paso,15_04_Comunic_Recibidas/2022/CI004_GP-16209_070300_MOVITRAM_SINNUMERO_SCTUD_PASO.pdf
138,5,CONCESIÓN ALTO MAGDALENA S.A.S.,,CONSORCIO 4C,GP-16367,14/10/2022,Solicitud permiso ocupación de cauce PR 12+680 Unidad Funcional 4 Sub sector 2 Ruta 45-09 quebrada “Tamarindo”,15_04_Comunic_Recibidas/2022/CI004_GP-16367_070108_CON_1511_OCUPA_CAUCE_PR12+680_UF4.2.pdf
139,2,CONCESIÓN ALTO MAGDALENA S.A.S.,,CONSORCIO 4C,GP-15755,01/06/2022,Cumplimiento obligación pago servicio de seguimiento y control ambiental. Auto DRAM 03226000561 del 10/05/2022 (Rad. Interno ALMA-R-2022-0608 del 11/05/2022). Expediente 51908,15_04_Comunic_Recibidas/2022/CI004_GP-15755_070108_CON_0747_PAG_SEG_AMB_EXP_51908.pdf
140,3,CONCESIÓN ALTO MAGDALENA S.A.S.,,CONSORCIO 4C,GP-15707,17/05/2022,Respuesta oficio 2022077904-2-000 del 26 de abril de 2022 (ALMA-R-2022-0523). Aclaración frecuencia entrega de Informes de Cumplimiento Ambiental acorde a lo dispuesto en la Resolución 2471 del 18 de diciembre de 2019. Expediente LAV0004-00-2016.,15_04_Comunic_Recibidas/2022/CI004_GP-15707_070108_CON_0668_ENTREGA_ICA_RESOL_2471.pdf
142,1,CONCESIÓN ALTO MAGDALENA S.A.S.,,CONSORCIO 4C,GP-15544,11/04/2022,"Entrega informe de los mantenimientos realizados en el primer año, segundo año y tercer año del establecimiento de la medida compensatoria en cumplimiento de la Resolución 2365 del 3 de noviembre del 2015 prorrogada con la Resolución 1291 del 10 de junio del 2016. Expediente 51483",15_04_Comunic_Recibidas/2022/CI004_GP-15544_070108_CON_0498_ENTREG_INF_EXP_51483.pdf
141,2,,,CONSORCIO 4C,GP-15342,11/02/2022,Cumplimiento obligación artículo primero Auto DRAM No. 03216001535 3/12/2021 (ALMA-R-2021-1873). Entrega informe medida compensatoria Resolución No. 0312 del 16 de febrero de 2016. Expediente 51701,15_04_Comunic_Recibidas/2022/CI004_GP-15342_070108_CON_0225_INF_COMPENSA_EXP_51701.pdf
143,2,Agencia Nacional de Infraestructura (ANI),,CONSORCIO 4C,GP-16331,06/10/2022,Presentación de Contestación de la ANI a la Demanda.,15_04_Comunic_Recibidas/2022/CI004_GP-16331_050300_ANI_010508-9_ACCI_POPULAR_GLORIETA.pdf
144,1,Agencia Nacional de Infraestructura,,CONSORCIO 4C,GP-16234,09/09/2022,"Remisión Circular - Por medio de la cual se indica la manera en que debe reportarse la Información de los dispositivos SIT (sistemas inteligentes para la infraestructura, el tránsito y el transporte) en ANISCOPIO – Proyecto Girardot – Honda – Puerto Salgar. –Circular No 20226070000344 Contrato de Interventoría No. 145 del 2014.Consorcio 4C.",15_04_Comunic_Recibidas/2022/CI004_GP-16234_070300_ANI_028061-1_CIRCULAR_REPOR_INF_SIT_ANISCOPIO.pdf
145,2,CONCESIÓN ALTO MAGDALENA S.A.S.,,CONSORCIO 4C,GP-15392,01/03/2022,Respuesta comunicados ANI 20223110046671 (ALMA-R-2022-0252) y CI.004/GP9806/22/7.5. Revisión informe Gerencial Mensual de enero de 2022.,15_04_Comunic_Recibidas/2022/CI004_GP-15392_070500_CON_0319_REV_INF_MEN_ENE22.pdf
146,1,CONCESIÓN ALTO MAGDALENA S.A.S.,,CONSORCIO 4C,GP-15393,21/02/2022,"Respuesta comunicación CI.004/GP9797/22/7.4.6 (Rad. Int. ALMA-R-2022-0117 del 28/01/2022, y CI.004/GP9797/22/7.4.6 (Rad. Int. ALMA-R-2022-0203 del 16/02/2022) - Entrega del expediente predial (Físico) ALMA-3-0069 para aprobación definitiva del Avalúo Comercial Corporativo y Actualización del Estudio de Títulos.",15_04_Comunic_Recibidas/2022/CI004_GP-15393_070405-070406_CON_0291_EXP_PREDIAL_3-0069.pdf
148,4,Agencia Nacional de Infraestructura,,CONSORCIO 4C,GP-16187,26/08/2022,Respuesta a su comunicado No. CI.004/GP10151/22/5.3 con radicado ANI No. 20224090862132 del 05 de agosto de 2022 – No objeción Plazo de Cura por el presunto incumplimiento de la Obligación relacionada con la entrega de información relacionada con el proyecto – Actualización de la Póliza Todo Riesgo Obra Civil. Contrato de Interventoría No. 145 de 2014 – Proyecto Girardot – Honda – Puerto Salgar. Consorcio 4C.,15_04_Comunic_Recibidas/2022/CI004_GP-16187_050300_ANI_025957-1_PLAZO_CURA_ACT_POLIZA.pdf
147,1,,,CONSORCIO 4C,GP-15333,09/02/2022,Respuesta a su radicado No CI.004/GP9715/21/9.2 y CI.004/GP9714/22/9.2 con los radicados ANI No. 20224090019252 y No.20224090016712 del 07 de enero de 2022 - Aprobación Informe de Interventoría No. 86 correspondiente al 01 al 31 diciembre de 2021 – Contrato de Interventoría 145 de 2014 - Proyecto Girardot - Honda - Puerto Salgar.,15_04_Comunic_Recibidas/2022/CI004_GP-15333_090200_ANI_003165-1_APROBA_INF_INTRV_N86.pdf
149,2,CONCESIÓN ALTO MAGDALENA S.A.S.,,CONSORCIO 4C,GP-15279,02/02/2022,Cumplimiento obligación pago seguimiento y control ambiental. Auto DRAM 03216001451 del 24/11/2021 (Rad. Int. ALMA-R-2021-2067 del 29/12/2021). Expediente 51780,15_04_Comunic_Recibidas/2022/CI004_GP-15279_070108_CON_0149_PAG_SEG_AMB_EXP_51780.pdf
150,1,CONCESIÓN ALTO MAGDALENA S.A.S.,,CONSORCIO 4C,GP-15601,29/04/2022,Entrega informe mantenimientos primer y segundo año establecimiento de la medida compensatoria en cumplimiento de la Resolución 330 del 16 de febrero prorrogada con la Resolución 1449 del 30 de abril de 2018. Expediente 51703,15_04_Comunic_Recibidas/2022/CI004_GP-15601_070108_CON_0560_ENTREGA_INF_EXP_51703.pdf
151,5,,,CONSORCIO 4C,GP-15568,18/04/2022,REANUDACIÓN DE AUDIENCIA,15_04_Comunic_Recibidas/2022/CI004_GP-15568_050300_TRIBADMONCUND_SINNUMERO_REANUDA_AUDIENCIA.pdf
153,2,Agencia Nacional de Infraestructura,,CONSORCIO 4C,GP-15856,22/06/2022,"CVN31. Concesión Girardot Honda Puerto Salgar. Solicitud información Programa Especial Afectaciones y Cierres – PAFYCI. - Proyecto Girardot – Honda – Puerto Salgar, Contrato de Concesión 003 de 2014. Concesión Alto Magdalena S.A.S.",15_04_Comunic_Recibidas/2022/CI004_GP-15856_070300_ANI_018350-1_SCTUD_INFO_PROG_PAFYCI.pdf
152,1,CONCESIÓN ALTO MAGDALENA S.A.S.,,CONSORCIO 4C,GP-15705,19/05/2022,"Entrega Informe No. 7, Resolución 2129 del 30 de septiembre de 2015, UF 4.1 ""Por la cual se efectúa un Levantamiento Parcial de Veda y se toman otras determinaciones"", Exp. ATV 0272, DBBSE. EXPEDIENTE: LAV0004-00-2016.",15_04_Comunic_Recibidas/2022/CI004_GP-15705_070108_CON_0669_ENTREGA_INF_N7_RESOL_2129.pdf
155,8,Fiducia Pública,,CONSORCIO 4C,GP-15722,24/05/2022,Consignaciones FOSEVI *** Peaje Guataquí - Cambao - Brisas** P.A. Alto Magdalena,15_04_Comunic_Recibidas/2022/CI004_GP-15722_070208_FBTA_SINNUMERO_FOSEVI_ABR22.pdf
154,3,Agencia Nacional de Infraestructura,,CONSORCIO 4C,GP-16426,27/10/2022,"Respuesta a sus comunicados No. CI.004/0142/22/1, CI.004/0273/22/1 y CI.004/0316/22/1 con radicados ANI No. 20224090535692, 20224090535692 y 20224091016912, Actualización póliza Responsabilidad Civil Extracontractual Otrosí 7, 8 y 9. Proyecto Girardot-Honda-Puerto Salgar.",15_04_Comunic_Recibidas/2022/CI004_GP-16426_010000_ANI_034432-1_POLIZA_RCE_OTROSI_7_8_9.pdf
157,3,CONCESIÓN ALTO MAGDALENA S.A.S.,,CONSORCIO 4C,GP-16151,18/08/2022,Respuesta Auto DRAM No. 1078 del 1/08/2022 (ALMA-R-2022-1110). Expediente 51701,15_04_Comunic_Recibidas/2022/CI004_GP-16151_070108_CON_1216_RTA_AUTO_DRAM_1078_EXP_51701.pdf
156,2,Agencia Nacional de Infraestructura,,CONSORCIO 4C,GP-15892,24/06/2022,"Traslado de Derecho de Petición del Señor Milton Alveiro Muñoz Molina con radicado ANI No. 20224090615202 de 6 de junio del 2022. - Proyecto Girardot – Honda – Puerto Salgar, Contrato de Concesión 003 de 2014. Alto Magdalena S.A.S.",15_04_Comunic_Recibidas/2022/CI004_GP-15892_070109_ANI_018578-1_TRASLAD_DP_MMUÑOZ.pdf
158,7,CONCESIÓN ALTO MAGDALENA S.A.S.,,CONSORCIO 4C,GP-15404,07/03/2022,Respuesta comunicado CI.004/GP9796/22/7.3.1 (Rad. int ALMA-R-2022-0220) – Recomendaciones y acciones de mejora en materia de Operación y Mantenimiento de los peajes.,15_04_Comunic_Recibidas/2022/CI004_GP-15404_070301_CON_0341_ACCION_MEJORA_O&M_PEAJES.pdf
160,2,TRANS SURENCO S.A.S,,CONSORCIO 4C,GP-15678,14/05/2022,Ref. SOLICITUD PERMISO DE TRÁNSITO CERTIFICACIÓN DE PESO,15_04_Comunic_Recibidas/2022/CI004_GP-15678_070300_TRANSSURENCO_SINNUMERO_SCTUD_PASO.pdf
161,1,CONCESIÓN ALTO MAGDALENA S.A.S.,,CONSORCIO 4C,GP-16056,05/08/2022,Entrega Informe Gerencial Mensual N° 93 – julio 2022,15_04_Comunic_Recibidas/2022/CI004_GP-16056_070500_CON_1129_INF_MEN_N93_JUL22.pdf
159,3,CONCESIÓN ALTO MAGDALENA S.A.S.,ALMA-2022-1488,CONSORCIO 4C,GP-16386,13/10/2022,Cumplimiento obligación pago servicio de seguimiento y control ambiental. Auto DRAM No. 03226001208 de 26/08/2022 (Rad. Int. ALMA-R-2022-1256 del 30/08/2022). Expediente 51840,15_04_Comunic_Recibidas/2022/CI004_GP-16386_070108_CON_1488_PAG_SERV_SEG_AMB_EXP_51840.pdf
162,21,CONCESIÓN ALTO MAGDALENA S.A.S.,,CONSORCIO 4C,GP-15426,11/03/2022,Respuesta comunicación con radicado GS-2021-130319-DETOL – Solicitud equipos sistema back to back,15_04_Comunic_Recibidas/2022/CI004_GP-15426_070300_CON_0362_SCTUD_EQUIP_BACK_TO_BACK.pdf
163,2,CONCESION ALTO MAGDALENA S.A.S.,,CONSORCIO 4C,GP-15216,13/01/2021,Entrega Registro consolidado recuperación espacio público Diciembre 2021.,15_04_Comunic_Recibidas/2022/CI004_GP-15216_070109_CON_0044_ENTREG_REG_RECUP_ESPAC_PUB_DIC21.pdf
164,1,CONCESIÓN ALTO MAGDALENA S.A.S.,,CONSORCIO 4C,GP-15991,15/07/2022,"Solicitud aval predio Quinta Brasilia implementación propuesta de enriquecimiento vegetal en cumplimiento del permiso de levantamiento de veda otorgado por la Resolución 2602 del 18 de diciembre de 2015. Exp. ATV 0275, DBBSE.",15_04_Comunic_Recibidas/2022/CI004_GP-15991_070108_CON_1068_LEVAN_VEDA_RES_2602.pdf
165,6,Agencia Nacional de Infraestructura,,CONSORCIO 4C,GP-15478,29/03/2022,Solicitud de información Seguimiento Valoración Obligaciones Contingentes con corte a febrero de 2022. Contrato de Concesión No. 003 de 2014 – Proyecto Girardot – Honda – Puerto Salgar. Concesión Alto Magdalena S.A.S.,15_04_Comunic_Recibidas/2022/CI004_GP-15478_070200_ANI_008448-1_SCTUD_INFO_OBLIGA_CONTING.pdf
166,2,MINISTERIO DE TRANSPORTE / AGENCIA NACIONAL DE INFRAESTRUCTURA (ANI),,CONSORCIO 4C,GP-16268,16-09-2022,"Solicitud de información estado de avance en la ejecución de la inversión forzosa de no menos del 1%. Contrato de Concesión N° 003 de 2014, proyecto Honda – Puerto Salgar – Girardot.",15_04_Comunic_Recibidas/2022/CI004_GP-16268_070108_ANI_029132-1_SCTUD_INFO_AVANCE_INVER.pdf
168,1,CONCESIÓN ALTO MAGDALENA S.A.S.,,CONSORCIO 4C,GP-15494,01/04/2022,"Alcance comunicado ALMA-2022-0201 – Informe de avance reparaciones pavimento UF4, para dar cumplimiento a indicadores, con corte a marzo de 2022.",15_04_Comunic_Recibidas/2022/CI004_GP-15494_070303_CON_0443_INF_REPARA_PAVI_UF4.pdf
169,6,Agencia Nacional de Infraestructura,,CONSORCIO 4C,GP-16249,15/09/2022,"Respuesta a sus comunicados No. ALMA-2022-0718 y ALMA-2022-1168 con radicados ANI No. 20224090584302 y 20224090894782 respectivamente, Aprobación Cuenta de Cobro No. 5 Contingencia Redes. Proyecto Girardot-Honda-Puerto Salgar. Contrato de Concesión No. 003 de 2014. Concesión Alto Magdalena S.A.S. No. de radicado al que responde: 20224090584302 y 20224090894782.",15_04_Comunic_Recibidas/2022/CI004_GP-16249_070115-070201_ANI_028810-1_CTA_COBRO_N5_REDES.pdf
167,6,CONCESIÓN ALTO MAGDALENA S.A.S.,,CONSORCIO 4C,GP-15235,21/01/2022,Respuesta comunicado CI.004/GP9521/21/7.1.4 (Rad. Int. ALMA-R-2021-1562 – 30/10/2021). Operación y Mantenimiento de las Áreas Contractuales.,15_04_Comunic_Recibidas/2022/CI004_GP-15235_070104_CON_0066_O&M_AREAS_CONTRACTUAL.pdf
170,2,CONCESIÓN ALTO MAGDALENA S.A.S.,ALMA-2022-0184,CONSORCIO 4C,GP-15309,04/02/2022,Cumplimiento obligación pago servicio de seguimiento y control ambiental. Auto DRAM 03216000668 del 12/07/2021 (Rad. Interno ALMA-R-2021-1827 del 06/12/2021). Expediente 52175,15_04_Comunic_Recibidas/2022/CI004_GP-15309_070108_CON_0184_PAG_SEG_AMB_EXP_52175.pdf
171,2,CONCESIÓN ALTO MAGDALENA S.A.S.,,CONSORCIO 4C,GP-15422,11/03/2022,Solicitud reunión socialización Auto No. 09099 del 16 de septiembre de 2020 Etapa de Desmantelamiento y Abandono. Expediente LAV 0063-00-2015,15_04_Comunic_Recibidas/2022/CI004_GP-15422_070108_CON_0352_DESMANTE_ABANDONO_AUTO_09099.pdf
172,2,CONCESIÓN ALTO MAGDALENA S.A.S.,,CONSORCIO 4C,GP-16197,30/08/2022,Respuesta Petición 24/08/2022 – ALMA-4-0034 – Proceso de Expropiación Judicial 2019-00197,15_04_Comunic_Recibidas/2022/CI004_GP-16197_070404_CON_1281_PROCE_EXPRO_JUDICIAL_2019-00197.pdf
173,1,CONCESIÓN ALTO MAGDALENA S.A.S.,,CONSORCIO 4C,GP-16326,04/10/2022,Respuesta comunicación CI.004/GP10216/22/7.1.8 (Rad. Int- ALMA-R-2022-1243) del 29 de agosto de 2022. Observaciones informes avance medida compensatoria y pagos por servicio de seguimiento y control,15_04_Comunic_Recibidas/2022/CI004_GP-16326_070108_CON_1440_OBS_INF_MED_COMPENSA.pdf
174,1,MINISTERIO DE TRANSPORTE,20225000000394,CONSORCIO 4C,GP-16321,30/09/2022,IMPLEMENTACION RESOLUCIÓN 20213040051695 del 29 de octubre de 2021,15_04_Comunic_Recibidas/2022/CI004_GP-16321_070301_ANI_000039-4_IMP_RESOL_20213040051695.pdf
175,2,,,CONSORCIO 4C,GP-15687,14/05/2022,Respuesta a su radicado No. CI.004/GP9897/22/9.2 y CI.004/GP9898/22/9.2 con los radicados ANI No. 20224090396442 y No. 20224090404142 del 08 de abril de 2022 - Aprobación Informe de Interventoría No. 89 correspondiente al 01 al 30 de marzo de 2022 – Contrato de Interventoría 145 de 2014 - Proyecto Girardot - Honda - Puerto Salgar.,15_04_Comunic_Recibidas/2022/CI004_GP-15687_090200_ANI_013732-1_APROBA_INF_MEN_N89_MAR22.pdf
176,2,CONCESIÓN ALTO MAGDALENA S.A.S.,,CONSORCIO 4C,GP-15732,25/05/2022,Cuenta de Cobro No.5 Aportes Contingencia Subcuenta Redes,15_04_Comunic_Recibidas/2022/CI004_GP-15732_050300-070115_CON_0718_CTA_COBRO_N5_SUBCTA_REDES.pdf
177,1,CONCESIÓN ALTO MAGDALENA S.A.S.,,CONSORCIO 4C,GP-16080,11/08/2022,"Remisión listado formatos seguimientos PQRS UF2, para su respectiva revisión.",15_04_Comunic_Recibidas/2022/CI004_GP-16080_070109_CON_1144_FOR_SEG_PQRS_UF2.pdf
178,1,CONCESION ALTO MAGDALENA S.A.S,,CONSORCIO 4C,GP-15240,24/01/2022,Memoria Técnica noviembre de 2021,15_04_Comunic_Recibidas/2022/CI004_GP-15240_070500_CON_0072_MEMO_TEC_NOV21.pdf
179,1,Agencia Nacional de Infraestructura,,CONSORCIO 4C,GP-16208,01/09/2022,Respuesta a su comunicado ALMA-2022-1248 con radicado ANI No. 20224090954492 – aprobación Informe Gerencial No. 92. - Proyecto Girardot – Honda – Puerto Salgar. Contrato de Concesión 003 de 2014. Concesión Alto Magdalena S.A.S.,15_04_Comunic_Recibidas/2022/CI004_GP-16208_070500_ANI_026761-1_APROBA_INF_MEN_N92.pdf
180,67,CONCESIÓN ALTO MAGDALENA S.A.S.,,CONSORCIO 4C,GP-16182,24/08/2022,Respuesta comunicado CI.004/GP10133/22/7.5 (Rad. int ALMA-R-2022-1068 – 25/07/2022). Devolución del Informe Gerencial Mensual No. 92 de Junio 2022.,15_04_Comunic_Recibidas/2022/CI004_GP-16182_070500_CON_1248_DEV_INF_MEN_N92_JUN22.pdf
181,4,Agencia Nacional de Infraestructura,20223040282651,CONSORCIO 4C,GP-16233,12/09/2022,Aprobación del aseguramiento del permiso otorgado mediante la Resolución No. 20223040009765 del 19 de julio de 2022. / Radicado No. 20224090902682 del 16 de agosto de 2022,15_04_Comunic_Recibidas/2022/CI004_GP-16233_070114_ANI_028265-1_APROBA_PERMISO_EPM.pdf
182,2,CONCESIÓN ALTO MAGDALENA S.A.S.,,CONSORCIO 4C,GP-15661,11/05/2022,"Entrega soporte pago seguimiento integral, en cumplimiento artículo primero del Auto ANLA 02582 del 21 abril de 2022. Expediente LAV0068-00-2015.",15_04_Comunic_Recibidas/2022/CI004_GP-15661_070108_CON_0638_SOPORT_PAG_SEG_INTEGRAL.pdf
184,3,CONCESIÓN ALTO MAGDALENA S.A.S.,,CONSORCIO 4C,GP-16317,23/09/2022,"Solicitud de protección y liberación de bienes de uso público en el PR 26+950 costado derecho, Ruta Nacional 4510 vía Honda – La Dorada.",15_04_Comunic_Recibidas/2022/CI004_GP-16317_070300_CON_1409_LIBERA_BIEN_USO_PUB_PR26.pdf
185,3,CONCESIÓN ALTO MAGDALENA S.A.S.,ALMA-R-2022-1128,CONSORCIO 4C,GP-16264,15/09/2022,"Respuesta radicado int. ALMA-R-2022-1128 - revisión condiciones de estabilidad sitio PR 38+250, según petición de la Alcaldía de Guataquí",15_04_Comunic_Recibidas/2022/CI004_GP-16264_070108_CON_1375_CONDI_ESTABILID_PR38+250.pdf
183,48,CONCESIÓN ALTO MAGDALENA S.A.S.,,CONSORCIO 4C,GP-15692,20/05/2022,Entrega Plan de Manejo de Tráfico por cierres temporales de la vía. Obras de pilotaje para recuperación de la banca en PR66+800 RN4508 Unidad Funcional 3,15_04_Comunic_Recibidas/2022/CI004_GP-15692_070110-070111_CON_0678_PMT_CIERRES_TEMP_PR66+800.pdf
189,2,,,CONSORCIO 4C,GP-16089,,,15_04_Comunic_Recibidas/2022/CI004_GP-16089_070300_GLOBALLOGIS_SINNUMERO_SCTUD_PASO.pdf
190,1,,,CONSORCIO 4C,GP-16257,5 de septiembre de 2022,,15_04_Comunic_Recibidas/2022/CI004_GP-16257_070108_CON_1359_INF_MED_COMPENSA_EXP_51995.pdf
191,1,,,CONSORCIO 4C,GP-15815,5 de junio de 2022,,15_04_Comunic_Recibidas/2022/CI004_GP-15815_070108_CON_0822_SEG_RAD_04844_PERMI_LEV_VEDA.pdf
192,1,,,CONSORCIO 4C,GP-15828,,,15_04_Comunic_Recibidas/2022/CI004_GP-15828_070210_CON_0895_ACTA_RETRIBU_UF4_FEB22.pdf
193,2,,,CONSORCIO 4C,GP-15944,6 de julio de 2022,,15_04_Comunic_Recibidas/2022/CI004_GP-15944_070108_CON_1013_PAG_SEG_CTROL_AMB_EXP_51700.pdf
194,4,,,CONSORCIO 4C,GP-15894,4 de junio de 2022,,15_04_Comunic_Recibidas/2022/CI004_GP-15894_050300_FONTUR_SINNUMERO_CERTIFI_PAZ_SALVO.pdf
186,2,CONCESIÓN ALTO MAGDALENA S.A.S.,,CONSORCIO 4C,GP-16404,25/10/2022,Informe Semanal del Evento eximente de responsabilidad de los predios ALMA-2-0163 y ALMA-5-0013-1.,15_04_Comunic_Recibidas/2022/CI004_GP-16404_050300-070400_CON_1536_INF_EER_PREDIOS.pdf
195,2,,,CONSORCIO 4C,GP-15391,3 de febrero de 2022,,15_04_Comunic_Recibidas/2022/CI004_GP-15391_050300_CON_0318_PAG_POLIZAS_IPC_DIC21.pdf
196,4,,,CONSORCIO 4C,GP-16031,,,15_04_Comunic_Recibidas/2022/CI004_GP-16031_070109_CON_1106_ADECUA_ACCESO_K29+250.pdf
197,1,,,CONSORCIO 4C,GP-15548,1 de abril de 2022,,15_04_Comunic_Recibidas/2022/CI004_GP-15548_070108_CON_0502_ENTREG_INF_EXP_51510.pdf
187,2,GLOBAL LOGISTICA DE TRANSPORTE S.A.S.,,CONSORCIO 4C,GP-16055,13/10/2021,NOTIFICACION MOVILIZACION CARGA EXTRADIMENSIONADA Y/O EXTRAPESADA REF: CARTA DE PORTE Y PESO,15_04_Comunic_Recibidas/2022/CI004_GP-16055_070300_GLOBALLOGIS_SINNUMERO_SCTUD_PASO.pdf
198,1,,,CONSORCIO 4C,GP-16016,,,15_04_Comunic_Recibidas/2022/CI004_GP-16016_070114_ANI_022367-1_CONCEP_TEC_EDS_CEIBA.pdf
199,1,,,CONSORCIO 4C,GP-15377,,,15_04_Comunic_Recibidas/2022/CI004_GP-15377_070210_CON_0294_ACTAS_RETRIBU_DIC21_UF1_2_3_4_5.pdf
201,1,,,CONSORCIO 4C,GP-15483,1 de marzo de 2022,,15_04_Comunic_Recibidas/2022/CI004_GP-15483_070300_CON_0432_SCTUD_EVALUA_USUARIO_2SEM21.pdf
202,2,,,CONSORCIO 4C,GP-15421,10 de marzo de 2022,,15_04_Comunic_Recibidas/2022/CI004_GP-15421_070202_FBTA_SINNUMERO_ESTAD_FINAN_AUDITA_DIC21.pdf
200,4,,,CONSORCIO 4C,GP-15697,9 de mayo de 2022,,15_04_Comunic_Recibidas/2022/CI004_GP-15697_070108-070400_CON_0671_SCTUD_AREAS_REMANENTES.pdf
203,2,,,CONSORCIO 4C,GP-15525,,,15_04_Comunic_Recibidas/2022/CI004_GP-15525_050300_TRIBADMONCUND_SINNUMERO_CONVO_AUDIENCIA.pdf
188,2,CONCESIÓN ALTO MAGDALENA S.A.S.,,CONSORCIO 4C,GP-15540,11/04/2022,Respuesta comunicación CI.004/GP9876/22/7.1.10 (Rad. Int. ALMA-R-2022-0372 del 17/03/2022) Soportes Pago Seguridad Social y Salarios 2021 y 2022.,15_04_Comunic_Recibidas/2022/CI004_GP-15540_070110_CON_0493_PAG_SEGYSAL_2021_2022.pdf
204,1,,,CONSORCIO 4C,GP-15549,1 de abril de 2022,,15_04_Comunic_Recibidas/2022/CI004_GP-15549_070108_CON_0503_ENTREG_INF_EXP_51513.pdf
205,2,,,CONSORCIO 4C,GP-15694,,,15_04_Comunic_Recibidas/2022/CI004_GP-15694_070109_ANI_014239-1_SCTUD_CONCEJO_MPAL_DORADA.pdf
206,2,,,CONSORCIO 4C,GP-15593,,,15_04_Comunic_Recibidas/2022/CI004_GP-15593_050300_TRIBADMONCUND_SINNUMERO_REANUDA_AUDIENCIA.pdf
209,1,,,CONSORCIO 4C,GP-15204,,,15_04_Comunic_Recibidas/2022/CI004_GP-15204_070500_ANI_000129-1_INF_MEN_N85.pdf
208,2,,,CONSORCIO 4C,GP-16127,8 de agosto de 2022,,15_04_Comunic_Recibidas/2022/CI004_GP-16127_070108_CON_1192_PAG_SERV_CTROL_AMB_EXP_51760.pdf
207,1,,,CONSORCIO 4C,GP-15241,,,15_04_Comunic_Recibidas/2022/CI004_GP-15241_070109_CON_0076_REITERA_BIEN_USO_PUB_K26+200.pdf
210,2,,,CONSORCIO 4C,GP-16105,2 de agosto de 2022,,15_04_Comunic_Recibidas/2022/CI004_GP-16105_070108_CON_1165_CUMPLI_RESOL_2881_EXP_61525.pdf
212,2,,,CONSORCIO 4C,GP-16275,,,15_04_Comunic_Recibidas/2022/CI004_GP-16275_070114_ANI_029508-1_PERMISO_EMPOCALDAS.pdf
211,2,,,CONSORCIO 4C,GP-15799,9 de junio de 2022,,15_04_Comunic_Recibidas/2022/CI004_GP-15799_070108_CON_0802_VISITA_OCUP_CAUCE_CIERRE_25_EXP.pdf
213,1,,,CONSORCIO 4C,GP-15230,,,15_04_Comunic_Recibidas/2022/CI004_GP-15230_070300_MOVITRAM_SINNUMERO_SCTUD_PASO.pdf
214,6,,,CONSORCIO 4C,GP-16012,8 de Julio de 2022,,15_04_Comunic_Recibidas/2022/CI004_GP-16012_070202_CON_1090_ALC_FOR_GCSP_F001_JUN22.pdf
215,2,,,CONSORCIO 4C,GP-15829,7 de junio de 2022,,15_04_Comunic_Recibidas/2022/CI004_GP-15829_070108_CON_0894_REU_SOCIALIZA_AUTO_04314.pdf
216,4,,,CONSORCIO 4C,GP-15242,,,15_04_Comunic_Recibidas/2022/CI004_GP-15242_050300_CON_0077_REITERA_PLAZ_CURA_ESP_TEC_UF5.pdf
217,1,,,CONSORCIO 4C,GP-16353,,,15_04_Comunic_Recibidas/2022/CI004_GP-16353_010000_ANI_032650-1_REMISION_OTROSI_10.pdf
218,1,,,CONSORCIO 4C,GP-16279,7 de junio de 2022,,15_04_Comunic_Recibidas/2022/CI004_GP-16279_070108_CON_0891_MED_COMPENSA_EXP_52291.pdf
221,1,,,CONSORCIO 4C,GP-16259,5 de septiembre de 2022,,15_04_Comunic_Recibidas/2022/CI004_GP-16259_070108_CON_1361_INF_MED_COMPENSA_EXP_52008.pdf
220,2,,,CONSORCIO 4C,GP-16199,,,15_04_Comunic_Recibidas/2022/CI004_GP-16199_090300_CON_1291_OBS_PLANOS_RECORD_V9.pdf
219,12,,,CONSORCIO 4C,GP-15495,1 de abril de 2022,,15_04_Comunic_Recibidas/2022/CI004_GP-15495_050300-070500_CON_0445_OBS_PLANOS_RECORD.pdf
222,1,,,CONSORCIO 4C,GP-15193,,,15_04_Comunic_Recibidas/2022/CI004_GP-15193_070108_CON_0019_INF_TEC_SILVICULT_EXP_51489.pdf
225,1,CONCESIÓN ALTO MAGDALENA S.A.S.,,CONSORCIO 4C,GP-16174,24/08/2022,"Remisión Actas de retribución UF1 de marzo, abril, mayo, junio y julio del 2022",15_04_Comunic_Recibidas/2022/CI004_GP-16174_070201_CON_1242_ACTAS_RETRIBU_UF1_MAR-JUL22.pdf
223,2,CONCESION ALTO MAGDALENA S.A.S.,,CONSORCIO 4C,GP-15274,01/02/2022,"Entrega resultados, Encuesta Semestral de Evaluación al Sistema de Atención al Usuario de Concesión Alto Magdalena para el segundo semestre del año 2021.",15_04_Comunic_Recibidas/2022/CI004_GP-15274_070402_CON_0141_ENTREG_RESULT_2021.pdf
226,2,CONCESIÓN ALTO MAGDALENA S.A.S.,,CONSORCIO 4C,GP-16363,14/10/2022,Respuesta oficio CAR 04222003432 (ALMA-R-2022-1323 - 13-09-2022) Resolución DJUR No. 01317 del 13 de septiembre de 2022 e informe de fecha proyectada para realizar las obras en la Quebrada Madrigal. Expediente 89603,15_04_Comunic_Recibidas/2022/CI004_GP-16363_070108_CON_1506_INF_QUEBRADA_MADRIGAL.pdf
224,2,CONCESIÓN ALTO MAGDALENA S.A.S.,,CONSORCIO 4C,GP-15329,09/02/2022,Alcance radicados CAR 20211218115 del 28/12/2021 y CAR 20211218455 del 29/12/2021 (Rad. Int. ALMA-2021-1876). Solicitud permiso de ocupación de cauce por gestión de riesgo en el sitio crítico localizado en el PR 66+820 UF 3 Ruta Nacional 45-08 vía Beltrán – Guataquí.,15_04_Comunic_Recibidas/2022/CI004_GP-15329_070108_CON_0204_GEST_RIESG_PR66+820_UF3.pdf
227,1,CONCESIÓN ALTO MAGDALENA S.A.S.,,CONSORCIO 4C,GP-16440,31/10/2022,"Remisión Actas de retribución UF1, UF2, UF3 y UF4 correspondiente al mes de septiembre del 2022",15_04_Comunic_Recibidas/2022/CI004_GP-16440_070210_CON_1566_ACTAS_RETRIBU_UF1_2_3_4_SEP22.pdf
228,1,Agencia Nacional de Infraestructura,20224090835892,CONSORCIO 4C,GP-16025,29/07/2022,Segundo requerimiento para continuar con el trámite del permiso solicitado por JOSE ARLEX OSORIO identificado con C.C. 83.165.404 de Tarqui - Huila/ Girardot – Honda – Puerto Salgar / Expediente No. 20213040280200192E,15_04_Comunic_Recibidas/2022/CI004_GP-16025_070114_ANI_022514-1_SCTUD_PERMI_JOSE_OSORIO.pdf
229,5,CONCESIÓN ALTO MAGDALENA S.A.S.,,CONSORCIO 4C,GP-15460,24/03/2022,Comunicación CI.004/GP9788/22/5.3-7.3 (ALMA-R-2022-0192). “Solicitud de solución a la controversia surgida relacionada con la iluminación de las intersecciones viales”,15_04_Comunic_Recibidas/2022/CI004_GP-15460_050300-070300_CON_0407_ILUMINA_INTER_VIALES.pdf
230,1,Agencia Nacional de Infraestructura,,CONSORCIO 4C,GP-15968,07/07/2022,Respuesta a su comunicado No. ALMA-2022-0893 con radicado ANI No. 20224090678412; Negativa por parte de la Interventoría de realizar el reconocimiento y pago de las actividades de elaboración de planos record para el traslado de redes del Proyecto. Contrato de Concesión 003 de 2014. Proyecto Girardot-Honda-Puerto Salgar. Concesión Alto Magdalena S.A.S.,15_04_Comunic_Recibidas/2022/CI004_GP-15968_070115_ANI_019913-1_NEG_PAG_PLANOS_RECORD.pdf
232,1,CONCESIÓN ALTO MAGDALENA S.A.S.,,CONSORCIO 4C,GP-15632,04/05/2022,"Solicitud mesa de trabajo, revisión problemática presencia de residuos del Relleno Sanitario Praderas del Magdalena sobre la vía Girardot – Cambao.",15_04_Comunic_Recibidas/2022/CI004_GP-15632_070300_CON_0593_MESA_TRABAJ_PROBLEMA_PR14.pdf
231,2,Agencia Nacional de Infraestructura,20224090517552,CONSORCIO 4C,GP-15731,25/05/2022,"Traslado solicitud sobre las glorietas en el municipio de la Dorada-Caldas; con radicado ANI No. 20224090517552 del 10 de mayo del 2022. - Proyecto Girardot – Honda – Puerto Salgar, Contrato de Concesión 003 de 2014. Concesión Alto Magdalena S.A.S.",15_04_Comunic_Recibidas/2022/CI004_GP-15731_070109_ANI_015026-1_SCTUD_GLORIETAS_DORADA.pdf
234,1,CONCESIÓN ALTO MAGDALENA S.A.S.,,CONSORCIO 4C,GP-15658,10/05/2022,Informe trimestral Socio - Ambiental 30– Componente Social,15_04_Comunic_Recibidas/2022/CI004_GP-15658_070109_CON_0631_INF_TRIM_SOCIAL_N30.pdf
233,1,CONCESION ALTO MAGDALENA S.A.S.,,CONSORCIO 4C,GP-15209,05/01/2022,Respuesta Auto DRAM No. 03216001523 del 3 de diciembre de 2021. Expediente 60700.,15_04_Comunic_Recibidas/2022/CI004_GP-15209_070108_CON_0030_RTA_AUTO_DRAM_03216001523.pdf
236,4,CONCESIÓN ALTO MAGDALENA S.A.S.,,CONSORCIO 4C,GP-15561,12/04/2022,Pagos FONSECON Ley 1106 de 2016 - Marzo 2022.,15_04_Comunic_Recibidas/2022/CI004_GP-15561_070201_CON_0518_PAG_FONSECON_MAR22.pdf
235,14,CONCESIÓN ALTO MAGDALENA S.A.S.,,CONSORCIO 4C,GP-15778,07/06/2022,"Respuesta comunicado radicado CI.004/GP9930/22/7.3.3 (ALMA-R-2022-0506) Resultado Evaluación del Nivel de Servicio E16 en Unidades Funcionales 1, 2 y 4 – Año 2022- Semestre I.",15_04_Comunic_Recibidas/2022/CI004_GP-15778_070303_CON_0774_NIVEL_SERVI_E16_UF1_2_4.pdf
237,2,CONCESIÓN ALTO MAGDALENA S.A.S.,ALMA-2022-1188,CONSORCIO 4C,GP-16123,18/08/2022,Cumplimiento obligación pago servicio de seguimiento y control ambiental. Auto DRAM 03226000680 de 31/05/2022 (Rad. Int. ALMA-R-2022-0962 del 08/07/2022). Expediente 51902,15_04_Comunic_Recibidas/2022/CI004_GP-16123_070108_CON_1188_PAG_SERV_CTROL_AMB_EXP_51902.pdf
238,2,CONCESIÓN ALTO MAGDALENA S.A.S.,,CONSORCIO 4C,GP-15445,22/03/2022,Entrega Informe No. 10. Resolución No. 2601 del 18 de diciembre de 2015 Unidad Funcional 4 subsector 2. Expediente ATV 0276.,15_04_Comunic_Recibidas/2022/CI004_GP-15445_070108_CON_0371_ENTREG_INF_N10_RES_2601.pdf
239,1,AGENCIA NACIONAL DE INFRAESTRUCTURA - ANI,,CONSORCIO 4C,GP-16304,27/09/2022,Respuesta a su comunicado ALMA-2022-1330 con radicado ANI No. 20224091013202 – aprobación Informe Gerencial No. 94. - Proyecto Girardot – Honda – Puerto Salgar. Contrato de Concesión 003 de 2014. Concesión Alto Magdalena S.A.S.,15_04_Comunic_Recibidas/2022/CI004_GP-16304_070500_ANI_030291-1_APROBA_INF_MEN_N94.pdf
240,2,Agencia Nacional de Infraestructura,,CONSORCIO 4C,GP-15811,13/06/2022,"Traslado solicitud Alcaldía de la Dorada-Caldas; Intervención mediante estrategia “Espacios Educadores” con radicado ANI No. 20224090606402. - Proyecto Girardot – Honda – Puerto Salgar, Contrato de Concesión 003 de 2014. Alto Magdalena S.A.S.",15_04_Comunic_Recibidas/2022/CI004_GP-15811_070100_ANI_017355-1_TRASLAD_ALCALDIA_DORADA.pdf
241,1,CONCESIÓN ALTO MAGDALENA S.A.S.,ALMA-2022-0137,CONSORCIO 4C,GP-15270,31/01/2022,Entrega Informe Anual 2021,15_04_Comunic_Recibidas/2022/CI004_GP-15270_070500_CON_0137_INF_ANUAL_21.pdf
243,1,Fiduciaria Bogotá,,CONSORCIO 4C,GP-16226,06/09/2022,Confirmación independiente de cuentas por pagar al 30 de junio de 2022,15_04_Comunic_Recibidas/2022/CI004_GP-16226_070200_FBTA_SINNUMERO_SCTUD_INF_REV_FISCAL_PWC.pdf
242,24,CONCESIÓN ALTO MAGDALENA S.A.S.,ALMA-2022-1246,CONSORCIO 4C,GP-16181,24/08/2022,Respuesta comunicado 20223110231831 (Rad. Int. ALMA-R-2022-1126) del 03/08/2022. Solicitud atención requerimiento Supertransporte No. 20227300260911 rad. ANI No. 20224090499312; Implementación del sistema de Interoperabilidad de Peajes con Recaudo Electrónico Vehicular (IP/REV).,15_04_Comunic_Recibidas/2022/CI004_GP-16181_070301_CON_1246_IMPLEMENTA_SISTEMA_IP-REV.pdf
245,1,CONCESIÓN ALTO MAGDALENA S.A.S.,,CONSORCIO 4C,GP-15506,01/04/2022,"Entrega informe de los mantenimientos realizados en el primer año, segundo año y tercer año del establecimiento de la medida compensatoria en cumplimiento de la Resolución 2360 del 3 de noviembre de 2015 prorrogada con la Resolución 1296 del 10 de junio del 2016. Expediente 51482",15_04_Comunic_Recibidas/2022/CI004_GP-15506_070108_CON_0451_ENTREG_INF_EXP_51482.pdf
246,1,Fiduciaria Bogotá S.A.,FID - INTV 0124,CONSORCIO 4C,GP-16102,16/08/2022,INFORME MENSUAL DEL 1 AL 31 DE JULIO DE 2022 FIDEICOMISO FIDUBOGOTA–CONCESION ALTO MAGDALENA 3-1- 63664,15_04_Comunic_Recibidas/2022/CI004_GP-16102_070202_FBTA_FID-INTV0124_INF_MEN_JUL22.pdf
247,3,CONCESIÓN ALTO MAGDALENA S.A.S.,,CONSORCIO 4C,GP-16045,09/06/2022,Entrega informe mantenimientos primer y segundo año de la medida compensatoria en cumplimiento de la Resolución 2434 del 11 de septiembre de 2017. Expediente 61893,15_04_Comunic_Recibidas/2022/CI004_GP-16045_070108_CON_0795_INF_MEDIDA_COMPENSA_EXP_61893.pdf
244,1,Agencia Nacional de Infraestructura,,CONSORCIO 4C,GP-16207,01/09/2022,Respuesta a su radicado No CI.004/GP10159/22/9.2 y CI.004/GP10158/22/9.2 con los radicados ANI No. 20224090879732 y No. 20224090877732 del 09 de agosto de 2022 - Aprobación Informe de Interventoría No. 93 correspondiente al 01 al 31 de julio de 2022 – Contrato de Interventoría 145 de 2014 - Proyecto Girardot - Honda - Puerto Salgar.,15_04_Comunic_Recibidas/2022/CI004_GP-16207_090200_ANI_026816-1_APROBA_INF_MEN_N93.pdf
249,2,MOVITRAM,,CONSORCIO 4C,GP-16011,23/07/2022,Certificación de peso y Solicitud de paso,15_04_Comunic_Recibidas/2022/CI004_GP-16011_070300_MOVITRAM_SINNUMERO_SCTUD_PASO.pdf
248,1,CONCESIÓN ALTO MAGDALENA S.A.S.,,CONSORCIO 4C,GP-15296,02/02/2022,Entrega Décimo cuarta Actualización Plan de Compensaciones enero 2022,15_04_Comunic_Recibidas/2022/CI004_GP-15296_070402_CON_0169_PLAN_COMPENSA_ENE22.pdf
250,3,Agencia Nacional de Infraestructura - ANI,,CONSORCIO 4C,GP-16371,19/10/2022,NOTIFICACIÓN POR MEDIO ELECTRÓNICO Resolución No. 1671 de 2022,15_04_Comunic_Recibidas/2022/CI004_GP-16371_070114_ANI_001671-5_RES_1671_PERMISO_EMPOCALDAS.pdf
251,4,Agencia Nacional de Infraestructura,,CONSORCIO 4C,GP-15962,07/07/2022,Respuesta a comunicado No. CI.004/GP10003/22/7.1.15-7.2.1 con radicado ANI No. 20224090579562 – Consulta sobre el reconocimiento y pago de “Elaboración de Planos Récord” a través de los recursos de la Subcuenta Redes – Contrato de Interventoría 145 de 2014 - Proyecto Girardot - Honda - Puerto Salgar.,15_04_Comunic_Recibidas/2022/CI004_GP-15962_070115-070201_ANI_019772-1_PAG_PLANOS_RECORD.pdf
252,2,CONCESIÓN ALTO MAGDALENA S.A.S.,,CONSORCIO 4C,GP-15943,06/07/2022,Cumplimiento de la obligación de pago por el servicio de seguimiento y control ambiental. Auto DRAM 03226000467 de 25/04/2022 (Rad. Interno ALMA-R-2022-0701 del 26/05/2022). Expediente 61893.,15_04_Comunic_Recibidas/2022/CI004_GP-15943_070108_CON_1012_PAG_SEG_CTROL_AMB_EXP_61893.pdf
253,1,CONCESIÓN ALTO MAGDALENA S.A.S.,,CONSORCIO 4C,GP-16156,19/08/2022,"Remisión listado formatos seguimientos PQRS UF3, para su respectiva revisión.",15_04_Comunic_Recibidas/2022/CI004_GP-16156_070109_CON_1234_FOR_SEG_PQRS_UF3.pdf
254,1,CONCESIÓN ALTO MAGDALENA S.A.S.,,CONSORCIO 4C,GP-16205,02/09/2022,Respuesta comunicación ALMA-R-2022-1199 - Revisión Informe Final Otrosí No. 9.,15_04_Comunic_Recibidas/2022/CI004_GP-16205_070400_CON_1305_REV_INF_FINAL_OTROSI_9.pdf
255,3,CONCESIÓN ALTO MAGDALENA S.A.S.,,CONSORCIO 4C,GP-15945,06/07/2022,Cumplimiento de la obligación de pago por el servicio de seguimiento y control ambiental. Auto DRAM 03226000710 de 06/06/2022 (Rad. Interno ALMA-R-2022-0807 del 10/06/2022). Expediente 51725.,15_04_Comunic_Recibidas/2022/CI004_GP-15945_070108_CON_1014_PAG_SEG_CTROL_AMB_EXP_51725.pdf
257,4,CONCESION ALTO MAGDALENA S.A.S.,ALMA-2022-0231,CONSORCIO 4C,GP-15345,14/02/2022,Pagos FONSECON Ley 1106 de 2016 - Enero 2022.,15_04_Comunic_Recibidas/2022/CI004_GP-15345_070201_CON_0231_PAG_FONSECON_ENE22.pdf
256,1,CONCESIÓN ALTO MAGDALENA S.A.S.,,CONSORCIO 4C,GP-15917,28/06/2022,"Entrega Informe trimestral No. 23 periodo enero - marzo 2022, en cumplimiento a las obligaciones del componente biótico. Expediente LAV0004-00-2016.",15_04_Comunic_Recibidas/2022/CI004_GP-15917_070108_CON_0965_ENTREGA_INF_TRIM_AMB_N23.pdf
258,1,CONCESIÓN ALTO MAGDALENA S.A.S.,,CONSORCIO 4C,GP-15477,22/03/2022,Entrega Informe Cumplimiento Ambiental N°10. Expediente: LAV0068-00-2015.,15_04_Comunic_Recibidas/2022/CI004_GP-15477_070108_CON_0382_ENTREG_ICA_N10.pdf
259,3,Agencia Nacional de Infraestructura - ANI,,CONSORCIO 4C,GP-16236,13/09/2022,NOTIFICACIÓN POR MEDIO ELECTRÓNICO Resolución No. 1381 de 2022,15_04_Comunic_Recibidas/2022/CI004_GP-16236_070114_ANI_001381-5_RESOL_1381_2022.pdf
260,1,CONCESIÓN ALTO MAGDALENA S.A.S.,,CONSORCIO 4C,GP-16416,27/10/2022,Entrega informe mantenimientos primer y segundo año medida compensatoria en cumplimiento de la Resolución 433 del 25/02/2016 modificada con la Resolución 3774 del 30/11/2017. Expediente 51893,15_04_Comunic_Recibidas/2022/CI004_GP-16416_070108_CON_1550_MEDIDA_COMPENSA_EXP_51893.pdf
261,4,CONCESION ALTO MAGDALENA S.A.S.,,CONSORCIO 4C,GP-15265,31/01/2022,Respuesta oficio CI.004/GP9736/22/7.1.9 (rad. Int ALMA-R-2022-0065 del 17/01/2022)- Seguimiento programa de atención al usuario. Revisión PQRS UF4.,15_04_Comunic_Recibidas/2022/CI004_GP-15265_070402_CON_0132_SEG_REVISION_PQRS_UF4.pdf
262,1,Agencia Nacional de Infraestructura,,CONSORCIO 4C,GP-15938,05/07/2022,"Traslado solicitud con radicado ANI No. ANI No. 20224090691042, por parte del peticionario Denis Piñeros Martínez propietario del predio ubicado en el Municipio de Guataqui, vereda las islas, kilómetro 32 - Proyecto Girardot – Honda – Puerto Salgar, Contrato de Concesión 003 de 2014. Concesión Alto Magdalena S.A.S.",15_04_Comunic_Recibidas/2022/CI004_GP-15938_070109_ANI_019524-1_TRASLAD_SCTUD_DPIÑEROS.pdf
263,1,Agencia Nacional de Infraestructura,,CONSORCIO 4C,GP-16013,27/07/2022,Respuesta a su comunicado ALMA-2022-1033 con radicado ANI No. 20224090805722 – Devolución Informe Gerencial No. 92. - Proyecto Girardot – Honda – Puerto Salgar. Contrato de Concesión 003 de 2014. Concesión Alto Magdalena S.A.S.,15_04_Comunic_Recibidas/2022/CI004_GP-16013_070500_ANI_022244-1_DEV_INF_MEN_N92.pdf
264,1,CONCESIÓN ALTO MAGDALENA S.A.S.,,CONSORCIO 4C,GP-15455,22/03/2022,Respuesta oficio ANLA No. 2022023176-2-000 (Rad. Int. ALMA-R-2022-0186 – 11/02/2022). Entrega Informe de Cumplimiento Ambiental ICA No. 21 Expediente LAV0004-00-2016.,15_04_Comunic_Recibidas/2022/CI004_GP-15455_070108_CON_0389_ENTREG_ICA_N21.pdf
265,2,CONCESIÓN ALTO MAGDALENA S.A.S.,,CONSORCIO 4C,GP-15482,30/03/2022,Petición de respuesta radicados 202203614 y 202203611 (ALMA-2022-0353) del 11 de marzo de 2022. Solicitud reunión socialización Auto No. 09099 del 16 de septiembre de 2020 Etapa de Desmantelamiento y Abandono. Expediente LAV 0063-00-2015,15_04_Comunic_Recibidas/2022/CI004_GP-15482_070108_CON_0426_SCTUD_REUNION_AUTO_N09099.pdf
266,3,Agencia Nacional de Infraestructura,,CONSORCIO 4C,GP-16028,31/07/2022,Respuesta a su comunicado No. ALMA-2022-0759 con radicado ANI No. 20224090615672; Comité Aprobación Aportes subcuenta de Redes N°7. Proyecto Girardot-Honda-Puerto Salgar. Contrato de Concesión 003-2014. Concesión Alto Magdalena S.A.S.,15_04_Comunic_Recibidas/2022/CI004_GP-16028_070201_ANI_022612-1_APROBA_SUBCTA_REDES_N7.pdf
267,1,CONCESIÓN ALTO MAGDALENA S.A.S.,,CONSORCIO 4C,GP-15698,19/05/2022,Respuesta comunicación CI.004/GP9869/21/7.1.8 (Rad. Int. ALMA-R-2022-0354) del 15 de marzo de 2022. Observaciones Informe Trimestral Ambiental N° 29/ Componente Ambiental.,15_04_Comunic_Recibidas/2022/CI004_GP-15698_070108_CON_0672_OBS_INF_TRIM_AMB_N29.pdf
268,1,CONCESIÓN ALTO MAGDALENA S.A.S.,ALMA-2022-1550,CONSORCIO 4C,GP-16430,27/10/2022,Entrega informe mantenimientos primer y segundo año medida compensatoria en cumplimiento de la Resolución 433 del 25/02/2016 modificada con la Resolución 3774 del 30/11/2017. Expediente 51893,15_04_Comunic_Recibidas/2022/CI004_GP-16430_070108_CON_1550_MEDIDA_COMPENSA_EXP_51893.pdf
270,2,Agencia Nacional de Infraestructura,,CONSORCIO 4C,GP-15689,12/05/2022,Radicado ANI No. 20224090493832 del 5 de mayo de 2022 - Solicitud INDEPROS Permiso de Estudios y Exploración para Levantamiento Información de Campo en Rutas Concesionadas Resolución INVIAS Carga Extrapesada y Extradimensionada Vigencia 2022 - 2023,15_04_Comunic_Recibidas/2022/CI004_GP-15689_070114_ANI_013423-1_SCTUD_PERMISO_INDEPROS_.pdf
269,1,Agencia Nacional de Infraestructura,,CONSORCIO 4C,GP-15653,10/05/2022,"Alcance segunda solicitud concepto técnico para el permiso de uso, la ocupación y la intervención temporal de la infraestructura vial. Proyecto vial Girardot – Honda – Puerto Salgar. Al responder, favor citar Expediente: 20223040280200004E.",15_04_Comunic_Recibidas/2022/CI004_GP-15653_070114_ANI_013132-1_ALC_2_PERMI_USO_EPM.pdf
271,2,Agencia Nacional de Infraestructura,,CONSORCIO 4C,GP-15322,08/02/2022,"Respuesta a su solicitud, encuesta satisfacción del cliente del año 2021. - Proyecto Girardot – Honda – Puerto Salgar, Contrato de Interventoría 145 de 2014. Consorcio 4C.",15_04_Comunic_Recibidas/2022/CI004_GP-15322_140711_ANI_002926-1_ENCUEST_SATIS_CLIENT_21.pdf
273,34,,,CONSORCIO 4C,GP-15729,16/05/2023,Solicitud audiencia de conciliación extrajudicial en derecho en materia _______,15_04_Comunic_Recibidas/2022/CI004_GP-15729_050300-070400_ASALGUERO_SINNUMERO_SCTUD_AUDIEN_CONCILIA.pdf
272,1,CONCESIÓN ALTO MAGDALENA S.A.S.,,CONSORCIO 4C,GP-16431,27/10/2022,Entrega informe mantenimientos primer y segundo año medida compensatoria en cumplimiento de la Resolución 0319 del 16/02/2016 modificada con la Resolución 3895 del 7/12/2017. Expediente 51895.,15_04_Comunic_Recibidas/2022/CI004_GP-16431_070108_CON_1551_MEDIDA_COMPENSA_EXP_51895.pdf
274,7,CONCESIÓN ALTO MAGDALENA S.A.S.,ALMA-2022-1096,CONSORCIO 4C,GP-16026,29/07/2022,"Inicio Actividades indicadas en el Informe Técnico DESCA No. 0638 de 8 de junio del 2022, remitido mediante radicado No. 07222002949 del 22 de junio del 2022.",15_04_Comunic_Recibidas/2022/CI004_GP-16026_070108_CON_1096_INF_TEC_DESCA_0638.pdf
275,2,Agencia Nacional de Infraestructura,,CONSORCIO 4C,GP-15652,10/05/2022,Requerimiento para continuar con el trámite del permiso solicitado por LUIS GUILLERMO MONTAÑA NARVÁEZ (Parque Recreativo El Cortijo) / Proyecto Girardot – Honda – Puerto Salgar / Expediente 20213040280200193E,15_04_Comunic_Recibidas/2022/CI004_GP-15652_070114_ANI_013101-1_PERMI_USO_LUIS_MONTAÑA.pdf
276,1,MOVITRAM,,CONSORCIO 4C,GP-15254,27/01/2022,Ref. Solicitud – Certificación de Peso,15_04_Comunic_Recibidas/2022/CI004_GP-15254_070300_MOVITRAM_SINNUMERO_SCTUD_PASO.pdf
278,2,CONCESIÓN ALTO MAGDALENA S.A.S.,,CONSORCIO 4C,GP-15570,19/04/2022,Cumplimiento pago servicio de seguimiento y control ambiental. Auto DRAM 03216001385 del 17/11/2021 (Rad. Int. ALMA-R-2022-0390 del 24/03/2022). Expediente 51728,15_04_Comunic_Recibidas/2022/CI004_GP-15570_070108_CON_0525_PAG_SERVI_AMB_EXP_51728.pdf
281,1,,,CONSORCIO 4C,GP-16400,,,15_04_Comunic_Recibidas/2022/CI004_GP-16400_070114_SCHWERT_SINNUMERO_POLIZAS_EDS_GUATAQUI.pdf
277,2,CONCESIÓN ALTO MAGDALENA S.A.S.,,CONSORCIO 4C,GP-15220,14/01/2022,Respuesta comunicación CI.004/GP9677/21/7.1.8 (Rad. Int. ALMA-R-2021-2002 - 21/12/2021). Aspectos e Impactos Ambientales / Operación y Mantenimiento.,15_04_Comunic_Recibidas/2022/CI004_GP-15220_070108_CON_0048_ASPECT_IMPAC_AMB.pdf
282,2,,,CONSORCIO 4C,GP-16286,,,15_04_Comunic_Recibidas/2022/CI004_GP-16286_070300_GLOBALLOGIS_SINNUMERO_SCTUD_PASO.pdf
283,2,,,CONSORCIO 4C,GP-16418,7 de octubre de 2022,,15_04_Comunic_Recibidas/2022/CI004_GP-16418_070108_CON_1554_MEDIDA_COMPENSA_EXP_52105.pdf
279,4,CONCESIÓN ALTO MAGDALENA S.A.S.,,CONSORCIO 4C,GP-15247,25/01/2022,Daño sistema amortiguación choque (monoshock) – Motocicleta placas EWF53F,15_04_Comunic_Recibidas/2022/CI004_GP-15247_070300_CON_0083_DAÑO_MOTO_EWF53F.pdf
284,2,,,CONSORCIO 4C,GP-15290,,,15_04_Comunic_Recibidas/2022/CI004_GP-15290_070108_CON_0162_PAG_SEG_AMB_EXP_52182.pdf
285,1,,,CONSORCIO 4C,GP-15188,,,15_04_Comunic_Recibidas/2022/CI004_GP-15188_070109-070202_CON_0012_FOR_GCSP_F203_DIC21.pdf
286,2,,,CONSORCIO 4C,GP-16287,,,15_04_Comunic_Recibidas/2022/CI004_GP-16287_070114_ANI_029971-1_PERMISO_INV_BERAKAH.pdf
289,4,,,CONSORCIO 4C,GP-15268,,,15_04_Comunic_Recibidas/2022/CI004_GP-15268_050300-070104_CON_0136_ILUMINA_INTERCE_PROYECT.pdf
288,1,,,CONSORCIO 4C,GP-16217,,,15_04_Comunic_Recibidas/2022/CI004_GP-16217_010000_ANI_026760-1_REMISION_OTROSI_N09.pdf
287,4,,,CONSORCIO 4C,GP-15225,,,15_04_Comunic_Recibidas/2022/CI004_GP-15225_070109_CON_0051_ATEN_USUA_PQRS_UF2.pdf
290,1,,,CONSORCIO 4C,GP-15612,9 de abril de 2021,,15_04_Comunic_Recibidas/2022/CI004_GP-15612_070108_CON_0571_AUTO_DRAM_1452_EXP_51711.pdf
292,4,,,CONSORCIO 4C,GP-15251,,,15_04_Comunic_Recibidas/2022/CI004_GP-15251_070400_CON_0110_CONCEPT_TEC_PREDIO_5-0193.pdf
291,11,,,CONSORCIO 4C,GP-15749,1 de junio de 2022,,15_04_Comunic_Recibidas/2022/CI004_GP-15749_070108_CON_0741_ESTADO_COMPENSA_EXP_68915.pdf
280,2,CONCESIÓN ALTO MAGDALENA S.A.S.,,CONSORCIO 4C,GP-16133,18/08/2022,Cumplimiento obligación pago servicio seguimiento y control ambiental. Auto DRAM 03226000840 de 28/06/2022 (Rad. Int. ALMA-R-2022-0915 del 01/07/2022). Expediente 51835,15_04_Comunic_Recibidas/2022/CI004_GP-16133_070108_CON_1198_PAG_SERV_CTROL_AMB_EXP_51835.pdf
293,1,,,CONSORCIO 4C,GP-15735,,,15_04_Comunic_Recibidas/2022/CI004_GP-15735_070114_ANI_014919-1_ALC_PERMI_USO_EPM.pdf
296,14,,,CONSORCIO 4C,GP-15232,,,15_04_Comunic_Recibidas/2022/CI004_GP-15232_050300_CON_0062_CAMBIO_DIR_DOMICILIO.pdf
297,4,,,CONSORCIO 4C,GP-16288,,,15_04_Comunic_Recibidas/2022/CI004_GP-16288_070406_CON_1385_REV_INF_FINAL_OTROSI_N9.pdf
295,2,,,CONSORCIO 4C,GP-16394,,,15_04_Comunic_Recibidas/2022/CI004_GP-16394_070210_CON_1525_ACTAS_RETRIBU_AGO22.pdf
294,2,,,CONSORCIO 4C,GP-15986,,,15_04_Comunic_Recibidas/2022/CI004_GP-15986_070300_GLOBALLOGIS_SINNUMERO_SCTUD_PASO.pdf
299,1,,,CONSORCIO 4C,GP-15532,,,15_04_Comunic_Recibidas/2022/CI004_GP-15532_070209_CON_0480_ACTA_VPIP_FEB22.pdf
300,1,,,CONSORCIO 4C,GP-16115,7 de junio de 2022,,15_04_Comunic_Recibidas/2022/CI004_GP-16115_070108_CON_0883_CUMPLI_RESOL_1081_EXP_52029.pdf
301,4,,,CONSORCIO 4C,GP-15600,,,15_04_Comunic_Recibidas/2022/CI004_GP-15600_070400_ANI_012234-1_REITERA_TRANSFE_AREAS_ANT.pdf
304,2,,,CONSORCIO 4C,GP-16277,,,15_04_Comunic_Recibidas/2022/CI004_GP-16277_070300_GLOBALLOGIS_SINNUMERO_SCTUD_PASO.pdf
302,4,,,CONSORCIO 4C,GP-16119,7 de agosto de 2022,,15_04_Comunic_Recibidas/2022/CI004_GP-16119_070109_CON_1179_TRASLAD_SCTUD_JUAN_GALVEZ.pdf
305,2,,,CONSORCIO 4C,GP-16328,,,15_04_Comunic_Recibidas/2022/CI004_GP-16328_070300_GLOBALLOGIS_SINNUMERO_SCTUD_PASO.pdf
298,18,,,CONSORCIO 4C,GP-16407,6 de octubre de 2022,,15_04_Comunic_Recibidas/2022/CI004_GP-16407_050300_CON_1541_INCLUSION_TRAMOS_PR0+00_PR0+700.pdf
307,1,,,CONSORCIO 4C,GP-16402,,,15_04_Comunic_Recibidas/2022/CI004_GP-16402_070500_ANI_033856-1_APROBA_INF_MEN_N95.pdf
306,5,,,CONSORCIO 4C,GP-15419,0 de Marzo de 2022,,15_04_Comunic_Recibidas/2022/CI004_GP-15419_070202_CON_0349_FOR_GCSP_F009_FEB22.pdf
309,4,,,CONSORCIO 4C,GP-16368,4 de octubre de 2022,,15_04_Comunic_Recibidas/2022/CI004_GP-16368_070108_CON_1512_SCTUD_TRAMITES_AMB_PR81_UF3.pdf
310,2,,,CONSORCIO 4C,GP-15574,0 de abril de 2022,,15_04_Comunic_Recibidas/2022/CI004_GP-15574_070300_CON_0528_IMPLEMEN_IMAGEN_VEHICU.pdf
311,1,,,CONSORCIO 4C,GP-15984,,,15_04_Comunic_Recibidas/2022/CI004_GP-15984_070201_FBTA_003209_SOPORT_SUBCTAS_MAR-JUN22.pdf
312,3,,,CONSORCIO 4C,GP-16010,,,15_04_Comunic_Recibidas/2022/CI004_GP-16010_070109_ANI_021919-1_TRASLAD_JUAN_GALVEZ.pdf
308,2,,,CONSORCIO 4C,GP-15767,,,15_04_Comunic_Recibidas/2022/CI004_GP-15767_090200_ANI_016019-1_APROBA_INF_N90_ABR22.pdf
303,90,,,CONSORCIO 4C,GP-16289,3 de septiembre de 2022,,15_04_Comunic_Recibidas/2022/CI004_GP-16289_050300_CON_1410_POLIZA_OBRAS_CIVILES.pdf
313,1,,,CONSORCIO 4C,GP-15516,1 de Abril de 2022,,15_04_Comunic_Recibidas/2022/CI004_GP-15516_070108_CON_0461_ENTREG_INF_EXP_62722.pdf
314,4,,,CONSORCIO 4C,GP-16069,,,15_04_Comunic_Recibidas/2022/CI004_GP-16069_070108_ANI_023746-1_SCTUD_AREAS_REMANENTES.pdf
317,1,,,CONSORCIO 4C,GP-15693,,,15_04_Comunic_Recibidas/2022/CI004_GP-15693_070104-070109_ANI_014240-1_SCTUD_GLORIETAS.pdf
319,2,,,CONSORCIO 4C,GP-16390,3 de octubre de 2022,,15_04_Comunic_Recibidas/2022/CI004_GP-16390_070108_CON_1492_PAG_SERV_SEG_AMB_EXP_51988.pdf
315,1,,,CONSORCIO 4C,GP-16335,5 de octubre de 2022,,15_04_Comunic_Recibidas/2022/CI004_GP-16335_070108_CON_1446_MEDI_COMPENSA_EXP_79887.pdf
318,2,,,CONSORCIO 4C,GP-15369,,,15_04_Comunic_Recibidas/2022/CI004_GP-15369_070109_ANI_004314-1_DP_SRUEDA_ACCESO_PREDIO.pdf
316,1,,,CONSORCIO 4C,GP-15990,5 de julio de 2022,,15_04_Comunic_Recibidas/2022/CI004_GP-15990_070108_CON_1066_LEVAN_VEDA_RES_1928.pdf
320,5,,,CONSORCIO 4C,GP-16345,7 de octubre de 2022,,15_04_Comunic_Recibidas/2022/CI004_GP-16345_070202_CON_1465_FOR_GCSP_F009_SEP22.pdf
321,10,,,CONSORCIO 4C,GP-16118,,,15_04_Comunic_Recibidas/2022/CI004_GP-16118_070209_CON_1178_ACTA_VPIP_JUL22.pdf
322,2,,,CONSORCIO 4C,GP-16300,2 de septiembre de 2022,,15_04_Comunic_Recibidas/2022/CI004_GP-16300_070108_CON_1402_MED_COMPENSA_EXP_51860.pdf
323,29,,,CONSORCIO 4C,GP-15959,6 de JULIO de 2022,,15_04_Comunic_Recibidas/2022/CI004_GP-15959_070108_CON_1027_REQUERI_CUMPLI_AMB_RES_00779.pdf
324,2,,,CONSORCIO 4C,GP-16157,8 de agosto de 2022,,15_04_Comunic_Recibidas/2022/CI004_GP-16157_070108_CON_1218_CUMPLI_RESOL_0390_EXP_51851.pdf
325,1,,,CONSORCIO 4C,GP-15441,,,15_04_Comunic_Recibidas/2022/CI004_GP-15441_070114_ANI_007530-1_CONCEP_PERMI_USO_EPM.pdf
326,1,,,CONSORCIO 4C,GP-15609,9 de abril de 2022,,15_04_Comunic_Recibidas/2022/CI004_GP-15609_070108_CON_0568_ENTREGA_INF_EXP_60686.pdf
327,2,,,CONSORCIO 4C,GP-16002,,,15_04_Comunic_Recibidas/2022/CI004_GP-16002_070300_GLOBALLOGIS_SINNUMERO_SCTUD_PASO.pdf
328,1,,,CONSORCIO 4C,GP-16000,,,15_04_Comunic_Recibidas/2022/CI004_GP-16000_050300_CON_1031_REV_POLIZA_CUMPLIMIENTO.pdf
330,1,,,CONSORCIO 4C,GP-15553,1 de abril de 2022,,15_04_Comunic_Recibidas/2022/CI004_GP-15553_070108_CON_0507_ENTREG_INF_EXP_62275.pdf
329,6,,,CONSORCIO 4C,GP-15239,,,15_04_Comunic_Recibidas/2022/CI004_GP-15239_050300-070400_CON_0070_INF_SEM_EER_PREDIAL.pdf
331,2,,,CONSORCIO 4C,GP-15961,,,15_04_Comunic_Recibidas/2022/CI004_GP-15961_070307_ANI_019728-1_ACCIDENT_FATAL_PR38+970.pdf
335,2,,,CONSORCIO 4C,GP-15206,,,15_04_Comunic_Recibidas/2022/CI004_GP-15206_070207_CON_0033_TARIFAS_PEAJES_2022.pdf
334,1,,,CONSORCIO 4C,GP-15499,1 de abril de 2022,,15_04_Comunic_Recibidas/2022/CI004_GP-15499_070108_CON_0450_AJUSTE_ICA_N6.pdf
336,2,,,CONSORCIO 4C,GP-16078,1 de agosto de 2022,,15_04_Comunic_Recibidas/2022/CI004_GP-16078_070109_CON_1141_RESUL_ENCUEST_ATENC_USUARIO.pdf
337,10,,,CONSORCIO 4C,GP-15850,3 de junio de 2022,,15_04_Comunic_Recibidas/2022/CI004_GP-15850_070108_CON_0947_RECUR_REPOSI_EXP_90502.pdf
333,2,,,CONSORCIO 4C,GP-15824,,,15_04_Comunic_Recibidas/2022/CI004_GP-15824_070300_ANI_017820-1_PMT_CIERRES_PILOTAJ_PR66+800.pdf
332,4,,,CONSORCIO 4C,GP-15863,2 de junio de 2022,,15_04_Comunic_Recibidas/2022/CI004_GP-15863_070108_CON_0902_INCLUS_MEMO_DESCA_EXP_51987.pdf
338,1,,,CONSORCIO 4C,GP-16397,9 de octubre de 2022,,15_04_Comunic_Recibidas/2022/CI004_GP-16397_070115_CON_1523_REITERA_CAMBIO_MEDIDOR_ENERGIA.pdf
340,3,,,CONSORCIO 4C,GP-16152,8 de agosto de 2022,,15_04_Comunic_Recibidas/2022/CI004_GP-16152_070108_CON_1217_RTA_AUTO_DRAM_1087_EXP_61896.pdf
339,4,,,CONSORCIO 4C,GP-15361,,,15_04_Comunic_Recibidas/2022/CI004_GP-15361_070109_CON_0249_ADECUA_ACCESO_K0+980.pdf
341,1,,,CONSORCIO 4C,GP-15796,9 de junio de 2022,,15_04_Comunic_Recibidas/2022/CI004_GP-15796_070108_CON_0794_INF_MEDID_COMPENSA_EXP_60683.pdf
342,2,,,CONSORCIO 4C,GP-16128,8 de agosto de 2022,,15_04_Comunic_Recibidas/2022/CI004_GP-16128_070108_CON_1193_PAG_SERV_CTROL_AMB_EXP_51891.pdf
344,1,,,CONSORCIO 4C,GP-16314,9 de septiembre de 2022,,15_04_Comunic_Recibidas/2022/CI004_GP-16314_050300_CON_1431_POLIZA_RCE.pdf
343,2,,,CONSORCIO 4C,GP-15583,1 de abril de 2022,,15_04_Comunic_Recibidas/2022/CI004_GP-15583_070201_CON_0541_VALOR_OBLIG_CONTING_FEB22.pdf
345,4,,,CONSORCIO 4C,GP-15323,,,15_04_Comunic_Recibidas/2022/CI004_GP-15323_070107_ANI_002918-1_SCTUD_ANDINA_ENERGIA.pdf
348,1,,,CONSORCIO 4C,GP-15690,7 de mayo de 2022,,15_04_Comunic_Recibidas/2022/CI004_GP-15690_070300_TRANSSURENCO_SINNUMERO_SCTUD_PASO.pdf
350,5,,,CONSORCIO 4C,GP-16200,1 de agosto de 2022,,15_04_Comunic_Recibidas/2022/CI004_GP-16200_070202_CON_1294_ESTAD_FINAN_NO_AUDITA_JUN22.pdf
349,1,,,CONSORCIO 4C,GP-16194,9 de agosto de 2022,,15_04_Comunic_Recibidas/2022/CI004_GP-16194_070401_CON_1273_REVISION_8_EXP_PREDIALES_.pdf
347,1,,,CONSORCIO 4C,GP-15248,,,15_04_Comunic_Recibidas/2022/CI004_GP-15248_070300_ANI_001546-1_SCTUD_CONTEOS_VEHICUL.pdf
346,1,Concesión Alto Magdalena S.A.S.,,CONSORCIO 4C,GP-15339,11/02/2022,Seguimiento radicado ANLA 2021222175-1-000 (Radicado interno ALMA-2021-1508 - 13/10/2021). Expediente: LAV 0063-00-2015,15_04_Comunic_Recibidas/2022/CI004_GP-15339_070108_CON_0228_SEG_RAD_ANLA2021222175-1-000.pdf
352,1,Agencia Nacional de Infraestructura,,CONSORCIO 4C,GP-16201,01/09/2022,Respuesta a su comunicado ALMA-2022-1253 con radicado ANI No. 20224090954532 – aprobación Informe Gerencial No. 91. - Proyecto Girardot – Honda – Puerto Salgar. Contrato de Concesión 003 de 2014. Concesión Alto Magdalena S.A.S.,15_04_Comunic_Recibidas/2022/CI004_GP-16201_070500_ANI_026693-1_APROBA_INF_MEN_N91.pdf
353,3,CONCESIÓN ALTO MAGDALENA S.A.S.,,CONSORCIO 4C,GP-15911,28/06/2022,Respuesta comunicado N° CI.004/GP10071/22/7.5 (Rad. Int. ALMA-R-2022-0868 -18/06/2022)- Devolución Informe Gerencial No. 90.,15_04_Comunic_Recibidas/2022/CI004_GP-15911_070500_CON_0982_DEV_INF_MEN_N90.pdf
354,1,CONCESIÓN ALTO MAGDALENA S.A.S.,,CONSORCIO 4C,GP-16417,27/10/2022,Entrega informe mantenimientos primer y segundo año medida compensatoria en cumplimiento de la Resolución 0395 del 24 de febrero de 2016. Exp.52147.,15_04_Comunic_Recibidas/2022/CI004_GP-16417_070108_CON_1555_MEDIDA_COMPENSA_EXP_52147.pdf
351,2,Agencia Nacional de Infraestructura,,CONSORCIO 4C,GP-16073,10/08/2022,"Reiteración oficio con radicado ANI No. 20223110214701; Observaciones Informe Gerencial Mensual No.91 de mayo 2022 - Proyecto Girardot – Honda – Puerto Salgar, Contrato de Concesión 003 de 2014. Concesión Alto Magdalena S.A.S.",15_04_Comunic_Recibidas/2022/CI004_GP-16073_070500_ANI_024054-1_OBS_INF_MEN_91_MAY22.pdf
355,1,CONCESIÓN ALTO MAGDALENA S.A.S.,,CONSORCIO 4C,GP-15446,22/03/2022,Entrega soportes Pagos Seguridad Social diciembre 2021 y Salarios noviembre 2021.,15_04_Comunic_Recibidas/2022/CI004_GP-15446_070110_CON_0394_SOPORT_PAG_SEGYSAL_DIC_NOV21.pdf
358,1,CONCESION ALTO MAGDALENA S.A.S.,,CONSORCIO 4C,GP-15197,05/01/2022,Entrega informe Técnico de manejo silvicultural No 1. Expediente 51534.,15_04_Comunic_Recibidas/2022/CI004_GP-15197_070108_CON_0023_INF_TEC_SILVICULT_EXP_51534.pdf
357,2,CONCESIÓN ALTO MAGDALENA S.A.S.,,CONSORCIO 4C,GP-16379,13/10/2022,Cumplimiento obligación pago servicio de seguimiento y control ambiental. Auto DRBM No. 04226000753 de 25/08/2022 (Rad. Int. ALMA-R-2022-1251 del 30/08/2022). Expediente 52028,15_04_Comunic_Recibidas/2022/CI004_GP-16379_070108_CON_1481_PAG_SERV_SEG_AMB_EXP_52028.pdf
356,4,,,CONSORCIO 4C,GP-15224,17/01/2022,"Cierre definitivo PQRS UF2 2019 436 y respuesta Oficio ALMA-R-2021-2055 remitido por la Interventoría Consorcio 4C del 27/12/2021 (CI.004/GP9686/21/7.1.9) – Inundación predio, adecuación de acceso Pr. 26 vereda Garbanzal e instalación del cercado.",15_04_Comunic_Recibidas/2022/CI004_GP-15224_070109_CON_0050_INUNDA_PREDIO_PR26.pdf
359,1,Agencia Nacional de Infraestructura,,CONSORCIO 4C,GP-15726,24/05/2022,Devolución expediente predial ALMA-2-0136-1– Radicado 20224090493372– Contrato de Concesión No. 003-2014- Honda- Girardot- Puerto Salgar.,15_04_Comunic_Recibidas/2022/CI004_GP-15726_070404_ANI_014876-1_DEV_EXP_PREDIAL_2-0136-1.pdf
361,2,GLOBAL LOGISTICA DE TRANSPORTE S.A.S.,,CONSORCIO 4C,GP-16393,13/10/2021,NOTIFICACION MOVILIZACION CARGA EXTRADIMENSIONADA Y/O EXTRAPESADA REF: CARTA DE PORTE Y PESO,15_04_Comunic_Recibidas/2022/CI004_GP-16393_070300_GLOBALLOGIS_SINNUMERO_SCTUD_PASO.pdf
360,4,CONCESIÓN ALTO MAGDALENA S.A.S.,,CONSORCIO 4C,GP-15636,05/05/2022,Respuesta comunicado CI.004/GP9904/22/7.3 y radicado con código de Concesión ALMA-R-2022-0455 – Pantallas de información y señalización e información dinámica de tipo LED.,15_04_Comunic_Recibidas/2022/CI004_GP-15636_070300_CON_0611_INFO_SEÑALIZA_TIPO_LED.pdf
362,7,CONCESIÓN ALTO MAGDALENA S.A.S.,,CONSORCIO 4C,GP-15909,28/06/2022,"Respuesta oficio ALMA-R-2022-0561 - (CI.004/GP9953/22/7.1.8) Traslado de solicitud PQRS – Sr Juan Gálvez y Samuel Barrera, solicitud reunión, para tratar el tema del funcionamiento del drenaje transversal en inmediaciones del PR24+800 de la RN 4508 (UF2).",15_04_Comunic_Recibidas/2022/CI004_GP-15909_070109_CON_0979_TRASLAD_PQRS_PR24+800.pdf
363,1,CONCESIÓN ALTO MAGDALENA S.A.S.,ALMA-2022-1401,CONSORCIO 4C,GP-16299,22/09/2022,Entrega informe mantenimientos primer y segundo año medida compensatoria en cumplimiento de la Resolución 0397 del 24/02/2016. Expediente 51848,15_04_Comunic_Recibidas/2022/CI004_GP-16299_070108_CON_1401_MED_COMPENSA_EXP_51848.pdf
365,2,CONCESIÓN ALTO MAGDALENA S.A.S.,,CONSORCIO 4C,GP-15559,12/04/2022,Envío Formulario de liquidación y declaración de regalías primer (1) Trimestre Año 2022. Autorización Temporal SCV-09031.,15_04_Comunic_Recibidas/2022/CI004_GP-15559_070108_CON_0516_FOR_REGALIAS_SCV-09031.pdf
366,1,CONCESIÓN ALTO MAGDALENA S.A.S.,,CONSORCIO 4C,GP-15659,10/04/2022,Entrega Informe Gerencial Mensual N° 90 – abril 2022,15_04_Comunic_Recibidas/2022/CI004_GP-15659_070500_CON_0635_INF_MEN_N90_ABR22.pdf
364,4,Agencia Nacional de Infraestructura,,CONSORCIO 4C,GP-15771,02/06/2022,"Respuesta a su comunicado No. ALMA-2022-0676 con radicado ANI No. 20224090568192; Solicitud concepto técnico permiso uso, ocupación e intervención temporal infraestructura vial – Instalación redes alcantarillado fase 1 Plan Maestro Acueducto y Alcantarillado del corregimiento de Puerto Bogotá - Proyecto Girardot – Honda – Puerto Salgar, Contrato de Concesión 003 de 2014. Concesión Alto Magdalena S.A.S.",15_04_Comunic_Recibidas/2022/CI004_GP-15771_070114_ANI_016017-1_SCTUD_PERMI_MCPIO_GUADUAS.pdf
367,5,CONCESIÓN ALTO MAGDALENA S.A.S.,,CONSORCIO 4C,GP-15558,12/04/2022,GCSP-F-009 Informe Mensual Recaudo de Peajes Marzo 2022.,15_04_Comunic_Recibidas/2022/CI004_GP-15558_070202_CON_0515_FOR_GCSP_F009_MAR22.pdf
368,1,MOVITRAM S.A.S,,CONSORCIO 4C,GP-15520,06/04/2022,Certificación de Peso.,15_04_Comunic_Recibidas/2022/CI004_GP-15520_070300_MOVITRAM_SINNUMERO_SCTUD_PASO.pdf
370,4,CONCESIÓN ALTO MAGDALENA S.A.S.,,CONSORCIO 4C,GP-15897,22/06/2022,"Solicitud inclusión memorando DESCA 20213043001 del 17 de junio de 2021 al permiso de ocupación de cauce otorgado, que reposa en el Expediente 58464.",15_04_Comunic_Recibidas/2022/CI004_GP-15897_070108_CON_0932_INCLUS_MEMO_DESCA_EXP_58464.pdf
369,3,CONCESIÓN ALTO MAGDALENA S.A.S.,,CONSORCIO 4C,GP-15492,01/04/2022,Respuesta comunicado CI.004/GP9856/22/7.3 (Rad. int ALMA-R-2022-0325 – 11/03/2022). Resultados verificación insumos y equipos atención médica ambulancias.,15_04_Comunic_Recibidas/2022/CI004_GP-15492_070300_CON_0442_VERIFI_INSUMOS_EQUIP_AMBULAN.pdf
371,2,CONCESIÓN ALTO MAGDALENA S.A.S.,,CONSORCIO 4C,GP-16138,18/08/2022,Cumplimiento obligación pago servicio seguimiento y control ambiental. Auto DRAM 03226000912 de 11/07/2022 (Rad. Int. ALMA-R-2022-0993 del 13/07/2022). Expediente 62207,15_04_Comunic_Recibidas/2022/CI004_GP-16138_070108_CON_1203_PAG_SERV_CTROL_AMB_EXP_62207.pdf
372,1,CONCESIÓN ALTO MAGDALENA S.A.S.,,CONSORCIO 4C,GP-16172,17/08/2022,Respuesta comunicación ALMA-R-2022-1160 - Revisión Informe Avance Gestión Predial junio y julio de 2022.,15_04_Comunic_Recibidas/2022/CI004_GP-16172_070401_CON_1182_REV_INF_PREDIAL_JUN_JUL22.pdf
374,1,CONCESIÓN ALTO MAGDALENA S.A.S.,,CONSORCIO 4C,GP-15618,29/04/2021,Respuesta Auto DRAM No. 1677 del 14/12/2021 (Rad interno ALMA-R-2021-1925). Expediente 62559,15_04_Comunic_Recibidas/2022/CI004_GP-15618_070108_CON_0577_AUTO_DRAM_1677_EXP_62559.pdf
373,2,Agencia Nacional de Infraestructura,,CONSORCIO 4C,GP-15973,08/07/2022,Comunicados No. DA-100-23-01-224-2022 y DA-100-23-229-2022 con radicado ANI No. 20224090688812 y 20224090712902; Solicitud mesa de trabajo con la Alcaldía de Guataquí. Contrato de Concesión 003 de 2014. Proyecto Girardot-Honda-Puerto Salgar. Concesión Alto Magdalena S.A.S.,15_04_Comunic_Recibidas/2022/CI004_GP-15973_070300_ANI_020059-1_SCTD_MESA_TRABAJO_GUATAQUI.pdf
376,2,Agencia Nacional de Infraestructura,,CONSORCIO 4C,GP-16004,21/07/2022,"Reiteración solicitud de la peticionaria Mary Isabel Patiño Pinzón propietaria del predio el Diamante; con radicado ANI No. 20224090772022 del 14 de julio del 2022. - Proyecto Girardot – Honda – Puerto Salgar, Contrato de Concesión 003 de 2014. Alto Magdalena S.A.S",15_04_Comunic_Recibidas/2022/CI004_GP-16004_070109_ANI_021473-1_DP_ISABEL_PATIÑO.pdf
377,2,CONCESIÓN ALTO MAGDALENA S.A.S.,,CONSORCIO 4C,GP-15497,01/04/2022,Aclaración frecuencia entrega Informes de Cumplimiento Ambiental - Resolución 2471 del 18 de diciembre de 2019. Expediente LAV0004-00-2016.,15_04_Comunic_Recibidas/2022/CI004_GP-15497_070108_CON_0447_INF_CUMPLI_AMB_RESOL_2471.pdf
375,2,,,CONSORCIO 4C,GP-15324,09/02/2022,"Respuesta a su comunicación CI.004/GP9743/22/2.2 'Personal Interventoría', Cambio y presentación de Topógrafo. Fase de Operación y Mantenimiento. Radicado ANI No. 20224090058032 de fecha 19 de enero de 2022. Contrato de Interventoría 145 del 2014. Proyecto Girardot-Honda-Puerto Salgar. Consorcio 4C",15_04_Comunic_Recibidas/2022/CI004_GP-15324_020200_ANI_002627-1_APROBA_HV_TOPOG.pdf
378,1,CONCESIÓN ALTO MAGDALENA S.A.S.,ALMA-2022-0195,CONSORCIO 4C,GP-15305,04/02/2022,Alcance a la Solicitud Información complementaria costos ociosos. CI.004/GP9704/21/5.3 (ALMA-R-2022-0003),15_04_Comunic_Recibidas/2022/CI004_GP-15305_050300_CON_0195_INF_COST_OCIOSOS.pdf
379,2,CONCESIÓN ALTO MAGDALENA S.A.S.,,CONSORCIO 4C,GP-15468,25/03/2022,Reintegro retenciones compensaciones ambientales pagadas con recursos subcuentas de O&M y CAPEX. Oficio Interventoría CI.004/9409/21/5.3 (Rad.ALMA-R-2021-1307) con respuesta ALMA-2021-1341.,15_04_Comunic_Recibidas/2022/CI004_GP-15468_070200_CON_0417_REINTEG_COMPENSA_AMB_O&M_CAPEX.pdf
380,1,CONCESIÓN ALTO MAGDALENA S.A.S.,ALMA-2022-0434,CONSORCIO 4C,GP-15484,31/03/2022,Solicitud Información complementaria costos ociosos. Rad 20213050372581 (ALMA-R-2021-1766),15_04_Comunic_Recibidas/2022/CI004_GP-15484_050300_CON_0434_SCTUD_INFO_COSTOS_OCIOSOS.pdf
381,2,CONCESIÓN ALTO MAGDALENA S.A.S.,,CONSORCIO 4C,GP-16192,29/08/2022,Respuesta comunicado CI.004/GP10083/22/7.3.3 (Rad. Int. ALMA-R 2022-0905). Requerimiento formal para subsanar funcionamiento del SICC.,15_04_Comunic_Recibidas/2022/CI004_GP-16192_070303_CON_1275_REQUE_SUBSANAR_FUNCION_SICC.pdf
382,4,CONCESIONARIO ALTO MAGDALENA S.A.S.,,CONSORCIO 4C,GP-15207,06/01/2022,GCSP-F-208 Informe Ingresos Explotación Comercial Diciembre de 2021.,15_04_Comunic_Recibidas/2022/CI004_GP-15207_070202_CON_0032_FOR_GCSP_F208_DIC21.pdf
383,1,CONCESIÓN ALTO MAGDALENA S.A.S.,,CONSORCIO 4C,GP-15452,22/03/2022,"Entrega Informe Final, Resolución No. 1082 del 13 de junio de 2018, UF 5.3, ""Por la cual se levanta de manera parcial la veda de especies de flora silvestre y se toman otras determinaciones, Exp. ATV 0788, DBBSE"". EXPEDIENTE LAV0068-00-2015.",15_04_Comunic_Recibidas/2022/CI004_GP-15452_070108_CON_0398_ENTREG_INF_FINAL_RES_1082.pdf
384,2,CONCESIÓN ALTO MAGDALENA S.A.S.,,CONSORCIO 4C,GP-15423,11/03/2022,Solicitud reunión socialización Auto No. 09099 del 16 de septiembre de 2020 Etapa de Desmantelamiento y Abandono. Expediente LAV 0063-00-2015,15_04_Comunic_Recibidas/2022/CI004_GP-15423_070108_CON_0353_DESMANTE_ABANDONO_AUTO_09099.pdf
385,1,CONCESIÓN ALTO MAGDALENA S.A.S.,,CONSORCIO 4C,GP-15817,15/06/2022,"Seguimiento radicado No. 20221035648 de 05/05/2022 – (Rad. Int. ALMA-2022-0553 – 28/04/2022), cumplimiento Resolución 2284 del 03/11/2015, Exp. ATV 0247, DBBSE. Expediente LAV0068-00-2015.",15_04_Comunic_Recibidas/2022/CI004_GP-15817_070108_CON_0824_SEG_RAD_CAR_20221035648.pdf
386,2,CONCESION ALTO MAGDALENA S.A.S.,ALMA-2022-0188,CONSORCIO 4C,GP-15313,04/02/2022,Cumplimiento obligación pago servicio de seguimiento y control ambiental. Auto DRAM 03216001393 del 18/11/2021 (Rad. Interno ALMA-R-2021-1756 del 25/11/2021). Expediente 51714,15_04_Comunic_Recibidas/2022/CI004_GP-15313_070108_CON_0188_PAG_SEG_AMB_EXP_51714.pdf
389,4,MOVITRAM,,CONSORCIO 4C,GP-16154,17/08/2022,Certificación de peso y Solicitud de paso,15_04_Comunic_Recibidas/2022/CI004_GP-16154_070300_MOVITRAM_SINNUMERO_SCTUD_PASO.pdf
387,1,CONCESIÓN ALTO MAGDALENA S.A.S.,,CONSORCIO 4C,GP-15253,27/01/2022,Alcance radicado CAR 20211077922 (ALMA-2021-1191 - 12/08/2021). Aclaración coordenadas solicitud permiso de ocupación de cauce PR23+587 Unidad Funcional 4 Sub sector 2 Ruta Nacional 45-09 quebrada Madrigal. Expediente 89603,15_04_Comunic_Recibidas/2022/CI004_GP-15253_070108_CON_0115_SCTUD_OCUPA_CAUCE_PR23+587.pdf
388,1,CONCESIÓN ALTO MAGDALENA S.A.S.,,CONSORCIO 4C,GP-16401,24/10/2022,Informe ejecutivo avance ejecución predial y sabana de avalúos septiembre 2022.,15_04_Comunic_Recibidas/2022/CI004_GP-16401_070400_CON_1530_INF_PREDIAL_SEP22.pdf
390,2,CONCESIÓN ALTO MAGDALENA S.A.S.,,CONSORCIO 4C,GP-16361,12/10/2022,Entrega informe mantenimientos primer y segundo año medida compensatoria en cumplimiento de la Resolución 2879 del 29/09/2017. Expediente 61524,15_04_Comunic_Recibidas/2022/CI004_GP-16361_070108_CON_1497_MEDIDA_COMPENSA_EXP_61524.pdf
391,1,CONCESION ALTO MAGDALENA S.A.S.,,CONSORCIO 4C,GP-15269,31/01/2022,Solicitud Información complementaria costos ociosos. CI.004/GP9704/21/5.3 (ALMA-R-2022-0003),15_04_Comunic_Recibidas/2022/CI004_GP-15269_050300_CON_0138_INF_COST_OCIOSOS.pdf
392,4,CONCESIÓN ALTO MAGDALENA S.A.S.,,CONSORCIO 4C,GP-15881,22/06/2022,"Solicitud inclusión memorando DESCA 20213043001 del 17 de junio de 2021 al permiso de ocupación de cauce otorgado, que reposa en el Expediente 52031.",15_04_Comunic_Recibidas/2022/CI004_GP-15881_070108_CON_0919_INCLUS_MEMO_DESCA_EXP_52031.pdf
394,1,CONCESIÓN ALTO MAGDALENA S.A.S.,,CONSORCIO 4C,GP-16162,18/08/2022,Entrega informe mantenimientos realizados en el primer y segundo año de la medida compensatoria en cumplimiento de la Resol. 354 del 17/02/2016 prorrogada con la Resol. 1190 del 30/04/2018. Expediente 51852.,15_04_Comunic_Recibidas/2022/CI004_GP-16162_070108_CON_1223_CUMPLI_RESOL_1190_EXP_51852.pdf
393,1,CONCESION ALTO MAGDALENA S.A.S.,,CONSORCIO 4C,GP-15380,23/02/2022,Solicitud aval predios de enriquecimiento vegetal en compensación de las epífitas vasculares que perecieron del permiso de levantamiento de veda otorgado por la Res. No. 1701 del 17 de julio de 2015. Expedientes ATV-0246 y LAV0063-00-2015.,15_04_Comunic_Recibidas/2022/CI004_GP-15380_070108_CON_0301_SCTUD_VISITA_REMOLINOS.pdf
398,2,,,CONSORCIO 4C,GP-15701,20/05/2022,"Queja presentada a la Concesionaria Alto Magdalena SAS “cuando la máquina realiza la limpieza, perfora la manguera que transporta el agua del acueducto veredal a la vivienda del predio el DIAMANTE",15_04_Comunic_Recibidas/2022/CI004_GP-15701_070109_MPATIÑO_SINNUMERO_QUEJA_PREDIO_DIAMANTE.pdf
395,2,MOVITRAM,,CONSORCIO 4C,GP-15226,16/01/2022,Certificación de peso y Solicitud de paso,15_04_Comunic_Recibidas/2022/CI004_GP-15226_070300_MOVITRAM_SINNUMERO_SCTUD_PASO.pdf
397,6,CONCESION ALTO MAGDALENA S.A.S.,,CONSORCIO 4C,GP-15337,10/02/2022,GCSTP-F-001 Informe Mantenimiento Bienes de uso Público Enero de 2022.,15_04_Comunic_Recibidas/2022/CI004_GP-15337_070202_CON_0208_FOR_GCSP_F001_ENE22.pdf
396,2,CONCESIÓN ALTO MAGDALENA S.A.S.,,CONSORCIO 4C,GP-15576,21/04/2022,Respuesta comunicación CI.004/GP9922/22/7.4.1 – 19/04/2022 (Rad. Int. ALMA-R-2022-0480). Requerimiento Informe ANISCOPIO,15_04_Comunic_Recibidas/2022/CI004_GP-15576_070400_CON_0531_REQUERI_INF_ANISCOPIO.pdf
400,2,CONCESIÓN ALTO MAGDALENA S.A.S.,,CONSORCIO 4C,GP-16229,09/09/2022,Informe criterios para contabilizar Ingresos y Egresos por Unidad Funcional.,15_04_Comunic_Recibidas/2022/CI004_GP-16229_070201_CON_1347_INF_ING_EGRE_AGO22.pdf
401,2,CONCESIÓN ALTO MAGDALENA S.A.S.,,CONSORCIO 4C,GP-16230,09/09/2022,Entrega soportes Pagos Seguridad Social julio y Salarios junio de 2022.,15_04_Comunic_Recibidas/2022/CI004_GP-16230_070110_CON_1343_PAG_SEGYSAL_JUL_JUN22.pdf
399,2,CONCESIÓN ALTO MAGDALENA S.A.S.,,CONSORCIO 4C,GP-15953,06/07/2022,Cumplimiento de la obligación de pago por el servicio de seguimiento y control ambiental. Auto DRAM 03226000741 de 08/06/2022 (Rad. Interno ALMA-R-2022-0808 del 10/06/2022). Expediente 51900.,15_04_Comunic_Recibidas/2022/CI004_GP-15953_070108_CON_1022_PAG_SEG_CTROL_AMB_EXP_51900.pdf
402,2,CONCESIÓN ALTO MAGDALENA S.A.S.,,CONSORCIO 4C,GP-16374,13/10/2022,Cumplimiento obligación pago servicio de seguimiento y control ambiental. Auto DRAM No. 03226001117 de 08/08/2022 (Rad. Interno ALMA-R-2022-1212 del 24/08/2022). Expediente 60604,15_04_Comunic_Recibidas/2022/CI004_GP-16374_070108_CON_1476_PAG_SERV_SEG_AMB_EXP_60604.pdf
403,2,CONCESIÓN ALTO MAGDALENA S.A.S.,,CONSORCIO 4C,GP-16095,12/08/2022,Entrega informe de los mantenimientos realizados en el primer año y cuarto ciclo de mantenimiento de la medida compensatoria en cumplimiento de la Resolución 1712 del 30 de junio de 2017. Expediente 60703,15_04_Comunic_Recibidas/2022/CI004_GP-16095_070108_CON_1159_CUMPLI_RESOL_1712_EXP_60703.pdf
405,1,CONCESIÓN ALTO MAGDALENA S.A.S.,,CONSORCIO 4C,GP-15839,17/06/2022,Entrega informe mantenimientos primer y segundo año medida compensatoria Resolución 0563 del 9 de marzo de 2016 modificada por la Resolución 2828 del 29 de diciembre de 2016. Expediente 51987.,15_04_Comunic_Recibidas/2022/CI004_GP-15839_070108_CON_0876_INF_MEDI_COMPENSA_EXP_51987.pdf
406,1,CONCESIÓN ALTO MAGDALENA S.A.S.,,CONSORCIO 4C,GP-15262,27/01/2022,Entrega Informe Cumplimiento Ambiental No. 20 obligaciones de compensaciones del componente biótico. Expediente LAV0004-00-2016.,15_04_Comunic_Recibidas/2022/CI004_GP-15262_070108_CON_0117_ENTREG_ICA_N20.pdf
407,2,GLOBAL LOGISTICA DE TRANSPORTE S.A.S.,,CONSORCIO 4C,GP-15858,13/10/2021,NOTIFICACION MOVILIZACION CARGA EXTRADIMENSIONADA Y/O EXTRAPESADA REF: CARTA DE PORTE Y PESO,15_04_Comunic_Recibidas/2022/CI004_GP-15858_070300_GLOBALLOGIS_SINNUMERO_SCTUD_PASO.pdf
410,3,CONCESIÓN ALTO MAGDALENA S.A.S.,,CONSORCIO 4C,GP-16343,07/10/2022,Pagos FONSECON Ley 1106 de 2016 - Septiembre 2022.,15_04_Comunic_Recibidas/2022/CI004_GP-16343_070201_CON_1459_PAG_FONSECON_SEP22.pdf
411,2,Agencia Nacional de Infraestructura,,CONSORCIO 4C,GP-16403,24/10/2022,"Respuesta a su radicado No CI.004/GP10284/22/9.2, CI.004/GP10290/22/9.2 y CI.004/GP10321/22/9.2. con los radicados ANI No. 20224091106632, No. 20224091136312 y 20224091184032 del 07 de octubre de 2022 y del 20 de octubre de 2022 - Aprobación Informe de Interventoría No. 95 del 01 al 30 de septiembre de 2022 – Contrato de Interventoría 145 de 2014 - Proyecto Girardot - Honda - Puerto Salgar.",15_04_Comunic_Recibidas/2022/CI004_GP-16403_090200_ANI_033854-1_APROBA_INF_MEN_N95.pdf
412,2,CONCESIÓN ALTO MAGDALENA S.A.S.,,CONSORCIO 4C,GP-15617,29/04/2021,Respuesta Auto DRAM No. 1503 del 1/12/2021 (Rad interno ALMA-R-2021-2039). Expediente 62208,15_04_Comunic_Recibidas/2022/CI004_GP-15617_070108_CON_0576_AUTO_DRAM_1503_EXP_62208.pdf
409,1,CONCESIÓN ALTO MAGDALENA S.A.S.,,CONSORCIO 4C,GP-15852,09/06/2022,"Entrega Informe Trimestral Ambiental 30, correspondiente al periodo de febrero, marzo y abril de 2022.",15_04_Comunic_Recibidas/2022/CI004_GP-15852_070108_CON_0797_INF_TRIM_AMB_N30.pdf
413,1,,,CONSORCIO 4C,GP-16323,,,15_04_Comunic_Recibidas/2022/CI004_GP-16323_070300_ADDEC_SINNUMERO_SCTUD_PASO.pdf
414,4,,,CONSORCIO 4C,GP-15627,4 de mayo de 2022,,15_04_Comunic_Recibidas/2022/CI004_GP-15627_050300-070300_CON_0588_PLAZ_CURA_INCUMP_BASCULAS.pdf
415,2,,,CONSORCIO 4C,GP-16076,,,15_04_Comunic_Recibidas/2022/CI004_GP-16076_070300_GLOBALLOGIS_SINNUMERO_SCTUD_PASO.pdf
416,1,,,CONSORCIO 4C,GP-15910,8 de junio de 2022,,15_04_Comunic_Recibidas/2022/CI004_GP-15910_070110_CON_0981_SOPORT_PAG_SEGYSAL_ABR_MAR22.pdf
417,8,,,CONSORCIO 4C,GP-15467,,,15_04_Comunic_Recibidas/2022/CI004_GP-15467_050300-070115_ANI_007975-1_PLAZ_CURA_CIERRE_CONVE_REDES.pdf
418,2,,,CONSORCIO 4C,GP-15569,8 de abril de 2022,,15_04_Comunic_Recibidas/2022/CI004_GP-15569_070108_CON_0523_PAG_SERVI_AMB_EXP_61526.pdf
404,1,CONCESIÓN ALTO MAGDALENA S.A.S.,,CONSORCIO 4C,GP-15503,04/04/2022,Seguimiento radicados CAR 202112035685 (Rad. Int. ALMA-2021-1508 del 8-11-2021) y 20221018460 (Rad. Int. ALMA-2022-0336 del 8/03/2022). Expediente 51539 y 62448/03,15_04_Comunic_Recibidas/2022/CI004_GP-15503_070108_CON_0470_SEG_RAD_CAR202112035685.pdf
419,1,,,CONSORCIO 4C,GP-15820,6 de junio de 2022,,15_04_Comunic_Recibidas/2022/CI004_GP-15820_070109_CON_0871_TRASLADO_PQRS_MQUINTERO.pdf
420,9,,,CONSORCIO 4C,GP-16032,2 de agosto de 2022,,15_04_Comunic_Recibidas/2022/CI004_GP-16032_050300_CON_1105_SCTUD_FASECOLDA_SEG_DAÑOS.pdf
422,1,,,CONSORCIO 4C,GP-16341,7 de Octubre de 2022,,15_04_Comunic_Recibidas/2022/CI004_GP-16341_070500_CON_1455_INF_MEN_N95_SEP22.pdf
421,4,,,CONSORCIO 4C,GP-15895,2 de junio de 2022,,15_04_Comunic_Recibidas/2022/CI004_GP-15895_070108_CON_0930_INCLUS_MEMO_DESCA_EXP_52058.pdf
425,3,,,CONSORCIO 4C,GP-15915,8 de junio de 2022,,15_04_Comunic_Recibidas/2022/CI004_GP-15915_070108_CON_0963_SCTUD_INFO_PAGA_O&M.pdf
424,2,,,CONSORCIO 4C,GP-15284,,,15_04_Comunic_Recibidas/2022/CI004_GP-15284_070108_CON_0156_PAG_SEG_AMB_EXP_51894.pdf
423,94,,,CONSORCIO 4C,GP-16340,5 de octubre de 2022,,15_04_Comunic_Recibidas/2022/CI004_GP-16340_050300_CON_1447_CONTESTA_ACCION_POPULAR.pdf
408,1,CONCESIÓN ALTO MAGDALENA S.A.S.,,CONSORCIO 4C,GP-16408,26/10/2022,Respuesta comunicado CI.004/GP10316/22/7.5 del 20/10/2022 (Rad. Int. ALMA-R-2022-1506) – Revisión Informe Gerencial Mensual No. 95 de septiembre 2022.,15_04_Comunic_Recibidas/2022/CI004_GP-16408_070500_CON_1540_REV_INF_MEN_N95_SEP22.pdf
426,2,,,CONSORCIO 4C,GP-15977,1 de julio de 2022,,15_04_Comunic_Recibidas/2022/CI004_GP-15977_070109_CON_1046_STUD_ACCESO_PREDIO_PERICO.pdf
428,2,,,CONSORCIO 4C,GP-15848,2 de julio de 2021,,15_04_Comunic_Recibidas/2022/CI004_GP-15848_070201_FBTA_FID-INT0111_APROB_FONDOS_SCTA_APORT.pdf
427,1,,,CONSORCIO 4C,GP-15528,,,15_04_Comunic_Recibidas/2022/CI004_GP-15528_070406_CON_0478_EXP_AVALUO_3-0073.pdf
429,2,,,CONSORCIO 4C,GP-15637,,,15_04_Comunic_Recibidas/2022/CI004_GP-15637_070303_ANI_012490-1_INDICES_CUMPLI_MAR22.pdf
431,1,,,CONSORCIO 4C,GP-15511,1 de abril de 2022,,15_04_Comunic_Recibidas/2022/CI004_GP-15511_070108_CON_0456_ENTREG_INF_EXP_51501.pdf
433,2,,,CONSORCIO 4C,GP-15273,,,15_04_Comunic_Recibidas/2022/CI004_GP-15273_070406_CON_0081_SEG_AVANCE_OTROSI_9.pdf
430,67,,,CONSORCIO 4C,GP-16184,5 de agosto de 2022,,15_04_Comunic_Recibidas/2022/CI004_GP-16184_070500_CON_1252_REV_INF_MEN_N91_MAY22.pdf
432,2,,,CONSORCIO 4C,GP-16129,8 de agosto de 2022,,15_04_Comunic_Recibidas/2022/CI004_GP-16129_070108_CON_1194_PAG_SERV_CTROL_AMB_EXP_51904.pdf
434,1,,,CONSORCIO 4C,GP-16041,3 de agosto de 2022,,15_04_Comunic_Recibidas/2022/CI004_GP-16041_070201_FBTA_FID-INTV01211_OPE_DESCONT_SUBCTA_OPEX.pdf
437,3,,,CONSORCIO 4C,GP-16344,6 de octubre de 2022,,15_04_Comunic_Recibidas/2022/CI004_GP-16344_070202_CON_1462_FOR_GCSP_F208_SEP22.pdf
438,1,,,CONSORCIO 4C,GP-15341,,,15_04_Comunic_Recibidas/2022/CI004_GP-15341_070108_CON_0224_INF_COMPENSA_EXP_61526.pdf
435,1,,,CONSORCIO 4C,GP-15615,1 de abril de 2021,,15_04_Comunic_Recibidas/2022/CI004_GP-15615_070108_CON_0574_AUTO_DRAM_1648_EXP_62204.pdf
436,8,,,CONSORCIO 4C,GP-15210,,,15_04_Comunic_Recibidas/2022/CI004_GP-15210_070202_CON_0036_FOR_GCSP_F001_DIC21.pdf
439,1,,,CONSORCIO 4C,GP-15638,,,15_04_Comunic_Recibidas/2022/CI004_GP-15638_070109_CON_0614_FOR_SEG_PQRS_UF5.pdf
443,2,,,CONSORCIO 4C,GP-16067,,,15_04_Comunic_Recibidas/2022/CI004_GP-16067_070303_ANI_023901-1_CONECT_POSTES_SOS_CCO.pdf
441,4,,,CONSORCIO 4C,GP-15874,2 de junio de 2022,,15_04_Comunic_Recibidas/2022/CI004_GP-15874_070108_CON_0913_INCLUS_MEMO_DESCA_EXP_52008.pdf
442,4,,,CONSORCIO 4C,GP-15198,,,15_04_Comunic_Recibidas/2022/CI004_GP-15198_070108_CON_0024_CAIDA_ARBOL_PR6+865_UF5.pdf
440,15,,,CONSORCIO 4C,GP-16098,2 de agosto de 2022,,15_04_Comunic_Recibidas/2022/CI004_GP-16098_070400_CON_1172_PROCES_ADQUI_PREDIO_5-0066.pdf
446,1,,,CONSORCIO 4C,GP-15409,7 de marzo de 2022,,15_04_Comunic_Recibidas/2022/CI004_GP-15409_070209_CON_0335_ACTA_VPIP_DIC21_ENE22.pdf
445,2,,,CONSORCIO 4C,GP-16359,3 de octubre de 2022,,15_04_Comunic_Recibidas/2022/CI004_GP-16359_070108_CON_1495_MEDIDA_COMPENSA_EXP_52181.pdf
448,2,,,CONSORCIO 4C,GP-15686,,,15_04_Comunic_Recibidas/2022/CI004_GP-15686_050300_ANI_013760-1_SCTUD_CONCEPT_COST_OCIOSOS.pdf
449,2,,,CONSORCIO 4C,GP-15522,,,15_04_Comunic_Recibidas/2022/CI004_GP-15522_070300_MOVITRAM_SINNUMERO_SCTUD_PASO.pdf
444,6,,,CONSORCIO 4C,GP-16312,8 de septiembre de 2022,,15_04_Comunic_Recibidas/2022/CI004_GP-16312_050300-070114_CON_1426_PLAZ_CURA_PERMISOS_USO.pdf
447,2,,,CONSORCIO 4C,GP-15758,1 de junio de 2022,,15_04_Comunic_Recibidas/2022/CI004_GP-15758_070108_CON_0750_PAG_SEG_AMB_EXP_51730.pdf
450,2,,,CONSORCIO 4C,GP-15281,,,15_04_Comunic_Recibidas/2022/CI004_GP-15281_070108_CON_0153_PAG_SEG_AMB_EXP_51729.pdf
453,5,,,CONSORCIO 4C,GP-15695,9 de mayo de 2022,,15_04_Comunic_Recibidas/2022/CI004_GP-15695_070109_CON_0675_PROTEC_BIEN_USO_PUB_PR26+060.pdf
452,4,,,CONSORCIO 4C,GP-15903,2 de junio de 2022,,15_04_Comunic_Recibidas/2022/CI004_GP-15903_070108_CON_0938_INCLUS_MEMO_DESCA_EXP_62023.pdf
451,6,,,CONSORCIO 4C,GP-15347,,,15_04_Comunic_Recibidas/2022/CI004_GP-15347_070202_CON_0234_ESTAD_FINAN_DIC21.pdf
456,1,,,CONSORCIO 4C,GP-15792,9 de junio  de 2022,,15_04_Comunic_Recibidas/2022/CI004_GP-15792_070109_CON_0807_LIBERA_BIEN_USO_PUB_K26+200.pdf
455,1,,,CONSORCIO 4C,GP-15546,1 de abril de 2022,,15_04_Comunic_Recibidas/2022/CI004_GP-15546_070108_CON_0500_ENTREG_INF_EXP_51505.pdf
454,4,,,CONSORCIO 4C,GP-15866,2 de junio de 2022,,15_04_Comunic_Recibidas/2022/CI004_GP-15866_070108_CON_0905_INCLUS_MEMO_DESCA_EXP_51993.pdf
457,2,,,CONSORCIO 4C,GP-16015,5 de Julio de 2022,,15_04_Comunic_Recibidas/2022/CI004_GP-16015_070201_CON_1082_INF_ING_EGRE_JUN22.pdf
459,3,,,CONSORCIO 4C,GP-15578,1 de abril de 2022,,15_04_Comunic_Recibidas/2022/CI004_GP-15578_070300_CON_0537_VERIF_ENFERMERIA_AREA_SERVI.pdf
458,1,,,CONSORCIO 4C,GP-15359,,,15_04_Comunic_Recibidas/2022/CI004_GP-15359_090200_ANI_040540-1_APROBA_INF_INTERV_N85.pdf
461,3,,,CONSORCIO 4C,GP-16175,2 de agosto de 2022,,15_04_Comunic_Recibidas/2022/CI004_GP-16175_070201_CON_1239_SCTUD_DEV_VALOR_SUBCTA_PREDIAL.pdf
460,14,,,CONSORCIO 4C,GP-15667,2 de mayo de 2022,,15_04_Comunic_Recibidas/2022/CI004_GP-15667_070108_CON_0645_COPIA_DCTOS_EXP_52054_52008.pdf
462,1,,,CONSORCIO 4C,GP-16412,24-10-2022,,15_04_Comunic_Recibidas/2022/CI004_GP-16412_070300_SPT_073775-1_RETROALIME_REPORT_OPERA_PESAJE.pdf
463,2,,,CONSORCIO 4C,GP-16059,,,15_04_Comunic_Recibidas/2022/CI004_GP-16059_090200_ANI_023372-1_APROBA_INF_N92.pdf
464,1,,,CONSORCIO 4C,GP-15876,,,15_04_Comunic_Recibidas/2022/CI004_GP-15876_070109_CON_0847_REVISTA_ALMA_AL_DIA_N28.pdf
465,1,,,CONSORCIO 4C,GP-16252,5 de septiembre de 2022,,15_04_Comunic_Recibidas/2022/CI004_GP-16252_070108_CON_1367_INF_FINAL_RESOL_2602.pdf
467,6,,,CONSORCIO 4C,GP-16077,1 de agosto de 2022,,15_04_Comunic_Recibidas/2022/CI004_GP-16077_070201_CON_1140_FOR_GCSP-F001_JUL22.pdf
466,1,,,CONSORCIO 4C,GP-15243,,,15_04_Comunic_Recibidas/2022/CI004_GP-15243_070500_ANI_001545-1_INF_GERENCIAL_N86.pdf
469,2,,,CONSORCIO 4C,GP-16135,8 de agosto de 2022,,15_04_Comunic_Recibidas/2022/CI004_GP-16135_070108_CON_1200_PAG_SERV_CTROL_AMB_EXP_52187.pdf
468,7,,,CONSORCIO 4C,GP-15718,3 de mayo de 2022,,15_04_Comunic_Recibidas/2022/CI004_GP-15718_070108_CON_0695_RTA_AUTO_EXP_61895.pdf
470,10,,,CONSORCIO 4C,GP-15734,5  de Mayo  de 2022,,15_04_Comunic_Recibidas/2022/CI004_GP-15734_070109_CON_0716_PROTEC_BIEN_USO_PUB_K0+980_K2+010.pdf
472,1,,,CONSORCIO 4C,GP-15498,1 de Abril de 2022,,15_04_Comunic_Recibidas/2022/CI004_GP-15498_070108_CON_0448_RTA_ACTA_FISCAL_SCV_09031.pdf
474,2,,,CONSORCIO 4C,GP-15751,1 de junio de 2022,,15_04_Comunic_Recibidas/2022/CI004_GP-15751_070108_CON_0743_PAG_SEG_AMB_EXP_51738.pdf
476,1,CONCESIÓN ALTO MAGDALENA S.A.S.,,CONSORCIO 4C,GP-16285,02/09/2022,Entrega Informe Cumplimiento Ambiental N°11. Exped. LAV0068-00-2015.,15_04_Comunic_Recibidas/2022/CI004_GP-16285_070108_CON_1310_ENTREGA_ICA_N11.pdf
473,4,MOVITRAM,CI.01.5331,CONSORCIO 4C,GP-15331,08/02/2022,Certificación de peso y Solicitud de paso,15_04_Comunic_Recibidas/2022/CI004_GP-15331_070300_MOVITRAM_SINNUMERO_SCTUD_PASO.pdf
471,1,Fiduciaria Bogotá,,CONSORCIO 4C,GP-15215,01/12/2021,SOPORTES DE INTERVENTORIA DE LOS MESES DE NOVIEMBRE A DICIEMBRE DE 2021. FIDEICOMISO FIDUBOGOTA–CONCESION ALTO MAGDALENA 3-1-63664,15_04_Comunic_Recibidas/2022/CI004_GP-15215_070201_FBTA_000120_SOPORT_INTERV_NOV-DIC21.pdf
475,2,CONCESIÓN ALTO MAGDALENA S.A.S.,,CONSORCIO 4C,GP-15662,11/05/2022,Cumplimiento obligación de pago servicio de seguimiento y control ambiental. Auto DRAM 03226000377 del 04/04/2022 (Rad. Int. ALMA-R-2022-0453 del 08/04/2022). Expediente 51739,15_04_Comunic_Recibidas/2022/CI004_GP-15662_070108_CON_0639_PAG_SERV_SEG_AMB_EXP_51739.pdf
477,12,Fiduciaria Bogotá S.A.,,CONSORCIO 4C,GP-15275,27/01/2022,Notificación pago fondo de seguridad vial FOSEVI mes de diciembre 2021.,15_04_Comunic_Recibidas/2022/CI004_GP-15275_070208_FBTA_SINNUMERO_PAG_FOSEVI_DIC21.pdf
480,2,,,CONSORCIO 4C,GP-16231,09/09/2022,ESTADOS FINANCIEROS AUDITADOS A 30 JUN 2022 | FID. P.A. ALTO MAGDALENA 3-1-63664,15_04_Comunic_Recibidas/2022/CI004_GP-16231_070202_FBTA_SINNUMERO_ESTAD_FINAN_AUDITAD_JUN22.pdf
478,1,CONCESIÓN ALTO MAGDALENA S.A.S.,,CONSORCIO 4C,GP-15710,23/05/2022,Respuesta PQRS UF2 2018-257 - oficio CI.004/GP9953/22/7.1.8 (Rad. Int. ALMA-R-2022-0561) Traslado solicitud PQRS – Sr Juan Gálvez y Samuel Barrera.,15_04_Comunic_Recibidas/2022/CI004_GP-15710_070109_CON_0699_TRASLAD_PQRS_JGALVEZ_SBARRERA.pdf
479,1,CONCESIÓN ALTO MAGDALENA S.A.S.,,CONSORCIO 4C,GP-15518,01/04/2022,Entrega informe Técnico No 1. Expediente 51486.,15_04_Comunic_Recibidas/2022/CI004_GP-15518_070108_CON_0463_ENTREG_INF_TEC_1_EXP_51486.pdf
481,4,CONCESIÓN ALTO MAGDALENA S.A.S.,,CONSORCIO 4C,GP-15989,15/07/2022,"Respuesta comunicación 2022-304-018119-1 del 22/06/2022 (Rad. Int. ALMA-R-2022-0876) – Alcance emisión concepto técnico para el permiso de uso, la ocupación y la intervención temporal de la infraestructura vial. Proyecto vial Girardot – Honda – Puerto Salgar. Al responder, favor citar Expediente: 20223040280200004E.",15_04_Comunic_Recibidas/2022/CI004_GP-15989_070114_CON_1065_ALC_PERMI_USO_EPM.pdf
482,1,CONCESIÓN ALTO MAGDALENA S.A.S.,,CONSORCIO 4C,GP-16256,15/09/2022,Entrega informe mantenimientos primer y segundo año medida compensatoria en cumplimiento de la Resol. 0543 del 9 de marzo de 2016. Expediente 51994,15_04_Comunic_Recibidas/2022/CI004_GP-16256_070108_CON_1358_INF_MED_COMPENSA_EXP_51994.pdf
483,4,CONCESIÓN ALTO MAGDALENA S.A.S.,,CONSORCIO 4C,GP-15538,08/04/2022,Respuesta comunicación CI.004/GP9891/21/7.2.1 – (Rad. int ALMA-R-2022-0421 del 31/03/2022). Observaciones Información Financiera febrero 2022.,15_04_Comunic_Recibidas/2022/CI004_GP-15538_070202_CON_0489_OBS_INFO_FINAN_FEB22.pdf
485,1,INVERSIONES Y CONSTRUCCIONES DEL CASTILLO S.A.S,,CONSORCIO 4C,GP-15278,03/02/2022,Transporte de Maquinaria Pesada,15_04_Comunic_Recibidas/2022/CI004_GP-15278_070300_ICCASTILLO_SINNUMERO_TRANS_MAQUINA.pdf
484,1,CONCESION ALTO MAGDALENA S.A.S.,,CONSORCIO 4C,GP-15255,27/01/2022,Alcance radicado ALMA 2022-0049 Pagos FONSECON Ley 1106 de 2016 - Diciembre 2021.,15_04_Comunic_Recibidas/2022/CI004_GP-15255_070201_CON_0120_PAG_FONSECON_DIC21.pdf
486,21,CONCESIÓN ALTO MAGDALENA S.A.S.,,CONSORCIO 4C,GP-15781,08/06/2022,Respuesta comunicado CI.004/GP9733/22/7.1.9 – 14/01/2022 (Rad. int. ALMA-R-2020-0061). Cumplimiento obligaciones Programa Apoyo Capacidad Gestión Institucional.,15_04_Comunic_Recibidas/2022/CI004_GP-15781_070109_CON_0778_CUMP_OBLIG_PROG_GEST_INST.pdf
487,1,CONCESION ALTO MAGDALENA S.A.S.,,CONSORCIO 4C,GP-15304,04/02/2022,Memoria Técnica diciembre de 2021,15_04_Comunic_Recibidas/2022/CI004_GP-15304_070500_CON_0192_MEMOTEC_DIC21.pdf
488,1,CONCESIÓN ALTO MAGDALENA S.A.S.,,CONSORCIO 4C,GP-15700,20/05/2022,"Respuesta comunicación 2022-304-010346-1 del 13/04/2021 (Rad. Int. ALMA-R-2022-0473) – Solicitud concepto técnico permiso uso, ocupación e intervención temporal infraestructura vial – Instalación redes alcantarillado fase 1 Plan Maestro Acueducto y Alcantarillado del corregimiento de Puerto Bogotá – Expediente: 20223040280200195E.",15_04_Comunic_Recibidas/2022/CI004_GP-15700_070114_CON_0676_SCTUD_PERMI_USO_ALC_PTO_BGTA.pdf
489,2,CONCESIÓN ALTO MAGDALENA S.A.S.,,CONSORCIO 4C,GP-16327,04/10/2022,Observaciones comunicación CI.004/GP10253/22/5.3 – Cierre del plazo de cura otorgado al Concesionario para presentar la Póliza Todo Riesgo (ALMA-R-2022-1337),15_04_Comunic_Recibidas/2022/CI004_GP-16327_050300_CON_1442_CIERRE_PLAZ_CURA_POLIZA.pdf
490,3,CONCESIÓN ALTO MAGDALENA S.A.S.,,CONSORCIO 4C,GP-15556,12/04/2022,"Respuesta comunicación CI.004/GP9870/22/7.1.7 (Rad. Int. ALMA-R-2022-0355 – 31/01/2022). ""Entrega Información MinTransporte - SINC.""",15_04_Comunic_Recibidas/2022/CI004_GP-15556_070107_CON_0512_ENTREG_INFO_MINTRANSPORTE.pdf
491,1,CONCESION ALTO MAGDALENA S.A.S.,,CONSORCIO 4C,GP-15258,28/01/2022,Respuesta oficio CI.004/GP9753/22/7.1.9 (rad. Int ALMA-R-2022-0103 - 25/01/2022)- Respuesta comunicado ALMA-2022-0050. Cierre definitivo PQRS UF2 2019 436- Francisca Gutiérrez Moreno.,15_04_Comunic_Recibidas/2022/CI004_GP-15258_070109_CON_0127_PQRS_FGUTIERREZ.pdf
492,6,MOVITRAM,,CONSORCIO 4C,GP-16396,22/10/2022,CERTIFICACIÓN DE PESO Y SOLICITUD DE PASO,15_04_Comunic_Recibidas/2022/CI004_GP-16396_070300_MOVITRAM_SINNUMERO_SCTUD_PASO.pdf
494,1,CONCESIÓN ALTO MAGDALENA S.A.S.,,CONSORCIO 4C,GP-16079,11/08/2022,Informe trimestral Socio - Ambiental 31– Componente Social,15_04_Comunic_Recibidas/2022/CI004_GP-16079_070109_CON_1142_INF_TRIM_SOCIAL_N31.pdf
493,2,CONCESIÓN ALTO MAGDALENA S.A.S.,,CONSORCIO 4C,GP-16169,18/08/2022,"Entrega informe mantenimientos realizados primer y segundo año medida compensatoria en cumplimiento de la Resol. No. 0441 del 25/02/2016, prorrogada por la Resol. No. 1141 del 30/04/2018. Expediente 52187",15_04_Comunic_Recibidas/2022/CI004_GP-16169_070108_CON_1230_CUMPLI_RESOL_1141_EXP_52187.pdf
495,2,Agencia Nacional de Infraestructura,,CONSORCIO 4C,GP-16250,14-09-2022,"Solicitud manual, protocolo y/o procedimiento empleado por el concesionario vial para la activación de las Señales de Mensaje Variable - SMV. Proyecto Girardot – Honda – Puerto Salgar. –Contrato de Interventoría No. 145 del 2014.Consorcio 4C.",15_04_Comunic_Recibidas/2022/CI004_GP-16250_070300_ANI_028784-1_SCTUD_MANUAL_ACTIVA_SMV.pdf
496,3,CONCESIÓN ALTO MAGDALENA S.A.S.,,CONSORCIO 4C,GP-15969,11/07/2022,GCSP-F-208 Informe de Ingresos por Explotación Comercial Junio de 2022,15_04_Comunic_Recibidas/2022/CI004_GP-15969_070202_CON_1042_FOR_GCSP_F208_JUN22.pdf
498,3,Agencia Nacional de Infraestructura,,CONSORCIO 4C,GP-15747,31/05/2022,Radicado S-2022-049616-Oficio 199 - Radicado ANI.20224090566702 - Contrato de Concesión APP No. 003 de 2014 – Proyecto Vial Honda- Puerto Salgar- Girardot- Predio ALMA 4-0028.,15_04_Comunic_Recibidas/2022/CI004_GP-15747_070400_ANI_015694-1_PROCESO_EXPRO_PREDIO_4-0028.pdf
499,1,CONCESIÓN ALTO MAGDALENA S.A.S.,,CONSORCIO 4C,GP-15777,07/06/2022,Entrega Informe Gerencial Mensual N° 91 – mayo 2022,15_04_Comunic_Recibidas/2022/CI004_GP-15777_070500_CON_0773_INF_MEN_N91_MAY22.pdf
500,1,CONCESIÓN ALTO MAGDALENA S.A.S.,,CONSORCIO 4C,GP-15995,15/07/2022,Respuesta comunicación CI.004/GP10102/22/7.1.8 (Rad. Int. ALMA-R-2022-0971 – 8/07/2022). Observaciones Informe Trimestral Ambiental N° 30/ Componente Ambiental.,15_04_Comunic_Recibidas/2022/CI004_GP-15995_070108_CON_1072_OBS_INF_TRIM_AMB_N30.pdf
497,5,CONCESIÓN ALTO MAGDALENA S.A.S.,,CONSORCIO 4C,GP-15563,12/04/2022,Respuesta comunicado CI.004/GP9894/21/5.3-7.3 (Rad. Int. ALMA-R 2022-0439). Otorgamiento Plazo de Cura por el incumplimiento en la seguridad vial desvío temporal PR66+820 Unidad Funcional 3 – Pérdida parcial de la banca.,15_04_Comunic_Recibidas/2022/CI004_GP-15563_050300-070300_CON_0519_PLAZO_CURA_PR66+820.pdf
501,1,CONCESIÓN ALTO MAGDALENA S.A.S.,,CONSORCIO 4C,GP-15642,04/05/2022,Respuesta Auto DRAM No. 1650 del 13/12/2021 (Rad in. ALMA-R-2021-1922). Expediente 61891,15_04_Comunic_Recibidas/2022/CI004_GP-15642_070108_CON_0604_RTA_AUTO_DRAM_1650.pdf
503,6,Agencia Nacional de Infraestructura,,CONSORCIO 4C,GP-15685,16-05-2022,Respuesta a su comunicado No.CI.004/GP9902/22/5.3-7.1.4 con radicado ANI No. 20224090407322 del 11 de abril de 2022 – No objeción Plazo de Cura por el presunto incumplimiento en la Aplicación de la Norma NTC4201 en pasamanos de Puentes Peatonales y Áreas de Servicio. Contrato de Interventoría No. 145 de 2014 – Proyecto Girardot – Honda – Puerto Salgar. Consorcio 4C.,15_04_Comunic_Recibidas/2022/CI004_GP-15685_050300-070104_ANI_013776-1_PLAZ_CURA_APLICA_NTC4201.pdf
502,2,CONCESIÓN ALTO MAGDALENA S.A.S.,,CONSORCIO 4C,GP-15763,01/06/2022,Cumplimiento obligación pago seguimiento autorización ocupación de cauce. Auto DRBM 04226000363 del 10/05/2022 (Rad. Interno ALMA-R-2022-0612 del 11/05/2022). Expediente 52041,15_04_Comunic_Recibidas/2022/CI004_GP-15763_070108_CON_0755_PAG_SEG_AMB_EXP_52041.pdf
504,3,CONCESIÓN ALTO MAGDALENA S.A.S.,ALMA-2022-0731,CONSORCIO 4C,GP-15741,27/05/2022,Respuesta comunicación con radicado 20227300121381. Requerimiento - Oficio con Radicado No. 20225340093772 “Queja Concesión Alto Magdalena SAS”,15_04_Comunic_Recibidas/2022/CI004_GP-15741_070110_070300_CON_0731_RTA_RECLAM_DAÑO_JMEDINA.pdf
505,4,CONCESIÓN ALTO MAGDALENA S.A.S.,,CONSORCIO 4C,GP-15901,22/06/2022,"Solicitud inclusión memorando DESCA 20213043001 del 17 de junio de 2021 al permiso de ocupación de cauce otorgado, que reposa en el Expediente 61765.",15_04_Comunic_Recibidas/2022/CI004_GP-15901_070108_CON_0936_INCLUS_MEMO_DESCA_EXP_61765.pdf
506,2,,,CONSORCIO 4C,GP-15465,24/03/2022,Solicitud remisión concepto integral frente la solicitud de la Concesión Alto Magdalena S.A.S en referencia a la solicitud de Evento Eximente de Responsabilidad por imposibilidad de adquisición de 3 predios bajo la administración de la SAE. Contrato de Interventoría No. 145 de 2014 – Proyecto Girardot – Honda – Puerto Salgar. Consorcio 4C.,15_04_Comunic_Recibidas/2022/CI004_GP-15465_050300-070400_ANI_007942-1_EER_ADQUIS_PREDIOS_SAE.pdf
509,3,CONCESIÓN ALTO MAGDALENA S.A.S.,,CONSORCIO 4C,GP-15971,11/07/2022,Pagos FONSECON Ley 1106 de 2016 - Junio 2022.,15_04_Comunic_Recibidas/2022/CI004_GP-15971_070201_CON_1044_PAG_FONSECON_JUN22.pdf
507,19,CONCESIÓN ALTO MAGDALENA S.A.S.,,CONSORCIO 4C,GP-16044,03/08/2022,Respuesta comunicación CI.004/GP9976/22/7.4.2 – (Rad. Int. ALMA-R-2022-0617-11/05/2022). Compensación Social Ovidio de Jesús Rúa.,15_04_Comunic_Recibidas/2022/CI004_GP-16044_070402_CON_1116_COMPENSA_SOCIAL_OVIDIO_RUA.pdf
508,1,CONCESIÓN ALTO MAGDALENA S.A.S.,,CONSORCIO 4C,GP-15706,19/05/2022,"Entrega Informe Final, Resolución No. 2284 del 03 de noviembre de 2015, UF 5.3, ""Por la cual se efectúa un Levantamiento Parcial de Veda y se toman otras determinaciones"", Exp. ATV 0247, DBBSE. EXPEDIENTE: LAV0068-00-2015.",15_04_Comunic_Recibidas/2022/CI004_GP-15706_070108_CON_0670_ENTREGA_INF_FINAL_RESOL_2284.pdf
510,1,CONCESIÓN ALTO MAGDALENA S.A.S.,,CONSORCIO 4C,GP-16014,27/07/2022,Entrega soportes Pagos de Seguridad Social mayo y Salarios abril de 2022.,15_04_Comunic_Recibidas/2022/CI004_GP-16014_070110_CON_1085_PAG_SEGYSAL_MAY_ABR22.pdf
513,2,Agencia Nacional de Infraestructura - ANI,,CONSORCIO 4C,GP-16271,19/09/2022,"Solicitud de información estado de avance en el seguimiento a la ejecución de la inversión forzosa de no menos del 1%. Contrato de Concesión N° 003 de 2014, proyecto Honda – Puerto Salgar – Girardot",15_04_Comunic_Recibidas/2022/CI004_GP-16271_070108_ANI_029340-1_SCTUD_INFO_AVANCE_INVER.pdf
512,4,CONCESION ALTO MAGDALENA S.A.S.,,CONSORCIO 4C,GP-15302,03/02/2022,Informe Semanal Eventos eximentes de responsabilidad reconocidos mediante actas del 6 de septiembre y 23 de noviembre de 2021.,15_04_Comunic_Recibidas/2022/CI004_GP-15302_050300-070400_CON_0177_INF_SEM_EER_PREDIAL.pdf
511,2,CONCESIÓN ALTO MAGDALENA S.A.S.,ALMA-2022-1025,CONSORCIO 4C,GP-15956,06/07/2022,Cumplimiento de la obligación de pago por el servicio de seguimiento y control ambiental. Auto DRAM 03226000745 de 09/06/2022 (Rad. Interno ALMA-R-2022-0812 del 10/06/2022). Expediente 51739.,15_04_Comunic_Recibidas/2022/CI004_GP-15956_070108_CON_1025_PAG_SEG_CTROL_AMB_EXP_51739.pdf
514,1,CONCESIÓN ALTO MAGDALENA S.A.S.,,CONSORCIO 4C,GP-15425,11/03/2022,"Remisión de Actas de retribución de enero de 2022, de las UF 1,2,3,4 y 5.",15_04_Comunic_Recibidas/2022/CI004_GP-15425_070210_CON_0359_ACTAS_RETRIBU_ENE22.pdf
515,1,CONCESIÓN ALTO MAGDALENA S.A.S.,,CONSORCIO 4C,GP-16081,11/08/2022,"Remisión listado formatos de seguimientos de PQRS UF1, para revisión.",15_04_Comunic_Recibidas/2022/CI004_GP-16081_070109_CON_1143_FOR_SEG_PQRS_UF1.pdf
517,1,Fiduciaria Bogotá S.A.,FID - INTV 0122,CONSORCIO 4C,GP-16036,02/08/2022,INFORME MENSUAL DEL 1 AL 30 DE JUNIO DE 2022 FIDEICOMISO FIDUBOGOTA–CONCESION ALTO MAGDALENA 3-1- 63664,15_04_Comunic_Recibidas/2022/CI004_GP-16036_070200_FBTA_FID-INTV0122_INF_MEN_JUN22.pdf
516,1,CONCESIÓN ALTO MAGDALENA S.A.S.,,CONSORCIO 4C,GP-15517,01/04/2022,"Entrega informe de los mantenimientos realizados en el primer año, segundo año y tercer año del establecimiento de la medida compensatoria en cumplimiento de la Resolución Nº 2438 del 11 de septiembre del 2017. Expediente 62723",15_04_Comunic_Recibidas/2022/CI004_GP-15517_070108_CON_0462_ENTREG_INF_EXP_62723.pdf
518,1,,,CONSORCIO 4C,GP-15205,06/01/2022,"Remisión comunicado No. CI.004/GP9702/21/7.3.7 con radicado ANI No. 20214091518682 - Accidente con víctima fatal en la Unidad Funcional 2, PR0+220, Ruta Nacional 4508. Contrato de Concesión 003 de 2014 – Proyecto Girardot – Honda – Puerto Salgar. Concesión Alto Magdalena S.A.S.",15_04_Comunic_Recibidas/2022/CI004_GP-15205_070307_ANI_000130-1_ACCID_VICTIMA_FATAL_UF2.pdf
520,1,CONCESIÓN ALTO MAGDALENA S.A.S.,,CONSORCIO 4C,GP-16215,02/09/2022,Entrega informe mantenimientos primer y segundo año medida compensatoria en cumplimiento de la Resolución 0552 del 9 de marzo de 2016. Exped.52041,15_04_Comunic_Recibidas/2022/CI004_GP-16215_070108_CON_1320_INF_MED_COMPENSA_EXP_52041.pdf
519,45,CONCESIÓN ALTO MAGDALENA S.A.S.,,CONSORCIO 4C,GP-15571,19/04/2022,"Respuesta comunicado CI.004/GP9805/22/7.1.4 (Rad. Int. ALMA-R-2022-0208 16/02/2022). Requerimiento formal aplicación norma NTC4201 en pasamanos de Puentes Peatonales, áreas de servicio y CCO.",15_04_Comunic_Recibidas/2022/CI004_GP-15571_070104_CON_0526_APLI_NORMA_NTC4201_PASAMANOS.pdf
522,1,Fiduciaria Bogotá SA,,CONSORCIO 4C,GP-16053,03/08/2022,Notificación pago fondo de seguridad vial FOSEVI mes junio 2022.,15_04_Comunic_Recibidas/2022/CI004_GP-16053_070208_FBTA_SINNUMERO_FOSEVI_JUN22.pdf
521,7,CONCESIÓN ALTO MAGDALENA S.A.S.,,CONSORCIO 4C,GP-15818,15/06/2022,Solicitud liberación bienes de uso público PR24+060 Ruta Nacional 45-10 costado izquierdo de la vía Honda – La Dorada,15_04_Comunic_Recibidas/2022/CI004_GP-15818_070109_CON_0827_LIBERA_BIENES_USO_PUB_PR24+060.pdf
524,2,Agencia Nacional de Infraestructura,,CONSORCIO 4C,GP-15523,06/04/2022,"Traslado solicitud por parte de la Supertransporte con radicado No 20227300203741 del 30 de marzo del 2022. notifican a estas Agencia por medio de correo electrónico. - Proyecto Girardot – Honda – Puerto Salgar, Contrato de Concesión 003 de 2014. Concesión Alto Magdalena S.A.S.",15_04_Comunic_Recibidas/2022/CI004_GP-15523_070300_ANI_009623-1_TRASLAD_SPT_PESAJES.pdf
526,1,CONCESIÓN ALTO MAGDALENA S.A.S.,,CONSORCIO 4C,GP-15797,03/06/2021,Respuesta Auto DRAM No. 0502 del 28/04/2022 (Rad int. ALMA-R-2021-0704). Expediente 51700.,15_04_Comunic_Recibidas/2022/CI004_GP-15797_070108_CON_0799_RTA_AUTO_DRAM_0502_EXP_51700.pdf
523,2,EMPRESAS PÚBLICAS DE MEDELLÍN E.S.P.,,CONSORCIO 4C,GP-15221,13/01/2022,"Radicados No. 20224090014062, 20224090014522 y 20224090014672 del 6 de enero de 2022 - Solicitud de concepto técnico de permiso de uso, ocupación y la intervención temporal de la infraestructura vial - Proyecto vial Girardot – Honda – Puerto Salgar. Al responder, favor citar Expediente: 20223040280200004E.",15_04_Comunic_Recibidas/2022/CI004_GP-15221_070114_ANI_000677-1_SCTUD_CONCEPT_EP_MEDELLIN.pdf
525,1,CONCESIÓN ALTO MAGDALENA S.A.S.,ALMA-2022-1318,CONSORCIO 4C,GP-16213,02/09/2022,Entrega informe mantenimientos primer y segundo año medida compensatoria en cumplimiento de la Resolución 0545 del 9 de marzo de 2016. Exped. 52033,15_04_Comunic_Recibidas/2022/CI004_GP-16213_070108_CON_1318_INF_MED_COMPENSA_EXP_52033.pdf
527,1,CONCESION ALTO MAGDALENA S.A.S.,,CONSORCIO 4C,GP-15338,11/02/2022,Entrega Estudio fase desmantelamiento y abandono. Exp. LAV0004-00-2016.,15_04_Comunic_Recibidas/2022/CI004_GP-15338_070108_CON_0220_ESTUD_FASE_DESMANTELA.pdf
529,2,Agencia Nacional de Infraestructura,,CONSORCIO 4C,GP-15736,25/05/2022,"Traslado solicitud de la peticionaria Mary Isabel Patiño Pinzón propietaria del predio el Diamante; con radicado ANI No. 20224090570592 del 23 de mayo del 2022. - Proyecto Girardot – Honda – Puerto Salgar, Contrato de Interventoría 145 de 2014. Consorcio 4C.",15_04_Comunic_Recibidas/2022/CI004_GP-15736_070109_ANI_015168-1_TRASLAD_SCTUD_MPATIÑO.pdf
528,1,CONCESIÓN ALTO MAGDALENA S.A.S.,,CONSORCIO 4C,GP-16161,18/08/2022,Entrega informe mantenimientos realizados en el primer y segundo año de la medida compensatoria en cumplimiento de la Resol. 0400 del 24/02/2016. Expediente 51841,15_04_Comunic_Recibidas/2022/CI004_GP-16161_070108_CON_1222_CUMPLI_RESOL_0400_EXP_51841.pdf
530,1,CONCESIÓN ALTO MAGDALENA S.A.S.,ALMA-2022-1354,CONSORCIO 4C,GP-16272,14/09/2022,"Entrega del expediente predial ALMA-3-0146, para revisión y aprobación del componente social.",15_04_Comunic_Recibidas/2022/CI004_GP-16272_070402_CON_1354_EXP_SOCIAL_3-0146.pdf
534,1,,,CONSORCIO 4C,GP-16369,1 de octubre de 2022,,15_04_Comunic_Recibidas/2022/CI004_GP-16369_070401_CON_1473_REMISION_8_EXP_PREDIAL.pdf
535,1,,,CONSORCIO 4C,GP-16307,8 de septiembre de 2022,,15_04_Comunic_Recibidas/2022/CI004_GP-16307_070202_FBTA_FID-INTV0125_INF_MEN_AGO22.pdf
533,7,,,CONSORCIO 4C,GP-16239,,,15_04_Comunic_Recibidas/2022/CI004_GP-16239_050300-070300_ANI_028370-1_PLAZ_CURA_VELOCID_UF2_3.pdf
536,4,,,CONSORCIO 4C,GP-15878,2 de junio de 2022,,15_04_Comunic_Recibidas/2022/CI004_GP-15878_070108_CON_0916_INCLUS_MEMO_DESCA_EXP_52020.pdf
537,6,,,CONSORCIO 4C,GP-16224,,,15_04_Comunic_Recibidas/2022/CI004_GP-16224_070300_ANI_000034-4_CARG_INFO_SIT_ANISCOPIO.pdf
532,23,,,CONSORCIO 4C,GP-16203,,,15_04_Comunic_Recibidas/2022/CI004_GP-16203_070109_CON_1304_COMPRO_MESA_TRAB_GUATAQUI.pdf
540,1,,,CONSORCIO 4C,GP-16171,3 de agosto de 2022,,15_04_Comunic_Recibidas/2022/CI004_GP-16171_070208_FBTA_SINNUMERO_FOSEVI_JUL22.pdf
538,1,,,CONSORCIO 4C,GP-16337,6 de octubre de 2022,,15_04_Comunic_Recibidas/2022/CI004_GP-16337_070301_CON_1452_OBS_MANUAL_O&M_V07.pdf
539,4,,,CONSORCIO 4C,GP-15899,2 de junio de 2022,,15_04_Comunic_Recibidas/2022/CI004_GP-15899_070108_CON_0934_INCLUS_MEMO_DESCA_EXP_60235.pdf
531,1,,,CONSORCIO 4C,GP-15922,8 de junio de 2022,,15_04_Comunic_Recibidas/2022/CI004_GP-15922_070108_CON_0975_ICA_N03_EXP_69612.pdf
544,1,,,CONSORCIO 4C,GP-15376,,,15_04_Comunic_Recibidas/2022/CI004_GP-15376_070110_CON_0303_INFO_ACCIDENT_LABORA_19-21.pdf
541,7,,,CONSORCIO 4C,GP-15599,9 de abril de 2022,,15_04_Comunic_Recibidas/2022/CI004_GP-15599_070104_CON_0558_O&M_AREAS_CONTRACTUALES.pdf
542,2,,,CONSORCIO 4C,GP-16130,8 de agosto de 2022,,15_04_Comunic_Recibidas/2022/CI004_GP-16130_070108_CON_1195_PAG_SERV_CTROL_AMB_EXP_51731.pdf
545,6,,,CONSORCIO 4C,GP-15584,2 de abril de 2022,,15_04_Comunic_Recibidas/2022/CI004_GP-15584_070303_CON_0545_INDIC_CUMPLI_MAR22.pdf
543,2,,,CONSORCIO 4C,GP-15672,13 de mayo de 2022,,15_04_Comunic_Recibidas/2022/CI004_GP-15672_070201_FBTA_SINNUMERO_INF_MEN_ABR22.pdf
547,1,,,CONSORCIO 4C,GP-15527,2 de marzo de 2022,,15_04_Comunic_Recibidas/2022/CI004_GP-15527_070108_CON_0384_ENTREG_ICA_N22.pdf
546,1,,,CONSORCIO 4C,GP-15791,9 de junio de 2022,,15_04_Comunic_Recibidas/2022/CI004_GP-15791_070110_CON_0806_PAG_SEGYSAL_MAR_FEB22.pdf
548,1,,,CONSORCIO 4C,GP-15320,,,15_04_Comunic_Recibidas/2022/CI004_GP-15320_070108_CON_0165_RTA_RAD_CAR03222000266.pdf
549,2,,,CONSORCIO 4C,GP-16101,2 de agosto de 2022,,15_04_Comunic_Recibidas/2022/CI004_GP-16101_070108_CON_1167_CUMPLI_RESOL_2444_EXP_62377.pdf
552,3,,,CONSORCIO 4C,GP-15916,,,15_04_Comunic_Recibidas/2022/CI004_GP-15916_070108_CON_0964_SCTD_NO_COBRO_MULTA_RESOL_VSC-1086.pdf
551,4,,,CONSORCIO 4C,GP-15266,,,15_04_Comunic_Recibidas/2022/CI004_GP-15266_070402_CON_0135_PROG_GEST_ELUSI_PEAJE_GUATAQUI.pdf
550,2,,,CONSORCIO 4C,GP-15318,,,15_04_Comunic_Recibidas/2022/CI004_GP-15318_070108_CON_0179_PAG_SEG_AMB_EXP_60699.pdf
553,5,,,CONSORCIO 4C,GP-15385,,,15_04_Comunic_Recibidas/2022/CI004_GP-15385_070201_CON_0306_REINTEG_SUBCTA_CADEX.pdf
554,1,,,CONSORCIO 4C,GP-15473,8 de marzo de 2022,,15_04_Comunic_Recibidas/2022/CI004_GP-15473_070500_CON_0420_MANUAL_OPERA_22.pdf
555,5,CONCESIÓN ALTO MAGDALENA S.A.S.,,CONSORCIO 4C,GP-15565,18/04/2022,Notificación plazos previstos para el cumplimiento de la adquisición de predios de acuerdo con el “Periodo de Exclusión 3” o “PE3 ℎ 𝑢 ” – establecido en el Otrosí 10 del Contrato de Concesión.,15_04_Comunic_Recibidas/2022/CI004_GP-15565_050300-070400_CON_0520_PLAZOS_ADQUISI_PREDIOS.pdf
556,1,CONCESIÓN ALTO MAGDALENA S.A.S.,,CONSORCIO 4C,GP-16116,17/06/2022,Entrega informe mantenimientos primer y segundo año medida compensatoria Resol. 1079 del 16/05/2016 modificada por la Res. 1045 del 26/04/2017. Expediente 52031.,15_04_Comunic_Recibidas/2022/CI004_GP-16116_070108_CON_0884_CUMPLI_RESOL_1045_EXP_52031.pdf
557,2,CONCESIÓN ALTO MAGDALENA S.A.S.,ALMA-2022-1202,CONSORCIO 4C,GP-16137,18/08/2022,Cumplimiento obligación pago servicio seguimiento y control ambiental. Auto DRAM 03226000898 de 8/07/2022 (Rad. Int. ALMA-R-2022-0975 del 08/07/2022). Expediente 60697,15_04_Comunic_Recibidas/2022/CI004_GP-16137_070108_CON_1202_PAG_SERV_CTROL_AMB_EXP_60697.pdf
558,3,,,CONSORCIO 4C,GP-15438,15/03/2022,INFORME MENSUAL- FEBRERO 2022 P.A. ALTO MAGDALENA 3-1 63664,15_04_Comunic_Recibidas/2022/CI004_GP-15438_070201_FBTA_SINNUMERO_ALC_INF_MEN_FEB22.pdf
559,2,,,CONSORCIO 4C,GP-15790,9 de junio de 2022,,15_04_Comunic_Recibidas/2022/CI004_GP-15790_070110_CON_0804_SOPORT_PAG_SEGYSAL_2022.pdf
560,22,,,CONSORCIO 4C,GP-15417,,,15_04_Comunic_Recibidas/2022/CI004_GP-15417_050300-070100_ANI_006272-1_PLAZ_CURA_DEFENS_METALIC_UF4.pdf
561,2,,,CONSORCIO 4C,GP-16018,,,15_04_Comunic_Recibidas/2022/CI004_GP-16018_050300_CON_1091_PAZ_SALVO_FONTUR.pdf
562,1,,,CONSORCIO 4C,GP-15608,9 de abril de 2022,,15_04_Comunic_Recibidas/2022/CI004_GP-15608_070108_CON_0567_ENTREGA_INF_EXP_51976.pdf
563,2,,,CONSORCIO 4C,GP-16009,5 de julio de 2022,,15_04_Comunic_Recibidas/2022/CI004_GP-16009_070300_TRANSSURENCO_SINNUMERO_SCTUD_PASO.pdf
565,1,,,CONSORCIO 4C,GP-15475,,,15_04_Comunic_Recibidas/2022/CI004_GP-15475_FBTA_070202_001474_SOPORT_SCTAS_ENE_FEB22.pdf
564,2,,,CONSORCIO 4C,GP-15757,1 de junio de 2022,,15_04_Comunic_Recibidas/2022/CI004_GP-15757_070108_CON_0749_PAG_SEG_AMB_EXP_51734.pdf
566,2,,,CONSORCIO 4C,GP-15835,,,15_04_Comunic_Recibidas/2022/CI004_GP-15835_070300_GLOBALLOGIS_SINNUMERO_SCTUD_PASO.pdf
568,1,,,CONSORCIO 4C,GP-16248,,,15_04_Comunic_Recibidas/2022/CI004_GP-16248_070300_ANI_028622-1_EVALUA_USUARIO_ISEM_22.pdf
567,2,,,CONSORCIO 4C,GP-16291,2 de septiembre de 2022,,15_04_Comunic_Recibidas/2022/CI004_GP-16291_070108_CON_1393_MED_COMPENSA_EXP_51725.pdf
569,4,CONCESIÓN ALTO MAGDALENA S.A.S.,,CONSORCIO 4C,GP-15907,22/06/2022,"Solicitud inclusión memorando DESCA 20213043001 del 17 de junio de 2021 al permiso de ocupación de cauce otorgado, que reposa en el Expediente 62041.",15_04_Comunic_Recibidas/2022/CI004_GP-15907_070108_CON_0942_INCLUS_MEMO_DESCA_EXP_62041.pdf
572,1,CONCESION ALTO MAGDALENA S.A.S.,,CONSORCIO 4C,GP-15187,03/01/2022,"Remisión de Actas de retribución del mes de noviembre de 2021 de las UF1, UF2, UF3, UF4 y UF5.",15_04_Comunic_Recibidas/2022/CI004_GP-15187_070210_CON_0002_ACTAS_RETRIBU_NOV21.pdf
571,1,CONCESIÓN ALTO MAGDALENA S.A.S.,,CONSORCIO 4C,GP-15507,01/04/2022,"Entrega informe de los mantenimientos realizados en el primer año, segundo año y tercer año del establecimiento de la medida compensatoria en cumplimiento de la Resolución 0297 del 16 de febrero de 2016. Expediente 51492",15_04_Comunic_Recibidas/2022/CI004_GP-15507_070108_CON_0452_ENTREG_INF_EXP_51492.pdf
570,2,Agencia Nacional de Infraestructura,,CONSORCIO 4C,GP-15810,13/06/2022,"Respuesta a su comunicado No. ALMA-2022-0718 con radicado ANI No. 20224090584302; Cuenta de Cobro No.5 Aportes Contingencia Subcuenta Redes. Proyecto Girardot – Honda – Puerto Salgar, Contrato de Concesión 003 de 2014. Concesión Alto Magdalena S.A.S.",15_04_Comunic_Recibidas/2022/CI004_GP-15810_070115-070201_ANI_017352-1_CTA_COBRO_N5_SUBCTA_REDES.pdf
574,2,Agencia Nacional de Infraestructura,,CONSORCIO 4C,GP-15821,16/06/2022,"Solicitud de Apoyo Interinstitucional para el Desarrollo del Estudio en Gestión Social y del Comportamiento en Seguridad Vial, a cargo de la Agencia Nacional de Seguridad Vial – (ANSV) - Contrato 097 de 2022.",15_04_Comunic_Recibidas/2022/CI004_GP-15821_070300_ANI_017704-1_APOYO_SOCIAL_SEG_VIAL.pdf
573,1,CONCESIÓN ALTO MAGDALENA S.A.S.,,CONSORCIO 4C,GP-16254,15/09/2022,Entrega Informe No. 7. Resol. No. 2602 del 15/12/2015. Expediente ATV 0275.,15_04_Comunic_Recibidas/2022/CI004_GP-16254_070108_CON_1369_INF_N7_RESOL_2602_ATV_0275.pdf
576,1,CONCESIÓN ALTO MAGDALENA S.A.S.,,CONSORCIO 4C,GP-15598,29/04/2022,"Remisión listado de formatos de seguimientos de PQRS UF4, para su respectiva revisión.",15_04_Comunic_Recibidas/2022/CI004_GP-15598_070109_CON_0556_FOR_SEG_PQRS_UF4.pdf
575,1,Agencia Nacional de Infraestructura,,CONSORCIO 4C,GP-15472,28/03/2022,"Información complementaria a Solicitud No.2 de concepto técnico para el permiso de uso, la ocupación y la intervención temporal de la infraestructura vial presentada por EMPRESAS PÚBLICAS DE MEDELLÍN E.S.P/ Proyecto vial Girardot – Honda – Puerto Salgar. Al responder favor citar el expediente: 20223040280200004E",15_04_Comunic_Recibidas/2022/CI004_GP-15472_070114_ANI_008258-1_SCTUD_PERM_USO_EPM.pdf
577,2,CONCESIÓN ALTO MAGDALENA S.A.S.,,CONSORCIO 4C,GP-16143,18/08/2022,Cumplimiento obligación pago servicio de seguimiento y control ambiental. Auto DRAM 03226000917 de 11/07/2022 (Rad. Int. ALMA-R-2022-1000 del 13/07/2022). Expediente 51841,15_04_Comunic_Recibidas/2022/CI004_GP-16143_070108_CON_1208_PAG_SERV_CTROL_AMB_EXP_51841.pdf
580,1,CONCESIÓN ALTO MAGDALENA S.A.S.,,CONSORCIO 4C,GP-15299,03/02/2022,Respuesta oficio CAR 03222000438 (Rad. Int. ALMA-R-2022-0085 - 20/01/2022). Expedientes 52175 y 51904,15_04_Comunic_Recibidas/2022/CI004_GP-15299_070108_CON_0174_RTA_CAR_03222000438.pdf
579,1,CONCESIÓN ALTO MAGDALENA S.A.S.,,CONSORCIO 4C,GP-16421,27/10/2022,Entrega informe mantenimientos primer y segundo año medida compensatoria en cumplimiento de la Resolución 0319 del 16/02/2016 modificada con la Resolución 3895 del 7/12/2017. Expediente 51895.,15_04_Comunic_Recibidas/2022/CI004_GP-16421_070108_CON_1551_MEDIDA_COMPENSA_EXP_51895.pdf
578,2,Agencia Nacional de Infraestructura,,CONSORCIO 4C,GP-16048,02/08/2022,"Comunicados No. CI.004/GP10136/22/7.1.8 y CI.004/GP10137/22/7.1.10 ANI No. 20224090824192 y 20224090824222 del 27 de julio del 2022; recomendaciones ambientales y SST trabajos realizados PR66+820 UF3 - Proyecto Girardot – Honda – Puerto Salgar, Contrato de Concesión 003 de 2014. Concesión Alto Magdalena S.A.S.",15_04_Comunic_Recibidas/2022/CI004_GP-16048_070108-070110_ANI_022924-1_RECOMEND_AMB_SST_PR66+820.pdf
581,1,CONCESIÓN ALTO MAGDALENA S.A.S.,,CONSORCIO 4C,GP-15501,04/04/2022,Entrega soportes Pagos de Seguridad Social enero 2022 y Salarios diciembre de 2021.,15_04_Comunic_Recibidas/2022/CI004_GP-15501_070110_CON_0471_PAG_SEGYSAL_ENE22_DIC21.pdf
582,2,Agencia Nacional de Infraestructura,,CONSORCIO 4C,GP-15893,24/06/2022,"Requerimiento Supertransporte para ajustes en el plan de acciones de mejora Inspección Programa Especial SETA - Proyecto Girardot – Honda – Puerto Salgar, Contrato de Concesión 003 de 2014. Concesión Alto Magdalena S.A.S.",15_04_Comunic_Recibidas/2022/CI004_GP-15893_070300_ANI_018577-1_REQ_AJUST_PROG_SETA.pdf
583,2,CONCESIÓN ALTO MAGDALENA S.A.S.,,CONSORCIO 4C,GP-15614,29/04/2021,Respuesta Auto DRAM No. 1549 del 3/12/2021 (Rad interno ALMA-R-2022-0008). Expediente 51731,15_04_Comunic_Recibidas/2022/CI004_GP-15614_070108_CON_0573_AUTO_DRAM_1549_EXP_51731.pdf
584,2,CONCESIÓN ALTO MAGDALENA S.A.S.,,CONSORCIO 4C,GP-16091,12/08/2022,Entrega informe de los mantenimientos realizados en el primer año y segundo año de la medida compensatoria en cumplimiento de la Resolución 447 del 26 de febrero de 2016. Expediente 51734,15_04_Comunic_Recibidas/2022/CI004_GP-16091_070108_CON_1154_CUMPLI_RESOL_447_EXP_51734.pdf
585,4,CONCESIÓN ALTO MAGDALENA S.A.S.,,CONSORCIO 4C,GP-15861,22/06/2022,"Solicitud inclusión memorando DESCA 20213043001 del 17 de junio de 2021 al permiso de ocupación de cauce otorgado, que reposa en el Expediente 51980.",15_04_Comunic_Recibidas/2022/CI004_GP-15861_070108_CON_0900_INCLUS_MEMO_DESCA_EXP_51980.pdf
587,2,GLOBAL LOGISTICA DE TRANSPORTE S.A.S.,,CONSORCIO 4C,GP-16347,13/10/2021,REF: NOTIFICACION MOVILIZACION CARGA EXTRADIMENSIONADA Y/O EXTRAPESADA REF: CARTA DE PORTE Y PESO,15_04_Comunic_Recibidas/2022/CI004_GP-16347_070300_GLOBALLOGIS_SINNUMERO_SCTUD_PASO.pdf
586,6,CONCESIÓN ALTO MAGDALENA S.A.S.,,CONSORCIO 4C,GP-15983,12/07/2022,GCSTP-F-001 Informe Mantenimiento Bienes de uso Público Junio de 2022,15_04_Comunic_Recibidas/2022/CI004_GP-15983_070202_CON_1056_FOR_GCSP_F001_JUN22.pdf
588,3,SEGUROS DE VIDA ALFA S.A.,,CONSORCIO 4C,GP-16352,13/10/2022,NOTIFICACIÓN DICTAMEN: NOMBRE: MACIAS BELTRAN SARA OTILIA C.C: 52113541,15_04_Comunic_Recibidas/2022/CI004_GP-16352_010000_JTAINVALIDEZCUNDI_8126_NOTIFI_EMPLEADOR.pdf
589,1,Fiduciaria Bogotá S.A.,FID - INTV 0126,CONSORCIO 4C,GP-16356,10/10/2022,INFORME MENSUAL DEL 1 AL 30 DE SEPTIEMBRE DE 2022 FIDEICOMISO FIDUBOGOTA–CONCESION ALTO MAGDALENA 3-1- 63664,15_04_Comunic_Recibidas/2022/CI004_GP-16356_070202_FBTA_FID-INTV0126_INF_MEN_SEP22.pdf
592,4,CONCESIÓN ALTO MAGDALENA S.A.S.,ALMA-2022-0941,CONSORCIO 4C,GP-15906,22/06/2022,"Solicitud inclusión memorando DESCA 20213043001 del 17 de junio de 2021 al permiso de ocupación de cauce otorgado, que reposa en el Expediente 62026.",15_04_Comunic_Recibidas/2022/CI004_GP-15906_070108_CON_0941_INCLUS_MEMO_DESCA_EXP_62026.pdf
591,4,,,CONSORCIO 4C,GP-15582,19/04/2022,Solicitamos a la interventoría CONSORCIO 4C se pronuncie a las inquietudes presentadas en esta carta y facilite una conciliación entre nosotros y la CONCESIÓN ALTO MAGDALENA S.A.S por los daños causados a un predio de nuestra propiedad.,15_04_Comunic_Recibidas/2022/CI004_GP-15582_070104_JGALVEZ_SINNUMERO_SCTUD_INQUIETUD_PR24-PR25.pdf
590,2,Agencia Nacional de Infraestructura,,CONSORCIO 4C,GP-15720,23/05/2022,"Respuesta a su comunicación CI.004/GP9952/22/2.2 “Personal Interventoría”, Cambio de Profesional Contable. Fase de Operación y Mantenimiento. Radicado ANI No. 20224090478672 de fecha 30 de abril de 2022. Contrato de Interventoría 145 del 2014. Proyecto Girardot-Honda-Puerto Salgar. Consorcio 4C",15_04_Comunic_Recibidas/2022/CI004_GP-15720_020200_ANI_014811-1_APROBA_HV_PROF_CONTABLE.pdf
595,3,FONTUR COLOMBIA,DCP-38425-22,CONSORCIO 4C,GP-15857,22/06/2022,Solicitud de información Concesión Alto Magdalena SAS NIT 900.745.219-8,15_04_Comunic_Recibidas/2022/CI004_GP-15857_050300_FONTUR_DCP-38425-22_SCTUD_INFO_ALMA.pdf
593,2,CONCESIÓN ALTO MAGDALENA S.A.S.,ALMA-2022-0189,CONSORCIO 4C,GP-15314,04/02/2022,Cumplimiento obligación pago servicio de seguimiento y control ambiental. Auto DRAM 03216001397 del 18/11/2021 (Rad. Interno ALMA-R-2021-1826 del 06/12/2021). Expediente 51851,15_04_Comunic_Recibidas/2022/CI004_GP-15314_070108_CON_0189_PAG_SEG_AMB_EXP_51851.pdf
594,25,,,CONSORCIO 4C,GP-15432,16-03-2022,Respuesta a su comunicado No. CI.004/GP9664/21/5.3-7.3 con radicados ANI No. 20214091471582– No objeción Plazo de Cura por el presunto incumplimiento de lo establecido en el numeral 6.3.3.1 del Apéndice Técnico 2 en relación con la instalación de elementos de contención vehicular (defensas metálicas) en la Unidad Funcional 2. Contrato de Interventoría No. 145 de 2014 – Proyecto Girardot – Honda – Puerto Salgar. Consorcio 4C.,15_04_Comunic_Recibidas/2022/CI004_GP-15432_050300-070300_ANI_007005-1_PLAZ_CURA_DEFENSAS_UF2.pdf
596,2,Agencia Nacional de Infraestructura,,CONSORCIO 4C,GP-16427,27/10/2022,"Respuesta al comunicado ALMA-2022-1431 con radicado ANI No. 20224091103932 del 30 de septiembre del 2022 – Póliza de Responsabilidad Civil Extracontractual - Proyecto Girardot – Honda – Puerto Salgar, Contrato de Concesión 003 de 2014. Concesión Alto Magdalena S.A.S",15_04_Comunic_Recibidas/2022/CI004_GP-16427_050300_ANI_034434-1_POLIZA_RCE.pdf
598,2,MYM ABOGADOS LTDA ///,2022-00228-00,CONSORCIO 4C,GP-16281,22/09/2022,Notificación Personal Surtida De Manera Virtual Rad 2022-00228-00,15_04_Comunic_Recibidas/2022/CI004_GP-16281_050300_ABOGADOSMYM_00228-00_NOTIFI_PERSONAL.pdf
597,2,Fiduciaria Bogotá,FID - INTV 0111,CONSORCIO 4C,GP-15966,22/06/2022,Referencia: Fideicomiso Fidubogotá – Alto Magdalena 3-1-63664 Solicitud aprobación traslado de fondos subcuenta Aportes ANI N° 000-288613,15_04_Comunic_Recibidas/2022/CI004_GP-15966_070201_FBTA_FID-INTV0111_TRASLAD_SUBCTA_APORTES.pdf
599,2,CONCESIÓN ALTO MAGDALENA S.A.S.,,CONSORCIO 4C,GP-16293,22/09/2022,Entrega informe mantenimientos primer y segundo año medida compensatoria en cumplimiento de la Resolución 0412 del 24/02/2016 modificada por la Resolución 3815 del 30/11/2017. Expediente 51739,15_04_Comunic_Recibidas/2022/CI004_GP-16293_070108_CON_1395_MED_COMPENSA_EXP_51739.pdf
600,3,CONCESIÓN ALTO MAGDALENA S.A.S.,,CONSORCIO 4C,GP-16274,19/09/2022,Respuesta a la comunicación CI.004/GP9905/22/7.3.3 (ALMA-R-2022-0456) – Requerimiento formal para la reparación de baches y hundimientos en berma.,15_04_Comunic_Recibidas/2022/CI004_GP-16274_070303_CON_1384_REPARA_BACHES_HUNDIMIENTOS.pdf
601,95,CONCESIÓN ALTO MAGDALENA S.A.S.,,CONSORCIO 4C,GP-16329,04/10/2022,Estados financieros auditados y sus revelaciones al 30 de junio de 2022.,15_04_Comunic_Recibidas/2022/CI004_GP-16329_070202_CON_1444_ESTAD_FINA_AUDITAD_JUN22.pdf
603,1,Agencia Nacional de Infraestructura,,CONSORCIO 4C,GP-16008,26/07/2022,GHPS: REMISION ACTA DE PREVIA APROBACION DE REDES No. 07,15_04_Comunic_Recibidas/2022/CI004_GP-16008_070201_ANI_SINNUMERO_ACTA_APROBA_REDES_N07.pdf
602,1,Agencia Nacional de Infraestructura,,CONSORCIO 4C,GP-15964,07/07/2022,Segundo requerimiento para continuar con el trámite del permiso solicitado por JOSE ARLEX OSORIO identificado con C.C. 83.165.404 de Tarqui - Huila/ Girardot – Honda – Puerto Salgar / Expediente No. 20213040280200193E/ Radicado Borrador No. 20223040036137 del 23 de junio de 2022,15_04_Comunic_Recibidas/2022/CI004_GP-15964_070114_ANI_019820-1_PERMI_USO_JOSE_OSORIO.pdf
604,1,CONCESIÓN ALTO MAGDALENA S.A.S.,,CONSORCIO 4C,GP-16262,15/09/2022,Entrega informe mantenimientos primer y segundo año medida compensatoria en cumplimiento Resolución 0558 del 9 de marzo de 2016. Expediente 52058,15_04_Comunic_Recibidas/2022/CI004_GP-16262_070108_CON_1364_INF_MED_COMPENSA_EXP_52058.pdf
605,2,GLOBAL LOGISTICA DE TRANSPORTE S.A.S.,FT – SIG - 048,CONSORCIO 4C,GP-16024,13/10/2021,NOTIFICACION MOVILIZACION CARGA EXTRADIMENSIONADA Y/O EXTRAPESADA REF: CARTA DE PORTE Y PESO,15_04_Comunic_Recibidas/2022/CI004_GP-16024_070300_GLOBALLOGIS_SINNUMERO_SCTUD_PASO.pdf
606,3,CONCESIÓN ALTO MAGDALENA S.A.S.,,CONSORCIO 4C,GP-15742,27/05/2022,"Solicitud permiso Resolución 716 de 2015 y control en el manejo de material de vegetal, resultante de la poda, producto del mantenimiento de redes.",15_04_Comunic_Recibidas/2022/CI004_GP-15742_070300_CON_0730_SCTUD_PODA_CELSIA.pdf
608,1,,,CONSORCIO 4C,GP-15774,,,15_04_Comunic_Recibidas/2022/CI004_GP-15774_070111_ANI_015281-1_CIERRE_CABALGATA_FESTIVAL.pdf
609,2,,,CONSORCIO 4C,GP-15356,,,15_04_Comunic_Recibidas/2022/CI004_GP-15356_070108_ANI_003873-1_RECOMENDA_COMPEN_AMB.pdf
610,1,,,CONSORCIO 4C,GP-15457,2 de marzo de 2022,,15_04_Comunic_Recibidas/2022/CI004_GP-15457_070108_CON_0391_ENTREG_ICA_N20.pdf
611,2,,,CONSORCIO 4C,GP-15752,1 de junio de 2022,,15_04_Comunic_Recibidas/2022/CI004_GP-15752_070108_CON_0744_PAG_SEG_AMB_EXP_51716.pdf
612,2,,,CONSORCIO 4C,GP-16189,,,15_04_Comunic_Recibidas/2022/CI004_GP-16189_070300_GLOBALLOGIS_SINNUMERO_SCTUD_PASO.pdf
613,4,,,CONSORCIO 4C,GP-15218,,,15_04_Comunic_Recibidas/2022/CI004_GP-15218_050300_ANI_000697-1_INFO_COSTOS_OCIOSOS.pdf
614,1,,,CONSORCIO 4C,GP-15194,,,15_04_Comunic_Recibidas/2022/CI004_GP-15194_070108_CON_0020_INF_TEC_SILVICULT_EXP_51490.pdf
615,4,,,CONSORCIO 4C,GP-15879,2 de junio de 2022,,15_04_Comunic_Recibidas/2022/CI004_GP-15879_070108_CON_0917_INCLUS_MEMO_DESCA_EXP_52028.pdf
607,2,CONCESIÓN ALTO MAGDALENA S.A.S.,,CONSORCIO 4C,GP-16040,02/08/2022,Respuesta comunicado CI.004/GP10126/22/7.1.9 – 19/07/2022 (Rad. int. ALMA-R-2022-1046). Seguimiento obligaciones otro sí 9 - Determinación del valor de las compensaciones sociales y entrega informe final.,15_04_Comunic_Recibidas/2022/CI004_GP-16040_070400_CON_1109_SEG_OBLIGA_OTROSI9.pdf
616,1,,,CONSORCIO 4C,GP-15550,1 de abril de 2022,,15_04_Comunic_Recibidas/2022/CI004_GP-15550_070108_CON_0504_ENTREG_INF_EXP_51531.pdf
617,3,,,CONSORCIO 4C,GP-16354,,,15_04_Comunic_Recibidas/2022/CI004_GP-16354_070400_ANI_032699-1_CARGUE_INFO_PREDIOS_EXPRO.pdf
618,2,,,CONSORCIO 4C,GP-15955,6 de julio de 2022,,15_04_Comunic_Recibidas/2022/CI004_GP-15955_070108_CON_1024_PAG_SEG_CTROL_AMB_EXP_52171.pdf
620,5,,,CONSORCIO 4C,GP-15982,2 de Julio de 2022,,15_04_Comunic_Recibidas/2022/CI004_GP-15982_070202_CON_1055_FOR_GCSP_F009_JUN22.pdf
619,2,,,CONSORCIO 4C,GP-15703,0 de mayo de 2022,,15_04_Comunic_Recibidas/2022/CI004_GP-15703_070300_TRANSSURENCO_SINNUMERO_SCTUD_PASO.pdf
622,2,,,CONSORCIO 4C,GP-16384,3 de octubre de 2022,,15_04_Comunic_Recibidas/2022/CI004_GP-16384_070108_CON_1486_PAG_SERV_SEG_AMB_EXP_52052.pdf
621,2,,,CONSORCIO 4C,GP-16432,7 de octubre de 2022,,15_04_Comunic_Recibidas/2022/CI004_GP-16432_070108_CON_1552_MEDIDA_COMPENSA_EXP_51903.pdf
623,2,,,CONSORCIO 4C,GP-16382,3 de octubre de 2022,,15_04_Comunic_Recibidas/2022/CI004_GP-16382_070108_CON_1484_PAG_SERV_SEG_AMB_EXP_51987.pdf
624,1,,,CONSORCIO 4C,GP-16227,6 de septiembro de 2022,,15_04_Comunic_Recibidas/2022/CI004_GP-16227_070200_FBTA_SINNUMERO_SCTUD_INF_REV_FISCAL_PWC.pdf
625,2,,,CONSORCIO 4C,GP-15396,2 de marzo de 2022,,15_04_Comunic_Recibidas/2022/CI004_GP-15396_070200_CON_0323_CALCULO_DR8.pdf
626,2,,,CONSORCIO 4C,GP-16202,,,15_04_Comunic_Recibidas/2022/CI004_GP-16202_070109_ANI_026685-1_TRASLAD_SCTUD_MPATIÑO.pdf
627,7,,,CONSORCIO 4C,GP-15660,,,15_04_Comunic_Recibidas/2022/CI004_GP-15660_050300-070300_ANI_013341-1_PLAZ_CURA_INCUMP_BASCULAS.pdf
629,3,,,CONSORCIO 4C,GP-15572,13 de abril de 2022,,15_04_Comunic_Recibidas/2022/CI004_GP-15572_070201_FBTA_SINNUMERO_INF_MEN_MAR22.pdf
630,2,,,CONSORCIO 4C,GP-16057,,,15_04_Comunic_Recibidas/2022/CI004_GP-16057_070300_GLOBALLOGIS_SINNUMERO_SCTUD_PASO.pdf
631,2,,,CONSORCIO 4C,GP-15816,5 de Junio de 2022,,15_04_Comunic_Recibidas/2022/CI004_GP-15816_070108_CON_0823_IMPLE_PASOS_FAUNA_RES.pdf
632,6,,,CONSORCIO 4C,GP-15334,,,15_04_Comunic_Recibidas/2022/CI004_GP-15334_070202_CON_0206_FOR_GCSP_F009_ENE22.pdf
633,1,,,CONSORCIO 4C,GP-15621,9 de abril de 2022,,15_04_Comunic_Recibidas/2022/CI004_GP-15621_070108_CON_0580_ENTREGA_INF_EXP_51972.pdf
634,8,,,CONSORCIO 4C,GP-15213,,,15_04_Comunic_Recibidas/2022/CI004_GP-15213_050300-070400_CON_0040_INF_SEM_EER.pdf
635,2,,,CONSORCIO 4C,GP-16360,3 de octubre de 2022,,15_04_Comunic_Recibidas/2022/CI004_GP-16360_070108_CON_1496_MEDIDA_COMPENSA_EXP_60698.pdf
628,244,,,CONSORCIO 4C,GP-16190,5 de agosto  de 2022,,15_04_Comunic_Recibidas/2022/CI004_GP-16190_070109_CON_1254_CORRECCION_CERCA_PR5+700.pdf
636,3,,,CONSORCIO 4C,GP-15838,,,15_04_Comunic_Recibidas/2022/CI004_GP-15838_070300_ANI_017965-1_AJUSTE_PLAN_PROG_SETA.pdf
637,7,,,CONSORCIO 4C,GP-15715,3 de mayo de 2022,,15_04_Comunic_Recibidas/2022/CI004_GP-15715_070108_CON_0692_RTA_AUTO_EXP_62204.pdf
638,1,,,CONSORCIO 4C,GP-16395,2 de septiembre de 2022,,15_04_Comunic_Recibidas/2022/CI004_GP-16395_070108_CON_1311_INF_TRIM_AMB_N31.pdf
639,3,,,CONSORCIO 4C,GP-15807,0 de junio de 2022,,15_04_Comunic_Recibidas/2022/CI004_GP-15807_070107_CON_0812_DESCOLE_BOX_PR19+950.pdf
640,2,,,CONSORCIO 4C,GP-16358,3 de octubre de 2022,,15_04_Comunic_Recibidas/2022/CI004_GP-16358_070108_CON_1494_MEDIDA_COMPENSA_EXP_52130.pdf
641,4,,,CONSORCIO 4C,GP-15366,,,15_04_Comunic_Recibidas/2022/CI004_GP-15366_070114_ANI_004089-1_APROB_PERMI_RES_20213010011315.pdf
643,7,,,CONSORCIO 4C,GP-15716,3 de mayo de 2022,,15_04_Comunic_Recibidas/2022/CI004_GP-15716_070108_CON_0693_RTA_AUTO_EXP_61891.pdf
642,2,,,CONSORCIO 4C,GP-16434,7 de octubre de 2022,,15_04_Comunic_Recibidas/2022/CI004_GP-16434_070108_CON_1554_MEDIDA_COMPENSA_EXP_52105.pdf
645,7,,,CONSORCIO 4C,GP-16409,,,15_04_Comunic_Recibidas/2022/CI004_GP-16409_070303_CON_1538_RESULT_NIVEL_SERV_SEP22.pdf
646,4,,,CONSORCIO 4C,GP-15868,2 de junio de 2022,,15_04_Comunic_Recibidas/2022/CI004_GP-15868_070108_CON_0907_INLCUS_MEMO_DESCA_EXP_51995.pdf
644,13,,,CONSORCIO 4C,GP-15573,0 de abril de 2022,,15_04_Comunic_Recibidas/2022/CI004_GP-15573_050300_CON_0530_NOTIFI_EER_6_PREDIOS_UF5.pdf
647,3,,,CONSORCIO 4C,GP-15454,2 de marzo de 2022,,15_04_Comunic_Recibidas/2022/CI004_GP-15454_070108_CON_0388_AJUSTE_ICA_N18.pdf
650,2,,,CONSORCIO 4C,GP-15594,,,15_04_Comunic_Recibidas/2022/CI004_GP-15594_070100_ANI_012033-1_TRASLAD_SCTUD_PENITEN_GUADUAS.pdf
651,2,,,CONSORCIO 4C,GP-15972,,,15_04_Comunic_Recibidas/2022/CI004_GP-15972_070300_ANI_020070-1_PUNTOS_CRITICOS_ACCIDENT.pdf
652,2,,,CONSORCIO 4C,GP-16001,,,15_04_Comunic_Recibidas/2022/CI004_GP-16001_070300_MOVITRAM_SINNUMERO_SCTUD_PASO.pdf
648,2,,,CONSORCIO 4C,GP-15315,,,15_04_Comunic_Recibidas/2022/CI004_GP-15315_070108_CON_0190_PAG_SEG_AMB_EXP_51741.pdf
649,2,,,CONSORCIO 4C,GP-16439,7 de octubre de 2022,,15_04_Comunic_Recibidas/2022/CI004_GP-16439_070108_CON_1559_RTA_AUTO_DRAM_1700_EXP_52183.pdf
653,2,,,CONSORCIO 4C,GP-16047,3 de agosto de 2022,,15_04_Comunic_Recibidas/2022/CI004_GP-16047_070303_CON_1118_NIVEL_SERV_CICLO_RUTA_MAY22.pdf
655,1,,,CONSORCIO 4C,GP-15785,4 de mayo de 2022,,15_04_Comunic_Recibidas/2022/CI004_GP-15785_070400_CON_0607_INF_PREDIAL_ABR22.pdf
657,1,,,CONSORCIO 4C,GP-15355,,,15_04_Comunic_Recibidas/2022/CI004_GP-15355_070109_CON_0102_ALMA_AL_DIA_EDI_N27.pdf
656,1,,,CONSORCIO 4C,GP-15997,1 de julio de 2022,,15_04_Comunic_Recibidas/2022/CI004_GP-15997_070104_CON_1074_CONCEPT_HIDRAU_PR81.pdf
654,5,,,CONSORCIO 4C,GP-15537,,,15_04_Comunic_Recibidas/2022/CI004_GP-15537_070300_ANI_000019-4_PLAN_MOVIL_SEM_SANTA.pdf
658,1,,,CONSORCIO 4C,GP-15401,,,15_04_Comunic_Recibidas/2022/CI004_GP-15401_090200_ANI_005524-1_APROBA_INF_INTERV_N87_ENE22.pdf
659,2,,,CONSORCIO 4C,GP-15976,,,15_04_Comunic_Recibidas/2022/CI004_GP-15976_070300_ANI_020075-1_SEG_INSPEC_PROG_SETA.pdf
660,3,,,CONSORCIO 4C,GP-16243,2 de septiembre de 2022,,15_04_Comunic_Recibidas/2022/CI004_GP-16243_070108_CON_1315_REPORT_BIOTICO_ICA_RESOL_2471.pdf
662,1,,,CONSORCIO 4C,GP-15606,9 de abril de 2022,,15_04_Comunic_Recibidas/2022/CI004_GP-15606_070108_CON_0565_ENTREGA_INF_EXP_51843.pdf
661,1,,,CONSORCIO 4C,GP-15551,1 de abril de 2022,,15_04_Comunic_Recibidas/2022/CI004_GP-15551_070108_CON_0505_ENTREG_INF_EXP_51536.pdf
663,2,,,CONSORCIO 4C,GP-16072,,,15_04_Comunic_Recibidas/2022/CI004_GP-16072_070300_GLOBALLOGIS_SINNUMERO_SCTUD_PASO.pdf
664,2,,,CONSORCIO 4C,GP-15776,7 de Junio de 2022,,15_04_Comunic_Recibidas/2022/CI004_GP-15776_070201_CON_0775_INF_ING_EGRE_MAY22.pdf
665,3,,,CONSORCIO 4C,GP-15782,,,15_04_Comunic_Recibidas/2022/CI004_GP-15782_070114_ANI_016657-1_PERMISO_JOSE_OSORIO.pdf
666,1,,,CONSORCIO 4C,GP-16193,7 de agosto de 2022,,15_04_Comunic_Recibidas/2022/CI004_GP-16193_070406_CON_1181_APROBA_AVALUOS_OTROSI9.pdf
667,2,,,CONSORCIO 4C,GP-16422,7 de octubre de 2022,,15_04_Comunic_Recibidas/2022/CI004_GP-16422_070108_CON_1559_RTA_AUTO_DRAM_1700_EXP_52183.pdf
668,1,,,CONSORCIO 4C,GP-16258,5 de septiembre de 2022,,15_04_Comunic_Recibidas/2022/CI004_GP-16258_070108_CON_1360_INF_MED_COMPENSA_EXP_52003.pdf
669,1,,,CONSORCIO 4C,GP-16438,7 de octubre de 2022,,15_04_Comunic_Recibidas/2022/CI004_GP-16438_070108_CON_1558_RTA_AUTO_DRAM_1385_EXP_51728.pdf
670,1,,,CONSORCIO 4C,GP-16424,7 de octubre de 2022,,15_04_Comunic_Recibidas/2022/CI004_GP-16424_070108_CON_1558_RTA_AUTO_DRAM_1385_EXP_51728.pdf
671,1,,,CONSORCIO 4C,GP-16295,2 de septiembre de 2022,,15_04_Comunic_Recibidas/2022/CI004_GP-16295_070108_CON_1397_MED_COMPENSA_EXP_51909.pdf
672,4,,,CONSORCIO 4C,GP-15668,2 de mayo de 2022,,15_04_Comunic_Recibidas/2022/CI004_GP-15668_070109_CON_0648_CUMPLI_OBLIG_PROG.pdf
673,1,,,CONSORCIO 4C,GP-15547,1 de abril de 2022,,15_04_Comunic_Recibidas/2022/CI004_GP-15547_070108_CON_0501_ENTREG_INF_EXP_51507.pdf
675,2,,,CONSORCIO 4C,GP-16126,8 de agosto de 2022,,15_04_Comunic_Recibidas/2022/CI004_GP-16126_070108_CON_1191_PAG_SERV_CTROL_AMB_EXP_51843.pdf
674,4,,,CONSORCIO 4C,GP-15871,2 de junio de 2022,,15_04_Comunic_Recibidas/2022/CI004_GP-15871_070108_CON_0910_INCLUS_MEMO_DESCA_EXP_52001.pdf
676,5,,,CONSORCIO 4C,GP-15743,,,15_04_Comunic_Recibidas/2022/CI004_GP-15743_070400_ANI_015453-1_RTA_DP_CAYALA.pdf
677,1,,,CONSORCIO 4C,GP-15567,8 de febrero de 2022,,15_04_Comunic_Recibidas/2022/CI004_GP-15567_070400_CON_0308_INF_PREDIAL_FEB22.pdf
680,1,,,CONSORCIO 4C,GP-16037,,,15_04_Comunic_Recibidas/2022/CI004_GP-16037_050300_ANI_022750-1_REMISION_OTROSI_N8.pdf
678,1,,,CONSORCIO 4C,GP-15841,7 de junio de 2022,,15_04_Comunic_Recibidas/2022/CI004_GP-15841_070108_CON_0878_INF_MEDI_COMPENSA_EXP_51989.pdf
679,15,,,CONSORCIO 4C,GP-15657,0 de mayo de 2022,,15_04_Comunic_Recibidas/2022/CI004_GP-15657_070300_TRANSSURENCO_SINNUMERO_SCTUD_PERMI_PASO.pdf
681,2,,,CONSORCIO 4C,GP-16167,8 de agosto de 2022,,15_04_Comunic_Recibidas/2022/CI004_GP-16167_070108_CON_1228_CUMPLI_RESOL_0417_EXP_51840.pdf
683,5,,,CONSORCIO 4C,GP-16178,4 de agosto de 2022,,15_04_Comunic_Recibidas/2022/CI004_GP-16178_070114_CON_1244_2_SCTUD_CONCEP_EMPOCALDAS.pdf
682,2,,,CONSORCIO 4C,GP-15272,,,15_04_Comunic_Recibidas/2022/CI004_GP-15272_070108_CON_0119_AUTO_DRAM_03216001566.pdf
684,2,,,CONSORCIO 4C,GP-16325,,,15_04_Comunic_Recibidas/2022/CI004_GP-16325_070300_ANI_031310-1_INFO_SERV_PUB_TRANSP.pdf
686,1,CONCESIÓN ALTO MAGDALENA S.A.S.,,CONSORCIO 4C,GP-15827,09/06/2022,Respuesta oficio ANLA No. 20220987682-2-000 (ALMA-R-2022-0662 - 18/05/2022). Aclaración frecuencia entrega Informes Cumplimiento Ambiental según Resolución 01454 del 31 de agosto de 2020. Exped. LAV0063-00-2015.,15_04_Comunic_Recibidas/2022/CI004_GP-15827_070108_CON_0798_ACLARA_ICA_RESOL_1454.pdf
688,162,CONCESIÓN ALTO MAGDALENA S.A.S.,,CONSORCIO 4C,GP-16086,12/08/2022,"Respuesta comunicación CI.004/GP10030/22/7.1.15-7.2.1 Revisión cuenta de cobro No.5 Redes, radicado ANI 20223110173521",15_04_Comunic_Recibidas/2022/CI004_GP-16086_070115-070201_CON_1168_CTA_COBRO_N5_REDES.pdf
685,4,CONCESIÓN ALTO MAGDALENA S.A.S.,ALMA-2022-0908,CONSORCIO 4C,GP-15869,22/06/2022,"Solicitud inclusión memorando DESCA 20213043001 del 17 de junio de 2021 al permiso de ocupación de cauce otorgado, que reposa en el Expediente 51999.",15_04_Comunic_Recibidas/2022/CI004_GP-15869_070108_CON_0908_INCLUS_MEMO_DESCA_EXP_51999.pdf
687,2,Defensoría del Pueblo,,CONSORCIO 4C,GP-15993,15/07/2022,"Referencia: Afectación a Red de Acueducto Veredal Contrato de Concesión 003 de 2014 –Predio el Diamante, Mary Luz Patiño Pinzón. Expediente SIVWATQ 2022053367/CML.",15_04_Comunic_Recibidas/2022/CI004_GP-15993_070109_DEFPUEBLO_006015271236-1_AFECTA_PREDIO_MPATIÑO.pdf
689,1,,,CONSORCIO 4C,GP-15543,1 de abril de 2022,,15_04_Comunic_Recibidas/2022/CI004_GP-15543_070108_CON_0496_ENTREG_INF_N10_RESOL_2284.pdf
691,2,,,CONSORCIO 4C,GP-16228,9 de septiembre de 2022,,15_04_Comunic_Recibidas/2022/CI004_GP-16228_070201_CON_1342_PAGO_FONSECON_AGO22.pdf
693,2,,,CONSORCIO 4C,GP-15471,,,15_04_Comunic_Recibidas/2022/CI004_GP-15471_070300_MOVITRAM_SINNUMERO_SCTUD_PASO.pdf
692,1,,,CONSORCIO 4C,GP-15830,9 de junio de 2022,,15_04_Comunic_Recibidas/2022/CI004_GP-15830_070108_CON_0800_MANEJ_RECUR_SUBCTA_AMB.pdf
690,91,,,CONSORCIO 4C,GP-15682,3 de Mayo de 2022,,15_04_Comunic_Recibidas/2022/CI004_GP-15682_070202_CON_0653_ESTAD_FINAN_NO_AUDITA_31-03-22.pdf
697,2,,,CONSORCIO 4C,GP-15336,,,15_04_Comunic_Recibidas/2022/CI004_GP-15336_070109_CON_0213_REG_RECUPE_ESPA_PUB_ENE22.pdf
695,21,,,CONSORCIO 4C,GP-15447,2 de marzo de 2022,,15_04_Comunic_Recibidas/2022/CI004_GP-15447_050300-070400_CON_0397_INF_SEM_EER_PREDIAL.pdf
694,4,,,CONSORCIO 4C,GP-15896,2 de junio de 2022,,15_04_Comunic_Recibidas/2022/CI004_GP-15896_070108_CON_0931_INCLUS_MEMO_DESCA_EXP_52061.pdf
696,1,,,CONSORCIO 4C,GP-15577,,,15_04_Comunic_Recibidas/2022/CI004_GP-15577_070109_CON_0532_FOR_SEG_PQRS_UF3.pdf
698,4,,,CONSORCIO 4C,GP-16399,,,15_04_Comunic_Recibidas/2022/CI004_GP-16399_070400_ANI_033691-1_SCTUD_PREDIO_4-0062.pdf
700,5,,,CONSORCIO 4C,GP-16280,2 de septiembre de 2022,,15_04_Comunic_Recibidas/2022/CI004_GP-16280_070109_CON_1387_SCTUD_MANGUERA_MPATIÑO.pdf
701,2,,,CONSORCIO 4C,GP-15535,8 de abril de 2022,,15_04_Comunic_Recibidas/2022/CI004_GP-15535_070108-070109_CON_0488_PLAN_REASENTA.pdf
702,1,,,CONSORCIO 4C,GP-16017,,,15_04_Comunic_Recibidas/2022/CI004_GP-16017_070114_ANI_022371-1_SCTUD_PERMI_CORTIJO.pdf
699,1,,,CONSORCIO 4C,GP-15456,2 de marzo de 2022,,15_04_Comunic_Recibidas/2022/CI004_GP-15456_070108_CON_0390_ENTREG_ICA_N19.pdf
706,1,,,CONSORCIO 4C,GP-16060,5 de agosto de 2022,,15_04_Comunic_Recibidas/2022/CI004_GP-16060_070201_FBTA_SINNUMERO_FOSEVI_MAY22.pdf
703,2,,,CONSORCIO 4C,GP-15531,8 de Abril de 2022,,15_04_Comunic_Recibidas/2022/CI004_GP-15531_070201_CON_0482_INF_ING_EGRE_MAR22.pdf
704,4,,,CONSORCIO 4C,GP-15908,2 de junio de 2022,,15_04_Comunic_Recibidas/2022/CI004_GP-15908_070108_CON_0943_INCLUS_MEMO_DESCA_EXP_62369.pdf
705,2,,,CONSORCIO 4C,GP-15283,,,15_04_Comunic_Recibidas/2022/CI004_GP-15283_070108_CON_0155_PAG_SEG_AMB_EXP_51884.pdf
707,1,,,CONSORCIO 4C,GP-15293,,,15_04_Comunic_Recibidas/2022/CI004_GP-15293_070109_CON_0166_PLAN_GEST_SCIAL_V12.pdf
708,17,,,CONSORCIO 4C,GP-16039,3 de Agosto de 2022,,15_04_Comunic_Recibidas/2022/CI004_GP-16039_050300-070107_CON_1113_IMPLEMENTA_TERCER_CARRIL.pdf
709,1,,,CONSORCIO 4C,GP-16284,,,15_04_Comunic_Recibidas/2022/CI004_GP-16284_090200_ANI_029832-1_APROBA_INF_MEN_N94.pdf
711,1,,,CONSORCIO 4C,GP-15750,,,15_04_Comunic_Recibidas/2022/CI004_GP-15750_070109_ANI_015742-1_TRASLAD_SCTUD_JVERGAÑO.pdf
710,2,,,CONSORCIO 4C,GP-15575,,,15_04_Comunic_Recibidas/2022/CI004_GP-15575_070114_ANI_010736-1_PERMI_USO_EPM.pdf
713,2,,,CONSORCIO 4C,GP-16063,,,15_04_Comunic_Recibidas/2022/CI004_GP-16063_070300_GLOBALLOGIS_SINNUMERO_SCTUD_PASO.pdf
714,4,,,CONSORCIO 4C,GP-15888,2 de junio de 2022,,15_04_Comunic_Recibidas/2022/CI004_GP-15888_070108_CON_0926_INCLUS_MEMO_DESCA_EXP_52052.pdf
712,2,,,CONSORCIO 4C,GP-15231,,,15_04_Comunic_Recibidas/2022/CI004_GP-15231_070108_CON_0061_RTA_AUTO_DRAM_03216001557.pdf
715,2,,,CONSORCIO 4C,GP-15756,1 de junio de 2022,,15_04_Comunic_Recibidas/2022/CI004_GP-15756_070108_CON_0748_PAG_SEG_AMB_EXP_51893.pdf
718,1,,,CONSORCIO 4C,GP-15464,,,15_04_Comunic_Recibidas/2022/CI004_GP-15464_050300-070200_ANI_007938-1_SCTUD_CALCULO_DR8.pdf
719,1,,,CONSORCIO 4C,GP-15384,,,15_04_Comunic_Recibidas/2022/CI004_GP-15384_070201_FBTA_SINNUMERO_SCTUD_COMPEN_SUBCTA_CAPEX.pdf
717,3,,,CONSORCIO 4C,GP-15832,7 de junio de 2022,,15_04_Comunic_Recibidas/2022/CI004_GP-15832_070300_CON_0898_O&M_AREAS_CONTRACTUAL.pdf
716,49,,,CONSORCIO 4C,GP-15733,5 de mayo de 2022,,15_04_Comunic_Recibidas/2022/CI004_GP-15733_070111_CON_0717_SCTUD_APROBA_CIERRE_VIAL_PR66+800.pdf
721,2,,,CONSORCIO 4C,GP-16319,,,15_04_Comunic_Recibidas/2022/CI004_GP-16319_070300_MOVITRAM_SINNUMERO_SCTUD_PASO.pdf
722,1,,,CONSORCIO 4C,GP-15656,0 de mayo de 2022,,15_04_Comunic_Recibidas/2022/CI004_GP-15656_070300_TRANSSURENCO_SINNUMERO_SCTUD_PERMI_PASO.pdf
720,1,,,CONSORCIO 4C,GP-16436,7 de octubre de 2022,,15_04_Comunic_Recibidas/2022/CI004_GP-16436_070108_CON_1556_MEDIDA_COMPENSA_EXP_68855.pdf
726,1,,,CONSORCIO 4C,GP-15504,1 de abril de 2022,,15_04_Comunic_Recibidas/2022/CI004_GP-15504_070108_CON_0465_ENTREG_INF_TEC_1_EXP_51538.pdf
724,4,,,CONSORCIO 4C,GP-15902,2 de junio de 2022,,15_04_Comunic_Recibidas/2022/CI004_GP-15902_070108_CON_0937_INCLUS_MEMO_DESCA_EXP_62022.pdf
723,6,,,CONSORCIO 4C,GP-16350,,,15_04_Comunic_Recibidas/2022/CI004_GP-16350_070300_ANI_000043-4_PLAN_MOVIL_PTE_FESTIVO.pdf
725,4,,,CONSORCIO 4C,GP-15883,2 de junio de 2022,,15_04_Comunic_Recibidas/2022/CI004_GP-15883_070108_CON_0921_INCLUS_MEMO_DESCA_EXP_52036.pdf
729,1,,,CONSORCIO 4C,GP-15412,,,15_04_Comunic_Recibidas/2022/CI004_GP-15412_070500_ANI_005969-1_AJUST_INF_MEN_N87.pdf
727,1,,,CONSORCIO 4C,GP-16342,,,15_04_Comunic_Recibidas/2022/CI004_GP-16342_070201_CON_1463_ACTAS_RETRIBU_UF2-UF3.pdf
728,2,,,CONSORCIO 4C,GP-15486,0 de marzo  de 2022,,15_04_Comunic_Recibidas/2022/CI004_GP-15486_070109_CON_0430_INVAS_ESP_PUB_GLORIET.pdf
730,2,,,CONSORCIO 4C,GP-15470,5 de marzo de 2022,,15_04_Comunic_Recibidas/2022/CI004_GP-15470_070500_CON_0418_REV_INF_MEN_N88_FEB22.pdf
731,1,,,CONSORCIO 4C,GP-15500,1 de abril de 2022,,15_04_Comunic_Recibidas/2022/CI004_GP-15500_070108_CON_0449_AJUSTE_ICA_N8.pdf
732,1,,,CONSORCIO 4C,GP-16309,6 de septiembre de 2022,,15_04_Comunic_Recibidas/2022/CI004_GP-16309_070401_CON_1418_REV_INF_PREDIAL_AGO22.pdf
734,2,,,CONSORCIO 4C,GP-16292,2 de septiembre de 2022,,15_04_Comunic_Recibidas/2022/CI004_GP-16292_070108_CON_1394_MED_COMPENSA_EXP_51729.pdf
733,1,,,CONSORCIO 4C,GP-15191,,,15_04_Comunic_Recibidas/2022/CI004_GP-15191_070108_CON_0017_INF_TEC_SILVICULT_EXP_51479.pdf
735,4,,,CONSORCIO 4C,GP-15297,,,15_04_Comunic_Recibidas/2022/CI004_GP-15297_050300-070400_CON_0170_ALC_ALMA-2021-1738.pdf
737,60,,,CONSORCIO 4C,GP-15381,,,15_04_Comunic_Recibidas/2022/CI004_GP-15381_070109_ANI_004664-1_DP_SRUEDA.pdf
736,2,,,CONSORCIO 4C,GP-16385,3 de octubre de 2022,,15_04_Comunic_Recibidas/2022/CI004_GP-16385_070108_CON_1487_PAG_SERV_SEG_AMB_EXP_52018.pdf
741,2,,,CONSORCIO 4C,GP-15589,,,15_04_Comunic_Recibidas/2022/CI004_GP-15589_070000_TRIBADMONCUND_SINNUMERO_NOTIFI_ESTADO.pdf
739,1,,,CONSORCIO 4C,GP-15379,,,15_04_Comunic_Recibidas/2022/CI004_GP-15379_070108_CON_0300_SCTUD_VISITA_REMOLINOS.pdf
738,1,,,CONSORCIO 4C,GP-16261,5 de septiembre de 2022,,15_04_Comunic_Recibidas/2022/CI004_GP-16261_070108_CON_1363_INF_MED_COMPENSA_EXP_52054.pdf
740,2,,,CONSORCIO 4C,GP-16311,6 de septiembre de 2022,,15_04_Comunic_Recibidas/2022/CI004_GP-16311_070108_CON_1416_CUMPLI_AMB_AUTO_04314.pdf
742,1,,,CONSORCIO 4C,GP-15335,,,15_04_Comunic_Recibidas/2022/CI004_GP-15335_070110_CON_0209_PAG_SEGYSAL_NOV_OCT21.pdf
743,10,,,CONSORCIO 4C,GP-15317,,,15_04_Comunic_Recibidas/2022/CI004_GP-15317_070104-070303_CON_0196_OBLIG_O&M_NPH.pdf
744,3,,,CONSORCIO 4C,GP-16316,,,15_04_Comunic_Recibidas/2022/CI004_GP-16316_070114_ANI_030841-1_SCTUD_PERMISO_EPM.pdf
745,2,,,CONSORCIO 4C,GP-15530,,,15_04_Comunic_Recibidas/2022/CI004_GP-15530_050300-070104_ANI_009812-1_PLAZO_CURA_PR66+820.pdf
747,2,,,CONSORCIO 4C,GP-15974,,,15_04_Comunic_Recibidas/2022/CI004_GP-15974_070307_ANI_020051-1_ACCIDENT_FATAL_PR38+350.pdf
746,2,,,CONSORCIO 4C,GP-15950,6 de julio de 2022,,15_04_Comunic_Recibidas/2022/CI004_GP-15950_070108_CON_1019_PAG_SEG_CTROL_AMB_EXP_51862.pdf
748,4,,,CONSORCIO 4C,GP-15870,2 de junio de 2022,,15_04_Comunic_Recibidas/2022/CI004_GP-15870_070108_CON_0909_INCLUS_MEMO_DESCA_EXP_52000.pdf
749,6,,,CONSORCIO 4C,GP-15420,0 de Marzo de 2022,,15_04_Comunic_Recibidas/2022/CI004_GP-15420_070202_CON_0350_FOR_GCSP_F001_FEB22.pdf
750,1,,,CONSORCIO 4C,GP-15450,2 de marzo de 2022,,15_04_Comunic_Recibidas/2022/CI004_GP-15450_070108_CON_0385_SCTUD_CIERRE_EXP_PAF-20284.pdf
752,1,,,CONSORCIO 4C,GP-16082,,,15_04_Comunic_Recibidas/2022/CI004_GP-16082_070109_CON_1145_FOR_SEG_PQRS_UF4.pdf
751,2,,,CONSORCIO 4C,GP-16109,8 de junio de 2022,,15_04_Comunic_Recibidas/2022/CI004_GP-16109_070108_CON_0969_CUMPLI_RESOL_0542_EXP_52009.pdf
754,3,,,CONSORCIO 4C,GP-15644,9 de mayo de 2022,,15_04_Comunic_Recibidas/2022/CI004_GP-15644_070300_TRANSSURENCO_SINNUMERO_SCTUD_PERMI_PASO.pdf
756,2,,,CONSORCIO 4C,GP-16380,3 de octubre de 2022,,15_04_Comunic_Recibidas/2022/CI004_GP-16380_070108_CON_1482_PAG_SERV_SEG_AMB_EXP_52029.pdf
757,3,,,CONSORCIO 4C,GP-16150,8 de agosto de 2022,,15_04_Comunic_Recibidas/2022/CI004_GP-16150_070108_CON_1215_RTA_AUTO_DRAM_1062_EXP_60699.pdf
755,2,,,CONSORCIO 4C,GP-15918,8 de junio de 2022,,15_04_Comunic_Recibidas/2022/CI004_GP-15918_070108_CON_0966_CUMPLI_OBLIGA_AUTO_DRAM_0735.pdf
753,18,,,CONSORCIO 4C,GP-15724,4 de mayo de 2022,,15_04_Comunic_Recibidas/2022/CI004_GP-15724_070108_CON_0709_EXP_90502_PROCESO_SANCION_AMB.pdf
758,1,,,CONSORCIO 4C,GP-15515,1 de abril de 2022,,15_04_Comunic_Recibidas/2022/CI004_GP-15515_070108_CON_0460_ENTREG_INF_EXP_51530.pdf
759,7,,,CONSORCIO 4C,GP-16051,4 de agosto de 2022,,15_04_Comunic_Recibidas/2022/CI004_GP-16051_070108_CON_1119_DP_ART23_CPN_VALORA_ECONO.pdf
761,2,,,CONSORCIO 4C,GP-16030,2 de agosto de 2022,,15_04_Comunic_Recibidas/2022/CI004_GP-16030_070201_CON_1107_VALORA_OBLIGA_CONTING_JUN22.pdf
760,3,,,CONSORCIO 4C,GP-16043,3 de agosto de 2022,,15_04_Comunic_Recibidas/2022/CI004_GP-16043_070109_CON_1115_SCTUD_ALC_GUATAQUI_GRIETA_VIA.pdf
764,2,,,CONSORCIO 4C,GP-15860,,,15_04_Comunic_Recibidas/2022/CI004_GP-15860_070404_ANI_016146-1_DEV_EXP_PREDIAL_3-0069.pdf
763,3,,,CONSORCIO 4C,GP-15496,1 de abril de 2022,,15_04_Comunic_Recibidas/2022/CI004_GP-15496_070500_CON_0446_REV_MEMOTEC_NOV21.pdf
765,4,,,CONSORCIO 4C,GP-15887,2 de junio de 2022,,15_04_Comunic_Recibidas/2022/CI004_GP-15887_070108_CON_0925_INCLUS_MEMO_DESCA_EXP_52050.pdf
766,12,Fiduciaria Bogotá S.A.,,CONSORCIO 4C,GP-15267,27/01/2022,Notificación pago fondo de seguridad vial FOSEVI mes de diciembre 2021.,15_04_Comunic_Recibidas/2022/CI004_GP-15267_070208_FBTA_SINNUMERO_PAG_FOSEVI_DIC21.pdf
767,4,CONCESIÓN ALTO MAGDALENA S.A.S.,,CONSORCIO 4C,GP-15880,22/06/2022,"Solicitud inclusión memorando DESCA 20213043001 del 17 de junio de 2021 al permiso de ocupación de cauce otorgado, que reposa en el Expediente 52029.",15_04_Comunic_Recibidas/2022/CI004_GP-15880_070108_CON_0918_INCLUS_MEMO_DESCA_EXP_52029.pdf
768,3,MINISTERIO DE TRANSPORTE,,CONSORCIO 4C,GP-16370,18/10/2022,Requerimiento para continuar con el trámite del permiso solicitado por EMPRESAS PÚBLICAS DE MEDELLÍN E.S.P.- EPM- CON NIT 890.904.996-1/ Girardot – Honda – Puerto Salgar / Radicado Borrador No. 20223040054905 del 16 de septiembre de 2022/ Expediente 20223040280200004E,15_04_Comunic_Recibidas/2022/CI004_GP-16370_070114_ANI_033105-1_TRAMITE_PERMIS_EPM.pdf
762,3,CONCESIÓN ALTO MAGDALENA S.A.S.,,CONSORCIO 4C,GP-15769,02/06/2022,Respuesta comunicado CI.004/GP10008/22/7.1.9 – 24/05/2022. (Rad. Int. ALMA-R-2022-0680). Solicitud revisión y traslado de petición Mary Isabel Patiño – afectación a red de acueducto veredal en el predio Diamante (ALMA-4-012).,15_04_Comunic_Recibidas/2022/CI004_GP-15769_070109_CON_0769_DP_RED_ACUEDUCT_MPATIÑO.pdf
769,1,Agencia Nacional de Infraestructura,,CONSORCIO 4C,GP-15586,24/04/2022,"Comunicado ALMA-2022-0511 con radicado ANI No. 20224090420052 – Informe Gerencial Concesionario No. 89, marzo de 2022 – Contrato de Interventoría 145 de 2014 - Proyecto Girardot - Honda - Puerto Salgar. Consorcio 4C.",15_04_Comunic_Recibidas/2022/CI004_GP-15586_070500_ANI_011094-1_INF_MEN_N89_MAR22.pdf
770,4,,,CONSORCIO 4C,GP-15321,08/02/2022,"Traslado solicitud realizada por la empresa Andina de Energía S.A.S; con radicado ANI No. 20224090128472 del 04 de febrero del 2022. - Proyecto Girardot – Honda – Puerto Salgar, Contrato de Concesión 145 de 2014. Consorcio 4C.",15_04_Comunic_Recibidas/2022/CI004_GP-15321_070107_ANI_002908-1_SCTUD_ANDINA_ENERGIA.pdf
771,2,CONCESIÓN ALTO MAGDALENA S.A.S.,ALMA-2022-0401,CONSORCIO 4C,GP-15819,15/06/2022,"Reiteración derecho de petición, Solicitud informe gestiones de la administración, para el retiro de vendedores estacionarios y ambulantes, ubicados en bienes de uso público en vereda Camelias y Corregimiento de Guarinocito.",15_04_Comunic_Recibidas/2022/CI004_GP-15819_070109_CON_0853_DP_RETIRO_VENDEDOR_BIEN_USO_PUB.pdf
772,3,Agencia Nacional de Infraestructura,,CONSORCIO 4C,GP-16206,01/09/2022,Comunicado con radicado ANI No. 20224090915012. Recomendaciones para mejorar las condiciones de seguridad y salud en el trabajo-SST-Proyecto Girardot-Honda-Puerto Salgar. Contrato de Concesión 003 de 2014. Concesión Alto Magdalena S.A.S.,15_04_Comunic_Recibidas/2022/CI004_GP-16206_070110_ANI_026820-1_RECOMENDA_CONDI_SST.pdf
775,4,CONCESION ALTO MAGDALENA S.A.S.,ALMA-2022-0230,CONSORCIO 4C,GP-15340,14/02/2022,Informe Semanal Eventos eximentes de responsabilidad reconocidos mediante actas del 6 de septiembre y 23 de noviembre de 2021.,15_04_Comunic_Recibidas/2022/CI004_GP-15340_050300-070400_CON_0230_INF_EER_PREDIAL.pdf
773,18,CONCESIÓN ALTO MAGDALENA S.A.S.,,CONSORCIO 4C,GP-15980,11/07/2022,Respuesta comunicación CI.004/GP9976/22/7.4.2 – (Rad. Int. ALMA-R-2022-0617- 11/05/2022). Compensación Social Ovidio de Jesús Rúa.,15_04_Comunic_Recibidas/2022/CI004_GP-15980_070402_CON_1050_COMPENSA_SCIAL_OVIDIO_RUA.pdf
774,2,CONCESIÓN ALTO MAGDALENA S.A.S.,,CONSORCIO 4C,GP-16349,10/10/2022,Entrega de soportes correspondientes a Pagos de Seguridad Social para el mes de agosto y Pago de Salarios del mes de julio de 2022.,15_04_Comunic_Recibidas/2022/CI004_GP-16349_070110_CON_1472_PAG_SEGYSAL_JUL22.pdf
776,1,CONCESIÓN ALTO MAGDALENA S.A.S.,,CONSORCIO 4C,GP-15611,29/04/2021,Respuesta Auto DRAM No. 0702 del 16/07/2021 (Rad int. ALMA-R-2021-1062). Expediente 51700,15_04_Comunic_Recibidas/2022/CI004_GP-15611_070108_CON_0570_AUTO_DRAM_0702_EXP_51700.pdf
777,2,MOVITRAM,,CONSORCIO 4C,GP-16088,13/08/2022,CERTIFICACION DE PESO Y SOLICITUD DE PASO,15_04_Comunic_Recibidas/2022/CI004_GP-16088_070300_MOVITRAM_SINNUMERO_SCTUD_PASO.pdf
779,1,CONCESIÓN ALTO MAGDALENA S.A.S.,,CONSORCIO 4C,GP-16255,15/09/2022,Entrega informe mantenimientos primer y segundo año medida compensatoria en cumplimiento de la Resol. 0561 del 9 de marzo de 2016. Expediente 51993,15_04_Comunic_Recibidas/2022/CI004_GP-16255_070108_CON_1357_INF_MED_COMPENSA_EXP_51993.pdf
778,2,GLOBAL LOGISTICA DE TRANSPORTE S.A.S.,,CONSORCIO 4C,GP-16334,13/10/2021,NOTIFICACION MOVILIZACION CARGA EXTRADIMENSIONADA Y/O EXTRAPESADA REF: CARTA DE PORTE Y PESO,15_04_Comunic_Recibidas/2022/CI004_GP-16334_070300_GLOBALLOGIS_SINNUMERO_SCTUD_PASO.pdf
780,21,TRANS SURENCO S.A.S,,CONSORCIO 4C,GP-15670,10/05/2022,Ref. SOLICITUD PERMISO DE TRÁNSITO CERTIFICACIÓN DE PESO,15_04_Comunic_Recibidas/2022/CI004_GP-15670_070300_TRANSSURENCO_SINNUMERO_SCTUD_PASO.pdf
782,2,CONCESION ALTO MAGDALENA S.A.S.,,CONSORCIO 4C,GP-15238,20/01/2022,"Remisión Formulario liquidación y declaración de regalías de la Autorización Temporal QBN-15031, del cuarto IV trimestre del 2021.",15_04_Comunic_Recibidas/2022/CI004_GP-15238_070108_CON_0064_FOR_REGALIAS_QBN-15031.pdf
781,2,CONCESIÓN ALTO MAGDALENA S.A.S.,,CONSORCIO 4C,GP-16145,18/08/2022,Cumplimiento obligación pago servicio de seguimiento y control ambiental. Auto DRAM 03226000924 de 11/07/2022 (Rad. Interno ALMA-R-2022-0998 del 13/07/2022). Expediente 61895,15_04_Comunic_Recibidas/2022/CI004_GP-16145_070108_CON_1210_PAG_SERV_CTROL_AMB_EXP_61895.pdf
783,16,CONCESIÓN ALTO MAGDALENA S.A.S.,,CONSORCIO 4C,GP-16246,14/09/2022,Respuesta comunicación CI.004/GP10188/22/7.1.10 (Rad. Int. ALMA-R-2022-1187 del 18/08/2022) Recomendaciones para mejorar las condiciones de seguridad y salud en el trabajo SST.,15_04_Comunic_Recibidas/2022/CI004_GP-16246_070110_CON_1352_RECOMENDA_CONDI_SST.pdf
784,15,CONCESIÓN ALTO MAGDALENA S.A.S.,,CONSORCIO 4C,GP-15970,11/07/2022,"Actualización inventario activos Formato GCSP-F-301 Propiedades, planta y equipo.",15_04_Comunic_Recibidas/2022/CI004_GP-15970_070202_CON_1043_ACTUAL_INVENTARIO_ACTIVOS.pdf
785,1,MINISTERIO DE TRANSPORTE,,CONSORCIO 4C,GP-16276,20/09/2022,"Comunicado ALMA-2022-1330 con radicado ANI No. 20224091013202 – Informe Gerencial Concesionario No.94, agosto de 2022 – Contrato de Interventoría 145 de 2014 - Proyecto Girardot - Honda - Puerto Salgar. Consorcio 4C.",15_04_Comunic_Recibidas/2022/CI004_GP-16276_070500_ANI_029551-1_OBS_INF_MEN_N94_AGO22.pdf
787,2,,CI004_1001622_070109,CONSORCIO 4C,GP-15825,17/06/2022,TER_RTA_PETICION_REPARACION__MANGUERA_PREDIO_A...,15_04_Comunic_Recibidas/2022/CI004_GP-15825_070109_MPATIÑO_SINNUMERO_DP_MANGUERA.pdf
786,1,CONCESIÓN ALTO MAGDALENA S.A.S.,ALMA-2022-0201,CONSORCIO 4C,GP-15639,06/05/2022,"Alcance comunicado ALMA-2022-0201 ""Respuesta a sus Comunicados No CI.004/GP9054/21/5.3 (Radicado interno ALMA-R-2021-0481) y CI.004/GP9073/21/5.3-7.3.3 (Radicado interno ALMA-R-2021-0533) Requerimiento formal para Sanear los incumplimientos de los indicadores de la UF4"" Actualización reparaciones marzo de 2022.",15_04_Comunic_Recibidas/2022/CI004_GP-15639_070303_CON_0617_SANEAR_INCUMP_INDICAD_UF4.pdf
788,2,CONCESIÓN ALTO MAGDALENA S.A.S.,,CONSORCIO 4C,GP-15951,06/07/2022,Cumplimiento de la obligación de pago por el servicio de seguimiento y control ambiental. Auto DRAM 03226000738 de 08/06/2022 (Rad. Interno ALMA-R-2022-0803 del 10/06/2022). Expediente 51711.,15_04_Comunic_Recibidas/2022/CI004_GP-15951_070108_CON_1020_PAG_SEG_CTROL_AMB_EXP_51711.pdf
790,2,CONCESIÓN ALTO MAGDALENA S.A.S.,,CONSORCIO 4C,GP-15759,01/06/2022,Cumplimiento obligación pago servicio seguimiento y control ambiental. Auto DRAM 03216001465 del 29/11/2021 (Rad. Interno ALMA-R-2022-0555 del 02/05/2022). Expediente 51843,15_04_Comunic_Recibidas/2022/CI004_GP-15759_070108_CON_0751_PAG_SEG_AMB_EXP_51843.pdf
789,1,CONCESION ALTO MAGDALENA S.A.S.,,CONSORCIO 4C,GP-15223,29/11/2021,"Remisión listas de chequeo y hojas de control de los expedientes ALMA-2-0011, ALMA-4-0047, ALMA-5-0079, ALMA-5-0080-1, ALMA-5-0096, ALMA-5-0215, ALMA-5-0225.",15_04_Comunic_Recibidas/2022/CI004_GP-15223_070401_CON_1760_LISTAS_CHEQUEO_EXP.pdf
791,4,CONCESIÓN ALTO MAGDALENA S.A.S.,,CONSORCIO 4C,GP-15250,26/01/2022,Respuesta oficio CI.004/GP9719/22/7.1.9 (rad. Int ALMA-R-2022-0047 del 12/01/2022)- Seguimiento programa de atención al usuario PQRS de la UF3.,15_04_Comunic_Recibidas/2022/CI004_GP-15250_070109_CON_0109_ATEN_USUA_PQRS_UF3.pdf
792,2,CONCESIÓN ALTO MAGDALENA S.A.S.,ALMA-2022-1010,CONSORCIO 4C,GP-15941,06/07/2022,Cumplimiento de la obligación de pago por el servicio de seguimiento y control ambiental. Auto DRAM 03226000449 de 19/04/2022 (Rad. Interno ALMA-R-2022-0756 del 02/06/2022). Expediente 51734.,15_04_Comunic_Recibidas/2022/CI004_GP-15941_070108_CON_1010_PAG_SEG_CTROL_AMB_EXP_51734.pdf
793,2,,,CONSORCIO 4C,GP-15259,,,15_04_Comunic_Recibidas/2022/CI004_GP-15259_070202_CON_0128_DIF_ESTAD_FINAN_VS_FLUJOS.pdf
795,3,,,CONSORCIO 4C,GP-15800,,,15_04_Comunic_Recibidas/2022/CI004_GP-15800_050300-070400_ASALGUERO_SINNUMERO_COPIA_AUDIEN_CONCILIA.pdf
798,2,,,CONSORCIO 4C,GP-16125,8 de agosto de 2022,,15_04_Comunic_Recibidas/2022/CI004_GP-16125_070108_CON_1190_PAG_SERV_CTROL_AMB_EXP_51722.pdf
797,2,,,CONSORCIO 4C,GP-16087,,,15_04_Comunic_Recibidas/2022/CI004_GP-16087_070300_MOVITRAM_SINNUMERO_SCTUD_PASO.pdf
799,3,,,CONSORCIO 4C,GP-16237,6 de septiembre de 2022,,15_04_Comunic_Recibidas/2022/CI004_GP-16237_070202_CON_1337_FOR_GCSP-F208_AGO22.pdf
800,2,,,CONSORCIO 4C,GP-16103,2 de agosto de 2022,,15_04_Comunic_Recibidas/2022/CI004_GP-16103_070108_CON_1156_CUMPLI_RESOL_0349_EXP_52168.pdf
801,1,,,CONSORCIO 4C,GP-16298,2 de septiembre de 2022,,15_04_Comunic_Recibidas/2022/CI004_GP-16298_070108_CON_1400_MED_COMPENSA_EXP_51761.pdf
802,1,,,CONSORCIO 4C,GP-15805,,,15_04_Comunic_Recibidas/2022/CI004_GP-15805_070114_ANI_017102-1_PERMI_USO_MCPIO_DORADA.pdf
803,2,,,CONSORCIO 4C,GP-15400,2 de marzo de 2022,,15_04_Comunic_Recibidas/2022/CI004_GP-15400_070300_CON_0327_CONECT_CCO_POSTES_SOS_UF4_5.pdf
804,3,CONCESIÓN ALTO MAGDALENA S.A.S.,,CONSORCIO 4C,GP-15738,27/05/2019,Respuesta comunicación 20227300290381 –Requerimiento Plan de acciones de mejora Inspección Programa Especial SETA – Hallazgos 06 y 16 – Sistemas de Contención Vehicular,15_04_Comunic_Recibidas/2022/CI004_GP-15738_070300_CON_0722_ACCION_MEJORA_PROG_SETA.pdf
796,2,CONCESIÓN ALTO MAGDALENA S.A.S.,,CONSORCIO 4C,GP-16104,12/08/2022,Entrega informe de los mantenimientos realizados en el primer y segundo año de mantenimiento de la medida compensatoria en cumplimiento de la Resolución 2422 del 11 de septiembre de 2017. Expediente 61523,15_04_Comunic_Recibidas/2022/CI004_GP-16104_070108_CON_1164_CUMPLI_RESOL_2422_EXP_61523.pdf
806,1,CONCESIÓN ALTO MAGDALENA S.A.S.,,CONSORCIO 4C,GP-16083,11/08/2022,"Remisión listado formatos seguimientos PQRS UF5, para su respectiva revisión.",15_04_Comunic_Recibidas/2022/CI004_GP-16083_070109_CON_1146_FOR_SEG_PQRS_UF5.pdf
805,1,CONCESIÓN ALTO MAGDALENA S.A.S.,,CONSORCIO 4C,GP-16185,26/08/2022,Solicitud pronunciamiento del permiso de ocupación de cauce realizado con radicado CAR 20211077922 (ALMA-2021-1191) del 12 de agosto de 2021. Expediente 89603,15_04_Comunic_Recibidas/2022/CI004_GP-16185_070108_CON_1264_PERMI_OCUPA_CAUCE_EXP_89603.pdf
807,1,,,CONSORCIO 4C,GP-16433,5 de octubre de 2022,,15_04_Comunic_Recibidas/2022/CI004_GP-16433_070108_CON_1553_MEDIDA_COMPENSA_EXP_51904.pdf
808,2,,,CONSORCIO 4C,GP-15389,,,15_04_Comunic_Recibidas/2022/CI004_GP-15389_070402_CON_0316_PLAN_COMPENSA_SOCIOECO_ENE22.pdf
809,2,,,CONSORCIO 4C,GP-15327,,,15_04_Comunic_Recibidas/2022/CI004_GP-15327_050300_CON_0201_INCUMP_INDICAD_UF4.pdf
810,4,,,CONSORCIO 4C,GP-15257,,,15_04_Comunic_Recibidas/2022/CI004_GP-15257_050300_CON_0125_ACTUAL_IPC_2021.pdf
811,4,,,CONSORCIO 4C,GP-15646,9 de mayo de 2022,,15_04_Comunic_Recibidas/2022/CI004_GP-15646_070108_CON_0626_RTA_AUTO_GSC-ZC_191.pdf
812,14,,,CONSORCIO 4C,GP-15688,3 de mayo de 2021,,15_04_Comunic_Recibidas/2022/CI004_GP-15688_070110_CON_0654_ACTUAL_PROTOCOLO_BIOSEG.pdf
813,1,,,CONSORCIO 4C,GP-15196,,,15_04_Comunic_Recibidas/2022/CI004_GP-15196_070108_CON_0022_INF_TEC_SILVICULT_EXP_51533.pdf
794,1,CONCESIÓN ALTO MAGDALENA S.A.S.,,CONSORCIO 4C,GP-15844,17/06/2022,Entrega informe mantenimientos primer y segundo año medida compensatoria Res. 1083 del 16/05/2016 modificada con la Res. 1048 del 26/04/2017. Expediente 52028.,15_04_Comunic_Recibidas/2022/CI004_GP-15844_070108_CON_0882_INF_MEDI_COMPENSA_EXP_52028.pdf
814,2,,,CONSORCIO 4C,GP-16266,,,15_04_Comunic_Recibidas/2022/CI004_GP-16266_070114_SCHWERT_SINNUMERO_POLIZAS_EDS_GUATAQUI.pdf
816,1,,,CONSORCIO 4C,GP-15641,,,15_04_Comunic_Recibidas/2022/CI004_GP-15641_070209_CON_0587_ACTA_VPIP_MAR22.pdf
815,4,,,CONSORCIO 4C,GP-15864,2 de junio de 2022,,15_04_Comunic_Recibidas/2022/CI004_GP-15864_070108_CON_0903_INCLUS_MEMO_DESCA_EXP_51988.pdf
817,1,,,CONSORCIO 4C,GP-15772,,,15_04_Comunic_Recibidas/2022/CI004_GP-15772_070401_CON_0721_EXP_PREDIALES_UF5.pdf
818,4,,,CONSORCIO 4C,GP-15367,,,15_04_Comunic_Recibidas/2022/CI004_GP-15367_070108_CON_0289_AUTO_TEMPO_SCV_09031.pdf
819,1,,,CONSORCIO 4C,GP-15673,2 de mayo de 2022,,15_04_Comunic_Recibidas/2022/CI004_GP-15673_070108_CON_0643_INF_FINAL_PLAN_REASENTA.pdf
820,2,,,CONSORCIO 4C,GP-16372,,,15_04_Comunic_Recibidas/2022/CI004_GP-16372_050300_ANI_033127-1_OBS_MODIFI_POLIZAS.pdf
821,2,,,CONSORCIO 4C,GP-16392,,,15_04_Comunic_Recibidas/2022/CI004_GP-16392_070300_GLOBALLOGIS_SINNUMERO_SCTUD_PASO.pdf
822,6,,,CONSORCIO 4C,GP-15648,9 de Mayo de 2022,,15_04_Comunic_Recibidas/2022/CI004_GP-15648_070202_CON_0630_FOR_GCSP_F009_ABR22.pdf
823,3,,,CONSORCIO 4C,GP-15647,9 de Mayo de 2022,,15_04_Comunic_Recibidas/2022/CI004_GP-15647_070202_CON_0629_FOR_GCSP_F-208_ABR22.pdf
824,2,,,CONSORCIO 4C,GP-16092,,,15_04_Comunic_Recibidas/2022/CI004_GP-16092_070109_ANI_024263-1_TRASLAD_DP_LUIS_CRUZ.pdf
825,3,,,CONSORCIO 4C,GP-15534,8 de Abril de 2022,,15_04_Comunic_Recibidas/2022/CI004_GP-15534_070202_CON_0487_FOR_GCSP_F208_MAR22.pdf
826,1,,,CONSORCIO 4C,GP-16338,,,15_04_Comunic_Recibidas/2022/CI004_GP-16338_070301_ANI_031903-1_IMP_RESOL_20213040051695.pdf
827,4,,,CONSORCIO 4C,GP-15886,2 de junio de 2022,,15_04_Comunic_Recibidas/2022/CI004_GP-15886_070108_CON_0924_INCLUS_MEMO_DESCA_EXP_52042.pdf
829,4,,,CONSORCIO 4C,GP-15889,2 de junio de 2022,,15_04_Comunic_Recibidas/2022/CI004_GP-15889_070108_CON_0927_INCLUS_MEMO_DESCA_EXP_52053.pdf
828,2,,,CONSORCIO 4C,GP-15362,,,15_04_Comunic_Recibidas/2022/CI004_GP-15362_070108_CON_0256_PAG_CRUCE-AEREO_RESOL_0016.pdf
830,4,,,CONSORCIO 4C,GP-16090,2 de agosto de 2022,,15_04_Comunic_Recibidas/2022/CI004_GP-16090_070108_CON_1153_CUMPLI_RESOL_1715_EXP_60748.pdf
831,21,,,CONSORCIO 4C,GP-16410,,,15_04_Comunic_Recibidas/2022/CI004_GP-16410_070108_CON_1532_DESCARGOS_AUTO_03226000974.pdf
832,1,,,CONSORCIO 4C,GP-15725,2 de mayo de 2022,,15_04_Comunic_Recibidas/2022/CI004_GP-15725_070300_TRANSSURENCO_SINNUMERO_SCTUD_PASO.pdf
835,2,,,CONSORCIO 4C,GP-16071,,,15_04_Comunic_Recibidas/2022/CI004_GP-16071_070301_ANI_023952-1_EVASION_PEAJE_GUATAQUI.pdf
833,11,,,CONSORCIO 4C,GP-16221,5 de septiembre de 2022,,15_04_Comunic_Recibidas/2022/CI004_GP-16221_070401_CON_1329_CALCULO_DICP_UF1_2_3_4_5.pdf
834,2,,,CONSORCIO 4C,GP-16301,2 de septiembre de 2022,,15_04_Comunic_Recibidas/2022/CI004_GP-16301_070108_CON_1403_MED_COMPENSA_EXP_51861.pdf
836,1,,,CONSORCIO 4C,GP-15542,1 de marzo de 2022,,15_04_Comunic_Recibidas/2022/CI004_GP-15542_070500_CON_0511_INF_MEN_N89_MAR22.pdf
840,2,,,CONSORCIO 4C,GP-15946,6 de julio de 2022,,15_04_Comunic_Recibidas/2022/CI004_GP-15946_070108_CON_1015_PAG_SEG_CTROL_AMB_EXP_51911.pdf
838,2,,,CONSORCIO 4C,GP-15311,,,15_04_Comunic_Recibidas/2022/CI004_GP-15311_070108_CON_0186_PAG_SEG_AMB_EXP_51899.pdf
837,1,,,CONSORCIO 4C,GP-16179,6 de agosto de 2022,,15_04_Comunic_Recibidas/2022/CI004_GP-16179_070109_CON_1258_PUBLICA_GRI_PAG_WEB.pdf
842,2,,,CONSORCIO 4C,GP-15988,,,15_04_Comunic_Recibidas/2022/CI004_GP-15988_070115_LCRUZ_SINNUMERO_DP_COMUNIDAD_EL_CERRO.pdf
841,2,,,CONSORCIO 4C,GP-16198,0 de agosto de 2022,,15_04_Comunic_Recibidas/2022/CI004_GP-16198_070110_CON_1282_SOPORTE_PAGO_SEGYSAL_2022.pdf
839,46,,,CONSORCIO 4C,GP-16065,0 de agosto de 2022,,15_04_Comunic_Recibidas/2022/CI004_GP-16065_070111_CON_1138_OBRAS_PILOTAJE_PR66+800.pdf
843,3,,,CONSORCIO 4C,GP-15399,2 de marzo de 2022,,15_04_Comunic_Recibidas/2022/CI004_GP-15399_070401_CON_0328_SEG_OBLIG_OTROSI_N9.pdf
844,4,,,CONSORCIO 4C,GP-15300,,,15_04_Comunic_Recibidas/2022/CI004_GP-15300_070108_CON_0173_AJUSTE_ICA_N15.pdf
846,4,,,CONSORCIO 4C,GP-15904,2 de junio de 2022,,15_04_Comunic_Recibidas/2022/CI004_GP-15904_070108_CON_0939_INCLUS_MEMO_DESCA_EXP_62024.pdf
847,6,,,CONSORCIO 4C,GP-16336,,,15_04_Comunic_Recibidas/2022/CI004_GP-16336_070300_CON_1450_ESPACIO_PUB_HOSPITAL_PR31.pdf
845,2,,,CONSORCIO 4C,GP-16405,6 de octubre de 2022,,15_04_Comunic_Recibidas/2022/CI004_GP-16405_050300-070400_CON_1535_INF_SEM_EER_PREDIAL.pdf
848,2,,,CONSORCIO 4C,GP-15737,,,15_04_Comunic_Recibidas/2022/CI004_GP-15737_070201-070115_ANI_015155-1_CTA_COBRO_N5_REDES.pdf
849,1,,,CONSORCIO 4C,GP-15513,1 de abril de 2022,,15_04_Comunic_Recibidas/2022/CI004_GP-15513_070108_CON_0458_ENTREG_INF_EXP_51509.pdf
851,1,,,CONSORCIO 4C,GP-15461,,,15_04_Comunic_Recibidas/2022/CI004_GP-15461_070500_CON_0408_MEMOTEC_ENE22.pdf
852,1,,,CONSORCIO 4C,GP-16158,8 de agosto de 2022,,15_04_Comunic_Recibidas/2022/CI004_GP-16158_070108_CON_1219_CUMPLI_RESOL_0314_EXP_51782.pdf
850,5,,,CONSORCIO 4C,GP-15696,0 de mayo de 2022,,15_04_Comunic_Recibidas/2022/CI004_GP-15696_070300_CON_0680_NOTIFI_EVASION_PEAJE_GUATAQUI.pdf
854,2,,,CONSORCIO 4C,GP-16136,8 de agosto de 2022,,15_04_Comunic_Recibidas/2022/CI004_GP-16136_070108_CON_1201_PAG_SERV_CTROL_AMB_EXP_60703.pdf
853,2,,,CONSORCIO 4C,GP-16144,8 de agosto de 2022,,15_04_Comunic_Recibidas/2022/CI004_GP-16144_070108_CON_1209_PAG_SERV_CTROL_AMB_EXP_62204.pdf
856,3,,,CONSORCIO 4C,GP-16107,2 de agosto de 2022,,15_04_Comunic_Recibidas/2022/CI004_GP-16107_070108_CON_1155_CUMPLI_RESOL_0333_EXP_51736.pdf
855,16,,,CONSORCIO 4C,GP-15375,,,15_04_Comunic_Recibidas/2022/CI004_GP-15375_070108_CON_0302_ENTREG_RES_CAR50217001127.pdf
857,1,,,CONSORCIO 4C,GP-16121,7 de agosto de 2022,,15_04_Comunic_Recibidas/2022/CI004_GP-16121_070114_CON_1185_PROBLEMA_ALCANTARILLADO_CR14.pdf
858,2,,,CONSORCIO 4C,GP-16245,2 de septiembre de 2022,,15_04_Comunic_Recibidas/2022/CI004_GP-16245_070108_CON_1313_INF_TRIM_N23_RESOL_2471.pdf
860,2,,,CONSORCIO 4C,GP-15987,3 de julio  de 2022,,15_04_Comunic_Recibidas/2022/CI004_GP-15987_070109_CON_1063_TRASLAD_DP_DPIÑEROS.pdf
859,3,,,CONSORCIO 4C,GP-16007,,,15_04_Comunic_Recibidas/2022/CI004_GP-16007_070114_ANI_000976-5_ACTO_ADTVO_RESOL_0976.pdf
861,1,,,CONSORCIO 4C,GP-16066,3 de agosto de 2022,,15_04_Comunic_Recibidas/2022/CI004_GP-16066_070109_CON_1117_INF_RESPONSA_SCIAL_AMB_21.pdf
863,1,,,CONSORCIO 4C,GP-16428,,,15_04_Comunic_Recibidas/2022/CI004_GP-16428_140711_ANI_034438-1_ENCUESTA_SATIS_CLIENTE.pdf
862,11,,,CONSORCIO 4C,GP-15539,8 de Abril de 2022,,15_04_Comunic_Recibidas/2022/CI004_GP-15539_070202_CON_0492_ACT_INVENTA_FOR_GCSP_F301.pdf
866,2,,,CONSORCIO 4C,GP-15664,,,15_04_Comunic_Recibidas/2022/CI004_GP-15664_070404_ANI_013389-1_DEV_EXP_PREDIAL_3-0073.pdf
864,2,,,CONSORCIO 4C,GP-15784,,,15_04_Comunic_Recibidas/2022/CI004_GP-15784_070109_ANI_016592-1_TRASLADO_DP_MMUÑOZ.pdf
865,1,,,CONSORCIO 4C,GP-16419,5 de octubre de 2022,,15_04_Comunic_Recibidas/2022/CI004_GP-16419_070108_CON_1553_MEDIDA_COMPENSA_EXP_51904.pdf
867,12,,,CONSORCIO 4C,GP-16339,,,15_04_Comunic_Recibidas/2022/CI004_GP-16339_050300-070400_ANI_031841-1_EER_PREDIO_3-0146.pdf
870,2,,,CONSORCIO 4C,GP-16146,8 de agosto de 2022,,15_04_Comunic_Recibidas/2022/CI004_GP-16146_070108_CON_1211_PAG_SERV_CTROL_AMB_EXP_51714.pdf
868,24,,,CONSORCIO 4C,GP-16183,5 de agosto de 2022,,15_04_Comunic_Recibidas/2022/CI004_GP-16183_070301_CON_1250_IMPLEMENTA_SISTEMA_IP-REV.pdf
869,6,,,CONSORCIO 4C,GP-16348,1 de octubre de 2022,,15_04_Comunic_Recibidas/2022/CI004_GP-16348_070202_CON_1471_FOR_GCSP_F001_SEP22.pdf
873,2,,,CONSORCIO 4C,GP-15566,,,15_04_Comunic_Recibidas/2022/CI004_GP-15566_070114_ANI_010346-1_PERMISO_USO_MCPIO_GUADUAS.pdf
872,13,,,CONSORCIO 4C,GP-15371,,,15_04_Comunic_Recibidas/2022/CI004_GP-15371_070109_JMCHAGUANI_104_FALLO_TUTELA_WHERRERA.pdf
871,2,,,CONSORCIO 4C,GP-15282,,,15_04_Comunic_Recibidas/2022/CI004_GP-15282_070108_CON_0154_PAG_SEG_AMB_EXP_51886.pdf
874,1,,,CONSORCIO 4C,GP-15453,,,15_04_Comunic_Recibidas/2022/CI004_GP-15453_070114_ANI_007724-1_SCTUD_CONCEP_EDS_PTO_SALGAR.pdf
875,118,,,CONSORCIO 4C,GP-15479,9 de marzo de 2022,,15_04_Comunic_Recibidas/2022/CI004_GP-15479_050300-070400_CON_0421_EER_ADQUISI_PREDIO_UF3.pdf
876,1,,,CONSORCIO 4C,GP-16050,,,15_04_Comunic_Recibidas/2022/CI004_GP-16050_070301_ANI_023183-1_IMPLEMENTA_SISTEMA_IP-REV.pdf
877,1,,,CONSORCIO 4C,GP-16110,8 de junio de 2022,,15_04_Comunic_Recibidas/2022/CI004_GP-16110_070108_CON_0970_CUMPLI_RESOL_1044_EXP_52053.pdf
878,1,,,CONSORCIO 4C,GP-15992,5 de julio de 2022,,15_04_Comunic_Recibidas/2022/CI004_GP-15992_070108_CON_1073_RTA_OFI_CAR_04222002330.pdf
879,2,,,CONSORCIO 4C,GP-15308,,,15_04_Comunic_Recibidas/2022/CI004_GP-15308_070108_CON_0183_PAG_SEG_AMB_EXP_51904.pdf
881,4,,,CONSORCIO 4C,GP-15898,2 de junio de 2022,,15_04_Comunic_Recibidas/2022/CI004_GP-15898_070108_CON_0933_INCLUS_MEMO_DESCA_EXP_60234.pdf
882,11,,,CONSORCIO 4C,GP-15624,5 de mayo de 2022,,15_04_Comunic_Recibidas/2022/CI004_GP-15624_070108_CON_0610_PROCESO_SANCION_AMB_EXP_88491.pdf
880,4,,,CONSORCIO 4C,GP-15440,2 de marzo de 2022,,15_04_Comunic_Recibidas/2022/CI004_GP-15440_050300-070400_CON_0373_ACCES_PREDIO_5-0193.pdf
883,3,,,CONSORCIO 4C,GP-15921,9 de junio de 2022,,15_04_Comunic_Recibidas/2022/CI004_GP-15921_070300_CON_0986_CONEC_CCO_POSTES_SOS_UF1_2_3.pdf
884,2,,,CONSORCIO 4C,GP-15762,1 de junio de 2022,,15_04_Comunic_Recibidas/2022/CI004_GP-15762_070108_CON_0754_PAG_SEG_AMB_EXP_51980.pdf
885,2,,,CONSORCIO 4C,GP-15427,,,15_04_Comunic_Recibidas/2022/CI004_GP-15427_070300_MOVITRAM_SINNUMERO_SCTUD_PASO.pdf
886,2,,,CONSORCIO 4C,GP-16303,2 de septiembre de 2022,,15_04_Comunic_Recibidas/2022/CI004_GP-16303_070108_CON_1405_RTA_AUTO_DRAM_1679_EXP_51781.pdf
887,10,,,CONSORCIO 4C,GP-15630,6 de mayo de 2022,,15_04_Comunic_Recibidas/2022/CI004_GP-15630_050300_CON_0616_REV_POLIZA_CUMPLIMIENTO.pdf
888,2,,,CONSORCIO 4C,GP-15529,,,15_04_Comunic_Recibidas/2022/CI004_GP-15529_070402_CON_0476_PLAN_COMPENSA_ECONO.pdf
890,4,,,CONSORCIO 4C,GP-16223,,,15_04_Comunic_Recibidas/2022/CI004_GP-16223_070300_MOVITRAM_SINNUMERO_SCTUD_PASO.pdf
891,1,,,CONSORCIO 4C,GP-16163,8 de agosto de 2022,,15_04_Comunic_Recibidas/2022/CI004_GP-16163_070108_CON_1224_CUMPLI_RESOL_0601_EXP_51891.pdf
889,2,,,CONSORCIO 4C,GP-16225,,,15_04_Comunic_Recibidas/2022/CI004_GP-16225_070114_ANI_027210-1_PERMISO_INV_BERAKAH.pdf
893,1,,,CONSORCIO 4C,GP-16191,8 de agosto de 2022,,15_04_Comunic_Recibidas/2022/CI004_GP-16191_070108_CON_1268_INF_FINAL_RESOL_2129_LEV_VEDA.pdf
894,4,,,CONSORCIO 4C,GP-15227,,,15_04_Comunic_Recibidas/2022/CI004_GP-15227_070109_FGUTIERREZ_SINNUMERO_PQRS_ACCESO_PR26.pdf
892,2,,,CONSORCIO 4C,GP-16357,3 de octubre de 2022,,15_04_Comunic_Recibidas/2022/CI004_GP-16357_070108_CON_1493_MEDIDA_COMPENSA_EXP_51862.pdf
895,1,,,CONSORCIO 4C,GP-15711,3 de mayo de 2022,,15_04_Comunic_Recibidas/2022/CI004_GP-15711_070108_CON_0703_ALC_INF_FINAL_RESOL_1701.pdf
896,1,,,CONSORCIO 4C,GP-16108,8 de junio de 2022,,15_04_Comunic_Recibidas/2022/CI004_GP-16108_070108_CON_0967_CUMPLI_RESOL_0544_EXP_51999.pdf
897,1,,,CONSORCIO 4C,GP-15199,,,15_04_Comunic_Recibidas/2022/CI004_GP-15199_070108_CON_0025_INF_TEC_SILVICULT_EXP_51481.pdf
898,7,,,CONSORCIO 4C,GP-16219,,,15_04_Comunic_Recibidas/2022/CI004_GP-16219_050300-070114_ANI_027112-1_PLAZ_CURA_CONCEP_PDTES.pdf
899,1,,,CONSORCIO 4C,GP-16042,,,15_04_Comunic_Recibidas/2022/CI004_GP-16042_070209_CON_1041_ACTA_VPIP_MAY_JUN22.pdf
900,1,,,CONSORCIO 4C,GP-15536,2 de marzo de 2022,,15_04_Comunic_Recibidas/2022/CI004_GP-15536_070108_CON_0383_ENTREG_ICA_N11.pdf
901,1,,,CONSORCIO 4C,GP-15195,,,15_04_Comunic_Recibidas/2022/CI004_GP-15195_070108_CON_0021_INF_TEC_SILVICULT_EXP_51503.pdf
903,1,,,CONSORCIO 4C,GP-16195,0 de agosto de 2022,,15_04_Comunic_Recibidas/2022/CI004_GP-16195_070110_CON_1278_SOPORTE_PAG_SEGYSAL_JUN_MAY22.pdf
902,1,,,CONSORCIO 4C,GP-16308,7 de septiembre de 2022,,15_04_Comunic_Recibidas/2022/CI004_GP-16308_070208_FBTA_SINNUMERO_FOSEVI_AGO22.pdf
904,381,,,CONSORCIO 4C,GP-15635,5 de mayo de 2022,,15_04_Comunic_Recibidas/2022/CI004_GP-15635_050300-070300_CON_0608_PLAZ_CURA_INCUMP_VEHICUL_UF4.pdf
907,4,CONCESION ALTO MAGDALENA S.A.S.,,CONSORCIO 4C,GP-15319,07/02/2022,GCSP-F-208 Informe de Ingresos por Explotación Comercial Enero 2022.,15_04_Comunic_Recibidas/2022/CI004_GP-15319_070202_CON_0197_FOR_GCSP_F208_ENE22.pdf
906,1,CONCESIÓN ALTO MAGDALENA S.A.S.,,CONSORCIO 4C,GP-15795,09/06/2022,Entrega informe mantenimientos tercer año del establecimiento de la medida compensatoria en cumplimiento de la Resolución 0761 del 13 de abril del 2016 modificada con la Resolución 2829 del 29 de diciembre de 2016. Expediente 51968,15_04_Comunic_Recibidas/2022/CI004_GP-15795_070108_CON_0793_INF_MEDID_COMPENSA_EXP_51968.pdf
905,4,Agencia Nacional de Infraestructura,,CONSORCIO 4C,GP-15373,16/12/2020,"Aprobación del aseguramiento del permiso otorgado mediante la Resolución No. 20223040000075 del 04 de enero de 2022. Radicado ANI No.: 20224090128772 del 04 de febrero de 2022, 20224090132002 del 04 de febrero de 2022, 20224090132792 del 07 de febrero de 2022 y 20224090132812 del 07 de febrero de 2022.",15_04_Comunic_Recibidas/2022/CI004_GP-15373_070114_ANI_004388-1_APROBA_PERMI_RES_2022304000075.pdf
908,2,,,CONSORCIO 4C,GP-15246,,,15_04_Comunic_Recibidas/2022/CI004_GP-15246_070110_CON_0079_OBS_SOPORT_SEGYSAL_OCT_SEP.pdf
909,2,,,CONSORCIO 4C,GP-16375,3 de octubre de 2022,,15_04_Comunic_Recibidas/2022/CI004_GP-16375_070108_CON_1477_PAG_SERV_SEG_AMB_EXP_52031.pdf
910,2,,,CONSORCIO 4C,GP-15590,,,15_04_Comunic_Recibidas/2022/CI004_GP-15590_050300-070400_ANI_011352-1_EER_ADQUISI_PREDIOS_UF5.pdf
911,1,,,CONSORCIO 4C,GP-16049,4 de agosto de 2022,,15_04_Comunic_Recibidas/2022/CI004_GP-16049_070108_CON_1120_INF_N04_RESOL_2602.pdf
912,2,,,CONSORCIO 4C,GP-16383,3 de octubre de 2022,,15_04_Comunic_Recibidas/2022/CI004_GP-16383_070108_CON_1485_PAG_SERV_SEG_AMB_EXP_60235.pdf
914,1,,,CONSORCIO 4C,GP-15202,,,15_04_Comunic_Recibidas/2022/CI004_GP-15202_070108_CON_0028_INF_TEC_SILVICULT_EXP_51535.pdf
915,1,,,CONSORCIO 4C,GP-16351,2 de octubre de 2022,,15_04_Comunic_Recibidas/2022/CI004_GP-16351_070210_CON_1475_ACTAS_RETRIBU_UF4_UF5.pdf
913,6,,,CONSORCIO 4C,GP-15439,2 de marzo de 2022,,15_04_Comunic_Recibidas/2022/CI004_GP-15439_070300_CON_0372_INCONFOR_VEHIC_COMODATO.pdf
916,106,,,CONSORCIO 4C,GP-15802,0 de junio de 2022,,15_04_Comunic_Recibidas/2022/CI004_GP-15802_050300-070400_CON_0809_EER_ADQUISI_PREDIO_5-0105.pdf
917,2,,,CONSORCIO 4C,GP-15363,,,15_04_Comunic_Recibidas/2022/CI004_GP-15363_070108_CON_0257_PAG_CRUCE_AEREO_RESOL_0021.pdf
918,2,,,CONSORCIO 4C,GP-15913,,,15_04_Comunic_Recibidas/2022/CI004_GP-15913_070207_ANI_001001-1_ACTUAL_TARIFA_PEAJES_2021.pdf
919,6,,,CONSORCIO 4C,GP-15448,2 de marzo de 2022,,15_04_Comunic_Recibidas/2022/CI004_GP-15448_070300_CON_0395_MANTENI_NPH_INCUMP_E3.pdf
921,2,,,CONSORCIO 4C,GP-16247,4 de septiembre de 2022,,15_04_Comunic_Recibidas/2022/CI004_GP-16247_050300_CON_1356_SCTUD_INF_COSTOS_OCIOSOS.pdf
922,2,,,CONSORCIO 4C,GP-15354,,,15_04_Comunic_Recibidas/2022/CI004_GP-15354_070109_CON_0236_FOR_ACTAS_VECIND_SELLOS.pdf
923,2,,,CONSORCIO 4C,GP-16139,8 de agosto de 2022,,15_04_Comunic_Recibidas/2022/CI004_GP-16139_070108_CON_1204_PAG_SERV_CTROL_AMB_EXP_60749.pdf
924,2,,,CONSORCIO 4C,GP-15925,,,15_04_Comunic_Recibidas/2022/CI004_GP-15925_070300_MOVITRAM_SINNUMERO_SCTUD_PASO.pdf
920,2,,,CONSORCIO 4C,GP-15924,29/06/2022,Respuesta a su radicado No. CI.004/GP10070/22/7.5 y CI.004/GP10039/22/9.2 con los radicados ANI No. 20224090647542 y No. 20224090635802 del 18 de junio de 2022 - Aprobación Informe de Interventoría No. 91 correspondiente al 01 al 31 de mayo de 2022 – Contrato de Interventoría 145 de 2014 - Proyecto Girardot - Honda - Puerto Salgar.,15_04_Comunic_Recibidas/2022/CI004_GP-15924_090200_ANI_018999-1_APROB_INF_INTERV_MEN_N91.pdf
925,6,CONCESIÓN ALTO MAGDALENA S.A.S.,,CONSORCIO 4C,GP-16204,02/09/2022,Respuesta comunicación CI.004/GP10137/22/7.1.10 (Rad. Int. ALMA-R-2022-1077 del 27/07/2022) - Recomendaciones para mejorar las condiciones SST / Obras PR66+820 UF3.,15_04_Comunic_Recibidas/2022/CI004_GP-16204_070110_CON_1308_RECOMENDA_SST_PR66+820.pdf
927,7,CONCESIÓN ALTO MAGDALENA S.A.S.,,CONSORCIO 4C,GP-15560,12/04/2022,GCSTP-F-001 - Informe Mantenimiento Bienes de uso Público Marzo de 2022,15_04_Comunic_Recibidas/2022/CI004_GP-15560_070202_CON_0517_FOR_GCSP_F001_MAR22.pdf
926,2,Agencia Nacional de Infraestructura,,CONSORCIO 4C,GP-15783,07/06/2022,"Respuesta al derecho de petición - Señor Johan Estiven Vergaño Gutiérrez con radicado ANI No. 20224090563782. Instalación de baranda de seguridad en carretera- Proyecto Girardot – Honda –Puerto Salgar, Contrato de Concesión 003 de 2014. Concesión Alto Magdalena S.A.S",15_04_Comunic_Recibidas/2022/CI004_GP-15783_070109_ANI_016611-1_RTA_DP_JVERGAÑO.pdf
928,1,CONCESIÓN ALTO MAGDALENA S.A.S.,,CONSORCIO 4C,GP-15806,10/06/2022,Respuesta comunicación ALMA-R-2022-0750 Revisión Informe Avance Gestión Predial marzo de 2022,15_04_Comunic_Recibidas/2022/CI004_GP-15806_070400_CON_0810_REV_INF_PREDIAL_MAR22.pdf
929,1,CONCESIÓN ALTO MAGDALENA S.A.S.,,CONSORCIO 4C,GP-15424,11/03/2022,Respuesta comunicado radicado ALMA-R-2022-0210 Alcaldía de Guataquí - Oficio N° SGG-101-23-01-024-2022 Respuesta Derecho de petición. Solicitud de espacio mesa de trabajo.,15_04_Comunic_Recibidas/2022/CI004_GP-15424_070109_CON_0354_SCTUD_MESA_TRABAJO.pdf
930,1,CONCESIÓN ALTO MAGDALENA S.A.S.,,CONSORCIO 4C,GP-16302,22/09/2022,Entrega informe mantenimientos primer y segundo año medida compensatoria en cumplimiento de la Resolución 0313 del 16/02/2016. Expediente 52122,15_04_Comunic_Recibidas/2022/CI004_GP-16302_070108_CON_1404_MED_COMPENSA_EXP_52122.pdf
931,1,CONCESIÓN ALTO MAGDALENA S.A.S.,,CONSORCIO 4C,GP-15508,01/04/2022,"Entrega informe de los mantenimientos realizados en el primer año, segundo año y tercer año del establecimiento de la medida compensatoria en cumplimiento de la Resolución Nº 2366 del 3 de noviembre del 2015 prorrogada con la Resolución Nº 1286 del 10 de junio de 2016. Expediente 51493",15_04_Comunic_Recibidas/2022/CI004_GP-15508_070108_CON_0453_ENTREG_INF_EXP_51493.pdf
932,13,CONCESIÓN ALTO MAGDALENA S.A.S.,,CONSORCIO 4C,GP-15625,22/04/2022,Descargos del Auto DRBM No. 04226000164 de 14 de Marzo de 2022,15_04_Comunic_Recibidas/2022/CI004_GP-15625_070108_CON_0544_PROCESO_SANCION_AMB_EXP_84709.pdf
933,2,CONCESIÓN ALTO MAGDALENA S.A.S.,,CONSORCIO 4C,GP-15328,09/02/2022,Informe criterios para contabilizar Ingresos y Egresos por Unidad Funcional.,15_04_Comunic_Recibidas/2022/CI004_GP-15328_070201_CON_0205_INF_ING_EGRE_ENE22.pdf
934,3,CONCESIÓN ALTO MAGDALENA S.A.S.,ALMA-2021-1301,CONSORCIO 4C,GP-15490,01/04/2022,Reiteración solicitud permiso tala árboles en riesgo UF5 subsector 2 Ruta Nacional 45-10.,15_04_Comunic_Recibidas/2022/CI004_GP-15490_070108_CON_0438_PERMI_TALA_ARBOLES_UF5.pdf
936,2,,,CONSORCIO 4C,GP-15346,15/02/2022,Queja por incumplimiento en el pago de oferta de compra predio Bagalito - Guataqui – Cundinamarca Folio M.I. No. 307-11469. ALMA -2-0157,15_04_Comunic_Recibidas/2022/CI004_GP-15346_070402_GFIGUEROA_SINNUMERO_QUEJA_INCUMP_PAGO.pdf
935,2,,,CONSORCIO 4C,GP-16064,05/08/2022,"Solicitud concepto, comunicado No. ALMA-2022-1100 con radicado ANI No. 20224090837142, Solicitud ampliación plazo de ejecución - Obras de pilotaje para recuperación de la banca en PR66+800 RN4508 Unidad Funcional 3. Contrato de Interventoría 145 – 2014. Proyecto Girardot-Honda-Puerto Salgar. Consorcio 4C. No. de radicado al que responde: 20224090837142.",15_04_Comunic_Recibidas/2022/CI004_GP-16064_070111_ANI_023557-1_OBRAS_PILOTAJE_PR66+800.pdf
937,1,CONCESION ALTO MAGDALENA S.A.S.,,CONSORCIO 4C,GP-15229,04/01/2022,Informe ejecutivo avance de ejecución predial y sabana de avalúos diciembre 2021.,15_04_Comunic_Recibidas/2022/CI004_GP-15229_070400_CON_0013_INF_PREDIAL_DIC21.pdf
938,2,CONCESIÓN ALTO MAGDALENA S.A.S.,ALMA-2022-1011,CONSORCIO 4C,GP-15942,06/07/2022,Cumplimiento de la obligación de pago por el servicio de seguimiento y control ambiental. Auto DRAM 03226000451 de 19/04/2022 (Rad. Interno ALMA-R-2022-0702 del 26/05/2022). Expediente 51741.,15_04_Comunic_Recibidas/2022/CI004_GP-15942_070108_CON_1011_PAG_SEG_CTROL_AMB_EXP_51741.pdf
940,1,Agencia Nacional de Infraestructura,,CONSORCIO 4C,GP-16058,04/08/2022,Solicitud acciones necesarias para evitar la evasión del Peaje Guataqui. Contrato de Concesión 003 de 2014. Proyecto Girardot-Honda-Puerto Salgar. Concesión Alto Magdalena S.A.S.,15_04_Comunic_Recibidas/2022/CI004_GP-16058_070300_ANI_023378-1_EVASION_PEAJE_GUATAQUI.pdf
941,1,Agencia Nacional de Infraestructura,,CONSORCIO 4C,GP-15745,31/05/2022,"Traslado comunicado SIG No. 150.47.01 Oficio 967 con radicado ANI No. 20224090571172 – Solicitud intervención en la conexión de la vía Nariño municipio de Girardot con la Concesión Alto Magdalena S.A.S. - Proyecto Girardot – Honda – Puerto Salgar, Contrato de Concesión 003 de 2014. Concesión Alto Magdalena S.A.S.",15_04_Comunic_Recibidas/2022/CI004_GP-15745_070104_ANI_015685-1_TRASLAD_SCTUD_CONEX_VIA_NARIÑO.pdf
939,8,Agencia Nacional de Infraestructura,,CONSORCIO 4C,GP-15458,24/03/2022,Respuesta a su comunicado No.CI.004/GP9696/21/5.3-7.3 con radicados ANI No. 20214091509092 – No objeción Plazo de Cura por el presunto incumplimiento de las obligaciones establecidas en las Secciones 3.1.5 y 3.2.7 del Apéndice Técnico 2 en relación con las acciones de seguridad vial requeridas en el desvío temporal en el PR66+820 de la Unidad Funcional 3 - pérdida de la banca de la vía. Contrato de Interventoría No. 145 de 2014 – Proyecto Girardot – Honda – Puerto Salgar. Consorcio 4C.,15_04_Comunic_Recibidas/2022/CI004_GP-15458_050300-070300_ANI_007788-1_PLAZO_CURA_PR66+820.pdf
942,3,Corporación Autónoma Regional del Tolima,8590,CONSORCIO 4C,GP-15714,23/05/2022,Remisión Respuesta a Correo Electrónico N°6019 del 04-04-2022,15_04_Comunic_Recibidas/2022/CI004_GP-15714_070108_CORTOLIMA_8590_APROVE_FORESTAL_UF5.pdf
943,3,CONCESIÓN ALTO MAGDALENA S.A.S.,,CONSORCIO 4C,GP-16282,22/09/2022,Respuesta comunicación CI.004/GP10068/22/7.1.8 (Rad inter. ALMA-R-2022-0867 – 17/06/2022). Adecuación paso de fauna,15_04_Comunic_Recibidas/2022/CI004_GP-16282_070108_CON_1407_ADECUACION_PASO_FAUNA.pdf
944,2,CONCESION ALTO MAGDALENA S.A.S.,,CONSORCIO 4C,GP-15237,25/01/2022,Remisión Formulario de liquidación y declaración de regalías cuarto (4) Trimestre Año 2021. Autorización Temporal SCV-09031.,15_04_Comunic_Recibidas/2022/CI004_GP-15237_070108_CON_0063_FOR_REGALIAS_SCV-09031.pdf
947,2,,,CONSORCIO 4C,GP-15760,1 de junio de 2022,,15_04_Comunic_Recibidas/2022/CI004_GP-15760_070108_CON_0752_PAG_SEG_AMB_EXP_51703.pdf
945,1,CONCESIÓN ALTO MAGDALENA S.A.S.,,CONSORCIO 4C,GP-15552,11/04/2022,"Entrega informe de los mantenimientos realizados en el primer año, segundo año del establecimiento de la medida compensatoria en cumplimiento de la Resolución 1951 del 16 de septiembre del 2016 prorrogada con la Resolución 2420 del 11 de septiembre del 2017. Expediente 56598",15_04_Comunic_Recibidas/2022/CI004_GP-15552_070108_CON_0506_ENTREG_INF_EXP_56598.pdf
948,9,,,CONSORCIO 4C,GP-16332,5 de octubre de 2022,,15_04_Comunic_Recibidas/2022/CI004_GP-16332_070108_CON_1445_COMPENSA_AMB_RECURSOS.pdf
949,16,,,CONSORCIO 4C,GP-15277,,,15_04_Comunic_Recibidas/2022/CI004_GP-15277_070108_CON_0146_PAG_SEG_AMB_EXP_OCA15512.pdf
952,1,,,CONSORCIO 4C,GP-15410,8 de marzo de 2022,,15_04_Comunic_Recibidas/2022/CI004_GP-15410_070500_CON_0345_INF_MEN_N88_FEB22.pdf
953,9,,,CONSORCIO 4C,GP-15719,3 de  mayo de 2022,,15_04_Comunic_Recibidas/2022/CI004_GP-15719_070108_CON_0696_RTA_AUTO_EXP_62207.pdf
954,1,,,CONSORCIO 4C,GP-15607,9 de abril de 2022,,15_04_Comunic_Recibidas/2022/CI004_GP-15607_070108_CON_0566_ENTREGA_INF_EXP_51962.pdf
955,2,,,CONSORCIO 4C,GP-16270,,,15_04_Comunic_Recibidas/2022/CI004_GP-16270_070300_GLOBALLOGIS_SINNUMERO_SCTUD_PASO.pdf
950,2,,,CONSORCIO 4C,GP-15411,,,15_04_Comunic_Recibidas/2022/CI004_GP-15411_050300-070400_ANI_006005-1_PLAZ_CURA_PREDI_5-0193.pdf
956,2,,,CONSORCIO 4C,GP-16196,0 de agosto de 2022,,15_04_Comunic_Recibidas/2022/CI004_GP-16196_070108_CON_1280_FOR_REGALIAS_SCV-09031.pdf
957,1,,,CONSORCIO 4C,GP-15562,,,15_04_Comunic_Recibidas/2022/CI004_GP-15562_070109_CON_0484_SEG_PQRS_UF1.pdf
946,2,CONCESIÓN ALTO MAGDALENA S.A.S.,,CONSORCIO 4C,GP-16420,27/10/2022,Entrega informe mantenimientos primer y segundo año medida compensatoria en cumplimiento de la Resolución 0326 del 16 de febrero de 2016 modificada por la Resolución 3896 del 7 de diciembre de 2017. Expediente 51903,15_04_Comunic_Recibidas/2022/CI004_GP-16420_070108_CON_1552_MEDIDA_COMPENSA_EXP_51903.pdf
958,1,,,CONSORCIO 4C,GP-15514,1 de abril de 2022,,15_04_Comunic_Recibidas/2022/CI004_GP-15514_070108_CON_0459_ENTREG_INF_EXP_51526.pdf
951,2,,,CONSORCIO 4C,GP-16019,,,15_04_Comunic_Recibidas/2022/CI004_GP-16019_070104_ANI_022339-1_TRASLAD_SCTUD_ALC_GUATAQUI.pdf
959,2,,,CONSORCIO 4C,GP-15280,,,15_04_Comunic_Recibidas/2022/CI004_GP-15280_070108_CON_0152_PAG_SEG_AMB_EXP_51711.pdf
960,10,,,CONSORCIO 4C,GP-15677,4 de mayo de 2022,,15_04_Comunic_Recibidas/2022/CI004_GP-15677_070300_TRANSSURENCO_SINNUMERO_SCTUD_PASO.pdf
961,3,,,CONSORCIO 4C,GP-16355,,,15_04_Comunic_Recibidas/2022/CI004_GP-16355_070303_ANI_000045-4_SEG_ESTACION_PEAJES.pdf
962,2,,,CONSORCIO 4C,GP-15940,6 de julio de 2022,,15_04_Comunic_Recibidas/2022/CI004_GP-15940_070108_CON_1009_PAG_SEG_CTROL_AMB_EXP_51709.pdf
963,10,,,CONSORCIO 4C,GP-15748,1 de junio de 2022,,15_04_Comunic_Recibidas/2022/CI004_GP-15748_070108_CON_0740_ESTADO_COMPENSA_EXP_68855.pdf
964,2,,,CONSORCIO 4C,GP-15449,3 de marzo  de 2022,,15_04_Comunic_Recibidas/2022/CI004_GP-15449_070109_CON_0401_RETIRO_VENDEDORES_CAMELIAS.pdf
965,14,,,CONSORCIO 4C,GP-15813,5 de junio de 2022,,15_04_Comunic_Recibidas/2022/CI004_GP-15813_070108_CON_0819_RECURSO_REPOSI_EXP_90857.pdf
966,1,,,CONSORCIO 4C,GP-15675,,,15_04_Comunic_Recibidas/2022/CI004_GP-15675_070500_CON_0650_MEMOTEC_FEB22.pdf
968,4,,,CONSORCIO 4C,GP-15699,0 de mayo de 2022,,15_04_Comunic_Recibidas/2022/CI004_GP-15699_070114_CON_0679_SCTUD_PERMI_USO_EPM.pdf
967,3,,,CONSORCIO 4C,GP-15780,8 de Junio de 2022,,15_04_Comunic_Recibidas/2022/CI004_GP-15780_070201_CON_0777_PAG_FONSECON_MAY22.pdf
969,1,,,CONSORCIO 4C,GP-15365,,,15_04_Comunic_Recibidas/2022/CI004_GP-15365_070400_CON_0108_INF_PREDIAL_ENE22.pdf
970,4,,,CONSORCIO 4C,GP-15900,2 de junio de 2022,,15_04_Comunic_Recibidas/2022/CI004_GP-15900_070108_CON_0935_INCLUS_MEMO_DESCA_EXP_61245.pdf
971,2,,,CONSORCIO 4C,GP-15927,,,15_04_Comunic_Recibidas/2022/CI004_GP-15927_070300_MOVITRAM_SINNUMERO_SCTUD_PASO.pdf
972,1,,,CONSORCIO 4C,GP-15487,0 de marzo de 2022,,15_04_Comunic_Recibidas/2022/CI004_GP-15487_070108_CON_0429_SOPORT_PAG_FACT_752_724_725.pdf
973,2,,,CONSORCIO 4C,GP-15934,1 de julio de 2022,,15_04_Comunic_Recibidas/2022/CI004_GP-15934_070109_CON_1001_MED_PROG_GEST_SOCIOPREDIAL.pdf
975,2,,,CONSORCIO 4C,GP-15292,,,15_04_Comunic_Recibidas/2022/CI004_GP-15292_070108_CON_0164_PAG_SEG_AMB_EXP_51911.pdf
974,1,,,CONSORCIO 4C,GP-15192,,,15_04_Comunic_Recibidas/2022/CI004_GP-15192_070108_CON_0018_INF_TEC_SILVICULT_EXP_51488.pdf
976,4,,,CONSORCIO 4C,GP-15349,,,15_04_Comunic_Recibidas/2022/CI004_GP-15349_070109_CON_0238_SEG_PQRS_UF5.pdf
977,1,,,CONSORCIO 4C,GP-16097,2 de agosto de 2022,,15_04_Comunic_Recibidas/2022/CI004_GP-16097_070108_CON_1161_CUMPLI_RESOL_1714_EXP_60705.pdf
978,4,,,CONSORCIO 4C,GP-15998,1 de julio de 2022,,15_04_Comunic_Recibidas/2022/CI004_GP-15998_070109_CON_1075_RECLAMA_CAIDA_ROCAS_PR29.pdf
979,1,,,CONSORCIO 4C,GP-16046,2 de Agosto de 2022,,15_04_Comunic_Recibidas/2022/CI004_GP-16046_070115_CON_1111_OBS_ACTA_PARCIAL_N17.pdf
980,3,,,CONSORCIO 4C,GP-15406,7 de marzo de 2022,,15_04_Comunic_Recibidas/2022/CI004_GP-15406_070108_CON_0343_RTA_AUTO_GSC_ZC_000209.pdf
981,1,,,CONSORCIO 4C,GP-15505,1 de abril de 2022,,15_04_Comunic_Recibidas/2022/CI004_GP-15505_070108_CON_0464_ENTREG_INF_TEC_1_EXP_51527.pdf
982,4,,,CONSORCIO 4C,GP-15680,,,15_04_Comunic_Recibidas/2022/CI004_GP-15680_070115-070201_CON_0641_APROBA_SUBCTA_REDES_N7.pdf
983,2,,,CONSORCIO 4C,GP-16278,0 de septiembre de 2022,,15_04_Comunic_Recibidas/2022/CI004_GP-16278_070300_CON_1386_CONECT_CCO_POSTES_SOS.pdf
984,2,,,CONSORCIO 4C,GP-15999,3 de julio de 2022,,15_04_Comunic_Recibidas/2022/CI004_GP-15999_070404_CON_1057_EXP_PREDIAL_2-0136-1.pdf
985,1,,,CONSORCIO 4C,GP-16052,,,15_04_Comunic_Recibidas/2022/CI004_GP-16052_070301_FISCALIA_20480-02-2700_COPIA_VIDEOS_PEAJES.pdf
986,9,,,CONSORCIO 4C,GP-15787,9 de junio de 2022,,15_04_Comunic_Recibidas/2022/CI004_GP-15787_070109_CON_0789_PQRS_DRENAJE_GLORIETAS_UF5.pdf
988,2,,,CONSORCIO 4C,GP-15610,9 de abril de 2022,,15_04_Comunic_Recibidas/2022/CI004_GP-15610_070108_CON_0569_ENTREGA_INF_EXP_61896.pdf
987,8,,,CONSORCIO 4C,GP-16180,6 de agosto de 2022,,15_04_Comunic_Recibidas/2022/CI004_GP-16180_070400_CON_1259_INF_CERCADO_PASOS_URBAN.pdf
990,2,,,CONSORCIO 4C,GP-15859,,,15_04_Comunic_Recibidas/2022/CI004_GP-15859_070300_FUENEXCAPILO_SINNUMERO_SCTUD_PASO.pdf
989,1,,,CONSORCIO 4C,GP-16220,5 de septiembre de 2022,,15_04_Comunic_Recibidas/2022/CI004_GP-16220_070500_CON_1330_INF_MEN_N94_AGO22.pdf
991,2,,,CONSORCIO 4C,GP-15954,6 de julio de 2022,,15_04_Comunic_Recibidas/2022/CI004_GP-15954_070108_CON_1023_PAG_SEG_CTROL_AMB_EXP_52122.pdf
992,2,,,CONSORCIO 4C,GP-15564,13 de abril de 2022,,15_04_Comunic_Recibidas/2022/CI004_GP-15564_070201_FBTA_SINNUMERO_INF_MEN_MAR22.pdf
993,2,,,CONSORCIO 4C,GP-15288,,,15_04_Comunic_Recibidas/2022/CI004_GP-15288_070108_CON_0160_PAG_SEG_AMB_EXP_51781.pdf
994,3,,,CONSORCIO 4C,GP-15480,0 de marzo  de 2022,,15_04_Comunic_Recibidas/2022/CI004_GP-15480_070108_CON_0424_ACTA_REUNION_SEG_AMB_N442.pdf
995,5,,,CONSORCIO 4C,GP-16265,6 de septiembre de 2022,,15_04_Comunic_Recibidas/2022/CI004_GP-16265_070202_CON_1379_FOR_GCSP_F009_AGO22.pdf
996,3,,,CONSORCIO 4C,GP-15958,6 de julio de 2022,,15_04_Comunic_Recibidas/2022/CI004_GP-15958_070109_CON_1028_INF_VISITA_PREDIO_PR24+800.pdf
997,3,,,CONSORCIO 4C,GP-16084,1 de agosto de 2022,,15_04_Comunic_Recibidas/2022/CI004_GP-16084_070201_CON_1147_PAG_FONSECON_JUL22.pdf
998,2,,,CONSORCIO 4C,GP-15581,1 de abril  de 2022,,15_04_Comunic_Recibidas/2022/CI004_GP-15581_070300_CON_0535_NOTIF_EVASI_PEAJE_GUATAQUI.pdf
999,1,,,CONSORCIO 4C,GP-15812,9 de junio de 2022,,15_04_Comunic_Recibidas/2022/CI004_GP-15812_070108_CON_0792_INF_COMPENSA_EXP_51967.pdf
1001,2,,,CONSORCIO 4C,GP-15952,6 de julio de 2022,,15_04_Comunic_Recibidas/2022/CI004_GP-15952_070108_CON_1021_PAG_SEG_CTROL_AMB_EXP_52186.pdf
1002,2,,,CONSORCIO 4C,GP-15295,,,15_04_Comunic_Recibidas/2022/CI004_GP-15295_070402_CON_0168_ENTREG_RESULT_2021.pdf
1000,1,,,CONSORCIO 4C,GP-16117,7 de junio de 2022,,15_04_Comunic_Recibidas/2022/CI004_GP-16117_070108_CON_0885_CUMPLI_RESOL_0548_EXP_52036.pdf
1003,1,,,CONSORCIO 4C,GP-15631,4 de mayo  de 2022,,15_04_Comunic_Recibidas/2022/CI004_GP-15631_070300_CON_0592_MESA_TRABAJ_PROBLEMA_PR3+850.pdf
1004,1,,,CONSORCIO 4C,GP-15847,,,15_04_Comunic_Recibidas/2022/CI004_GP-15847_070114_ANI_018119-1_ALC_PERMI_USO_EPM.pdf
1005,2,,,CONSORCIO 4C,GP-15429,4 de marzo de 2022,,15_04_Comunic_Recibidas/2022/CI004_GP-15429_070108_CON_0363_SOPORT_PAG_AUTO_00662.pdf
1006,2,,,CONSORCIO 4C,GP-16376,3 de octubre de 2022,,15_04_Comunic_Recibidas/2022/CI004_GP-16376_070108_CON_1478_PAG_SERV_SEG_AMB_EXP_52175.pdf
1008,68,,,CONSORCIO 4C,GP-15437,8 de marzo de 2022,,15_04_Comunic_Recibidas/2022/CI004_GP-15437_050300-070400_CON_0369_EER_PREDIOS_UF4_5.pdf
1007,2,,,CONSORCIO 4C,GP-16094,2 de agosto de 2022,,15_04_Comunic_Recibidas/2022/CI004_GP-16094_070108_CON_1158_CUMPLI_RESOL_1717_EXP_60697.pdf
1009,1,,,CONSORCIO 4C,GP-16330,,,15_04_Comunic_Recibidas/2022/CI004_GP-16330_070301_ANI_031434-1_IMPLE_RESOL_IP-REV.pdf
1010,1,,,CONSORCIO 4C,GP-15256,,,15_04_Comunic_Recibidas/2022/CI004_GP-15256_050300_CON_0122_ACTUAL_IPC_2021.pdf
1011,1,,,CONSORCIO 4C,GP-16260,5 de septiembre de 2022,,15_04_Comunic_Recibidas/2022/CI004_GP-16260_070108_CON_1362_INF_MED_COMPENSA_EXP_52020.pdf
1013,1,,,CONSORCIO 4C,GP-16290,2 de septiembre de 2022,,15_04_Comunic_Recibidas/2022/CI004_GP-16290_070108_CON_1392_MED_COMPENSA_EXP_51722.pdf
1012,1,,,CONSORCIO 4C,GP-15843,7 de junio de 2022,,15_04_Comunic_Recibidas/2022/CI004_GP-15843_070108_CON_0881_INF_MEDI_COMPENSA_EXP_52018.pdf
1015,1,,,CONSORCIO 4C,GP-15190,,,15_04_Comunic_Recibidas/2022/CI004_GP-15190_070108_CON_0016_INF_TEC_SILVICULT_EXP_51477.pdf
1014,7,,,CONSORCIO 4C,GP-15444,2 de marzo de 2022,,15_04_Comunic_Recibidas/2022/CI004_GP-15444_070108_CON_0392_ASPECT_AMB_O&M_UF3_4_5.pdf
1016,4,,,CONSORCIO 4C,GP-15873,2 de junio de 2022,,15_04_Comunic_Recibidas/2022/CI004_GP-15873_070108_CON_0912_INCLUS_MEMO_DESCA_EXP_52004.pdf
1017,1,,,CONSORCIO 4C,GP-16318,29-09-2022,,15_04_Comunic_Recibidas/2022/CI004_GP-16318_070301_SPT_068591-1_HABILITA_SISTEMA_IP-REV.pdf
1018,1,,,CONSORCIO 4C,GP-15597,9 de abril  de 2022,,15_04_Comunic_Recibidas/2022/CI004_GP-15597_070109_CON_0554_SOCIALIZA_NORMA_ESPACI_PUB.pdf
1019,3,,,CONSORCIO 4C,GP-16176,"7 de agosto de
2022",,15_04_Comunic_Recibidas/2022/CI004_GP-16176_070400_ANI_025715-1_SCTUD_INFO_ADQUISI_PREDIOS.pdf
1021,5,,,CONSORCIO 4C,GP-16023,9 de julio de 2022,,15_04_Comunic_Recibidas/2022/CI004_GP-16023_070112_CON_1100_RECUPE_BANCA_PR66+800.pdf
1020,2,,,CONSORCIO 4C,GP-16165,8 de agosto de 2022,,15_04_Comunic_Recibidas/2022/CI004_GP-16165_070108_CON_1226_CUMPLI_RESOL_3313_EXP_51741.pdf
1022,1,,,CONSORCIO 4C,GP-16214,2 de septiembre de 2022,,15_04_Comunic_Recibidas/2022/CI004_GP-16214_070108_CON_1319_INF_MED_COMPENSA_EXP_52042.pdf
1024,2,,,CONSORCIO 4C,GP-15831,,,15_04_Comunic_Recibidas/2022/CI004_GP-15831_070300_GLOBALLOGIS_SINNUMERO_SCTUD_PASO.pdf
1025,1,,,CONSORCIO 4C,GP-15212,,,15_04_Comunic_Recibidas/2022/CI004_GP-15212_070202_CON_0038_FOR_GCSP_F301_ACTUAL_DIC21.pdf
1023,2,,,CONSORCIO 4C,GP-15803,,,15_04_Comunic_Recibidas/2022/CI004_GP-15803_070100_ANI_016608-1_DP_AGARZON_REV_SEÑAL.pdf
1026,3,,,CONSORCIO 4C,GP-16170,,,15_04_Comunic_Recibidas/2022/CI004_GP-16170_070109_MPATIÑO_SINNUMERO_REPARA_MANGUERA.pdf
1028,1,,,CONSORCIO 4C,GP-15545,1 de abril de 2022,,15_04_Comunic_Recibidas/2022/CI004_GP-15545_070108_CON_0499_ENTREG_INF_EXP_51499.pdf
1027,1,,,CONSORCIO 4C,GP-15616,9 de abril de 2021,,15_04_Comunic_Recibidas/2022/CI004_GP-15616_070108_CON_0575_AUTO_DRAM_1691_EXP_62207.pdf
1029,2,,,CONSORCIO 4C,GP-16362,3 de octubre de 2022,,15_04_Comunic_Recibidas/2022/CI004_GP-16362_070108_CON_1498_AUTO_DRAM_1527_EXP_52132.pdf
1030,6,,,CONSORCIO 4C,GP-15214,,,15_04_Comunic_Recibidas/2022/CI004_GP-15214_070108_CON_0043_GEST_RIESG_PR66+820.pdf
1031,1,,,CONSORCIO 4C,GP-16020,9 de julio de 2022,,15_04_Comunic_Recibidas/2022/CI004_GP-16020_070109_CON_1097_MANGUERA_PREDIO_DIAMANTE.pdf
1032,1,,,CONSORCIO 4C,GP-16113,8 de junio de 2022,,15_04_Comunic_Recibidas/2022/CI004_GP-16113_070108_CON_0974_CUMPLI_RESOL_3906_EXP_62041.pdf
1033,2,,,CONSORCIO 4C,GP-16168,8 de agosto de 2022,,15_04_Comunic_Recibidas/2022/CI004_GP-16168_070108_CON_1229_CUMPLI_RESOL_1135_EXP_52182.pdf
1034,1,,,CONSORCIO 4C,GP-15728,,,15_04_Comunic_Recibidas/2022/CI004_GP-15728_070209_CON_0714_ACTA_VPIP_ABR22.pdf
1036,3,,,CONSORCIO 4C,GP-15919,,,15_04_Comunic_Recibidas/2022/CI004_GP-15919_070404_ANI_011807-1_DEV_EXP_PREDIAL_5-0105.pdf
1035,4,,,CONSORCIO 4C,GP-15252,,,15_04_Comunic_Recibidas/2022/CI004_GP-15252_070303_CON_0114_NIVEL_SERV_INDIC_CUMPLI.pdf
1037,2,,,CONSORCIO 4C,GP-16166,8 de agosto de 2022,,15_04_Comunic_Recibidas/2022/CI004_GP-16166_070108_CON_1227_CUMPLI_RESOL_1154_EXP_52132.pdf
1038,16,,,CONSORCIO 4C,GP-15485,0 de Marzo de 2022,,15_04_Comunic_Recibidas/2022/CI004_GP-15485_070202_CON_0431_ACTUALIZA_INVENTA_ACTIVOS.pdf
1039,2,,,CONSORCIO 4C,GP-15775,,,15_04_Comunic_Recibidas/2022/CI004_GP-15775_070404_ANI_016474-1_DEV_EXP_PREDIAL_3-0098.pdf
1040,1,,,CONSORCIO 4C,GP-15669,2 de mayo de 2022,,15_04_Comunic_Recibidas/2022/CI004_GP-15669_070201_CON_0649_AJUST_ESTAD_FINAN.pdf
1041,2,,,CONSORCIO 4C,GP-15390,,,15_04_Comunic_Recibidas/2022/CI004_GP-15390_070111_ANI_005302-1_TRASLAD_QUEJA_JMONCAYO.pdf
1042,5,,,CONSORCIO 4C,GP-15789,9 de Junio de 2022,,15_04_Comunic_Recibidas/2022/CI004_GP-15789_070202_CON_0790_FOR_GCSP_F009_MAY22.pdf
1043,2,Superintendencia de Transporte,,CONSORCIO 4C,GP-15591,25/04/2022,CVN31 Concesión Girardot Ibagué Cajamarca. Implementación del sistema de Interoperabilidad de Peajes con Recaudo Electrónico Vehicular (IP/REV).,15_04_Comunic_Recibidas/2022/CI004_GP-15591_070300_STT_026091-1_IMPLEMENTA_SISTEM_IP-REV.pdf
1044,3,CONCESIÓN ALTO MAGDALENA S.A.S.,ALMA-2022-0623,CONSORCIO 4C,GP-15645,09/05/2022,Respuesta comunicado ANI 20223110120331 del 02/05/2022 (Rad. Int. ALMA-R-2022-0566) PQRS-UF4-2021-0596. Remisión Petición de centro Penitenciario de Media seguridad la Esperanza de Guaduas.,15_04_Comunic_Recibidas/2022/CI004_GP-15645_070300_CON_0623_PQRS_CENTRO_PENITENCIA_GUADUAS.pdf
1045,5,TRANS SURENCO S.A.S,,CONSORCIO 4C,GP-15655,10/05/2022,Ref. SOLICITUD PERMISO DE TRÁNSITO CERTIFICACIÓN DE PESO,15_04_Comunic_Recibidas/2022/CI004_GP-15655_070300_TRANSSURENCO_SINNUMERO_SCTUD_PERMI_PASO.pdf
1046,2,CONCESIÓN ALTO MAGDALENA S.A.S.,,CONSORCIO 4C,GP-16038,02/08/2022,Respuesta comunicación interventoría CI.004/GP10055/22/9.3 –(Rad Int. ALMA-R-2022-0839) Observaciones Planos AS Built V9,15_04_Comunic_Recibidas/2022/CI004_GP-16038_090300_CON_1110_OBS_PLANOS_RECORD_V9.pdf
1047,2,TRANS SURENCO S.A.S,,CONSORCIO 4C,GP-15684,14/05/2022,Ref. SOLICITUD PERMISO DE TRÁNSITO CERTIFICACIÓN DE PESO,15_04_Comunic_Recibidas/2022/CI004_GP-15684_070300_TRANSSURENCO_SINNUMERO_SCTUD_PASO.pdf
1049,1,CONCESIÓN ALTO MAGDALENA S.A.S.,,CONSORCIO 4C,GP-15620,29/04/2022,"Entrega informe mantenimientos primer, segundo y tercer año establecimiento medida compensatoria Resolución 765 del 13 de abril del 2016 modificada con la Resolución 2832 del 29 de diciembre de 2016. Expediente 51971",15_04_Comunic_Recibidas/2022/CI004_GP-15620_070108_CON_0579_ENTREGA_INF_EXP_51971.pdf
1050,1,CONCESIÓN ALTO MAGDALENA S.A.S.,,CONSORCIO 4C,GP-16414,27/10/2022,Solicitud mesa de trabajo revisión requerimientos Acta de Reunión de Control y Seguimiento No. 392 del 15 de julio de 2022. Expediente LAV0063-00-2015.,15_04_Comunic_Recibidas/2022/CI004_GP-16414_070108_CON_1548_SCTUD_MESA_TRABAJO_ACTA_392.pdf
1048,2,CONCESIÓN ALTO MAGDALENA S.A.S.,,CONSORCIO 4C,GP-15312,04/02/2022,Cumplimiento obligación pago servicio de seguimiento y control ambiental. Auto DRAM 03216001392 del 18/11/2021 (Rad. Interno ALMA-R-2021-1757 del 25/11/2021). Expediente 51731,15_04_Comunic_Recibidas/2022/CI004_GP-15312_070108_CON_0187_PAG_SEG_AMB_EXP_51731.pdf
1051,1,CONCESIÓN ALTO MAGDALENA S.A.S.,,CONSORCIO 4C,GP-16111,28/06/2022,Entrega informe de los mantenimientos realizados en el primer año y segundo año de la medida compensatoria en cumplimiento de la Resolución 1082 del 16 de mayo de 2016 modificada por la Resolución 1047 del 26 de abril de 2017. Expediente 52004,15_04_Comunic_Recibidas/2022/CI004_GP-16111_070108_CON_0968_CUMPLI_RESOL_1047_EXP_52004.pdf
1052,2,CONCESION ALTO MAGDALENA S.A.S.,,CONSORCIO 4C,GP-15186,03/01/2022,"Respuesta oficio CI.004/GP9678/21/7.1.9 (Rad. Int. ALMA-R-2021-2003) – Medición y autoevaluación programas de capacitaciones a la comunidad, acompañamiento gestión socio predial y apoyo capacidad institucional, II semestre 2021",15_04_Comunic_Recibidas/2022/CI004_GP-15186_070109_CON_0008_PROG_CAPACITA_COMUNIDAD.pdf
1053,1,CONCESIÓN ALTO MAGDALENA S.A.S.,,CONSORCIO 4C,GP-15846,17/06/2022,Entrega informe mantenimientos primer y segundo año medida compensatoria Resolución 1842 del 18 de julio de 2016. Expediente 60235.,15_04_Comunic_Recibidas/2022/CI004_GP-15846_070108_CON_0890_INF_MEDI_COMPENSA_EXP_60235.pdf
1054,2,Agencia Nacional de Infraestructura,,CONSORCIO 4C,GP-15923,29/06/2022,"Radicado No. 20224090693352 del 22 de junio de 2022 - Solicitud de concepto técnico de permiso de uso, ocupación y la intervención temporal de la infraestructura vial - Proyecto vial Girardot – Honda – Puerto Salgar. Al responder, favor citar Expediente: 20223040280200326E.",15_04_Comunic_Recibidas/2022/CI004_GP-15923_070114_ANI_018889-1_PERMISO_USO_GTA_COLOMBIA.pdf
1055,9,CONCESIÓN ALTO MAGDALENA S.A.S.,ALMA-2022-1048,CONSORCIO 4C,GP-15979,11/07/2022,Respuesta Derecho petición – Solicitud visita al predio Finca El Rescate por socavación en el terreno por aguas de escorrentía de la vía nacional 4510.,15_04_Comunic_Recibidas/2022/CI004_GP-15979_070109_CON_1048_SCTD_VISITA_PREDIO_RESCATE.pdf
1057,4,Agencia Nacional de Infraestructura,,CONSORCIO 4C,GP-15413,07/03/2022,Respuesta oficio Radicado ANI- 20224090176922- Proyecto Vial No. 003 de 2014. Honda-Girardot- Puerto Salgar.,15_04_Comunic_Recibidas/2022/CI004_GP-15413_070402_ANI_005973-1_RTA_DP_GFIGUEROA.pdf
1056,2,CONCESIÓN ALTO MAGDALENA S.A.S.,,CONSORCIO 4C,GP-16061,08/08/2022,Informe criterios para contabilizar Ingresos y Egresos por Unidad Funcional.,15_04_Comunic_Recibidas/2022/CI004_GP-16061_070201_CON_1135_INF_ING_EGRE_JUL22.pdf
1058,1,CONCESIÓN ALTO MAGDALENA S.A.S.,,CONSORCIO 4C,GP-16324,04/10/2022,Respuesta comunicación CI.004/GP10261/22/7..1.8 (Rad. Interno ALMA-R-2022-1355 – 20/09/2022). Informe mantenimiento medida compensatoria / Expediente 51993 – Permiso de Ocupación de Cauce en el PR23+530 de la UF 4.,15_04_Comunic_Recibidas/2022/CI004_GP-16324_070108_CON_1439_MED_COMPENSA_EXP_51993.pdf
1061,2,CONCESIÓN ALTO MAGDALENA S.A.S.,,CONSORCIO 4C,GP-15469,25/03/2022,Solicitud Información complementaria costos ociosos. CI.004/GP9833/22/5.3 (ALMA-R-2022-0281),15_04_Comunic_Recibidas/2022/CI004_GP-15469_050300_CON_0415_SCTUD_COSTOS_OCIOSOS.pdf
1060,2,CONCESIÓN ALTO MAGDALENA S.A.S.,,CONSORCIO 4C,GP-15344,11/02/2022,Cumplimiento obligación artículo primero Auto DRAM No. 03216001699 del 15/12/2021 (ALMA-R-2021-1933). Entrega informe medida compensatoria Resolución No. 1718 del 30 de junio de 2017. Expediente 60699,15_04_Comunic_Recibidas/2022/CI004_GP-15344_070108_CON_0227_INF_COMPENSA_EXP_60699.pdf
1059,2,Agencia Nacional de Infraestructura,,CONSORCIO 4C,GP-15651,10/05/2022,"Radicado No. 20224090400472¹ del 8 de abril de 2022 – Alcance solicitud de concepto técnico de permiso de uso, ocupación y la intervención temporal de la infraestructura vial - Proyecto vial Girardot – Honda – Puerto Salgar. Al responder, favor citar Expediente: 20223040280200185E.",15_04_Comunic_Recibidas/2022/CI004_GP-15651_070114_ANI_013094-1_ALC_SCTUD_PERMI_USO_EPM.pdf
1064,2,,,CONSORCIO 4C,GP-16294,2 de septiembre de 2022,,15_04_Comunic_Recibidas/2022/CI004_GP-16294_070108_CON_1396_MED_COMPENSA_EXP_51900.pdf
1066,2,CONCESIÓN ALTO MAGDALENA S.A.S.,ALMA-2022-1425,CONSORCIO 4C,GP-16313,28/09/2022,"Solicitud Renuncia, Desanotación y Archivo de la Autorización Temporal SCV-09031- “La Rivera.",15_04_Comunic_Recibidas/2022/CI004_GP-16313_070108_CON_1425_SCTUD_RENUNCIA_SCV-09031.pdf
1067,2,CONCESIÓN ALTO MAGDALENA S.A.S.,ALMA-2022-1213,CONSORCIO 4C,GP-16148,18/08/2022,Cumplimiento obligación pago servicio de seguimiento y control ambiental. Auto DRAM N. 03226000978 de 19/07/2022 (Rad. Int. ALMA-R-2022-1103 del 01/08/2022). Expediente 51861,15_04_Comunic_Recibidas/2022/CI004_GP-16148_070108_CON_1213_PAG_SERV_CTROL_AMB_EXP_51861.pdf
1068,2,CONCESIÓN ALTO MAGDALENA S.A.S.,,CONSORCIO 4C,GP-16441,31/10/2022,"Respuesta comunicado CI.004/GP10208/22/7.1.7 (ALMA-R-2022-1221) - ""Observaciones al Concepto del Concesionario relacionado con la Implementación del Tercer Carril en el Tramo Vial K126/K127 – UF4""",15_04_Comunic_Recibidas/2022/CI004_GP-16441_070107_CON_1567_OBS_CONCEP_IMPLEM_3_CARRIL.pdf
1065,1,CONCESIÓN ALTO MAGDALENA S.A.S.,,CONSORCIO 4C,GP-16159,18/08/2022,Entrega informe mantenimientos realizados en el primer y segundo año de la medida compensatoria en cumplimiento de la Resol. 436 del 25/02/2016. Expediente 51783.,15_04_Comunic_Recibidas/2022/CI004_GP-16159_070108_CON_1220_CUMPLI_RESOL_0436_EXP_51783.pdf
1069,2,CONCESIÓN ALTO MAGDALENA S.A.S.,ALMA-2022-0182,CONSORCIO 4C,GP-15307,04/02/2022,Cumplimiento obligación pago servicio de seguimiento y control ambiental. Auto DRAM 03216000659 del 09/07/2021 (Rad. Int. ALMA-R-2021-1828 del 06/12/2021). Expediente 51722,15_04_Comunic_Recibidas/2022/CI004_GP-15307_070108_CON_0182_PAG_SEG_AMB_EXP_51722.pdf
1070,18,,,CONSORCIO 4C,GP-15357,,,15_04_Comunic_Recibidas/2022/CI004_GP-15357_070109_CON_0245_RECOLE_RESID_PR13+700.pdf
1063,6,,,CONSORCIO 4C,GP-16310,6 de septiembre de 2022,,15_04_Comunic_Recibidas/2022/CI004_GP-16310_070108_CON_1415_RTA_CAR_EXP_51539-62448.pdf
1072,1,,,CONSORCIO 4C,GP-15623,8 de abril de 2022,,15_04_Comunic_Recibidas/2022/CI004_GP-15623_070108_CON_0553_SCTUD_AVAL_PREDIO_HUMEDALES.pdf
1071,1,,,CONSORCIO 4C,GP-15512,1 de abril de 2022,,15_04_Comunic_Recibidas/2022/CI004_GP-15512_070108_CON_0457_ENTREG_INF_EXP_51502.pdf
1073,2,,,CONSORCIO 4C,GP-15929,,,15_04_Comunic_Recibidas/2022/CI004_GP-15929_070300_GLOBALLOGIS_SINNUMERO_SCTUD_PASO.pdf
1062,1,CONCESIÓN ALTO MAGDALENA S.A.S.,,CONSORCIO 4C,GP-15510,01/04/2022,"Entrega informe de los mantenimientos realizados en el primer año, segundo año y tercer año del establecimiento de la medida compensatoria en cumplimiento de la Resolución 2378 del 3 de noviembre del 2015 prorrogada con la Resolución 1284 del 10 de junio de 2016. Expediente 51500",15_04_Comunic_Recibidas/2022/CI004_GP-15510_070108_CON_0455_ENTREG_INF_EXP_51500.pdf
1074,1,,,CONSORCIO 4C,GP-15842,7 de junio de 2022,,15_04_Comunic_Recibidas/2022/CI004_GP-15842_070108_CON_0880_INF_MEDI_COMPENSA_EXP_52001.pdf
1075,2,,,CONSORCIO 4C,GP-15418,,,15_04_Comunic_Recibidas/2022/CI004_GP-15418_070404_ANI_006254-1_DEV_EXP_EXPROPIACION_3-0073.pdf
1076,1,,,CONSORCIO 4C,GP-15502,4 de abril de 2022,,15_04_Comunic_Recibidas/2022/CI004_GP-15502_070202_CON_0472_FOR_GCSP_F203_MAR22.pdf
1078,1,,,CONSORCIO 4C,GP-16373,,,15_04_Comunic_Recibidas/2022/CI004_GP-16373_070209_CON_1520_ACTAS_VPIP_AGO_SEP22.pdf
1077,1,,,CONSORCIO 4C,GP-15332,,,15_04_Comunic_Recibidas/2022/CI004_GP-15332_070114_ANI_002936-1_CONCEP_TEC_EDS_GUATAQUI.pdf
1079,6,,,CONSORCIO 4C,GP-15303,,,15_04_Comunic_Recibidas/2022/CI004_GP-15303_070402_CON_0178_INVAS_ESPA_PUB_PURNIO.pdf
1080,1,,,CONSORCIO 4C,GP-15554,1 de abril de 2022,,15_04_Comunic_Recibidas/2022/CI004_GP-15554_070108_CON_0508_ENTREG_INF_EXP_62721.pdf
1082,4,,,CONSORCIO 4C,GP-15676,3 de mayo de 2022,,15_04_Comunic_Recibidas/2022/CI004_GP-15676_070300_TRANSSURENCO_SINNUMERO_SCTUD_PASO.pdf
1081,1,,,CONSORCIO 4C,GP-16216,2 de septiembre de 2022,,15_04_Comunic_Recibidas/2022/CI004_GP-16216_070108_CON_1321_INF_MED_COMPENSA_EXP_52039.pdf
1084,2,,,CONSORCIO 4C,GP-15613,9 de abril de 2021,,15_04_Comunic_Recibidas/2022/CI004_GP-15613_070108_CON_0572_AUTO_DRAM_1501_EXP_51721.pdf
1083,2,,,CONSORCIO 4C,GP-15291,,,15_04_Comunic_Recibidas/2022/CI004_GP-15291_070108_CON_0163_PAG_SEG_AMB_EXP_52171.pdf
1085,6,,,CONSORCIO 4C,GP-15709,0 de mayo de 2022,,15_04_Comunic_Recibidas/2022/CI004_GP-15709_050300_CON_0689_SCTUD_FASECOLDA_SEG_DAÑOS.pdf
1086,4,,,CONSORCIO 4C,GP-15926,0 de junio de 2022,,15_04_Comunic_Recibidas/2022/CI004_GP-15926_070109_CON_0996_PROTEC_BIEN_USO_PUB_PR1+350.pdf
1087,1,,,CONSORCIO 4C,GP-15200,,,15_04_Comunic_Recibidas/2022/CI004_GP-15200_070108_CON_0026_INF_TEC_SILVICULT_EXP_51491.pdf
1088,2,,,CONSORCIO 4C,GP-15837,,,15_04_Comunic_Recibidas/2022/CI004_GP-15837_050300-070400_ANI_017964-1_EER_PREDIO_5-0105.pdf
1089,12,,,CONSORCIO 4C,GP-15351,,,15_04_Comunic_Recibidas/2022/CI004_GP-15351_050300_ANI_003766-1_EER_ITS_UF5_CCO.pdf
1090,2,,,CONSORCIO 4C,GP-15754,1 de junio de 2022,,15_04_Comunic_Recibidas/2022/CI004_GP-15754_070108_CON_0746_PAG_SEG_AMB_EXP_51780.pdf
1091,2,,,CONSORCIO 4C,GP-15588,,,15_04_Comunic_Recibidas/2022/CI004_GP-15588_050300_TRIBADMONCUND_SINNUMERO_REANU_AUDIENCIA.pdf
1093,3,,,CONSORCIO 4C,GP-15957,6 de julio de 2022,,15_04_Comunic_Recibidas/2022/CI004_GP-15957_070108_CON_1026_PAG_SEG_CTROL_AMB_EXP_52173.pdf
1092,2,,,CONSORCIO 4C,GP-16070,,,15_04_Comunic_Recibidas/2022/CI004_GP-16070_070107_ANI_023924-1_REV_ESTABILIDAD_PR38+250.pdf
1095,1,,,CONSORCIO 4C,GP-15264,,,15_04_Comunic_Recibidas/2022/CI004_GP-15264_070110_CON_0133_ACCID_LABOR_2019-2021.pdf
1094,4,,,CONSORCIO 4C,GP-16188,,,15_04_Comunic_Recibidas/2022/CI004_GP-16188_070108_ANI_000031-4_PLAN_RIESGO_TEMP_LLUVIA_2022.pdf
1096,3,,,CONSORCIO 4C,GP-16122,8 de agosto de 2022,,15_04_Comunic_Recibidas/2022/CI004_GP-16122_070108_CON_1187_RTA_AUTO_DRAM_0832_EXP_62208.pdf
1097,3,,,CONSORCIO 4C,GP-15386,8 de febrero de 2022,,15_04_Comunic_Recibidas/2022/CI004_GP-15386_070108_CON_0307_AJUSTE_CARTOGRAFICO_ICA_N15.pdf
1098,18,,,CONSORCIO 4C,GP-15245,,,15_04_Comunic_Recibidas/2022/CI004_GP-15245_070109_CON_0078_DP_CIERRE_ACCESO_PR45+350.pdf
1100,6,,,CONSORCIO 4C,GP-15794,9 de Junio de 2022,,15_04_Comunic_Recibidas/2022/CI004_GP-15794_070202_CON_0808_FOR_GCSTP_F001_MAY22.pdf
1099,3,,,CONSORCIO 4C,GP-15388,,,15_04_Comunic_Recibidas/2022/CI004_GP-15388_070109_CON_0309_PLAN_GEST_SOCIAL.pdf
1101,96,,,CONSORCIO 4C,GP-16033,1 de agosto de 2022,,15_04_Comunic_Recibidas/2022/CI004_GP-16033_070109_CON_1102_MANGUERA_PREDIO_DIAMANTE.pdf
1102,1,,,CONSORCIO 4C,GP-15587,,,15_04_Comunic_Recibidas/2022/CI004_GP-15587_070500_ANI_011093-1_APROBA_INF_MEN_N88.pdf
1103,7,,,CONSORCIO 4C,GP-15474,8 de marzo de 2022,,15_04_Comunic_Recibidas/2022/CI004_GP-15474_070202_CON_0419_ENTREG_PAG_SCTA_PREDIAL.pdf
1105,4,,,CONSORCIO 4C,GP-15875,2 de junio de 2022,,15_04_Comunic_Recibidas/2022/CI004_GP-15875_070108_CON_0914_INCLUS_MEMO_DESCA_EXP_52009.pdf
1104,2,,,CONSORCIO 4C,GP-16296,2 de septiembre de 2022,,15_04_Comunic_Recibidas/2022/CI004_GP-16296_070108_CON_1398_MED_COMPENSA_EXP_51911.pdf
1107,4,,,CONSORCIO 4C,GP-15374,,,15_04_Comunic_Recibidas/2022/CI004_GP-15374_070300_MOVITRAM_SINNUMERO_PASO_VEHICUL_STP_158.pdf
1106,5,,,CONSORCIO 4C,GP-15721,3 de mayo de 2022,,15_04_Comunic_Recibidas/2022/CI004_GP-15721_070300_CON_0707_RTA_CONCEJO_MPAL_DORADA.pdf
1108,1,,,CONSORCIO 4C,GP-15201,,,15_04_Comunic_Recibidas/2022/CI004_GP-15201_070108_CON_0027_INF_TEC_SILVICULT_EXP_51512.pdf
1109,2,,,CONSORCIO 4C,GP-16244,2 de septiembre de 2022,,15_04_Comunic_Recibidas/2022/CI004_GP-16244_070108_CON_1312_INF_TRIM_N24_RESOL_2471.pdf
1110,3,,,CONSORCIO 4C,GP-16006,5 de julio de 2022,,15_04_Comunic_Recibidas/2022/CI004_GP-16006_070100_CON_1083_FICHAS_SIPUCOL_RES_1528.pdf
1111,2,,,CONSORCIO 4C,GP-15937,,,15_04_Comunic_Recibidas/2022/CI004_GP-15937_070109_ANI_019253-1_RTA_SCTUD_MPATIÑO.pdf
1112,1,,,CONSORCIO 4C,GP-15914,,,15_04_Comunic_Recibidas/2022/CI004_GP-15914_050300_CON_0976_SCTUD_PAZ_SALVO_FONTUR.pdf
1113,4,,,CONSORCIO 4C,GP-15890,2 de junio de 2022,,15_04_Comunic_Recibidas/2022/CI004_GP-15890_070108_CON_0928_INCLUS_MEMO_DESCA_EXP_52054.pdf
1114,10,,,CONSORCIO 4C,GP-15360,,,15_04_Comunic_Recibidas/2022/CI004_GP-15360_050300-070300_CON_0252_PLAZ_CURA_DEFENS_UF1.pdf
1115,2,,,CONSORCIO 4C,GP-15740,,,15_04_Comunic_Recibidas/2022/CI004_GP-15740_090200_ANI_015338-1_APROBA_INF_N88_FEB22.pdf
1116,5,,,CONSORCIO 4C,GP-15768,,,15_04_Comunic_Recibidas/2022/CI004_GP-15768_070109_CON_0767_PER_OCUPA_TEMPO_PR69+140.pdf
1117,1,,,CONSORCIO 4C,GP-16365,4 de octubre de 2022,,15_04_Comunic_Recibidas/2022/CI004_GP-16365_070108_CON_1507_RTA_OFI_CAR_0322208454.pdf
1118,3,,,CONSORCIO 4C,GP-16149,8 de agosto de 2022,,15_04_Comunic_Recibidas/2022/CI004_GP-16149_070108_CON_1214_RTA_AUTO_DRAM_1013_EXP_61891.pdf
1120,1,,,CONSORCIO 4C,GP-15823,,,15_04_Comunic_Recibidas/2022/CI004_GP-15823_070500_ANI_017823-1_INF_MEN_N91_MAY22.pdf
1119,6,,,CONSORCIO 4C,GP-15228,,,15_04_Comunic_Recibidas/2022/CI004_GP-15228_050300_ANI_041556-1_SCTUD_CONCEP_COST_OCIOSO.pdf
1121,1,,,CONSORCIO 4C,GP-16263,5 de septiembre de 2022,,15_04_Comunic_Recibidas/2022/CI004_GP-16263_070108_CON_1365_INF_MED_COMPENSA_EXP_61245.pdf
1122,3,,,CONSORCIO 4C,GP-16415,7 de octubre de 2022,,15_04_Comunic_Recibidas/2022/CI004_GP-16415_070108_CON_1549_REPOR_TRIM_BIOTICO_INF_ICA_RES_2471.pdf
1123,1,,,CONSORCIO 4C,GP-15208,,,15_04_Comunic_Recibidas/2022/CI004_GP-15208_070500_CON_0031_INF_MEN_N86_DIC21.pdf
1125,2,,,CONSORCIO 4C,GP-15289,,,15_04_Comunic_Recibidas/2022/CI004_GP-15289_070108_CON_0161_PAG_SEG_AMB_EXP_52187.pdf
1124,1,,,CONSORCIO 4C,GP-16210,2 de septiembre de 2022,,15_04_Comunic_Recibidas/2022/CI004_GP-16210_070108_CON_1309_INF_N05_EXP_ATV0275.pdf
1126,71,,,CONSORCIO 4C,GP-16153,8 de agosto de 2022,,15_04_Comunic_Recibidas/2022/CI004_GP-16153_050300-070300_CON_1231_REV_INSPEC_SEG_VIAL_UF1.pdf
1128,2,,,CONSORCIO 4C,GP-15493,1 de abril de 2022,,15_04_Comunic_Recibidas/2022/CI004_GP-15493_070300_CON_0441_CERTI_PERSONAL_ATEN_MEDICA.pdf
1127,2,,,CONSORCIO 4C,GP-16093,2 de agosto de 2022,,15_04_Comunic_Recibidas/2022/CI004_GP-16093_070108_CON_1157_CUMPLI_RESOL_1716_EXP_60604.pdf
1129,3,CONCESIÓN ALTO MAGDALENA S.A.S.,ALMA-2022-1017,CONSORCIO 4C,GP-15948,06/07/2022,Cumplimiento de la obligación de pago por el servicio de seguimiento y control ambiental. Auto DRAM 03226000734 de 08/06/2022 (Rad. Interno ALMA-R-2022-0806 del 10/06/2022). Expediente 51738.,15_04_Comunic_Recibidas/2022/CI004_GP-15948_070108_CON_1017_PAG_SEG_CTROL_AMB_EXP_51738.pdf
1130,2,GLOBAL LOGISTICA DE TRANSPORTE S.A.S.,,CONSORCIO 4C,GP-15834,13/10/2021,REF: NOTIFICACION MOVILIZACION CARGA EXTRADIMENSIONADA Y/O EXTRAPESADA REF: CARTA DE PORTE Y PESO,15_04_Comunic_Recibidas/2022/CI004_GP-15834_070300_GLOBALLOGIS_SINNUMERO_SCTUD_PASO.pdf
1131,1,CONCESION ALTO MAGDALENA S.A.S.,,CONSORCIO 4C,GP-15260,28/01/2022,Solicitud certificación valor Vivienda de Interés Social Prioritario.,15_04_Comunic_Recibidas/2022/CI004_GP-15260_070402_CON_0131_CERT_VALOR_VIVIENDA.pdf
1133,1,CONCESIÓN ALTO MAGDALENA S.A.S.,,CONSORCIO 4C,GP-16241,13/09/2022,Entrega evaluaciones de percepción del usuario primer semestre del 2022,15_04_Comunic_Recibidas/2022/CI004_GP-16241_070300_CON_1351_EVA_PERCEP_USUARIO_ISEM_2022.pdf
1132,1,Agencia Nacional de Infraestructura,,CONSORCIO 4C,GP-15428,13/03/2022,"Traslado por parte del Instituto Nacional de Vías del derecho de petición con radicado ANI No 20224090272732 del 9 de marzo del 2022 Señor Andrés Urueña - Proyecto Girardot – Honda – Puerto Salgar, Contrato de Concesión 003 de 2014. Concesión Alto Magdalena S.A.S",15_04_Comunic_Recibidas/2022/CI004_GP-15428_070300_ANI_006652-1_TRASLAD_DP_AURUEÑA.pdf
1134,241,,,CONSORCIO 4C,GP-16074,,,15_04_Comunic_Recibidas/2022/CI004_GP-16074_070109-070400_CON_1139_QUERELLA_POSESION.pdf
1135,21,,,CONSORCIO 4C,GP-15244,,,15_04_Comunic_Recibidas/2022/CI004_GP-15244_070115_CON_0068_OBS_ACTA_REDES_N17.pdf
1137,4,,,CONSORCIO 4C,GP-15862,2 de junio de 2022,,15_04_Comunic_Recibidas/2022/CI004_GP-15862_070108_CON_0901_INCLUS_MEMO_DESCA_EXP_51981.pdf
1136,3,,,CONSORCIO 4C,GP-15975,,,15_04_Comunic_Recibidas/2022/CI004_GP-15975_070400_ANI_020192-1_DP_HEREDEROS_PREDIO_3-0056.pdf
1138,2,,,CONSORCIO 4C,GP-15521,,,15_04_Comunic_Recibidas/2022/CI004_GP-15521_070300_MOVITRAM_SINNUMERO_SCTUD_PASO.pdf
1139,1,,,CONSORCIO 4C,GP-16075,3 de agosto de 2022,,15_04_Comunic_Recibidas/2022/CI004_GP-16075_070201_FBTA_FID-INTV01211_OPE_SUBCTA_OPEX.pdf
1141,1,,,CONSORCIO 4C,GP-15854,7 de junio de 2022,,15_04_Comunic_Recibidas/2022/CI004_GP-15854_070108_CON_0888_INF_MEDI_COMPENSA_EXP_58464.pdf
1140,1,,,CONSORCIO 4C,GP-15402,7 de marzo de 2022,,15_04_Comunic_Recibidas/2022/CI004_GP-15402_070108_CON_0336_SEG_RAD_CAR_202112035685.pdf
1142,2,,,CONSORCIO 4C,GP-16381,3 de octubre de 2022,,15_04_Comunic_Recibidas/2022/CI004_GP-16381_070108_CON_1483_PAG_SERV_SEG_AMB_EXP_52001.pdf
1143,1,,,CONSORCIO 4C,GP-15294,,,15_04_Comunic_Recibidas/2022/CI004_GP-15294_070202_CON_0167_FOR_GCSP_F203_ENE22.pdf
1144,2,,,CONSORCIO 4C,GP-16134,8 de agosto de 2022,,15_04_Comunic_Recibidas/2022/CI004_GP-16134_070108_CON_1199_PAG_SERV_CTROL_AMB_EXP_51895.pdf
1145,1,,,CONSORCIO 4C,GP-16160,8 de agosto de 2022,,15_04_Comunic_Recibidas/2022/CI004_GP-16160_070108_CON_1221_CUMPLI_RESOL_0414_EXP_51831.pdf
1146,2,,,CONSORCIO 4C,GP-15960,,,15_04_Comunic_Recibidas/2022/CI004_GP-15960_070109_ANI_019736-1_TRASLADO_DP_MQUINTERO.pdf
1147,2,,,CONSORCIO 4C,GP-16222,6 de septiembre de 2022,,15_04_Comunic_Recibidas/2022/CI004_GP-16222_070401_CON_1332_CRONOG_EXP_PREDIALES.pdf
1148,2,,,CONSORCIO 4C,GP-15773,,,15_04_Comunic_Recibidas/2022/CI004_GP-15773_070114_ANI_016466-1_CITA_REUNION_SEG_PERMISO.pdf
1149,1,,,CONSORCIO 4C,GP-16435,7 de octubre de 2022,,15_04_Comunic_Recibidas/2022/CI004_GP-16435_070108_CON_1555_MEDIDA_COMPENSA_EXP_52147.pdf
1151,1,,,CONSORCIO 4C,GP-15395,,,15_04_Comunic_Recibidas/2022/CI004_GP-15395_070406_CON_0293_EXP_PREDIAL_3-0098.pdf
1153,2,,,CONSORCIO 4C,GP-16068,,,15_04_Comunic_Recibidas/2022/CI004_GP-16068_070300_GLOBALLOGIS_SINNUMERO_SCTUD_PASO.pdf
1152,2,,,CONSORCIO 4C,GP-16132,8 de agosto de 2022,,15_04_Comunic_Recibidas/2022/CI004_GP-16132_070108_CON_1197_PAG_SERV_CTROL_AMB_EXP_51899.pdf
1150,191,,,CONSORCIO 4C,GP-15596,8 de abril de 2022,,15_04_Comunic_Recibidas/2022/CI004_GP-15596_050300-070300_CON_0552_PLAZ_CURA_CONTEN_VEHICU_UF2.pdf
1154,1,,,CONSORCIO 4C,GP-16238,1 de agosto de 2022,,15_04_Comunic_Recibidas/2022/CI004_GP-16238_070400_CON_1290_INF_PREDIAL_AGO22.pdf
1155,35,,,CONSORCIO 4C,GP-15431,15 de marzo de 2022,,15_04_Comunic_Recibidas/2022/CI004_GP-15431_070201_FBTA_SINNUMERO_INF_MEN_FEB22.pdf
1157,1,,,CONSORCIO 4C,GP-15853,7 de junio de 2022,,15_04_Comunic_Recibidas/2022/CI004_GP-15853_070108_CON_0886_INF_MEDI_COMPENSA_EXP_52050.pdf
1156,2,,,CONSORCIO 4C,GP-15595,,,15_04_Comunic_Recibidas/2022/CI004_GP-15595_070100_ANI_012038-1_TRASLD_SCTUD_PENITEN_GUADUAS.pdf
1158,2,,,CONSORCIO 4C,GP-15766,,,15_04_Comunic_Recibidas/2022/CI004_GP-15766_070109_ANI_016014-1_TRASLAD_DP_MORTIZ.pdf
1159,2,,,CONSORCIO 4C,GP-16218,6 de septiembre de 2022,,15_04_Comunic_Recibidas/2022/CI004_GP-16218_070101_CON_1331_FICHAS_SIPUCOL_PTES_PDTES.pdf
1160,4,,,CONSORCIO 4C,GP-15727,4 de mayo de 2022,,15_04_Comunic_Recibidas/2022/CI004_GP-15727_070114_CON_0711_SCTUD_PERMI_USO_EPM.pdf
1162,2,GLOBAL LOGISTICA DE TRANSPORTE S.A.S.,,CONSORCIO 4C,GP-15836,13/10/2021,NOTIFICACION MOVILIZACION CARGA EXTRADIMENSIONADA Y/O EXTRAPESADA REF: CARTA DE PORTE Y PESO,15_04_Comunic_Recibidas/2022/CI004_GP-15836_070300_GLOBALLOGIS_SINNUMERO_SCTUD_PASO.pdf
1161,2,Agencia Nacional de Infraestructura,,CONSORCIO 4C,GP-15679,12/05/2022,"Radicado No. 20224090497592 del 5 de mayo de 2022 - Solicitud de concepto técnico de permiso de uso, ocupación y la intervención temporal de la infraestructura vial - Proyecto vial Girardot – Honda – Puerto Salgar. Al responder, favor citar Expediente: 20223040280200227E.",15_04_Comunic_Recibidas/2022/CI004_GP-15679_070114_ANI_013429-1_PERMISO_USO_ENEL_COL.pdf
1163,3,Agencia Nacional de Infraestructura,,CONSORCIO 4C,GP-16003,21/07/2022,Respuesta a su comunicado con radicado ANI No. 20224090765902 – Señora Mireya Ortiz Bejarano. Proyecto Girardot-Honda-Puerto Salgar. Contrato 003 de 2014. Concesión Alto Magdalena S.A.S.,15_04_Comunic_Recibidas/2022/CI004_GP-16003_070109_ANI_021474-1_DP_MIREYA_ORTIZ.pdf
1164,4,CONCESIONARIO ALTO MAGDALENA S.A.S.,,CONSORCIO 4C,GP-15219,14/01/2022,Pagos FONSECON Ley 1106 de 2016 - diciembre 2021.,15_04_Comunic_Recibidas/2022/CI004_GP-15219_070201_CON_0049_PAG_FONSECON_DIC21.pdf
1167,34,,,CONSORCIO 4C,GP-15387,02/03/2022,INFORME MENSUAL- ENERO 2022 P.A. ALTO MAGDALENA 3-1 63664,15_04_Comunic_Recibidas/2022/CI004_GP-15387_070202_FBTA_SINNUMERO_ALC_INF_ENE22.pdf
1165,4,CONCESIÓN ALTO MAGDALENA S.A.S.,,CONSORCIO 4C,GP-15872,22/06/2022,"Solicitud inclusión memorando DESCA 20213043001 del 17 de junio de 2021 al permiso de ocupación de cauce otorgado, que reposa en el Expediente 52003.",15_04_Comunic_Recibidas/2022/CI004_GP-15872_070108_CON_0911_INCLUS_MEMO_DESCA_EXP_52003.pdf
1166,1,CONCESIÓN ALTO MAGDALENA S.A.S.,,CONSORCIO 4C,GP-16297,22/09/2022,Entrega informe mantenimientos primer y segundo año medida compensatoria en cumplimiento de la Resolución 0356 del 16/02/2016 modificada por la Resolución 3813 del 30/11/2017. Expediente 52171,15_04_Comunic_Recibidas/2022/CI004_GP-16297_070108_CON_1399_MED_COMPENSA_EXP_52171.pdf
1168,1,CONCESIÓN ALTO MAGDALENA S.A.S.,,CONSORCIO 4C,GP-15451,22/03/2022,"Solicitud aval predio la Aurora para la implementación de la propuesta de enriquecimiento vegetal en cumplimiento del permiso de levantamiento de veda otorgado por la Res 1082 del 13 de junio de 2018. Exp. ATV 0788, DBBSE. EXPEDIENTE: LAV0068-00-2015",15_04_Comunic_Recibidas/2022/CI004_GP-15451_070108_CON_0386_SCTUD_AVAL_PREDIO_AURORA.pdf
1169,4,CONCESIÓN ALTO MAGDALENA S.A.S.,ALMA-2022-0915,CONSORCIO 4C,GP-15877,22/06/2022,"Solicitud inclusión memorando DESCA 20213043001 del 17 de junio de 2021 al permiso de ocupación de cauce otorgado, que reposa en el Expediente 52018.",15_04_Comunic_Recibidas/2022/CI004_GP-15877_070108_CON_0915_INCLUS_MEMO_DESCA_EXP_52018.pdf
1170,1,CONCESIÓN ALTO MAGDALENA S.A.S.,,CONSORCIO 4C,GP-16437,27/10/2022,Informe establecimiento medida compensatoria Resolución 274 del 29 de agosto de 2018. Expediente 68915,15_04_Comunic_Recibidas/2022/CI004_GP-16437_070108_CON_1557_MEDIDA_COMPENSA_EXP_68915.pdf
1171,2,Agencia Nacional de Infraestructura,,CONSORCIO 4C,GP-15744,31/05/2022,"Traslado solicitud por parte del peticionario Daniel Gómez Loaiza. con radicado ANI No 20224090578302 del 24 de mayo del 2022. Solicitud Información para realizar un estudio en la zona. - Proyecto Girardot – Honda – Puerto Salgar, Contrato de Concesión 003 de 2014. Concesión Alto Magdalena S.A.S",15_04_Comunic_Recibidas/2022/CI004_GP-15744_070109_ANI_015672-1_TRASLAD_SCTUD_DGOMEZ.pdf
1172,1,CONCESIÓN ALTO MAGDALENA S.A.S,,CONSORCIO 4C,GP-15592,01/05/2022,Respuesta a su comunicado ALMA-2022-0511 con radicado ANI No. 20224090420052 – Aprobación Informe Gerencial No. 89. - Proyecto Girardot – Honda – Puerto Salgar. Contrato de Concesión 003 de 2014. Concesión Alto Magdalena S.A.S.,15_04_Comunic_Recibidas/2022/CI004_GP-15592_070500_ANI_011861-1_APROBA_INF_MEN_N89.pdf
1173,1,CONCESIÓN ALTO MAGDALENA S.A.S.,,CONSORCIO 4C,GP-15414,08/03/2022,"Entrega Informe Trimestral Ambiental 29, correspondiente al periodo noviembre, diciembre de 2021 y enero de 2022.",15_04_Comunic_Recibidas/2022/CI004_GP-15414_070108_CON_0347_INF_TRIM_AMB_N29.pdf
1175,1,CONCESIÓN ALTO MAGDALENA S.A.S.,,CONSORCIO 4C,GP-15845,17/06/2022,Entrega informe mantenimientos realizados primer y segundo año medida compensatoria Resolución 0565 del 9 de marzo de 2016. Expediente 52052.,15_04_Comunic_Recibidas/2022/CI004_GP-15845_070108_CON_0887_INF_MEDI_COMPENSA_EXP_52052.pdf
1176,2,CONCESIÓN ALTO MAGDALENA S.A.S.,,CONSORCIO 4C,GP-16096,12/08/2022,Entrega informe de los mantenimientos realizados en el primer año y segundo año de la medida compensatoria en cumplimiento de la Resolución 1713 del 30 de junio de 2017. Expediente 60704,15_04_Comunic_Recibidas/2022/CI004_GP-16096_070108_CON_1160_CUMPLI_RESOL_1713_EXP_60704.pdf
1174,2,Agencia Nacional de Infraestructura,,CONSORCIO 4C,GP-15826,17/06/2022,"Comunicado ALMA-2022-0635 con radicado ANI No. 20224090534382 – Ajuste Informe Gerencial Concesionario No. 90, abril de 2022 – Contrato de Interventoría 145 de 2014 - Proyecto Girardot - Honda - Puerto Salgar. Consorcio 4C.",15_04_Comunic_Recibidas/2022/CI004_GP-15826_070500_ANI_017819-1_AJUSTE_INF_MEN_N90_ABR22.pdf
1178,1,CONCESIÓN ALTO MAGDALENA S.A.S.,,CONSORCIO 4C,GP-15629,25/03/2022,Informe ejecutivo avance ejecución predial y sabana de avalúos marzo 2022.,15_04_Comunic_Recibidas/2022/CI004_GP-15629_070400_CON_0416_INF_PREDIAL_MAR22.pdf
1177,2,Agencia Nacional de Infraestructura,,CONSORCIO 4C,GP-15804,10/06/2022,"Radicado No. 20224090497592 del 5 de mayo de 2022 – Reiteración solicitud de concepto técnico de permiso de uso, ocupación y la intervención temporal de la infraestructura vial - Proyecto vial Girardot – Honda – Puerto Salgar. Al responder, favor citar Expediente: 20223040280200227E.",15_04_Comunic_Recibidas/2022/CI004_GP-15804_070114_ANI_017103-1_PERMI_USO_ENEL.pdf
1179,2,CONCESIÓN ALTO MAGDALENA S.A.S.,,CONSORCIO 4C,GP-15481,30/03/2022,Petición de respuesta radicado 2201 (ALMA-2022-0352 – 11/03/2022).-Solicitud reunión de socialización Auto No. 09099 del 16 de septiembre de 2020 Etapa de Desmantelamiento y Abandono. Expediente LAV 0063-00-2015,15_04_Comunic_Recibidas/2022/CI004_GP-15481_070108_CON_0425_SCTUD_REUNION_AUTO_N09099.pdf
1182,2,,,CONSORCIO 4C,GP-16147,8 de agosto de 2022,,15_04_Comunic_Recibidas/2022/CI004_GP-16147_070108_CON_1212_PAG_SERV_CTROL_AMB_EXP_51736.pdf
1181,1,,,CONSORCIO 4C,GP-16114,7 de junio de 2022,,15_04_Comunic_Recibidas/2022/CI004_GP-16114_070108_CON_0879_CUMPLI_RESOL_0564_EXP_52000.pdf
1184,1,,,CONSORCIO 4C,GP-15603,9 de abril de 2022,,15_04_Comunic_Recibidas/2022/CI004_GP-15603_070108_CON_0562_ENTREGA_INF_EXP_51717.pdf
1185,1,,,CONSORCIO 4C,GP-15765,1 de mayo de 2022,,15_04_Comunic_Recibidas/2022/CI004_GP-15765_070201_FBTA_FID-INTV0121_RETENCION_SUBCTA_OPEX.pdf
1180,2,CONCESIÓN ALTO MAGDALENA S.A.S.,,CONSORCIO 4C,GP-15430,14/03/2022,Cumplimiento de la obligación de pago por el servicio de seguimiento y control ambiental. Auto DRAM 03216001332 del 09/11/2021 (Rad. Interno ALMA-R-2022-0251 del 25/02/2022). Expediente 52105,15_04_Comunic_Recibidas/2022/CI004_GP-15430_070108_CON_0364_PAGO_SEG_AMB_AUTO_03216001332.pdf
1183,1,,,CONSORCIO 4C,GP-16173,3 de agosto de 2022,,15_04_Comunic_Recibidas/2022/CI004_GP-16173_070201_FBTA_FID-INTV01212_RETEN_SUBCTA_OPEX.pdf
1187,2,,,CONSORCIO 4C,GP-15491,1 de abril de 2022,,15_04_Comunic_Recibidas/2022/CI004_GP-15491_070200_CON_0466_PLAZO_CURA_PAG_FONTUR.pdf
1186,10,,,CONSORCIO 4C,GP-15739,7 de mayo de 2022,,15_04_Comunic_Recibidas/2022/CI004_GP-15739_070300_CON_0723_INCONFOR_PONAL_INSP_SETA.pdf
1188,6,,,CONSORCIO 4C,GP-15683,6 de mayo de 2021,,15_04_Comunic_Recibidas/2022/CI004_GP-15683_070110_CON_0658_SCTUD_MEJOR_CTROL_MANEJ_CONDI.pdf
1189,2,,,CONSORCIO 4C,GP-15488,,,15_04_Comunic_Recibidas/2022/CI004_GP-15488_050300-070400_TRIBADMONCUND_SINNUMERO_RECEP_DCTOS.pdf
1190,2,,,CONSORCIO 4C,GP-16141,8 de agosto de 2022,,15_04_Comunic_Recibidas/2022/CI004_GP-16141_070108_CON_1206_PAG_SERV_CTROL_AMB_EXP_51851.pdf
1193,2,,,CONSORCIO 4C,GP-16140,8 de agosto de 2022,,15_04_Comunic_Recibidas/2022/CI004_GP-16140_070108_CON_1205_PAG_SERV_CTROL_AMB_EXP_60750.pdf
1191,7,,,CONSORCIO 4C,GP-15397,2 de marzo de 2022,,15_04_Comunic_Recibidas/2022/CI004_GP-15397_050300-070401_CON_0326_INF_SEM_EER_PREDIAL.pdf
1195,1,,,CONSORCIO 4C,GP-15691,,,15_04_Comunic_Recibidas/2022/CI004_GP-15691_070114_ANI_013954-1_PERMI_USO_MCPIO_GUADUAS.pdf
1194,2,,,CONSORCIO 4C,GP-15434,5 de marzo de 2022,,15_04_Comunic_Recibidas/2022/CI004_GP-15434_070108_CON_0366_ENTREG_INF_N9_RESOL_2601.pdf
1196,1,,,CONSORCIO 4C,GP-15541,,,15_04_Comunic_Recibidas/2022/CI004_GP-15541_070210_CON_0510_ACTAS_RETRIBU_FEB22_UF1_2_3_5.pdf
1199,1,,,CONSORCIO 4C,GP-16035,2 de agosto de 2022,,15_04_Comunic_Recibidas/2022/CI004_GP-16035_070200_FBTA_FID-INTV0121_INF_MEN_MAY22.pdf
1197,9,,,CONSORCIO 4C,GP-16423,8 de octubre de 2022,,15_04_Comunic_Recibidas/2022/CI004_GP-16423_070300_CON_1560_FUNCION_PMV_MOVIL_FIJOS.pdf
1192,101,,,CONSORCIO 4C,GP-15640,4 de mayo de 2022,,15_04_Comunic_Recibidas/2022/CI004_GP-15640_070202_CON_0597_ESTAD_FINAN_31-DIC-21.pdf
1198,2,,,CONSORCIO 4C,GP-15285,,,15_04_Comunic_Recibidas/2022/CI004_GP-15285_070108_CON_0157_PAG_SEG_AMB_EXP_51723.pdf
1200,2,,,CONSORCIO 4C,GP-16315,,,15_04_Comunic_Recibidas/2022/CI004_GP-16315_070114_ANI_030814-1_SCTUD_PERMISO_BERAKAH.pdf
1201,2,,,CONSORCIO 4C,GP-16429,,,15_04_Comunic_Recibidas/2022/CI004_GP-16429_070300_GLOBALLOGIS_SINNUMERO_SCTUD_PASO.pdf
1202,2,,,CONSORCIO 4C,GP-15316,,,15_04_Comunic_Recibidas/2022/CI004_GP-15316_070108_CON_0191_PAG_SEG_AMB_EXP_51716.pdf
1203,1,,,CONSORCIO 4C,GP-15602,9 de abril de 2022,,15_04_Comunic_Recibidas/2022/CI004_GP-15602_070108_CON_0561_ENTREGA_INF_EXP_51716.pdf
1204,16,,,CONSORCIO 4C,GP-15298,,,15_04_Comunic_Recibidas/2022/CI004_GP-15298_070108_CON_0172_INF_TEC_0899_EXP_87638.pdf
1205,1,,,CONSORCIO 4C,GP-16305,,,15_04_Comunic_Recibidas/2022/CI004_GP-16305_070307_ANI_030259-1_ACCIDENT_FATAL_PR7+580.pdf
1206,1,,,CONSORCIO 4C,GP-15557,,,15_04_Comunic_Recibidas/2022/CI004_GP-15557_070109_CON_0514_SEGUI_PQRS_UF2.pdf
1208,2,,,CONSORCIO 4C,GP-15350,,,15_04_Comunic_Recibidas/2022/CI004_GP-15350_070201_FBTA_SINNUMERO_INF_MEN_ENE22.pdf
1209,2,,,CONSORCIO 4C,GP-16413,24-10-2022,,15_04_Comunic_Recibidas/2022/CI004_GP-16413_070300_SPT_073750-1_INSP_DOC_VERIFI_PROG_SETA.pdf
1207,1,,,CONSORCIO 4C,GP-15526,,,15_04_Comunic_Recibidas/2022/CI004_GP-15526_070300_MOVITRAM_SINNUMERO_SCTUD_PASO.pdf
1210,2,,,CONSORCIO 4C,GP-16378,3 de octubre de 2022,,15_04_Comunic_Recibidas/2022/CI004_GP-16378_070108_CON_1479_PAG_SERV_SEG_AMB_EXP_52036.pdf
1211,7,,,CONSORCIO 4C,GP-15654,1 de Mayo de 2022,,15_04_Comunic_Recibidas/2022/CI004_GP-15654_070202_CON_0636_FOR_GCSP_F001_ABR22.pdf
1212,8,,,CONSORCIO 4C,GP-15717,3 de mayo de 2022,,15_04_Comunic_Recibidas/2022/CI004_GP-15717_070108_CON_0694_RTA_AUTO_EXP_62559.pdf
1213,2,,,CONSORCIO 4C,GP-16124,8 de agosto de 2022,,15_04_Comunic_Recibidas/2022/CI004_GP-16124_070108_CON_1189_PAG_SERV_CTROL_AMB_EXP_51781.pdf
1214,2,,,CONSORCIO 4C,GP-16346,,,15_04_Comunic_Recibidas/2022/CI004_GP-16346_070201_CON_1469_INF_ING_EGRE_SEP22.pdf
1215,4,,,CONSORCIO 4C,GP-15905,2 de junio de 2022,,15_04_Comunic_Recibidas/2022/CI004_GP-15905_070108_CON_0940_INCLUS_MEMO_DESCA_EXP_62025.pdf
1216,1,,,CONSORCIO 4C,GP-15619,9 de abril de 2022,,15_04_Comunic_Recibidas/2022/CI004_GP-15619_070108_CON_0578_ENTREGA_INF_EXP_51970.pdf
1217,2,,,CONSORCIO 4C,GP-15663,1 de mayo de 2022,,15_04_Comunic_Recibidas/2022/CI004_GP-15663_070108_CON_0640_PAG_SERV_SEG_AMB_EXP_51829.pdf
1218,2,,,CONSORCIO 4C,GP-16177,4 de agosto de 2022,,15_04_Comunic_Recibidas/2022/CI004_GP-16177_070300_CON_1243_CONVENIO_PONAL_ALMA.pdf
1219,3,,,CONSORCIO 4C,GP-15580,1 de abril de 2022,,15_04_Comunic_Recibidas/2022/CI004_GP-15580_070300_CON_0538_REV_EQUIP_MECANI_AREA_SERVI.pdf
1221,1,,,CONSORCIO 4C,GP-15985,4 de mayo de 2022,,15_04_Comunic_Recibidas/2022/CI004_GP-15985_070400_CON_0715_INF_PREDIAL_MAY22.pdf
1220,3,,,CONSORCIO 4C,GP-16406,,,15_04_Comunic_Recibidas/2022/CI004_GP-16406_070114_ANI_034178-1_TRAMITE_PERMISO_EPM.pdf
1222,8,,,CONSORCIO 4C,GP-16273,9 de septiembre de 2022,,15_04_Comunic_Recibidas/2022/CI004_GP-16273_070300_CON_1382_SCTUD_QUEJA_DEFICI_RTAS.pdf
1223,1,,,CONSORCIO 4C,GP-15306,,,15_04_Comunic_Recibidas/2022/CI004_GP-15306_050000_ANI_002580-1_CAMBIO_GERENTE.pdf
1224,2,,,CONSORCIO 4C,GP-16164,8 de agosto de 2022,,15_04_Comunic_Recibidas/2022/CI004_GP-16164_070108_CON_1225_CUMPLI_RESOL_3901_EXP_51780.pdf
1225,1,,,CONSORCIO 4C,GP-16022,9 de julio de 2022,,15_04_Comunic_Recibidas/2022/CI004_GP-16022_070400_CON_1094_INF_PREDIAL_JUL22.pdf
1226,1,,,CONSORCIO 4C,GP-15622,9 de abril de 2022,,15_04_Comunic_Recibidas/2022/CI004_GP-15622_070108_CON_0581_ENTREGA_INF_EXP_51955.pdf
1227,1,,,CONSORCIO 4C,GP-15263,,,15_04_Comunic_Recibidas/2022/CI004_GP-15263_070108_CON_0118_ENTREG_ICA_N21.pdf
1228,1,,,CONSORCIO 4C,GP-15555,1 de abril  de 2022,,15_04_Comunic_Recibidas/2022/CI004_GP-15555_070108_CON_0509_CUMPLI_OBLIG_EXP_51524.pdf
1230,6,,,CONSORCIO 4C,GP-15382,,,15_04_Comunic_Recibidas/2022/CI004_GP-15382_050300_JMCHAGUANI_1777_FALLO_TUTELA_WHERRERA.pdf
1232,8,,,CONSORCIO 4C,GP-16085,2 de agosto de 2022,,15_04_Comunic_Recibidas/2022/CI004_GP-16085_070201_CON_1150_FOR_GCSP-F009_JUL22.pdf
1231,1,CONCESIÓN ALTO MAGDALENA S.A.S.,ALMA-2022-0563,CONSORCIO 4C,GP-15604,29/04/2022,Entrega informe mantenimientos primer y segundo año - Establecimiento medida compensatoria Resolución 0396 del 24 de febrero del 2016 prorrogada con la Resolución 1144 del 30 de abril de 2018. Expediente 51730,15_04_Comunic_Recibidas/2022/CI004_GP-15604_070108_CON_0563_ENTREGA_INF_EXP_51730.pdf
1229,63,CONCESIÓN ALTO MAGDALENA S.A.S.,,CONSORCIO 4C,GP-15779,08/06/2022,Respuesta comunicado 20227300260911 - CVN31. Implementación sistema de Interoperabilidad de Peajes con Recaudo Electrónico Vehicular (IP/REV). Seguimiento cronograma de implementación IP/REV expuesto en comunicado con radicado 20225340703782,15_04_Comunic_Recibidas/2022/CI004_GP-15779_070301_CON_0776_SEG_CRONOG_IP-REV.pdf
1233,1,Agencia Nacional de Infraestructura,,CONSORCIO 4C,GP-15476,29/03/2022,"Radicado No. 20214091281782 del 3 de noviembre de 2021 – Solicitud concepto de ubicación para la ESTACIÓN DE SERVICIO ARENERA RIO SECO DE SAN JUAN municipio de San Juan de Rioseco, Cundinamarca- Resolución 1361 de 2012 – Proyecto vial Girardot – Honda – Puerto Salgar.",15_04_Comunic_Recibidas/2022/CI004_GP-15476_070114_ANI_008382-1_EDS_ARENERA_SAN_JUAN_RSECO.pdf
1234,6,Agencia Nacional de Infraestructura,,CONSORCIO 4C,GP-15383,25/02/2022,Respuesta a su comunicado ALMA-2022-0199 con radicado ANI No. 20224090157522 – Devolución Informe Gerencial No. 87. - Proyecto Girardot – Honda – Puerto Salgar. Contrato de Concesión 003 de 2014. Concesión Alto Magdalena S.A.S.,15_04_Comunic_Recibidas/2022/CI004_GP-15383_070500_ANI_004667-1_DEV_INF_MEN_N87.pdf
1235,3,CONCESIÓN ALTO MAGDALENA S.A.S.,,CONSORCIO 4C,GP-16242,02/09/2022,Respuesta comunicación CI.004/GP10136/22/7.1.8 (Rad. Int. ALMA-R-2022-1076). Aspectos e Impactos Ambientales / Recomendaciones para cumplir disposiciones del PAGA O&M,15_04_Comunic_Recibidas/2022/CI004_GP-16242_070108_CON_1314_ASP_IMP_AMB_DISPO_PAGA_O&M.pdf
1236,4,,,CONSORCIO 4C,GP-15912,,,15_04_Comunic_Recibidas/2022/CI004_GP-15912_070109_ANI_018707-1_SCTUD_PREDIO_MPATIÑO.pdf
1237,2,,,CONSORCIO 4C,GP-15287,,,15_04_Comunic_Recibidas/2022/CI004_GP-15287_070108_CON_0159_PAG_SEG_AMB_EXP_51835.pdf
1238,1,,,CONSORCIO 4C,GP-16253,5 de septiembre de 2022,,15_04_Comunic_Recibidas/2022/CI004_GP-16253_070108_CON_1368_INF_N6_RESOL_2602_ATV_0275.pdf
1239,1,,,CONSORCIO 4C,GP-16320,,,15_04_Comunic_Recibidas/2022/CI004_GP-16320_070301_ANI_000040-4_INF_CUMPLI_INDICAD_O3.pdf
1240,6,,,CONSORCIO 4C,GP-15211,,,15_04_Comunic_Recibidas/2022/CI004_GP-15211_070202_CON_0037_FOR_GCSP_F009_DIC21.pdf
1242,2,,,CONSORCIO 4C,GP-15932,,,15_04_Comunic_Recibidas/2022/CI004_GP-15932_070300_GLOBALLOGIS_SINNUMERO_SCTUD_PASO.pdf
1243,2,,,CONSORCIO 4C,GP-15286,,,15_04_Comunic_Recibidas/2022/CI004_GP-15286_070108_CON_0158_PAG_SEG_AMB_EXP_51900.pdf
1241,14,,,CONSORCIO 4C,GP-15358,,,15_04_Comunic_Recibidas/2022/CI004_GP-15358_070109_CON_0246_REITERA_QUEJ_MATERIAL_PR3+850.pdf
1246,2,,,CONSORCIO 4C,GP-15753,1 de junio de 2022,,15_04_Comunic_Recibidas/2022/CI004_GP-15753_070108_CON_0745_PAG_SEG_AMB_EXP_60700.pdf
1245,1,,,CONSORCIO 4C,GP-16029,9 de julio de 2022,,15_04_Comunic_Recibidas/2022/CI004_GP-16029_070108_CON_1095_INF_N8_RESOL_2129.pdf
1244,4,,,CONSORCIO 4C,GP-15867,2 de junio de 2022,,15_04_Comunic_Recibidas/2022/CI004_GP-15867_070108_CON_0906_INCLUS_MEMO_DESCA_EXP_51994.pdf
1247,2,,,CONSORCIO 4C,GP-15626,5 de Mayo de 2022,,15_04_Comunic_Recibidas/2022/CI004_GP-15626_070201_CON_0615_INF_ING_EGRE_ABR22.pdf
1248,1,,,CONSORCIO 4C,GP-15442,2 de marzo de 2022,,15_04_Comunic_Recibidas/2022/CI004_GP-15442_070108_CON_0396_ACTA_SEG_AMB_N442.pdf
1249,3,,,CONSORCIO 4C,GP-15405,7 de Marzo de 2022,,15_04_Comunic_Recibidas/2022/CI004_GP-15405_070202_CON_0344_FOR_GCSP_F208_FEB22.pdf
1250,2,,,CONSORCIO 4C,GP-15524,4 de marzo de 2022,,15_04_Comunic_Recibidas/2022/CI004_GP-15524_070108_CON_0410_SOPORT_PAG_AUTO_01319.pdf
1251,1,,,CONSORCIO 4C,GP-15643,4 de mayo de 2022,,15_04_Comunic_Recibidas/2022/CI004_GP-15643_070108_CON_0605_RTA_AUTO_DRAM_1678.pdf
1252,3,,,CONSORCIO 4C,GP-15808,0 de junio de 2022,,15_04_Comunic_Recibidas/2022/CI004_GP-15808_070107-070108_CON_0813_ZONA_EROSION_PR24_PR25.pdf
1253,1,,,CONSORCIO 4C,GP-15378,,,15_04_Comunic_Recibidas/2022/CI004_GP-15378_070108_CON_0299_SCTUD_VISITA_REMOLINOS.pdf
1254,8,,,CONSORCIO 4C,GP-15276,,,15_04_Comunic_Recibidas/2022/CI004_GP-15276_050300-070300_CON_0145_PLAZO_CURA_PTE_PEATON.pdf
1255,2,,,CONSORCIO 4C,GP-15222,,,15_04_Comunic_Recibidas/2022/CI004_GP-15222_070201_FBTA_SINNUMERO_INF_MEN_DIC21.pdf
1256,5,CONSORCIO 4C,CI.004/GP10136/22/7.1.8,,,7 de julio de 2022,,15_01_Cartas_Enviadas/RADICADAS/2022/CI004_1013622_070108_CON_ASPECTOS_IMPACTOS_AMBIENTAL_O&M.pdf
1257,5,CONSORCIO 4C,CI.004/GP10209/22/7.1.7,,,5 de agosto de 2022,,15_01_Cartas_Enviadas/RADICADAS/2022/CI004_1020922_070107_CON_REV_FICHAS_SIPUCOL_PUENTES_FALTANTES.pdf
1258,16,CONSORCIO 4C,CI.004/GP10155/22/7.3.3,,,8 de agosto de 2022,,15_01_Cartas_Enviadas/RADICADAS/2022/CI004_1015522_070303_CON_INDICES_JULIO_2022.pdf
1259,8,CONSORCIO 4C,CI.004/GP10006/22/7.1.9,,,5 de mayo de 2022,,15_01_Cartas_Enviadas/RADICADAS/2022/CI004_1000622_070109_CON_TRASLADO_PQRS_DRENAJE_GLORIETAS_MELISSA_NORCASIA_UF5.pdf
1260,3,CONSORCIO 4C,CI.004/GP9921/22/7.1.14,,,8 de Abril de 2022,,15_01_Cartas_Enviadas/RADICADAS/2022/CI004_992122_070114_ANI_PERMISO_OCUPA_TEMPORAL_EMPOCALDAS.pdf
1261,4,CONSORCIO 4C,CI.004/GP9803/22/7.4.2,,,6 de febrero de 2022,,15_01_Cartas_Enviadas/RADICADAS/2022/CI004_980322_070402_CON_REV_PLAN_COMPESA_SOCIOECONOMICAS_PCSE.pdf
1262,4,CONSORCIO 4C,CI.004/GP10088/22/7.1.9,,,0 de Junio de 2022,,15_01_Cartas_Enviadas/RADICADAS/2022/CI004_1008822_070108_ANI_MEMORIA_VISITA_PREDIO_PR09+610_UF5.2_PQRS.pdf
1263,3,CONSORCIO 4C,CI.004/GP9855/22/7.3,,,1 de marzo de 2022,,15_01_Cartas_Enviadas/RADICADAS/2022/CI004_985522_070300_CON_REQUERIMIENTO_INFO_ENFERMERÍA_DOTADA_ADS.pdf
1264,9,CONSORCIO 4C,,,,8 de agosto de 2022,,15_01_Cartas_Enviadas/RADICADAS/2022/CI004_1015422_070301_TER_FISCALIA_SOLICITUD_COPIA_VIDEOS_PEAJES.pdf
1266,8,CONSORCIO 4C,CI.004/GP9861/22/5.3-7.3,,,4 de Marzo de 2022,,15_01_Cartas_Enviadas/RADICADAS/2022/CI004_986122_050300_070300_ANI_NO_OBJECION_PCURA_BASCULAS.pdf
1265,17,CONSORCIO 4C,CI.004/GP10140/22/5.3-7.3,,,8 de julio de 2022,,15_01_Cartas_Enviadas/RADICADAS/2022/CI004_1014022_050300-070300_CON_REV_ISV_UF2_DEFENSAS.pdf
1267,4,CONSORCIO 4C,CI.004/GP9932/22/7.1.9,,,2 de abril de 2022,,15_01_Cartas_Enviadas/RADICADAS/2022/CI004_993222_070109_CON_ATENCION_USUARIO_PQRS_UF2.pdf
1269,14,CONSORCIO 4C,CI.004/GP10285/22/7.3.3,,,0 de septiembre de 2022,,15_01_Cartas_Enviadas/RADICADAS/2022/CI004_1028522_070303_CON_INDICES_SEPTIEMBRE_2022.pdf
1268,3,CONSORCIO 4C,CI.004/GP10013/22/7.1.9,,,5 de mayo de 2022,,15_01_Cartas_Enviadas/RADICADAS/2022/CI004_1001322_070109_MQUINTERO_RESPUESTA_PQRS_PR29_UF2.pdf
1270,9,CONSORCIO 4C,CI.004/GP10270/22/5.3-7.3,,,3 de septiembre de 2022,,15_01_Cartas_Enviadas/RADICADAS/2022/CI004_1027022_050300-070300_CON_REV_ISV_UF1_DEFENSAS.pdf
1271,7,CONSORCIO 4C,CI.004/GP10278/22/5.3-7.3,,,8 de Septiembre de 2022,,15_01_Cartas_Enviadas/RADICADAS/2022/CI004_1027822_050300-070300_ANI_NO_OBJECIÓN_PCURA_CTRL_VEL_URBAN_UF5.pdf
1272,4,CONSORCIO 4C,CI.004/GP10146/22/7.3,,,2 de agosto de 2022,,15_01_Cartas_Enviadas/RADICADAS/2022/CI004_1014622_070300_CON_SOS_FUNCIONAMIENTO_JULIO_2022.pdf
1273,3,CONSORCIO 4C,CI.004/GP9774/22/7.3,,,8 de febrero de 2022,,15_01_Cartas_Enviadas/RADICADAS/2022/CI004_977422_070300_CON_TRASLADO_SOLICITUD_PASO_MAQUINARIA.pdf
1274,3,CONSORCIO 4C,CI.004/GP9754/22/7.4.1,,,5 de enero de 2022,,15_01_Cartas_Enviadas/RADICADAS/2022/CI004_975422_070401_CON_OBS_INFOGP_DIC2021.pdf
1275,3,CONSORCIO 4C,CI.004/GP9822/22/7.4.4,,,8 de febrero de 2022,,15_01_Cartas_Enviadas/RADICADAS/2022/CI004_982222_070404_CON_OBS_RES_EXPR_ALMA-5-0105.pdf
1277,4,CONSORCIO 4C,CI.004/GP9882/22/7.1.8,CONCESIÓN ALTO MAGDALENA S.A.S,,29/03/2022,Ref. Contrato de Concesión 003 de 2014 Concesión Honda - Puerto Salgar - Girardot. Observaciones Informe final Resolución 1082 de 2018 / Levantamiento de Veda Unidad Funcional 5.3,15_01_Cartas_Enviadas/RADICADAS/2022/CI004_988222_070108_CON_REV_INF_FINAL_LEV_VEDA_RES_1082_2018.pdf
1276,2,CONSORCIO 4C,CI.004/GP9916/22/7.2.2,AGENCIA NACIONAL DE INFRAESTRUCTURA - ANI,,13/04/2022,Ref. Contrato de Concesión 003 de 2014 Concesión Honda - Puerto Salgar - Girardot Formato GCSP-F-001 Mantenimiento Bienes Uso Público – marzo de 2022.,15_01_Cartas_Enviadas/RADICADAS/2022/CI004_991622_070202_ANI_F-001_MTTO_MAR-2022.pdf
1278,4,CONSORCIO 4C,CI.004/GP10169/22/7.4.1,CONCESIÓN ALTO MAGDALENA S.A.S.,,10/08/2022,Ref. Contrato de Concesión 003 de 2014 Concesión Honda - Puerto Salgar - Girardot Revisión Informe Avance Gestión Predial junio y julio de 2022,15_01_Cartas_Enviadas/RADICADAS/2022/CI004_1016922_070401_CON_OBS_INFOGP_JUN-JUL2022.pdf
1279,23,CONSORCIO 4C,CI.004/GP10110/22/5.3-7.4,AGENCIA NACIONAL DE INFRAESTRUCTURA - ANI,,11/07/2022,Ref. Contrato de Concesión 003 de 2014 Concesión Honda - Puerto Salgar - Girardot Concepto relacionado con el presunto Evento Eximente de Responsabilidad derivado de la imposibilidad de adquirir el predio de la ANT denominado ALMA-5-0105.,15_01_Cartas_Enviadas/RADICADAS/2022/CI004_1011022_050300-070400_ANI_EER_PREDIAL_ALMA-5-0105.pdf
1281,5,CONSORCIO 4C,CI.004/GP10005/22/7.3.3,CONCESIÓN ALTO MAGDALENA S.A.S.,,24/05/2022,Ref. Contrato de Concesión 003 de 2014 Concesión Honda - Puerto Salgar - Girardot Respuesta a los comentarios del Concesionario frente a los resultados de los Índices de Cumplimiento enero y febrero de 2022,15_01_Cartas_Enviadas/RADICADAS/2022/CI004_1000522_070303_CON_REITERACION_INDICES_ENE_FEB_2022.pdf
1282,3,CONSORCIO 4C,CI.004/GP9992/22/7.1.8,CONCESIÓN ALTO MAGDALENA S.A.S,,17/05/2022,Ref. Contrato de Concesión 003 de 2014 Concesión Honda - Puerto Salgar - Girardot. Informe Final Plan de Reasentamiento / Expediente LAV0068-00-2015.,15_01_Cartas_Enviadas/RADICADAS/2022/CI004_999222_070108_CON_INFORME_FINAL_PLAN_REASENTAMIN.pdf
1280,4,CONSORCIO 4C,CI.004/GP10197/22/7.1.9,AGENCIA NACIONAL DE INFRAESTRUCTURA - ANI,,19/08/2022,Ref. Contrato de Concesión 003 de 2014 Concesión Honda - Puerto Salgar - Girardot Respuesta a Derecho de Petición Sr. Luis Eduardo Cruz Cifuentes. La Dorada Carrera 15 entre calles 19 y 20.,15_01_Cartas_Enviadas/RADICADAS/2022/CI004_1019722_070109_ANI_DERECHO_PETICIÓN_LUIS_EDUARDO_CRUZ_DORADA_CRA15.pdf
1283,2,CONSORCIO 4C,CI.004/GP10250/22/7.2.1,AGENCIA NACIONAL DE INFRAESTRUCTURA - ANI,,15/09/2022,Ref. Contrato de Concesión 003 de 2014 Concesión Honda - Puerto Salgar - Girardot Formato GCSP-F-001 Mantenimiento Bienes Uso Público – agosto de 2022.,15_01_Cartas_Enviadas/RADICADAS/2022/CI004_1025022_070201_ANI_F-001_MTTO_AGO-2022.pdf
1285,3,CONSORCIO 4C,CI.004/GP10044/22/7.3.3,CONCESIÓN ALTO MAGDALENA S.A.S.,,10/06/2022,Ref. Contrato de Concesión 003 de 2014 Concesión Honda - Puerto Salgar - Girardot Niveles de Servicio Ciclo Ruta – Mayo de 2022,15_01_Cartas_Enviadas/RADICADAS/2022/CI004_1004422_070303_CON_RESULTADOS_NS_UF2_CICLORUTA_MAYO_2022.pdf
1284,2,CONSORCIO 4C,CI.004/GP9735/22/7.1.14,AGENCIA NACIONAL DE INFRAESTRUCTURA - ANI,,14/01/2022,Ref. Contrato de Concesión 003 de 2014 Concesión Honda - Puerto Salgar - Girardot Permiso de Ocupación Temporal del Espacio público. Expediente 20213040280200520E. RENOVABLES SOL 1 S.A.S. ESP.,15_01_Cartas_Enviadas/RADICADAS/2022/CI004_973522_070114_ANI_CONCEPTO_OCUPA_TEMPORAL_RENOVABLES_SOL _#1.pdf
1286,3,CONSORCIO 4C,CI.004/GP9953/22/7.1.8,CONCESIÓN ALTO MAGDALENA S.A.S.,,02/05/2022,Ref. Contrato de Concesión 003 de 2014 Concesión Honda - Puerto Salgar - Girardot Traslado de solicitud PQRS – Sr Juan Gálvez y Samuel Barrera.,15_01_Cartas_Enviadas/RADICADAS/2022/CI004_995322_070108_CON_TRASLADO_PQRS_JGALVEZ_PR24_UF2.pdf
1287,3,CONSORCIO 4C,CI.004/GP10033/22/7.1.14,AGENCIA NACIONAL DE INFRAESTRUCTURA - ANI,,01/06/2022,"Ref. Contrato de Concesión 003 de 2014 Concesión Honda - Puerto Salgar - Girardot Concepto sobre el permiso de ocupación Temporal – Implementación de PMT en el PR21 RN4510, solicitado por EPM. Expediente No 20223040280200185E.",15_01_Cartas_Enviadas/RADICADAS/2022/CI004_1003322_070114_ANI_OCUPA_TEMPORAL_PMT_TEPUY_EPM#2.pdf
1288,6,CONSORCIO 4C,CI.004/GP10130/22/7.3,CONCESIÓN ALTO MAGDALENA S.A.S.,,25/07/2022,Ref. Contrato de Concesión 003 de 2014 Concesión Honda - Puerto Salgar - Girardot Requerimiento formal para implementar medidas que controlen la velocidad sobre el corredor concesionado – Unidad Funcional 5.,15_01_Cartas_Enviadas/RADICADAS/2022/CI004_1013022_070300_CON_REQUERIMI_CTRL_VELOCIDAD_PASO_URBANO_POBLADOS_UF5.pdf
1289,4,CONSORCIO 4C,CI.004/GP10097/22/7.4.1,CONCESIÓN ALTO MAGDALENA S.A.S.,,06/07/2022,Ref. Contrato de Concesión 003 de 2014 Concesión Honda - Puerto Salgar - Girardot Segunda Revisión Informe Avance Gestión Predial marzo de 2022,15_01_Cartas_Enviadas/RADICADAS/2022/CI004_1009722_070401_CON_OBS_INFOGP_MAR2022_REV2.pdf
1290,3,CONSORCIO 4C,CI.004/GP10018/22/7.4.1,AGENCIA NACIONAL DE INFRAESTRUCTURA - ANI,,26/05/2022,Ref. Contrato de Concesión 003 de 2014 Concesión Honda - Puerto Salgar - Girardot Revisión solicitud de la Procuraduría. Predio ALMA-4-0028.,15_01_Cartas_Enviadas/RADICADAS/2022/CI004_1001822_070401_ANI_SOLICITUD_PROCURADURÍA_ALMA-4-0028.pdf
1291,6,CONSORCIO 4C,CI.004/GP10079/22/7.3,CONCESIÓN ALTO MAGDALENA S.A.S.,,28/06/2022,Ref. Contrato de Concesión 003 de 2014 Concesión Honda - Puerto Salgar - Girardot Requerimiento formal para implementar medidas que controlen la velocidad sobre el corredor concesionado,15_01_Cartas_Enviadas/RADICADAS/2022/CI004_1007922_070300_CON_REQUERIMI_CTRL_VELOCIDAD_PASO_URBANO_POBLADOS.pdf
1292,4,CONSORCIO 4C,CI.004/GP9982/22/7.1.9,CONCESIÓN ALTO MAGDALENA S.A.S.,,12/05/2022,Ref. Contrato de Concesión 003 de 2014 Concesión Honda - Puerto Salgar - Girardot Seguimiento programa de atención al usuario. PQRS de la UF4,15_01_Cartas_Enviadas/RADICADAS/2022/CI004_998222_070109_CON_ATENCION_USUARIO_PQRS_UF4.pdf
1293,4,CONSORCIO 4C,CI.004/GP9765/22/7.1.9,CONCESIÓN ALTO MAGDALENA S.A.S.,,02/02/2022,Ref. Contrato de Concesión 003 de 2014 Concesión Honda - Puerto Salgar - Girardot Seguimiento programa de atención al usuario. PQRS de la UF3 - Revisión 2,15_01_Cartas_Enviadas/RADICADAS/2022/CI004_976522_070109_CON_ATENCION_USUARIO_PQRS_UF3_REV2.pdf
1297,7,CONSORCIO 4C,CI.004/GP10293/22/7.2.1,,,7 de octubre de 2022,,15_01_Cartas_Enviadas/RADICADAS/2022/CI004_1029322_070201_CON_SEGUIMIENTO_MAYORES_VALORES_PREDIAL.pdf
1298,2,CONSORCIO 4C,CI.004/GP9775/22/9.2,,,9 de Febrero de 2022,,15_01_Cartas_Enviadas/RADICADAS/2022/CI004_977522_090200_ANI_INF_SOCIOAMB_ ENE_2022.pdf
1299,2,CONSORCIO 4C,CI.004/GP10105/22/9.2,,,8 de Julio de 2022,,15_01_Cartas_Enviadas/RADICADAS/2022/CI004_1010522_090200_ANI_INFORME_MENSUAL_JUN_2022.pdf
1300,22,CONSORCIO 4C,CI.004/GP9947/22/5.3-7.3,,,9 de Abril de 2022,,15_01_Cartas_Enviadas/RADICADAS/2022/CI004_994722_050300_070300_ANI_EER_PREDIAL_ALMA-3-0146.pdf
1301,5,CONSORCIO 4C,CI.004/GP9846/22/7.5,,,0 de marzo de 2022,,15_01_Cartas_Enviadas/RADICADAS/2022/CI004_984622_070500_CON_OBSERV_INFOR_GERENC_ENE_2022_V2.pdf
1302,4,CONSORCIO 4C,CI.004/GP10172/22/7.4.4,,,1 de Agosto de 2022,,15_01_Cartas_Enviadas/RADICADAS/2022/CI004_1017222_070404_ANI_RESOL_EXPRO_ALMA-3-0069.pdf
1303,4,CONSORCIO 4C,CI.004/GP9990/22/7.4.4,,,7 de Mayo de 2022,,15_01_Cartas_Enviadas/RADICADAS/2022/CI004_999022_070404_ANI_RESOL_EXPRO_ALMA-3-0098.pdf
1304,1,CONSORCIO 4C,,,,3 de agosto de 2022,,15_01_Cartas_Enviadas/RADICADAS/2022/CI004_1015022_040600_TER_NOTIFICA_ENTREGA_OFICINA_GIRARDOT.pdf
1305,4,CONSORCIO 4C,CI.004/GP10015/22/7.4.6,,,5 de mayo de 2022,,15_01_Cartas_Enviadas/RADICADAS/2022/CI004_1001522_070406_CON_OBSER_AVALUOS9_x22_UF-2-3-4-5.pdf
1306,4,CONSORCIO 4C,CI.004/GP10242/21/7.3,,,9 de septiembre de 2022,,15_01_Cartas_Enviadas/RADICADAS/2022/CI004_1024222_070300_CON_REQUERIMIENTO_PANELES_LED.pdf
1294,3,CONSORCIO 4C,CI.004/GP9917/22/7.4.6,CONCESIÓN ALTO MAGDALENA S.A.S,ALMA-R-2022-049?,19/04/2022,"Ref. Contrato de Concesión 003 de 2014 Concesión Honda - Girardot - Puerto Salgar. Revisión de Avalúo, predio ALMA-3-0073, UF3.",15_01_Cartas_Enviadas/RADICADAS/2022/CI004_991722_070406_CON_REV_AVALU_ALMA-2022-0478.pdf
1307,2,CONSORCIO 4C,CI.004/GP9841/22/9.2,,,0 de Marzo de 2022,,15_01_Cartas_Enviadas/RADICADAS/2022/CI004_984122_090200_ANI_INFORME_MENSUAL_FEB_2022.pdf
1308,7,CONSORCIO 4C,CI.004/GP10157/22/5.3,,,9 de Agosto de 2022,,15_01_Cartas_Enviadas/RADICADAS/2022/CI004_1015722_050300_ANI_CONT_MIN_HACIEN_JUN_2022.pdf
1309,3,CONSORCIO 4C,CI.004/GP10058/22/7.1.9,,,5 de Junio de 2022,,15_01_Cartas_Enviadas/RADICADAS/2022/CI004_1005822_070109_ANI_DRENAJE_GLORIETAS_MELISSA_NORCASIA_UF5.pdf
1310,2,CONSORCIO 4C,CI.004/GP10321/22/9.2,,,0 de Octubre de 2022,,15_01_Cartas_Enviadas/RADICADAS/2022/CI004_1032122_090200_ANI_INFORME_MENSUAL_SEP_2022_V1.pdf
1296,2,CONSORCIO 4C,CI.004/GP9787/22/7.2.2,AGENCIA NACIONAL DE INFRAESTRUCTURA – ANI,,11/02/2022,Ref. Contrato de Concesión 003 de 2014 Concesión Honda – Girardot – Puerto Salgar. Formato GCSP-F-208 Informe Ingresos Por Explotación Comercial – enero de 2022,15_01_Cartas_Enviadas/RADICADAS/2022/CI004_978722_070202_ANI_F-208_EXPLOTA_COMERCIAL_ENE_2022.pdf
1311,4,CONSORCIO 4C,CI.004/GP10103/22/7.1.8,,,8 de julio de 2022,,15_01_Cartas_Enviadas/RADICADAS/2022/CI004_1010322_070108_CON_INF_TRIM_23_EXP_LAV0004-00-2016_UF4.pdf
1295,4,CONSORCIO 4C,CI.004/GP9742/22/7.4.6,CONCESIÓN ALTO MAGDALENA S.A.S,,18/01/2022,"Ref. Contrato de Concesión 003 de 2014 Concesión Honda - Puerto Salgar - Girardot. Revisión de 9 Avalúos Otrosí No. 9 de la UF2, UF3 y UF4",15_01_Cartas_Enviadas/RADICADAS/2022/CI004_974222_070406_CON_OBSER_AVALUOS9_9U-234.pdf
1312,3,CONSORCIO 4C,CI.004/GP9864/22/7.1.14,,,5 de Marzo de 2022,,15_01_Cartas_Enviadas/RADICADAS/2022/CI004_986422_070114_ANI_UBICACIÓN_EDS_ARENALES_PR80.pdf
1313,4,CONSORCIO 4C,CI.004/GP10000/22/7.1.8,,,0 de mayo de 2022,,15_01_Cartas_Enviadas/RADICADAS/2022/CI004_1000022_070108_070110_CON_MANEJO_AMBIEN_Y_SEGURIDAD_INDUSTRIAL_PR66.pdf
1314,3,CONSORCIO 4C,CI.004/GP10216/22/7.1.8,,,9 de agosto de 2022,,15_01_Cartas_Enviadas/RADICADAS/2022/CI004_1021622_070108_CON_REVISION_INFORMES_AVANCE_COMPENSA_AMBIENTAL.pdf
1315,2,CONSORCIO 4C,CI.004/GP9980/22/7.2.2,,,2 de Mayo de 2022,,15_01_Cartas_Enviadas/RADICADAS/2022/CI004_998022_070202_ANI_F-207_REND_SUBC_ABR-2022.pdf
1316,4,CONSORCIO 4C,CI.004/GP9933/22/7.1.8,,,5 de abril de 2022,,15_01_Cartas_Enviadas/RADICADAS/2022/CI004_993322_070108_CON_TRAM_APROV_FOREST_K66+850_UF3.pdf
1317,4,CONSORCIO 4C,CI.004/GP9964/22/7.4.6,,,4 de mayo de 2022,,15_01_Cartas_Enviadas/RADICADAS/2022/CI004_996422_070406_CON_OBSER_AVALUOS9_x14_UF4.pdf
1318,4,CONSORCIO 4C,CI.004/GP9884/22/7.1.8,,,9 de marzo de 2022,,15_01_Cartas_Enviadas/RADICADAS/2022/CI004_988422_070108_CON_REV_INF#9_SEM_LEVAN_VEDA_RES_2601_2015.pdf
1320,2,CONSORCIO 4C,CI.004/GP9907/22/7.2.2,,,1 de Abril de 2022,,15_01_Cartas_Enviadas/RADICADAS/2022/CI004_990722_070202_ANI_F-207_REND_SUBC_MAR_2022.pdf
1319,4,CONSORCIO 4C,CI.004/GP10022/22/7.1.8,,,6 de mayo de 2022,,15_01_Cartas_Enviadas/RADICADAS/2022/CI004_1002222_070108_CON_INF_FINAL_LEV_VEDA_RES_1701_2015_UF1_ALCAN.pdf
1323,4,CONSORCIO 4C,CI.004/GP10261/22/7.1.8,,,0 de septiembre de 2022,,15_01_Cartas_Enviadas/RADICADAS/2022/CI004_1026122_070108_CON_REV_INFORM_COMPENSA_AMBIENTAL_UF4_EXP_51993.pdf
1322,4,CONSORCIO 4C,CI.004/GP10190/22/7.2.9,,,9 de Agosto de 2022,,15_01_Cartas_Enviadas/RADICADAS/2022/CI004_1019022_070209_ANI_ACTA_VPIP_JUL_2022.pdf
1321,22,CONSORCIO 4C,CI.004/GP10189/22/5.3-7.3,,,8 de agosto de 2022,,15_01_Cartas_Enviadas/RADICADAS/2022/CI004_1018922_050300_070300_CON_REV_ISV_UF4_DEFENSAS.pdf
1324,4,CONSORCIO 4C,CI.004/GP9739/22/7.2.2,,,7 de enero de 2022,,15_01_Cartas_Enviadas/RADICADAS/2022/CI004_973922_070202_CON_REVISION_ESTADOS_FINANCIEROS_NOV2021.pdf
1325,3,CONSORCIO 4C,CI.004/GP9895/22/7.1.9,,,5 de abril de 2022,,15_01_Cartas_Enviadas/RADICADAS/2022/CI004_989522_070109_CON_REV_ACTAS_VECINDAD_V2.pdf
1326,2,CONSORCIO 4C,CI.004/GP10356/22/9.2,,,4 de Noviembre de 2022,,15_01_Cartas_Enviadas/RADICADAS/2022/CI004_1035622_090200_ANI_INFORME_MENSUAL_OCT_2022.pdf
1327,2,CONSORCIO 4C,CI.004/GP9998/22/7.2.2,,,9 de Mayo de 2022,,15_01_Cartas_Enviadas/RADICADAS/2022/CI004_999822_070202_ANI_F-007_REC_PUB_ABR_2022_ALCANCE_2.pdf
1328,7,CONSORCIO 4C,CI.004/GP9942/22/5.3-7.3,,,8 de Abril de 2022,,15_01_Cartas_Enviadas/RADICADAS/2022/CI004_994221_050300_070300_ANI_NO_OBJECIÓN_PCURA_CONVENIO_DITRA.pdf
1329,2,CONSORCIO 4C,CI.004/GP10301/22/7.2.2,,,0 de Octubre de 2022,,15_01_Cartas_Enviadas/RADICADAS/2022/CI004_1030122_070202_ANI_F-007_REC_PUB_SEP_2022.pdf
1330,3,CONSORCIO 4C,CI.004/GP10028/22/7.4.6,,,1 de mayo de 2022,,15_01_Cartas_Enviadas/RADICADAS/2022/CI004_1002822_070406_CON_OBSER_AVALUOS9_ALMA-4-0111.pdf
1332,4,CONSORCIO 4C,CI.004/GP9817/22/7.3.3,,,5 de febrero de 2022,,15_01_Cartas_Enviadas/RADICADAS/2022/CI004_981722_070303_CON_PLAN_MEDICION_INDICADORES_MARZO_2022_ALC.pdf
1334,13,CONSORCIO 4C,CI.004/GP10211/22/7.4.1,,,5 de agosto de 2022,,15_01_Cartas_Enviadas/RADICADAS/2022/CI004_1021122_070401_CON_INDICE_PREDIAL_MAR_ABR_MAY_JUN_JUL_2022.pdf
1333,4,CONSORCIO 4C,CI.004/GP10074/22/7.1.9,,,2 de junio de 2022,,15_01_Cartas_Enviadas/RADICADAS/2022/CI004_1007422_070109_TER_RTA_SOLICITUD_REPARACION_MANGUERA_PREDIO_ALMA-4-0012.pdf
1331,3,CONSORCIO 4C,CI.004/GP10315/22/7.3,,,0 de Octubre de 2022,,15_01_Cartas_Enviadas/RADICADAS/2022/CI004_1031522_070300_ANI_VERIFICA_PANELES_PMV_OCT2022.pdf
1336,17,CONSORCIO 4C,CI.004/GP10129/22/7.1.4,,,9 de julio de 2022,,15_01_Cartas_Enviadas/RADICADAS/2022/CI004_1012922_070104_CON_MANTENIMIENTO_AREAS_CONTRACTUALES.pdf
1335,4,CONSORCIO 4C,CI.004/GP10059/22/7.3.1,,,4 de junio de 2022,,15_01_Cartas_Enviadas/RADICADAS/2022/CI004_1005922_070301_CON_OBSERV_MANUAL_OPERACIONES_2022.pdf
1337,6,CONSORCIO 4C,CI.004/GP10347/22/5.3-7.5,AGENCIA NACIONAL DE INFRAESTRUCTURA - ANI,,31/10/2022,Ref. Contrato de Concesión 003 de 2014 Concesión Honda - Puerto Salgar - Girardot Solicitud No Objeción Plazo de Cura por incumplimiento en la Actualización y Entrega de las Memorias Técnicas correspondientes a los meses de marzo a octubre de 2022.,15_01_Cartas_Enviadas/RADICADAS/2022/CI004_1034722_050300-070500_ANI_NO_OBJECIÓN_PCURA_ENTREGA_MEMO_TÉCNICAS.pdf
1338,2,CONSORCIO 4C,CI.004/GP9899/22/9.2,AGENCIA NACIONAL DE INFRAESTRUCTURA - ANI,,07/04/2022,Ref. Contrato de Concesión 003 de 2014 Concesión Honda - Puerto Salgar - Girardot Registro Fílmico Informe Mensual de Interventoría 89 – marzo de 2022.,15_01_Cartas_Enviadas/RADICADAS/2022/CI004_989921_090200_ANI_VIDEO_IMI_MAR_2022.pdf
1339,13,CONSORCIO 4C,CI.004/GP10184/22/5.3,AGENCIA NACIONAL DE INFRAESTRUCTURA - ANI,,13/08/2022,Ref. Contrato de Concesión 003 de 2014 Concesión Honda - Puerto Salgar - Girardot Informe y tasación de multa por el incumplimiento en la Entrega de los Planos Récord del Proyecto.,15_01_Cartas_Enviadas/RADICADAS/2022/CI004_1018422_050300_ANI_INFORME_MULTA_PLANOS_RÉCORD.pdf
1340,8,CONSORCIO 4C,CI.004/GP10084/22/7.2,FONTUR,DCP-3 8425-22,29/06/2022,Ref. Contrato de Concesión 003 de 2014 Concesión Honda - Puerto Salgar - Girardot Respuesta a la solicitud de información relacionada con la Concesión Alto Magdalena SAS,15_01_Cartas_Enviadas/RADICADAS/2022/CI004_1008422_070200_TER_RTA_INFOR_FONTUR_PEAJES.pdf
1341,4,CONSORCIO 4C,CI.004/GP10072/22/7.1.14,CONCESIÓN ALTO MAGDALENA S.A.S.,"['20224090279872', '20224090497592']",21/06/2022,"Ref. Contrato de Concesión 003 de 2014 Concesión Honda - Puerto Salgar - Girardot Solicitud para la entrega de conceptos pendientes, relacionados con los permisos de uso y ocupación temporal de la infraestructura concesionada.",15_01_Cartas_Enviadas/RADICADAS/2022/CI004_1007222_070114_CON_REQUERI_CONCEPTOS_PENDIENTES_PERMISO_OCUPA_RES716.pdf
1342,3,CONSORCIO 4C,CI.004/GP9744/22/5.3,,,9 de enero de 2022,,15_01_Cartas_Enviadas/RADICADAS/2022/CI004_974422_050300_CON_REQUERI_ACTUALIZA_POLIZAS_IPC_2021.pdf
1343,6,CONSORCIO 4C,CI.004/GP10234/22/7.4.6,,,3 de septiembre de 2022,,15_01_Cartas_Enviadas/RADICADAS/2022/CI004_1023422_070406_CON_OBS_AVALUO_ALMA-3-0146.pdf
1344,3,CONSORCIO 4C,CI.004/GP10219/22/7.1.9,,,0 de agosto de 2022,,15_01_Cartas_Enviadas/RADICADAS/2022/CI004_1021922_070109_TER_RTA_SOLICITUD_REPARACION_MANGUERA_PREDIO_ALMA-4-0012.pdf
1345,5,CONSORCIO 4C,CI.004/GP9833/22/5.3,,,3 de marzo de 2022,,15_01_Cartas_Enviadas/RADICADAS/2022/CI004_983322_050300_CON_REQUERI_INFO_COSTOS_OCIOSOS.pdf
1346,5,CONSORCIO 4C,CI.004/GP10266/22/7.5,,,2 de septiembre de 2022,,15_01_Cartas_Enviadas/RADICADAS/2022/CI004_1026622_070500_CON_REV_INFORME_GERENCIAL_94_AGO_2022.pdf
1347,5,CONSORCIO 4C,CI.004/GP10174/22/7.2.8,,,1 de Agosto de 2022,,15_01_Cartas_Enviadas/RADICADAS/2022/CI004_1017422_070208_ANI_REVISION_RECAUDO_FOSEVI_JUN_2022.pdf
1348,2,CONSORCIO 4C,CI.004/GP10114/22/7.2.2,,,2 de Julio de 2022,,15_01_Cartas_Enviadas/RADICADAS/2022/CI004_1011422_070202_ANI_F-207_REND_SUBC_JUN-2022.pdf
1349,34,CONSORCIO 4C,CI.004/GP10279/22/5.3,,,8 de septiembre de 2022,,15_01_Cartas_Enviadas/RADICADAS/2022/CI004_1027922_050300_TER_TRIBCALDAS_ACCPOPULAR_GLORIETASDORADA.pdf
1350,3,CONSORCIO 4C,CI.004/GP10125/22/7.1.9,,,5 de julio de 2022,,15_01_Cartas_Enviadas/RADICADAS/2022/CI004_1012522_070109_TER_RTA_SOLICITUD_REPARACION_MANGUERA_PREDIO_ALMA-4-0012.pdf
1351,2,CONSORCIO 4C,CI.004/GP9971/22/9.2,,,0 de Mayo de 2022,,15_01_Cartas_Enviadas/RADICADAS/2022/CI004_997122_090200_ANI_INFORME_MENSUAL_ABR_2022.pdf
1352,14,CONSORCIO 4C,CI.004/GP9926/22/5.3,,,1 de Abril de 2022,,15_01_Cartas_Enviadas/RADICADAS/2022/CI004_992622_050300_ANI_INFORME_MULTA_CONVENIOS_REDES.pdf
1353,4,CONSORCIO 4C,CI.004/GP10138/22/7.4.4,,,8 de Julio de 2022,,15_01_Cartas_Enviadas/RADICADAS/2022/CI004_1013822_070404_ANI_RESOL_EXPRO_ALMA-2-0136-1.pdf
1355,2,CONSORCIO 4C,CI.004/GP9897/22/9.2,,,7 de Abril de 2022,,15_01_Cartas_Enviadas/RADICADAS/2022/CI004_989722_090200_ANI_INF_SOCIOAMB_MAR_2022.pdf
1354,3,CONSORCIO 4C,CI.004/GP10035/22/7.1.14,,,3 de Junio de 2022,,15_01_Cartas_Enviadas/RADICADAS/2022/CI004_1003522_070114_ANI_REV_PERMISO_INDEPROS_LEVANTAMI_INFO_CAMPO.pdf
1356,6,CONSORCIO 4C,CI.004/GP10221/22/5.3,,,0 de agosto de 2022,,15_01_Cartas_Enviadas/RADICADAS/2022/CI004_1022122_050300_CON_OTORGA_PCURA_ENTREGA_POLIZA_TODORIESGO.pdf
1357,2,CONSORCIO 4C,,,,7 de octubre de 2022,,15_01_Cartas_Enviadas/RADICADAS/2022/CI004_1033422_040600_TER_TERMINA_CONTRATO_ENTREG_OFIC_GIRARDOT.pdf
1358,4,CONSORCIO 4C,CI.004/GP9976/22/7.4.2,,,1 de mayo de 2022,,15_01_Cartas_Enviadas/RADICADAS/2022/CI004_997622_070402_CON_COMPENSACION_SOCIAL_OVIDIO_RUA.pdf
1359,13,CONSORCIO 4C,CI.004/GP10283/22/5.3.,,,9 de Septiembre de 2022,,15_01_Cartas_Enviadas/RADICADAS/2022/CI004_1028322_050300_ANI_INFORME_MULTA_PERMISOS_RES_716_ALCANTA_PTOBOGOTA.pdf
1361,3,CONSORCIO 4C,CI.004/GP10230/22/5.3,,,1 de agosto de 2022,,15_01_Cartas_Enviadas/RADICADAS/2022/CI004_1023022_050300_CON_FE_ERRATAS_PCURA_POLIZA_TODORIESGO_GP10221.pdf
1360,3,CONSORCIO 4C,CI.004/GP9836/22/7.2.1,,,4 de Marzo de 2022,,15_01_Cartas_Enviadas/RADICADAS/2022/CI004_983622_070201_ANI_TRASLADO_RECUR_SUBCUENT_CAPEX_A_REDES.pdf
1362,6,CONSORCIO 4C,CI.004/GP10142/22/7.1.9-7.4,,,9 de julio de 2022,,15_01_Cartas_Enviadas/RADICADAS/2022/CI004_1014222_070109_070400_CON_REQUERIMIENTO_CERCAS_INVASION_ALMA-1-0015.pdf
1363,4,CONSORCIO 4C,CI.004/GP9750/22/7.4.6,,,1 de enero de 2022,,15_01_Cartas_Enviadas/RADICADAS/2022/CI004_975022_070406_CON_OBSER_AVALUOS9_9UF-345.pdf
1364,2,CONSORCIO 4C,CI.004/GP10070/22/7.5,,,1 de Junio de 2022,,15_01_Cartas_Enviadas/RADICADAS/2022/CI004_1007022_070500_ANI_ESTADO_CUMP_INFORME_GERENCIAL_ABR_2022.pdf
1365,2,CONSORCIO 4C,CI.004/GP10067/22/7.2.2,,,1 de Junio de 2022,,15_01_Cartas_Enviadas/RADICADAS/2022/CI004_1006722_070202_ANI_F-207_REND_SUBC_MAY_2022_ALCANCE.pdf
1366,4,CONSORCIO 4C,CI.004/GP10245/22/7.2.1,,,9 de Septiembre de 2022,,15_01_Cartas_Enviadas/RADICADAS/2022/CI004_1024522_070201_ANI_REINTEGRO_SUBCUENTA_REDES_OP8817_ALCANCE.pdf
1368,15,CONSORCIO 4C,CI.004/GP10353/22/7.3.3,,,3 de noviembre de 2022,,15_01_Cartas_Enviadas/RADICADAS/2022/CI004_1035322_070303_CON_INDICES_OCTUBRE_2022_ALCANCE.pdf
1370,2,CONSORCIO 4C,CI.004/GP10121/22/7.2.2,,,4 de Julio de 2022,,15_01_Cartas_Enviadas/RADICADAS/2022/CI004_1012122_070202_ANI_F-009_RECAUD_PEAJES_JUN-2022.pdf
1369,3,CONSORCIO 4C,CI.004/GP10071/22/7.5,,,8 de junio de 2022,,15_01_Cartas_Enviadas/RADICADAS/2022/CI004_1007122_070500_CON_OBSERV_INFOR_GERENC_ABR_2022_REITERA.pdf
1367,4,CONSORCIO 4C,CI.004/GP10128/22/7.4.1,,,9 de julio de 2022,,15_01_Cartas_Enviadas/RADICADAS/2022/CI004_1012822_070401_CON_OBS_INFOGP_MAY2022.pdf
1371,20,CONSORCIO 4C,CI.004/GP9818/22/7.5,,,8 de febrero de 2022,,15_01_Cartas_Enviadas/RADICADAS/2022/CI004_981822_070500_CON_REV_MEMOTECNICA_DIC 2021.pdf
1372,14,CONSORCIO 4C,CI.004/GP10101/22/7.3.3,,,7 de julio de 2022,,15_01_Cartas_Enviadas/RADICADAS/2022/CI004_1010122_070303_CON_INDICES_JUNIO_2022.pdf
1373,6,CONSORCIO 4C,CI.004/GP10095/22/7.4.1,,,6 de Julio de 2022,,15_01_Cartas_Enviadas/RADICADAS/2022/CI004_1009522_070401_ANI_REPORTE_NIIF_II-TRIMESTRE-2022.pdf
1374,4,CONSORCIO 4C,CI.004/GP10286/22/7.2.8,,,3 de Octubre de 2022,,15_01_Cartas_Enviadas/RADICADAS/2022/CI004_1028622_070208_ANI_REVISION_RECAUDO_FOSEVI_AGO_2022.pdf
1375,3,CONSORCIO 4C,CI.004/GP10111/22/7.1.9,,,1 de julio de 2022,,15_01_Cartas_Enviadas/RADICADAS/2022/CI004_1011122_070109_CON_MEDICION_PROGRAMAS_SOCIALES_REV2.pdf
1376,5,CONSORCIO 4C,CI.004/GP10135/22/5.3,,,7 de julio de 2022,,15_01_Cartas_Enviadas/RADICADAS/2022/CI004_1013522_050300_CON_REQUERI_ACTUALIZA_POLIZA_TODORIESGO.pdf
1377,14,CONSORCIO 4C,CI.004/GP10194/22/7.1.15-7.2.1,,,9 de Agosto de 2022,,15_01_Cartas_Enviadas/RADICADAS/2022/CI004_1019422_070115_070201_ANI_SUBCUENTA_REDES_CUENTA_COBRO_No5.pdf
1378,3,CONSORCIO 4C,CI.004/GP10289/22/7.4.1,,,3 de octubre de 2022,,15_01_Cartas_Enviadas/RADICADAS/2022/CI004_1028922_070401_CON_CORRECCIONES_INFOGP_AGO2022.pdf
1379,3,CONSORCIO 4C,CI.004/GP10291/22/9.2,,,7 de octubre de 2022,,15_01_Cartas_Enviadas/RADICADAS/2022/CI004_1029122_090200_SUP_SUPER_TRANSP_IMI_IMISA_SEP_2022.pdf
1380,4,CONSORCIO 4C,CI.004/GP9885/22/7.4.6,,,9 de marzo de 2022,,15_01_Cartas_Enviadas/RADICADAS/2022/CI004_988522_070406_CON_OBSER_AVALUOS9_x26_UF3.pdf
1381,4,CONSORCIO 4C,CI.004/GP9709/22/7.4.4,,,5 de enero de 2022,,15_01_Cartas_Enviadas/RADICADAS/2022/CI004_970922_070404_CON_OBS_RESO_EXPR_ALMA-5-0105.pdf
1383,4,CONSORCIO 4C,CI.004/GP9736/22/7.1.9,,,4 de enero de 2022,,15_01_Cartas_Enviadas/RADICADAS/2022/CI004_973622_070109_CON_ATENCION_USUARIO_PQRS_UF4.pdf
1382,10,CONSORCIO 4C,CI.004/GP10340/22/7.4.1,,,8 de octubre de 2022,,15_01_Cartas_Enviadas/RADICADAS/2022/CI004_1034022_070401_CON_INDICE_PREDIAL_OCT_2022_ALCANCE.pdf
1384,3,CONSORCIO 4C,CI.004/GP10096/22/7.3.3,,,6 de julio de 2022,,15_01_Cartas_Enviadas/RADICADAS/2022/CI004_1009622_070303_CON_SOCIALIZACIÓN_RESULTADOS_INDICADORES_SEM2_2022.pdf
1385,2,CONSORCIO 4C,CI.004/GP10041/22/9.2,,,8 de Junio de 2022,,15_01_Cartas_Enviadas/RADICADAS/2022/CI004_1004122_090200_ANI_VIDEO_IMI_MAY_2022.pdf
1386,2,CONSORCIO 4C,CI.004/GP10290/22/9.2,,,7 de Octubre de 2022,,15_01_Cartas_Enviadas/RADICADAS/2022/CI004_1029022_090200_ANI_INFORME_MENSUAL_SEP_2022.pdf
1387,2,CONSORCIO 4C,CI.004/GP10052/22/7.2.2,,,3 de Junio de 2022,,15_01_Cartas_Enviadas/RADICADAS/2022/CI004_1005222_070202_ANI_F-208_EXPLOTA_COMERCIAL_MAY-2022.pdf
1388,3,CONSORCIO 4C,CI.004/GP9809/22/7.3.3,,,1 de febrero de 2022,,15_01_Cartas_Enviadas/RADICADAS/2022/CI004_980922_070303_CON_SOCIALIZACIÓN_RESULTADOS_SEM1_2022.pdf
1389,4,CONSORCIO 4C,CI.004/GP9719/22/7.1.9,,,1 de enero de 2022,,15_01_Cartas_Enviadas/RADICADAS/2022/CI004_971922_070109_CON_ATENCION_USUARIO_PQRS_UF3.pdf
1391,4,CONSORCIO 4C,CI.004/GP10233/22/7.4.1,,,2 de Septiembre de 2022,,15_01_Cartas_Enviadas/RADICADAS/2022/CI004_1023322_070401_ANI_DERECHO_PETICION_ALMA-4-0034.pdf
1390,9,CONSORCIO 4C,CI.004/GP10208/22/7.1.7,,,5 de agosto de 2022,,15_01_Cartas_Enviadas/RADICADAS/2022/CI004_1020822_070107_CON_OBSERV_CONCEPTO_CARRIL_ASCENSO_UF4.pdf
1392,2,CONSORCIO 4C,CI.004/GP10251/22/7.2.2,,,5 de Septiembre de 2022,,15_01_Cartas_Enviadas/RADICADAS/2022/CI004_1025122_070202_ANI_F-207_REND_SUBC_AGO-2022.pdf
1394,3,CONSORCIO 4C,CI.004/GP9808/21/7.1.9,,,1 de febrero de 2022,,15_01_Cartas_Enviadas/RADICADAS/2022/CI004_980822_070109_CON_REV_INFO_TRIMESTRAL_N29-SOCIAL.pdf
1393,2,CONSORCIO 4C,CI.004/GP9724/22/7.2.2,,,2 de Enero de 2022,,15_01_Cartas_Enviadas/RADICADAS/2022/CI004_972422_070202_ANI_F-207_REND_SUBC_DIC-2021.pdf
1395,4,CONSORCIO 4C,CI.004/GP9915/22/7.1.8-7.3,,,3 de abril de 2022,,15_01_Cartas_Enviadas/RADICADAS/2022/CI004_991522_070108_070300_CON_PAISAJISMO_ROCERIA_ZONA_LATERAL.pdf
1396,3,CONSORCIO 4C,CI.004/GP10276/22/7.3.3,CONCESIÓN ALTO MAGDALENA S.A.S.,,27/09/2022,Ref. Contrato de Concesión 003 de 2014 Concesión Honda - Puerto Salgar - Girardot Plan de mediciones - Niveles de Servicio octubre 2022.,15_01_Cartas_Enviadas/RADICADAS/2022/CI004_1027622_070303_CON_PLAN_MEDICION_INDICADORES_OCT_2022.pdf
1399,8,CONSORCIO 4C,CI.004/GP10083/22/7.3.3,CONCESIÓN ALTO MAGDALENA S.A.S.,,28/06/2022,Ref. Contrato de Concesión 003 de 2014 Concesión Honda - Puerto Salgar - Girardot Requerimiento formal para subsanar funcionamiento del SICC.,15_01_Cartas_Enviadas/RADICADAS/2022/CI004_1008322_070303_CON_REQUERIM_CORRECCIÓN_SICC_MAYO_2022.pdf
1397,2,CONSORCIO 4C,CI.004/GP10280/22/5.3,AGENCIA NACIONAL DE INFRAESTRUCTURA - ANI,,29/09/2022,Ref. Contrato de Concesión 003 de 2014 Concesión Honda - Puerto Salgar - Girardot Remisión del Concepto Técnico radicado al Tribunal Administrativo de Caldas. Acción Popular glorietas La Dorada.,15_01_Cartas_Enviadas/RADICADAS/2022/CI004_1028022_050300_ANI_TRIBUNAL_CALDAS_ACCION_POPULAR_GLORIETAS_DORADA.pdf
1398,7,CONSORCIO 4C,CI.004/GP9902/22/5.3-7.1.4,AGENCIA NACIONAL DE INFRAESTRUCTURA - ANI,,08/04/2022,Ref. Contrato de Concesión 003 de 2014 Concesión Honda - Puerto Salgar - Girardot Solicitud No Objeción Plazo de Cura por incumplimiento en la Aplicación de la Norma NTC4201 en pasamanos de Puentes Peatonales y Áreas de Servicio.,15_01_Cartas_Enviadas/RADICADAS/2022/CI004_990222_050300-070104_ANI_NO_OBJECIÓN_PCURA_PASAMANOS_PTES_PEATON_ADS.pdf
1400,4,CONSORCIO 4C,CI.004/GP10151/22/5.3,AGENCIA NACIONAL DE INFRAESTRUCTURA - ANI,,05/08/2022,Ref. Contrato de Concesión 003 de 2014 Concesión Honda - Puerto Salgar - Girardot Incumplimiento de la Obligación relacionada con la entrega de información relacionada con el proyecto – Actualización de la Póliza Todo Riesgo Obra Civil.,15_01_Cartas_Enviadas/RADICADAS/2022/CI004_1015122_050300_ANI_NOOBJECIÓN_PCURA_ENTREGA_INFO_POLIZA_TODORIESGO.pdf
1402,2,CONSORCIO 4C,CI.004/GP10226/22/9.2,AGENCIA NACIONAL DE INFRAESTRUCTURA - ANI,,07/09/2022,Ref. Contrato de Interventoría 145 de 2014 Concesión Honda - Puerto Salgar - Girardot Informe mensual de Interventoría N°94 V0. Agosto - 2022.,15_01_Cartas_Enviadas/RADICADAS/2022/CI004_1022622_090200_ANI_INFORME_MENSUAL_AGO_2022.pdf
1401,2,CONSORCIO 4C,CI.004/GP10113/22/7.2.2,AGENCIA NACIONAL DE INFRAESTRUCTURA - ANI,,12/07/2022,Ref. Contrato de Concesión 003 de 2014 Concesión Honda - Puerto Salgar - Girardot Remisión Formato GCSP-F-007 Informe de Ejecución de Recursos Públicos – junio 2022.,15_01_Cartas_Enviadas/RADICADAS/2022/CI004_1011322_070202_ANI_F-007_REC_PUB_JUN_2022.pdf
1403,13,CONSORCIO 4C,CI.004/GP9987/22/7.1,AGENCIA NACIONAL DE INFRAESTRUCTURA - ANI,20224090461842,13/05/2022,Ref. Contrato de Concesión 003 de 2014 Concesión Honda - Puerto Salgar – Girardot Concepto sobre la solicitud de la Penitenciaria La Esperanza de Guaduas - radicado ANI No. 20224090461842.,15_01_Cartas_Enviadas/RADICADAS/2022/CI004_998722_070100_ANI_CONCEPTO_ACCESO_PENITENCIARIA_GUADUAS.pdf
1404,3,CONSORCIO 4C,CI.004/GP10191/21/7.1.9,CONCESIÓN ALTO MAGDALENA S.A.S.,,18/08/2022,Ref. Contrato de Concesión 003 de 2014 Concesión Honda - Puerto Salgar – Girardot Revisión Informe responsabilidad social y ambiental 2021,15_01_Cartas_Enviadas/RADICADAS/2022/CI004_1019122_070109_CON_REV_INFO_RSA_2021.pdf
1406,2,CONSORCIO 4C,CI.004/GP9749/22/7.2.2,AGENCIA NACIONAL DE INFRAESTRUCTURA - ANI,,21/01/2022,"Ref. Contrato de Concesión 003 de 2014 Concesión Honda - Puerto Salgar - Girardot Remisión Modelo Financiero y Formato GADF-F-084, con corte a diciembre 2021.",15_01_Cartas_Enviadas/RADICADAS/2022/CI004_974922_070202_ANI_F-086_MODEL_FINANCIE_ANEXO32_DIC-2021.pdf
1405,6,CONSORCIO 4C,CI.004/GP10187/22/7.1.8,CONCESIÓN ALTO MAGDALENA S.A.S.,,18/08/2022,Ref. Contrato de Concesión 003 de 2014 Concesión Honda - Puerto Salgar – Girardot Aspectos e impactos ambientales / obligaciones PAGA O&M,15_01_Cartas_Enviadas/RADICADAS/2022/CI004_1018722_070108_CON_REITERAC_ASPECTO_IMPACTOS_AMBIENTAL_O&M.pdf
1407,4,CONSORCIO 4C,CI.004/GP10310/22/7.2.10,AGENCIA NACIONAL DE INFRAESTRUCTURA - ANI,,20/10/2022,Ref. Contrato de Concesión 003 de 2014 Concesión Honda - Puerto Salgar - Girardot Cinco (5) Actas de Retribución UF2 - Marzo a Julio 2022.,15_01_Cartas_Enviadas/RADICADAS/2022/CI004_1031022_070210_ANI_ACTA_RETRIBUCIÓN_UF2_MAR_ABR_MAY_JUN_JUL_2022.pdf
1408,4,CONSORCIO 4C,CI.004/GP9761/22/7.3.3,CONCESIÓN ALTO MAGDALENA S.A.S.,,31/01/2022,Ref. Contrato de Concesión 003 de 2014 Concesión Honda - Puerto Salgar - Girardot Plan de mediciones - Niveles de Servicio febrero de 2022.,15_01_Cartas_Enviadas/RADICADAS/2022/CI004_976122_070303_CON_PLAN_MEDICION_INDICADORES_FEBRERO_2022.pdf
1410,15,CONSORCIO 4C,CI.004/GP10224/22/7.3.3,CONCESIÓN ALTO MAGDALENA S.A.S.,,31/08/2022,Ref. Contrato de Concesión 003 de 2014 Concesión Honda - Puerto Salgar - Girardot Resultado Medición Niveles de Servicio. Índices de Cumplimiento agosto de 2022.,15_01_Cartas_Enviadas/RADICADAS/2022/CI004_1022422_070303_CON_INDICES_AGOSTO_2022.pdf
1409,13,CONSORCIO 4C,CI.004/GP10335/22/5.3,AGENCIA NACIONAL DE INFRAESTRUCTURA - ANI,,27/10/2022,"Ref. Contrato de Concesión 003 de 2014 Concesión Honda - Puerto Salgar - Girardot Informe y tasación de multa por el incumplimiento en la Implementación de medidas que controlen la velocidad sobre el corredor Concesionado, UF2 y UF3.",15_01_Cartas_Enviadas/RADICADAS/2022/CI004_1033522_050300_ANI_INFORME_MULTA_CTRL_VELOCIDAD_URBANO_UF2_UF3.pdf
1411,3,CONSORCIO 4C,CI.004/GP10357/22/9.2,SUPERINTENDENCIA DE PUERTOS Y TRANSPORTE,,04/11/2022,"Ref. Contrato de Concesión 003 de 2014 Concesión Honda - Puerto Salgar - Girardot Informe Mensual Técnico N96 y Socio ambiental N84, correspondientes al mes de octubre del 2022.",15_01_Cartas_Enviadas/RADICADAS/2022/CI004_1035722_090200_SUP_SUPER_TRANSP_IMI_IMISA_OCT_2022.pdf
1412,3,CONSORCIO 4C,CI.004/GP9938/22/7.2.10,AGENCIA NACIONAL DE INFRAESTRUCTURA - ANI,,26/04/2022,"Ref. Contrato de Concesión 003 de 2014 Concesión Honda - Puerto Salgar - Girardot Actas de Retribución de la UF1, UF2, UF3 y UF5 para el mes de febrero de 2022.",15_01_Cartas_Enviadas/RADICADAS/2022/CI004_993822_070210_ANI_4ACTAS_RETRIBUCION_FEB_2022.pdf
1413,4,CONSORCIO 4C,CI.004/GP10091/22/7.3,AGENCIA NACIONAL DE INFRAESTRUCTURA - ANI,,01/07/2022,Ref. Contrato de Concesión 003 de 2014 Concesión Honda - Puerto Salgar - Girardot Seguimiento a la Inspección Programa Especial SETA –Requerimientos de la Supertransporte.,15_01_Cartas_Enviadas/RADICADAS/2022/CI004_1009122_070300_ANI_SEGUIMIENTO_HALLAZGOS_SUPERTRANSPORTE_SETA.pdf
1414,3,CONSORCIO 4C,CI.004/GP10143/22/7.1.9,CONCESION ALTO MAGDALENA S.A.S,,29/07/2022,Ref. Contrato de Concesión 003 de 2014 Concesión Honda - Puerto Salgar – Girardot. Compromisos mesa de trabajo 22 de julio de 2022 - Municipio de Guataquí,15_01_Cartas_Enviadas/RADICADAS/2022/CI004_1014322_070109_CON_COMPROMISOS_REUN_GUATAQUI.pdf
1418,4,CONSORCIO 4C,CI.004/GP9866/22/7.4.6,,,5 de marzo de 2022,,15_01_Cartas_Enviadas/RADICADAS/2022/CI004_986622_070406_CON_OBSER_AVALUOS9_x13_UF2.pdf
1419,2,CONSORCIO 4C,CI.004/GP9798/21/7.2.2,,,6 de Febrero de 2022,,15_01_Cartas_Enviadas/RADICADAS/2022/CI004_979822_070202_ANI_F-303_VIGENCIAS_FUTURAS_2023.pdf
1415,3,CONSORCIO 4C,CI.004/GP10139/22/7.2.1,,,8 de julio de 2022,,15_01_Cartas_Enviadas/RADICADAS/2022/CI004_1013922_070201_CON_OBLIGACION_CONTINGENTE_MINHACI_MAY_2022_REITERA.pdf
1420,3,CONSORCIO 4C,CI.004/GP10132/22/7.1.8,,,5 de julio de 2022,,15_01_Cartas_Enviadas/RADICADAS/2022/CI004_1013222_070108_CON_INF_TRIM_AMB_30_V01.pdf
1421,5,CONSORCIO 4C,CI.004/GP9956/22/7.1.8,,,2 de mayo de 2022,,15_01_Cartas_Enviadas/RADICADAS/2022/CI004_995622_070108_JGALVEZ_RTA_SOLICITUD_PR24_UF2.pdf
1417,3,CONSORCIO 4C,CI.004/GP10238/22/7.3.3,,,6 de septiembre de 2022,,15_01_Cartas_Enviadas/RADICADAS/2022/CI004_1023822_070303_CON_INICIO_MEDICIONES_E16_UF5.pdf
1422,4,CONSORCIO 4C,CI.004/GP10345/22/7.2.8,,,1 de Octubre de 2022,,15_01_Cartas_Enviadas/RADICADAS/2022/CI004_1034522_070208_ANI_REVISION_RECAUDO_FOSEVI_SEP_2022.pdf
1425,2,CONSORCIO 4C,CI.004/GP10104/22/9.2,,,8 de Julio de 2022,,15_01_Cartas_Enviadas/RADICADAS/2022/CI004_1010422_090200_ANI_INF_SOCIOAMB_JUN_2022.pdf
1423,5,CONSORCIO 4C,CI.004/GP10329/22/7.1.14,,,6 de Octubre de 2022,,15_01_Cartas_Enviadas/RADICADAS/2022/CI004_1032922_070114_ANI_OCUPA_TEMPORAL_CARRILES_TEPUY_EPM_#3.pdf
1424,10,CONSORCIO 4C,CI.004/GP10332/22/7.4.1,,,7 de octubre de 2022,,15_01_Cartas_Enviadas/RADICADAS/2022/CI004_1033222_070401_CON_INDICE_PREDIAL_SEP_2022_ALCANCE.pdf
1426,2,CONSORCIO 4C,CI.004/GP10115/22/7.2.2,,,2 de Julio de 2022,,15_01_Cartas_Enviadas/RADICADAS/2022/CI004_1011522_070202_ANI_F-208_EXPLOTA_COMERCIAL_JUN-2022.pdf
1427,2,CONSORCIO 4C,CI.004/GP10227/22/9.2,,,1 de Septiembre de 2022,,15_01_Cartas_Enviadas/RADICADAS/2022/CI004_1022722_090200_ANI_VIDEO_IMI_AGO_2022.pdf
1428,10,CONSORCIO 4C,CI.004/GP10328/22/5.3-7.1.4,,,6 de Octubre de 2022,,15_01_Cartas_Enviadas/RADICADAS/2022/CI004_1032822_050300-070104_ANI_NO_OBJECIÓN_PCURA_MANTENIMIENTO_NPH.pdf
1429,4,CONSORCIO 4C,CI.004/GP9738/22/7.4.6,,,7 de enero de 2022,,15_01_Cartas_Enviadas/RADICADAS/2022/CI004_973822_070406_CON_OBSER_AVALUOS9_13UF4-5.pdf
1430,4,CONSORCIO 4C,CI.004/GP9835/22/5.3,,,3 de Marzo de 2022,,15_01_Cartas_Enviadas/RADICADAS/2022/CI004_983522_050300_CON_REV_ACTUALIZA_POLIZAS_IPC_DIC_2021.pdf
1431,9,CONSORCIO 4C,CI.004/GP9894/21/5.3-7.3,,,5 de abril de 2022,,15_01_Cartas_Enviadas/RADICADAS/2022/CI004_989422_050300_070300_CON_OTORGA_PCURA_SEGURIDADVIAL_PR66_UF3.pdf
1432,5,CONSORCIO 4C,CI.004/GP9806/22/7.5,,,8 de febrero de 2022,,15_01_Cartas_Enviadas/RADICADAS/2022/CI004_980622_070500_CON_OBSERV_INFOR_GERENC_ENE_2022.pdf
1433,14,CONSORCIO 4C,CI.004/GP10317/22/5.3-7.1.14,,,0 de octubre de 2022,,15_01_Cartas_Enviadas/RADICADAS/2022/CI004_1031722_050300-070114_CON_PERMISO_PEND_ALCANTARI_PTO_BOGOT_RES_716.pdf
1434,3,CONSORCIO 4C,CI.004/GP10122/22/7.2.2,,,5 de Julio de 2022,,15_01_Cartas_Enviadas/RADICADAS/2022/CI004_1012222_070202_ANI_REINTEGRO_A_SUBCUENTA_OPEX_GMF.pdf
1435,4,CONSORCIO 4C,CI.004/GP10202/22/7.1.9,,,2 de agosto de 2022,,15_01_Cartas_Enviadas/RADICADAS/2022/CI004_1020222_070109_CON_ATENCION_USUARIO_PQRS_UF1_UF2.pdf
1436,2,CONSORCIO 4C,CI.004/GP10176/22/7.2.1,,,2 de Agosto de 2022,,15_01_Cartas_Enviadas/RADICADAS/2022/CI004_1017622_070201_ANI_F-001_MTTO_JUL-2022.pdf
1437,10,CONSORCIO 4C,CI.004/GP10355/22/7.3.3,,,3 de noviembre de 2022,,15_01_Cartas_Enviadas/RADICADAS/2022/CI004_1035522_070303_CON_CORRECCIÓN_IC_SEM#2_2022_ALCANCE.pdf
1439,2,CONSORCIO 4C,CI.004/GP10049/22/7.2.2,,,3 de Junio de 2022,,15_01_Cartas_Enviadas/RADICADAS/2022/CI004_1004922_070202_ANI_F-007_REC_PUB_MAY_2022.pdf
1438,4,CONSORCIO 4C,CI.004/GP10137/22/7.1.10,,,7 de julio de 2022,,15_01_Cartas_Enviadas/RADICADAS/2022/CI004_1013722_070110_HALLAZGOS_CONDICIONES_SST_PR66+820.pdf
1440,3,CONSORCIO 4C,CI.004/GP10027/22/7.1.14,,,1 de Junio de 2022,,15_01_Cartas_Enviadas/RADICADAS/2022/CI004_1002722_070114_ANI_PERMISO_UBICACIÓN_EDS_PTO_SALGAR.pdf
1441,4,CONSORCIO 4C,CI.004/GP9792/22/7.2.2,,,4 de febrero de 2022,,15_01_Cartas_Enviadas/RADICADAS/2022/CI004_979222_070202_PWC_AUDITOR_PATRIM_AUTONOM_DIC_2021.pdf
1416,19,CONSORCIO 4C,CI.004/GP9967/22/5.3-7.3,AGENCIA NACIONAL DE INFRAESTRUCTURA - ANI,,06/05/2022,Ref. Contrato de Concesión 003 de 2014 Concesión Honda - Puerto Salgar - Girardot Informe y tasación de multa por el Incumplimiento de lo contenido en el numeral 6.3.3.1 del Apéndice Técnico 2 en elementos de contención vehicular de la Unidad Funcional 2.,15_01_Cartas_Enviadas/RADICADAS/2022/CI004_996722_050300_070300_ANI_INFORME_MULTA_DEFENSAS_UF2.pdf
1442,4,CONSORCIO 4C,CI.004/GP9810/22/7.4.6,,,1 de febrero de 2022,,15_01_Cartas_Enviadas/RADICADAS/2022/CI004_981022_070406_CON_OBSER_8AVALUOS9_UF2.pdf
1443,7,CONSORCIO 4C,CI.004/GP9925/22/5.3-7.1.7,,,1 de Abril de 2022,,15_01_Cartas_Enviadas/RADICADAS/2022/CI004_992522_050300-070107_ANI_NO_OBJECIÓN_PCURA_CARRIL_ASCENSO_UF4.pdf
1444,2,CONSORCIO 4C,CI.004/GP9715/21/9.2,,,7 de Enero de 2022,,15_01_Cartas_Enviadas/RADICADAS/2022/CI004_971522_090200_ANI_INFORME_MENSUAL_DIC_2021.pdf
1446,4,CONSORCIO 4C,CI.004/GP9827/22/7.1.9,,,1 de marzo de 2022,,15_01_Cartas_Enviadas/RADICADAS/2022/CI004_982722_070109_CON_ATENCION_USUARIO_PQRS_UF5_REV2.pdf
1445,6,CONSORCIO 4C,CI.004/GP10215/22/5.3-7.3,,,0 de Agosto de 2022,,15_01_Cartas_Enviadas/RADICADAS/2022/CI004_1021522_050300-070300_ANI_NOOBJECIÓN_PCURA_OBSER_MANUAL_OPERACION.pdf
1447,3,CONSORCIO 4C,CI.004/GP10163/22/7.2.1,,,8 de agosto de 2022,,15_01_Cartas_Enviadas/RADICADAS/2022/CI004_1016322_070201_CON_REQUERI_INFO_COSTOS_OCIOSOS_REITERA.pdf
1450,15,CONSORCIO 4C,CI.004/GP10212/22/5.3,,,6 de Agosto de 2022,,15_01_Cartas_Enviadas/RADICADAS/2022/CI004_1021222_050300_ANI_INFORME_MULTA_CARRIL_ASCENSO_UF4.pdf
1448,2,CONSORCIO 4C,CI.004/GP10116/22/7.2.2,,,2 de Julio de 2022,,15_01_Cartas_Enviadas/RADICADAS/2022/CI004_1011622_070202_ANI_F-301_PPYE_ABR-MAY_JUN_2022.pdf
1449,4,CONSORCIO 4C,CI.004/GP9838/21/7.3,CONCESIÓN ALTO MAGDALENA S.A.S.,,04/03/2022,Ref. Contrato de Concesión 003 de 2014 Concesión Honda - Puerto Salgar - Girardot Requerimiento formal para realizar el mantenimiento del Nuevo Puente de Honda y sanear el incumplimiento del Indicador E3,15_01_Cartas_Enviadas/RADICADAS/2022/CI004_983821_070300_CON_REQUERIMI_REPARA_BACHES_UF5_NPH.pdf
1451,2,CONSORCIO 4C,CI.004/GP10339/22/9.2,AGENCIA NACIONAL DE INFRAESTRUCTURA - ANI,,28/10/2022,Ref. Contrato de Interventoría 145 de 2014 Concesión Honda - Puerto Salgar - Girardot Informe mensual de Interventoría Socioambiental 84 V.00. Octubre-2022.,15_01_Cartas_Enviadas/RADICADAS/2022/CI004_1033922_090200_ANI_INF_SOCIOAMB_OCT_2022.pdf
1452,13,CONSORCIO 4C,CI.004/GP10086/22/5.3-7.3,AGENCIA NACIONAL DE INFRAESTRUCTURA - ANI,,30/06/2022,Ref. Contrato de Concesión 003 de 2014 Concesión Honda - Puerto Salgar - Girardot Informe y tasación de multa por el incumplimiento en la Adecuada Operación de Básculas.,15_01_Cartas_Enviadas/RADICADAS/2022/CI004_1008622_050300_070300_ANI_INFORME_MULTA_OPERACIÓN_BASCULAS.pdf
1453,4,CONSORCIO 4C,CI.004/GP9767/22/5.3,CONCESIÓN ALTO MAGDALENA S.A.S.,,04/02/2022,Ref. Contrato de Concesión 003 de 2014 Concesión Honda - Puerto Salgar - Girardot Revisión de las Pólizas del Contrato de Concesión actualizadas con el IPC de dic.2021.,15_01_Cartas_Enviadas/RADICADAS/2022/CI004_976722_050300_CON_REV_ACTUALIZA_POLIZAS_IPC_DIC_2021.pdf
1454,3,CONSORCIO 4C,CI.004/GP9937/22/7.1.7,CONCESIÓN ALTO MAGDALENA S.A.S.,,25/04/2022,Ref. Contrato de Concesión 003 de 2014 Concesión Honda - Puerto Salgar - Girardot Solicitud entrega del Informe de avance en el Seguimiento - Descole del Box Coulvert PR19+950 – UF2.,15_01_Cartas_Enviadas/RADICADAS/2022/CI004_993722_070107_CON_SOLICITUD_INFO_SEGUIMIENTO_SOCAVACIÓN_PR19+950_UF2.pdf
1455,9,CONSORCIO 4C,CI.004/GP9946/22/7.2,,,8 de Abril de 2022,,15_01_Cartas_Enviadas/RADICADAS/2022/CI004_994622_070200_ANI_CONCEPTO_CALCULO_DR8.pdf
1456,8,CONSORCIO 4C,CI.004/GP10003/22/7.1.15-7.2.1,,,4 de Mayo de 2022,,15_01_Cartas_Enviadas/RADICADAS/2022/CI004_1000322_070115_070201_ANI_CONSULTA_PLANOS_RECORD_REDES.pdf
1458,3,CONSORCIO 4C,CI.004/GP10057/22/7.1.9,,,6 de Junio de 2022,,15_01_Cartas_Enviadas/RADICADAS/2022/CI004_1005722_070109_ANI_PQRS_TUBERIA_EL DIAMANTE_UF4_ALCANCE.pdf
1457,10,CONSORCIO 4C,CI.004/GP10237/22/9.3,,,3 de septiembre de 2022,,15_01_Cartas_Enviadas/RADICADAS/2022/CI004_1023722_090300_CON_PLANOS_RECORD_PROYECTO_V10.pdf
1460,2,CONSORCIO 4C,CI.004/GP9734/22/7.2.2,,,4 de Enero de 2022,,15_01_Cartas_Enviadas/RADICADAS/2022/CI004_973422_070202_ANI_F-007_REC_PUB_DIC-2021.pdf
1459,4,CONSORCIO 4C,CI.004/GP9948/22/7.4.6,,,8 de abril de 2022,,15_01_Cartas_Enviadas/RADICADAS/2022/CI004_994822_070406_CON_OBSER_AVALUOS9_x26-UF2-3.pdf
1462,7,CONSORCIO 4C,CI.004/GP9940/22/7.2.1,,,7 de Abril de 2022,,15_01_Cartas_Enviadas/RADICADAS/2022/CI004_994022_070201_ANI_CONT_MIN_HACIEN_FEB_2022.pdf
1461,2,CONSORCIO 4C,CI.004/GP10149/22/4.6,,,3 de agosto de 2022,,15_01_Cartas_Enviadas/RADICADAS/2022/CI004_1014922_040600_TER_NOTIFICA_ENTREGA_APTO CORALINO_GIRARDOT.pdf
1463,3,CONSORCIO 4C,CI.004/GP9858/22/7.3,,,1 de marzo de 2022,,15_01_Cartas_Enviadas/RADICADAS/2022/CI004_985822_070300_CON_REQUERIMIENTO_EQUIPAMIEN_TALLER.pdf
1464,4,CONSORCIO 4C,CI.004/GP10053/22/5.3-7.3,,,4 de Junio de 2022,,15_01_Cartas_Enviadas/RADICADAS/2022/CI004_1005322_050300_070300_ANI_CIERRE_MULTA_INDICADORES_UF4.pdf
1465,5,CONSORCIO 4C,CI.004/GP10323/22/5.3-7.4.2,,,0 de Octubre de 2022,,15_01_Cartas_Enviadas/RADICADAS/2022/CI004_1032322_050300_070402_ANI_VALOR_SOCIOPREDIAL_OTROSI-9.pdf
1466,10,CONSORCIO 4C,CI.004/GP9949/22/7.4,,,9 de Abril de 2022,,15_01_Cartas_Enviadas/RADICADAS/2022/CI004_994922_070400_ANI_CONSULTA_PERIODOS_EXCLUSION_DICP_OTROSI10.pdf
1467,3,CONSORCIO 4C,CI.004/GP10181/22/7.1.14,,,6 de Agosto de 2022,,15_01_Cartas_Enviadas/RADICADAS/2022/CI004_1018122_070114_ANI_PERMISO_OCUPA_TEMPORAL_EMPOCALDAS.pdf
1468,4,CONSORCIO 4C,CI.004/GP9856/22/7.3,,,1 de marzo de 2022,,15_01_Cartas_Enviadas/RADICADAS/2022/CI004_985622_070300_CON_REVISION_INSUMOS_EQUIPOS_AMBULACIAS.pdf
1469,4,CONSORCIO 4C,CI.004/GP10294/22/7.4.1,,,7 de Octubre de 2022,,15_01_Cartas_Enviadas/RADICADAS/2022/CI004_1029422_070401_ANI_REPORTE_NIIF_III-TRIMESTRE-2022.pdf
1470,4,CONSORCIO 4C,CI.004/GP9766/21/7.2.8,,,4 de Febrero de 2022,,15_01_Cartas_Enviadas/RADICADAS/2022/CI004_976622_070208_ANI_REVISION_RECAUDO_FOSEVI_DIC_2021.pdf
1472,8,CONSORCIO 4C,CI.004/GP10063/22/7.4.1,,,5 de junio de 2022,,15_01_Cartas_Enviadas/RADICADAS/2022/CI004_1006322_070401_CON_INDICE_PREDIAL_UF1_MAR_ABR_MAY_2022.pdf
1474,16,CONSORCIO 4C,CI.004/GP10210/22/7.4.1,,,5 de Agosto de 2022,,15_01_Cartas_Enviadas/RADICADAS/2022/CI004_1021022_070401_ANI_CONCEPTO_INVIAS_ALMA-5-0066.pdf
1475,18,CONSORCIO 4C,CI.004/GP9974/22/7.3.3,,,9 de mayo de 2022,,15_01_Cartas_Enviadas/RADICADAS/2022/CI004_997422_070303_CON_INDICES_ABRIL_2022.pdf
1473,3,CONSORCIO 4C,CI.004/GP9807/22/7.3,,,1 de febrero de 2022,,15_01_Cartas_Enviadas/RADICADAS/2022/CI004_980722_070300_CON_ACTUALIZA_MANUAL_OPERACIÓN_MTTO_2022.pdf
1471,3,CONSORCIO 4C,CI.004/GP10337/22/7.2.9,,,8 de Octubre de 2022,,15_01_Cartas_Enviadas/RADICADAS/2022/CI004_1033722_070209_ANI_ACTA_VPIP_AGO_SEP_2022.pdf
1476,2,CONSORCIO 4C,CI.004/GP9936/22/5.3,,,5 de Abril de 2022,,15_01_Cartas_Enviadas/RADICADAS/2022/CI004_993622_070202_ANI_F-301_PPYE_ENE-MAR_2022.pdf
1477,3,CONSORCIO 4C,CI.004/GP10112/22/7.2.1,,,2 de Julio de 2022,,15_01_Cartas_Enviadas/RADICADAS/2022/CI004_1011222_070201_ANI_FONDEO_SEMESTRAL_JUL_2022_SUBCUENTA_AMIGABLE.pdf
1478,8,CONSORCIO 4C,CI.004/GP10255/22/7.4.6,,,6 de septiembre de 2022,,15_01_Cartas_Enviadas/RADICADAS/2022/CI004_1025522_070406_CON_REVISION_INFORME_OTROSI9_V2.pdf
1479,3,CONSORCIO 4C,CI.004/GP10025/21/7.1.2,,,7 de mayo de 2022,,15_01_Cartas_Enviadas/RADICADAS/2022/CI004_1002521_070102_CON_ENCUESTA_CLIENTE_CONCESIÓN_MAY_2022.pdf
1480,12,CONSORCIO 4C,CI.004/GP9790/22/5.3,,,4 de Febrero de 2022,,15_01_Cartas_Enviadas/RADICADAS/2022/CI004_979022_050300_ANI_INFORME_MULTA_PUENTES_PEATONALES.pdf
1481,3,CONSORCIO 4C,CI.004/GP9994/22/7.2.9,,,8 de Mayo de 2022,,15_01_Cartas_Enviadas/RADICADAS/2022/CI004_999422_070209_ANI_ACTA_VPIP_MAR_2022.pdf
1482,4,CONSORCIO 4C,CI.004/GP9832/22/7.4.1,,,2 de Marzo de 2022,,15_01_Cartas_Enviadas/RADICADAS/2022/CI004_983222_070401_ANI_DERECHO_PETICION_ALMA-3-0086.pdf
1483,2,CONSORCIO 4C,CI.004/GP10177/22/7.2.2,,,2 de Agosto de 2022,,15_01_Cartas_Enviadas/RADICADAS/2022/CI004_1017722_070202_ANI_F-007_REC_PUB_JUL_2022.pdf
1484,7,CONSORCIO 4C,CI.004/GP9879/22/5.3,,,2 de Marzo de 2022,,15_01_Cartas_Enviadas/RADICADAS/2022/CI004_987922_050300_ANI_NO_OBJECION_PCURA_FONTUR.pdf
1485,2,CONSORCIO 4C,CI.004/GP10284/22/9.2,,,0 de Septiembre de 2022,,15_01_Cartas_Enviadas/RADICADAS/2022/CI004_1028422_090200_ANI_INF_SOCIOAMB_SEPT_2022.pdf
1487,3,CONSORCIO 4C,CI.004/GP10166/22/7.2.9,,,9 de Agosto de 2022,,15_01_Cartas_Enviadas/RADICADAS/2022/CI004_1016622_070209_ANI_ACTA_VPIP_MAY_JUN_2022.pdf
1486,20,CONSORCIO 4C,CI.004/GP9872/22/5.3-7.3,,,6 de marzo de 2022,,15_01_Cartas_Enviadas/RADICADAS/2022/CI004_987222_050300_070300_CON_OTORGA_PCURA_DEFENSAS_UF4.pdf
1488,2,CONSORCIO 4C,CI.004/GP9728/22/7.3,,,3 de Enero de 2022,,15_01_Cartas_Enviadas/RADICADAS/2022/CI004_972822_070300_ANI_ANTIJURÍDICO_DIC_2021.pdf
1489,8,CONSORCIO 4C,CI.004/GP10239/22/5.3-7.1.14,,,8 de septiembre de 2022,,15_01_Cartas_Enviadas/RADICADAS/2022/CI004_1023922_050300-070114_CON_PCURA_PERMISOS_RES_716.pdf
1490,4,CONSORCIO 4C,CI.004/GP9830/22/7.4.1,,,2 de Marzo de 2022,,15_01_Cartas_Enviadas/RADICADAS/2022/CI004_983022_070401_ANI_APROB_REM_ALMA-2-0136-1.pdf
1492,6,CONSORCIO 4C,CI.004/GP9729/22/5.3-7.5,,,3 de Enero de 2022,,15_01_Cartas_Enviadas/RADICADAS/2022/CI004_972922_050300_070500_ANI_NO_OBJECIÓN_PLAZO_CURA_PLANOS_RECORD.pdf
1491,5,CONSORCIO 4C,CI.004/GP10313/22/7.2.10,,,0 de Octubre de 2022,,15_01_Cartas_Enviadas/RADICADAS/2022/CI004_1031322_070210_ANI_ACTA_RETRIBUCIÓN_UF5_MAR_ABR_MAY_JUN_JUL_2022.pdf
1493,7,CONSORCIO 4C,CI.004/GP10183/22/5.3-7.3,,,6 de Agosto de 2022,,15_01_Cartas_Enviadas/RADICADAS/2022/CI004_1018322_050300-070300_ANI_NO_OBJECIÓN_PCURA_CTRL_VELOCIDAD_URBANO.pdf
1494,5,CONSORCIO 4C,CI.004/GP10316/22/7.5,,,0 de octubre de 2022,,15_01_Cartas_Enviadas/RADICADAS/2022/CI004_1031622_070500_CON_OBSERV_INFOR_GERENC_SEP_2022.pdf
1496,3,CONSORCIO 4C,CI.004/GP10192/21/7.1.9,,,8 de agosto de 2022,,15_01_Cartas_Enviadas/RADICADAS/2022/CI004_1019222_070109_CON_REV_INFO_TRIMESTRAL_N31-SOCIAL.pdf
1497,3,CONSORCIO 4C,CI.004/GP9794/22/7.1.14,,,5 de Febrero de 2022,,15_01_Cartas_Enviadas/RADICADAS/2022/CI004_979422_070114_ANI_PERMISO_OCUPA_TEMPORAL_TEPUY_EPM.pdf
1495,5,CONSORCIO 4C,CI.004/GP9862/22/7.3,,,4 de marzo de 2022,,15_01_Cartas_Enviadas/RADICADAS/2022/CI004_986222_070300_CON_MANTENIMIENTO_SEÑALIZACIÓN_AREAS_SERVICIO_PEAJES.pdf
1499,2,CONSORCIO 4C,CI.004/GP9995/22/7.2.2,,,8 de Mayo de 2022,,15_01_Cartas_Enviadas/RADICADAS/2022/CI004_999522_070202_ANI_F-007_REC_PUB_ABR_2022_ALCANCE.pdf
1498,9,CONSORCIO 4C,CI.004/GP10260/22/5.3-7.1,,,0 de Septiembre de 2022,,15_01_Cartas_Enviadas/RADICADAS/2022/CI004_1026022_050300-070100_ANI_NO_OBJECIÓN_PCURA_SIPUCOL_PUENTES_UF5.pdf
1500,7,CONSORCIO 4C,CI.004/GP10292/22/7.3.3,,,7 de Octubre de 2022,,15_01_Cartas_Enviadas/RADICADAS/2022/CI004_1029222_070303_ANI_RESULTADOS_MEDICIÓN_O3_COLA_PEAJE.pdf
1501,4,CONSORCIO 4C,CI.004/GP9773/22/7.3,,,8 de febrero de 2022,,15_01_Cartas_Enviadas/RADICADAS/2022/CI004_977322_070300_CASTILLO_RTA_SOLICITUD_PASO_MAQUINARIA.pdf
1502,7,CONSORCIO 4C,CI.004/GP10156/22/5.3-7.1.14,,,8 de Agosto de 2022,,15_01_Cartas_Enviadas/RADICADAS/2022/CI004_1015622_050300-070114_ANI_NO_OBJECIÓN_PCURA_PERMISOS_RES_716.pdf
1504,11,CONSORCIO 4C,CI.004/GP9762/22/5.3-7.3,,,1 de Enero de 2022,,15_01_Cartas_Enviadas/RADICADAS/2022/CI004_976222_050300_070300_ANI_INFORME_MULTA_PR81_UF3.pdf
1503,2,CONSORCIO 4C,CI.004/GP9778/22/7.1.7,,,9 de Febrero de 2022,,15_01_Cartas_Enviadas/RADICADAS/2022/CI004_977822_070107_ANI_RTA_SHAPE_ANDINA_ENERGIA.pdf
1505,2,CONSORCIO 4C,CI.004/GP10218/22/4.6,,,0 de agosto de 2022,,15_01_Cartas_Enviadas/RADICADAS/2022/CI004_1021822_040600_TER_NOTIFICA_ENTREGA_APTO_CORALINO_GIRARDOT.pdf
1506,3,CONSORCIO 4C,CI.004/GP9828/22/7.4.1,,,1 de marzo de 2022,,15_01_Cartas_Enviadas/RADICADAS/2022/CI004_982822_070401_CON_OBS_INFOGP_ENE2022.pdf
1507,3,CONSORCIO 4C,CI.004/GP9911/22/7.2.9,,,3 de Abril de 2022,,15_01_Cartas_Enviadas/RADICADAS/2022/CI004_991122_070209_ANI_ACTA_VPIP_FEB_2022.pdf
1508,9,CONSORCIO 4C,CI.004/GP9772/22/7.4.1,,,8 de febrero de 2022,,15_01_Cartas_Enviadas/RADICADAS/2022/CI004_977222_070401_CON_INDICE_PREDIAL_ENE2022.pdf
1511,4,CONSORCIO 4C,CI.004/GP9930/22/7.3.3,,,2 de abril de 2022,,15_01_Cartas_Enviadas/RADICADAS/2022/CI004_993022_070303_CON_RESULTADOS_E16_2022-I.pdf
1509,9,CONSORCIO 4C,CI.004/GP10168/22/7.4.1,,,0 de agosto de 2022,,15_01_Cartas_Enviadas/RADICADAS/2022/CI004_1016822_070401_CON_INDICE_PREDIAL_UF1_JUN_JUL_2022.pdf
1510,4,CONSORCIO 4C,CI.004/GP9924/22/7.4.4,,,1 de abril de 2022,,15_01_Cartas_Enviadas/RADICADAS/2022/CI004_992422_070404_CON_OBS_RES_EXPR_ALMA-2-0136-1.pdf
1512,3,CONSORCIO 4C,CI.004/GP9857/22/7.3,,,1 de marzo de 2022,,15_01_Cartas_Enviadas/RADICADAS/2022/CI004_985722_070300_CON_REQUERIMIENTO_PERSONAL_AMBULACIAS.pdf
1513,2,CONSORCIO 4C,CI.004/GP10144/22/7.2.1,,,9 de Julio de 2022,,15_01_Cartas_Enviadas/RADICADAS/2022/CI004_1014422_070201_ANI_F-001_MTTO_JUN-2022_ALCANCE.pdf
1514,5,CONSORCIO 4C,CI.004/GP10164/22/7.2.1,,,9 de agosto de 2022,,15_01_Cartas_Enviadas/RADICADAS/2022/CI004_1016422_070201_CON_MAYORES_VALORES_PREDIAL-JUN2022.pdf
1515,3,CONSORCIO 4C,CI.004/GP9784/22/5.3-7.1.4,AGENCIA NACIONAL DE INFRAESTRUCTURA - ANI,20214091321912,11/02/2022,Ref. Contrato de Concesión 003 de 2014 Concesión Honda - Puerto Salgar - Girardot Desistimiento a la Solicitud de No Objeción al Plazo de Cura relacionado con la entrega de información – Estudios y diseños del sitio PR81.,15_01_Cartas_Enviadas/RADICADAS/2022/CI004_978422_050300_070104_ANI_DESISTIMIENTO_NO_OBJECIÓN_PCURA_PR66.pdf
1516,13,CONSORCIO 4C,CI.004/GP9788/22/5.3-7.3,AGENCIA NACIONAL DE INFRAESTRUCTURA - ANI,,14/02/2022,Ref. Contrato de Concesión 003 de 2014 Concesión Honda - Puerto Salgar - Girardot Solicitud de solución a la controversia surgida relacionada con la iluminación de las intersecciones viales.,15_01_Cartas_Enviadas/RADICADAS/2022/CI004_978822_050300_070300_ANI_CONSULTA_ILUMINACION_INTERSECCIONES.pdf
1518,3,CONSORCIO 4C,CI.004/GP9717/22/7.3.3,CONCESIÓN ALTO MAGDALENA S.A.S.,,07/01/2022,"Ref. Contrato de Concesión 003 de 2014 Concesión Honda - Puerto Salgar - Girardot Entrega certificados de calibración equipos medición de Indicadores E1, E2, E4, E5 y E12 semestre I-2022",15_01_Cartas_Enviadas/RADICADAS/2022/CI004_971722_070303_CON_CERTIFICAD_EQUIPOS_MEDICIÓN_INDICADORES_2022-1.pdf
1517,2,CONSORCIO 4C,CI.004/GP9785/21/7.2.2,AGENCIA NACIONAL DE INFRAESTRUCTURA,20224090160762,11/02/2022,"formato gcsp-f-009 informe mensual recaudo de peajes, enero 2022.",15_01_Cartas_Enviadas/RADICADAS/2022/CI004_978522_070202_ANI_F-009_RECAUD_PEAJES_ENE-2022.pdf
1520,1,CONSORCIO 4C,CI.004/GP10281/22/4.6,INMOBILIARIA EL PARQUE,,29/09/2022,Ref. Alcance al Preaviso para la entrega del Inmueble Casa Calle 30 # 8-19 La Magdalena - Girardot (Cund),15_01_Cartas_Enviadas/RADICADAS/2022/CI004_1028122_040600_TER_NOTIFICA_ENTREGA_CASA_GIRARDOT.pdf
1519,2,CONSORCIO 4C,CI.004/GP10302/22/7.2.2,AGENCIA NACIONAL DE INFRAESTRUCTURA - ANI,,12/10/2022,"Ref. Contrato de Concesión 003 de 2014 Concesión Honda - Puerto Salgar - Girardot Remisión Formato GCSP-F-009 Informe Mensual Recaudo de Peajes, septiembre 2022.",15_01_Cartas_Enviadas/RADICADAS/2022/CI004_1030222_070202_ANI_F-009_RECAUD_PEAJES_SEP-2022.pdf
1521,4,CONSORCIO 4C,CI.004/GP9824/22/5.3,AGENCIA NACIONAL DE INFRAESTRUCTURA - ANI,,01/03/2022,"Ref. Contrato de Concesión 003 de 2014 Concesión Honda - Puerto Salgar - Girardot Observaciones Resolución de Expropiación de predio ALMA-3-0073, UF3.",15_01_Cartas_Enviadas/RADICADAS/2022/CI004_982422_070404_ANI_RESOL_EXPRO_ALMA-3-0073.pdf
1522,3,CONSORCIO 4C,CI.004/GP10296/22/7.3.3,CONCESIÓN ALTO MAGDALENA S.A.S.,,10/10/2022,Ref. Contrato de Concesión 003 de 2014 Concesión Honda - Puerto Salgar - Girardot Resultado evaluación del Nivel de Servicio E16 - Unidad Funcional 5 - septiembre 2022.,15_01_Cartas_Enviadas/RADICADAS/2022/CI004_1029622_070303_CON_RESULTADOS_E16_UF5_2022_SEPT.pdf
1524,4,CONSORCIO 4C,CI.004/GP9874/22/7.4.4,AGENCIA NACIONAL DE INFRAESTRUCTURA - ANI,,16/03/2022,"Ref. Contrato de Concesión 003 de 2014 Concesión Honda - Puerto Salgar - Girardot Revisión Resolución de Expropiación de predio ALMA-5-0105, UF5.",15_01_Cartas_Enviadas/RADICADAS/2022/CI004_987422_070404_ANI_RESOL_EXPRO_ALMA-5-0105.pdf
1525,2,CONSORCIO 4C,CI.004/GP9970/22/9.2,AGENCIA NACIONAL DE INFRAESTRUCTURA - ANI,,09/05/2022,Ref. Contrato de Interventoría 145 de 2014 Concesión Honda - Puerto Salgar - Girardot Informe mensual de Interventoría Socioambiental 78 V.00. Abril-2022.,15_01_Cartas_Enviadas/RADICADAS/2022/CI004_997022_090200_ANI_INF_SOCIOAMB_ABR_2022.pdf
1523,3,CONSORCIO 4C,CI.004/GP9752/22/7.3.3,CONCESIÓN ALTO MAGDALENA S.A.S.,,25/01/2022,Ref. Contrato de Concesión 003 de 2014 Concesión Honda - Puerto Salgar - Girardot Alcance a comunicación CI.004/GP9701/21/7.3.3 (ALMA-R-2022-0001) Plan de mediciones - Nivel de Servicio E12 – Primer semestre de 2022,15_01_Cartas_Enviadas/RADICADAS/2022/CI004_975222_070303_CON_PLAN_MEDICION_INDICADORES_E12_2022.pdf
1526,3,CONSORCIO 4C,CI.004/GP10047/22/5.3,CONCESIÓN ALTO MAGDALENA S.A.S.,,13/06/2022,"Ref. Contrato de Concesión 003 de 2014 Concesión Honda - Puerto Salgar - Girardot Solicitud Paz y Salvo FONTUR Años 2018, 2019, 2020 y 2022.",15_01_Cartas_Enviadas/RADICADAS/2022/CI004_1004722_050300_CON_SOLICITUD_PAZYSALVO_PAGO_FONTUR.pdf
1529,5,CONSORCIO 4C,CI.004/GP9920/22/7.3,CONCESIÓN ALTO MAGDALENA S.A.S.,,18/04/2022,Ref. Contrato de Concesión 003 de 2014 Concesión Honda - Puerto Salgar - Girardot Verificación del control de peso en las estaciones de pesaje,15_01_Cartas_Enviadas/RADICADAS/2022/CI004_992022_070300_CON_ELUSIÓN_CONTROL_PESO_BASCULAS.pdf
1528,4,CONSORCIO 4C,CI.004/GP9909/22/5.3-7.4,AGENCIA NACIONAL DE INFRAESTRUCTURA - ANI,,11/04/2022,Ref. Contrato de Concesión 003 de 2014 Concesión Honda - Puerto Salgar - Girardot Acceso al Predio ALMA-5-0193,15_01_Cartas_Enviadas/RADICADAS/2022/CI004_990922_050300_070400_ANI_NOOBJECIÓN_PCURA_ACCESO_ALMA-5-193_REITERA.pdf
1527,2,CONSORCIO 4C,CI.004/GP10039/22/9.2,AGENCIA NACIONAL DE INFRAESTRUCTURA - ANI,,08/06/2022,Ref. Contrato de Interventoría 145 de 2014 Concesión Honda - Puerto Salgar - Girardot Informe mensual de Interventoría Socioambiental 79 V.00. Mayo-2022.,15_01_Cartas_Enviadas/RADICADAS/2022/CI004_1003922_090200_ANI_INF_SOCIOAMB_MAY_2022.pdf
1530,3,CONSORCIO 4C,CI.004/GP10134/22/7.5,CONCESIÓN ALTO MAGDALENA S.A.S.,,25/07/2022,Ref. Contrato de Concesión 003 de 2014 Concesión Honda - Puerto Salgar - Girardot Revisión del Informe Gerencial Mensual No. 91 de Mayo 2022. Reiteración de solicitud ajuste al informe.,15_01_Cartas_Enviadas/RADICADAS/2022/CI004_1013422_070500_CON_OBSERV_INFOR_GERENC_MAY_2022_REITERA.pdf
1531,1,CONSORCIO 4C,CI.004/GP9747/22/4.6,INMOBILIARIA EL PARQUE,,20/01/2022,Ref. Preaviso para la entrega del Inmueble,15_01_Cartas_Enviadas/RADICADAS/2022/CI004_974722_040600_TER_NOTIFICA_ENTREGA_OFICINA_GIRARDOT.pdf
1533,3,CONSORCIO 4C,CI.004/GP10124/22/7.1.9,CONCESIÓN ALTO MAGDALENA S.A.S.,,15/07/2022,Ref. Contrato de Concesión 003 de 2014 Concesión Honda - Puerto Salgar - Girardot Traslado de solicitud PQRS – Reposición de Manguera del Predio ALMA-4-0012 “El Diamante”,15_01_Cartas_Enviadas/RADICADAS/2022/CI004_1012422_070109_CON_TRASLADO_PQRS_PREDIO_EL DIAMANTE_UF4.pdf
1532,4,CONSORCIO 4C,CI.004/GP10038/22/7.4.4,AGENCIA NACIONAL DE INFRAESTRUCTURA - ANI,,07/06/2022,"Ref. Contrato de Concesión 003 de 2014 Concesión Honda - Puerto Salgar - Girardot Observaciones Resolución de Expropiación de predio ALMA-3-0073, UF3.",15_01_Cartas_Enviadas/RADICADAS/2022/CI004_1003822_070404_ANI_RESOL_EXPRO_ALMA-3-0073.pdf
1534,14,CONSORCIO 4C,CI.004/GP9892/22/7.5,CONCESIÓN ALTO MAGDALENA S.A.S.,,31/03/2022,Ref. Contrato de Concesión 003 de 2014 Concesión Honda - Puerto Salgar - Girardot Observaciones memoria técnica enero 2022 / Respuesta comunicado ALMA-2022-0408,15_01_Cartas_Enviadas/RADICADAS/2022/CI004_989222_070500_CON_REV_MEMOTECNICA_ENE_2021.pdf
1537,3,CONSORCIO 4C,CI.004/GP10297/22/7.2.2,,,0 de octubre de 2022,,15_01_Cartas_Enviadas/RADICADAS/2022/CI004_1029722_070202_CON_REQUERI_ACTUALIZA_FONDEOS_SUBCUENTAS_ANI_IPC_SEP.pdf
1539,4,CONSORCIO 4C,CI.004/GP10019/22/7.4.1,,,6 de Mayo de 2022,,15_01_Cartas_Enviadas/RADICADAS/2022/CI004_1001922_070401_ANI_DERECHO_PETICION_ALMA-3-0101.pdf
1540,4,CONSORCIO 4C,CI.004/GP10236/22/7.3,,,2 de septiembre de 2022,,15_01_Cartas_Enviadas/RADICADAS/2022/CI004_1023622_070300_CON_REQUERIMI_REPARA_BACHE_UF5_NPH.pdf
1541,5,CONSORCIO 4C,CI.004/GP10223/22/7.5,,,1 de agosto de 2022,,15_01_Cartas_Enviadas/RADICADAS/2022/CI004_1022322_070500_CON_REVISIÓN_INFORM_GERENCIAL_92_JUN_2022.pdf
1542,5,CONSORCIO 4C,CI.004/GP9991/22/7.5,,,7 de mayo de 2022,,15_01_Cartas_Enviadas/RADICADAS/2022/CI004_999122_070500_CON_OBSERV_INFOR_GERENC_ABR_2022.pdf
1538,4,CONSORCIO 4C,CI.004/GP10031/22/7.1.8,,,1 de junio de 2022,,15_01_Cartas_Enviadas/RADICADAS/2022/CI004_1003122_070108_CON_REV_INF_SEM_LVEDA_N°7_RES_2129_2015_UF4.1.pdf
1543,3,CONSORCIO 4C,CI.004/GP10090/22/7.2,,,0 de junio de 2022,,15_01_Cartas_Enviadas/RADICADAS/2022/CI004_1009022_070200_TER_RTA_INFOR_FONTUR_PEAJES_ALCANCE.pdf
1544,4,CONSORCIO 4C,CI.004/GP10034/22/5.3,,,3 de junio de 2022,,15_01_Cartas_Enviadas/RADICADAS/2022/CI004_1003422_050300_CON_REV_POLIZA_CUMPLIMIENTO_O&M.pdf
1545,2,CONSORCIO 4C,CI.004/GP9898/22/9.2,,,8 de Abril de 2022,,15_01_Cartas_Enviadas/RADICADAS/2022/CI004_989822_090200_ANI_INFORME_MENSUAL_MAR_2022.pdf
1546,12,CONSORCIO 4C,CI.004/GP9737/22/7.1.4-7.3.3,,,7 de enero de 2022,,15_01_Cartas_Enviadas/RADICADAS/2022/CI004_973722_070104_070303_CON_MANTENIMIENTO_NPH_INDICADORES.pdf
1547,17,CONSORCIO 4C,CI.004/GP9913/22/5.3-7.3,,,3 de abril de 2022,,15_01_Cartas_Enviadas/RADICADAS/2022/CI004_991322_050300-070300_CON_REV_ISV_UF1_DEFENSAS.pdf
1548,4,CONSORCIO 4C,CI.004/GP10351/22/7.4.4,,,1 de Noviembre de 2022,,15_01_Cartas_Enviadas/RADICADAS/2022/CI004_1035122_070404_ANI_RESOL_EXPRO_ALMA-3-0146.pdf
1550,4,CONSORCIO 4C,CI.004/GP10065/22/7.2.8,,,1 de Junio de 2022,,15_01_Cartas_Enviadas/RADICADAS/2022/CI004_1006522_070208_ANI_REVISION_RECAUDO_FOSEVI_ABR_2022.pdf
1549,10,CONSORCIO 4C,CI.004/GP10331/22/7.4.1,,,7 de octubre de 2022,,15_01_Cartas_Enviadas/RADICADAS/2022/CI004_1033122_070401_CON_INDICE_PREDIAL_AGO_2022_ALCANCE2.pdf
1551,5,CONSORCIO 4C,CI.004/GP9800/22/7.4.1,,,6 de febrero de 2022,,15_01_Cartas_Enviadas/RADICADAS/2022/CI004_980022_070401_CON_REVISION_SEGUIMIENTO_OTROSI9.pdf
1552,2,CONSORCIO 4C,CI.004/GP9906/22/7.2.2,,,1 de Abril de 2022,,15_01_Cartas_Enviadas/RADICADAS/2022/CI004_990622_070202_ANI_F-007_REC_PUB_MAR_2022.pdf
1554,4,CONSORCIO 4C,CI.004/GP10268/22/7.4.1,,,2 de septiembre de 2022,,15_01_Cartas_Enviadas/RADICADAS/2022/CI004_1026822_070401_CON_OBS_INFOGP_AGO2022.pdf
1553,4,CONSORCIO 4C,CI.004/GP10064/21/7.1.9,,,6 de junio de 2022,,15_01_Cartas_Enviadas/RADICADAS/2022/CI004_1006422_070109_CON_MEDICION_PROGRAMAS_SOCIALES.pdf
1555,9,CONSORCIO 4C,CI.004/GP9844/22/7.4.1,,,9 de marzo de 2022,,15_01_Cartas_Enviadas/RADICADAS/2022/CI004_984422_070401_CON_INDICE_PREDIAL_FEB2022.pdf
1535,2,CONSORCIO 4C,CI.004/GP9854/22/7.2.2,AGENCIA NACIONAL DE INFRAESTRUCTURA – ANI,,11/03/2022,Ref. Contrato de Concesión 003 de 2014 Concesión Honda – Girardot – Puerto Salgar. Formato GCSP-F-208 Informe Ingresos Por Explotación Comercial – febrero de 2022,15_01_Cartas_Enviadas/RADICADAS/2022/CI004_985422_070202_ANI_F-208_EXPLOTA_COMERCIAL_FEB_2022.pdf
1536,13,CONSORCIO 4C,CI.004/GP9845/22/7.3.3,CONCESIÓN ALTO MAGDALENA S.A.S.,,09/03/2022,Ref. Contrato de Concesión 003 de 2014 Concesión Honda - Puerto Salgar - Girardot Resultado Medición Niveles de Servicio febrero 2022. Índices de Cumplimiento,15_01_Cartas_Enviadas/RADICADAS/2022/CI004_984522_070303_CON_INDICES_FEBRERO_2022.pdf
1556,6,CONSORCIO 4C,CI.004/GP9731/22/5.3-7.1.7,,,4 de enero de 2022,,15_01_Cartas_Enviadas/RADICADAS/2022/CI004_973122_050300_070107_CON_REQUERIMIENTO_CARRIL_ASCENSO_UF4.pdf
1557,9,CONSORCIO 4C,CI.004/GP9756/22/7.1.8,,,0 de enero de 2022,,15_01_Cartas_Enviadas/RADICADAS/2022/CI004_975621_070108_CON_REV_INFORMES_AVANCE_COMPEMSA_AMBIENTAL.pdf
1558,4,CONSORCIO 4C,CI.004/GP10118/22/7.1.8,,,3 de julio de 2022,,15_01_Cartas_Enviadas/RADICADAS/2022/CI004_1011822_070108_070110_CON_MANEJO_AMBIEN_Y_SEGURIDAD_INDUSTRIAL_PR66_R2.pdf
1559,3,CONSORCIO 4C,CI.004/GP10349/22/5.3,,,1 de Noviembre de 2022,,15_01_Cartas_Enviadas/RADICADAS/2022/CI004_1034922_050300_ANI_CIERRE_PCURA_BARANDAS_ADS_PR80.pdf
1560,12,CONSORCIO 4C,CI.004/GP9860/22/5.3,,,1 de Marzo de 2022,,15_01_Cartas_Enviadas/RADICADAS/2022/CI004_986022_050300_ANI_INFORME_MULTA_VIGENCIA_POLIZA_TODORIESGO.pdf
1561,4,CONSORCIO 4C,CI.004/GP9890/22/7.2.2,,,1 de marzo de 2022,,15_01_Cartas_Enviadas/RADICADAS/2022/CI004_989022_070202_CON_REV_INFO_FINANCIERO_PA_FEB_2022.pdf
1562,8,CONSORCIO 4C,CI.004/GP9918/22/7.1.8-7.1.9,,,3 de abril de 2022,,15_01_Cartas_Enviadas/RADICADAS/2022/CI004_991822_070108_070109_CON_INF_FINAL_PLAN_REASENT_V1.pdf
1565,3,CONSORCIO 4C,CI.004/GP9870/22/7.1.7,,,5 de marzo de 2022,,15_01_Cartas_Enviadas/RADICADAS/2022/CI004_987022_070107_CON_ENTREGA_INFO_SINC_MINTRANSPORTE.pdf
1563,2,CONSORCIO 4C,CI.004/GP10178/22/7.2.2,,,2 de Agosto de 2022,,15_01_Cartas_Enviadas/RADICADAS/2022/CI004_1017822_070202_ANI_F-207_REND_SUBC_JUL-2022.pdf
1564,3,CONSORCIO 4C,CI.004/GP9831/22/7.2.10,,,2 de Marzo de 2022,,15_01_Cartas_Enviadas/RADICADAS/2022/CI004_983122_070210_ANI_5ACTAS_RETRIBUCION_DIC_2021.pdf
1566,4,CONSORCIO 4C,CI.004/GP9919/22/7.1.8,,,8 de abril de 2022,,15_01_Cartas_Enviadas/RADICADAS/2022/CI004_991922_070108_CON_REV_INF_SEM_LV_N°10_RES_2284_2015.pdf
1567,2,CONSORCIO 4C,CI.004/GP10298/22/14.7.11,,,0 de Octubre de 2022,,15_01_Cartas_Enviadas/RADICADAS/2022/CI004_1029822_140711_ANI_ENCUESTA_SATISFACCION_CLIENTE_FINAL_PROYECTO.pdf
1568,3,CONSORCIO 4C,CI.004/GP9973/22/9.2,,,9 de mayo de 2022,,15_01_Cartas_Enviadas/RADICADAS/2022/CI004_997322_090200_SUP_SUPER_TRANSP_IMI_IMISA_ABR_2022.pdf
1569,3,CONSORCIO 4C,CI.004/GP9900/22/9.2,,,7 de abril de 2022,,15_01_Cartas_Enviadas/RADICADAS/2022/CI004_990022_090200_SUP_SUPER_TRANSP_IMI_IMISA_MAR_2022.pdf
1570,4,CONSORCIO 4C,CI.004/GP10061/22/7.1.14,,,5 de Junio de 2022,,15_01_Cartas_Enviadas/RADICADAS/2022/CI004_1006122_070114_ANI_PERMISO_OCUPA_TEMPORAL_EDS_GUATAQUÍ_#4..pdf
1571,5,CONSORCIO 4C,CI.004/GP10267/21/7.4.1,,,2 de septiembre de 2022,,15_01_Cartas_Enviadas/RADICADAS/2022/CI004_1026722_070401_CON_REV_EXPEDIENTE_PREDIAL_FINAL_x8_UF5.pdf
1572,2,CONSORCIO 4C,CI.004/GP10179/22/7.2.2,,,2 de Agosto de 2022,,15_01_Cartas_Enviadas/RADICADAS/2022/CI004_1017922_070202_ANI_F-009_RECAUD_PEAJES_JUL-2022.pdf
1574,16,CONSORCIO 4C,CI.004/GP9777/22/7.3.3,,,9 de febrero de 2022,,15_01_Cartas_Enviadas/RADICADAS/2022/CI004_977722_070303_CON_INDICES_ENERO_2022.pdf
1575,3,CONSORCIO 4C,CI.004/GP9732/22/7.1.9,,,4 de enero de 2022,,15_01_Cartas_Enviadas/RADICADAS/2022/CI004_973222_070109_CON_REQUE_INVASION_GLORIETA_PURNIO.pdf
1576,4,CONSORCIO 4C,CI.004/GP9904/22/7.3,CONCESIÓN ALTO MAGDALENA S.A.S.,,09/04/2022,Ref. Contrato de Concesión 003 de 2014 Concesión Honda - Puerto Salgar - Girardot Pantallas de información y señalización e información dinámica de tipo LED,15_01_Cartas_Enviadas/RADICADAS/2022/CI004_990422_070300_CON_PMV_FIJOS_FUERASERVICIO.pdf
1577,3,CONSORCIO 4C,CI.004/GP10010/22/7.1.11,CONCESIÓN ALTO MAGDALENA S.A.S.,,24/05/2022,Ref. Contrato de Concesión 003 de 2014 Concesión Honda - Puerto Salgar – Girardot No objeción al Plan de Manejo de Tráfico para Obras en el PR66+800 RN4508 - Unidad Funcional 3,15_01_Cartas_Enviadas/RADICADAS/2022/CI004_1001022_070111_CON_NO_OBJECION_PMT_PR66_UF3.pdf
1573,2,CONSORCIO 4C,CI.004/GP9979/22/7.2.2,AGENCIA NACIONAL DE INFRAESTRUCTURA - ANI,,12/05/2022,"Ref. Contrato de Concesión 003 de 2014 Concesión Honda - Puerto Salgar - Girardot Remisión Formato GCSP-F-009 Informe Mensual Recaudo de Peajes, abril 2022.",15_01_Cartas_Enviadas/RADICADAS/2022/CI004_997922_070202_ANI_F-009_RECAUD_PEAJES_ABR-2022.pdf
1578,9,CONSORCIO 4C,CI.004/GP9758/22/5.3,AGENCIA NACIONAL DE INFRAESTRUCTURA - ANI,ANI 20214091389782,27/01/2022,Ref. Contrato de Concesión 003 de 2014 Concesión Honda - Puerto Salgar - Girardot Desistimiento a la Solicitud No objeción Plazo de Cura derivado del presunto incumplimiento relacionado con las Especificaciones Técnicas de la UF5.,15_01_Cartas_Enviadas/RADICADAS/2022/CI004_975822_050300_ANI_DESIST_NO_OBJ_PCURA_ESPECIF_TECNIC_UF5.pdf
1579,3,CONSORCIO 4C,CI.004/GP10300/22/5.3,AGENCIA NACIONAL DE INFRAESTRUCTURA - ANI,,10/10/2022,Ref. Contrato de Concesión 003 de 2014 Concesión Honda - Puerto Salgar - Girardot Remisión de la contestación radicada al Tribunal Administrativo de Caldas. Acción Popular glorietas La Dorada.,15_01_Cartas_Enviadas/RADICADAS/2022/CI004_1030022_050300_ANI_TRIBUNAL_CALDAS_CONTESTA_ACCION_POPULAR_GLORIETAS_DORADA.pdf
1580,3,CONSORCIO 4C,CI.004/GP9781/22/9.2,,,0 de febrero de 2022,,15_01_Cartas_Enviadas/RADICADAS/2022/CI004_978122_090200_SUP_SUPER_TRANSP_IMI_IMISA_ENE_2022.pdf
1581,3,CONSORCIO 4C,CI.004/GP10030/22/7.1.15-7.2.1,,,1 de Junio de 2022,,15_01_Cartas_Enviadas/RADICADAS/2022/CI004_1003022_070115_070201_ANI_REV_CUENTA_COBRO#5_REDES.pdf
1582,2,CONSORCIO 4C,CI.004/GP10264/22/9.2,,,1 de Septiembre de 2022,,15_01_Cartas_Enviadas/RADICADAS/2022/CI004_1026422_090200_ANI_INFORME_MENSUAL_AGO_2022_V1.pdf
1583,3,CONSORCIO 4C,CI.004/GP10161/22/9.2,,,8 de agosto de 2022,,15_01_Cartas_Enviadas/RADICADAS/2022/CI004_1016122_090200_SUP_SUPER_TRANSP_IMI_IMISA_JUL_2022.pdf
1584,4,CONSORCIO 4C,CI.004/GP9984/22/7.1.14,,,2 de mayo de 2022,,15_01_Cartas_Enviadas/RADICADAS/2022/CI004_998422_070114_CON_REQUERI_CONCEPTOS_PENDIENTES_PERMISO_OCUPA_RES716.pdf
1586,3,CONSORCIO 4C,CI.004/GP10318/22/7.2.2,,,0 de Octubre de 2022,,15_01_Cartas_Enviadas/RADICADAS/2022/CI004_1031822_070202_ANI_REV_FONDEOS_ANUAL_SUBCU_SOPOR_AMIGABLE_INTERVEN.pdf
1585,5,CONSORCIO 4C,CI.004/GP9831/22/7.2.10,,,5 de Marzo de 2022,,15_01_Cartas_Enviadas/RADICADAS/2022/CI004_986322_070210_ANI_5ACTAS_RETRIBUCION_ENE_2022.pdf
1587,7,CONSORCIO 4C,CI.004/GP10165/22/7.4.1,,,9 de agosto de 2022,,15_01_Cartas_Enviadas/RADICADAS/2022/CI004_1016522_070401_CON_REQUERI_PAGOS_SABANA_PREDIAL_JUN2022.pdf
1590,5,CONSORCIO 4C,CI.004/GP9868/22/7.5,,,5 de marzo de 2022,,15_01_Cartas_Enviadas/RADICADAS/2022/CI004_986822_070500_CON_OBSERV_INFOR_GERENC_FEB_2022.pdf
1589,3,CONSORCIO 4C,CI.004/GP10254/22/7.3.4,,,6 de septiembre de 2022,,15_01_Cartas_Enviadas/RADICADAS/2022/CI004_1025422_070304_CON_AUDITORÍA_SEGURIDAD_VIAL.pdf
1588,6,CONSORCIO 4C,CI.004/GP10205/22/7.1.9,,,4 de agosto de 2022,,15_01_Cartas_Enviadas/RADICADAS/2022/CI004_1020522_070109_CON_REQUERIMI_REPARA_MANGUERA_DIAMANTE_MPATIÑO.pdf
1591,4,CONSORCIO 4C,CI.004/GP10263/22/7.1.8-7.2.1,,,0 de septiembre de 2022,,15_01_Cartas_Enviadas/RADICADAS/2022/CI004_1026322_070108_070201_CON_REINTEGRO_OP6545_SUB_COMPENSA_AMBIENTA.pdf
1592,8,CONSORCIO 4C,CI.004/GP10200/22/7.1.15,,,2 de Agosto de 2022,,15_01_Cartas_Enviadas/RADICADAS/2022/CI004_1020022_070115_ANI_CONCEPTO_COMITÉ_APRBACIÓN_ACTA_REDES17.pdf
1593,2,CONSORCIO 4C,CI.004/GP9776/22/9.2,,,0 de Febrero de 2022,,15_01_Cartas_Enviadas/RADICADAS/2022/CI004_977622_090200_ANI_INFORME_MENSUAL_ENE_2022.pdf
1594,3,CONSORCIO 4C,CI.004/GP10222/22/7.1.9,,,1 de agosto de 2022,,15_01_Cartas_Enviadas/RADICADAS/2022/CI004_1022222_070109_CON_COMPROMISOS_REUN_GUATAQUI_REITERA.pdf
1595,4,CONSORCIO 4C,CI.004/GP10206/22/7.1.14,,,4 de Agosto de 2022,,15_01_Cartas_Enviadas/RADICADAS/2022/CI004_1020622_070114_ANI_PERMISO_OCUPA_TEMPORAL_FIBRA_UF1_CELSIA.pdf
1596,3,CONSORCIO 4C,CI.004/GP9720/22/9.2,,,1 de enero de 2022,,15_01_Cartas_Enviadas/RADICADAS/2022/CI004_972022_090200_SUP_SUPER_TRANSP_IMI_IMISA_DIC_2021_.pdf
1598,22,CONSORCIO 4C,CI.004/GP9954/22/5.3-7.3,,,2 de Mayo de 2022,,15_01_Cartas_Enviadas/RADICADAS/2022/CI004_995422_050300-070300_ANI_INFORME_MULTA_DEFENSAS_UF4.pdf
1597,3,CONSORCIO 4C,CI.004/GP9813/22/7.3,,,2 de febrero de 2022,,15_01_Cartas_Enviadas/RADICADAS/2022/CI004_981322_070303_CON_SOS_FUNCIONAMIENTO_FEBRERO_2022.pdf
1599,2,CONSORCIO 4C,CI.004/GP9880/22/7.2.2,,,2 de Marzo de 2022,,15_01_Cartas_Enviadas/RADICADAS/2022/CI004_988022_070202_ANI_F-007_REC_PUB_FEB-2022_ALCANCE.pdf
1600,3,CONSORCIO 4C,CI.004/GP9797/22/7.4.1,,,6 de febrero de 2022,,15_01_Cartas_Enviadas/RADICADAS/2022/CI004_979722_070401_CON_ESTUDIO_TITULOS_ALMA-3-0069.pdf
1602,3,CONSORCIO 4C,CI.004/GP10359/22/2.2,,,9 de Noviembre de 2022,,15_01_Cartas_Enviadas/RADICADAS/2022/CI004_1035922_020200_ANI_DESVINCULA_PERSONAL_PROYECTO.pdf
1601,3,CONSORCIO 4C,CI.004/GP10126/22/7.1.9,,,9 de julio de 2022,,15_01_Cartas_Enviadas/RADICADAS/2022/CI004_1012622_070109_CON_OTROSI9_COMPENSACION_SOCIAL.pdf
1603,2,CONSORCIO 4C,CI.004/GP9972/22/9.2,,,0 de Mayo de 2022,,15_01_Cartas_Enviadas/RADICADAS/2022/CI004_997222_090200_ANI_VIDEO_IMI_ABR_2022.pdf
1604,3,CONSORCIO 4C,CI.004/GP9843/22/9.2,,,9 de marzo de 2022,,15_01_Cartas_Enviadas/RADICADAS/2022/CI004_984322_090200_SUP_SUPER_TRANSP_IMI_IMISA_FEB_2022.pdf
1605,3,CONSORCIO 4C,CI.004/GP10062/22/7.1.14,,,5 de Junio de 2022,,15_01_Cartas_Enviadas/RADICADAS/2022/CI004_1006222_070114_ANI_PERMISO_OCUPA_CORTIJO_LADORADA_#5.pdf
1606,5,CONSORCIO 4C,CI.004/GP10037/22/7.1.9,,,7 de Junio de 2022,,15_01_Cartas_Enviadas/RADICADAS/2022/CI004_1003722_070109_ANI_PQRS_TUBERIA_EL DIAMANTE_MPATIÑO_UF4.pdf
1607,3,CONSORCIO 4C,CI.004/GP9859/22/7.2.9,,,1 de Marzo de 2022,,15_01_Cartas_Enviadas/RADICADAS/2022/CI004_985922_070209_ANI_ACTA_VPIP_DIC_2021_ENE_2022.pdf
1608,3,CONSORCIO 4C,CI.004/GP10282/22/4.6,,,9 de septiembre de 2022,,15_01_Cartas_Enviadas/RADICADAS/2022/CI004_1028222_040600_TER_NOTIFICA_ENTREGA_APTO CORALINO_GIRARDOT.pdf
1610,9,CONSORCIO 4C,CI.004/GP9993/22/5.3-7.1.4,,,7 de mayo de 2022,,15_01_Cartas_Enviadas/RADICADAS/2022/CI004_999322_050300-070104_CON_PCURA_PASAMANOS_PTES_PEATONALES_ADS.pdf
1613,3,CONSORCIO 4C,CI.004/GP10036/22/7.3.3,,,3 de junio de 2022,,15_01_Cartas_Enviadas/RADICADAS/2022/CI004_1003622_070303_CON_CERTIFICAD_EQUIPOS_MEDICIÓN_INDICADORES_2022-2.pdf
1614,2,CONSORCIO 4C,CI.004/GP10299/22/7.2.2,,,0 de Octubre de 2022,,15_01_Cartas_Enviadas/RADICADAS/2022/CI004_1029922_070202_ANI_F-207_REND_SUBC_SEP-2022.pdf
1612,4,CONSORCIO 4C,CI.004/GP9944/22/5.3-7.3,,,7 de abril de 2022,,15_01_Cartas_Enviadas/RADICADAS/2022/CI004_994422_050300_070300_CON_SEGUIMI_PCURA_SEÑALIZACION_PR66.pdf
1609,4,CONSORCIO 4C,CI.004/GP9713/22/7.4.6,,,6 de enero de 2022,,15_01_Cartas_Enviadas/RADICADAS/2022/CI004_971322_070406_CON_OBSER_AVALUOS9_9U3.pdf
1611,28,CONSORCIO 4C,CI.004/GP9985/22/5.3,,,4 de Mayo de 2022,,15_01_Cartas_Enviadas/RADICADAS/2022/CI004_998521_050300_ANI_COSTOS_OCIOSOS_EER_COVID.pdf
1615,3,CONSORCIO 4C,CI.004/GP9934/22/7.4.1,,,5 de abril de 2022,,15_01_Cartas_Enviadas/RADICADAS/2022/CI004_993422_070401_CON_OBS_INFOGP_FEB2022.pdf
1616,2,CONSORCIO 4C,CI.004/GP10217/22/4.6,,,0 de agosto de 2022,,15_01_Cartas_Enviadas/RADICADAS/2022/CI004_1021722_040600_TER_NOTIFICA_ENTREGA_CASA_GIRARDOT.pdf
1617,4,CONSORCIO 4C,CI.004/GP10056/22/7.1.9,,,4 de junio de 2022,,15_01_Cartas_Enviadas/RADICADAS/2022/CI004_1005622_070109_CON_ATENCION_USUARIO_PQRS_UF5.pdf
1618,4,CONSORCIO 4C,CI.004/GP9727/22/7.1.4,,,3 de enero de 2022,,15_01_Cartas_Enviadas/RADICADAS/2022/CI004_972722_070104_CON_REQUERIMI_ILUMINACIÓN _INTERSECCIONES.pdf
1619,4,CONSORCIO 4C,CI.004/GP9983/22/7.1.8,,,2 de mayo de 2022,,15_01_Cartas_Enviadas/RADICADAS/2022/CI004_998322_070108_070201_CON_SEGUIM_COMPROMISOS_ACTA_COMITE_AMBIENTAL_N°29.pdf
1620,3,CONSORCIO 4C,CI.004/GP10213/22/7.3.3,,,6 de agosto de 2022,,15_01_Cartas_Enviadas/RADICADAS/2022/CI004_1021322_070303_CON_PLAN_MEDICION_INDICADORES_SEP_2022.pdf
1622,4,CONSORCIO 4C,CI.004/GP10026/22/7.1.14,,,1 de mayo de 2022,,15_01_Cartas_Enviadas/RADICADAS/2022/CI004_1002622_070114_CON_REQUERI_CONCEPTOS_PENDIENTES_PERMISO_OCUPA_RES716.pdf
1624,2,CONSORCIO 4C,CI.004/GP10225/22/9.2,,,2 de Septiembre de 2022,,15_01_Cartas_Enviadas/RADICADAS/2022/CI004_1022522_090200_ANI_INF_SOCIOAMB_AGO_2022.pdf
1621,8,CONSORCIO 4C,CI.004/0050/22/1,,,2 de Febrero de 2022,,15_01_Cartas_Enviadas/RADICADAS/2022/CI004_005022_010000_ANI_MODIFICACION POLIZAS_RCE.pdf
1623,2,CONSORCIO 4C,CI.004/GP9840/22/9.2,,,9 de Marzo de 2022,,15_01_Cartas_Enviadas/RADICADAS/2022/CI004_984022_090200_ANI_INF_SOCIOAMB_ FEB_2022.pdf
1626,10,CONSORCIO 4C,CI.004/GP9814/22/7.1.8-7.2.1,,,2 de febrero de 2022,,15_01_Cartas_Enviadas/RADICADAS/2022/CI004_981422_070108_070201_CON_SUBCUENTA_COMPENSACIONES_AMBIENTAL.pdf
1625,4,CONSORCIO 4C,CI.004/GP9896/22/7.3.1,,,6 de abril de 2022,,15_01_Cartas_Enviadas/RADICADAS/2022/CI004_989622_070301_CON_HABILITACI_INTEROPERATIBILIDAD_RECAUDO_ELECTRONICO_IP_REV.pdf
1627,2,CONSORCIO 4C,CI.004/GP9842/22/9.2,,,1 de Marzo de 2022,,15_01_Cartas_Enviadas/RADICADAS/2022/CI004_984221_090200_ANI_VIDEO_IMI_FEB_2022.pdf
1628,3,CONSORCIO 4C,CI.004/GP10246/22/7.3,,,3 de septiembre de 2022,,15_01_Cartas_Enviadas/RADICADAS/2022/CI004_1024622_070300_CON_REQUERIM_ENCUESTAS_PERCECION_USUARIO_SEM_I_2022.pdf
1629,4,CONSORCIO 4C,CI.004/GP10068/22/7.1.8,,,7 de junio de 2022,,15_01_Cartas_Enviadas/RADICADAS/2022/CI004_1006822_070108_CON_REV_PASOS_FAUNA_UF1_UF4_UF5.pdf
1630,15,CONSORCIO 4C,CI.004/GP9763/22/7.5,,,1 de enero de 2022,,15_01_Cartas_Enviadas/RADICADAS/2022/CI004_976322_070500_CON_REV_MEM_TEC_NOV_2021.pdf
1631,2,CONSORCIO 4C,CI.004/GP10040/22/9.2,,,0 de Junio de 2022,,15_01_Cartas_Enviadas/RADICADAS/2022/CI004_1004022_090200_ANI_INFORME_MENSUAL_MAY_2022.pdf
1632,11,CONSORCIO 4C,CI.004/GP10257/22/7.4.1,,,6 de septiembre de 2022,,15_01_Cartas_Enviadas/RADICADAS/2022/CI004_1025722_070401_CON_INDICE_PREDIAL_AGO_2022.pdf
1633,3,CONSORCIO 4C,CI.004/GP10262/22/7.1.9,,,0 de septiembre de 2022,,15_01_Cartas_Enviadas/RADICADAS/2022/CI004_1026222_070109_CON_REQUER_INFORME_MENSUAL_RECUPERA_PR5_UF2.pdf
1634,5,CONSORCIO 4C,CI.004/GP9815/22/7.1.8,,,2 de febrero de 2022,,15_01_Cartas_Enviadas/RADICADAS/2022/CI004_981522_070108_CON_REV_INFO_ANUALES_COMPENSA_AMBIENT.pdf
1635,3,CONSORCIO 4C,CI.004/GP9871/22/7.4.2,,,6 de marzo de 2022,,15_01_Cartas_Enviadas/RADICADAS/2022/CI004_987122_070402_CON_REV2_PLAN_COMPESA_SOCIOECONOMICAS_PCSE.pdf
1637,2,CONSORCIO 4C,CI.004/GP10120/22/7.2.1,AGENCIA NACIONAL DE INFRAESTRUCTURA - ANI,,14/07/2022,Ref. Contrato de Concesión 003 de 2014 Concesión Honda - Puerto Salgar - Girardot Formato GCSP-F-001 Mantenimiento Bienes Uso Público – junio de 2022.,15_01_Cartas_Enviadas/RADICADAS/2022/CI004_1012022_070201_ANI_F-001_MTTO_JUN-2022.pdf
1636,3,CONSORCIO 4C,CI.004/GP10162/22/7.3.1,CONCESIÓN ALTO MAGDALENA S.A.S,20227300260911,08/08/2022,Ref. Contrato de Concesión 003 de 2014 Concesión Honda - Puerto Salgar - Girardot Requerimiento entrega de informes de seguimiento implementación IP/REV a la SuperTrensportes,15_01_Cartas_Enviadas/RADICADAS/2022/CI004_1016222_070301_CON_REQUERI_INFORM_IPREV_SUPERTRANS.pdf
1638,5,CONSORCIO 4C,CI.004/GP10336/22/7.2.10,AGENCIA NACIONAL DE INFRAESTRUCTURA - ANI,,27/10/2022,Ref. Contrato de Concesión 003 de 2014 Concesión Honda - Puerto Salgar - Girardot Cinco (5) Actas de Retribución - agosto 2022.,15_01_Cartas_Enviadas/RADICADAS/2022/CI004_1033622_070210_ANI_ACTAS_RETRIBUCIÓN_X5_AGO_2022.pdf
1639,3,CONSORCIO 4C,CI.004/GP9941/21/7.4.1,CONCESIÓN ALTO MAGDALENA S.A.S.,,26/04/2022,Ref. Contrato de Concesión 003 de 2014 Concesión Honda - Puerto Salgar - Girardot Revisión del Estudio de Títulos ALMA-2-0136-1 actualizado.,15_01_Cartas_Enviadas/RADICADAS/2022/CI004_994122_070401_CON_ACTESTUDIO_TITULOS_ALMA-2-0136-1.pdf
1642,3,CONSORCIO 4C,CI.004/GP10017/22/7.2.9,AGENCIA NACIONAL DE INFRAESTRUCTURA - ANI,,26/05/2022,Ref. Contrato de Concesión 003 de 2014 Concesión Honda - Puerto Salgar - Girardot Acta de Calculo VPIP abril (2022),15_01_Cartas_Enviadas/RADICADAS/2022/CI004_1001722_070209_ANI_ACTA_VPIP_ABR_2022.pdf
1641,5,CONSORCIO 4C,CI.004/GP9759/22/7.4.6,CONCESIÓN ALTO MAGDALENA S.A.S.,,28/01/2022,"Ref. Contrato de Concesión 003 de 2014 Concesión Honda - Puerto Salgar - Girardot Revisión de Avalúos Predios ALMA-3-0069 y ALMA-3-0098, UF3",15_01_Cartas_Enviadas/RADICADAS/2022/CI004_975922_070406_CON_OBS_AVALUO_ALMA-3-0069-0098.pdf
1640,4,CONSORCIO 4C,CI.004/GP9789/22/7.1.9,CONCESIÓN ALTO MAGDALENA S.A.S.,,14/02/2022,Ref. Contrato de Concesión 003 de 2014 Concesión Honda - Puerto Salgar - Girardot Seguimiento programa de atención al usuario. PQRS de la UF4 - Revisión 2,15_01_Cartas_Enviadas/RADICADAS/2022/CI004_978922_070109_CON_ATENCION_USUARIO_PQRS_UF4_REV2.pdf
1643,10,CONSORCIO 4C,CI.004/GP10306/22/7.4.1,CONCESIÓN ALTO MAGDALENA S.A.S.,,13/10/2022,Ref. Contrato de Concesión 003 de 2014 Concesión Honda - Puerto Salgar - Girardot Cálculo de la Deducción por Índice de Cumplimiento Predial mes 95 (septiembre del 2022),15_01_Cartas_Enviadas/RADICADAS/2022/CI004_1030622_070401_CON_INDICE_PREDIAL_SEP_2022.pdf
1646,3,CONSORCIO 4C,CI.004/GP10314/22/5.3,CONCESIÓN ALTO MAGDALENA S.A.S.,,20/10/2022,Ref. Contrato de Concesión 003 de 2014 Concesión Honda - Puerto Salgar - Girardot Solicitud Paz y Salvo Póliza Responsabilidad Civil Extracontractual,15_01_Cartas_Enviadas/RADICADAS/2022/CI004_1031422_050300_CON_REVI_POLIZA_RESPONSA_CIVIL_EXTRACONTRACTUAL.pdf
1644,4,CONSORCIO 4C,CI.004/GP9939/22/7.4.4,AGENCIA NACIONAL DE INFRAESTRUCTURA - ANI,,26/04/2022,"Ref. Contrato de Concesión 003 de 2014 Concesión Honda - Puerto Salgar - Girardot Observaciones Resolución de Expropiación de predio ALMA-3-0073, UF3.",15_01_Cartas_Enviadas/RADICADAS/2022/CI004_993922_070404_ANI_RESOL_EXPRO_ALMA-3-0073.pdf
1645,7,CONSORCIO 4C,CI.004/GP10248/22/7.1.9,AGENCIA NACIONAL DE INFRAESTRUCTURA - ANI,,14/09/2022,Ref. Contrato de Concesión 003 de 2014 Concesión Honda - Puerto Salgar - Girardot Respuesta Solicitud Visita al predio ALMA-1-0101 PR68 del Señor Milton Muñoz – PQRS UF3 2022 496.,15_01_Cartas_Enviadas/RADICADAS/2022/CI004_1024822_070109_ANI_REVISIÓN_PREDIO_ALMA_3_101_MILTON_MUÑOZ_UF3.pdf
1647,2,CONSORCIO 4C,CI.004/GP10048/22/7.2.1,AGENCIA NACIONAL DE INFRAESTRUCTURA - ANI,,13/06/2022,Ref. Contrato de Concesión 003 de 2014 Concesión Honda - Puerto Salgar - Girardot Formato GCSP-F-001 Mantenimiento Bienes Uso Público – Mayo de 2022.,15_01_Cartas_Enviadas/RADICADAS/2022/CI004_1004822_070202_ANI_F-001_MTTO_MAY-2022.pdf
1651,2,CONSORCIO 4C,CI.004/GP10295/22/7.1.14,AGENCIA NACIONAL DE INFRAESTRUCTURA - ANI,,07/10/2022,Ref. Contrato de Concesión 003 de 2014 Concesión Honda – Girardot – Puerto Salgar No. De expediente 20183040280200394E. Concepto Técnico acceso 'EDS Balcones de la Ceiba',15_01_Cartas_Enviadas/RADICADAS/2022/CI004_1029522_070114_ANI_CONCEPTO_EDS_BALCONES_CEIBA_BERAKAH.pdf
1648,18,CONSORCIO 4C,CI.004/GP10247/22/7.4.1,CONCESIÓN ALTO MAGDALENA S.A.S.,,14/09/2022,"Ref. Contrato de Concesión 003 de 2014 Concesión Honda - Puerto Salgar - Girardot Cálculo de la Deducción por Índice de Cumplimiento Predial UF1 (junio y julio) y UF2, UF3, UF4, UF5 (marzo, abril, mayo, junio y julio), del 2022. Alcance.",15_01_Cartas_Enviadas/RADICADAS/2022/CI004_1024722_070401_CON_INDICE_PREDIAL_MAR_ABR_MAY_JUN_JUL_2022_ALCANCE.pdf
1649,3,CONSORCIO 4C,CI.004/GP10277/22/7.1.14,AGENCIA NACIONAL DE INFRAESTRUCTURA - ANI,,28/09/2022,Ref. Contrato de Concesión 003 de 2014 Concesión Honda – Girardot – Puerto Salgar Permiso de ocupación Temporal – Rehabilitación red de alcantarillado – EMPOCALDAS S.A E.S.P. Expediente No 20223040280200113E,15_01_Cartas_Enviadas/RADICADAS/2022/CI004_1027722_070114_ANI_PERMISO_OCUPA_TEMPORAL_EMPOCALDAS.pdf
1650,9,CONSORCIO 4C,CI.004/GP9887/22/5.3-7.1.15,CONCESIÓN ALTO MAGDALENA S.A.S.,,29/03/2022,Ref. Contrato de Concesión 003 de 2014 Concesión Honda - Puerto Salgar - Girardot Otorgamiento Plazo de Cura por el incumplimiento del literal (l) sección 9.2 de la Parte General del Contrato de Concesión - Entrega de Documentos que acrediten el cumplimiento y cierre de los Convenios con operadores de las Redes Públicas.,15_01_Cartas_Enviadas/RADICADAS/2022/CI004_988722_050300-070115_CON_OTORGA_PCURA_CONVENIOS_REDES.pdf
1655,5,CONSORCIO 4C,CI.004/GP9755/22/7.1.9,,,6 de enero de 2022,,15_01_Cartas_Enviadas/RADICADAS/2022/CI004_975522_070109_CON_ATENCION_USUARIO_PQRS_UF5.pdf
1656,4,CONSORCIO 4C,CI.004/GP10319/22/5.3-7.2.1,,,0 de Octubre de 2022,,15_01_Cartas_Enviadas/RADICADAS/2022/CI004_1031922_050300_070201_ANI_NOOBJECIÓN_PCURA_PAGOS_PREDIALES.pdf
1657,2,CONSORCIO 4C,CI.004/GP9873/22/7.2.2,,,7 de Marzo de 2022,,15_01_Cartas_Enviadas/RADICADAS/2022/CI004_987322_070202_ANI_F-007_REC_PUB_FEB-2022.pdf
1652,2,CONSORCIO 4C,CI.004/GP10303/22/7.2.1,AGENCIA NACIONAL DE INFRAESTRUCTURA - ANI,,12/10/2022,Ref. Contrato de Concesión 003 de 2014 Concesión Honda - Puerto Salgar - Girardot Formato GCSP-F-001 Mantenimiento Bienes Uso Público – septiembre de 2022.,15_01_Cartas_Enviadas/RADICADAS/2022/CI004_1030322_070201_ANI_F-001_MTTO_SEP-2022.pdf
1653,3,CONSORCIO 4C,CI.004/GP9770/22/7.1.8,CONCESIÓN ALTO MAGDALENA S.A.S,,04/02/2022,Ref. Contrato de Concesión 003 de 2014 Concesión Honda - Puerto Salgar - Girardot. Recomendaciones control fitosanitario para controlar enfermedad HLB. Resolución 1668 de 2019 (ICA),15_01_Cartas_Enviadas/RADICADAS/2022/CI004_977022_070108_CON_RECOM_CTRL_FITOSANITARIO_HLB_ICA.pdf
1658,2,CONSORCIO 4C,CI.004/GP9981/22/7.2.2,,,2 de Mayo de 2022,,15_01_Cartas_Enviadas/RADICADAS/2022/CI004_998122_070202_ANI_F-208_EXPLOTA_COMERCIAL_ABR-2022.pdf
1654,4,CONSORCIO 4C,CI.004/GP10320/22/5.3,AGENCIA NACIONAL DE INFRAESTRUCTURA - ANI,,20/10/2022,Ref. Contrato de Concesión 003 de 2014 Concesión Honda - Puerto Salgar - Girardot Cierre del Plazo de Cura otorgado al Concesionario por no presentar la Póliza Todo Riesgo.,15_01_Cartas_Enviadas/RADICADAS/2022/CI004_1032022_050300_ANI_CIERRE_PCURA_PRESENTACIÓN_POLIZA_TODORIESGO.pdf
1660,9,CONSORCIO 4C,CI.004/GP10087/22/5.3-7.1.7,,,0 de junio de 2022,,15_01_Cartas_Enviadas/RADICADAS/2022/CI004_1008722_050300-070107_CON_OTORGA_PCURA_CARRIL_ASCENSO_UF4.pdf
1659,3,CONSORCIO 4C,GP-9867,,,6 de Marzo de 2022,,15_01_Cartas_Enviadas/RADICADAS/2022/CI004_986722_070406_CON_REV_AVALU_ALMA-2022-0291-0292-0293.pdf
1661,3,CONSORCIO 4C,CI.004/GP9706/22/7.4.1,,,4 de enero de 2022,,15_01_Cartas_Enviadas/RADICADAS/2022/CI004_970622_070401_CON_OBS_INFOGP_NOV2021.pdf
1662,5,CONSORCIO 4C,CI.004/GP10081/22/7.1.9,,,8 de Junio de 2022,,15_01_Cartas_Enviadas/RADICADAS/2022/CI004_1008122_070109_ANI_MEMORIA_VISITA_PREDIO_PR24_GALVEZ.pdf
1665,4,CONSORCIO 4C,CI.004/GP9968/22/7.4.6,,,9 de mayo de 2022,,15_01_Cartas_Enviadas/RADICADAS/2022/CI004_996822_070406_CON_OBSER_AVALUOS9_x5-UF5.pdf
1663,4,CONSORCIO 4C,CI.004/GP10001/22/7.1.8,,,0 de mayo de 2022,,15_01_Cartas_Enviadas/RADICADAS/2022/CI004_1000122_070108_CON_INF_FINAL_LEVANTAMIEN_VEDA_RES_1701_2015_UF1.pdf
1666,4,CONSORCIO 4C,CI.004/GP10201/22/7.1.14,,,2 de Agosto de 2022,,15_01_Cartas_Enviadas/RADICADAS/2022/CI004_1020122_070114_ANI_PERMISO_OCUPA_TEMPORAL_EDS_GUATAQUÍ.pdf
1664,4,CONSORCIO 4C,CI.004/GP9811/22/7.3.3,,,2 de febrero de 2022,,15_01_Cartas_Enviadas/RADICADAS/2022/CI004_981122_070303_CON_PLAN_MEDICION_INDICADORES_MARZO_2022.pdf
1668,4,CONSORCIO 4C,CI.004/GP10273/22/5.3,,,6 de Septiembre de 2022,,15_01_Cartas_Enviadas/RADICADAS/2022/CI004_1027322_050300_ANI_COSTOS_OCIOSOS_EER_COVID.pdf
1667,8,CONSORCIO 4C,CI.004/GP9886/22/5.3-7.5,,,9 de marzo de 2022,,15_01_Cartas_Enviadas/RADICADAS/2022/CI004_988622_050300-070500_CON_OTORGA_PCURA_PLANOS RECORD.pdf
1669,4,CONSORCIO 4C,CI.004/GP9802/22/7.1.9,,,6 de febrero de 2022,,15_01_Cartas_Enviadas/RADICADAS/2022/CI004_980222_070109_CON_ATENCION_USUARIO_PQRS_UF3_REV3.pdf
1670,3,CONSORCIO 4C,,,,3 de iulio de 2022,,15_01_Cartas_Enviadas/RADICADAS/2022/CI004_1011922_070115_CON_OBSERVA_DEVOLUCIÓN_ACTA17_REDES.pdf
1672,5,CONSORCIO 4C,CI.004/GP10358/22/7.4.1,,,9 de noviembre de 2022,,15_01_Cartas_Enviadas/RADICADAS/2022/CI004_1035822_070401_CON_REVISIÓN_EXPEDIENTE_FINAL_X8.pdf
1671,3,CONSORCIO 4C,CI.004/GP9768/22/7.4.1,,,4 de febrero de 2022,,15_01_Cartas_Enviadas/RADICADAS/2022/CI004_976822_070401_CON_DEVOLUCION_EXPEDIENTES_ALMA-2021-1760.pdf
1673,16,CONSORCIO 4C,CI.004/GP10147/22/7.1.9,,,2 de agosto de 2022,,15_01_Cartas_Enviadas/RADICADAS/2022/CI004_1014722_070109_TER_ALCALDIA_GUATAQUI_REUNION_VELOCIDAD_SEG-VIAL.pdf
1674,2,CONSORCIO 4C,CI.004/GP10106/22/9.2,,,8 de Julio de 2022,,15_01_Cartas_Enviadas/RADICADAS/2022/CI004_1010622_090200_ANI_VIDEO_IMI_JUN_2022.pdf
1675,5,CONSORCIO 4C,CI.004/GP10123/22/7.4.6,,,5 de julio de 2022,,15_01_Cartas_Enviadas/RADICADAS/2022/CI004_1012322_070406_CON_OBSER_AVALUOS9_x3_UF2-UF5.pdf
1676,5,CONSORCIO 4C,CI.004/GP10220/22/7.5,,,0 de agosto de 2022,,15_01_Cartas_Enviadas/RADICADAS/2022/CI004_1022022_070500_CON_REVISIÓN_INFORM_GERENCIAL_91_MAY_2022_V2.pdf
1678,2,CONSORCIO 4C,CI.004/GP10160/22/9.2,,,9 de Agosto de 2022,,15_01_Cartas_Enviadas/RADICADAS/2022/CI004_1016022_090200_ANI_VIDEO_IMI_JUL_2022.pdf
1679,3,CONSORCIO 4C,CI.004/GP10016/22/7.1.9,,,5 de mayo de 2022,,15_01_Cartas_Enviadas/RADICADAS/2022/CI004_1001622_070109_TER_RTA_PETICION_REPARACION__MANGUERA_PREDIO_ALMA-4-0012.pdf
1677,3,CONSORCIO 4C,CI.004/GP10004/22/7.1.14,,,4 de mayo de 2022,,15_01_Cartas_Enviadas/RADICADAS/2022/CI004_1000422_070114_CON_OCUPA_TEMPORAL_ACCESO_GAS_TEPUY_EPM.pdf
1680,4,CONSORCIO 4C,CI.004/GP9893/22/7.3.3,,,5 de abril de 2022,,15_01_Cartas_Enviadas/RADICADAS/2022/CI004_989322_070303_CON_PLAN_MEDICION_INDICADORES_ABRIL_2022.pdf
1681,3,CONSORCIO 4C,CI.004/GP10089/22/7.3,,,0 de junio de 2022,,15_01_Cartas_Enviadas/RADICADAS/2022/CI004_1008922_070300_CON_SOS_FUNCIONAMIENTO_JUNIO_2022.pdf
1682,4,CONSORCIO 4C,CI.004/GP9823/22/7.4.1-7.4.4,,,8 de febrero de 2022,,15_01_Cartas_Enviadas/RADICADAS/2022/CI004_982322_070401_070404_CON_OBS_RES_EXPR_ALMA-2-0136-1.pdf
1683,3,CONSORCIO 4C,CI.004/GP9927/22/7.1.9,,,1 de abril de 2022,,15_01_Cartas_Enviadas/RADICADAS/2022/CI004_992722_070109_CON_ATENCION_USUARIO_PQRS_UF1.pdf
1684,5,CONSORCIO 4C,CI.004/GP9805/22/7.1.4,,,6 de febrero de 2022,,15_01_Cartas_Enviadas/RADICADAS/2022/CI004_980522_070104_CON_REQUER_PASAMANOS_PTES_PEATONALES_AS_CCO.pdf
1685,6,CONSORCIO 4C,CI.004/GP10175/22/7.1.7,,,1 de agosto de 2022,,15_01_Cartas_Enviadas/RADICADAS/2022/CI004_1017522_070107_CON_REV_E&D_INUNDACIÓN_SITIO_CRITICO_PR81.pdf
1686,5,CONSORCIO 4C,CI.004/GP10073/22/7.5,,,2 de junio de 2022,,15_01_Cartas_Enviadas/RADICADAS/2022/CI004_1007322_070500_CON_OBSERV_INFOR_GERENC_MAY_2022.pdf
1687,6,CONSORCIO 4C,CI.004/GP10235/22/7.4.6,,,3 de septiembre de 2022,,15_01_Cartas_Enviadas/RADICADAS/2022/CI004_1023522_070406_CON_REVISION_AVALUOS9_FISICOS_V2.pdf
1688,3,CONSORCIO 4C,CI.004/GP9959/22/7.4.4,,,4 de mayo de 2022,,15_01_Cartas_Enviadas/RADICADAS/2022/CI004_995922_070404_CON_OBS_RES_EXPR_ALMA-3-0069.pdf
1690,9,CONSORCIO 4C,CI.004/GP9988/22/5.3-7.3.,,,6 de mayo de 2022,,15_01_Cartas_Enviadas/RADICADAS/2022/CI004_998822_050300-070300_CON_PLAZO_CURA_OPERACIÓN_BASCULAS.pdf
1689,4,CONSORCIO 4C,CI.004/GP10232/22/7.4.1,,,1 de septiembre de 2022,,15_01_Cartas_Enviadas/RADICADAS/2022/CI004_1023222_070401_CON_REVISIÓN_INFOGP_JUN-JUL2022.pdf
1691,4,CONSORCIO 4C,CI.004/GP10023/22/5.3-7.3,,,7 de Mayo de 2022,,15_01_Cartas_Enviadas/RADICADAS/2022/CI004_1002322_050300_070300_ANI_CIERRE_PCURA_SEÑALIZACIÓN_PR66.pdf
1693,15,CONSORCIO 4C,CI.004/GP10342/22/7.3.3,,,1 de octubre de 2022,,15_01_Cartas_Enviadas/RADICADAS/2022/CI004_1034222_070303_CON_INDICES_OCTUBRE_2022.pdf
1692,2,CONSORCIO 4C,CI.004/GP10244/22/2.2,,,9 de Septiembre de 2022,,15_01_Cartas_Enviadas/RADICADAS/2022/CI004_1024422_020200_ANI_REEMPLAZO_PROFES_FINANCIERO_CFORERO.pdf
1694,2,CONSORCIO 4C,CI.004/GP10066/22/7.2.2,,,1 de Junio de 2022,,15_01_Cartas_Enviadas/RADICADAS/2022/CI004_1006622_070202_ANI_F-007_REC_PUB_MAY_2022_ALCANCE.pdf
1695,6,CONSORCIO 4C,CI.004/GP10195/22/7.2.1,,,9 de Agosto de 2022,,15_01_Cartas_Enviadas/RADICADAS/2022/CI004_1019522_070201_ANI_REINTEGRO_SUBCUENTA_REDES_OP8817.pdf
1696,2,CONSORCIO 4C,CI.004/GP9801/22/7.1.9,,,6 de febrero de 2022,,15_01_Cartas_Enviadas/RADICADAS/2022/CI004_980122_070109_GFIGUEROA_RTA_PETICION.pdf
1697,5,CONSORCIO 4C,CI.004/GP9945/22/7.5,CONCESIÓN ALTO MAGDALENA S.A.S.,,27/04/2022,Ref. Contrato de Concesión 003 de 2014 Concesión Honda - Puerto Salgar - Girardot Revisión del Informe Gerencial Mensual No. 89 de Marzo 2022.,15_01_Cartas_Enviadas/RADICADAS/2022/CI004_994522_070500_CON_OBSERV_INFOR_GERENC_89_MAR_2022.pdf
1698,3,CONSORCIO 4C,CI.004/GP10009/22/7.1.8,CONCESIÓN ALTO MAGDALENA S.A.S,,24/05/2022,Ref. Contrato de Concesión 003 de 2014 Concesión Honda - Puerto Salgar - Girardot Revisión Informe Trimestral Socio Ambiental 29 Versión 01,15_01_Cartas_Enviadas/RADICADAS/2022/CI004_1000922_070108_CON_INF_TRIM_AMB_29_V01.pdf
1699,2,CONSORCIO 4C,CI.004/GP9757/22/7.2.2,AGENCIA NACIONAL DE INFRAESTRUCTURA,20224090096432,28/01/2022,CI004_975722_070202_ANI_F-086_MODEL_FINANCIE_ANEXO32_DIC-2021_ALCANCE,15_01_Cartas_Enviadas/RADICADAS/2022/CI004_975722_070202_ANI_F-086_MODEL_FINANCIE_ANEXO32_DIC-2021_ALCANCE.pdf
1700,3,CONSORCIO 4C,CI.004/GP9997/22/5.3,CONCESIÓN ALTO MAGDALENA S.A.S.,,19/05/2022,Ref. Contrato de Concesión 003 de 2014 Concesión Honda - Puerto Salgar - Girardot Solicitud Paz y Salvo - FONTUR,15_01_Cartas_Enviadas/RADICADAS/2022/CI004_999722_050300_CON_SOLICITUD_PAZYSALVO_PAGO_FONTUR.pdf
1703,6,CONSORCIO 4C,CI.004/GP10361/22/1.4,AGENCIA NACIONAL DE INFRAESTRUCTURA - ANI,2022-409-127752-2,15/11/2022,Ref. Contrato de Interventoría 145 de 2014 Concesión Honda - Puerto Salgar - Girardot Terminación y Liquidación del Contrato de Interventoría – Entrega de la información digital del proyecto a la ANI.,15_01_Cartas_Enviadas/RADICADAS/2022/CI004_1036122_010400_ANI_ENTREGA_ARCHIVO_PROYECTO.pdf
1705,3,CONSORCIO 4C,CI.004/GP10098/22/7.5,,,6 de julio de 2022,,15_01_Cartas_Enviadas/RADICADAS/2022/CI004_1009822_070500_CON_REQUERIMIEN_ENTREGA_MEMO_TECNICA_MAR_ABR_MAY_JUN_2022.pdf
1704,2,CONSORCIO 4C,CI.004/GP10252/22/7.2.2,,,5 de Septiembre de 2022,,15_01_Cartas_Enviadas/RADICADAS/2022/CI004_1025222_070202_ANI_F-208_EXPLOTA_COMERCIAL_AGO-2022.pdf
1702,2,CONSORCIO 4C,CI.004/GP9786/22/7.2.2,,,1 de Febrero de 2022,,15_01_Cartas_Enviadas/RADICADAS/2022/CI004_978622_070202_ANI_F-207_REND_SUBC_ENE-2022.pdf
1701,4,CONSORCIO 4C,CI.004/GP9883/22/7.1.8,,,9 de marzo de 2022,,15_01_Cartas_Enviadas/RADICADAS/2022/CI004_988322_070108_CON_REV_INF#10_SEM_LEVAN_VEDA_RES_2601_2015.pdf
1706,3,CONSORCIO 4C,CI.004/GP10117/22/7.1.14,,,3 de Julio de 2022,,15_01_Cartas_Enviadas/RADICADAS/2022/CI004_1011722_070114_ANI_OCUPA_TEMPORAL_CARRILES_TEPUY_EPM.pdf
1707,2,CONSORCIO 4C,CI.004/GP9986/22/7.2.1,,,3 de Mayo de 2022,,15_01_Cartas_Enviadas/RADICADAS/2022/CI004_998622_070202_ANI_F-001_MTTO_ABR-2022.pdf
1708,7,CONSORCIO 4C,CI.004/GP10060/22/7.2.1,,,4 de junio de 2022,,15_01_Cartas_Enviadas/RADICADAS/2022/CI004_1006022_070201_CON_OBLIGACION_CONTINGENTE_MINHACI_MAY_2022.pdf
1709,3,CONSORCIO 4C,CI.004/GP10011/22/7.2.1,,,4 de mayo de 2022,,15_01_Cartas_Enviadas/RADICADAS/2022/CI004_1001122_070201_CON_REV_SALDO_DOLARES_SUBCUENTAS_ABR_2022.pdf
1710,3,CONSORCIO 4C,CI.004/GP10094/22/7.2.1,,,5 de julio de 2022,,15_01_Cartas_Enviadas/RADICADAS/2022/CI004_1009422_070201_CON_OBLIGACION_CONTINGENTE_MINHACI_MAY_2022_REITERA.pdf
1711,3,CONSORCIO 4C,CI.004/GP10021/22/7.1.10,,,6 de mayo de 2022,,15_01_Cartas_Enviadas/RADICADAS/2022/CI004_1002122_070110_CON_INF_SEGUR_SOCIAL_SALARIOS_MAR_ABR_2022.pdf
1712,3,CONSORCIO 4C,CI.004/GP10350/22/7.3.3,,,1 de noviembre de 2022,,15_01_Cartas_Enviadas/RADICADAS/2022/CI004_1035022_070303_CON_PLAN_MEDICION_INDICADORES_NOV_2022.pdf
1714,7,CONSORCIO 4C,CI.004/GP10288/22/7.4.1,,,4 de Octubre de 2022,,15_01_Cartas_Enviadas/RADICADAS/2022/CI004_1028822_070401_ANI_INFORME_PREDIO_ALMA-3-0081.pdf
1715,3,CONSORCIO 4C,CI.004/GP9935/22/7.1.7,,,5 de abril de 2022,,15_01_Cartas_Enviadas/RADICADAS/2022/CI004_993522_070107_CON_SOLICITUD_INFO_SEGUIMIENTO_EROSION_PR24+900_UF2.pdf
1713,3,CONSORCIO 4C,CI.004/GP10182/22/7.1.14,,,6 de Agosto de 2022,,15_01_Cartas_Enviadas/RADICADAS/2022/CI004_1018222_070114_ANI_PERMISO_OCUPA_TEMPORAL_TGA.pdf
1716,6,CONSORCIO 4C,CI.004/GP10304/22/5.3-7.3,,,2 de Octubre de 2022,,15_01_Cartas_Enviadas/RADICADAS/2022/CI004_1030422_050300-070300_ANI_NO_OBJECIÓN_PCURA_PMV.pdf
1717,3,CONSORCIO 4C,CI.004/GP9923/22/7.3.3,,,9 de abril de 2022,,15_01_Cartas_Enviadas/RADICADAS/2022/CI004_992322_070303_CON_SOCIALIZACION_RESULTADOS_E16_2022_SEM-I.pdf
1718,3,CONSORCIO 4C,CI.004/GP10042/22/9.2,,,8 de junio de 2022,,15_01_Cartas_Enviadas/RADICADAS/2022/CI004_1004222_090200_SUP_SUPER_TRANSP_IMI_IMISA_MAY_2022.pdf
1719,5,CONSORCIO 4C,CI.004/GP9929/22/7.1.10,,,1 de abril de 2022,,15_01_Cartas_Enviadas/RADICADAS/2022/CI004_992922_070110_CON_FALLAS_SOLICITUD_CONDICION_SST.pdf
1720,3,CONSORCIO 4C,CI.004/GP10077/22/7.2.10,,,4 de Junio de 2022,,15_01_Cartas_Enviadas/RADICADAS/2022/CI004_1007722_070210_ANI_ACTA_RETRIBUCIÓN_UF4_FEB_2022.pdf
1721,9,CONSORCIO 4C,CI.004/GP9771/22/7.3.3,,,4 de febrero de 2022,,15_01_Cartas_Enviadas/RADICADAS/2022/CI004_977122_070303_CON_CORRECCIÓN_IC_SEM#2_2021_R1.pdf
1722,7,CONSORCIO 4C,CI.004/GP9881/22/7.2.1,,,9 de marzo de 2022,,15_01_Cartas_Enviadas/RADICADAS/2022/CI004_988122_070201_CON_OBLIGACION_CONTINGENTE_MINHACI_FEB_2022.pdf
1723,2,CONSORCIO 4C,CI.004/GP10158/22/9.2,,,9 de Agosto de 2022,,15_01_Cartas_Enviadas/RADICADAS/2022/CI004_1015822_090200_ANI_INF_SOCIOAMB_JUL_2022.pdf
1724,6,CONSORCIO 4C,CI.004/GP9730/22/7.1.7,,,4 de enero de 2022,,15_01_Cartas_Enviadas/RADICADAS/2022/CI004_973022_070107_CON_REV_SOLUCIÓN_HIDRA_INUNDACIÓN_PR81.pdf
1725,2,CONSORCIO 4C,CI.004/GP10051/22/7.2.2,,,3 de Junio de 2022,,15_01_Cartas_Enviadas/RADICADAS/2022/CI004_1005122_070202_ANI_F-207_REND_SUBC_MAY-2022.pdf
1726,3,CONSORCIO 4C,CI.004/GP10046/22/7.3,,,0 de junio de 2022,,15_01_Cartas_Enviadas/RADICADAS/2022/CI004_1004622_070300_CON_SOS_FUNCIONAMIENTO_MAYO_2022.pdf
1727,4,CONSORCIO 4C,CI.004/GP9958/22/7.2.1,,,4 de mayo de 2022,,15_01_Cartas_Enviadas/RADICADAS/2022/CI004_995822_070201_CON_SOLICITUD_AJUSTE_ESTADOS_FINANCIEROS_MAR2022.pdf
1729,4,CONSORCIO 4C,CI.004/GP10253/22/5.3,,,6 de Septiembre de 2022,,15_01_Cartas_Enviadas/RADICADAS/2022/CI004_1025322_050300_ANI_CIERRE_PCURA_PRESENTACIÓN_POLIZA_TODORIESGO.pdf
1728,2,CONSORCIO 4C,CI.004/GP9721/22/7.2.2,,,2 de Enero de 2022,,15_01_Cartas_Enviadas/RADICADAS/2022/CI004_972122_070202_ANI_F-001_MTTO_DIC-2021.pdf
1730,4,CONSORCIO 4C,CI.004/GP9975/22/7.1.8,,,1 de mayo de 2022,,15_01_Cartas_Enviadas/RADICADAS/2022/CI004_997522_070108_CON_SOLICITUD_INFO_POLIZA_CORMAGDALE.pdf
1731,3,CONSORCIO 4C,CI.004/GP9825/22/7.2.1,,,1 de Marzo de 2022,,15_01_Cartas_Enviadas/RADICADAS/2022/CI004_982522_070201_ANI_TRASLADO_RECUR_SUBCUENT_CAPEX_A_REDES.pdf
1732,22,CONSORCIO 4C,CI.004/GP9746/22/5.3,,,0 de Enero de 2022,,15_01_Cartas_Enviadas/RADICADAS/2022/CI004_974622_050300_ANI_INFORME_MULTA_DEFENSAS_UF1.pdf
1733,2,CONSORCIO 4C,CI.004/GP9791/22/7.2.2,,,5 de Febrero de 2022,,15_01_Cartas_Enviadas/RADICADAS/2022/CI004_979122_070202_ANI_F-001_MTTO_ENE-2022.pdf
1734,4,CONSORCIO 4C,CI.004/GP10348/22/5.3,,,1 de Noviembre de 2022,,15_01_Cartas_Enviadas/RADICADAS/2022/CI004_1034822_050300_ANI_CIERRE_PCURA_BARANDAS_PUENTES_PEATONALES.pdf
1735,3,CONSORCIO 4C,CI.004/GP9876/22/7.1.10,,,7 de marzo de 2022,,15_01_Cartas_Enviadas/RADICADAS/2022/CI004_987622_070110_CON_INF_SEGUR_SOCIAL_SALARIOS_2021-2022.pdf
1736,3,CONSORCIO 4C,CI.004/GP10012/22/7.1.9,,,5 de mayo de 2022,,15_01_Cartas_Enviadas/RADICADAS/2022/CI004_1001222_070109_CON_TRASLADO_PQRS_MICHAELLQUINTERO_PR29_UF2.pdf
1737,6,CONSORCIO 4C,CI.004/GP10167/22/7.4.6,,,9 de agosto de 2022,,15_01_Cartas_Enviadas/RADICADAS/2022/CI004_1016722_070406_CON_REVISION_AVALUOS9_FISICOS.pdf
1738,4,CONSORCIO 4C,CI.004/GP9820/22/7.4.6,,,8 de febrero de 2022,,15_01_Cartas_Enviadas/RADICADAS/2022/CI004_982022_070406_CON_OBSER_AVALUOS9_x8_UF2.pdf
1742,23,CONSORCIO 4C,ci.004/gp9054/21/5.3.,,,0 de Febrero de 2022,,15_01_Cartas_Enviadas/RADICADAS/2022/CI004_977922_050300_ANI_MULTA_INDICADORES_UF4_ALCANCE.pdf
1743,4,CONSORCIO 4C,CI.004/GP9955/22/7.3.3,,,2 de Mayo de 2022,,15_01_Cartas_Enviadas/RADICADAS/2022/CI004_995522_070303_ANI_RTA_INDICES_MARZO_2022.pdf
1741,5,CONSORCIO 4C,CI.004/GP9760/22/5.3-7.4,,,8 de Enero de 2022,,15_01_Cartas_Enviadas/RADICADAS/2022/CI004_976022_050300_ANI_NO_OBJECION_PCURA_ACCESO_ALMA-5-0093.pdf
1740,5,CONSORCIO 4C,CI.004/GP10352/22/5.3,,,3 de Noviembre de 2022,,15_01_Cartas_Enviadas/RADICADAS/2022/CI004_1035222_050300_ANI_CIERRE_PCURA_CARRIL_ASCENSO_UF4.pdf
1739,3,CONSORCIO 4C,CI.004/GP9943/22/7.1.8,,,7 de abril de 2022,,15_01_Cartas_Enviadas/RADICADAS/2022/CI004_994322_070108_070109_CON_INF_FINAL_PLAN_REASENT.pdf
1744,3,CONSORCIO 4C,CI.004/GP10259/22/7.2.2,,,9 de septiembre de 2022,,15_01_Cartas_Enviadas/RADICADAS/2022/CI004_1025922_070202_ANI_F-009_RECAUD_PEAJES_AGO-2022_.pdf
1745,3,CONSORCIO 4C,CI.004/GP9821/22/7.4.6,,,8 de febrero de 2022,,15_01_Cartas_Enviadas/RADICADAS/2022/CI004_982122_070406_CON_OBSER_AVALUOS9_ALMA-5-0201.pdf
1746,5,CONSORCIO 4C,CI.004/GP10108/22/7.4,,,8 de Julio de 2022,,15_01_Cartas_Enviadas/RADICADAS/2022/CI004_1010822_070400_ANI_DERECHO_PETICION_ALMA-5-0200_.pdf
1747,2,CONSORCIO 4C,CI.004/GP10050/22/7.2.2,,,3 de Junio de 2022,,15_01_Cartas_Enviadas/RADICADAS/2022/CI004_1005022_070202_ANI_F-009_RECAUD_PEAJES_MAY-2022.pdf
1748,13,CONSORCIO 4C,CI.004/GP10069/22/5.3-7.1.4,,,1 de Junio de 2022,,15_01_Cartas_Enviadas/RADICADAS/2022/CI004_1006922_050300_070104_ANI_INFORME_MULTA_PUENTES_PEATONALES_ADS.pdf
1749,3,CONSORCIO 4C,CI.004/GP10100/22/7.3.7,,,7 de Julio de 2022,,15_01_Cartas_Enviadas/RADICADAS/2022/CI004_1010022_070307_ANI_ACCIDENTE_FATAL_GUATAQUÍ_PR38+350_UF3.pdf
1750,2,CONSORCIO 4C,CI.004/GP10159/22/9.2,,,0 de Agosto de 2022,,15_01_Cartas_Enviadas/RADICADAS/2022/CI004_1015922_090200_ANI_INFORME_MENSUAL_JUL_2022.pdf
1751,4,CONSORCIO 4C,CI.004/GP9764/22/7.1.9,,,2 de febrero de 2022,,15_01_Cartas_Enviadas/RADICADAS/2022/CI004_976422_070109_CON_ATENCION_USUARIO_PQRS_UF2_REV2.pdf
1752,7,CONSORCIO 4C,CI.004/GP10229/22/7.1.4,,,1 de agosto de 2022,,15_01_Cartas_Enviadas/RADICADAS/2022/CI004_1022922_070104_CON_ALERT-LLUVIAS_SITIOS_CRITICOS_II_2022.pdf
1754,3,CONSORCIO 4C,CI.004/GP9891/22/7.2.1,AGENCIA NACIONAL DE INFRAESTRUCTURA - ANI,,31/03/2022,Ref. Contrato de Concesión 003 de 2014 Concesión Honda - Puerto Salgar - Girardot Revisión y concepto sobre el Traslado Retenciones desde la Subcuenta de Compensaciones Ambientales a la Subcuenta O&M y CAPEX.,15_01_Cartas_Enviadas/RADICADAS/2022/CI004_989122_070201_ANI_TRASLADO_RECUR_A_SUBCUENT_A_CAPEX_O&M.pdf
1753,3,CONSORCIO 4C,CI.004/GP9914/22/7.2.2,CONCESIÓN ALTO MAGDALENA S.A.S.,,13/04/2022,"Ref. Contrato de Concesión 003 de 2014 Concesión Honda - Puerto Salgar - Girardot Remisión Formato GCSP-F-009 Informe Mensual Recaudo de Peajes, marzo 2022.",15_01_Cartas_Enviadas/RADICADAS/2022/CI004_991422_070202_ANI_F-009_RECAUD_PEAJES_MAR-2022.pdf
1756,13,CONSORCIO 4C,CI.004/GP10308/22/5.3-7.4,AGENCIA NACIONAL DE INFRAESTRUCTURA - ANI,,14/10/2022,"Ref. Contrato de Concesión 003 de 2014 Concesión Honda - Puerto Salgar - Girardot Seguimiento procesos conminatorios relacionados con la obligación de cercar los predios de las Unidades Funcionales 2, 3, 4 y 5.",15_01_Cartas_Enviadas/RADICADAS/2022/CI004_1030822_050300_070400_ANI_SEGUIMIENTO_CERCAS_PREDIOS_ZONAS_URBANAS.pdf
1755,4,CONSORCIO 4C,CI.004/GP10170/22/7.1.11,AGENCIA NACIONAL DE INFRAESTRUCTURA - ANI,20223110235571,10/08/2022,Ref. Contrato de Concesión 003 de 2014 Concesión Honda - Puerto Salgar - Girardot No objeción al Plan de Manejo de Tráfico para Obras en el PR66+800 RN4508 - UF3.,15_01_Cartas_Enviadas/RADICADAS/2022/CI004_1017022_070111_ANI_NO_OBJECION_PMT_PR66_UF3_V2.pdf
1757,3,CONSORCIO 4C,CI.004/GP10008/22/7.1.9,CONCESIÓN ALTO MAGDALENA S.A.S.,,24/05/2022,Ref. Contrato de Concesión 003 de 2014 Concesión Honda - Puerto Salgar - Girardot Solicitud de revisión y Traslado de petición Mary Isabel Patiño - afectación a red de acueducto veredal en predio El diamante (ALMA-4-0012),15_01_Cartas_Enviadas/RADICADAS/2022/CI004_1000822_070109_CON_PQRS_MPATIÑO_PETICION_REPARA_MAGUERA_BOX.pdf
1758,4,CONSORCIO 4C,CI.004/GP10185/22/7.3,CONCESIÓN ALTO MAGDALENA S.A.S.,,18/08/2022,Ref. Contrato de Concesión 003 de 2014 Concesión Honda - Puerto Salgar - Girardot Requerimiento formal para la Poda de Árboles localizados desde el PR30+990 hasta el PR31+040 de la RN4510 – Municipio de La Dorada.,15_01_Cartas_Enviadas/RADICADAS/2022/CI004_1018522_070300_CON_REQUERIMI_PODA_ARBOLES_PR30_RN4510.pdf
1760,3,CONSORCIO 4C,CI.004/GP9718/22/7.2.7,AGENCIA NACIONAL DE INFRAESTRUCTURA - ANI,,07/01/2022,"Ref. Contrato de Concesión 003 de 2014 Concesión Honda - Puerto Salgar - Girardot Estructura Tarifaria aplicable para el año 2022 en los Peajes Cambao, Guataquí y Las Brisas.",15_01_Cartas_Enviadas/RADICADAS/2022/CI004_971822_070207_ANI_TARIFAS_PEAJES_2022.pdf
1759,3,CONSORCIO 4C,CI.004/GP10107/22/9.2,SUPERINTENDENCIA DE PUERTOS Y TRANSPORTE,,08/07/2022,"Ref. Contrato de Concesión 003 de 2014 Concesión Honda - Puerto Salgar - Girardot Informe Mensual Técnico N92 y Socio ambiental N80, correspondientes al mes de JUNIO del 2022.",15_01_Cartas_Enviadas/RADICADAS/2022/CI004_1010722_090200_SUP_SUPER_TRANSP_IMI_IMISA_JUN_2022.pdf
1761,11,CONSORCIO 4C,CI.004/GP9812/22/7.1.4,CONCESIÓN ALTO MAGDALENA S.A.S.,,22/02/2022,Ref. Contrato de Concesión 003 de 2014 Concesión Honda - Puerto Salgar - Girardot Obligaciones del Concesionario en materia de Operación y Mantenimiento de las Áreas Contractuales,15_01_Cartas_Enviadas/RADICADAS/2022/CI004_981222_070104_CON_MANTENIMIENTO_AREAS_CONTRACTUALES.pdf
1762,4,CONSORCIO 4C,CI.004/GP10258/22/7.3,CONCESIÓN ALTO MAGDALENA S.A.S.,,16/09/2022,Ref. Contrato de Concesión 003 de 2014 Concesión Honda - Puerto Salgar - Girardot Informes de avance del reporte de la información de los dispositivos SIT en el módulo de Aniscopio,15_01_Cartas_Enviadas/RADICADAS/2022/CI004_1025822_070300_CON_REQUERIM_INFO_SIT_ANISCOPIO.pdf
1764,3,CONSORCIO 4C,CI.004/GP9908/22/5.3,CONCESIÓN ALTO MAGDALENA S.A.S.,,09/04/2022,Ref. Contrato de Concesión 003 de 2014 Concesión Honda - Puerto Salgar - Girardot Revisión a la Póliza de cumplimiento,15_01_Cartas_Enviadas/RADICADAS/2022/CI004_990822_050300_CON_REV_POLIZA_CUMPLIMIENTO_O&M.pdf
1763,3,CONSORCIO 4C,CI.004/GP10338/22/5.3,AGENCIA NACIONAL DE INFRAESTRUCTURA - ANI,20223040341781,27/10/2022,Ref. Contrato de Concesión 003 de 2014 Concesión Honda - Puerto Salgar - Girardot Solicitud de permiso EPM: proyecto Solar Fotovoltaico Tepuy. PR21 RN4510 (UF5). Expediente No.20223040280200004E.,15_01_Cartas_Enviadas/RADICADAS/2022/CI004_1033822_070114_ANI_OCUPA_TEMPORAL_CARRILES_TEPUY_EPM_#3.pdf
1765,2,CONSORCIO 4C,CI.004/GP9743/22/2.2,AGENCIA NACIONAL DE INFRAESTRUCTURA - ANI,,19/01/2022,Ref. Contrato de Concesión 003 de 2014 Concesión Honda - Puerto Salgar - Girardot Reemplazo personal de Interventoría. Topógrafo.,15_01_Cartas_Enviadas/RADICADAS/2022/CI004_974322_020200_ANI_REEMPLAZO_TOPOGRAFO.pdf
1767,3,CONSORCIO 4C,CI.004/GP9711/22/7.2.9,AGENCIA NACIONAL DE INFRAESTRUCTURA - ANI,,05/01/2022,Ref. Contrato de Concesión 003 de 2014 Concesión Honda – Girardot – Puerto Salgar Acta de Calculo VPIP noviembre 2021.,15_01_Cartas_Enviadas/RADICADAS/2022/CI004_971122_070209_ANI_ACTA_VPIP_NOV_2021.pdf
1766,4,CONSORCIO 4C,CI.004/GP10007/22/7.3.3,CONCESIÓN ALTO MAGDALENA S.A.S.,,24/05/2022,Ref. Contrato de Concesión 003 de 2014 Concesión Honda - Puerto Salgar - Girardot Plan de mediciones - Niveles de Servicio junio de 2022 incluye medición de indicadores frecuencia semestral.,15_01_Cartas_Enviadas/RADICADAS/2022/CI004_1000722_070303_CON_PLAN_MEDICION_INDICADORES_JUN_2022.pdf
1768,5,CONSORCIO 4C,CI.004/GP9741/22/7.5,CONCESIÓN ALTO MAGDALENA S.A.S.,,18/01/2022,Ref. Contrato de Concesión 003 de 2014 Concesión Honda - Puerto Salgar - Girardot Revisión del Informe Gerencial Mensual No. 86 de Diciembre 2021.,15_01_Cartas_Enviadas/RADICADAS/2022/CI004_974122_070500_OBSERV_INFOR_GERENC_DIC_2021.pdf
1770,6,CONSORCIO 4C,CI.004/GP10243/22/7.2,PRICEWHATERHOUSECOOPERS LTDA,,09/09/2022,Ref. Contrato de Concesión 003 de 2014 Concesión Honda – Girardot – Puerto Salgar. Información relacionada Patrimonio Autónomo Alto Magdalena al 30 de junio de 2022.,15_01_Cartas_Enviadas/RADICADAS/2022/CI004_1024322_070200_TER_PWC_INFORMACIÓN_REVISOR_FISCAL.pdf
1769,2,CONSORCIO 4C,CI.004/GP9722/22/7.2.2,AGENCIA NACIONAL DE INFRAESTRUCTURA - ANI,,12/01/2022,"Ref. Contrato de Concesión 003 de 2014 Concesión Honda - Puerto Salgar - Girardot Remisión Formato GCSP-F-009 Informe Mensual Recaudo de Peajes, diciembre 2021.",15_01_Cartas_Enviadas/RADICADAS/2022/CI004_972222_070202_ANI_F-009_RECAUD_PEAJES_DIC-2021.pdf
1771,5,CONSORCIO 4C,CI.004/GP10188/22/7.1.10,CONCESIÓN ALTO MAGDALENA S.A.S.,,18/08/2022,Ref. Contrato de Concesión 003 de 2014 Concesión Honda - Puerto Salgar - Girardot Recomendaciones para mejorar las condiciones de seguridad y salud en el trabajo - SST.,15_01_Cartas_Enviadas/RADICADAS/2022/CI004_1018822_070110_REQUERIMIENT_HALLAZGOS_CONDICIONES_SST.pdf
1772,6,CONSORCIO 4C,CI.004/GP9834/22/7.1.7,CONCESIÓN ALTO MAGDALENA S.A.S.,,03/03/2022,Ref. Contrato de Concesión 003 de 2014 Concesión Honda - Puerto Salgar - Girardot Revisión Estudios y Diseños para el Sitio Crítico ubicado en el PR66+820,15_01_Cartas_Enviadas/RADICADAS/2022/CI004_983422_070107_CON_REV_E&D_SITIO_CRITICO_PR66.pdf
1775,4,CONSORCIO 4C,CI.004/GP9977/21/7.2.8,,,1 de Mayo de 2022,,15_01_Cartas_Enviadas/RADICADAS/2022/CI004_997722_070208_ANI_REVISION_RECAUDO_FOSEVI_ENE_FEB_MAR_2022.pdf
1777,2,CONSORCIO 4C,,,,6 de septiembre de 2022,,15_01_Cartas_Enviadas/RADICADAS/2022/CI004_1027222_070402_CON_REV_EXPEDIENTE_PREDIAL_COMP_SOCIAL_3-146___.pdf
1778,2,CONSORCIO 4C,CI.004/GP9952/22/2.2,,,0 de Abril de 2022,,15_01_Cartas_Enviadas/RADICADAS/2022/CI004_995222_020200_ANI_REEMPLAZO_PROFES_CONTABLE.pdf
1776,4,CONSORCIO 4C,CI.004/GP9931/22/7.4.1,,,2 de abril de 2022,,15_01_Cartas_Enviadas/RADICADAS/2022/CI004_993122_070400_CON_SEGUIMIENTO_OTROSI_No9.pdf
1773,3,CONSORCIO 4C,CI.004/GP10330/22/7.4.4,,,7 de octubre de 2022,,15_01_Cartas_Enviadas/RADICADAS/2022/CI004_1033022_070404_CON_OBS_RESOL_EXPROPIA_ALMA-3-0146.pdf
1779,5,CONSORCIO 4C,CI.004/GP9707/22/7.3.3,,,4 de enero de 2022,,15_01_Cartas_Enviadas/RADICADAS/2022/CI004_970722_070303_CON_RESULTADOS_NS_UF2_CICLO RUTA_NOV_2021_RTA.pdf
1774,3,CONSORCIO 4C,CI.004/GP10082/22/7.1.14,AGENCIA NACIONAL DE INFRAESTRUCTURA - ANI,,28/06/2022,Ref. Contrato de Concesión 003 de 2014 Concesión Honda - Puerto Salgar - Girardot Concepto técnico permiso de ocupación Temporal – ENEL Puerto Bogotá. Expediente No 20223040280200227E.,15_01_Cartas_Enviadas/RADICADAS/2022/CI004_1008222_070114_ANI_OCUPA_TEMPORAL_ENEL_PTO_BOGOTA.pdf
1780,6,CONSORCIO 4C,CI.004/GP10269/22/7.3,,,6 de Septiembre de 2022,,15_01_Cartas_Enviadas/RADICADAS/2022/CI004_1026922_070300_ANI_PANELES_LED_PROCEDIMIENTO.pdf
1782,2,CONSORCIO 4C,CI.004/GP10307/22/7.2.2,,,4 de Octubre de 2022,,15_01_Cartas_Enviadas/RADICADAS/2022/CI004_1030722_070202_ANI_F-208_EXPLOTA_COMERCIAL_SEP-2022.pdf
1783,4,CONSORCIO 4C,CI.004/GP10102/22/7.1.8,,,8 de julio de 2022,,15_01_Cartas_Enviadas/RADICADAS/2022/CI004_1010222_070108_CON_REV_INF_TRIM_AMB_30.pdf
1784,4,CONSORCIO 4C,CI.004/GP10141/22/7.4.4,,,8 de julio de 2022,,15_01_Cartas_Enviadas/RADICADAS/2022/CI004_1014122_070404_CON_OBS_RES_EXPR_ALMA-3-0069.pdf
1785,6,CONSORCIO 4C,CI.004/GP9963/22/7.1.13,,,4 de mayo de 2022,,15_01_Cartas_Enviadas/RADICADAS/2022/CI004_996322_070113_CON_SOLICITUD_INFO_CALIDAD_PINTURA_VIAL_TACHAS.pdf
1781,4,CONSORCIO 4C,CI.004/GP9804/22/7.1.9,,,6 de febrero de 2022,,15_01_Cartas_Enviadas/RADICADAS/2022/CI004_980422_070109_CON_REV_PLAN_GESTIÓN_SOCIAL_ACTUALZ_PGSC.pdf
1787,3,CONSORCIO 4C,CI.004/GP10078/22/7.4.4,,,4 de junio de 2022,,15_01_Cartas_Enviadas/RADICADAS/2022/CI004_1007822_070404_CON_OBS_RES_EXPR_ALMA-2-0136-1.pdf
1788,4,CONSORCIO 4C,CI.004/GP9905/22/7.3.3,,,9 de abril de 2022,,15_01_Cartas_Enviadas/RADICADAS/2022/CI004_990522_070303_CON_BACHES_HUNDIMIENTOS_BERMA.pdf
1786,17,CONSORCIO 4C,CI.004/GP9901/22/7.3.3,,,5 de abril de 2022,,15_01_Cartas_Enviadas/RADICADAS/2022/CI004_990122_070303_CON_INDICES_MARZO_2022.pdf
1789,2,CONSORCIO 4C,CI.004/GP10327/22/9.2,,,4 de Octubre de 2022,,15_01_Cartas_Enviadas/RADICADAS/2022/CI004_1032722_090200_ANI_VIDEO_IMI_OCT_2022.pdf
1790,2,CONSORCIO 4C,CI.004/GP9878/22/5.3,,,8 de Marzo de 2022,,15_01_Cartas_Enviadas/RADICADAS/2022/CI004_987822_070500_ANI_OBSERV_INFOR_GERENC_FEB_2022.pdf
1791,2,CONSORCIO 4C,CI.004/GP10241/22/2.2,,,9 de Septiembre de 2022,,15_01_Cartas_Enviadas/RADICADAS/2022/CI004_1024122_020200_ANI_REEMPLAZO_PROFES_CONTABLE_CFORERO.pdf
1792,10,CONSORCIO 4C,CI.004/GP10055/22/9.3,,,4 de junio de 2022,,15_01_Cartas_Enviadas/RADICADAS/2022/CI004_1005522_090300_CON_PLANOS_RECORD_PROYECTO_V9.pdf
1793,2,CONSORCIO 4C,CI.004/GP9849/22/5.3-7.4,,,0 de Marzo de 2022,,15_01_Cartas_Enviadas/RADICADAS/2022/CI004_984922_050300_070400_ANI_NO_OBJECION_PCURA_ACCESO_ALMA-5-0093.pdf
1794,3,CONSORCIO 4C,CI.004/GP10133/22/7.5,,,5 de julio de 2022,,15_01_Cartas_Enviadas/RADICADAS/2022/CI004_1013322_070500_CON_DEVOLU_INFOR_GERENC_JUN_2022.pdf
1795,2,CONSORCIO 4C,CI.004/GP10075/22/7.5,,,4 de Junio de 2022,,15_01_Cartas_Enviadas/RADICADAS/2022/CI004_1007522_070500_ANI_ESTADO_CUMP_INFORME_GERENCIAL_MAY_2022.pdf
1796,4,CONSORCIO 4C,CI.004/GP9910/22/7.4.4,,,2 de abril de 2022,,15_01_Cartas_Enviadas/RADICADAS/2022/CI004_991022_070404_CON_OBS_RES_EXPR_ALMA-3-0098.pdf
1798,4,CONSORCIO 4C,CI.004/GP9869/21/7.1.8,,,5 de marzo de 2022,,15_01_Cartas_Enviadas/RADICADAS/2022/CI004_986922_070108_CON_REV_INFORME_TRIMESTRAL_AMBIENTAL_29.pdf
1797,3,CONSORCIO 4C,CI.004/GP9848/22/5.3-7.4,,,0 de marzo de 2022,,15_01_Cartas_Enviadas/RADICADAS/2022/CI004_984822_050300_070400_CON_REQUERI_INFO_ACCESO_ALMA-5-193_BARRAGAN.pdf
1800,3,CONSORCIO 4C,CI.004/GP10341/22/7.4.6,,,9 de octubre de 2022,,15_01_Cartas_Enviadas/RADICADAS/2022/CI004_1034122_070406_CON_REMISIÓN_AVALUOS9_FISICOS_ORIGINALES.pdf
1799,3,CONSORCIO 4C,CI.004/GP9753/22/7.1.9,,,5 de enero de 2022,,15_01_Cartas_Enviadas/RADICADAS/2022/CI004_975322_070109_CON_FGUTIERREZ_DER_PETICION.pdf
1801,3,CONSORCIO 4C,CI.004/GP9969/22/7.1.8,,,9 de mayo de 2022,,15_01_Cartas_Enviadas/RADICADAS/2022/CI004_996922_070108_CON_INFORME_COMPEMSACION_AMBIENTAL_EXP_51730.pdf
1802,3,CONSORCIO 4C,CI.004/GP9826/22/7.4.1,,,1 de Marzo de 2022,,15_01_Cartas_Enviadas/RADICADAS/2022/CI004_982622_070401_ANI_DERECHO_PETICION_ALMA-5-0157.pdf
1803,6,CONSORCIO 4C,CI.004/GP10196/22/7.4.6,,,9 de agosto de 2022,,15_01_Cartas_Enviadas/RADICADAS/2022/CI004_1019622_070406_CON_REVISION_INFORME_OTROSI9.pdf
1804,11,CONSORCIO 4C,CI.004/GP10287/22/7.4.1,,,3 de octubre de 2022,,15_01_Cartas_Enviadas/RADICADAS/2022/CI004_1028722_070401_CON_INDICE_PREDIAL_AGO_2022_ALCANCE.pdf
1805,2,CONSORCIO 4C,CI.004/GP10275/22/9.2,,,8 de Septiembre de 2022,,15_01_Cartas_Enviadas/RADICADAS/2022/CI004_1027522_090200_ANI_VIDEO_IMI_SEP_2022.pdf
1806,3,CONSORCIO 4C,CI.004/GP10145/22/7.3.3,,,9 de julio de 2022,,15_01_Cartas_Enviadas/RADICADAS/2022/CI004_1014522_070303_CON_PLAN_MEDICION_INDICADORES_AGO_2022.pdf
1807,5,CONSORCIO 4C,CI.004/GP10171/21/7.4.1,,,1 de agosto de 2022,,15_01_Cartas_Enviadas/RADICADAS/2022/CI004_1017122_070401_CON_DEVOLUCIÓN_EXPEDIENTES_PREDIAL_X13.pdf
1808,4,CONSORCIO 4C,CI.004/GP10207/22/7.1.9,,,4 de agosto de 2022,,15_01_Cartas_Enviadas/RADICADAS/2022/CI004_1020722_070109_CON_ATENCION_USUARIO_PQRS_UF4_UF5.pdf
1810,5,CONSORCIO 4C,CI.004/GP10099/22/7.5,,,6 de julio de 2022,,15_01_Cartas_Enviadas/RADICADAS/2022/CI004_1009922_070500_CON_OBSERV_INFOR_GERENC_ABR_2022_V2.pdf
1811,2,CONSORCIO 4C,CI.004/GP10324/22/5.3,,,0 de Octubre de 2022,,15_01_Cartas_Enviadas/RADICADAS/2022/CI004_1032422_050300_ANI_RTA_ESTADO_REV_POLIZAS_RCE_&_TODORIESGO.pdf
1809,3,CONSORCIO 4C,CI.004/GP10309/22/7.1.10,,,4 de octubre de 2022,,15_01_Cartas_Enviadas/RADICADAS/2022/CI004_1030922_070110_CON_SEGURIDAD_SOCIAL_SALARIOS_AGO_JUL.pdf
1813,2,CONSORCIO 4C,CI.004/GP9978/22/7.2.2,,,2 de Mayo de 2022,,15_01_Cartas_Enviadas/RADICADAS/2022/CI004_997822_070202_ANI_F-007_REC_PUB_ABR_2022.pdf
1814,22,CONSORCIO 4C,CI.004/GP9903/22/5.3,,,2 de Abril de 2022,,15_01_Cartas_Enviadas/RADICADAS/2022/CI004_990322_050300_ANI_EER_PREDIAL_ADQUISICION_SAE_x3.pdf
1812,5,CONSORCIO 4C,CI.004/GP10054/22/5.3,CONCESIÓN ALTO MAGDALENA S.A.S.,,14/06/2022,Ref. Contrato de Concesión 003 de 2014 Concesión Honda - Puerto Salgar - Girardot Solicitud de Información complementaria relacionada con los Costos Ociosos reclamados por el Concesionario.,15_01_Cartas_Enviadas/RADICADAS/2022/CI004_1005422_050300_CON_REQUERI_INFO_COSTOS_OCIOSOS.pdf
1815,2,CONSORCIO 4C,CI.004/GP9780/22/9.2,AGENCIA NACIONAL DE INFRAESTRUCTURA - ANI,,10/02/2022,Ref. Contrato de Concesión 003 de 2014 Concesión Honda - Puerto Salgar - Girardot Registro Fílmico Informe Mensual de Interventoría 87 – enero de 2022.,15_01_Cartas_Enviadas/RADICADAS/2022/CI004_978021_090200_ANI_VIDEO_IMI_ENE_2022.pdf
1816,2,CONSORCIO 4C,CI.004/GP9852/22/7.2.2,AGENCIA NACIONAL DE INFRAESTRUCTURA - ANI,,11/03/2022,"Ref. Contrato de Concesión 003 de 2014 Concesión Honda - Puerto Salgar - Girardot Remisión Formato GCSP-F-009 Informe Mensual Recaudo de Peajes, febrero 2022.",15_01_Cartas_Enviadas/RADICADAS/2022/CI004_985222_070202_ANI_F-009_RECAUD_PEAJES_FEB-2022.pdf
1817,4,CONSORCIO 4C,CI.004/GP9965/22/7.1.9,CONCESIÓN ALTO MAGDALENA S.A.S.,,05/05/2022,Ref. Contrato de Concesión 003 de 2014 Concesión Honda - Puerto Salgar - Girardot Seguimiento programa de atención al usuario. PQRS de la UF3,15_01_Cartas_Enviadas/RADICADAS/2022/CI004_996522_070109_CON_ATENCION_USUARIO_PQRS_UF3.pdf
1818,4,CONSORCIO 4C,CI.004/GP9865/22/7.4.6,CONCESIÓN ALTO MAGDALENA S.A.S,,15/03/2022,Ref. Contrato de Concesión 003 de 2014 Concesión Honda - Puerto Salgar - Girardot. Revisión de Avalúo Otrosí No. 9. Predio ALMA-2-0077 de la UF2,15_01_Cartas_Enviadas/RADICADAS/2022/CI004_986522_070406_CON_OBSER_AVALUOS9_ALMA-2-0077.pdf
1819,3,CONSORCIO 4C,CI.004/GP9950/22/5.3,,,8 de abril de 2022,,15_01_Cartas_Enviadas/RADICADAS/2022/CI004_995022_050300_CON_SOLICITUD_CONSULTA_FASECOLDA_POLIZA_TODORIESGO.pdf
1820,3,CONSORCIO 4C,CI.004/GP10204/22/7.1.14,,,3 de Agosto de 2022,,15_01_Cartas_Enviadas/RADICADAS/2022/CI004_1020422_070114_ANI_PERMISO_OCUPA_TEMPORAL_ALCANTARILADO_PTO.BOGOTÁ.pdf
1821,2,CONSORCIO 4C,CI.004/GP9793/21/7.2.2,,,5 de Febrero de 2022,,15_01_Cartas_Enviadas/RADICADAS/2022/CI004_979322_070202_ANI_F-303_VIGENCIAS_FUTURAS_2022.pdf
1822,5,CONSORCIO 4C,CI.004/GP9928/22/7.1.8,,,1 de abril de 2022,,15_01_Cartas_Enviadas/RADICADAS/2022/CI004_992822_070108_CON_ASP_IMPACT_AMBIENTAL_O&M_190422.pdf
1823,5,CONSORCIO 4C,CI.004/GP10148/22/7.1.9,,,3 de agosto de 2022,,15_01_Cartas_Enviadas/RADICADAS/2022/CI004_1014822_070109_TER_RTA_SOLICITUD_AFECTACION_MANGUERA_PREDIO_EL DIAMANTE.pdf
1824,4,CONSORCIO 4C,CI.004/GP10214/22/7.2.8,,,9 de Agosto de 2022,,15_01_Cartas_Enviadas/RADICADAS/2022/CI004_1021422_070208_ANI_REVISION_RECAUDO_FOSEVI_JUL_2022.pdf
1826,5,CONSORCIO 4C,CI.004/GP9957/22/7.3.3,,,3 de mayo de 2022,,15_01_Cartas_Enviadas/RADICADAS/2022/CI004_995722_070303_CON_RTA_INDICES_MARZO_2022.pdf
1827,6,CONSORCIO 4C,CI.004/GP10360/22/7.2.10,,,5 de Noviembre de 2022,,15_01_Cartas_Enviadas/RADICADAS/2022/CI004_1036022_070210_ANI_ACTAS_RETRIBUCIÓN_X4_SEP_2022_.pdf
1825,11,CONSORCIO 4C,CI.004/GP9751/22/5.3-7.2.8,,,5 de Enero de 2022,,15_01_Cartas_Enviadas/RADICADAS/2022/CI004_975122_050300_070208_ANI_PROPUESTA_AUMENTAR_RECAUDO_BRISAS.pdf
1828,10,CONSORCIO 4C,CI.004/GP10199/22/7.1.15,,,2 de agosto de 2022,,15_01_Cartas_Enviadas/RADICADAS/2022/CI004_1019922_070115_CON_APROBACION_DESMBOLSO_ACTA17_REDES.pdf
1829,3,CONSORCIO 4C,CI.004/GP9888/22/7.3,,,9 de marzo de 2022,,15_01_Cartas_Enviadas/RADICADAS/2022/CI004_988822_070300_CON_SOS_FUNCIONAMIENTO_MARZO_2022.pdf
1830,9,CONSORCIO 4C,CI.004/GP9708/22/7.4.1,,,4 de enero de 2022,,15_01_Cartas_Enviadas/RADICADAS/2022/CI004_970822_070401_CON_INDICE_PREDIAL_DIC2021.pdf
1831,18,CONSORCIO 4C,CI.004/GP9712/22/7.3.3,,,6 de enero de 2022,,15_01_Cartas_Enviadas/RADICADAS/2022/CI004_971222_070303_CON_INDICES_DICIEMBRE_2021.pdf
1832,4,CONSORCIO 4C,CI.004/GP9960/22/7.4.4,,,4 de mayo de 2022,,15_01_Cartas_Enviadas/RADICADAS/2022/CI004_996022_070404_ANI_RESOL_EXPRO_ALMA-2-0136-1.pdf
1833,2,CONSORCIO 4C,CI.004/GP10198/22/7.3,,,9 de Agosto de 2022,,15_01_Cartas_Enviadas/RADICADAS/2022/CI004_1019822_070300_ANI_ANTIJURÍDICO_JUL_2022.pdf
1834,8,CONSORCIO 4C,CI.004/GP9966/22/7.5,,,5 de mayo de 2022,,15_01_Cartas_Enviadas/RADICADAS/2022/CI004_996622_070500_CON_REV2_MEM_TEC_NOV_2021.pdf
1836,3,CONSORCIO 4C,CI.004/GP9847/22/7.1.9,,,0 de marzo de 2022,,15_01_Cartas_Enviadas/RADICADAS/2022/CI004_984722_070109_CON_REV_PLAN_GESTIÓN_SOCIAL_ACTUALZ_PGSC_R2.pdf
1837,3,CONSORCIO 4C,CI.004/GP10076/22/7.4.1,,,4 de junio de 2022,,15_01_Cartas_Enviadas/RADICADAS/2022/CI004_1007622_070401_CON_OBS_INFOGP_ABR2022.pdf
1838,3,CONSORCIO 4C,CI.004/GP10249/22/7.3.7,,,4 de Septiembre de 2022,,15_01_Cartas_Enviadas/RADICADAS/2022/CI004_1024922_070307_ANI_ACCIDENTE_FATAL_PR07+580_RN4510_UF5.2.pdf
1835,4,CONSORCIO 4C,CI.004/GP9839/22/7.4.6,,,7 de marzo de 2022,,15_01_Cartas_Enviadas/RADICADAS/2022/CI004_983922_070406_CON_OBSER_AVALUOS9_x11_UF2.pdf
1840,4,CONSORCIO 4C,CI.004/GP10322/22/7.4.1,,,0 de Octubre de 2022,,15_01_Cartas_Enviadas/RADICADAS/2022/CI004_1032222_070401_ANI_APORTE_PETICION_ALMA-4-0062.pdf
1839,3,CONSORCIO 4C,CI.004/GP10274/22/7.3.3,,,6 de septiembre de 2022,,15_01_Cartas_Enviadas/RADICADAS/2022/CI004_1027422_070303_CON_RESULTADOS_MEDICIONES_E16_UF5.pdf
1841,2,CONSORCIO 4C,CI.004/GP9723/22/7.2.2,,,2 de Enero de 2022,,15_01_Cartas_Enviadas/RADICADAS/2022/CI004_972322_070202_ANI_F-091_TEST_DETERIORO_DIC-2021.pdf
1842,2,CONSORCIO 4C,CI.004/GP10092/22/7.3.7,,,1 de Julio de 2022,,15_01_Cartas_Enviadas/RADICADAS/2022/CI004_1009222_070307_ANI_ACCIDENTE_FATAL_GUATAQUÍ_PR38+970_UF3.pdf
1843,4,CONSORCIO 4C,CI.004/GP10193/22/7.2.1,,,8 de agosto de 2022,,15_01_Cartas_Enviadas/RADICADAS/2022/CI004_1019322_070201_CON_REQUERIM_PAGOS_SUBCUENTA_PREDIOS.pdf
1844,4,CONSORCIO 4C,CI.004/GP9951/22/7.3.3,,,9 de abril de 2022,,15_01_Cartas_Enviadas/RADICADAS/2022/CI004_995122_070303_CON_PLAN_MEDICION_INDICADORES_MAYO_2022.pdf
1845,6,CONSORCIO 4C,CI.004/GP10271/22/7.1.8,,,6 de Septiembre de 2022,,15_01_Cartas_Enviadas/RADICADAS/2022/CI004_1027122_070108_ANI_AVANCE_PLAN_INVERSION_FORZOSA_1%_UF4.pdf
1846,2,CONSORCIO 4C,CI.004/GP9714/22/9.2,,,7 de Enero de 2022,,15_01_Cartas_Enviadas/RADICADAS/2022/CI004_971422_090200_ANI_INF_SOCIOAMB_ DIC_2021.pdf
1848,4,CONSORCIO 4C,CI.004/GP10153/22/7.1.14,,,5 de agosto de 2022,,15_01_Cartas_Enviadas/RADICADAS/2022/CI004_1015322_070114_CON_REQUERI_CONCEPTOS_PENDIENTES_PERMISO_OCUPA_RES716.pdf
1849,3,CONSORCIO 4C,CI.004/GP10131/22/7.1.9,,,5 de julio de 2022,,15_01_Cartas_Enviadas/RADICADAS/2022/CI004_1013122_070109_CON_REQUERIMI_REPARA_MANGUERA_DIAMANTE_MPATIÑO.pdf
1850,2,CONSORCIO 4C,CI.004/GP10180/22/7.2.2,,,2 de Agosto de 2022,,15_01_Cartas_Enviadas/RADICADAS/2022/CI004_1018022_070202_ANI_F-208_EXPLOTA_COMERCIAL_JUL-2022.pdf
1852,2,CONSORCIO 4C,CI.004/GP9961/22/1,,,4 de Mayo de 2022,,15_01_Cartas_Enviadas/RADICADAS/2022/CI004_996122_010000_ANI_ACTUALIZA_PROTOCOL_BIOSEGURIDAD_4C_V05.pdf
1847,3,CONSORCIO 4C,CI.004/GP9999/22/7.1.14,,,0 de mayo de 2022,,15_01_Cartas_Enviadas/RADICADAS/2022/CI004_999922_070114_CON_OCUPA_TEMPORAL_PMT_TEPUY_EPM.pdf
1851,2,CONSORCIO 4C,CI.004/GP9851/22/7.2.2,,,1 de Marzo de 2022,,15_01_Cartas_Enviadas/RADICADAS/2022/CI004_985122_070202_ANI_F-001_MTTO_FEB-2022.pdf
1853,4,CONSORCIO 4C,CI.004/GP10228/22/9.2,,,7 de septiembre de 2022,,15_01_Cartas_Enviadas/RADICADAS/2022/CI004_1022822_090200_SUP_SUPER_TRANSP_IMI_IMISA_AGO_2022.pdf
1854,10,CONSORCIO 4C,CI.004/GP10333/22/7.4.1,,,7 de octubre de 2022,,15_01_Cartas_Enviadas/RADICADAS/2022/CI004_1033322_070401_CON_INDICE_PREDIAL_OCT_2022.pdf
1855,3,CONSORCIO 4C,CI.004/GP9783/22/5.3-7.1.4,,,1 de Febrero de 2022,,15_01_Cartas_Enviadas/RADICADAS/2022/CI004_978322_050300_070104_ANI_DESISTIMIENTO_NOOBJECIÓN_PCURA_INUNDA_PR81_UF3.pdf
1856,4,CONSORCIO 4C,CI.004/GP10343/22/5.3-1,,,1 de octubre de 2022,,15_01_Cartas_Enviadas/RADICADAS/2022/CI004_1034322_050300-010000_CON_CESE_RECIBO_CORRESPONDENCIA_4C.pdf
1857,2,CONSORCIO 4C,CI.004/GP10326/22/5.3-7.3,,,4 de Octubre de 2022,,15_01_Cartas_Enviadas/RADICADAS/2022/CI004_1032622_050300-070500_ANI_RATIFICA_NO_OBJECIÓN_PCURA_MANUAL_OPERACIONES_2022.pdf
1858,4,CONSORCIO 4C,CI.004/GP10240/22/7.1.9,,,9 de septiembre de 2022,,15_01_Cartas_Enviadas/RADICADAS/2022/CI004_1024022_070109_CON_ATENCION_USUARIO_PQRS_UF3.pdf
1859,2,CONSORCIO 4C,CI.004/GP9795/22/7.2.2,,,5 de Febrero de 2022,,15_01_Cartas_Enviadas/RADICADAS/2022/CI004_979522_070202_ANI_F-007_REC_PUB_ENE-2022.pdf
1860,3,CONSORCIO 4C,CI.004/GP9996/22/5.3,,,9 de mayo de 2022,,15_01_Cartas_Enviadas/RADICADAS/2022/CI004_999622_050300_CON_SOLICITUD_CONSULTA_FASECOLDA_POLIZA_TODORIESGO_REITERA.pdf
1862,2,CONSORCIO 4C,CI.004/GP9725/22/7.2.2,,,2 de Enero de 2022,,15_01_Cartas_Enviadas/RADICADAS/2022/CI004_972522_070202_ANI_F-208_EXPLOTA_COMERCIAL_DIC_2021.pdf
1863,5,CONSORCIO 4C,CI.004/GP10020/22/7.1.8,,,6 de mayo de 2022,,15_01_Cartas_Enviadas/RADICADAS/2022/CI004_1002022_070108_CON_ASP_IMPACT_AMBIENTAL_O&M.pdf
1866,15,CONSORCIO 4C,CI.004/GP10045/22/7.3.3,,,0 de junio de 2022,,15_01_Cartas_Enviadas/RADICADAS/2022/CI004_1004522_070303_CON_INDICES_MAYO_2022.pdf
1864,3,CONSORCIO 4C,CI.004/GP10203/22/7.1.10,,,3 de agosto de 2022,,15_01_Cartas_Enviadas/RADICADAS/2022/CI004_1020322_070110_CON_INF_SEGUR_SOCIAL_SALARIOS.pdf
1861,4,CONSORCIO 4C,CI.004/GP10312/22/7.2.10,,,0 de Octubre de 2022,,15_01_Cartas_Enviadas/RADICADAS/2022/CI004_1031222_070210_ANI_ACTA_RETRIBUCIÓN_UF4_MAR_ABR_MAY_JUN_JUL_2022.pdf
1865,5,CONSORCIO 4C,CI.004/GP9889/22/7.5,,,1 de marzo de 2022,,15_01_Cartas_Enviadas/RADICADAS/2022/CI004_988922_070500_CON_OBSERV_INFOR_GERENC_FEB_2022_V2.pdf
1867,3,CONSORCIO 4C,CI.004/GP10346/22/7.1.8,,,1 de octubre de 2022,,15_01_Cartas_Enviadas/RADICADAS/2022/CI004_1034622_070108_CON_REVISIÓN_INFORME_TRIMES_AMB_31.pdf
1868,5,CONSORCIO 4C,CI.004/GP10173/22/7.2.8,,,1 de Agosto de 2022,,15_01_Cartas_Enviadas/RADICADAS/2022/CI004_1017322_070208_ANI_REVISION_RECAUDO_FOSEVI_MAY_2022.pdf
1869,4,CONSORCIO 4C,CI.004/GP9796/22/7.3.1,,,8 de febrero de 2022,,15_01_Cartas_Enviadas/RADICADAS/2022/CI004_979622_070301_CON_OBSERV_OPERACIÓN_PEAJES.pdf
1870,2,CONSORCIO 4C,CI.004/GP9716/22/9.2,,,7 de Enero de 2022,,15_01_Cartas_Enviadas/RADICADAS/2022/CI004_971622_090200_ANI_VIDEO_IMI_DIC_2021.pdf
1871,5,CONSORCIO 4C,CI.004/GP10093/22/7.3,,,1 de julio de 2022,,15_01_Cartas_Enviadas/RADICADAS/2022/CI004_1009322_070300_CON_REQUERIMIEN_SEÑALIZA_AREA_SERVICIO_UF3.pdf
1872,2,CONSORCIO 4C,CI.004/GP9837/22/4.6,,,4 de marzo de 2022,,15_01_Cartas_Enviadas/RADICADAS/2022/CI004_983722_040600_TER_NOTIFICA_ENTREGA_APTO CORALINO_GIRARDOT.pdf
1873,4,CONSORCIO 4C,CI.004/GP10311/22/7.2.10,,,0 de Octubre de 2022,,15_01_Cartas_Enviadas/RADICADAS/2022/CI004_1031122_070210_ANI_ACTA_RETRIBUCIÓN_UF3_MAR_ABR_MAY_JUN_JUL_2022.pdf
1875,2,CONSORCIO 4C,CI.004/GP9853/22/7.2.2,AGENCIA NACIONAL DE INFRAESTRUCTURA - ANI,,10/03/2022,Ref. Contrato de Concesión 003 de 2014 Concesión Honda - Puerto Salgar - Girardot Remisión Formato GCSP-F-207 Rendimientos Subcuentas – Febrero 2022.,15_01_Cartas_Enviadas/RADICADAS/2022/CI004_985322_070202_ANI_F-207_REND_SUBC_FEB-2022.pdf
1874,3,CONSORCIO 4C,CI.004/GP9733/22/7.1.9,CONCESION ALTO MAGDALENA S.A.S,,14/01/2022,Ref. Contrato de Concesión 003 de 2014 Concesión Honda – Girardot – Puerto Salgar. Cumplimiento a obligaciones relacionadas con el Programa de Apoyo a la Capacidad de Gestión Institucional. Invasión del espacio público que propicia la elusión peaje Guataquí por acceso irregular,15_01_Cartas_Enviadas/RADICADAS/2022/CI004_973322_070109_CON_REQUE_ACCESO_IRREGULAR_PEAJE_GUATAQUI.pdf
1876,6,CONSORCIO 4C,CI.004/GP10109/22/7.1,CONCESIÓN ALTO MAGDALENA S.A.S.,,08/07/2022,Ref. Contrato de Concesión 003 de 2014 Concesión Honda - Puerto Salgar - Girardot Requerimiento Entrega Fichas SIPUCOL – Resolución 1528 de 2017 – MinTransporte.,15_01_Cartas_Enviadas/RADICADAS/2022/CI004_1010922_070100_CON_REQUERIMIENTO_SIPUCOL_PUENTES_PENDIENTES.pdf
1877,2,CONSORCIO 4C,CI.004/GP10325/22/2.2,AGENCIA NACIONAL DE INFRAESTRUCTURA - ANI,,21/10/2022,Ref. Contrato de Concesión 003 de 2014 Concesión Honda - Puerto Salgar - Girardot Reemplazo personal de Interventoría. Especialista SISO,15_01_Cartas_Enviadas/RADICADAS/2022/CI004_1032522_020200_ANI_REEMPLAZO_ESPECIALISTA_SISO.pdf
1878,6,CONSORCIO 4C,CI.004/GP9829/22/7.1.8,CONCESIÓN ALTO MAGDALENA S.A.S.,,01/03/2022,"Ref. Contrato de Concesión 003 de 2014 Concesión Honda - Puerto Salgar - Girardot Aspectos e Impactos Ambientales / Operación y Mantenimiento. UF3, UF4 y UF5.",15_01_Cartas_Enviadas/RADICADAS/2022/CI004_982922_070108_CON_REQUERIM_ASPESTOS_IMPACTOS_AMBIENTALES_O&M.pdf
1879,10,CONSORCIO 4C,CI.004/GP10043/22/7.1.4,AGENCIA NACIONAL DE INFRAESTRUCTURA - ANI,,09/06/2022,Ref. Contrato de Concesión 003 de 2014 Concesión Honda - Puerto Salgar - Girardot Revisión y concepto sobre la solicitud de la Secretaría de Infraestructura de Girardot. Intersección PR0 de la RN4508. Girardot. Barrio Pozo Azul.,15_01_Cartas_Enviadas/RADICADAS/2022/CI004_1004322_070104_ANI_OBRAS_INTERSECCIÓN_PR0_RN4508_GIRARDOT.pdf
1880,32,CONSORCIO 4C,CI.004/GP10085/22/5.3-7.4,AGENCIA NACIONAL DE INFRAESTRUCTURA - ANI,,30/06/2022,Ref. Contrato de Concesión 003 de 2014 Concesión Honda - Puerto Salgar - Girardot Concepto relacionado con el presunto Evento Eximente de Responsabilidad derivado de la “imposibilidad de adquisición” de seis predios de la UF5,15_01_Cartas_Enviadas/RADICADAS/2022/CI004_1008522_050300-070400_ANI_EER_PREDIAL_CESIÓN_INVIAS.pdf
1881,3,CONSORCIO 4C,CI.004/GP9710/22/7.2.10,AGENCIA NACIONAL DE INFRAESTRUCTURA - ANI,,05/01/2022,"Ref. Contrato de Concesión 003 de 2014 Concesión Honda - Puerto Salgar - Girardot Actas de Retribución de la UF1, UF2, UF3, UF4 y UF5 para el mes de noviembre de 2021.",15_01_Cartas_Enviadas/RADICADAS/2022/CI004_971022_070210_ANI_5ACTAS_RETRIBUCION_NOV_2021.pdf
1882,17,CONSORCIO 4C,CI.004/GP9875/22/5.3-7.3,CONCESIÓN ALTO MAGDALENA S.A.S.,,17/03/2022,Ref. Contrato de Concesión 003 de 2014 Concesión Honda - Puerto Salgar - Girardot Otorgamiento Período Cura por el incumplimiento del numeral 6.3.3.1 del Apéndice Técnico 2 - elementos de Contención Vehicular en la UF4.,15_01_Cartas_Enviadas/RADICADAS/2022/CI004_987522_050300_070300_CON_OTORGA_PCURA_DEFENSAS_UF2.pdf
1884,5,CONSORCIO 4C,CI.004/GP9819/22/7.1.9,CONCESIÓN ALTO MAGDALENA S.A.S,ALMA-R-2022-8275,02/03/2022,Revisión actas de vecindad,15_01_Cartas_Enviadas/RADICADAS/2022/CI004_981922_070109_CON_REV_ACTAS_VECINDAD.pdf
1883,5,CONSORCIO 4C,CI.004/GP9748/22/7.1.8,CONCESIÓN ALTO MAGDALENA S.A.S.,,19/01/2022,Ref. Contrato de Concesión 003 de 2014 Concesión Honda - Puerto Salgar - Girardot Actividades PAGA en área remanente PR6+000 RN 4509 UF4.,15_01_Cartas_Enviadas/RADICADAS/2022/CI004_974822_070108_CON_REQUE_MODIFICA_APLICA_PAGA_AREA_REM_PR6_UF4.pdf
1885,11,CONSORCIO 4C,CI.004/GP9740/22/5.3-7.3,CONCESIÓN ALTO MAGDALENA S.A.S.,,17/01/2022,Ref. Contrato de Concesión 003 de 2014 Concesión Honda - Puerto Salgar - Girardot Otorgamiento Plazo de Cura por el incumplimiento de especificaciones técnicas en los puentes peatonales,15_01_Cartas_Enviadas/RADICADAS/2022/CI004_974022_050300_070300_CON_OTORGA_PCURA_PUENTES_PEATONALES.pdf
1886,3,CONSORCIO 4C,CI.004/GP9745/22/7.2.1,AGENCIA NACIONAL DE INFRAESTRUCTURA - ANI,,20/01/2022,Ref. Contrato de Concesión 003 de 2014 Concesión Honda - Puerto Salgar - Girardot Fondeo de la Subcuenta Amigable Composición,15_01_Cartas_Enviadas/RADICADAS/2022/CI004_974522_070201_ANI_REV_FONDEO_ANUAL_SUBCUENTA_AMIGABLE.pdf
1887,4,CONSORCIO 4C,CI.004/GP10024/21/7.1.9,,,27/05/2022,Ref. Contrato de Concesión 003 de 2014 Concesión Honda – Girardot – Puerto Salgar. Respuesta a petición por posible afectación a predio,15_01_Cartas_Enviadas/RADICADAS/2022/CI004_1002422_070109_TER_SBARRERA_JGALVEZ-RTA_PETICION.pdf
1888,2,CONSORCIO 4C,CI.004/GP9850/22/7.5,AGENCIA NACIONAL DE INFRAESTRUCTURA - ANI,,10/03/2022,Ref. Contrato de Concesión 003 de 2014 Concesión Honda - Puerto Salgar - Girardot Revisión del Informe Gerencial Mensual No. 87 de enero 2022-V2.,15_01_Cartas_Enviadas/RADICADAS/2022/CI004_985022_070500_ANI_OBSERV_INFOR_GERENC_ENE_2022_V2.pdf
1889,2,CONSORCIO 4C,CI.004/GP9912/22/7.2.2,AGENCIA NACIONAL DE INFRAESTRUCTURA – ANI,,13/04/2022,Ref. Contrato de Concesión 003 de 2014 Concesión Honda – Girardot – Puerto Salgar. Formato GCSP-F-208 Informe Ingresos Por Explotación Comercial – marzo de 2022,15_01_Cartas_Enviadas/RADICADAS/2022/CI004_991222_070202_ANI_F-208_EXPLOTA_COMERCIAL_MAR_2022.pdf
1890,3,CONSORCIO 4C,CI.004/GP9922/22/7.4.1,CONCESIÓN ALTO MAGDALENA S.A.S.,,19/04/2022,Ref. Contrato de Concesión 003 de 2014 Concesión Honda - Puerto Salgar - Girardot Requerimiento Informe ANISCOPIO,15_01_Cartas_Enviadas/RADICADAS/2022/CI004_992222_070401_CON_REQUERIMIENTO_INFORME_ANISCOPIO.pdf
1891,2,CONSORCIO 4C,CI.004/GP9726/22/7.2.2,AGENCIA NACIONAL DE INFRAESTRUCTURA - ANI,,12/01/2022,Ref. Contrato de Concesión 003 de 2014 Concesión Honda - Puerto Salgar - Girardot Remisión Formato GCSP-F-301 PPYE Acuerdos Concesión Infraestructura Modo Carretero,15_01_Cartas_Enviadas/RADICADAS/2022/CI004_972622_070202_ANI_F-301_PPYE_ENE-DIC_2021.pdf
1892,9,CONSORCIO 4C,,CONCESIÓN ALTO MAGDALENA S.A.S.,,17/08/2022,ACTA N°50 DE CÁLCULO VPIP CONTRATO N° 003 del 9 septiembre de 2014,15_01_Cartas_Enviadas/RADICADAS/2022/CI004_1019022_070209_ANEXO_ACTA_VPIP_JUL_2022.pdf
1894,2,CONSORCIO 4C,CI.004/GP10354/22/9.9,,,3 de Noviembre de 2022,,15_01_Cartas_Enviadas/RADICADAS/2022/CI004_1035422_090900_ANI_INFORME_FINAL_INTERVENTORIA.pdf
1896,10,CONSORCIO 4C,CI.004/GP10344/22/7.3.3,,,1 de octubre de 2022,,15_01_Cartas_Enviadas/RADICADAS/2022/CI004_1034422_070303_CON_CORRECCIÓN_IC_SEM#2_2022.pdf
1895,9,CONSORCIO 4C,CI.004/GP10256/22/5.3-7.3,,,6 de septiembre de 2022,,15_01_Cartas_Enviadas/RADICADAS/2022/CI004_1025622_050300-070300_CON_PCURA_CTRL_VELOCID_PASOS_URBANOS_POBLADOS.pdf
1897,4,CONSORCIO 4C,CI.004/GP9877/22/7.4.6,,,8 de marzo de 2022,,15_01_Cartas_Enviadas/RADICADAS/2022/CI004_987722_070406_CON_OBSER_AVALUOS9_x7_UF2.pdf
1898,4,CONSORCIO 4C,CI.004/GP10029/22/7.4.1,,,1 de junio de 2022,,15_01_Cartas_Enviadas/RADICADAS/2022/CI004_1002922_070401_CON_OBS_INFOGP_MAR2022.pdf
1899,3,CONSORCIO 4C,CI.004/GP10002/21/7.1.9,,,0 de mayo de 2022,,15_01_Cartas_Enviadas/RADICADAS/2022/CI004_1000222_070109_CON_REV_INFO_TRIMESTRAL_N30-SOCIAL.pdf
1900,15,CONSORCIO 4C,CI.004/GP10014/22/7.5,,,5 de mayo de 2022,,15_01_Cartas_Enviadas/RADICADAS/2022/CI004_1001422_070500_CON_REV_MEM_TEC_FEB_2022.pdf
1901,8,CONSORCIO 4C,CI.004/GP9816/21/5.3-7.1.15,,,3 de Febrero de 2022,,15_01_Cartas_Enviadas/RADICADAS/2022/CI004_981622_050300_070115_ANI_NOOBJECIÓN_PCURA_CONVENIOS_REDES_ACTUALIZ.pdf
1902,4,CONSORCIO 4C,CI.004/GP10231/21/7.2.10,,,1 de Agosto de 2022,,15_01_Cartas_Enviadas/RADICADAS/2022/CI004_1023122_070210_ANI_ACTA_RETRIBUCIÓN_UF1_MAR_ABR_MAY_JUN_JUL_2022.pdf
1893,4,CONSORCIO 4C,CI.004/GP9782/22/7.4.6,CONCESIÓN ALTO MAGDALENA S.A.S,,10/02/2022,Ref. Contrato de Concesión 003 de 2014 Concesión Honda - Puerto Salgar - Girardot. Revisión de 4 Avalúos Otrosí No. 9 de la UF3 y UF4,15_01_Cartas_Enviadas/RADICADAS/2022/CI004_978222_070406_CON_OBSER_AVALUOS9_x4_UF34.pdf
1903,3,CONSORCIO 4C,CI.004/GP10080/22/7.3.3,,,8 de junio de 2022,,15_01_Cartas_Enviadas/RADICADAS/2022/CI004_1008022_070303_CON_PLAN_MEDICION_INDICADORES_JUL_2022.pdf
1906,2,CONSORCIO 4C,CI.004/GP10265/22/7.2.2,,,1 de Septiembre de 2022,,15_01_Cartas_Enviadas/RADICADAS/2022/CI004_1026522_070202_ANI_F-007_REC_PUB_AGO_2022.pdf
1904,5,CONSORCIO 4C,CI.004/GP10152/22/7.1.7,,,5 de agosto de 2022,,15_01_Cartas_Enviadas/RADICADAS/2022/CI004_1015222_070107_CON_REV_INESTABILIDAD_PR38_GUATAQUÍ.pdf
1905,19,CONSORCIO 4C,CI.004/GP10127/22/7.1.8-7.2.1,,,9 de julio de 2022,,15_01_Cartas_Enviadas/RADICADAS/2022/CI004_1012722_070108_070201_CON_CONTROL_COMPENSA_RECURSOS_SUBCUENTA_AMBIENTAL.pdf
1907,3,CONSORCIO 4C,CI.004/GP9962/22/7.1.10,,,4 de mayo de 2022,,15_01_Cartas_Enviadas/RADICADAS/2022/CI004_996222_070110_CON_SOLICITUD_ACTUALIZA_PROTOCOLOS_BIOSEGURI.pdf
1908,5,CONSORCIO 4C,CI.004/GP10186/22/7.5,,,8 de agosto de 2022,,15_01_Cartas_Enviadas/RADICADAS/2022/CI004_1018622_070500_CON_OBSERV_INFOR_GERENC_JUL_2022.pdf
1909,4,CONSORCIO 4C,CI.004/GP10032/22/7.1.4,,,2 de Junio de 2022,,15_01_Cartas_Enviadas/RADICADAS/2022/CI004_1003222_070104_ANI_REV_PERMISO_USO_AREA_REMAN_O&M.pdf
1910,4,CONSORCIO 4C,CI.004/GP9989/22/7.4.4,,,7 de Mayo de 2022,,15_01_Cartas_Enviadas/RADICADAS/2022/CI004_998922_070404_ANI_RESOL_EXPRO_ALMA-3-0069.pdf
1911,2,CONSORCIO 4C,CI.004/GP10305/22/5.3,,,2 de Octubre de 2022,,15_01_Cartas_Enviadas/RADICADAS/2022/CI004_1030522_070300_CON_SOS_FUNCIONAMIENTO_OCTUBRE_2022.pdf
1912,3,CONSORCIO 4C,CI.004/GP9769/22/7.1.10,,,4 de febrero de 2022,,15_01_Cartas_Enviadas/RADICADAS/2022/CI004_976922_070110_CON_RTA_INF_ACCIDENTES_LABORALES.pdf
1913,3,CONSORCIO 4C,CI.004/GP9799/21/7.1.14,,,6 de Febrero de 2022,,15_01_Cartas_Enviadas/RADICADAS/2022/CI004_979922_070114_ANI_PERMISO_OCUPA_TEMPORAL_EDS_GUATAQUÍ_#3.pdf
