ÍTEM,DEL FOLIO/PAGINAS,RAZON SOCIAL REMITENTE,No. RADICADO REMITENTE,RAZON SOCIAL DESTINATARIO,No. RADICADO DESTINATARIO,FECHA (DD/MM/AAAA),ASUNTO / TIPO DOCUMENTAL,UBICACION_ARCHIVO
2,6,CONCESIÓN ALTO MAGDALENA S.A.S.,ALMA-2018-1179,CONSORCIO 4C,GP-7451,20/03/2018,"Respuesta al oficio con radicado CI.004/GP4049/18/7.4.4 de 13 de marzo de 2018 y análisis de la información de afectación a la aprovechamiento del Título Minero 17059 del predio identificado como ALMA-4-0061 denominado ""Puerto Rico"", ubicado en el Municipio de Guaduas, departamento de Cundinamarca.",15_04_Comunic_Recibidas/2018/CI004_GP-7451_070404_CON_1179_APROVE_PREDIO_PTORICO.pdf
5,1,CONCESIÓN ALTO MAGDALENA S.A.S.,ALMA-2018-3402,CONSORCIO 4C,GP-8693,30/08/2018,"Respuesta oficio No. CI.004/GP5047/18/7.4.4, del 17 de Agosto de 2018, acerca de la entrega del expediente predial ALMA 5-0200, de la Unidad Funcional 5.1., para revisión en la etapa de expropiación.",15_04_Comunic_Recibidas/2018/CI004_GP-8693_070404_CON_3402_EXP_EXPRO.pdf
3,1,CONCESIÓN ALTO MAGDALENA S.A.S.,ALMA-2018-4529,CONSORCIO 4C,GP-9263,29/11/2018,"Respuesta comunicación, CI.004/GP5432/18/7.4.1 (Rad. ALMA-R-2018-3304, 22/10/2018), Entrega del expediente predial ALMA-3-0122 para aprobación de ficha predial.",15_04_Comunic_Recibidas/2018/CI004_GP-9263_070401_CON_4529_EXP_PREDIAL.pdf
1,4,CONCESIÓN ALTO MAGDALENA S.A.S.,ALMA-2018-1453,CONSORCIO 4C,GP-8387,11/04/2018,"Solicitud de ocupación de cauce K121+703, Unidad Funcional 4.2.",15_04_Comunic_Recibidas/2018/CI004_GP-8387_070108_CON_1453_OCUPA_CAUCE_K121.pdf
8,1,CONCESIÓN ALTO MAGDALENA S.A.S.,ALMA-2018-3949,CONSORCIO 4C,GP-9146,10/10/2018,"Respuesta comunicación CI.004/GP5309/18/7.4.1 del 4 de Octubre de 2018 (Rad. Interno ALMA-R-2018-2236), Entrega de (1) expediente predial ALMA-3-0124 para aprobación de ficha predial.",15_04_Comunic_Recibidas/2018/CI004_GP-9146_070401_CON_3949_EXP_PREDIAL.pdf
4,13,CONCESIÓN ALTO MAGDALENA S.A.S.,ALMA-2017-5320,CONSORCIO 4C,GP-6852,19/12/2017,Respuesta a comunicación Cl.004/GP3512/17/7.1.10 del 30 de noviembre de 2017 (Rad. Interno ALMA-R-2017-4196) Condiciones de seguridad UF 1 Y 2 Semana 147.,15_04_Comunic_Recibidas/2018/CI004_GP-6852_070110_CON_5320_CONDICIONES_SEGURIDAD_UF1_UF2_S147.pdf
7,2,CONCESIÓN ALTO MAGDALENA S.A.S.,ALMA-2018-2462,CONSORCIO 4C,GP-8180,26/06/2018,Respuesta a su comunicación CI.004/GP3269/17/7.1.7-7.1.8 del 13 de octubre de 2017 (Rad. Interno ALMA-R-2017-03625 del 13 de octubre de 2017) Permisos Ocupación Cauce. UF2.,15_04_Comunic_Recibidas/2018/CI004_GP-8180_070108-070107_CON_2462_OCUP_CAUCE_UF2.pdf
13,1,CONCESIÓN ALTO MAGDALENA S.A.S.,ALMA-2018-3998,CONSORCIO 4C,GP-8956,17/10/2018,"Respuesta comunicación CI.004/GP3847/18/7.4.1 del 07 de Febrero de 2018 (Rad. Interno ALMA-2018-0207) Entrega de un (1) expediente para aprobación del Avalúo Comercial Corporativo, ALMA-2-0157-1.",15_04_Comunic_Recibidas/2018/CI004_GP-8956_070406_CON_3998_EXP_AVALUO.pdf
15,1,CONCESION ALTO MAGDALENA S.A.S.,ALMA-2018-2194,CONSORCIO 4C,GP-8017,06/06/2018,Entrega de un (1) expediente predial de la Unidad Funcional 2 para revisión del componente Social.,15_04_Comunic_Recibidas/2018/CI004_GP-8017_070402_CON_2194_EXP_SOCIAL.pdf
12,1,CONCESIÓN ALTO MAGDALENA S.A.S.,ALMA-2018-1137,CONSORCIO 4C,GP-7444,14/03/2018,Su Comunicación CI.004/GP3992/18/7.1.7 - Radicado ALMA-R-2018-0756 del 02 de Marzo de 2018. Diseños Definitivos Puente P6 de la UF 4,15_04_Comunic_Recibidas/2018/CI004_GP-7444_070107_CON_1137_DISÑ_PTE_P6_UF4.pdf
14,4,CONCESION ALTO MAGDALENA S.A.S.,ALMA-2018-1477,CONSORCIO 4C,GP-7631,12/04/2018,Notificación de ocupación del derecho de vía en el PR 18+500 RN 4510 por la empresa contratista CHEC del grupo EPM E.S.P.,15_04_Comunic_Recibidas/2018/CI004_GP-7631_070104_CON_1477_DEREC_VIA_PR18.pdf
10,1,CONCESIÓN ALTO MAGDALENA S.A.S.,ALMA-2018-1658,CONSORCIO 4C,GP-7728,25/04/2018,Ajuste Diseño Geométrico de la Glorieta Norcasia - Unidad Funcional 5.2,15_04_Comunic_Recibidas/2018/CI004_GP-7728_070107_CON_1658_DISÑ_GEOM_GLOR_UF5.2.pdf
9,1,CONCESIÓN ALTO MAGDALENA S.A.S.,ALMA-2018-0800,CONSORCIO 4C,GP-7306,19/02/2018,Entrega de un (1) expediente para aprobación del Concepto de Título Minero.,15_04_Comunic_Recibidas/2018/CI004_GP-7306_070401_CON_0800_EXP_TITUL_MINE.pdf
11,2,CONCESIÓN ALTO MAGDALENA S.A.S.,ALMA-2018-0257,CONSORCIO 4C,GP-6990,17/01/2018,"Respuesta a su comunicación CI.004/GP3625/17/7.4.1 del 22 de diciembre de 2017 (Rad. Interno 4469 del 20 de diciembre de 2017); CI.004/GP3604/17/7.4.1 del 21 de diciembre de 2017 (Rad. Interno 4445 del 21 de diciembre de 2017), CI.004/GP3710/17/7.4.1 del 10 de enero de 2018 (Rad. Interno 108 del 10 de enero de 2018), expedientes prediales de la unidad funcional 5.",15_04_Comunic_Recibidas/2018/CI004_GP-6990_070401_CON_0257_EXP_PREDIAL.pdf
6,1,CONCESIÓN ALTO MAGDALENA S.A.S.,ALMA-2017-5350,CONSORCIO 4C,GP-6885,21/12/2017,Entrega de dos (2) carpetas prediales unidad funcional 4,15_04_Comunic_Recibidas/2018/CI004_GP-6885_070401_CON_5350_EXP_PREDIAL.pdf
19,1,AGENCIA NACIONAL DE INFRAESTRUCTURA,2018-305-015243-1,CONSORCIO 4C,GP-7847,18/05/2018,Oficio radicado ANI 20184090478692. Hallazgos Construcción Dovelas No 4 Voladizos No 3 y 4 - Puente Nuevo Salgar - Proyecto Girardot - Honda - Puerto Salgar. Contrato de Concesión 003 de 2014 - Concesión Alto Magdalena S.A.S.,15_04_Comunic_Recibidas/2018/CI004_GP-7847_070103_ANI_015243-1_DOVELAS_PTE_SALGAR.pdf
17,6,CONCESIÓN ALTO MAGDALENA S.A.S.,ALMA-2018-2675,CONSORCIO 4C,GP-8286,13/07/2018,"Respuesta a oficio CI.004/4489/18/7.19, del 24 de mayo de 2018 radicado interno ALMA-R-2018-1664, identificado como PQRS UF2 2018 228 - Informe Cumplimiento compromisos con la comunidad municipio Guataquí.",15_04_Comunic_Recibidas/2018/CI004_GP-8286_070109-070107_CON_2675_COMPRO_GUATAQ.pdf
16,1,CONCESIÓN ALTO MAGDALENA S.A.S.,ALMA-2018-4099,CONSORCIO 4C,GP-9009,25/10/2018,Entrega de Memoria Técnica Mes de septiembre de 2018.,15_04_Comunic_Recibidas/2018/CI004_GP-9009_070500_CON_4099_MEMOTEC_SEP.pdf
20,1,CONCESIÓN ALTO MAGDALENA S.A.S.,ALMA-2018-2841,CONSORCIO 4C,GP-8400,25/07/2018,"Respuesta comunicación CI.004/GP4533/18/7.1.9 Radicado interno ALMA-R-2018-1729, Observaciones Informe Trimestral Social N.14.",15_04_Comunic_Recibidas/2018/CI004_GP-8400_070109_CON_2841_OBS_INF_TRIMES_SCIAL14.pdf
18,1,CONCESIÓN ALTO MAGDALENA S.A.S.,ALMA-2018-4121,CONSORCIO 4C,GP-9010,25/10/2018,Entrega de la Sabana Predial y Tira topográfica.,15_04_Comunic_Recibidas/2018/CI004_GP-9010_070401_CON_4121_SABANA_PREDIAL.pdf
21,3,CONCESIÓN ALTO MAGDALENA S.A.S.,F-11-02/V.09/18-07-17,CONSORCIO 4C,GP-7731,05/04/2018,"Entrega de soportes de los correspondientes Pagos de Seguridad Social para el mes de febrero de 2018 y Pago de Salarios del mes de enero de 2018, e ingreso de personal.",15_04_Comunic_Recibidas/2018/CI004_GP-7731_070110_CON_1369_PAGYSAL_FEB_ENE.pdf
23,1,CONCESIÓN ALTO MAGDALENA S.A.S.,ALMA-2018-4127,CONSORCIO 4C,GP-9013,26/10/2018,Respuesta comunicación CI.004/GP5360/18/7.4.1 del 11 de Octubre de 2018 (Rad. Interno ALMA-2018-3190) Entrega del expediente ALMA-2-0088 para aprobación.,15_04_Comunic_Recibidas/2018/CI004_GP-9013_070401_CON_4127_EXP_PREDIAL.pdf
22,1,CONCESIÓN ALTO MAGDALENA S.A.S.,ALMA-2018-0996,CONSORCIO 4C,GP-7334,05/03/2018,Entrega de un (1) expediente para aprobación del Avalúo Comercial Corporativo.,15_04_Comunic_Recibidas/2018/CI004_GP-7334_070401_CON_0996_EXP_AVALUO.pdf
25,1,CONCESION ALTO MAGDALENA S.A.S.,ALMA-2018-1834,CONSORCIO 4C,GP-7975,09/05/2018,Entrega de un (1) expediente predial de la unidad funcional 3 para aprobación de ficha predial.,15_04_Comunic_Recibidas/2018/CI004_GP-7975_070401_CON_1834_EXP_PREDIAL.pdf
29,1,CONCESION ALTO MAGDALENA S.A.S.,ALMA-2018-0215,CONSORCIO 4C,GP-6981,16/01/2018,Entrega de la Sabana Predial y Tira topográfica.,15_04_Comunic_Recibidas/2018/CI004_GP-6981_070401_CON_0215_SBNA_PRDAL.pdf
30,4,CONCESIÓN ALTO MAGDALENA S.A.S.,ALMA-2018-3438,CONSORCIO 4C,GP-8646,03/09/2018,Informe semanal Avance Gestión Predial Unidad Funcional 4 - Evento Eximente de Responsabilidad.,15_04_Comunic_Recibidas/2018/CI004_GP-8646_070401_CON_3438_INF_PREDIAL_EER_UF4.pdf
28,2,CONCESIÓN ALTO MAGDALENA S.A.S.,ALMA-2018-3345,CONSORCIO 4C,GP-8661,27/08/2018,Respuesta a su comunicación CI.004/GP4984/18/7.1.10 del 13 Agosto de 2018 (Radicado ALMA-R-2018-2533) Solicitud Procedimiento Constructivo Puente P6G UF3.,15_04_Comunic_Recibidas/2018/CI004_GP-8661_070110_CON_3345_SCTD_PTE_P6G.pdf
24,1,CONCESIÓN ALTO MAGDALENA S.A.S.,ALMA-2018-0342,CONSORCIO 4C,GP-7035,23/01/2018,Respuesta a Comunicado Cl.004/GP3656/18/7.1.8 del 03 de enero de 2018 (Rad. Interno ALMA-R-2018-0017 del 03 de enero de 2018). Pendientes Cierre Ambiental Parcial UF 2,15_04_Comunic_Recibidas/2018/CI004_GP-7035_070108_CON_0342_PDT_CIER_AMB.pdf
31,1,CONCESIÓN ALTO MAGDALENA S.A.S.,ALMA-2018-0725,CONSORCIO 4C,GP-7331,13/02/2018,"Respuesta a su Oficio No. CI.004/GP3839/18/7.4.4, relacionado con la entrega de un (1) expediente de la Unidad Funcional 3 para revisión en la etapa de expropiación.",15_04_Comunic_Recibidas/2018/CI004_GP-7331_070404_CON_0725_EXP_EXPRO.pdf
27,1,Corporación Autónoma Regional del Tolima,28,CONSORCIO 4C,GP-6861,03/01/2018,Oficio Radicado No 21358 de 13 de Diciembre de 2017,15_04_Comunic_Recibidas/2018/CI004_GP-6861_070108_CORTOLIMA_100.09.3.1_PRESUP_COMP.pdf
26,2,CONCESIÓN ALTO MAGDALENA S.A.S.,ALMA-2018-4408,CONSORCIO 4C,GP-9233,20/11/2018,"Respuesta comunicado CI.004/GP5457/18/7.1.8 del 30 de octubre de 2018 (Radicado interno ALMA-R-2018-3386). Incumplimiento Resolución 975 de 2018 / Explotación de materiales pétreos ""La Argentina""",15_04_Comunic_Recibidas/2018/CI004_GP-9233_070108_CON_4408_MATERIAL_PETREOS.pdf
35,1,CONCESION ALTO MAGDALENA S.A.S.,ALMA-2018-2551,CONSORCIO 4C,GP-8353,26/07/2018,Entrega de un (1) expediente predial final de la Unidad Funcional 4.,15_04_Comunic_Recibidas/2018/CI004_GP-8353_070401_CON_2551_EXP_PREDIAL.pdf
33,1,CONCESIÓN ALTO MAGDALENA S.A.S.,ALMA-2018-3132,CONSORCIO 4C,GP-8653,15/08/2018,Entrega de expediente predial de la unidad funcional 3 para revisión del componente Social.,15_04_Comunic_Recibidas/2018/CI004_GP-8653_070402_CON_3132_EXP_SOCIAL.pdf
38,1,CONCESIÓN ALTO MAGDALENA S.A.S.,ALMA-2018-3881,CONSORCIO 4C,GP-9064,08/10/2018,Entrega de (1) expediente predial ALMA-3-0120-1 para aprobación de ficha predial.,15_04_Comunic_Recibidas/2018/CI004_GP-9064_070401_CON_3881_EXP_PREDIAL.pdf
37,3,CONCESIÓN ALTO MAGDALENA S.A.S.,ALMA-2018-0919,CONSORCIO 4C,GP-7318,28/02/2018,Obras Construidas permisos de ocupación de cauce Unidad Funcional 2,15_04_Comunic_Recibidas/2018/CI004_GP-7318_070108-070107_CON_0919_OCUP_CAUCE_UF2.pdf
39,11,REPÚBLICA DE COLOMBIA RAMA JURISDICCIONAL DEL PODER PÚBLICO JUZGADO PROMISCUO MUNICIPAL,OFICIO No. 136,CONSORCIO 4C,GP-9090,19/10/2018,ACCION DE TUTELA No 2018-00031,15_04_Comunic_Recibidas/2018/CI004_GP-9090_050300_JCHAGUANI_136_TUTELA_WHERRERA.pdf
34,13,CONCESIÓN ALTO MAGDALENA S.A.S.,ALMA-2018-1635,CONSORCIO 4C,GP-7711,25/04/2018,Entrega 483 Actas de Vecindad para validación y firma de la Interventoría Consorcio 4C.,15_04_Comunic_Recibidas/2018/CI004_GP-7711_070109_CON_1635_ACTAS_VECIND.pdf
43,2,CONCESIÓN ALTO MAGDALENA S.A.S.,ALMA-2018-0328,CONSORCIO 4C,GP-7017,25/01/2018,Entrega de cinco (5) expedientes prediales de la Unidad Funcional 2 para revisión del componente Social.,15_04_Comunic_Recibidas/2018/CI004_GP-7017_070402_CON_0328_EXP_PRDAL.pdf
40,21,CONCESIÓN ALTO MAGDALENA S.A.S.,ALMA-2018-2957,CONSORCIO 4C,GP-8477,31/07/2018,"Notificación Evento Eximente de Responsabilidad como consecuencia de la imposibilidad de realizar la reubicación de las redes eléctricas, acueducto, alcantarillado lo que afecta la ejecución de las Intervenciones en el sector del Paso Urbano de Guataquí",15_04_Comunic_Recibidas/2018/CI004_GP-8477_050300_CON_2957_EER_REUBI_REDES_GUATAQ.pdf
32,1,CONCESIÓN ALTO MAGDALENA S.A.S.,ALMA-2018-1862,CONSORCIO 4C,GP-8061,15/05/2018,Entrega de un (1) expediente para aprobación del Avalúo Comercial Corporativo.,15_04_Comunic_Recibidas/2018/CI004_GP-8061_070406_CON_1862_EXP_AVALUO.pdf
41,1,CONCESIÓN ALTO MAGDALENA S.A.S.,ALMA-2018-4342,CONSORCIO 4C,GP-9201,19/11/2018,Informe de cambio de aisladores,15_04_Comunic_Recibidas/2018/CI004_GP-9201_070115_CON_4342_INF_CAMB_AISLADOR.pdf
44,3,Agencia Nacional de Infraestructura,20183050306581,CONSORCIO 4C,GP-8748,14/09/2018,"Solicitud emisión de respuesta al reclamo presentado por el señor Jorge Arturo Bedoya Rodriguez - Proyecto Girardot - Honda - Puerto Salgar, Contrato de Concesión 003 de 2014. Alto Magdalena S.A.S.",15_04_Comunic_Recibidas/2018/CI004_GP-8748_070109_ANI_030658-1_RECLAMO_JBEDOYA.pdf
45,1,CONSORCIO 4C,ALMA-2018-3928,CONSORCIO 4C,GP-8947,08/10/2018,"Entrega del expediente predial ALMA-5-0252, para aprobación.",15_04_Comunic_Recibidas/2018/CI004_GP-8947_070401_CON_3928_EXP_PREDIAL.pdf
42,2,CONCESIÓN ALTO MAGDALENA S.A.S.,ALHA-2018-0031,CONSORCIO 4C,GP-6865,04/01/2018,Compromisos Comité Técnico - Operativo No. 44 del 27 de diciembre de 2017. Cumplimiento de Indicadores.,15_04_Comunic_Recibidas/2018/CI004_GP-6865_070303_CON_0031_COMPRO_COMITE_N44.pdf
47,5,CONCESIÓN ALTO MAGDALENA S.A.S.,ALMA-2018-3543,CONSORCIO 4C,GP-8798,11/09/2018,Solicitud de liberación de Bienes de Uso Público - km 26 +200 - Juan Carlos Ramírez - Glorieta Purnio.,15_04_Comunic_Recibidas/2018/CI004_GP-8798_070109_CON_3543_LIBERA_BIENES_PUB.pdf
49,1,CONCESIÓN ALTO MAGDALENA S.A.S.,ALMA-2018-2543,CONSORCIO 4C,GP-8348,26/07/2018,Entrega de un (1) expediente predial final de la Unidad Funcional 4.,15_04_Comunic_Recibidas/2018/CI004_GP-8348_070401_CON_2543_EXP_PREDIAL.pdf
48,1,CONCESIÓN ALTO MAGDALENA S.A.S.,ALMA-2018-3117,CONSORCIO 4C,GP-8551,15/08/2018,Respuesta a su comunicación CI.004/GP4651/18/7.4.1-5.3 del 18 de junio de 2018. (Rad. Interno ALMA-R-2018-1942).,15_04_Comunic_Recibidas/2018/CI004_GP-8551_070401_CON_3117_ESTAD_GEST_PREDIOS.pdf
46,1,CONCESIÓN ALTO MAGDALENA S.A.S.,ALMA-2018-2261,CONSORCIO 4C,GP-8159,12/06/2018,Entrega de un (1) expediente para aprobación del Avalúo Comercial Corporativo de la unidad funcional 2.,15_04_Comunic_Recibidas/2018/CI004_GP-8159_070406_CON_2261_EXP_AVALUO.pdf
52,4,CONCESIÓN ALTO MAGDALENA S.A.S.,ALMA-2018-1452,CONSORCIO 4C,GP-8386,11/04/2018,"Solicitud de ocupación de cauce K108+259, Unidad Funcional 4.2.",15_04_Comunic_Recibidas/2018/CI004_GP-8386_070108_CON_1452_OCUPA_CAUCE_K108.pdf
50,1,AGENCIA NACIONAL DE INFRAESTRUCTURA,2018-305-011331-1,CONSORCIO 4C,GP-7640,16/04/2018,Oficio radicado ANI 2018-409-035396-2 de 11/04/2018. Deficiencias Puente Peatonal Nariño Proyecto Girardot - Honda - Puerto Salgar. Contrato de Concesión 003 de 2014 - Concesión Alto Magdalena S.A.S.,15_04_Comunic_Recibidas/2018/CI004_GP-7640_070103_ANI_011331-1_DEFIC_PTE_PEATON.pdf
51,1,CONCESIÓN ALTO MAGDALENA S.A.S.,ALMA-2018-3692,CONSORCIO 4C,GP-8823,24/09/2018,Respuesta a su comunicación CI.004/GP5220/18/7.1.1 del 20 de septiembre de 2018 (Radicado ALMA-R-2018-2952 del 20 de septiembre de 2018). Ejecución Barrera Tráfico Nuevo Puente Puerto Salgar,15_04_Comunic_Recibidas/2018/CI004_GP-8823_070101_CON_3692_BARRERA_TRAFICO_PTE_SALGAR.pdf
55,1,CONCESIÓN ALTO MAGDALENA S.A.S.,ALMA-2018-2385,CONSORCIO 4C,GP-8126,20/06/2018,"Respuesta a su comunicación CI.004/GP4297/18/7.1.9 del 20 de abril de 2018 radicado interno ALMA- R-1289. Radicado ANI No 2018-305013196-1 del 02 mayo del 2018, radicado interno ALMA-2018-1453 identificado como PQRS UF4 2018 302 - Cumplimiento a compromisos Sandra Patiño.",15_04_Comunic_Recibidas/2018/CI004_GP-8126_070109_CON_2385_PQRS_SPATIÑO.pdf
56,1,CONCESIÓN ALTO MAGDALENA S.A.S.,ALMA-2018-1066,CONSORCIO 4C,GP-7392,08/03/2018,Su comunicación CI.004/GP4003/18/7.1.7 – Radicado ALMA-R-2018-0789 del 07 de marzo de 2018 – Cotas Montaje Puente Puerto Salgar UF 5.4,15_04_Comunic_Recibidas/2018/CI004_GP-7392_070103_CON_1066_COTAS_PTE_SALGAR.pdf
53,1,CONCESIÓN ALTO MAGDALENA S.A.S.,ALMA-2018-1380,CONSORCIO 4C,GP-7585,06/04/2018,Respuesta a su comunicación CI.004/GP4175/18/7.1.10 del 03 de abril de 2018 (Radicado ALMA-R-2018-1075) Información Accidente Izaje Vigas Nuevo Puente Salgar.,15_04_Comunic_Recibidas/2018/CI004_GP-7585_070110_CON_1380_ACCIDE_PTE_SALGAR.pdf
58,12,CONCESIÓN ALTO MAGDALENA S.A.S.,ALMA-2018-2622,CONSORCIO 4C,GP-8334,09/07/2018,Respuesta comunicado CI.004/GP4534/18/7.2.2 Estados Financieros de abril 2018 y CI. 004/GP4490/18/7.2.2 Estados Financieros marzo 2018.,15_04_Comunic_Recibidas/2018/CI004_GP-8334_070202_CON_2622_ESTAD_FINAN_MARZO.pdf
61,3,CONCESIÓN ALTO MAGDALENA S.A.S.,ALMA-2018-4296,CONSORCIO 4C,GP-9176,14/11/2018,Respuesta comunicación CI.004/GP3542/17/7.5 del 06 de diciembre de 2017 (Radicado ALMA-R-2017-04287). Memoria Técnica agosto 2017,15_04_Comunic_Recibidas/2018/CI004_GP-9176_070500_CON_4296_MEMOTEC_AGO.pdf
62,6,CONCESIÓN ALTO MAGDALENA S.A.S.,ALMA-2018-3538,CONSORCIO 4C,GP-8700,11/09/2018,"Respuesta Oficios CI.004/GP5077/18/5.3., de fecha 30 de agosto de 2018 y CI.004/GP5118/18/7.4.1 de fecha 05 de septiembre de 2018. Evento Eximente de Responsabilidad Redes Guataquí.",15_04_Comunic_Recibidas/2018/CI004_GP-8700_050300_CON_3538_EER_REDES_GUATAQUI.pdf
60,11,CONCESIÓN ALTO MAGDALENA S.A.S.,ALMA-2018-4056,CONSORCIO 4C,GP-8992,22/10/2018,Respuesta a su comunicación CI.004/GP5233/18/7.1.9 del 21 de septiembre de 2018 (Radicado interno ALMA-R-2018-2984).,15_04_Comunic_Recibidas/2018/CI004_GP-8992_070109_CON_4056_PROGRA_ARQUEO_PTO_BGTA.pdf
54,2,CONCESIÓN ALTO MAGDALENA S.A.S.,ALMA-2018-0580,CONSORCIO 4C,GP-7105,05/02/2018,Respuesta a oficio radicado ANI-2017-409-127338-2 de 29/11/2017 con radicado ALMA-R-2018-0172] Traslado derecho de petición. Proyecto Girardot-Honda-Puerto Salgar. Contrato de concesión 003 de 2014-Concesión Alto Magdalena S.A.S.,15_04_Comunic_Recibidas/2018/CI004_GP-7105_070109-070104_CON_0580_DP_AESQUIVEL.pdf
57,3,AGENCIA NACIONAL DE INFRAESTRUCTURA,2018-305-015242-1,CONSORCIO 4C,GP-7854,18/05/2018,Respuesta a oficio con radicado ANI No. 20184090367972 – No Objeción Plazo de cura Presunto incumplimiento de la obligación relacionada con la actualización de la Sabana Predial en todos y cada uno de los ítems que la componen - Contrato de Concesión No 003 de 2014 – Girardot – Honda – Puerto Salgar.,15_04_Comunic_Recibidas/2018/CI004_GP-7854_050300_ANI_015242-1_PLAZ_CURA_PREDIAL.pdf
66,6,AGENCIA NACIONAL DE INFRAESTRUCTURA,2018-305-000021-1,CONSORCIO 4C,GP-6863,02/01/2018,Radicado ANI No 2017-409-119046-2. Actualización Pólizas de Garantía y Seguro Proyecto Girardot - Honda - Puerto Salgar. Contrato de Interventoría 145 de 2014 - Consorcio 4C.,15_04_Comunic_Recibidas/2018/CI004_GP-6863_010400_ANI_000021-1_ACT_POLIZ_GARANT_SEG.pdf
65,1,CONCESIÓN ALTO MAGDALENA S.A.S.,ALMA-2018-3526,CONSORCIO 4C,GP-8926,11/09/2018,Entrega de un (1) expediente para aprobación del Avalúo Comercial Corporativo de la unidad funcional 3.,15_04_Comunic_Recibidas/2018/CI004_GP-8926_070406_CON_3526_EXP_AVALUO.pdf
64,8,JUZGADO PROMISCUO MUNICIPAL BELTRÁN CUNDINAMARCA,0015,CONSORCIO 4C,GP-7470,05/03/2018,"determinar si la Concesión Alto Magdalena, ha vulnerado el derecho fundamental de la accionante, señora Swanny Yineth Gamboa, al no contestar conforme a las disposiciones Constitucionales, legales y jurisprudenciales el Derecho de petición radicado en los correos electrónicos de las entidades. 9ccionqdas el día 1 O de octubre de 2017. ----- -- 1. FUNDAMENTOS Y CONSIDERACIONES 1.1 La Competencia",15_04_Comunic_Recibidas/2018/CI004_GP-7470_070109_JBELTRAN_250864089001_TUTL_SGAMBOA.pdf
63,1,AGENCIA NACIONAL DE INFRAESTRUCTURA,2018-305-000665-1,CONSORCIO 4C,GP-6912,10/01/2018,Oficio radicado ANI 2017-409-136464-2 de 21/12/2017. Traslado Derecho de Petición Proyecto Girardot - Honda - Puerto Salgar. Contrato de Concesión 003 de 2014 - Concesión Alto Magdalena S.A.S.,15_04_Comunic_Recibidas/2018/CI004_GP-6912_070109_ANI_000665-1_DP_JRAMOS.pdf
71,1,CONCESIÓN ALTO MAGDALENA S.A.S.,ALMA-2018-0974,CONSORCIO 4C,GP-7335,05/03/2018,Diseño Geométrico Corredor Férreo - Sector Purnio - Unidad Funcional 5.4.,15_04_Comunic_Recibidas/2018/CI004_GP-7335_070107_CON_0974_DISEÑ_GEOM_UF5.4.pdf
68,2,CONCESIÓN ALTO MAGDALENA S.A.S.,ALMA-2018-0096,CONSORCIO 4C,GP-6894,05/01/2018,Respuesta a su comunicación CI.004/GP3627/17/7.4.1 del 22 de diciembre de 2017. (Rad. Interno ALMA-2017-04471). Entrega de un expediente predial de la unidad funcional 5 para aprobación.,15_04_Comunic_Recibidas/2018/CI004_GP-6894_070401_CON_0096_EXP_PREDIAL.pdf
67,1,CONCESIÓN ALTO MAGDALENA S.A.S.,ALMA-2018-4577,CONSORCIO 4C,GP-9318,04/12/2018,Entrega del Informe No. 4 – Resolución No. 1928 del 5 de septiembre de 2015. UF 2.,15_04_Comunic_Recibidas/2018/CI004_GP-9318_070108_CON_4577_INF_4_RESOL_1928.pdf
70,2,CONCESIÓN ALTO MAGDALENA S.A.S.,ALMA-2018-2738,CONSORCIO 4C,GP-8316,17/07/2018,Su comunicación CI.004/GP4803/18/7.1.10 - Radicado ALMA-R-2018-2239 del 13 Julio de 2018. Condiciones de Seguridad UF 5 Semana 162.,15_04_Comunic_Recibidas/2018/CI004_GP-8316_070110_CON_2738_CONDI_SEG_UF5.pdf
72,7,CONCESIÓN ALTO MAGDALENA S.A.S.,ALMA-2018-3445,CONSORCIO 4C,GP-8686,04/09/2018,Cumplimiento Acuerdo No. 019 de 21 de junio de 2016. Compensaciones Ambientales,15_04_Comunic_Recibidas/2018/CI004_GP-8686_070108_CON_3445_COMPENSA_AMB.pdf
69,1,CONCESIÓN ALTO MAGDALENA S.A.S.,ALMA-2018-1805,CONSORCIO 4C,GP-7812,07/05/2018,Entrega de un (1) expediente para aprobación del Avalúo Comercial Corporativo.,15_04_Comunic_Recibidas/2018/CI004_GP-7812_070406_CON_1805_EXP_AVALUO.pdf
59,5,CONCESIÓN ALTO MAGDALENA S.A.S.,ALMA-2018-4454,CONSORCIO 4C,GP-9221,23/11/2018,"Solicitud de custodia en zona de exclusión en el Pr 3 + 500, costado derecho sentido Puerto Bogotá - Guaduas.",15_04_Comunic_Recibidas/2018/CI004_GP-9221_070109_CON_4454_ZONA_EXCLU_PR3+500.pdf
75,1,CONCESIÓN ALTO MAGDALENA S.A.S.,ALMA-2018-1582,CONSORCIO 4C,GP-7950,23/04/2018,Entrega de un (1) expediente de la Unidad Funcional 2 para revisión en la etapa de expropiación.,15_04_Comunic_Recibidas/2018/CI004_GP-7950_070404_CON_1582_EXP_EXPRO.pdf
78,1,CONCESION ALTO MAGDALENA S.A.S.,ALMA-2018-5337,CONSORCIO 4C,GP-6930,19/12/2017,"Entrega de un (1) expediente predial de la unidad funcional 3, para aprobación de ficha predial.",15_04_Comunic_Recibidas/2018/CI004_GP-6930_070401_CON_5337_EXP_PRDAL.pdf
76,5,CONCESIÓN ALTO MAGDALENA S.A.S.,ALMA-2018-2573,CONSORCIO 4C,GP-8237,04/07/2018,Respuesta a comunicado CI.004/GP4377/18/7.1.8 del 08 de mayo de 2018. (Rad. Interno ALMA-R-2018-1464 del 08 de mayo de 2018). Seguimiento Actividades Constructivas Glorieta Purnio UF 5.4.,15_04_Comunic_Recibidas/2018/CI004_GP-8237_070108-070109_CON_2573_SEG_GLORIET_PURNIO.pdf
79,1,CONCESION ALTO MAGDALENA S.A.S.,ALMA-2018-0044,CONSORCIO 4C,GP-6910,05/01/2018,Cronograma de gestión predial ajustado al nuevo plan de obras Alma V05-R2 con fecha 24-11-2017.,15_04_Comunic_Recibidas/2018/CI004_GP-6910_070401_CON_0044_GESTION_PREDIAL_PLAN_OBRAS_V05_R2.pdf
36,9,CONCESIÓN ALTO MAGDALENA S.A.S.,ALMA-2018-4348,CONSORCIO 4C,GP-9185,19/11/2018,Comunicaciones CI.004/GP5433/18/7.4.1 – 7.4.2 - Rad ALMA-R-2018-3305 del 24 de octubre de 2018. CI.004/GP5542/18/7.4.1 – 7.4.2 Rad. ALMA-R-2018-3531 del 09 de noviembre de 2018. Compromisos reunión 22 de octubre de 2018.,15_04_Comunic_Recibidas/2018/CI004_GP-9185_070401_CON_4348_COMPRO_REUNION.pdf
80,2,CONCESION ALTO MAGDALENA S.A.S.,ALMA-2018-2258,CONSORCIO 4C,GP-8020,07/06/2018,"Respuesta a su comunicación CI.004/GP4593/18/7.4.2 con fecha del 06 de Junio del 2018, Entrega de un 1 expediente predial de la unidad funcional 3 para revisión del componente Social.",15_04_Comunic_Recibidas/2018/CI004_GP-8020_070402_CON_2258_EXP_SOCIAL.pdf
73,1,CONCESIÓN ALTO MAGDALENA S.A.S.,ALMA-2018-0597,CONSORCIO 4C,GP-7130,05/02/2018,Entrega Diseño Hidrosanitario del Área de Servicio K80 - Unidad Funcional 3.,15_04_Comunic_Recibidas/2018/CI004_GP-7130_070107_CON_0597_DISE_HIDROS_K80.pdf
77,2,CONCESIÓN ALTO MAGDALENA S.A.S.,CI.004/GP407/18/7.1.10,CONSORCIO 4C,GP-7612,06/04/2018,Respuesta a su comunicación CI.004/GP4076/18/7.1.10 del 15 de Marzo de 2018 (Radicado ALMA-R-2018-0884) Seguimiento cumplimiento de pago salarial,15_04_Comunic_Recibidas/2018/CI004_GP-7612_070110_CON_1377_SEGUI_PAG_SAL.pdf
82,4,CONCESIÓN ALTO MAGDALENA S.A.S.,ALMA-2018-3765,CONSORCIO 4C,GP-8803,27/09/2018,Respuesta a su comunicación CI.004/GP5181/18/7.1.15 de 13 de septiembre de 2018 con radicado ALMA-R-2018-2885 Soporte Acta de Redes 10,15_04_Comunic_Recibidas/2018/CI004_GP-8803_070115_CON_3765_ACTA_REDES_10.pdf
84,5,CONCESIÓN ALTO MAGDALENA S.A.S.,ALMA-2018-3875,CONSORCIO 4C,GP-8879,08/10/2018,"Solicitud de custodia en zona de exclusión en el Pr 24 + 800, Costado derecho sentido Nariño - Guataqui.",15_04_Comunic_Recibidas/2018/CI004_GP-8879_070109_CON_3875_ZONA_EXCLUS_PR24.pdf
83,1,CONCESIÓN ALTO MAGDALENA S.A.S.,ALMA-2018-4179,CONSORCIO 4C,GP-9072,31/10/2018,Respuesta comunicación CI.004/GP5102/18/7.1.7 del 05 de septiembre de 2018 (Radicado interno ALMA-R-2018-2768.) Hojas de Vida y Pruebas de Integridad para los Pilotes Construidos y por Construirse en los puentes de la UF 5.,15_04_Comunic_Recibidas/2018/CI004_GP-9072_070103_CON_4179_PRUEBAS_PTES_UF5.pdf
88,1,CONCESIÓN ALTO MAGDALENA S.A.S.,ALMA-2018-0788,CONSORCIO 4C,GP-7244,19/02/2017,Solicitud Copia Informes Mensuales de Interventoría.,15_04_Comunic_Recibidas/2018/CI004_GP-7244_090200_CON_0788_SCTD_INF_INTERV.pdf
74,1,CONCESIÓN ALTO MAGDALENA S.A.S.,ALMA-2018-2285,CONSORCIO 4C,GP-8023,12/06/2018,Entrega de la Sabana Predial y Tira topográfica.,15_04_Comunic_Recibidas/2018/CI004_GP-8023_070401_CON_2285_SABANA_PREDIAL.pdf
90,1,CONCESIÓN ALTO MAGDALENA S.A.S.,ALMA-2018-0415,CONSORCIO 4C,GP-7142,26/01/2018,Entrega de (1) expediente predial de la unidad funcional 3 para revisión del componente Social.,15_04_Comunic_Recibidas/2018/CI004_GP-7142_070402_CON_0415_EXP_SCIAL_UF3.pdf
91,1,CONCESIÓN ALTO MAGDALENA S.A.S.,ALMA-2018-4417,CONSORCIO 4C,GP-9189,20/11/2018,Entrega del expediente ALMA-2-0157-1 para aprobación del Avalúo Comercial Corporativo.,15_04_Comunic_Recibidas/2018/CI004_GP-9189_070406_CON_4417_EXP_AVALUO.pdf
87,6,CONCESIÓN ALTO MAGDALENA S.A.S.,ALMA-2018-0813,CONSORCIO 4C,GP-7235,20/02/2018,"Respuesta a la comunicado ALMA-R-2018-0415, del 01 de febrero de 2018 respuesta a comunicación recibida con radicado ALMA 2018 356, identificado como PQRS UF2 2018 257 Adecuación Alcantarilla.",15_04_Comunic_Recibidas/2018/CI004_GP-7235_070109_CON_0813_PQRS_JGALVEZ.pdf
81,1,CONCESIÓN ALTO MAGDALENA S.A.S.,ALMA-2018-1650,CONSORCIO 4C,GP-7908,24/05/2018,Su comunicación 2018-305-015012-1 fechada el 17 de mayo de 2018 – Radicado ALMA-2018-1650 del 23 de mayo de 2018. Oficio radicado ANI 2018-409-045852-2. Diseño Glorieta Costado Oriental UF 5.1.,15_04_Comunic_Recibidas/2018/CI004_GP-7908_070107_CON_2014_DISÑ_GLORIET_UF5.pdf
92,5,CONCESIÓN ALTO MAGDALENA S.A.S.,ALMA-2018-3877,CONSORCIO 4C,GP-8881,08/10/2018,Solicitud de liberación de espacio Público venta de pescado en el Km 9+800 Honda Tolima.,15_04_Comunic_Recibidas/2018/CI004_GP-8881_070109_CON_3877_LIBERA_ESPAC_PUB.pdf
89,9,CONCESIÓN ALTO MAGDALENA S.A.S.,ALMA-2018-2053,CONSORCIO 4C,GP-7942,28/05/2018,Respuesta Comunicación con radicado Interventoría Cl.004/AGP4399/18/7.1.15,15_04_Comunic_Recibidas/2018/CI004_GP-7942_070115-070201_CON_2053_MANEJ_SUBCTA_REDES.pdf
86,3,CONCESIÓN ALTO MAGDALENA S.A.S.,ALMA-2018-1325,CONSORCIO 4C,GP-7548,02/04/2018,Sus comunicaciones CI004/GP3949/18/7.1.3 - Radicado ALMA-R-2018-0654 del 21 de febrero de 2018 y CI004/GP4056/18/7.1.3-7.1.7 - Radicado ALMA-R-2018-0865 del 14 de marzo de 2018. Seguimiento Control Calidad Construcción y Diseño Pavimentos UF5.4,15_04_Comunic_Recibidas/2018/CI004_GP-7548_070107_CON_1325_SEGUI_PAVI_UF5.4.pdf
93,1,CONCESIÓN ALTO MAGDALENA S.A.S.,ALMA-2018-3151,CONSORCIO 4C,GP-8539,15/08/2018,Respuesta a su comunicación CI.004/GP4810/18/7.4.6 del 10 de Julio de 2018 (Rad. Interno ALMA-2018-2345) Entrega de un (1) expediente para aprobación del Avalúo Comercial Corporativo.,15_04_Comunic_Recibidas/2018/CI004_GP-8539_070406_CON_3151_EXP_AVALUO.pdf
94,1,CONCESIÓN ALTO MAGDALENA S.A.S.,ALMA-2018-2909,CONSORCIO 4C,GP-8433,30/07/2018,Solicitud certificación Contrato N° 003 de 2014 – Proyecto Honda – Puerto Salgar - Girardot”. Prorroga Autorización Temporal SCV-09031. Expediente: Autorización Temporal SCV-09031– “Caicedo”.,15_04_Comunic_Recibidas/2018/CI004_GP-8433_070108_CON_2909_PRORROG_TEMP_SVC-09031.pdf
85,5,CONCESIÓN ALTO MAGDALENA S.A.S.,ALMA-2018-2979,CONSORCIO 4C,GP-8479,02/08/2018,Su comunicación CI.004/GP4653/18/7.1.3 – Radicado ALMA-R-2018-1944 del 18 de junio de 2018. Seguimiento Calidad Cicloruta – UF2,15_04_Comunic_Recibidas/2018/CI004_GP-8479_070103-090300_CON_2979_SEGUI_CICLORUT_UF2.pdf
98,1,CONCESIÓN ALTO MAGDALENA S.A.S.,ALMA-2018-4526,CONSORCIO 4C,GP-9262,29/11/2018,Entrega Informe Pasos Urbanos V2 y Presentación,15_04_Comunic_Recibidas/2018/CI004_GP-9262_050200_CON_4526_INF_PASOS_URBAN_V2.pdf
96,1,CONCESIÓN ALTO MAGDALENA S.A.S.,ALMA-2018-2110,CONSORCIO 4C,GP-8228,30/05/2018,Entrega de un expediente predial de la unidad funcional 5 para aprobación.,15_04_Comunic_Recibidas/2018/CI004_GP-8228_070401_CON_2110_EXP_PREDIAL.pdf
97,1,CONCESIÓN ALTO MAGDALENA S.A.S.,ALMA-2018-0746,CONSORCIO 4C,GP-7218,15/02/2018,"Resultados Medición Indicadores E3 - Fisuras, E6 - Baches, E7 - Hundimientos, E18 - Grietas, E19 - Escalonamientos, E21 - Juntas y E22 - Desportillamiento de juntas.",15_04_Comunic_Recibidas/2018/CI004_GP-7218_070303_CON_0746_MEDI_INDICA.pdf
102,1,CONCESIÓN ALTO MAGDALENA S.A.S.,ALMA-2018-4010,CONSORCIO 4C,GP-9032,17/10/2018,Reiteración solicitud de información radicado el 22 de febrero de 2018 en la Unidad de Restitución de Tierras.,15_04_Comunic_Recibidas/2018/CI004_GP-9032_070401_CON_4010_RESTITU_TIERRAS.pdf
104,1,CONCESIÓN ALTO MAGDALENA S.A.S.,ALMA-2017-5281,CONSORCIO 4C,GP-6929,18/12/2017,Entrega de un (1) expediente de la Unidad Funcional 3 para revisión en la etapa de expropiación.,15_04_Comunic_Recibidas/2018/CI004_GP-6929_070401_CON_5281_EXP_UF3_EXPRO.pdf
103,1,AGENCIA NACIONAL DE INFRAESTRUCTURA,20183050326861,CONSORCIO 4C,GP-8841,01/10/2018,"Requerimiento de atención a observaciones Recorrido Nocturno de la Interventoría - Proyecto Girardot - Honda - Puerto Salgar, Contrato de Concesión 003 de 2014. Alto Magdalena S.A.S.",15_04_Comunic_Recibidas/2018/CI004_GP-8841_070304_ANI_032686-1_OBS_RECOR_NOCTU.pdf
100,1,CONCESIÓN ALTO MAGDALENA S.A.S.,ALMA-2018-3689,CONSORCIO 4C,GP-9031,24/09/2018,Respuesta comunicación CI.004/GP5157/18/7.1.8 de 11 de septiembre de 2018 (Radicado interno ALMA-R-2018-2851). Observaciones Informe Trimestral Socio Ambiental 15 V2 / Respuesta ALMA-2018-3422.,15_04_Comunic_Recibidas/2018/CI004_GP-9031_070108_CON_3689_OBS_INF_TRIM_15_V2.pdf
99,1,CONCESIÓN ALTO MAGDALENA S.A.S.,ALMA-2018-0341,CONSORCIO 4C,GP-7034,23/01/2018,Respuesta a Comunicado CI.004/GP3655/18/7.1.8 del 03 de enero de 2018 (Rad. Interno ALMA-R-2018-0016 del 03 de enero de 2018). Pendientes Cierre Ambiental Parcial UF 1,15_04_Comunic_Recibidas/2018/CI004_GP-7034_070108_CON_0341_PDT_CIER_AMB.pdf
106,1,CONCESIÓN ALTO MAGDALENA S.A.S.,ALMA-2018-3883,CONSORCIO 4C,GP-9086,08/10/2018,Entrega de (1) expediente predial ALMA-3-0123 para aprobación de ficha predial.,15_04_Comunic_Recibidas/2018/CI004_GP-9086_070401_CON_3883_EXP_PREDIAL.pdf
95,13,AGENCIA NACIONAL DE INFRAESTRUCTURA,2018-305-041232-1,CONSORCIO 4C,GP-9347,11/12/2018,"Respuesta a sus comunicaciones con radicado ANI No. 2018-409-04074-3 del 24 de abril de 2018, 2018-409-041997-2 del 27 de abril de 2018 y 2018-409-054473-2 del 31 de mayo de 2018. Notificación de presuntos Eventos Eximentes de responsabilidad prediales - Contrato de Concesión No 003 de 2014. Concesión Girardot - Honda - Puerto Salgar.",15_04_Comunic_Recibidas/2018/CI004_GP-9347_050300_ANI_041232-1_PRESUNTOS_EER.pdf
107,3,CONCESION ALTO MAGDALENA S.A.S.,ALMA-2018-0251,CONSORCIO 4C,GP-6971,17/01/2018,Respuesta a Comunicaciones de ocupación de cauce Unidad Funcional 3.,15_04_Comunic_Recibidas/2018/CI004_GP-6971_070108-070107_CON_0251_OCUP_CAUCE_UF3.pdf
105,1,CONCESIÓN ALTO MAGDALENA S.A.S.,ALMA-2018-0224,CONSORCIO 4C,GP-6953,17/01/2018,Entrega de tres (03) expedientes prediales de la Unidad Funcional 2 para aprobación.,15_04_Comunic_Recibidas/2018/CI004_GP-6953_070401_CON_0224_EXPD_PRDAL_UF2.pdf
108,3,CONCESIÓN ALTO MAGDALENA S.A.S.,ALMA-2018-1319,CONSORCIO 4C,GP-7543,02/04/2018,"Respuesta Auto GSC ZC No 000130 del 22 de febrero de 2018. Expediente: Autorización Temporal SCV-09031- ""Caicedo"".",15_04_Comunic_Recibidas/2018/CI004_GP-7543_070108_CON_1319_RTA_AUTO_GSC_ZC130.pdf
110,1,CONCESIÓN ALTO MAGDALENA S.A.S.,ALMA-2018-0989,CONSORCIO 4C,GP-7360,05/03/2018,Respuesta a su Oficio No. CI.004/GP3856/18/7.4.4 relacionado con la entrega de un (1) expediente de la Unidad Funcional 3 para revisión en la etapa de expropiación.,15_04_Comunic_Recibidas/2018/CI004_GP-7360_070404_CON_0989_EXP_EXPRO.pdf
101,1,CONCESIÓN ALTO MAGDALENA S.A.S.,ALMA-2018-4190,CONSORCIO 4C,GP-9078,31/10/2018,Entrega del Informe N° 1 Cumplimiento de las obligaciones establecidas en los artículos 2 y 7 de la Resolución 0817 de 2016. UF 4.1 Sector La Cajita,15_04_Comunic_Recibidas/2018/CI004_GP-9078_070108_CON_4190_INFORME_N°1_EXPLO_MATERIAL.pdf
111,1,CONCESIÓN ALTO MAGDALENA S.A.S.,ALMA-2018-4493,CONSORCIO 4C,GP-9260,29/11/2018,Entrega de cinco (5) expedientes para revisión en la etapa de expropiación.,15_04_Comunic_Recibidas/2018/CI004_GP-9260_070404_CON_4493_EXP_EXPRO.pdf
109,1,CONCESIÓN ALTO MAGDALENA S.A.S.,ALMA-2018-1990,CONSORCIO 4C,GP-8014,22/05/2018,Entrega de un (1) expediente de la Unidad Funcional 1 para revisión en la etapa de expropiación.,15_04_Comunic_Recibidas/2018/CI004_GP-8014_070404_CON_1990_EXP_EXPRO.pdf
112,1,CONCESIÓN ALTO MAGDALENA S.A.S.,ALMA-2018-0526,CONSORCIO 4C,GP-7532,02/02/2018,Entrega de un (1) expediente para aprobación del Avalúo Comercial Corporativo de la unidad funcional 3.,15_04_Comunic_Recibidas/2018/CI004_GP-7532_070401_CON_0526_EXP_AVALUO.pdf
114,2,CONCESIÓN ALTO MAGDALENA S.A.S.,ALMA-2018-2860,CONSORCIO 4C,GP-8415,27/07/2018,Comunicación Cl.004/GP3917/18/7.1.7 – Radicado ALMA-R-2018-0590 del 16 de febrero de 2018. Revisión señalización táctil – Andenes.,15_04_Comunic_Recibidas/2018/CI004_GP-8415_070107_CON_2860_SEÑALIZA_TACTIL_ANDEN.pdf
115,5,CONCESIÓN ALTO MAGDALENA S.A.S.,ALMA-2018-2401,CONSORCIO 4C,GP-9071,21/06/2018,Respuesta a su comunicación CI.004/GP4066/18/7.1.10 del 14 marzo de 2018 (Radicado ALMA-R-2018-0874) Condiciones de seguridad UF 3 Semana 160.,15_04_Comunic_Recibidas/2018/CI004_GP-9071_070110_CON_2401_CONDI_SEG_UF3.pdf
113,3,AGENCIA NACIONAL DE INFRAESTRUCTURA,2018-305-019148-1,CONSORCIO 4C,GP-8123,20/06/2018,Respuesta solicitud comunicación radicado ANI No 20184090565602 del 07 de Junio de 2018 - Expediente IUS-E-2017-847785 IUC-D-2017-1034105 - Contrato de Concesión No 003 de 2014 - Girardot - Honda - Puerto Salgar.,15_04_Comunic_Recibidas/2018/CI004_GP-8123_070401_ANI_019148_CONT_ESTATAL.pdf
118,10,Agencia Nacional de Infraestructura,20183050282101,CONSORCIO 4C,GP-8636,29/08/2018,Seguimiento procesos constructivos puente Guarinó,15_04_Comunic_Recibidas/2018/CI004_GP-8636_070103_ANI_028210-1_SEGUI_PTE_GUARINO.pdf
117,1,CONCESIÓN ALTO MAGDALENA S.A.S.,ALMA-2018-2426,CONSORCIO 4C,GP-8169,25/06/2018,Su comunicación CI.004/GP4488/18/7.1.7 – Radicado ALMA-R-2018-1663 del 24 de mayo de 2018. Seguimiento de obra condiciones de Pilas Puente P11G K55+500 – UF3.,15_04_Comunic_Recibidas/2018/CI004_GP-8169_070107_CON_2426_PILAS_PTE_P11G.pdf
119,3,CONCESIÓN ALTO MAGDALENA S.A.S.,ALMA-2018-0910,CONSORCIO 4C,GP-7294,26/02/2018,Respuesta a comunicado Identificada como PQRS UF2 2018 264 - Condominio Algarrobos.,15_04_Comunic_Recibidas/2018/CI004_GP-7294_070103-070109-070108_CON_0910_PQR_ALGARROB.pdf
120,1,CONCESION ALTO MAGDALENA S.A.S.,ALMA-2018-1647,CONSORCIO 4C,GP-7972,25/04/2018,"Respuesta a su comunicación, CI.004/GP4177/18/7.4.1 del 2 de Abril de 2018 (Rad. Interno ALMA-R-2018-1085), Entrega de un (1) expediente predial de la unidad funcional 3 para aprobación de ficha predial.",15_04_Comunic_Recibidas/2018/CI004_GP-7972_070401_CON_1647_EXP_PREDIAL.pdf
124,2,AGENCIA NACIONAL DE INFRAESTRUCTURA – ANI,ANI-017342-1,CONSORCIO 4C,GP-8013,,Respuesta Solicitud concepto integral para la puesta en operación del puente sobre el Rio Magdalena – Unidad Funcional 1– Contrato de Concesión No 003 de 2014. Concesión Girardot – Honda – Puerto Salgar.,15_04_Comunic_Recibidas/2018/CI004_GP-8013_050300_ANI_017342-1_OPERA_PTE_UF1.pdf
121,4,CONCESIÓN ALTO MAGDALENA S.A.S.,ALMA-2018-3873,CONSORCIO 4C,GP-8866,04/10/2018,Respuesta comunicaciones CI.004/GP4735/18/7.1.7 (Radicado ALMA-R-2018-2091 del 28 de junio de 2018). Y CI.004/GP5171/18/7.1.7 (Radicado ALMA-R-2018-2878 del 13 de septiembre de 2018 y CI.004/GP5285/18/5.3 (Radicado ALMA-R-2018-3074 del 28 de septiembre de 2018).-Solicitud No objeción Plazo de Cura.,15_04_Comunic_Recibidas/2018/CI004_GP-8866_050300_CON_3873_PLAZO_CURA_COLAS.pdf
125,4,CONCESION ALTO MAGDALENA S.A.S.,ALMA-2018-1474,CONSORCIO 4C,GP-7628,13/04/2018,Respuesta comunicación CI.004/GP4140/18/7.1.15-7.2.1 con radicado ALMA-R-2018-1016 Respuesta Notificación de Ejecución del 90% del Valor Estimado Redes Solicitud Aprobación Reembolsos Adicionales ANI,15_04_Comunic_Recibidas/2018/CI004_GP-7628_070115_CON_1474_EJECU_90%_REDES.pdf
116,1,CONCESIÓN ALTO MAGDALENA S.A.S.,ALMA-2018-3529,CONSORCIO 4C,GP-8752,11/09/2018,Entrega de un (1) expediente para aprobación del Avalúo Comercial Corporativo de la unidad funcional 3.,15_04_Comunic_Recibidas/2018/CI004_GP-8752_070406_CON_3529_EXP_AVALUO.pdf
123,4,AGENCIA NACIONAL DE INFRAESTRUCTURA,ANI-030110-1,CONSORCIO 4C,GP-8704,11/09/2018,"Cumplimiento al numeral 3.3.7 Seguridad Vial del Apéndice Técnico 2 del Contrato de Concesión. - Proyecto Girardot - Honda - Puerto Salgar, Contrato de Concesión 003 de 2014. Alto Magdalena S.A.S.",15_04_Comunic_Recibidas/2018/CI004_GP-8704_070600_ANI_030110-1_CUMPLI_N°3.3.7_SEG_VIAL.pdf
131,1,CONCESIÓN ALTO MAGDALENA S.A.S.,ALMA-2018-3360,CONSORCIO 4C,GP-8610,28/08/2018,Su comunicación CI.004/GP4641/18/7.1.3-5.3 - Radicado ALMA-R-2018-1931 del 15 de junio de 2018. Gestión Predial Accesos Puentes Contractuales.,15_04_Comunic_Recibidas/2018/CI004_GP-8610_070103_CON_3360_GEST_PREDIAL_PTES_CONTRACT.pdf
129,1,CONCESIÓN ALTO MAGDALENA S.A.S.,ALMA-2018-1432,CONSORCIO 4C,GP-8224,11/04/2018,"Respuesta a su comunicación, CI.004/GP3888/18/7.4.1 del 15 de Febrero de 2018 (Rad. Interno ALMA-R-2018-0605), Entrega de un (1) expedientes prediales de la unidad funcional 3 para aprobación de Avalúo comercial corporativo.",15_04_Comunic_Recibidas/2018/CI004_GP-8224_070406_CON_1432_EXP_AVALUO.pdf
127,1,AGENCIA NACIONAL DE INFRAESTRUCTURA,2018-305-016824-1,CONSORCIO 4C,GP-7981,01/06/2018,Remisión Proposición No 022 del Concejo Municipal de Honda - Tolima - Proyecto Girardot - Honda - Puerto Salgar Radicado ANI No 20184090542262. Contrato de Concesión 003 de 2014 - Concesión Alto Magdalena S.A.S.,15_04_Comunic_Recibidas/2018/CI004_GP-7981_070109_ANI_016824-1_REMIS_PROPOSI_N°022.pdf
126,1,CONCESIÓN ALTO MAGDALENA S.A.S.,ALMA-2018-1321,CONSORCIO 4C,GP-7544,02/04/2018,Ajuste Diseño Geométrico entre el K67+300 y el K68+199 – Unidad Funcional 3,15_04_Comunic_Recibidas/2018/CI004_GP-7544_070107_CON_1321_DISEÑ_GEOME_K67.pdf
128,1,CONCESIÓN ALTO MAGDALENA S.A.S.,ALMA-2018-1725,CONSORCIO 4C,GP-7754,30/04/2018,Su comunicación CI.004/GP4301/18/7.1.7 – Radicado ALMA-R-2018-1293 del 20 de abril de 2018 – Estructura Pavimento Rígido Peaje Guataquí UF3.,15_04_Comunic_Recibidas/2018/CI004_GP-7754_070107_CON_1725_PAVI_PEAJE_GUATAQUI.pdf
122,1,CONCESIÓN ALTO MAGDALENA S.A.S.,ALMA-2018-4664,CONSORCIO 4C,GP-9361,12/12/2018,"Indicador E-15, Ficha Técnica SIPUCOL y Memoria Técnica Puente P14 – UF3.",15_04_Comunic_Recibidas/2018/CI004_GP-9361_070303-090300_CON_4664_MEMO_TEC_PTE_P14.pdf
132,1,CONCESIÓN ALTO MAGDALENA S.A.S.,ALMA-2018-3669,CONSORCIO 4C,GP-8782,19/09/2018,Respuesta comunicación CI.004/GP5120/18/7.1.7 - 7.1.8 del 06 de septiembre de 2018 (Radicado interno ALMA-R-2018-2787 del 06 de septiembre de 2018). Aclaración Diseños Intersección el Korán UF 5.4.,15_04_Comunic_Recibidas/2018/CI004_GP-8782_070107-070108_CON_3669_DISÑ_INTER_KORAN.pdf
138,1,CONCESIÓN ALTO MAGDALENA S.A.S.,ALMA-2018-3974,CONSORCIO 4C,GP-8931,12/10/2018,Entrega del expediente ALMA-1-0001 para revisión en la etapa de Expropiación.,15_04_Comunic_Recibidas/2018/CI004_GP-8931_070404_CON_3974_EXP_EXPRO.pdf
139,2,CONCESIÓN ALTO MAGDALENA S.A.S.,ALMA-2018-1411,CONSORCIO 4C,GP-7613,11/04/2018,Su comunicación CI.004/GP4205/18/7.1.3 – Radicado ALMA-R-2018-1128 del 6 de abril de 2018 – Seguimiento Obra Construcción Andenes Puente Sobre Río Magdalena UF1.,15_04_Comunic_Recibidas/2018/CI004_GP-7613_070103_CON_1411_SEGUI_ANDEN_PTE_UF1.pdf
135,2,SENA,2-2018-001341,CONSORCIO 4C,GP-7327,01/03/2018,Respuesta solicitud formación complementaria,15_04_Comunic_Recibidas/2018/CI004_GP-7327_070110_SENA_001341_REENTRENAM_ALTUR.pdf
134,2,CONCESIÓN ALTO MAGDALENA S.A.S.,ALMA-2018-1093,CONSORCIO 4C,GP-7369,12/03/2018,"Acta No 7 Ejecución de obras de protección, Traslado o Reubicación de R1d11 1 ctrlc 11 húmed s e hidrocarburos",15_04_Comunic_Recibidas/2018/CI004_GP-7369_070115_CON_1093_ACTA_REDES_N°7.pdf
136,3,CONCESIÓN ALTO MAGDALENA S.A.S.,ALMA-2018-1758,CONSORCIO 4C,GP-7998,03/05/2018,Citación para Notificación personal de la Resolución No. 0710 del 26 de abril de 2018 - Predio No. ALMA-3-0094. Proyecto vial HONDA - PUERTO SALGAR - GIRARDOT.,15_04_Comunic_Recibidas/2018/CI004_GP-7998_070404_CON_1758_NOTIF_PARCERA.pdf
141,1,CONCESION ALTO MAGDALENA S.A.S.,ALMA-2018-0481,CONSORCIO 4C,GP-7097,31/01/2018,BITÁCORA DE OBRA - PUENTES UF 4,15_04_Comunic_Recibidas/2018/CI004_GP-7097_070103_CON_0481_BITACOR_PTE_UF4.pdf
133,1,CONCESIÓN ALTO MAGDALENA S.A.S.,ALMA-2017-5234,CONSORCIO 4C,GP-7111,12/12/2017,Entrega de un (1) expediente para aprobación del Avalúo Comercial Corporativo.,15_04_Comunic_Recibidas/2018/CI004_GP-7111_070401_CON_5234_EXP_AVALUO.pdf
143,1,CONCESIÓN ALTO MAGDALENA S.A.S.,ALMA-2018-3077,CONSORCIO 4C,GP-8563,10/08/2018,Respuesta a objeción de comunicado (RAD. Interno ALMA-R-2018-1889) del 13 de Junio 2018 por parte del propietario.,15_04_Comunic_Recibidas/2018/CI004_GP-8563_070406_CON_3077_EXP_RTA_OBJECION.pdf
130,103,Fiduciaria Bogotá,CSSA2018001994,CONSORCIO 4C,GP-7020,18/01/2018,INFORME DICIEMBRE DE 2017 P.A. ALTO MAGDALENA,15_04_Comunic_Recibidas/2018/CI004_GP-7020_070202_FBTA_001994_INF_DIC17.pdf
142,2,CONCESIÓN ALTO MAGDALENA S.A.S.,ALMA-2018-4513,CONSORCIO 4C,GP-9265,29/11/2018,"Respuesta al oficio CI.004/GP5607/18/7.4.1, con radicado interno ALMA-R-2018-3640, con fecha 23 de noviembre de 2018. Predio ALMA-5-0252.",15_04_Comunic_Recibidas/2018/CI004_GP-9265_070401_CON_4513_EXP_PREDIAL.pdf
137,1,CONCESIÓN ALTO MAGDALENA S.A.S.,ALMA-2018-2307,CONSORCIO 4C,GP-8191,13/06/2018,Su comunicación CI.004/GP4420/18/7.1.7 – Radicado ALMA-R-2018-1514 del 11 de mayo de 2018. Diseño Andén Paso Urbano la Dorada UF 5.,15_04_Comunic_Recibidas/2018/CI004_GP-8191_070107_CON_2307_ANDEN_URBAN_UF5.pdf
145,2,CONCESION ALTO MAGDALENA S.A.S.,ALMA-2018-2196,CONSORCIO 4C,GP-7990,06/06/2018,Entrega de un (1) expediente predial de la Unidad Funcional 2 para revisión del componente Social.,15_04_Comunic_Recibidas/2018/CI004_GP-7990_070402_CON_2196_EXP_SOCIAL.pdf
146,1,CONCESIÓN ALTO MAGDALENA S.A.S.,ALMA-2018-4416,CONSORCIO 4C,GP-9236,20/11/2018,"Entrega de 3 expedientes ALMA-3-0060, ALMA-3-0068, ALMA-3-0020-20 para aprobación del Avalúo Comercial Corporativo.",15_04_Comunic_Recibidas/2018/CI004_GP-9236_070406_CON_4416_EXP_AVALUO.pdf
140,1,CONCESIÓN ALTO MAGDALENA S.A.S.,ALMA-2018-2139,CONSORCIO 4C,GP-8003,31/05/2018,Su comunicación 2018-305-014657-1 fechada el 15 de mayo de 2018 – Radicado ALMA-R-2018-1630 del 22 de mayo de 2018. Oficio radicado ANI 2018-409-044653-2. Seguimiento Plan Obras Área de Servicio,15_04_Comunic_Recibidas/2018/CI004_GP-8003_070101_CON_2139_SEG_AREA_SERV_UF5.pdf
147,1,CONCESIÓN ALTO MAGDALENA S.A.S.,ALMA-2017-5237,CONSORCIO 4C,GP-7112,12/12/2017,Entrega de un (1) expediente para aprobación del Avalúo Comercial Corporativo.,15_04_Comunic_Recibidas/2018/CI004_GP-7112_070401_CON_5237_EXP_AVALUO.pdf
144,1,CONCESIÓN ALTO MAGDALENA S.A.S.,ALMA-2018-1981,CONSORCIO 4C,GP-7874,21/05/2018,Su comunicación Cl.004/GP4347/18/7.1.3 – Radicado ALMA-R-2018-1403 del 03 de mayo de 2018. Atraso Construcción Puente Río Magdalena – UF1.,15_04_Comunic_Recibidas/2018/CI004_GP-7874_070103_CON_1981_ATRAS_PTE_UF1.pdf
151,1,AGENCIA NACIONAL DE INFRAESTRUCTURA,2018-305-011718-1,CONSORCIO 4C,GP-7659,18/04/2018,Oficio radicado ANI 2018-409-037231-2. Traslado Recurso De Reposición En Subsidio De Apelación Proyecto Girardot - Honda - Puerto Salgar. Contrato de Concesión 003 de 2014 - Concesión Alto Magdalena S.A.S.,15_04_Comunic_Recibidas/2018/CI004_GP-7659_070109_ANI_011718-1_SUBSIDI_APELA.pdf
150,7,CONCESIÓN ALTO MAGDALENA S.A.S.,ALMA-2018-3337,CONSORCIO 4C,GP-8604,27/08/2018,"Respuesta a comunicado identificado como PQRS UF5 2018 451, de fecha 25 de julio de 2018.",15_04_Comunic_Recibidas/2018/CI004_GP-8604_070108-070109_CON_3337_PQRS_MCIPIO_LDORADA.pdf
155,1,Fiduciaria Bogotá,,CONSORCIO 4C,GP-8462,01/03/2018,RESPUESTA COMUNICADO CI.004/GP3858/18/7.4.1-7.2.1 P.A. ALTO MAGDALENA 3-1-63664,15_04_Comunic_Recibidas/2018/CI004_GP-8462_070201_FBTA_006377_OBS_ADQUI_PREDIAL.pdf
149,2,CONCESIÓN ALTO MAGDALENA S.A.S.,ALMA-2018-1203,CONSORCIO 4C,GP-7479,20/03/2018,Cesión Parcial Licencia Ambiental Resolución No. 331 del 04 de abril de 2014,15_04_Comunic_Recibidas/2018/CI004_GP-7479_070108_CON_1203_LICEN_AMB_RESOL_331.pdf
148,1,CONCESIÓN ALTO MAGDALENA S.A.S.,ALMA-2018-1140,CONSORCIO 4C,GP-7445,14/03/2018,Entrega de Niveles del Área de Servicio K80 - Unidad Funcional 3.,15_04_Comunic_Recibidas/2018/CI004_GP-7445_070107_CON_1140_NIVEL_AREA_SERV_K80.pdf
157,2,CONCESIÓN ALTO MAGDALENA S.A.S.,ALMA-2018-4423,CONSORCIO 4C,GP-9209,20/11/2018,"Respuesta a derecho de petición para indemnización por muerta semoviente, Con radicado PQR-UF5-2018-557 de 8 de noviembre de 2018.",15_04_Comunic_Recibidas/2018/CI004_GP-9209_070109_CON_4423_DP_MUERTE_SEMOVIENTE.pdf
152,3,CONCESIÓN ALTO MAGDALENA S.A.S.,ALMA-2018-4470,CONSORCIO 4C,GP-9372,27/11/2018,"Alcance Estados Financieros auditados al 30 de junio de 2018, radicado ANI: 2018-409-109281-2 del 22/10/2018.",15_04_Comunic_Recibidas/2018/CI004_GP-9372_070202_CON_4470_ALC_ESTAD_FINAN.pdf
154,3,CONCESIÓN ALTO MAGDALENA S.A.S.,ALMA-2018-1483,CONSORCIO 4C,GP-7636,13/04/2018,Respuesta Comunicación CI004/GP3384/17/7.1.7-7.1.15 - radicado ALMA-R-2017-03926 Canal PR22+657 al PR22+450.,15_04_Comunic_Recibidas/2018/CI004_GP-7636_070115_CON_1483_CANAL_PR22.pdf
153,1,CONCESIÓN ALTO MAGDALENA S.A.S.,ALMA-2018-2032,CONSORCIO 4C,GP-7929,25/05/2018,Entrega de un (1) expediente para aprobación del Avalúo Comercial Corporativo.,15_04_Comunic_Recibidas/2018/CI004_GP-7929_070406_CON_2032_EXP_AVALUO.pdf
156,1,CONCESIÓN ALTO MAGDALENA S.A.S.,ALMA-2018-4219,CONSORCIO 4C,GP-9148,06/11/2018,Entrega de (1) expediente predial ALMA-3-0082 para aprobación de ficha predial.,15_04_Comunic_Recibidas/2018/CI004_GP-9148_070401_CON_4219_EXP_PREDIAL.pdf
161,5,CONCESIÓN ALTO MAGDALENA S.A.S.,ALMA-2018-0817,CONSORCIO 4C,GP-7610,20/02/2018,Respuesta a su comunicación CI.004/GP3742/18/7.1.10 del 16 de enero de 2018 (Rad. Interno ALMA-R-2018-0193) Seguimiento condiciones de seguridad UF 1 y 2 Semana 153.,15_04_Comunic_Recibidas/2018/CI004_GP-7610_070110_CON_0817_CONDI_SEG_UF1_2.pdf
160,1,CONCESIÓN ALTO MAGDALENA S.A.S.,ALMA-2018-0613,CONSORCIO 4C,GP-7291,02/03/2018,Entrega de un (1) expediente predial de la Unidad Funcional 2 para revisión del componente Social.,15_04_Comunic_Recibidas/2018/CI004_GP-7291_070402_CON_0613_EXP_SCIAL.pdf
165,1,CONCESIÓN ALTO MAGDALENA S.A.S.,ALMA-2018-2836,CONSORCIO 4C,GP-8397,25/07/2018,Comunicación CI.004/GP4800/18/7.1.7 – Radicado ALMA-R-2018-2238 del 13 de julio de 2018. Condiciones Pilas Puente P11G K55+500 – UF3.,15_04_Comunic_Recibidas/2018/CI004_GP-8397_070107_CON_2836_PILAS_PTE_P11G.pdf
159,2,CONCESIÓN ALTO MAGDALENA S.A.S.,CI.004/GP4060/18/7.1.7,CONSORCIO 4C,GP-8040,12/06/2018,Su comunicación Cl.004/GP4060/18/7.1.7 – Radicado ALMA-R-2018-0868 del 14 de marzo de 2018. Estructura Intervención Pavimento Rehabilitación Honda – La Dorada.,15_04_Comunic_Recibidas/2018/CI004_GP-8040_070107_CON_2270_PAVI_REHABI_HONDA.pdf
166,2,CONCESIÓN ALTO MAGDALENA S.A.S.,ALMA-2018-4278,CONSORCIO 4C,GP-9162,14/11/2018,"Solicitud de visita conforme al permiso de Levantamiento de Veda - Resolución 1928 de 2015, Expediente ATV 0268.",15_04_Comunic_Recibidas/2018/CI004_GP-9162_070108_CON_4278_LEV_VEDA_RESOL_1928.pdf
167,2,CONCESION ALTO MAGDALENA S.A.S.,ALMA-2018-1414,CONSORCIO 4C,GP-7614,11/04/2018,"Respuesta al oficio con radicado Interventoría CI.004/GP4130/18/7.4.4 de 22 de marzo de 2018, Observaciones Resolución de Expropiación predio Nº ALMA-4-0061 (PREDIO VICON).",15_04_Comunic_Recibidas/2018/CI004_GP-7614_070404_CON_1414_OBS_EXPRO_VICON.pdf
169,1,CONCESIÓN ALTO MAGDALENA S.A.S.,ALMA-2018-0302,CONSORCIO 4C,GP-7274,22/01/2018,Informe de Cumplimiento Ambiental No. 4-Expediente N° LAV0004-00-2016.,15_04_Comunic_Recibidas/2018/CI004_GP-7274_070108_CON_0302_INF_CUMPL_AMB.pdf
158,1,CONCESIÓN ALTO MAGDALENA S.A.S.,ALMA-2018-0656,CONSORCIO 4C,GP-7221,19/02/2018,Entrega de dos (2) expedientes prediales de la Unidad Funcional 2 para revisión del componente Social.,15_04_Comunic_Recibidas/2018/CI004_GP-7221_070402_CON_0656_EXP_SCIAL_UF2.pdf
163,1,CONCESIÓN ALTO MAGDALENA S.A.S.,ALMA-2018-1158,CONSORCIO 4C,GP-7685,12/03/2018,Entrega de dos (2) expediente para aprobación del Avalúo Comercial Corporativo.,15_04_Comunic_Recibidas/2018/CI004_GP-7685_070406_CON_1158_EXP_AVALUO.pdf
164,30,CONCESIÓN ALTO MAGDALENA S.A.S.,ALMA-2018-4210,CONSORCIO 4C,GP-9065,02/11/2018,Repuesta a su comunicación CI.004/GP5456/18/7.1.9 del 30 de octubre de 2018 (Radicado interno ALMA R-2018-3388) - Informe Tutela Ricardo Barragán UF3.,15_04_Comunic_Recibidas/2018/CI004_GP-9065_070109_CON_4210_INF_TUTELA_RBARRAGAN.pdf
168,1,CONCESIÓN ALTO MAGDALENA S.A.S.,ALMA-2018-2637,CONSORCIO 4C,GP-8308,11/07/2018,Entrega Informe Gerencial Mensual N° 44 – junio de 2018,15_04_Comunic_Recibidas/2018/CI004_GP-8308_070500_CON_2637_INF_MEN_N°44_JUN.pdf
170,5,CONCESIÓN ALTO MAGDALENA S.A.S.,ALMA-2018-4288,CONSORCIO 4C,GP-9351,14/11/2018,Respuesta comunicación CI.004/GP4823/18/7.5 del 17 de julio de 2018 (Radicado ALMA-R-2018-2268) Observaciones Memoria Técnica Mayo 2018 / Respuesta Comunicado ALMA-2018-2362,15_04_Comunic_Recibidas/2018/CI004_GP-9351_070500_CON_4288_MEMOTEC_MAY.pdf
171,1,CONCESIÓN ALTO MAGDALENA S.A.S.,ALMA-2018-1958,CONSORCIO 4C,GP-7926,21/05/2018,Entrega de un expediente predial de la unidad funcional 5 para aprobación.,15_04_Comunic_Recibidas/2018/CI004_GP-7926_070401_CON_1958_EXP_PREDIAL.pdf
173,139,Fiduciaria Bogotá,,CONSORCIO 4C,GP-7397,20/02/2018,INFORME ENERO DE 2018 P.A. ALTO MAGDALENA,15_04_Comunic_Recibidas/2018/CI004_GP-7397_070202_FBTA_005254_INF_ENE_18.pdf
172,1,CONCESIÓN ALTO MAGDALENA S.A.S.,ALMA-2018-0294,CONSORCIO 4C,GP-7014,22/01/2018,Entrega de un (1) expediente de la Unidad Funcional 4 para revisión en la etapa de expropiación.,15_04_Comunic_Recibidas/2018/CI004_GP-7014_070404_CON_0294_EXP_EXPROP.pdf
174,5,CONCESION ALTO MAGDALENA S.A.S.,ALMA-2018-0829,CONSORCIO 4C,GP-7265,20/02/2018,Respuesta a Comunicado CI.004/GP3744/13/7.1.8 del 16 de enero de 2018 (Rad. Interno ALMA-R-2018-0195 del 16 de enero de 2018). Aspectos e Impactos Ambientales UF 3,15_04_Comunic_Recibidas/2018/CI004_GP-7265_070108_CON_0829_ASPE_IMPA_UF3.pdf
178,1,CONCESIÓN ALTO MAGDALENA S.A.S.,ALMA-2018-2904,CONSORCIO 4C,GP-8428,30/07/2018,Respuesta comunicación CI.004/GP4589/18/7.1.8 del 06 de junio de 2018 (radicado interno ALMA-R-2018-1841 del 06 de junio de 2018). Obras Intersección la Melisa Ruta 4510 Honda - La Dorada.,15_04_Comunic_Recibidas/2018/CI004_GP-8428_070108_CON_2904_OBRAS_INTER_MELISA.pdf
162,2,CONCESIÓN ALTO MAGDALENA S.A.S.,ALMA-2018-4440,CONSORCIO 4C,GP-9215,21/11/2018,Respuesta comunicación CI.004/GP5566/18/7.4.1 - ALMA-R-2018-3570 del 16 de octubre de 2018. Conceptos desafectación predial.,15_04_Comunic_Recibidas/2018/CI004_GP-9215_070401_CON_4440_DESAFECT_PREDIAL.pdf
177,1,CONCESIÓN ALTO MAGDALENA S.A.S.,ALMA-2018-2119,CONSORCIO 4C,GP-7964,30/05/2018,Su comunicación 2018-305-014663-1 fechada el 15 de mayo de 2018 - Radicado ALMA-R-2018-1629 del 22 de mayo de 2018. Oficio radicado ANI 2018-40-9044617-2. Seguimiento Calidad Cicloruta-UF2.,15_04_Comunic_Recibidas/2018/CI004_GP-7964_090300_CON_2119_SEGUI_CICLORUT_UF2.pdf
175,5,CONCESIÓN ALTO MAGDALENA S.A.S.,ALMA-2018-0914,CONSORCIO 4C,GP-7313,28/02/2018,Su comunicación Cl.004/GP3467/17/7.1.3 - Radicado ALMA-R-2017-04096 del 24 de noviembre de 2017. Seguimiento Calidad Procesos Constructivos Subrasante K85+300 - K85+500 UF3,15_04_Comunic_Recibidas/2018/CI004_GP-7313_070103_CON_0914_SUBRASANTE_K85.pdf
183,1,CONCESIÓN ALTO MAGDALENA S.A.S.,ALMA-2018-1881,CONSORCIO 4C,GP-7814,15/05/2018,Registros Control Obra Puentes UF3 - Alcance Comunicaciones ALMA-2018-0631 y ALMA-2018-1323.,15_04_Comunic_Recibidas/2018/CI004_GP-7814_070103_CON_1881_REG_CTROL_PTES_UF3.pdf
182,2,CONCESIÓN ALTO MAGDALENA S.A.S.,ALMA-2018-2638,CONSORCIO 4C,GP-8272,05/07/2018,Respuesta oficio No. CI.004/GP4612/8/7.1.9. de fecha 13 de junio de 2018 – Radicado interno ALMA-R-2018-1896. Pago de Compensaciones en casos de expropiación.,15_04_Comunic_Recibidas/2018/CI004_GP-8272_070109_CON_2638_PAG_COMPENSA.pdf
180,3,CONCESIÓN ALTO MAGDALENA S.A.S.,ALMA-2018-0633,CONSORCIO 4C,GP-7194,08/02/2018,"Entrega de soportes de los correspondientes Pagos de Seguridad Social para el mes de diciembre de 2017 y Pago de Salarios del mes de noviembre de 2017, e ingreso de personal.",15_04_Comunic_Recibidas/2018/CI004_GP-7194_070110_CON_0633_SEGYSAL_DIC_NOV17.pdf
179,1,CONCESIÓN ALTO MAGDALENA S.A.S.,ALMA-2018-1014,CONSORCIO 4C,GP-7402,05/03/2018,Su comunicación ICCU-SCN-18-00037 fechada el 17 de enero de 2018 - Radicado ALMA-R-2018-0303 de fecha 24 de enero 2018.,15_04_Comunic_Recibidas/2018/CI004_GP-7402_070103-070109_CON_1014_RTA_ICCU.pdf
184,1,CONCESIÓN ALTO MAGDALENA S.A.S.,ALMA-2018-1206,CONSORCIO 4C,GP-7460,20/03/2018,Entrega de un (1) expediente de la Unidad Funcional 2 para revisión en la etapa de expropiación.,15_04_Comunic_Recibidas/2018/CI004_GP-7460_070404_CON_1206_EXP_EXPRO.pdf
186,2,CONCESIÓN ALTO MAGDALENA S.A.S.,ALMA-2018-4284,CONSORCIO 4C,GP-9166,14/11/2018,Respuesta comunicaciones CI.004/GP4847/18/7.1.7 del 19 de julio de 2018 (Radicado ALMA-R-2018-2298) y CI.004/GP5407/18/7.1.7 del 18 de octubre de 2018 (Radicado ALMA-R-2018-3252). Conceptos Interferencia Red Férrea UF5.,15_04_Comunic_Recibidas/2018/CI004_GP-9166_070107_CON_4284_INTERF_RED_FERREA.pdf
185,1,AGENCIA NACIONAL DE INFRAESTRUCTURA,2018-305-015122-1,CONSORCIO 4C,GP-7853,18/05/2018,Oficio radicado ANI 20184090478792. Seguimiento Obra Condiciones Losa Puente Rio Magdalena UF1. Proyecto Girardot - Honda - Puerto Salgar. Contrato de Concesión 003 de 2014 - Concesión Alto Magdalena S.A.S.,15_04_Comunic_Recibidas/2018/CI004_GP-7853_070103_ANI_015122-1_LOSA_PTE_UF1.pdf
187,2,CONCESIÓN ALTO MAGDALENA S.A.S.,CI.004.7.18,CONSORCIO 4C,GP-7668,16/04/2018,"Solicitud de permiso de aprovechamiento forestal para el área de la intersección La Melisa la cual corresponde al proyecto de la UNIDAD FUNCIONAL 5.1 ""MANTENIMIENTO Y REHABILITACIÓN DE LA VÍA HONDA - LA DORADA, RUTA 4510"".",15_04_Comunic_Recibidas/2018/CI004_GP-7668_070108_CON_1551_APROV_FORESTAL_MELISA.pdf
188,8,AGENCIA NACIONAL DE INFRAESTRUCTURA – ANI,ANI-038813-1,CONSORCIO 4C,GP-9218,21/11/2018,"Respuesta a oficio con radicado ANI No. 20184090994452 del 26/09/2018 - No Obyección Plazo de cura otras obligaciones del proyecto - Incumplimiento de las Obligaciones Contempladas, Principalmente en el Apéndice Técnico 6, numeral 4.1, literal (a) - Contrato de Concesión No 003 de 2014 – Girardot – Honda – Puerto Salgar.",15_04_Comunic_Recibidas/2018/CI004_GP-9218_050300-070108_ANI_038813-1_PLAZO_CURA.pdf
190,1,CONCESIÓN ALTO MAGDALENA S.A.S.,ALMA-2018-4161,CONSORCIO 4C,GP-9053,29/10/2018,Respuesta comunicación CI.004/GP5393/18/7.3.3 del 17 de octubre de 2018 (Radicado interno ALMA-R-2018-3243.) Cargue Información SICC – Autoevaluación.,15_04_Comunic_Recibidas/2018/CI004_GP-9053_070303_CON_4161_INFO_SICC.pdf
191,2,CONCESIÓN ALTO MAGDALENA S.A.S.,ALMA-2018-2022,CONSORCIO 4C,GP-7910,24/05/2018,Su Comunicación Ci.004/GP3944/18/7.1.7 - Radicado ALMA-R-2018-0649 del 21 de febrero de 2018. Revisión Diseños Pesaje UF5.4.,15_04_Comunic_Recibidas/2018/CI004_GP-7910_070107_CON_2022_DISÑ_PESAJE_UF5.4.pdf
192,2,CONCESIÓN ALTO MAGDALENA S.A.S.,ALMA-2018-3162,CONSORCIO 4C,GP-8556,17/08/2018,"Cumplimiento de obligaciones contenidas en la Resolución N° 0016 de 21 de enero de 2016, artículo 7: remitir Informe final de obra.",15_04_Comunic_Recibidas/2018/CI004_GP-8556_070108_CON_3162_INF_FINAL_OBRA.pdf
194,2,AGENCIA NACIONAL DE INFRAESTRUCTURA,2018-305-017991-1,CONSORCIO 4C,GP-8059,13/06/2018,Oficio radicado ANI 20184090560852. Seguimiento concepto de afectación PTAP K31+900 - UF2. Proyecto Girardot - Honda - Puerto Salgar. Contrato de Concesión 003 de 2014 - Concesión Alto Magdalena S.A.S.,15_04_Comunic_Recibidas/2018/CI004_GP-8059_070107-070109_ANI_017991-1_PTAP_K31.pdf
189,1,CONCESIÓN ALTO MAGDALENA S.A.S.,ALMA-2018-2621,CONSORCIO 4C,GP-8333,10/07/2018,Presentación de los formatos establecidos en el Numeral 4.5 Literal (u) Parte general del Contrato.,15_04_Comunic_Recibidas/2018/CI004_GP-8333_070208_CON_2621_FOR_GCSP_F009_JUN.pdf
193,3,CONCESIÓN ALTO MAGDALENA S.A.S.,ALMA-2018-3062,CONSORCIO 4C,GP-9097,10/08/2018,"Alcance comunicación ALMA-2018-2917, Comité de Aprobación de Aportes subcuenta de Redes",15_04_Comunic_Recibidas/2018/CI004_GP-9097_070203_CON_3062_APROBA_SUBCTA_REDES.pdf
195,1,CONCESIÓN ALTO MAGDALENA S.A.S.,ALMA-2018-0358,CONSORCIO 4C,GP-7040,24/01/2018,Control Resistencia Concretos Dovelas Puente Flandes sobre el Río Magdalena – UF1.,15_04_Comunic_Recibidas/2018/CI004_GP-7040_070113_CON_0358_DOVEL_PTE_UF1.pdf
197,1,CONCESIÓN ALTO MAGDALENA S.A.S.,ALMA-2018-0805,CONSORCIO 4C,GP-7233,21/02/2018,Entrega de un (1) expediente para aprobación del Avalúo Comercial Corporativo.,15_04_Comunic_Recibidas/2018/CI004_GP-7233_070401_CON_0805_EXP_AVALUO.pdf
196,2,CONCESIÓN ALTO MAGDALENA S.A.S.,ALMA-2017-5329,CONSORCIO 4C,GP-6855,20/12/2017,"Entrega solicitud de modificación de la Licencia Ambiental Resolución No. 1684 del 24 de diciembre de 2015 para la Unidad Funcional 5, subsector 3, Expediente LAV0068-00-2015, del proyecto denominado ""Conexión vía Honda - La Dorada Ruta 4510 con la vía Puerto Salgar - El Koran Ruta 4510, incluye puente nuevo sobre el rio Magdalena.",15_04_Comunic_Recibidas/2018/CI004_GP-6855_070108_CON_5329_MODIFI_LICENCIA_AMBIENTAL_EXP_LAV0068-00-2015.pdf
198,2,AGENCIA NACIONAL DE INFRAESTRUCTURA,2018-305-019146-1,CONSORCIO 4C,GP-8122,20/06/2018,Remisión Memorando Interno rad. 2018409000020-4 respuesta memorando Aprobación Hojas de Vida Interventoría Consorcio 4C. Proyecto Girardot Honda Puerto Salgar. Contrato 003 de 2014.,15_04_Comunic_Recibidas/2018/CI004_GP-8122_020200_ANI_019146-1_APROB_HV_INTERV.pdf
176,6,CONCESIÓN ALTO MAGDALENA S.A.S.,ALMA-2018-0471,CONSORCIO 4C,GP-7095,30/01/2017,Respuesta a su comunicación CI.004/GP3617/17/7.1.10 del 22 de diciembre de 2017 (Rad. Interno ALMA-R-2017-04459) Pago seguridad social Octubre y salarios Septiembre de 2017.,15_04_Comunic_Recibidas/2018/CI004_GP-7095_070110_CON_0471_SEGYSAL_OCT_SEP.pdf
202,1,CONCESIÓN ALTO MAGDALENA S.A.S.,ALMA-2018-1159,CONSORCIO 4C,GP-7440,14/03/2018,Entrega de dos (2) expediente para aprobación del Avalúo Comercial Corporativo.,15_04_Comunic_Recibidas/2018/CI004_GP-7440_070406_CON_1159_EXP_AVALUO.pdf
199,3,CONCESIÓN ALTO MAGDALENA S.A.S.,ALMA-2018-2931,CONSORCIO 4C,GP-8502,31/07/2018,"Solicitud desanotación Autorización Temporal SAB-09421. Expediente: Autorización Temporal SAB-09421- ""Rivera 2"".",15_04_Comunic_Recibidas/2018/CI004_GP-8502_070108_CON_2931_FOR_REGLIAS_SAB-09421.pdf
201,1,CONCESION ALTO MAGDALENA S.A.S.,ALMA-2018-0792,CONSORCIO 4C,GP-7420,14/03/2018,"Respuesta al Oficio con radicado de salida No. 2018-604-004973-1 del 19 de febrero de 2018, de la AGENCIA NACIONAL DE INFRAESTRUCTURA, acerca de la entrega de un (1) expediente de la Unidad Funcional 4 para revisión en la etapa de expropiación.",15_04_Comunic_Recibidas/2018/CI004_GP-7420_070404_CON_0792_EXP_EXPRO.pdf
200,1,CONCESION ALTO MAGDALENA S.A.S.,ALMA-2018-0939,CONSORCIO 4C,GP-7553,28/02/2018,Entrega de un (1) expediente para aprobación del Avalúo Comercial Corporativo.,15_04_Comunic_Recibidas/2018/CI004_GP-7553_070401_CON_0939_EXP_AVALUO.pdf
204,1,CONCESION ALTO MAGDALENA S.A.S.,ALMA-2018-3460,CONSORCIO 4C,GP-8694,04/09/2018,"Entrega de un (1) expediente predial de la unidad funcional 3 con componente Social, para revisión y aprobación.",15_04_Comunic_Recibidas/2018/CI004_GP-8694_070402_CON_3460_EXP_SOCIAL.pdf
206,1,CONCESIÓN ALTO MAGDALENA S.A.S.,ALMA-2018-0378,CONSORCIO 4C,GP-7084,26/01/2018,Respuesta a su comunicación CI.004/GP3623/17/7.1.10 del 26 de diciembre de 2017 (Rad. Interno ALMA-R-2017-04467) Solicitud Investigación accidente trabajo.,15_04_Comunic_Recibidas/2018/CI004_GP-7084_070110_CON_0378_ACCID_TRABAJO.pdf
205,1,CONCESION ALTO MAGDALENA S.A.S.,ALMA-2018-1212,CONSORCIO 4C,GP-9299,20/03/2018,"Respuesta a su comunicación, CI.004/GP1644/17/7.4.1 del 22 de Abril de 2017 (Rad. Interno ALMA-R-2017-01300), Entrega de un (1) expedientes prediales de la unidad funcional 3 para aprobación de Avalúo comercial corporativo.",15_04_Comunic_Recibidas/2018/CI004_GP-9299_070406_CON_1212_EXP_AVALUO.pdf
203,5,AGENCIA NACIONAL DE INFRAESTRUCTURA,20183050374091,CONSORCIO 4C,GP-9131,08/11/2018,"Remisión derecho de petición allegado a la Agencia por parte de la Sra. Claudia Corrales De La Torre - Proyecto Girardot – Honda – Puerto Salgar, Contrato de Concesión 003 de 2014. Alto Magdalena S.A.S.",15_04_Comunic_Recibidas/2018/CI004_GP-9131_070109-070108_ANI_037409-1_DP_CCORRALES.pdf
207,6,Agencia Nacional de Infraestructura,20183050302581,CONSORCIO 4C,GP-8721,12/09/2018,"Seguimiento procesos constructivos pilote 2 del puente 7 K13+500 UF 5.4. - Proyecto Girardot - Honda - Puerto Salgar, Contrato de Concesión 003 de 2014. Alto Magdalena S.A.S",15_04_Comunic_Recibidas/2018/CI004_GP-8721_070103_ANI_030258-1_SEGUI_PILOT_PTE_P7.pdf
209,1,CONCESIÓN ALTO MAGDALENA S.A.S.,ALMA-2018-0322,CONSORCIO 4C,GP-7001,23/01/2018,Entrega de un (1) expediente de la Unidad Funcional 2 para revisión en la etapa de expropiación.,15_04_Comunic_Recibidas/2018/CI004_GP-7001_070404_CON_0322_EXP_EXPROP.pdf
210,1,CONCESIÓN ALTO MAGDALENA S.A.S.,ALMA-2018-0124,CONSORCIO 4C,GP-6913,11/01/2018,"Acta No 6 Ejecución de obras de protección, Traslado o Reubicación de Redes eléctricas, húmedas e hidrocarburos",15_04_Comunic_Recibidas/2018/CI004_GP-6913_070115_CON_0124_ACTA_No-6_REDES.pdf
216,4,AGENCIA NACIONAL DE INFRAESTRUCTURA,2018-305-013187-1,CONSORCIO 4C,GP-7749,02/05/2018,Oficio radicado ANI 2018-409-038827-2. Atraso Construcción Centros Poblados - UF2 Proyecto Girardot - Honda - Puerto Salgar. Contrato de Concesión 003 de 2014 - Concesión Alto Magdalena S.A.S.,15_04_Comunic_Recibidas/2018/CI004_GP-7749_070101_ANI_013187-1_ATRAS_CTRO_POBL.pdf
214,2,CONCESIÓN ALTO MAGDALENA S.A.S.,ALMA-2018-2430,CONSORCIO 4C,GP-8172,26/06/2018,Respuesta a su comunicación CI.004/GP2736/7.1.8-7.1.7 del 28 de julio de 2017 (Radicado interno ALMA-R-2017-02506 del 28 de julio de 2017). Revisión modificación permiso ocupación de cauce K13+774 – UF2.,15_04_Comunic_Recibidas/2018/CI004_GP-8172_070107-070107_CON_2430_OCUP_CAUCE_K13.pdf
215,15,CONCESIÓN ALTO MAGDALENA S.A.S.,CI.004/GP5694/18/7.4.1,CONSORCIO 4C,GP-9405,21/12/2018,"Respuesta comunicación, CI.004/GP5694/18/7.4.1 del 12 de diciembre de 2018, Solicitud de informe predial de la UF3.",15_04_Comunic_Recibidas/2018/CI004_GP-9405_070401_CON_4715_INF_PREDIAL_UF3.pdf
211,5,CONCESIÓN ALTO MAGDALENA S.A.S.,ALMA-2018-2539,CONSORCIO 4C,GP-8215,28/06/2018,Respuesta a comunicado Cl.004/GP4554/18/7.1.8 del 01 de junio de 2018 (Rad. Interno ALMA-R-2018-1769 del 01 de junio de 2018) - Aspectos e Impactos Cruces de Cuerpos de Agua UF 5.4,15_04_Comunic_Recibidas/2018/CI004_GP-8215_070108_CON_2539_ASPEC_IMPACT_AMB.pdf
208,1,CONCESIÓN ALTO MAGDALENA S.A.S.,ALMA-2018-4135,CONSORCIO 4C,GP-9027,26/10/2018,"Respuesta al oficio CI.004/GP5429/18/7.4.1, con fecha 22 de octubre de 2018 radicado interno ALMA-R-2018-2236.",15_04_Comunic_Recibidas/2018/CI004_GP-9027_070401_CON_4135_EXP_PREDIAL.pdf
212,2,Superintendencia de Puertos y Transporte,20187100541161,CONSORCIO 4C,GP-7947,22/05/2018,CVN 31 - Convocatoria Mesa de Trabajo - Concesión Alto Magdalena S.A.S.,15_04_Comunic_Recibidas/2018/CI004_GP-7947_070600_SPT_054116-1_CONV_MESA_TBJO.pdf
218,2,CONCESIÓN ALTO MAGDALENA S.A.S.,ALMA-2018-2610,CONSORCIO 4C,GP-8339,11/07/2018,"Solicitud de ocupación de cauce K71+982, Unidad Funcional 3.",15_04_Comunic_Recibidas/2018/CI004_GP-8339_070108_CON_2610_OCUPA_CAUCE_K71.pdf
220,2,CONCESIÓN ALTO MAGDALENA S.A.S.,ALMA-2018-2600,CONSORCIO 4C,GP-8252,09/07/2018,"Respuesta comunicación N° 12848 del 21 de junio de 2018 (radicado interno ALMA-2018-2080 del 28 de junio de 2018). Solicitud permiso aprovechamiento forestal Intersección Nuevo Puente de Honda (Costado Occidental) y Acceso puente Río Guarinó, radicado CORTOLIMA N° 6203 del 20 de abril de 2018.",15_04_Comunic_Recibidas/2018/CI004_GP-8252_070108_CON_2600_APROV_FORESTAL_UF5.pdf
219,5,CONCESIÓN ALTO MAGDALENA S.A.S.,ALMA-2018-0892,CONSORCIO 4C,GP-7309,26/02/2018,Solicitud de Restitución de Bienes de Uso Público.,15_04_Comunic_Recibidas/2018/CI004_GP-7309_070109_CON_0892_RESTIT_BIENES.pdf
224,3,CONCESIÓN ALTO MAGDALENA S.A.S.,ALMA-2018-1017,CONSORCIO 4C,GP-7353,05/03/2018,Su comunicación CI.004/GP3701/18/7.1.7 - Radicado ALMA-R-2018-0099 del 10 de enero de 2018. Entrega Diseño Arquitectónico y Estructural del Área de Servicio K80 UF3.,15_04_Comunic_Recibidas/2018/CI004_GP-7353_070107_CON_1017_DISEÑ_AREA_SERVIC_K80.pdf
222,4,CONCESIÓN ALTO MAGDALENA S.A.S.,ALMA-2018-3673,CONSORCIO 4C,GP-8784,19/09/2018,"Alcance a nuestra comunicación, radicada con el consecutivo 20185500579112 del 17 de agosto de 2018, solicitud Prorroga Autorización Temporal SCV-09031 - Expediente: Autorización Temporal SCV-09031- “Caicedo”.",15_04_Comunic_Recibidas/2018/CI004_GP-8784_070108_CON_3673_PRORROG_AUTO_TEMPO.pdf
213,2,CONCESIÓN ALTO MAGDALENA S.A.S.,ALMA-2018-3941,CONSORCIO 4C,GP-8964,10/10/2018,Solicitud de visita conforme al permiso de Levantamiento de Veda - Resolución 2280 de 2015.,15_04_Comunic_Recibidas/2018/CI004_GP-8964_070108_CON_3941_PERM_LEV_VEDA.pdf
181,3,CONCESIÓN ALTO MAGDALENA S.A.S.,ALMA-2018-3874,CONSORCIO 4C,GP-9028,04/10/2018,"Respuesta comunicados CI.004/GP5282/18/7.3.3, CI.004/GP5297/18/7.3.3 - radicados ALMA-R-2018-3062 - ALMA-R-2018-3097 - Alcance comunicado Resultados Niveles de Servicio E12 - Primer Semestre de 2018.",15_04_Comunic_Recibidas/2018/CI004_GP-9028_070303_CON_3874_NIVEL_SERV_E12.pdf
223,3,Agencia Nacional de Infraestructura,20183040063321,CONSORCIO 4C,GP-7342,01/03/2018,"Radicado No. 20184090122342 del 07 de febrero de 2018. Solicitud concepto técnico de permiso para el uso, la ocupación y la intervención temporal para la construcción de un acceso ubicado en el PR 22+740 de la Ruta Nacional 4510, sector Honda - La Dorada. Proyecto vial Girardot - Honda - Puerto Salgar.",15_04_Comunic_Recibidas/2018/CI004_GP-7342_070114_ANI_006332-1_TGI_S.A_E.S.P.pdf
221,1,CONCESIÓN ALTO MAGDALENA S.A.S.,ALMA-2018-3155,CONSORCIO 4C,GP-8566,15/08/2018,Respuesta a su comunicación CI.004/GP4945/18/7.4.6 del 24 de Julio de 2018 (Rad. Interno ALMA-2018-2645) Entrega de un (1) expediente para aprobación del Avalúo Comercial Corporativo.,15_04_Comunic_Recibidas/2018/CI004_GP-8566_070406_CON_3155_EXP_AVALUO.pdf
227,1,CONCESIÓN ALTO MAGDALENA S.A.S.,ALMA-2018-1207,CONSORCIO 4C,GP-7461,20/03/2018,Entrega de un (1) expediente de la Unidad Funcional 2 para revisión en la etapa de expropiación.,15_04_Comunic_Recibidas/2018/CI004_GP-7461_070404_CON_1207_EXP_EXPRO.pdf
228,1,CONCESION ALTO MAGDALENA S.A.S.,ALMA-2018-1600,CONSORCIO 4C,GP-7951,23/04/2018,Entrega de un (1) expediente de la Unidad Funcional 2 para revisión en la etapa de expropiación.,15_04_Comunic_Recibidas/2018/CI004_GP-7951_070404_CON_1600_EXP_EXPRO.pdf
229,3,CONCESIÓN ALTO MAGDALENA S.A.S.,ALMA-2018-0167,CONSORCIO 4C,GP-6933,12/01/2018,Envío formulario de liquidación y declaración de regalías cuarto trimestre año 2017 - Expediente: QBN-15031.,15_04_Comunic_Recibidas/2018/CI004_GP-6933_070108_CON_0167_FOR_REGALIAS_EXP_QBN-15031.pdf
226,3,CONCESIÓN ALTO MAGDALENA S.A.S.,ALMA-2018-4466,CONSORCIO 4C,GP-9253,27/11/2018,"Acta No 11 Ejecución de obras de protección, Traslado o Reubicación de Redes eléctricas, húmedas e hidrocarburos",15_04_Comunic_Recibidas/2018/CI004_GP-9253_070115-070201_CON_4466_ACTA_REDES_N°11.pdf
225,1,CONCESIÓN ALTO MAGDALENA S.A.S.,ALMA-2018-2466,CONSORCIO 4C,GP-8618,27/06/2018,Entrega de un (1) expediente de la Unidad Funcional 4 para revisión en la etapa de expropiación.,15_04_Comunic_Recibidas/2018/CI004_GP-8618_070404_CON_2466_EXP_EXPRO.pdf
230,3,CONCESIÓN ALTO MAGDALENA S.A.S.,ALMA-2018-4305,CONSORCIO 4C,GP-9198,14/11/2018,Repuesta a comunicación CI.004/GP5232/18/7.1.9 del día 21 de septiembre de 2018 Seguimiento compromisos Condominio Entreverdes.,15_04_Comunic_Recibidas/2018/CI004_GP-9198_070109_CON_4305_SEGUI_CONDO_ENTREVERDES.pdf
217,1,AGENCIA NACIONAL DE INFRAESTRUCTURA,2018-305-009607-1,CONSORCIO 4C,GP-7529,27/03/2018,Remisión Actas de Terminación Parcial de las Unidades Funcionales 1 y 2 y Acta de Terminación Unidad Funcional 4 Proyecto Girardot - Honda - Puerto Salgar. Contrato de Concesión 003 de 2014 - Concesión Alto Magdalena S.A.S.,15_04_Comunic_Recibidas/2018/CI004_GP-7529_060200_ANI_009607-1_ACTAS_TERMI_UF1_2_4.pdf
233,1,CONCESIÓN ALTO MAGDALENA S.A.S.,ALMA-2018-2309,CONSORCIO 4C,GP-8063,19/06/2018,Entrega de un (1) expediente de la Unidad Funcional 2 para revisión en la etapa de expropiación.,15_04_Comunic_Recibidas/2018/CI004_GP-8063_070404_CON_2309_EXP_EXPRO.pdf
231,1,CONCESIÓN ALTO MAGDALENA S.A.S.,ALMA-2018-3006,CONSORCIO 4C,GP-8488,06/08/2018,Respuesta a su Oficio No. CI.004/GP4947/18/7.4.4 relacionado con la entrega de un (1) expediente de la Unidad Funcional 2 para revisión en la etapa de expropiación.,15_04_Comunic_Recibidas/2018/CI004_GP-8488_070404_CON_3006_EXP_EXPRO.pdf
232,5,CONCESION ALTO MAGDALENA S.A.S.,ALMA-2018-3103,CONSORCIO 4C,GP-8513,10/08/2018,"Respuesta a su comunicación de radicado ANI No. 20183050232691 de fecha 26 de julio de 2018. (Rad. Interno ALMA-R-2018-2497 de fecha 06 de agosto de 2018). PQRS UF5-2018-459 - Wilson Leonardo Pedroza, Información relacionada con la presunta afectación al establecimiento denominado El Parador La Central.",15_04_Comunic_Recibidas/2018/CI004_GP-8513_070109_CON_3103_PQRS_WPEDROZA.pdf
234,1,CONCESIÓN ALTO MAGDALENA S.A.S.,ALMA-2018-3958,CONSORCIO 4C,GP-8948,10/10/2018,"Respuesta a Oficio CI.004/GP5314/18/7.4.4 con número de radicado interno ALMA-R-2018-3118 de fecha 04 de octubre de 2018, acerca de la entrega de los expedientes ALMA-4-0015 y ALMA-4-0018 para revisión en la etapa de expropiación.",15_04_Comunic_Recibidas/2018/CI004_GP-8948_070404_CON_3958_EXP_EXPRO.pdf
237,1,CONCESIÓN ALTO MAGDALENA S.A.S.,ALMA-2018-4374,CONSORCIO 4C,GP-9203,19/11/2018,Entrega del Informe No. 2 en cumplimiento de la obligaciones establecidas en los Artículos 2 y 7 de la Resolución No. 0817 de 2016. UF 4.1 Sector La Cajita,15_04_Comunic_Recibidas/2018/CI004_GP-9203_070108_CON_4374_INF_N°2_LCAJITA.pdf
236,7,CONCESIÓN ALTO MAGDALENA S.A.S.,ALMA-2018-1830,CONSORCIO 4C,GP-7794,09/05/2018,"Respuesta a sus comunicaciones Cl.004/GP4268/18/7.4 del 13 de abril de 2018, (ALMA-R-2018-1220 del 13 de abril) y CI.004/GP4279/18/5.3 del 13 de abril de 2018 (Rad. Interno ALMA R-2018 -1255 del 17 de abril) Certificaciones pagos prediales emitidos Fiducia. Solicitud No Objeción Plazo de Cura.",15_04_Comunic_Recibidas/2018/CI004_GP-7794_070401-050300_CON_1830_CERT_PAG_PREDIALES.pdf
235,2,Agencia Nacional de Infraestructura,20186040394621,CONSORCIO 4C,GP-9268,27/11/2018,Seguimiento áreas remanentes y predios sobrantes adquiridos en el Contrato de Concesión No. 003 de 2014 – Concesión Honda – Puerto Salgar - Girardot.,15_04_Comunic_Recibidas/2018/CI004_GP-9268_070401_ANI_039462-1_AREAS_REMANENTES.pdf
238,6,CONCESIÓN ALTO MAGDALENA S.A.S.,ALMA-2018-0338,CONSORCIO 4C,GP-7019,19/01/2017,Estados Financieros certificados al 30 de septiembre de 2017 Concesión Alto Magdalena SAS.,15_04_Comunic_Recibidas/2018/CI004_GP-7019_070202_CON_0338_ESTAD_FINANC.pdf
241,2,CONCESIÓN ALTO MAGDALENA S.A.S.,ALMA-2018-2221,CONSORCIO 4C,GP-8200,05/06/2018,Respuesta a su Oficio No. CI.004/GP4309/18/7.4.4 relacionado con la entrega de tres (3) expedientes de la Unidad Funcional 3 para revisión en la etapa de expropiación.,15_04_Comunic_Recibidas/2018/CI004_GP-8200_070404_CON_2221_EXP_EXPRO.pdf
245,2,CONCESIÓN ALTO MAGDALENA S.A.S.,ALMA-2018-1042,CONSORCIO 4C,GP-7374,06/03/2018,"Remitir copia autentica de la Resolución 317 del 22 de febrero de 2018, ""Por medio de la cual se modifica la Resolución N° 1876 del 16 de noviembre de 2016 proferida por el Vicepresidente de Planeación, Riesgos y Entorno de la Agencia nacional de Infraestructura, con el fin de efectuar un ajuste de franja de terreno del proyecto vial Girardot- Honda- Puerto Salgar, en cumplimiento del Artículo 58 literal e) de la Ley 388 de 1997referente a la declaratoria de utilidad pública e interés social"", para su conocimiento.",15_04_Comunic_Recibidas/2018/CI004_GP-7374_070401_CON_1042_RESOL_N°317.pdf
244,1,CONCESIÓN ALTO MAGDALENA S.A.S.,ALMA-2018-1866,CONSORCIO 4C,GP-8897,15/05/2018,Entrega de un (1) expediente para aprobación del Avalúo Comercial Corporativo de la unidad funcional 3.,15_04_Comunic_Recibidas/2018/CI004_GP-8897_070406_CON_1866_EXP_AVALUO.pdf
240,4,CONCESION ALTO MAGDALENA S.A.S.,ALMA-2018-3203,CONSORCIO 4C,GP-9098,10/08/2018,Concepto sobre aplicación de las leyes 1101 y 1106 de 2006.,15_04_Comunic_Recibidas/2018/CI004_GP-9098_050300_CON_3203_LEYES_1101_1106.pdf
246,4,CONCESIÓN ALTO MAGDALENA S.A.S.,ALMA-2018-3274,CONSORCIO 4C,GP-8565,21/08/2018,"Solicitud de trámite de permiso para realizar cierres Totales del corredor vial Concesión Girardot - Cambao - Honda - Puerto Salgar, para Izaje de Vigas puente 6G ubicado en la vía Guataquí - Cambao a la altura del Km 40 + 560 RN 4508, Guataquí - Cundinamarca.",15_04_Comunic_Recibidas/2018/CI004_GP-8565_070111_CON_3274_IZAJ_VIG_PTE_P6G.pdf
243,1,Fiduciaria Bogotá,CSSA2018002979,CONSORCIO 4C,GP-7497,05/02/2018,RENDICION DE CUENTAS II SEMESTRE DE 2017 P.A. ALTO MAGDALENA,15_04_Comunic_Recibidas/2018/CI004_GP-7497_070202_FBTA_002979_CTAS_IISEMESTRE.pdf
249,1,CONCESIÓN ALTO MAGDALENA S.A.S.,ALMA-2018-4425,CONSORCIO 4C,GP-9379,20/11/2018,Entrega de la Sábana de Avalúos.,15_04_Comunic_Recibidas/2018/CI004_GP-9379_070401_CON_4425_SABANA_AVALUOS.pdf
247,8,CONCESIÓN ALTO MAGDALENA S.A.S.,ALMA-2018-1679,CONSORCIO 4C,GP-7722,26/04/2018,Notificación evasión de Peaje Chicoral por predios privados.,15_04_Comunic_Recibidas/2018/CI004_GP-7722_070114_CON_1679_EVAS_PEAJE_CHICORAL.pdf
250,1,CONCESIÓN ALTO MAGDALENA S.A.S.,ALMA-2018-2553,CONSORCIO 4C,GP-8354,06/07/2018,Entrega de un (1) expediente predial final de la Unidad Funcional 4.,15_04_Comunic_Recibidas/2018/CI004_GP-8354_070401_CON_2553_EXP_PREDIAL_FINAL.pdf
251,1,CONCESIÓN ALTO MAGDALENA S.A.S.,ALMA-2018-1348,CONSORCIO 4C,GP-7550,05/04/2018,Respuesta a sus comunicaciones CI.004/GP4019/18/7.4.6 de fecha 8 de marzo de 2018 y CI.004/GP4042/18/7.4.6 de fecha 13 de marzo de 2018. Entrega de dos (2) expedientes para aprobación del Avalúo Comercial Corporativo.,15_04_Comunic_Recibidas/2018/CI004_GP-7550_070401_CON_1348_EXP_AVALUO.pdf
242,1,CONCESIÓN ALTO MAGDALENA S.A.S.,ALMA-2018-3929,CONSORCIO 4C,GP-9006,11/10/2018,Informe ejecutivo de avance de ejecución predial del mes de Septiembre de año 2018,15_04_Comunic_Recibidas/2018/CI004_GP-9006_070401_CON_3929_INF_PREDIAL_SEP.pdf
256,1,CONCESIÓN ALTO MAGDALENA S.A.S.,ALMA-2018-4607,CONSORCIO 4C,GP-9303,05/12/2018,"Entrega de dos (2) expedientes prediales de la unidad funcional 2 con componente Social, para revisión y aprobación.",15_04_Comunic_Recibidas/2018/CI004_GP-9303_070402_CON_4607_EXP_SOCIAL.pdf
248,4,CONCESIÓN ALTO MAGDALENA S.A.S.,69243,CONSORCIO 4C,GP-9273,03/12/2018,"Respuesta PQRS 2018 UF2 406, fecha de radicado 16 de noviembre de 2018.",15_04_Comunic_Recibidas/2018/CI004_GP-9273_070109_CON_4545_PQRS_GSANTAMARIA.pdf
254,1,CONCESIÓN ALTO MAGDALENA S.A.S.,ALMA-2018-1443,CONSORCIO 4C,GP-8806,11/04/2018,Entrega de un (1) expediente de la Unidad Funcional 3 para revisión en la etapa de expropiación.,15_04_Comunic_Recibidas/2018/CI004_GP-8806_070404_CON_1443_EXP_EXPRO.pdf
253,1,CONCESIÓN ALTO MAGDALENA S.A.S.,ALMA-2018-2412,CONSORCIO 4C,GP-8229,22/06/2018,Respuesta a su comunicación CI.004/GP4617/18/7.4.1 del 12 de junio de 2018. (Rad. Interno ALMA-R-2018-1899). Entrega de un expediente predial de la unidad funcional 5 para aprobación.,15_04_Comunic_Recibidas/2018/CI004_GP-8229_070401_CON_2412_EXP_PREDIAL.pdf
255,1,CONCESIÓN ALTO MAGDALENA S.A.S.,ALMA-2018-1791,CONSORCIO 4C,GP-8097,07/05/2018,Entrega de un (1) expediente para aprobación del Avalúo Comercial Corporativo de la unidad funcional 3.,15_04_Comunic_Recibidas/2018/CI004_GP-8097_070406_CON_1791_EXP_AVALUO.pdf
252,1,CONCESIÓN ALTO MAGDALENA S.A.S.,ALMA-2018-0582,CONSORCIO 4C,GP-7129,05/02/2018,Su comunicación CI.004/GP3652/17./7.1.7 – Radicado ALMA-R-2017-04533 del 29 de diciembre de 2017 – Distribución Arquitectónica en Planta del Área de Oficinas y Parqueaderos del Peaje Guataquí. Respuesta a ALMA-2017-4916.,15_04_Comunic_Recibidas/2018/CI004_GP-7129_070107_CON_0582_PLANT_PEAJ_GUATAQ.pdf
261,2,CONCESIÓN ALTO MAGDALENA S.A.S.,ALMA-2018-3935,CONSORCIO 4C,GP-8925,09/10/2018,"Respuesta a su comunicación radicada en la Agencia Nacional de Infraestructura Rad No. 2018-409-090669-2 del 04 de septiembre de 2018, remitida a la Concesión Alto Magdalena S.A.S. radicado ALMA-R-2018-2971 de fecha 21 de septiembre de 2018.",15_04_Comunic_Recibidas/2018/CI004_GP-8925_070406_CON_3935_PQR_HALVAREZ.pdf
257,2,CONCESIÓN ALTO MAGDALENA S.A.S.,ALMA-2018-1061,CONSORCIO 4C,GP-7442,08/03/2018,"Sus comunicaciones Cl.004/GP3932/18/7.1.7 – Radicado ALMA-R-2018-0618 del 20 de febrero de 2018 – Diseño Geométrico UF3, Cl.004/GP3373/17/7.1.7 – Radicado ALMA-R-2017-03915 del 07 de noviembre de 2017 – Ajuste Rasante Puente P7G UF3 – Respuesta comunicado ALMA-2017-4092.",15_04_Comunic_Recibidas/2018/CI004_GP-7442_070107_CON_1061_DISÑ_GEOME_UF3.pdf
260,2,CONCESIÓN ALTO MAGDALENA S.A.S.,ALMA-2018-4639,CONSORCIO 4C,GP-9311,07/12/2018,Entrega Memoria Técnica Unidad Funcional 3.,15_04_Comunic_Recibidas/2018/CI004_GP-9311_090300_CON_4639_ENTREG_MEMOTEC_UF3.pdf
258,6,CONCESIÓN ALTO MAGDALENA S.A.S.,ALMA-2018-3359,CONSORCIO 4C,GP-8607,27/08/2018,Respuesta comunicación CI.004/GP4951/18/7.1.9 – Radicado ALMA-R-2018-2476 del 2 de agosto de 2018.,15_04_Comunic_Recibidas/2018/CI004_GP-8607_070109_CON_3359_AFECTA_CONSTRU_PTES.pdf
239,1,CONCESIÓN ALTO MAGDALENA S.A.S.,ALMA-2018-0783,CONSORCIO 4C,GP-7242,19/02/2018,Memoria Técnica Mes de Enero de 2018.,15_04_Comunic_Recibidas/2018/CI004_GP-7242_070500_CON_0783_MEMOTEC_ENE18.pdf
262,2,CONCESIÓN ALTO MAGDALENA S.A.S.,ALMA-2018-2870,CONSORCIO 4C,GP-8419,27/07/2018,Respuesta a su comunicación CI.004/GP3703/18/7.1.7-7.1.8 del 10 de enero de 2018 (Radicado interno ALMA-R-2018-0101 del 10 de enero de 2018). Revisión Ocupación Cauce Box K84+410 UF3.,15_04_Comunic_Recibidas/2018/CI004_GP-8419_070108_CON_2870_OCUP_CAUCE_BOX_K84.pdf
263,11,CONCESIÓN ALTO MAGDALENA S.A.S.,ALMA-2018-3902,CONSORCIO 4C,GP-8917,08/10/2018,Comunicación CI.004/GP5230/18/7.4.1 – Radicado ALMA-R-2018-2981 del 21 de septiembre de 2018. Observaciones Cronograma Gestión Predial UF 4 - Cronograma EER Gestión Predial UF 4.,15_04_Comunic_Recibidas/2018/CI004_GP-8917_070401_CON_3902_GEST_PREDIAL_UF4_EER.pdf
264,1,CONCESIÓN ALTO MAGDALENA S.A.S.,ALMA-2018-1281,CONSORCIO 4C,GP-7536,26/03/2018,Entrega de la Sabana Predial y Tira topográfica.,15_04_Comunic_Recibidas/2018/CI004_GP-7536_070401_CON_1281_SABAN_PREDIAL.pdf
267,1,CONCESIÓN ALTO MAGDALENA S.A.S.,ALMA-2018-2316,CONSORCIO 4C,GP-8158,,Entrega de un (1) expediente de la Unidad Funcional 2 para revisión en la etapa de expropiación.,15_04_Comunic_Recibidas/2018/CI004_GP-8158_070404_CON_2316_EXP_EXPRO.pdf
265,1,CONCESIÓN ALTO MAGDALENA S.A.S.,ALMA-2018-3530,CONSORCIO 4C,GP-8753,11/09/2018,Entrega de un (1) expediente para aprobación del Avalúo Comercial Corporativo de la unidad funcional 3.,15_04_Comunic_Recibidas/2018/CI004_GP-8753_070406_CON_3530_EXP_AVALUO.pdf
259,1,Agencia Nacional de Infraestructura,2018-305-014657-1,CONSORCIO 4C,GP-7820,15/05/2018,Oficio radicado ANI 2018-409-044653-2. Seguimiento Plan Obras Área de Servicio Proyecto Girardot - Honda - Puerto Salgar. Contrato de Concesión 003 de 2014 - Concesión Alto Magdalena S.A.S.,15_04_Comunic_Recibidas/2018/CI004_GP-7820_070101_ANI_014657-1_SEGUI_AREA_SERVICIO.pdf
269,2,CONCESIÓN ALTO MAGDALENA S.A.S.,ALMA-2018-2859,CONSORCIO 4C,GP-8414,27/07/2018,Ccomunicación Cl.004/GP4852/18/7.3.4 – Radicado ALMA-R-2018-2303 del 19 de julio de 2018 – Bloques Roca Zona Lateral – K5+700 UF2.,15_04_Comunic_Recibidas/2018/CI004_GP-8414_070304_CON_2859_BLOQ_ROCA_K5.pdf
268,2,CONCESIÓN ALTO MAGDALENA S.A.S.,ALMA-2018-2869,CONSORCIO 4C,GP-8418,27/07/2018,Respuesta a su comunicación CI.004/GP3727/18/7.1.7 - 7.1.8 del 11 de enero de 2018 (Radicado interno ALMA-R-2018-0136 del 11 de enero de 2018). Revisión Ocupación Cauce Box K72+640 UF 3.,15_04_Comunic_Recibidas/2018/CI004_GP-8418_070108_CON_2869_OCUP_CAUCE_BOX_K72.pdf
266,1,CONCESIÓN ALTO MAGDALENA S.A.S.,ALMA-2018-1821,CONSORCIO 4C,GP-7789,09/05/2018,Entrega del Informe Trimestral número 14.,15_04_Comunic_Recibidas/2018/CI004_GP-7789_070110_CON_1821_INF_TRIME_SST_14.pdf
270,1,CONCESIÓN ALTO MAGDALENA S.A.S.,ALMA-2018-4160,CONSORCIO 4C,GP-9052,29/10/2018,Respuesta comunicación CI.004/GP4394/18/7.1.3 del 09 de mayo de 2018 (Radicado interno ALMA-R-2018-1482.) Modificación Superestructura Puente P13G UF3.,15_04_Comunic_Recibidas/2018/CI004_GP-9052_070103_CON_4160_MODIF_PTE_P13G_UF3.pdf
273,1,CONCESIÓN ALTO MAGDALENA S.A.S.,ALMA-2018-3476,CONSORCIO 4C,GP-8873,05/09/2018,Entrega de un expediente predial de la unidad funcional 5 para aprobación.,15_04_Comunic_Recibidas/2018/CI004_GP-8873_070401_CON_3476_EXP_PREDIAL.pdf
274,1,CONCESIÓN ALTO MAGDALENA S.A.S.,ALMA-2018-0419,CONSORCIO 4C,GP-7077,26/01/2018,Respuesta a su comunicación CI.004/GP3754/17/7.4.1 del 17 de enero de 2018 (Rad. Interno 0207 del 17 de enero de 2018); expedientes prediales de la unidad funcional 4.,15_04_Comunic_Recibidas/2018/CI004_GP-7077_070401_CON_0419_EXP_PREDIAL.pdf
277,13,CONCESION ALTO MAGDALENA S.A.S.,ALMA-2018-2511,CONSORCIO 4C,GP-8209,29/06/2018,"Notificación evento eximente de responsabilidad - Hallazgo Arqueológico en la Unidad Funcional 4.2, abscisa K125+830 durante las actividades de reconocimiento y visualización de las áreas previas a intervenir.",15_04_Comunic_Recibidas/2018/CI004_GP-8209_050300_CON_2511_EER_ARQUEOL_UF4.2.pdf
276,1,CONCESIÓN ALTO MAGDALENA S.A.S.,ALMA-2018-1478,CONSORCIO 4C,GP-7617,13/04/2018,Su comunicación GI.004/GP4248/18/7.5 - Radicado ALMA-R-2018-1199 del 12 de abril de 2018 - Observaciones Memoria Técnica Mes de Febrero de 2018.,15_04_Comunic_Recibidas/2018/CI004_GP-7617_070500_CON_1478_OBS_MEMOTEC_FEB.pdf
275,1,CONCESIÓN ALTO MAGDALENA S.A.S.,ALMA-2018-0203,CONSORCIO 4C,GP-6955,16/01/2018,Entrega de un (1) expediente para aprobación del Avalúo Comercial Corporativo.,15_04_Comunic_Recibidas/2018/CI004_GP-6955_070401_CON_0203_EXP_AVALUO.pdf
271,2,CONCESIÓN ALTO MAGDALENA S.A.S.,ALMA-2018-2855,CONSORCIO 4C,GP-8402,27/07/2018,"Permisos para la construcción de los pasos a nivel y desnivel sobre el corredor férreo Bogotá – Dorada, sectores Puerto Salgar – México K196+500 y México – Dorada K201+000.",15_04_Comunic_Recibidas/2018/CI004_GP-8402_050300_CON_2855_PERMIS_CONTRUC_FERREO.pdf
279,1,CONCESIÓN ALTO MAGDALENA S.A.S.,ALMA-2018-1536,CONSORCIO 4C,GP-7653,17/04/2018,Sus comunicaciones CI.004/4234/18/7.1.1 - Radicado ALMA-R-2018-1189 del 12 de abril de 2018 - Solicitud Cronograma Intervención Intersección Puerto Salgar (Vía Puerto Salgar Dindal - Guaduero) - Unidad Funcional 5.4. CI.004/4234/18/7.1.1 - Radicado ALMA-R-2018-1190 del 12 de abril de 2018 - Solicitud Cronograma Intervención Interconexión El Korán Unidad Funcional 5.4. CI.004/GP4236/18./7.1.1 - Radicado ALMA-R-2018-1191 del 12 de abril de 2018 - Solicitud Cronograma Intervención Intersección Puente Actual Puerto Salgar (Costado Occidental) - Norcasia Unidad Funcional 5.2.,15_04_Comunic_Recibidas/2018/CI004_GP-7653_070101_CON_1536_CRONOG_INTER_UF5.pdf
272,2,CONCESIÓN ALTO MAGDALENA S.A.S.,ALMA-2018-2903,CONSORCIO 4C,GP-8472,30/07/2018,Su comunicación CI.004/GP4484/18/7.1.8 - Radicado ALMA-R-2018-1659 del 24 de mayo de 2018. Permiso Aprovechamiento Forestal / Construcción de Andén Paso Urbano La Dorada UF 5,15_04_Comunic_Recibidas/2018/CI004_GP-8472_070108-070107_CON_2903_APROV_FORESTAL_UF5.pdf
278,9,CONCESIÓN ALTO MAGDALENA S.A.S.,ALMA-2018-4790,CONSORCIO 4C,GP-9422,27/12/2018,Respuesta PQRS UF3-2018-279 del 23 de octubre de 2018 (Rad. Interno ALMA-3-0020-4).,15_04_Comunic_Recibidas/2018/CI004_GP-9422_070401-070402_CON_4790_RTA_PQRS_UF3_-2018-279.pdf
281,2,SOCIEDAD DE ACTIVOS ESPECIALES S.A.S. SAE,2018-409-010828-2,CONSORCIO 4C,GP-7191,02/02/2018,"Solicitud de información inicio de obra predio con FMI No. 162-22121 – Contrato de Concesión 003 de 2014, Concesión Honda – Girardot – Puerto Salgar.",15_04_Comunic_Recibidas/2018/CI004_GP-7191_070401_ANI_004208-1_INFO_PREDIO.pdf
283,2,CONCESIÓN ALTO MAGDALENA S.A.S.,ALMA-2018-2741,CONSORCIO 4C,GP-8345,17/07/2018,"Respuesta a su comunicación CI.004/GP4622/18/7.4.1 del 13 de junio de 2018 (Rad. Interno ALMA-R- 2018-1904 del 13 de junio de 2018), Obligaciones prediales del concesionario.",15_04_Comunic_Recibidas/2018/CI004_GP-8345_070401_CON_2741_OBLIG_PREDIALES.pdf
286,1,CONCESIÓN ALTO MAGDALENA S.A.S.,ALMA-2018-0205,CONSORCIO 4C,GP-6957,17/01/2018,Respuesta a su comunicación Cl.004/GP3689/17/7.4.1 de fecha 05 de enero de 2018. Entrega de dos (2) expedientes para aprobación del Avalúo Comercial Corporativo.,15_04_Comunic_Recibidas/2018/CI004_GP-6957_070401_CON_0205_EXP_AVALUO.pdf
287,1,CONCESIÓN ALTO MAGDALENA S.A.S.,ALMA-2018-2743,CONSORCIO 4C,GP-8335,18/07/2018,Diseño Estructural y Memorias de Cálculo Puente Peatonal Puerto Bogotá – Unidad Funcional 5.1.,15_04_Comunic_Recibidas/2018/CI004_GP-8335_070107_CON_2743_DISÑ_PTE_PEATON_PTO_BGTA.pdf
282,1,CONCESIÓN ALTO MAGDALENA S.A.S.,ALMA-2018-4267,CONSORCIO 4C,GP-9128,14/11/2018,Entrega de la Sabana Predial y Tira topográfica.,15_04_Comunic_Recibidas/2018/CI004_GP-9128_070401_CON_4267_SABANA_PREDIAL.pdf
288,2,Consorcio 4C,CI004/0496/18/1,CONSORCIO 4C,GP-8975,17/10/2018,"Radicado 2018-409-091730-2 del 07 de septiembre de 2018 Póliza de cumplimiento y RCE contrato de interventoría 145 de 2014, proyecto carretero Girardot - Honda - Puerto Salgar Contrato de Concesión No. 003 de 2014.",15_04_Comunic_Recibidas/2018/CI004_GP-8975_010000_ANI_034912-1_REVISIÓN_POLIZA.pdf
289,1,CONCESIÓN ALTO MAGDALENA S.A.S.,ALMA-2018-1678,CONSORCIO 4C,GP-7721,26/04/2018,"Respuesta a su oficio CI.004/GP4187/17/7.3.4 del 05 de abril de 2018, recibido mediante el consecutivo ALMA-R-2018-1107 el 05 de abril de 2018.",15_04_Comunic_Recibidas/2018/CI004_GP-7721_070304_CON_1678_RETIR_ROCA_PR1..pdf
293,1,AGENCIA NACIONAL DE INFRAESTRUCTURA,2018-305-020536-1,CONSORCIO 4C,GP-8222,04/07/2018,Solicitud Concepto de intervención de espacio público del Municipio de La Dorada con radicado ANI No 20184090634262 - Contrato de Concesión No 003 de 2014 - Girardot - Honda - Puerto Salgar.,15_04_Comunic_Recibidas/2018/CI004_GP-8222_070107_ANI_020536-1_INTERV_ESPACIO_PUB.pdf
291,2,CONCESIÓN ALTO MAGDALENA S.A.S.,ALMA-2018-4250,CONSORCIO 4C,GP-9152,13/11/2018,Respuesta a su comunicación CI.004/GP5485/18/7.1.10 del 31 Octubre de 2018 (Radicado ALMA-R-2018-3450) Solicitud protocolo SST Actividades Reparación Nuevo Puente Puerto Salgar.,15_04_Comunic_Recibidas/2018/CI004_GP-9152_070110_CON_4250_PROTO_SST_PTE_SALGAR.pdf
292,1,CONCESIÓN ALTO MAGDALENA S.A.S.,ALMA-2018-4069,CONSORCIO 4C,GP-8999,22/10/2018,Respuesta a la comunicación Cl.004/GP5272/18/7.18 del 27 de septiembre de 2018 (Rad. Interno ALMA-R-2018-3052). Seguimiento Resolución 1000 de 2018 / Plan Compensación Pérdida Biodiversidad,15_04_Comunic_Recibidas/2018/CI004_GP-8999_070108_CON_4069_RESOL_1000_PERDID_BIO.pdf
285,3,CONCESIÓN ALTO MAGDALENA S.A.S.,ALMA-2018-3825,CONSORCIO 4C,GP-8858,03/10/2018,Respuesta comunicado CI.004/GP5211/18/7.3.3 con radicado ALMA-R-2018-2945 - Resultado medición niveles de servicio Julio 2018,15_04_Comunic_Recibidas/2018/CI004_GP-8858_070303_CON_3825_NIVEL_SERV_JUL.pdf
280,3,CONCESIÓN ALTO MAGDALENA S.A.S.,ALMA-2018-4669,CONSORCIO 4C,GP-9369,12/12/2018,Solicitud de Restitución de Bienes de Uso Público sector Norcacia.,15_04_Comunic_Recibidas/2018/CI004_GP-9369_070109_CON_4669_RESTITU_BIENES_USO_PUB.pdf
290,3,CONCESIÓN ALTO MAGDALENA S.A.S.,ALMA-2018-2233,CONSORCIO 4C,GP-8075,06/06/2018,Solicitud modificación de diseño de obra hidráulica aprobada mediante Resolución No. 2379 del 03 de Noviembre de 2015 - Expediente 51501,15_04_Comunic_Recibidas/2018/CI004_GP-8075_070108_CON_2233_MODIFI_OBRA_HIDRAUL.pdf
297,1,CONCESIÓN ALTO MAGDALENA S.A.S.,ALMA-2018-4722,CONSORCIO 4C,GP-9426,26/12/2018,Entrega del expediente ALMA-2-0088 para aprobación de Concepto de Título Minero.,15_04_Comunic_Recibidas/2018/CI004_GP-9426_070401_CON_4722_EXP_PREDIAL.pdf
296,20,CONCESIÓN ALTO MAGDALENA S.A.S.,ALMA-2018-4426,CONSORCIO 4C,GP-9210,20/11/2018,"Respuesta a comunicado ANI N° 20183050367931, (rad. ALMA-R-2018-3518 del 08/11/2018), oficio adjunto radicado GP-9087 y nueva reclamación allegada por parte del Sr. Bedoya el día 28 de octubre de 2018 - PQRS UF3 2017 156.",15_04_Comunic_Recibidas/2018/CI004_GP-9210_070109_CON_4426_DP_JBEDOYA.pdf
294,8,Agencia Nacional de Infraestructura,20183050300851,CONSORCIO 4C,GP-8705,11/09/2018,"Requerimiento de atención a observaciones Contra socavación en puentes UF 3 - Proyecto Girardot - Honda - Puerto Salgar, Contrato de Concesión 003 de 2014. Alto Magdalena S.A.S.",15_04_Comunic_Recibidas/2018/CI004_GP-8705_070107_ANI_030085-1_SOCAVA_PTES_UF3.pdf
303,1,CONCESIÓN ALTO MAGDALENA S.A.S.,ALMA-2018-2887,CONSORCIO 4C,GP-8451,30/07/2018,Entrega de un (1) expediente para aprobación del Avalúo Comercial Corporativo.,15_04_Comunic_Recibidas/2018/CI004_GP-8451_070406_CON_2887_EXP_AVALUO.pdf
302,1,CONCESIÓN ALTO MAGDALENA S.A.S.,ALMA-2018-4489,CONSORCIO 4C,GP-9337,29/11/2018,"Entrega Expedientes Finales ALMA-4-0001, ALMA-4-0006, ALMA-4-0037, ALMA-4-0050 y ALMA-4-0052.",15_04_Comunic_Recibidas/2018/CI004_GP-9337_070401_CON_4489_EXP_FINAL.pdf
284,1,CONCESIÓN ALTO MAGDALENA S.A.S.,ALMA-2018-1911,CONSORCIO 4C,GP-7991,17/05/2018,Entrega de un (1) expediente predial de la unidad funcional 5 para revisión del componente Social.,15_04_Comunic_Recibidas/2018/CI004_GP-7991_070402_CON_1911_EXP_SOCIAL.pdf
300,1,AGENCIA NACIONAL DE INFRAESTRUCTURA,2018-305-019591-1,CONSORCIO 4C,GP-8148,25/06/2018,Oficio radicado 20184090617692 PQR Unidad Funcional 5- transporte fluvial Purnio Proyecto Girardot - Honda - Puerto Salgar. Contrato de Concesión 003 de 2014 - Concesión Alto Magdalena S.A.S.,15_04_Comunic_Recibidas/2018/CI004_GP-8148_070110_ANI_019591_1_TRANSP_FLUVIAL.pdf
301,1,CONCESIÓN ALTO MAGDALENA S.A.S.,ALMA-2018-2527,CONSORCIO 4C,GP-8230,28/06/2018,Su comunicación CI.004/GP4043/18/7.1.7 – Radicado ALMA-R-2018-0850 del 13 de marzo de 2018. Estructura de Pavimento Peaje UF 5.4.,15_04_Comunic_Recibidas/2018/CI004_GP-8230_070107_CON_2527_PAVIM_PEAJE_UF5.pdf
295,1,CONCESIÓN ALTO MAGDALENA S.A.S.,ALMA-2018-4024,CONSORCIO 4C,GP-8988,19/10/2018,Respuesta comunicación CI.004/GP5372/18/7.1.7 (Radicado ALMA-R-2018-3209 del 12 de octubre de 2018.) Prueba de carga Puente Guarinó.,15_04_Comunic_Recibidas/2018/CI004_GP-8988_070107_CON_4024_PRUEBA_PTE_GUARINO.pdf
304,1,CONCESIÓN ALTO MAGDALENA S.A.S.,ALMA-2018-1016,CONSORCIO 4C,GP-7352,05/03/2018,Su comunicación CI.004/GP3922/18/7.1.7 - Radicado ALMA-R-2018-0595 del 16 de febrero de 2018 - Condiciones de Diseño Ventana de Inspección Puente sobre el Río Magdalena UF1,15_04_Comunic_Recibidas/2018/CI004_GP-7352_070107_CON_1016_DISEÑ_VENT_PTE_UF1.pdf
298,1,CONCESIÓN ALTO MAGDALENA S.A.S.,ALMA-2018-1827,CONSORCIO 4C,GP-7919,09/05/2018,Entrega de un (1) expediente para aprobación del Avalúo Comercial Corporativo de la unidad funcional 4.,15_04_Comunic_Recibidas/2018/CI004_GP-7919_070401_CON_1827_EXP_AVALUO.pdf
306,2,CONCESIÓN ALTO MAGDALENA S.A.S.,ALMA-2018-1727,CONSORCIO 4C,GP-7757,30/04/2018,"Su comunicación CI.004/GP4143/18/7.3.7, - Radicado ALMA-R-2018-1028 del 27 de marzo de 2018. Procedimiento Construcción Andenes Puente Flandes Sobre el Río Magdalena UF1.",15_04_Comunic_Recibidas/2018/CI004_GP-7757_070107_CON_1727_ANDEN_PTE_UF1.pdf
308,1,Agencia Nacional de Infraestructura,20183050209611,CONSORCIO 4C,GP-8251,06/07/2018,Respuesta comunicación con radicado ANI No 20184090634802 - Copia Resolución ANI No 317 de 2018 modificación Resolución 1876 del 16 de diciembre de 2016- Contrato de Concesión No 003 de 2014 - Girardot - Honda - Puerto Salgar.,15_04_Comunic_Recibidas/2018/CI004_GP-8251_050300_ANI_020961-1_MODIFI_RESOL_1876.pdf
325,1,CONCESIÓN ALTO MAGDALENA S.A.S.,ALMA-2018-1485,CONSORCIO 4C,GP-7619,12/04/2018,Entrega de expediente predial de la unidad funcional 2 para revisión del componente Social.,15_04_Comunic_Recibidas/2018/CI004_GP-7619_070402_CON_1485_EXP_SOCIAL.pdf
337,1,CONCESIÓN ALTO MAGDALENA S.A.S.,ALMA-2018-1136,CONSORCIO 4C,GP-7434,14/03/2018,"Procedimiento Construcción Dovela 24, Puente Flandes sobre Río Magdalena Unidad Funcional l.",15_04_Comunic_Recibidas/2018/CI004_GP-7434_070103_CON_1136_DOV24_PTE_UF1.pdf
372,1,CONCESIÓN ALTO MAGDALENA S.A.S.,ALMA-2018-4295,CONSORCIO 4C,GP-9197,14/11/2018,"Cumplimiento del artículo vigésimo segundo Resolución No. 0660 del 20 de junio de 2016, Expediente LAV0068-00-2015.",15_04_Comunic_Recibidas/2018/CI004_GP-9197_070108_CON_4295_ART_22_RESOL_0660.pdf
377,1,CONCESIÓN ALTO MAGDALENA S.A.S.,ALMA-2018-4461,CONSORCIO 4C,GP-9285,27/11/2018,Respuesta comunicación CI.004/GP5421/18/7.1.3 del 19 de octubre de 2018 (Radicado ALMA-R-2018-3276). Hallazgo Dovela Cierre y Dovela N° 22 - Nuevo Puente Puerto Salgar.,15_04_Comunic_Recibidas/2018/CI004_GP-9285_070103_CON_4461_DOVEL_22_PTE_SALGAR.pdf
373,1,CONCESIÓN ALTO MAGDALENA S.A.S.,ALMA-2018-0793,CONSORCIO 4C,GP-7332,19/02/2018,Entrega de un (1) expediente para aprobación del Avalúo Comercial Corporativo.,15_04_Comunic_Recibidas/2018/CI004_GP-7332_070401_CON_0793_EXP_AVALUO.pdf
374,1,AGENCIA NACIONAL DE INFRAESTRUCTURA,ANI-031819-1,CONSORCIO 4C,GP-8804,25/09/2018,Proyecto Vial GIRARDOT - HONDA - PUERTO SALGAR. Contrato de Concesión No. 003 de 2.014 Derecho de Petición MARIA DEL PILAR MURCIA MONTERO Y OTROS. Predio ALMA-1-0015.,15_04_Comunic_Recibidas/2018/CI004_GP-8804_070401_ANI_031819-1_DP_MMURCIA.pdf
375,3,CONCESIÓN ALTO MAGDALENA S.A.S.,ALMA-2018-2292,CONSORCIO 4C,GP-8024,12/06/2018,Respuesta a su comunicación CI.004/GP4499/18/7.1.1 del 28 de mayo de 2018. (Rad. Interno ALMA-R-2018-1682 de fecha 28 de mayo de 2018).,15_04_Comunic_Recibidas/2018/CI004_GP-8024_070101_CON_2292_GEST_PRED_PTES_UF5.pdf
376,1,CONCESIÓN ALTO MAGDALENA S.A.S.,ALMA-2018-1515,CONSORCIO 4C,GP-7805,16/04/2018,Entrega de un (1) expediente para aprobación del Avalúo Comercial Corporativo.,15_04_Comunic_Recibidas/2018/CI004_GP-7805_070406_CON_1515_EXP_AVALUO.pdf
380,11,CONCESIÓN ALTO MAGDALENA S.A.S.,ALMA-2018-2775,CONSORCIO 4C,GP-8379,23/07/2018,Respuesta a sus comunicaciones: CI.004/GP4745/18/7.1.8 del 29 de junio de 2018 (Radicado interno ALMA-R-2018-2124 del 29 de junio de 2018). Seguimiento Ocupaciones de Cauce UF4 y CI.004/GP2750/17/7.1.8 del 28 de julio de 2017 (Radicado interno ALMA-R-2017-02519 del 28 de julio de 2017). Seguimiento Permisos Ocupación Cauce UF4.2.,15_04_Comunic_Recibidas/2018/CI004_GP-8379_070108_CON_2775_PERMIS_OCUPA_CAUCE_UF4.2.pdf
383,1,CONCESIÓN ALTO MAGDALENA S.A.S.,ALMA-2018-2489,CONSORCIO 4C,GP-8160,27/06/2018,Radicación Planes de Acción Familias Programa de Reasentamiento,15_04_Comunic_Recibidas/2018/CI004_GP-8160_070109_CON_2489_PROGRA_REASENTA.pdf
382,1,CONCESIÓN ALTO MAGDALENA S.A.S.,ALMA-2018-2627,CONSORCIO 4C,GP-8274,12/07/2018,"Respuesta comunicación CI.004/GP4655/18/7.4.1 (Rad. Interno ALMA-R-2018-1946), Entrega de (1) expediente predial de la unidad funcional 3 para aprobación de ficha predial.",15_04_Comunic_Recibidas/2018/CI004_GP-8274_070401_CON_2627_EXP_PREDIAL.pdf
381,1,CONCESIÓN ALTO MAGDALENA S.A.S.,ALMA-2018-0331,CONSORCIO 4C,GP-7021,25/01/2018,Respuesta a su comunicación CI.004/GP3690/17/7.4.1 de fecha 05 de enero de 2018. Entrega de un (1) expediente para aprobación del Avalúo Comercial Corporativo.,15_04_Comunic_Recibidas/2018/CI004_GP-7021_070401_CON_0331_EXPD_AVALUO.pdf
384,2,CONCESIÓN ALTO MAGDALENA S.A.S.,ALMA-2018-1334,CONSORCIO 4C,GP-7574,03/04/2018,"Respuesta a su comunicación, CI.004/GP3955/18/7.4.1 del 21 de febrero de 2018 (Rad. Interno ALMA-R-2018-0672), Entrega de cuatro (4) expedientes prediales de la unidad funcional 3 para aprobación de ficha predial.",15_04_Comunic_Recibidas/2018/CI004_GP-7574_070401_CON_1334_EXP_PREDIAL.pdf
387,1,CONCESIÓN ALTO MAGDALENA S.A.S.,ALMA-2018-3827,CONSORCIO 4C,GP-8907,03/10/2018,Respuesta comunicación CI.004/GP5099/18/7.1.1 (Radicado ALMA-R-2018-2814 del 06/09/2018). Seguimiento Plan de Obras - Gestión Predial Glorieta Acceso Nuevo Puente de Puerto Salgar (Costado Occidental) - Ruta 4510 Honda - La Dorada - Semana 183,15_04_Comunic_Recibidas/2018/CI004_GP-8907_070101_CON_3827_GEST_PREDIAL_PTE_SALGAR.pdf
386,1,CONCESIÓN ALTO MAGDALENA S.A.S.,ALMA-2018-4253,CONSORCIO 4C,GP-9136,13/11/2018,"Entrega de un (1) expediente predial de la unidad funcional 3 con componente Social, para revisión y aprobación.",15_04_Comunic_Recibidas/2018/CI004_GP-9136_070402_CON_4253_EXP_PREDIAL.pdf
378,2,CONCESIÓN ALTO MAGDALENA S.A.S.,ALMA-2018-1048,CONSORCIO 4C,GP-7380,06/03/2018,"Remitir copia autentica de la Resolución 317 del 22 de febrero de 2018, “Por medio de la cual se modifica la Resolución N° 1876 del 16 de noviembre de 2016 proferida por el Vicepresidente de Planeación, Riesgos y Entorno de la Agencia nacional de Infraestructura, con el fin de efectuar un ajuste de franja de terreno del proyecto vial Girardot- Honda- Puerto Salgar,.en cumplimiento del Artículo 58 literal e) de la Ley 388 de 1997referente a la declaratoria de utilidad pública e interés social”, para su conocimiento.",15_04_Comunic_Recibidas/2018/CI004_GP-7380_050300_CON_1048_RESOL_N°317.pdf
389,3,CONCESION ALTO MAGDALENA S.A.S.,CI004-GP-8076/18/7.1.8,CONSORCIO 4C,GP-8076,08/06/2018,Solicitud de modificación de diseño de obra hidráulica aprobada mediante Resolución No. 604 del 16 de marzo de 2016 - Expediente 51481,15_04_Comunic_Recibidas/2018/CI004_GP-8076_070108_CON_2248_OBRA_HIDRAU_K82.pdf
385,4,AGENCIA NACIONAL DE INFRAESTRUCTURA,2018-305-013188-1,CONSORCIO 4C,GP-7750,02/05/2018,Oficio radicado ANI 2018-409-038082-2. Seguimiento Compromisos Adquiridos Comité del 27 de marzo de 2018. Proyecto Girardot - Honda - Puerto Salgar. Contrato de Concesión 003 de 2014 - Concesión Alto Magdalena S.A.S.,15_04_Comunic_Recibidas/2018/CI004_GP-7750_070101_ANI_013188-1_COMP_COMIT_27-03-18.pdf
390,2,CONCESIÓN ALTO MAGDALENA S.A.S.,ALMA-2018-3831,CONSORCIO 4C,GP-8901,03/10/2018,"Respuesta a sus oficios No. CI.004/GP5252/18/7.4.4 - Radicado interno No. ALMA-R-2018-3023, relacionado con la entrega del expediente ALMA-4-0020 para revisión en la etapa de expropiación.",15_04_Comunic_Recibidas/2018/CI004_GP-8901_070404_CON_3831_EXP_EXPRO.pdf
393,1,CONCESIÓN ALTO MAGDALENA S.A.S.,ALMA-2017-4955,CONSORCIO 4C,GP-7110,27/11/2017,"Entrega de un (01) expediente predial de la Unidad Funcional 5.3, para aprobación de insumos prediales.",15_04_Comunic_Recibidas/2018/CI004_GP-7110_070401_CON_4955_EXP_PREDIAL.pdf
391,2,CONCESIÓN ALTO MAGDALENA S.A.S.,ALMA-2018-4217,CONSORCIO 4C,GP-9104,06/11/2018,"Respuesta al oficio CI.004/GP544518/7.4.1, con radicado interno ALMA-R-2018-3333, con fecha 26 de octubre de 2018. Predio ALMA-5-0252.",15_04_Comunic_Recibidas/2018/CI004_GP-9104_070401_CON_4217_EXP_PREDIAL.pdf
388,2,AGENCIA NACIONAL DE INFRAESTRUCTURA,20183050367411,CONSORCIO 4C,GP-9088,02/11/2018,Solicitud Visita e informe Corregimiento Puerto Bogotá - Derecho de Petición Junta de Acción Comunal Barrio Brisas comunicación con radicado ANI No 20184091103602 - Contrato de Concesión No 003 de 2014 - Girardot - Honda - Puerto Salgar.,15_04_Comunic_Recibidas/2018/CI004_GP-9088_070109_ANI_036741-1_DP_BARRIO_BRISAS.pdf
392,1,CONCESIÓN ALTO MAGDALENA S.A.S.,ALMA-2018-4376,CONSORCIO 4C,GP-9204,19/11/2018,Entrega de la Resolución No. 0434 del 29 de junio de 2017 de Aprovechamiento Forestal,15_04_Comunic_Recibidas/2018/CI004_GP-9204_070108_CON_4376_APROVE_FORESTAL.pdf
394,2,CONCESIÓN ALTO MAGDALENA S.A.S.,ALMA-2018-2753,CONSORCIO 4C,GP-8372,17/07/2018,"Sus comunicaciones CI.004/GP4682/18/7.1.3 - Radicado ALMA-R-2018-1991 del 21 de junio de 2018, CI.004/GP4751/18/7.1.3 - Radicado ALMA-R-2018-2140 del 03 de julio de 2018 y CI.004/GP4782/18/7.1.3 - Radicado ALMA-R-2018-2192 del 9 de julio de 2018 - Logística Colocación Concreto Dovelas Nuevo Puente Puerto Salgar.",15_04_Comunic_Recibidas/2018/CI004_GP-8372_070103_CON_2753_LOGIS_DOVELA_PTE_SALGAR.pdf
398,2,CONCESIÓN ALTO MAGDALENA S.A.S.,ALMA-2018-0917,CONSORCIO 4C,GP-7316,28/02/2018,Inyección Ductos Cables Dovelas Puente Flandes sobre Río Magdalena – Unidad Funcional 1.,15_04_Comunic_Recibidas/2018/CI004_GP-7316_070107-070113_CON_0917_DUCT_DOV_PTE_UF1.pdf
397,2,Agencia Nacional de Infraestructura,20183040162621,CONSORCIO 4C,GP-7939,28/05/2018,"Radicado No. 20184090510762 del 23 de Mayo de 2018. Remisión subsane de observaciones - Solicitud concepto técnico de permiso para el uso, la ocupación y la intervención temporal para la construcción de un acceso ubicado en el PR 22+740 de la Ruta Nacional 4510, sector Honda - La Dorada. Proyecto vial Girardot - Honda - Puerto Salgar. Al responder, favor citar Expediente: 20183040280200067E",15_04_Comunic_Recibidas/2018/CI004_GP-7939_070114_ANI_016262-1_PERMI_ACCESO_PR22.pdf
395,3,AGENCIA NACIONAL DE INFRAESTRUCTURA,2018-305-028772-1,CONSORCIO 4C,GP-8649,31/08/2018,"Plazo de cura incumplimiento obligación de constituir y mantener las garantías, en los plazos y por los montos establecidos en el Contrato de Interventoría - Contrato de Interventoría No 145 de 2014 al proyecto Girardot - Honda - Puerto Salgar.",15_04_Comunic_Recibidas/2018/CI004_GP-8649_010000_ANI_028772-1_PLAZO_CURA_GARANT.pdf
399,3,CONCESIÓN ALTO MAGDALENA S.A.S.,ALMA-2018-1552,CONSORCIO 4C,GP-7663,16/04/2018,Respuesta a su comunicación N° 4668 - Solicitud de permiso de aprovechamiento forestal para el área de la Intersección con el Nuevo Puente de Honda (Costado Occidental) y el Acceso al puente del Río Guarino (Rad. Interno ALMA-2018-0826).,15_04_Comunic_Recibidas/2018/CI004_GP-7663_070108_CON_1552_APROV_FORESTAL_HONDA.pdf
403,18,CONCESIÓN ALTO MAGDALENA S.A.S.,ALMA-2018-4130,CONSORCIO 4C,GP-9011,26/10/2018,"Respuesta comunicado ANI N° 20183050306581, radicado interno ALMA-R-2018-2966 del 21 de septiembre de 2018 - PQRS UF3 2017 156.",15_04_Comunic_Recibidas/2018/CI004_GP-9011_070109_CON_4130_PQRS_UF3_2017-156.pdf
396,18,AGENCIA NACIONAL DE INFRAESTRUCTURA,20183050355081,CONSORCIO 4C,GP-9007,23/10/2018,"Remisión oficio solicitud del Señor Jaime Romero Perdomo con radicado ANI No. 20184090967592 - Proyecto Girardot - Honda - Puerto Salgar, Contrato de Concesión 003 de 2014. Alto Magdalena S.A.S.",15_04_Comunic_Recibidas/2018/CI004_GP-9007_070109_ANI_035508-1_PQRS_JROMERO.pdf
405,6,CONCESIÓN ALTO MAGDALENA S.A.S.,ALMA-2018-2104,CONSORCIO 4C,GP-7960,30/05/2018,"Alcance a la Comunicación No. ALMA-2017-4184. Solicitud adjudicación de Predios Baldíos de Puerto Bogotá, requeridos para la ejecución del proyecto Corridor Honda - Puerto Salgar - Girardot.",15_04_Comunic_Recibidas/2018/CI004_GP-7960_070402_CON_2104_PREDIOS_BALDIOS.pdf
402,1,CONCESIÓN ALTO MAGDALENA S.A.S.,ALMA-2018-1753,CONSORCIO 4C,GP-7763,03/05/2018,Su comunicación 2018-305-012137-1 fechada el 23 de abril de 2018 - Radicado ALMA-R-2018-1383 del 30 de abril de 2018. Cumplimiento especificaciones técnicas. Puente sobre el Río Magdalena UF1,15_04_Comunic_Recibidas/2018/CI004_GP-7763_070107_CON_1753_ESP_TEC_PTE_UF1.pdf
404,3,CONCESIÓN ALTO MAGDALENA S.A.S.,ALMA-2018-2259,CONSORCIO 4C,GP-8031,07/06/2018,Su comunicación CI.004/GP4522/18/7.1.3 - Radicado ALMA-R-2018-1701 del 28 de mayo de 2018 - Deficiencias Niveles Viga Cabezal Eje N° 7 Apoyo Vigas Postensadas Puente Salgar.,15_04_Comunic_Recibidas/2018/CI004_GP-8031_070103_CON_2259_DEFICI_VIG_PTE_SALGAR.pdf
379,1,AGENCIA NACIONAL DE INFRAESTRUCTURA,20183050209821,CONSORCIO 4C,GP-8256,06/07/2018,Solicitud respuesta reclamo señora Obdulia Lopez - Vereda Garbanzal - municipio de Nariño (Cundinamarca) con radicado ANI No 20184090651032 en la que ponía en conocimiento la presunta afectación generada por el Concesionario Alto Magdalena S.A.S. a la señora Obdulia Lopez identificado con CC No 20.754.736 por la ejecución de los trabajos de construcción en la vereda Garbanzal perteneciente al municipio de Nariño (Cundinamarca) - Contrato de Concesión No 003 de 2014 - Girardot - Honda - Puerto Salgar.,15_04_Comunic_Recibidas/2018/CI004_GP-8256_070109_ANI_020982-1_PQRS_OLOPEZ.pdf
409,1,CONCESIÓN ALTO MAGDALENA S.A.S.,ALMA-2018-2570,CONSORCIO 4C,GP-8458,04/07/2018,Remisión Actas de Cálculo No. 5 de Compensación Especial UF1 y UF2 y Retribución UF4 Remisión Acta de VPIP con corte a Mayo de 2018 Aclaración Actas de compensación especial,15_04_Comunic_Recibidas/2018/CI004_GP-8458_060200_CON_2570_ACTAS_CALCUL_UF1_2_4.pdf
406,3,CONCESIÓN ALTO MAGDALENA S.A.S.,ALMA-2018-1909,CONSORCIO 4C,GP-8000,15/05/2018,"Solicitud de información sobre el estado del proceso de incorporación al patrimonio de la ANT de los predios ALMA-4-0028, ALMA-4-0032 y ALMA-4-0035. Respuesta oficio No. 201743000993532 de fecha 11 de diciembre de 2017.",15_04_Comunic_Recibidas/2018/CI004_GP-8000_070401_CON_1909_PROCE_PATRIM_ANT.pdf
411,1,CONCESIÓN ALTO MAGDALENA S.A.S.,ALMA-2018-1361,CONSORCIO 4C,GP-7560,10/04/2018,Entrega de un (1) expediente predial de la unidad funcional 2 para revisión del componente Social.,15_04_Comunic_Recibidas/2018/CI004_GP-7560_070402_CON_1361_EXP_SOCIAL.pdf
412,11,AGENCIA NACIONAL DE INFRAESTRUCTURA,2018-305-041015-1,CONSORCIO 4C,GP-9335,10/12/2018,Respuesta a comunicación con radicado ANI No 20184091117152 del 22/10/2018 - Comité No 2 de aprobación de aportes subcuenta de redes - Contrato de Concesión No 003 de 2014. Concesión Girardot - Honda - Puerto Salgar.,15_04_Comunic_Recibidas/2018/CI004_GP-9335_070115_ANI_041015-1_APROB_SUBCTA_REDES.pdf
413,1,CONCESION ALTO MAGDALENA S.A.S.,ALMA-2018-1595,CONSORCIO 4C,GP-7683,,Respuesta a su comunicación identificada con el consecutivo CI.004/GP4136/18/7.4.4 del 23 de marzo de 2018. (ALMA-R-2018-1014 del 27 de marzo de 2018). Entrega de un (1) expediente de la Unidad Funcional 2 para revisión en la etapa de expropiación.,15_04_Comunic_Recibidas/2018/CI004_GP-7683_070404_CON_1595_EXP_EXPRO.pdf
407,21,CONCESIÓN ALTO MAGDALENA S.A.S.,ALMA-2018-4320,CONSORCIO 4C,GP-9143,16/11/2018,"Remisión pólizas RCE, CUMPLIMIENTO, TODO RIESGO CONSTRUCCIÓN",15_04_Comunic_Recibidas/2018/CI004_GP-9143_050300_CON_4320_POLIZ_RCE_TDO_RIEG.pdf
414,1,AGENCIA NACIONAL DE INFRAESTRUCTURA,2018-305-015813-1,CONSORCIO 4C,GP-7904,24/05/2018,Solicitud Concepto Integral para la puesta en operación del Puente sobre el Rio Magdalena – Unidad Funcional 1 - Contrato de Concesión No 003 de 2014 – Girardot – Honda – Puerto Salgar.,15_04_Comunic_Recibidas/2018/CI004_GP-7904_050300_ANI_015813-1_PUEST_OPERA_PTE_UF1.pdf
410,4,CONCESIÓN ALTO MAGDALENA S.A.S.,ALMA-2018-1472,CONSORCIO 4C,GP-7626,13/04/2018,"Respuesta a su comunicado con Radicado ANI No. 20183040063321, con radicado de concesión ALMA-R-2018-0824. Radicado No. 20184090122342 del 07 de febrero de 2018. Solicitud de concepto técnico de permiso para el uso, la ocupación y la intervención temporal para la construcción de un acceso ubicado en el PR 22+740 de la Ruta Nacional 4510, sector Honda - La Dorada. Proyecto Vial Girardot - Honda - Puerto Salgar.",15_04_Comunic_Recibidas/2018/CI004_GP-7626_070114_CON_1472_CONC_ACCESO_PR22.pdf
415,1,CONCESIÓN ALTO MAGDALENA S.A.S.,ALMA-2018-1049,CONSORCIO 4C,GP-7495,08/03/2018,Remisión Actas de Cálculo de Compensación Especial UF1 y UF2 y Acta de cálculo de Retribución UF4,15_04_Comunic_Recibidas/2018/CI004_GP-7495_060200_CON_1049_ACTAS_CALCULO_UF1_2_4.pdf
401,1,CONCESIÓN ALTO MAGDALENA S.A.S.,ALMA-2018-3241,CONSORCIO 4C,GP-8626,17/08/2018,Entrega de un expediente predial de la unidad funcional 5 para aprobación.,15_04_Comunic_Recibidas/2018/CI004_GP-8626_070401_CON_3241_EXP_PREDIAL.pdf
408,4,CONCESIÓN ALTO MAGDALENA S.A.S.,ALMA-2018-3401,CONSORCIO 4C,GP-8648,29/08/2018,Cronograma de Adquisición Predial e Informe semanal Cronograma Gestión Predial Unidad Funcional 4 - Ocurrencia del Evento Eximente de Responsabilidad.,15_04_Comunic_Recibidas/2018/CI004_GP-8648_070401_CON_3401_CRONOG_PREDIAL_EER_UF4.pdf
400,4,CONCESIÓN ALTO MAGDALENA S.A.S.,ALMA-2018-2005,CONSORCIO 4C,GP-7880,22/05/2018,"Actualización Protocolo de pagos subcuenta predial para propietarios, mejoratarios y moradores.",15_04_Comunic_Recibidas/2018/CI004_GP-7880_070201-070402_ACT_PROTO_PAG.pdf
417,1,CONCESIÓN ALTO MAGDALENA S.A.S.,ALMA-2018-3231,CONSORCIO 4C,GP-8727,17/08/2018,Entrega de un expediente predial de la unidad funcional 5 para aprobación.,15_04_Comunic_Recibidas/2018/CI004_GP-8727_070401_CON_3231_EXP_PREDIAL.pdf
422,2,CONCESIÓN ALTO MAGDALENA S.A.S.,ALMA-2018-3631,CONSORCIO 4C,GP-8780,17/09/2018,Respuesta a la comunicación CI.004/GP5121/18/7.1.8 del 06 de septiembre de 2018 (Radicado interno ALMA-R-2018-2788 del 06 de septiembre de 2018). Solicitud Información Licencias Ambientales y Permisos de Levantamiento de Veda.,15_04_Comunic_Recibidas/2018/CI004_GP-8780_070108_CON_3631_SCTD_INFO_LICEN_AMB.pdf
418,1,CONCESIÓN ALTO MAGDALENA S.A.S.,ALMA-2018-4508,CONSORCIO 4C,GP-9272,29/11/2018,"Respuesta a su comunicación, CI.004/GP5430/18/7.4.6 del 22 de Octubre de 2018 (Rad. Interno ALMA-R-2018-3308), Entrega del expediente predial ALMA-3-0132 para aprobación de Avalúo comercial corporativo.",15_04_Comunic_Recibidas/2018/CI004_GP-9272_070406_CON_4508_EXP_AVALUO.pdf
419,1,AGENCIA NACIONAL DE INFRAESTRUCTURA,2018-305-016709-1,CONSORCIO 4C,GP-7968,31/05/2018,Oficio radicado ANI 2018-409-052653-2. Estructura Pavimento Rígido Peaje Guataquí UF3 Proyecto Girardot - Honda - Puerto Salgar. Contrato de Concesión 003 de 2014 - Concesión Alto Magdalena S.A.S.,15_04_Comunic_Recibidas/2018/CI004_GP-7968_070107_ANI_016709-1_PAVI_PEAJE_GUATAQ.pdf
421,1,CONCESIÓN ALTO MAGDALENA S.A.S.,ALMA-2018-1870,CONSORCIO 4C,GP-7813,15/05/2018,Actualización de Estado de Avalúo del predio ALMA-5-0102 en la Sabana Predial.,15_04_Comunic_Recibidas/2018/CI004_GP-7813_070406_CON_1870_ACT_ESTAD_AVALUO.pdf
416,8,AGENCIA NACIONAL DE INFRAESTRUCTURA,2018-305-013922-1,CONSORCIO 4C,GP-7782,08/05/2018,Respuesta a oficios con radicados ANI No. 20184090380772 y 20184090368012- No Objeción Plazo de cura Presunto incumplimiento de la obligación relacionada con la certificación de los pagos realizados derivados de la adquisición de predios - Contrato de Concesión No 003 de 2014 - Girardot - Honda - Puerto Salgar.,15_04_Comunic_Recibidas/2018/CI004_GP-7782_050300-070401_ANI_013922-1_PLAZ_CURA_PREDI.pdf
424,1,CONCESIÓN ALTO MAGDALENA S.A.S.,ALMA-2018-0505,CONSORCIO 4C,GP-7119,02/02/2018,Implantación Glorieta Aproximación al Nuevo Puente de Honda (K133+140) UF5.,15_04_Comunic_Recibidas/2018/CI004_GP-7119_070107_CON_0505_IMPLANT_GLORIET_K133.pdf
426,2,AGENCIA NACIONAL DE INFRAESTRUCTURA,2018-604-004973-1,CONSORCIO 4C,GP-7239,19/02/2018,Proyecto.Vial GIRARDOT - HONDA - PUERTO SALGAR. Solicitud de iniciar trámite de expropiación judicial. PREDIO ALMA-4-0061. Sociedad VIAS Y CONSTRUCCIONES S.A. VICON S.A.,15_04_Comunic_Recibidas/2018/CI004_GP-7239_070401_ANI_004973-1_EXPRO_VICON.pdf
425,2,CONCESIÓN ALTO MAGDALENA S.A.S.,ALMA-2018-3481,CONSORCIO 4C,GP-8714,05/09/2018,Respuesta comunicación CI.004/GP5039/18/7.1.13 del 23 de agosto de 2018 (Radicado ALMA-R-2018-2650 del 23 de agosto de 2018). Seguimiento Calidad Ensayos de Laboratorio MDC-19 Modificada con Asfalto tipo 3 UF 5.4,15_04_Comunic_Recibidas/2018/CI004_GP-8714_070113_CON_3481_SEGUI_MDC-19_UF5.4.pdf
420,1,CONCESIÓN ALTO MAGDALENA S.A.S.,ALMA-2018-3623,CONSORCIO 4C,GP-8777,17/09/2018,Cartilla para Construcción de Andenes V2,15_04_Comunic_Recibidas/2018/CI004_GP-8777_070107_CON_3623_CARTILLA_ANDEN_V2.pdf
430,1,CONCESIÓN ALTO MAGDALENA S.A.S.,ALMA-2018-4132,CONSORCIO 4C,GP-9057,26/10/2018,Respuesta comunicación CI.004/GP5254/18/7.1.8 del 26 de septiembre de 2018 (Rad. Interno ALMA-R-2018-3026) - Observaciones PAGA Operación y Mantenimiento.,15_04_Comunic_Recibidas/2018/CI004_GP-9057_070108_CON_4132_OBS_PAGA.pdf
431,1,CONCESIÓN ALTO MAGDALENA S.A.S.,ALMA-2018-2195,CONSORCIO 4C,GP-8026,06/06/2018,Entrega de un (1) expediente predial de la Unidad Funcional 2 para revisión del componente Social.,15_04_Comunic_Recibidas/2018/CI004_GP-8026_070402_CON_2195_EXP_SOCIAL.pdf
427,2,CONCESIÓN ALTO MAGDALENA S.A.S.,ALMA-2018-2118,CONSORCIO 4C,GP-7963,30/05/2018,Su comunicación 2018-305-015539-1 fechada el 22 de mayo de 2018 – Radicado ALMA-R-2018-1712 del 29 de mayo de 2018. Solicitud cronograma terminación Puente Río Magdalena Unidad Funcional 1.,15_04_Comunic_Recibidas/2018/CI004_GP-7963_050300_CON_2118_CRONOG_PTE_UF1.pdf
432,2,CONCESION ALTO MAGDALENA S.A.S.,ALMA-2018-0515,CONSORCIO 4C,GP-7123,02/02/2018,Su comunicación CI.004/GP3681/18/7.1.3 - Radicado ALMA-R-2018-0061 del 05 de enero de 2018 - Seguimiento Calidad Procesos Constructivos Acceso Vereda Paquilo K56+150 (Municipio Beltrán) - UF3.,15_04_Comunic_Recibidas/2018/CI004_GP-7123_070107_CON_0515_PROCES_PAQUILO_K56.pdf
423,2,CONCESIÓN ALTO MAGDALENA S.A.S.,ALMA-2018-1611,CONSORCIO 4C,GP-7675,19/04/2018,"Respuesta su comunicación identificada como PQRS-UF3-2018-202, del 06 de marzo de 2018 - Solicitud de exámenes de ingreso y egreso Empresa MHC a nombre del señor ENRIQUE MORENO FORERO.",15_04_Comunic_Recibidas/2018/CI004_GP-7675_070110-070109_CON_1611_PQR_EMORENO.pdf
434,1,CONCESIÓN ALTO MAGDALENA S.A.S.,ALMA-2018-0990,CONSORCIO 4C,GP-7452,05/03/2018,Respuesta a su Oficio No. CI.004/GP3856/18/7.4.4 relacionado con la entrega de un (1) expediente de la Unidad Funcional 3 para revisión en la etapa de expropiación.,15_04_Comunic_Recibidas/2018/CI004_GP-7452_070404_CON_0990_EXP_EXPRO.pdf
435,1,AGENCIA NACIONAL DE INFRAESTRUCTURA,2018-305-011330-1,CONSORCIO 4C,GP-7639,16/04/2018,"Solicitud de identificación de condición, actores indirectos y factores de riesgos de participan en la reincidencia de los sectores críticos de accidentalidad de carreteras - Rad ANI No 20184090358272 - Contrato de Concesión No 003 de 2014 - Girardot - Honda - Puerto Salgar.",15_04_Comunic_Recibidas/2018/CI004_GP-7639_070304_ANI_011330-1_FACTOR_ACCIDENT.pdf
428,2,CONCESIÓN ALTO MAGDALENA S.A.S.,ALMA-2018-3621,CONSORCIO 4C,GP-8776,17/09/2018,"Respuesta a sus comunicaciones CI.004/GP4729/18/7.1.1 del 28 de junio de 2018. (Radicado ALMA-R-2018-2094 del 28 de junio de 2018). Seguimiento Plan de Obras – Área de Servicio, comunicación CI.004/GP4902/18/7.1.7 del 27 de julio de 2018. (Radicado ALMA-R-2018-2393 del 27 de julio de 2018). Seguimiento Plan de Obras – Área de Servicio, comunicación CI.004/GP5134/18/7.1.1-7.1.4 del 06 de septiembre de 2018. (Radicado ALMA-R-2018-2803 del 06 de septiembre de 2018). Seguimiento Plan Obras Área Servicio y comunicación CI.004/GP5169/18/7.1.1 del 12 de septiembre de 2018. (Radicado ALMA-R-2018-2872 del 12 de septiembre de 2018). Seguimiento Plan de Obras Área de Servicio – Respuesta a ALMA-2018-3376.",15_04_Comunic_Recibidas/2018/CI004_GP-8776_070101_CON_3621_SEGUI_AREA_SERV_UF5.pdf
436,1,CONCESIÓN ALTO MAGDALENA S.A.S.,ALMA-2018-2886,CONSORCIO 4C,GP-8983,30/07/2018,Entrega de un (1) expediente para aprobación del Avalúo Comercial Corporativo.,15_04_Comunic_Recibidas/2018/CI004_GP-8983_070406_CON_2886_EXP_AVALUO.pdf
433,1,CONCESIÓN ALTO MAGDALENA S.A.S.,ALMA-2018-0785,CONSORCIO 4C,GP-7223,20/02/2018,Respuesta a su comunicación Cl.004/GP3866/18/7.4.1 del 09 de febrero de 2017 (ALMA-R-2018-0506). Entrega de un (1) expediente predial de la Unidad Funcional 2 para aprobación.,15_04_Comunic_Recibidas/2018/CI004_GP-7223_070401_CON_0785_EXP_PREDIAL.pdf
438,1,CONCESIÓN ALTO MAGDALENA S.A.S.,ALMA-2018-0001,CONSORCIO 4C,GP-6867,02/01/2018,"Diseño Geométrico, Planta Arquitectónica Pesaje y Peaje del K10.5- Unidad Funcional 5.3, en V1C Revisión 1",15_04_Comunic_Recibidas/2018/CI004_GP-6867_070107_CON_0001_DISEÑ_PEAJ_PESAJ_UF5.pdf
439,7,CONCESIÓN ALTO MAGDALENA S.A.S.,ALMA-2018-1623,CONSORCIO 4C,GP-7690,23/04/2018,Respuesta a los comunicados ANI Rad. Salida No. 2018-305-008643-1 del 20/03/2018 (radicado interno ALMA-R- 2018-0998 del 23/03/2018); Instituto Nacional de Vías SNR 12839 (Radicado interno ALMA-R-2018-1067) identificados en el expediente PQRS UF5 2018-340- Solicitud visita y estudio al puente sobre la quebrada Yeguas; con el fin de buscar solución debido a la caída de un muro de contención del mencionado puente.,15_04_Comunic_Recibidas/2018/CI004_GP-7690_070109_CON_1623_PQRS_IMOLINA.pdf
437,1,AGENCIA NACIONAL DE INFRAESTRUCTURA,2018-305-004561-1,CONSORCIO 4C,GP-7212,14/02/2018,Oficio radicado ANI 2018-409-011248-2 de 05/02/2018. Traslado Queja Proyecto Girardot - Honda - Puerto Salgar. Contrato de Concesión 003 de 2014 - Concesión Alto Magdalena S.A.S.,15_04_Comunic_Recibidas/2018/CI004_GP-7212_070109_ANI_004561-1_DP_MMACIA.pdf
429,1,CONCESIÓN ALTO MAGDALENA S.A.S.,ALMA-2018-3378,CONSORCIO 4C,GP-8668,28/08/2018,Respuesta a su comunicación CI.004/GP5031/18/7.1.1 del 23 de agosto de 2018 (Radicado ALMA-R-2018-2640 del 23 de agosto de 2018). Seguimiento Plan de Obras - Obras de Drenaje UF5 - Respuesta ALMA-2018-2895,15_04_Comunic_Recibidas/2018/CI004_GP-8668_070101_CON_3378_OBRA_DRENAJ_UF5.pdf
442,1,CONCESIÓN ALTO MAGDALENA S.A.S.,ALMA-2018-0826,CONSORCIO 4C,GP-7246,22/02/2018,Entrega de dos (2) expedientes para aprobación del Avalúo Comercial Corporativo.,15_04_Comunic_Recibidas/2018/CI004_GP-7246_070401_CON_0826_EXP_AVALUO.pdf
441,3,CONCESIÓN ALTO MAGDALENA S.A.S.,ALMA-2018-1848,CONSORCIO 4C,GP-7999,12/05/2018,NOTIFICACIÓN POR AVISO - Resolución No. 0732 del 02 de mayo de 2018 - Predio No. ALMA-4-0061. Proyecto vial HONDA - PUERTO SALGAR - GIRARDOT.,15_04_Comunic_Recibidas/2018/CI004_GP-7999_070404_CON_1848_NOTIF_AVISO_VICON.pdf
445,1,CONCESIÓN ALTO MAGDALENA S.A.S.,ALMA-2018-4413,CONSORCIO 4C,GP-9249,20/11/2018,Entrega del expediente ALMA-5-0269 para aprobación del Avalúo Comercial Corporativo.,15_04_Comunic_Recibidas/2018/CI004_GP-9249_070401_CON_4413_EXP_AVALUO.pdf
444,12,CONCESIÓN ALTO MAGDALENA S.A.S.,ALMA-2018-2476,CONSORCIO 4C,GP-8184,25/06/2018,"Notificación Evento Eximente de Responsabilidad como consecuencia de la NO integración del predio denominado ""Hacienda Remolino"" ALMA-4-0028 (expediente predial) al patrimonio de la Agencia Nacional de Tierras-ANT-, su posterior adjudicación a las Entidades de Derecho Público conforme el Decreto 902 de 2017 y la NO adjudicación del Derecho de Vía conforme al Decreto 2770 de 1953 y la Ley 1228 de 2008; para continuar con los trámites de enajenación voluntaria y/o iniciar los trámites de expropiación judicial dentro de los tiempos estipulados por la Ley Aplicable.",15_04_Comunic_Recibidas/2018/CI004_GP-8184_050300_CON_2476_EER_PREDIO_UF4.pdf
448,2,CONCESIÓN ALTO MAGDALENA S.A.S.,ALMA-2018-2481,CONSORCIO 4C,GP-8188,26/06/2018,Respuesta a su comunicación CI.004/GP3740/18/7.1.7-7.1.8 del 16 de enero de 2018 (Rad. Interno ALMA-R-2018-0191 del 16 de enero de 2018). Revisión ocupación de cauce Box K61+691 UF 3 Comunicación ALMA-2017-1975.,15_04_Comunic_Recibidas/2018/CI004_GP-8188_070108-070107_CON_2481_BOX_K61_UF3.pdf
449,1,CONCESIÓN ALTO MAGDALENA S.A.S.,ALMA-2018-2645,CONSORCIO 4C,GP-8294,12/07/2018,Entrega de un (1) expediente para aprobación del Avalúo Comercial Corporativo.,15_04_Comunic_Recibidas/2018/CI004_GP-8294_070406_CON_2645_EXP_AVALUO.pdf
440,8,CONCESIÓN ALTO MAGDALENA S.A.S.,ALMA-2018-1118,CONSORCIO 4C,GP-7482,13/03/2017,"Reiteración Evento eximente de Responsabilidad - Hallazgo Arqueológico fortuito en la Unidad Funcional 2. Comunicación CI.004/GP3930/18/5.3 del 20 de febrero de 2018 de la Interventoría, con radicado interno ALM-R-2018-0616.",15_04_Comunic_Recibidas/2018/CI004_GP-7482_050300_CON_1118_EER_UF2.pdf
446,2,CONCESIÓN ALTO MAGDALENA S.A.S.,ALMA-2018-1868,CONSORCIO 4C,GP-7809,15/05/2018,"Respuesta comunicado CI.004/GP4315/18/7.4.1 de fecha 27 de marzo de 2018, con radicado interno ALMA-R-2018-1334 de fecha 24 de abril de 2018, y CI.004/GP3778/18/7.4.1 de fecha 24 de enero de 2018, con radicado interno ALMA-R-2018-1334 de fecha 24 de abril de 2018, se remiten dos (2) expedientes prediales de la unidad funcional 5 para aprobación. Y cuatro (4) expedientes prediales de la unidad funcional 4.2 para aprobación.",15_04_Comunic_Recibidas/2018/CI004_GP-7809_070401_CON_1868_EXP_PREDIAL.pdf
450,4,AGENCIA NACIONAL DE INFRAESTRUCTURA,20183050282111,CONSORCIO 4C,GP-8637,29/08/2018,Seguimiento calidad de ensayos de laboratorio MDC-19 modificada con asfalto tipo 3 UF 5.4,15_04_Comunic_Recibidas/2018/CI004_GP-8637_070113_ANI_028211-1_ENSAY_MDC-19_UF5.4.pdf
453,1,CONCESION ALTO MAGDALENA S.A.S.,ALMA-2018-1276,CONSORCIO 4C,GP-7518,26/03/2018,Diseño Geométrico de la Glorieta La Melisa - Unidad Funcional 5.2,15_04_Comunic_Recibidas/2018/CI004_GP-7518_070107_CON_1276_DISEÑ_GEOME_MELISA.pdf
452,1,CONCESIÓN ALTO MAGDALENA S.A.S.,ALMA-2018-4658,CONSORCIO 4C,GP-9359,10/12/2018,Verificación de Contrapesos en Dovelas 19 y 20 de los Voladizos 1 y 4 del Puente Puerto Salgar sobre el Río Magdalena en la Unidad Funcional 5.4.,15_04_Comunic_Recibidas/2018/CI004_GP-9359_070103_CON_4658_DOVELAS_PTE_SALGAR.pdf
454,1,CONCESIÓN ALTO MAGDALENA S.A.S.,ALMA-2018-4370,CONSORCIO 4C,GP-9188,19/11/2018,"Respuesta comunicación, CI.004/GP5397/18/7.4.6 del 17 Octubre de 2018 (Rad. Interno ALMA-R-2018-3247), Entrega del expediente predial ALMA-2-0158 de la unidad funcional 2 para aprobación de Avalúo comercial corporativo.",15_04_Comunic_Recibidas/2018/CI004_GP-9188_070406_CON_4370_EXP_AVALUO.pdf
447,3,CONCESIÓN ALTO MAGDALENA S.A.S.,LY24410,CONSORCIO 4C,GP-8074,06/06/2018,Solicitud de modificación de diseño de obra hidráulica aprobada mediante Resolución No. 169 del 31 de enero de 2017 - Expediente 51959.,15_04_Comunic_Recibidas/2018/CI004_GP-8074_070108_CON_2232_DISÑ_OBRA_HIDRA_RESOL_169.pdf
457,10,CONCESION ALTO MAGDALENA S.A.S.,ALMA-2018-1637,CONSORCIO 4C,GP-7738,25/04/2018,"Notificación Evento Eximente de Responsabilidad como consecuencia de la no entrega de la carpeta correspondiente al predio ALMA-4-0003, (expediente predial), con la respectiva Resolución de Expropiación, para iniciar los trámites de expropiación judicial dentro de los tiempos estipulados por la Ley.",15_04_Comunic_Recibidas/2018/CI004_GP-7738_050300_CON_1637_EER_PREDIO_ALMA-4-0003.pdf
458,1,CONCESIÓN ALTO MAGDALENA S.A.S.,ALMA-2018-1286,CONSORCIO 4C,GP-7489,26/03/2018,Entrega de tres (3) expedientes para aprobación del Avalúo Comercial Corporativo.,15_04_Comunic_Recibidas/2018/CI004_GP-7489_070401_CON_1286_EXP_AVALUO.pdf
443,4,CONCESIÓN ALTO MAGDALENA S.A.S.,ALMA-2018-1134,CONSORCIO 4C,GP-7432,13/03/2018,Presentación de los formatos establecidos en el Numeral 4.5 Literal (u) Parte general del Contrato.,15_04_Comunic_Recibidas/2018/CI004_GP-7432_070202_CON_1134_FOR_GCSP-F009_FEB.pdf
451,1,CONCESIÓN ALTO MAGDALENA S.A.S.,ALMA-2018-3489,CONSORCIO 4C,GP-8696,06/09/2018,"Respuesta a sus oficios No. CI.004/GP3776/18/7.4.4 - Radicado interno no. ALMA-R-2018-0313 y CI.004/GP4797/18/7.4.4 - Radicado interno no. ALMA-R-2018-2217, relacionado con la entrega de tres (3) expedientes de la Unidad Funcional 4 para revisión en la etapa de expropiación.",15_04_Comunic_Recibidas/2018/CI004_GP-8696_070404_CON_3489_EXP_EXPRO.pdf
462,2,CONCESIÓN ALTO MAGDALENA S.A.S.,ALMA-2018-1275,CONSORCIO 4C,GP-7517,26/03/2018,Su Comunicación CI.004/GP3915/18/7.1.7 – Radicado ALMA-R-2018-0587 del 16 de febrero de 2018. Revisión Diseños Peaje Guataquí. UF3.,15_04_Comunic_Recibidas/2018/CI004_GP-7517_070107_CON_1275_DISÑ_PEAJE_GUATAQU.pdf
461,1,CONCESIÓN ALTO MAGDALENA S.A.S.,ALMA-2018-3131,CONSORCIO 4C,GP-8533,15/08/2018,Entrega de expediente predial de la unidad funcional 3 para revisión del componente Social.,15_04_Comunic_Recibidas/2018/CI004_GP-8533_070402_CON_3131_EXP_SCIAL.pdf
464,1,CONCESIÓN ALTO MAGDALENA S.A.S.,ALMA-2018-2312,CONSORCIO 4C,GP-8434,14/06/2018,Entrega de un (1) expediente de la Unidad Funcional 2 para revisión en la etapa de expropiación.,15_04_Comunic_Recibidas/2018/CI004_GP-8434_070404_CON_2312_EXP_EXPRO.pdf
455,1,CONCESIÓN ALTO MAGDALENA S.A.S.,ALMA-2018-2843,CONSORCIO 4C,GP-8459,26/07/2018,Remisión Actas de Cálculo No. 4 de Retribución UF4,15_04_Comunic_Recibidas/2018/CI004_GP-8459_060200_CON_2843_ACTAS_CALCULO_UF4.pdf
459,14,CONCESIÓN ALTO MAGDALENA S.A.S.,ALMA-2018-1913,CONSORCIO 4C,GP-7843,18/05/2018,Notificación evento eximente de responsabilidad – Hallazgo Arqueológico en la Unidad Funcional 5.1 abscisa K130+720 durante las actividades de monitoreo.,15_04_Comunic_Recibidas/2018/CI004_GP-7843_050300_CON_1913_EER_ARQUEO_K130+720.pdf
463,1,CONCESIÓN ALTO MAGDALENA S.A.S.,ALMA-2018-0631,CONSORCIO 4C,GP-7182,07/02/2018,Registros Control Obra Puentes Unidad Funcional 3.,15_04_Comunic_Recibidas/2018/CI004_GP-7182_070103_CON_0631_REGIST_PTES_UF3.pdf
460,1,CONCESIÓN ALTO MAGDALENA S.A.S.,ALMA-2018-1561,CONSORCIO 4C,GP-7700,20/04/2018,Su comunicación CI.004/GP4161/18/7.1.7 - Radicado ALMA-R-2018-1048 del 28 de marzo de 2018. Revisión Diseño Área de Servicio K80 UF3,15_04_Comunic_Recibidas/2018/CI004_GP-7700_070107_CON_1561_DISÑ_AREA_SERVIC_K80.pdf
468,1,CONCESIÓN ALTO MAGDALENA S.A.S.,ALMA-2018-3157,CONSORCIO 4C,GP-8554,17/08/2018,Respuesta a su comunicación CI.004/GP4937/18/7.1.8 del 02 de agosto de 2018. (Rad. Interno ALMA-R-2018-2463 del 02 de agosto de 2018). Observaciones Memoria Técnica junio 2018 Componente Ambiental / Respuesta comunicado ALMA-2018-2792.,15_04_Comunic_Recibidas/2018/CI004_GP-8554_070108-070500_CON_3157_OBS_MEMOTEC_JUN.pdf
466,1,CONCESION ALTO MAGDALENA S.A.S.,ALMA-2018-1591,CONSORCIO 4C,GP-7703,,Respuesta a su comunicación identificada con el consecutivo CI.004/GP4128/18/7.4.4 del 23 de marzo de 2018. (ALMA-R-2018-0977 del 22 de marzo de 2018). Entrega de un (1) expediente de la Unidad Funcional 2 para revisión en la etapa de expropiación.,15_04_Comunic_Recibidas/2018/CI004_GP-7703_070404_CON_1591_EXP_EXPRO.pdf
472,1,CONCESIÓN ALTO MAGDALENA S.A.S.,CI.004/GP4164/18/7.4.1,CONSORCIO 4C,GP-8217,18/05/2018,"Respuesta a su comunicación, CI.004/GP4164/18/7.4.1 del 26 de Marzo de 2018 (Rad. Interno ALMA-R-2018-1051), Entrega de un (1) expediente predial de la unidad funcional 3 para aprobación de ficha predial.",15_04_Comunic_Recibidas/2018/CI004_GP-8217_070401_CON_1951_EXP_PREDIAL.pdf
471,21,CONCESIÓN ALTO MAGDALENA S.A.S.,ALMA-2018-2713,CONSORCIO 4C,GP-8313,17/07/2018,"Respuesta oficio CI.004/GP4752/18/5.3 (ALMA-R-2018-2141) - 03 de julio de 2018. Otorgamiento Período de Cura por Incumplimiento Seguridad Vial de las Interconexiones Girardot, Flandes y Chicoral.",15_04_Comunic_Recibidas/2018/CI004_GP-8313_050300_CON_2713_SANEA_SEG_VIAL_INTERCO.pdf
467,3,CONCESIÓN ALTO MAGDALENA S.A.S.,ALMA-2018-3779,CONSORCIO 4C,GP-8839,28/09/2018,Respuesta reclamación con consecutivo interno PQRS-UF1-2018-090 (19/09/18); comunicado Interventoría vía correo electrónico de fecha 21 de septiembre de 2018; Comunicado CI.004/GP5248/18/7.1.9 de fecha 27 de septiembre de 2018 con radicado interno ALMA-R-2018-3019. Información de la trazabilidad de las gestiones predio ALMA-1-0015,15_04_Comunic_Recibidas/2018/CI004_GP-8839_070401_CON_3779_GEST_PREDIO_1-0015.pdf
473,1,CONCESIÓN ALTO MAGDALENA S.A.S.,ALMA-2018-1655,CONSORCIO 4C,GP-7923,25/04/2018,"Respuesta a su comunicación, CI.004/GP4096/18/7.4.1 del 16 de Marzo de 2018 (Rad. Interno ALMA-R-2018-0939), Entrega de un (1) expediente predial de la unidad funcional 3 para aprobación de ficha predial.",15_04_Comunic_Recibidas/2018/CI004_GP-7923_070401_CON_1655_EXP_PREDIAL.pdf
469,1,CONCESIÓN ALTO MAGDALENA S.A.S.,ALMA-2018-1323,CONSORCIO 4C,GP-7547,02/04/2018,Su Comunicación CI.004/GP4146/18/7.1.3 - Radicado ALMA-R-2018-1030 del 27 de marzo de 2018. Registros Control Obra Puentes UF3,15_04_Comunic_Recibidas/2018/CI004_GP-7547_070103_CON_1323_REG_CTROL_PTES.pdf
476,2,CONCESIÓN ALTO MAGDALENA S.A.S.,CI.004/GP3795/18/7.4.1,CONSORCIO 4C,GP-7161,07/02/2018,Respuesta a su comunicación CI.004/GP3795/18/7.4.1 del 24 de enero de 2018 (Rad. Interno 0341 del 25 de enero de 2018); - CI.004/GP3599/17/7.4.1 del 18 de diciembre de 2017 (Rad. Interno 4430 del 21 de diciembre de 2017); Entrega de siete (7) expedientes prediales de la unidad funcional 5 para aprobación.,15_04_Comunic_Recibidas/2018/CI004_GP-7161_070401_CON_0610_EXP_PREDIAL_UF5.pdf
465,1,CONCESIÓN ALTO MAGDALENA S.A.S.,ALMA-2018-3072,CONSORCIO 4C,GP-8531,10/08/2018,Informe ejecutivo avance ejecución predial del mes de julio de año 2018.,15_04_Comunic_Recibidas/2018/CI004_GP-8531_070401_CON_3072_INF_PREDIAL_JUL.pdf
477,1,CONCESIÓN ALTO MAGDALENA S.A.S.,ALMA-2018-4643,CONSORCIO 4C,GP-9310,07/12/2018,Planos Record Unidad Funcional 3.,15_04_Comunic_Recibidas/2018/CI004_GP-9310_090300_CON_4643_PLANOS_RECORD_UF3.pdf
478,1,AGENCIA NACIONAL DE INFRAESTRUCTURA,2018-604-004387-1,CONSORCIO 4C,GP-7210,13/02/2018,"Respuesta a presentación Lonja de Propiedad Raíz del Oriente radicado No. 2017-409-137645-2 del 27/12/2017 - Contrato de Concesión 003 de 2014, Concesión Honda - Girardot - Puerto Salgar.",15_04_Comunic_Recibidas/2018/CI004_GP-7210_070401_ANI_004387-1_LONJA_RAIZ.pdf
474,5,CONCESIÓN ALTO MAGDALENA S.A.S.,ALMA-2018-2464,CONSORCIO 4C,GP-8182,25/06/2018,Respuesta a su comunicacion CI.004/GP3360/17/7.1.7 del 03 de noviembre de 2017 (Rad. Interno ALMA-R-2017-03892 del 3 de noviembre de 2017). Revisión Ocupación de cauce K91+141.,15_04_Comunic_Recibidas/2018/CI004_GP-8182_070108-070107_CON_2464_OCUP_CAUCE_K91.pdf
480,1,CONCESIÓN ALTO MAGDALENA S.A.S.,ALMA-2018-2429,CONSORCIO 4C,GP-8131,25/06/2018,Respuesta a su comunicación CI.004/GP4493/18/9.3 - Radicado ALMA-R-2018-1723 del 29 de Mayo de 2018 - Verificación Terminación Puente Rio Magdalena UF1.,15_04_Comunic_Recibidas/2018/CI004_GP-8131_090300_CON_2429_TER_PTE_UF1.pdf
470,1,CONCESIÓN ALTO MAGDALENA S.A.S.,ALMA-2018-0615,CONSORCIO 4C,GP-7144,05/02/2018,Respuesta a su comunicación CI.004/GP3804/18/7.1.9 del 31 de enero de 2018 Rad. Interno ALMA-R-2018-0383 - Nueva coordinadora Social y Socio Predial.,15_04_Comunic_Recibidas/2018/CI004_GP-7144_070109_CON_0615_NUEV_COORDINAD.pdf
482,1,CONCESIÓN ALTO MAGDALENA S.A.S.,ALMA-2018-3890,CONSORCIO 4C,GP-8909,08/10/2018,Respuesta a los comunicados: CI.004/GP4524/18/9.3 del 28 de mayo de 2018 (Rad. Interno ALMA-R-2018-1703 del 28 de mayo de 2018). Verificación Complementos Correcciones Pendientes UF 1. CI.004/GP4525/18/9.3 del 28 de mayo de 2018 (Rad. Interno ALMA-R-2018-1704 del 28 de mayo de 2018). Verificación Complementos Correcciones Pendientes UF 2. CI.004/GP4526/18/9.3 del 28 de mayo de 2018 (Rad. Interno ALMA-R-2018-1705 del 28 de mayo de 2018). Verificación Complementos Correcciones Pendientes UF 4.,15_04_Comunic_Recibidas/2018/CI004_GP-8909_090300_CON_3890_COMP_CORREC_PDTES_UF4.pdf
475,4,CONCESIÓN ALTO MAGDALENA S.A.S.,ALMA-2018-2717,CONSORCIO 4C,GP-8314,16/06/2018,Reporte Superintendencia de Puertos y Transporte - Recuperación Espacio Público.,15_04_Comunic_Recibidas/2018/CI004_GP-8314_070109_CON_2717_RECUP_ESPA_PUB.pdf
481,1,CONCESIÓN ALTO MAGDALENA S.A.S.,ALMA-2018-3459,CONSORCIO 4C,GP-8745,04/09/2018,"Entrega de un (1) expediente predial de la unidad funcional 5 con componente Social, para revisión y aprobación.",15_04_Comunic_Recibidas/2018/CI004_GP-8745_070402_CON_3459_EXP_SOCIAL.pdf
484,1,CONCESIÓN ALTO MAGDALENA S.A.S.,ALMA-2018-1594,CONSORCIO 4C,GP-7705,,Respuesta a su comunicación identificada con el consecutivo CI.004/GP4194/18/7.4.4 del 28 de marzo de 2018. (ALMA-R-2018-1113 del 05 de abril de 2018). Entrega de un (1) expediente de la Unidad Funcional 2 para revisión en la etapa de expropiación.,15_04_Comunic_Recibidas/2018/CI004_GP-7705_070404_CON_1594_EXP_EXPRO.pdf
485,1,CONCESIÓN ALTO MAGDALENA S.A.S.,ALMA-2018-1294,CONSORCIO 4C,GP-7530,27/03/2018,"Respuesta a su comunicación, CI.004/GP0965/16/7.4.1 del 25 de Junio de 2016 (Rad. Interno ALMA-R-2016-1630), Entrega de un (1) expediente predial de la unidad funcional 3 para aprobación de ficha predial.",15_04_Comunic_Recibidas/2018/CI004_GP-7530_070401_CON_1294_EXP_PREDIAL.pdf
483,2,CONCESIÓN ALTO MAGDALENA S.A.S.,ALMA-2018-1282,CONSORCIO 4C,GP-7488,26/03/2018,Prorroga a su comunicación CI.004/GP3913/18/7.4.1 del 16 de febrero de 2018 (Rad. Interno 0585); comunicación CI.004/GP3866/18/7.4.1 del 8 de febrero de 2018 (Rad. Interno 0506); comunicación CI.004/GP3979/18/7.4.1 del 26 de febrero de 2018 (Rad. Interno 0725); expedientes prediales de la unidad funcional 5.,15_04_Comunic_Recibidas/2018/CI004_GP-7488_070401_CON_1282_EXP_PREDIAL.pdf
489,1,CONCESIÓN ALTO MAGDALENA S.A.S.,ALMA-2018-4411,CONSORCIO 4C,GP-9250,20/11/2018,Entrega del expediente ALMA-5-0271 para aprobación del Avalúo Comercial Corporativo.,15_04_Comunic_Recibidas/2018/CI004_GP-9250_070406_CON_4411_EXP_AVALUO.pdf
479,10,CONCESIÓN ALTO MAGDALENA S.A.S.,ALMA-2018-2938,CONSORCIO 4C,GP-8512,31/07/2018,Respuesta a su petición identificada con el consecutivo interno PQRS-UF1-2017-0058 del 17 de mayo de 2018. Rad. ANI 2018-606 016393-1 del 29 de mayo de 2018 (ALMA-R-2018-1789 05 de junio de 2018,15_04_Comunic_Recibidas/2018/CI004_GP-8512_070109-070401_CON_2938_PQRS_DHERNANDEZ.pdf
493,1,CONCESIÓN ALTO MAGDALENA S.A.S.,ALMA-2018-0325,CONSORCIO 4C,GP-7025,23/01/2018,Entrega de tres (3) expedientes para aprobación del Avalúo Comercial Corporativo de la unidad funcional 3.,15_04_Comunic_Recibidas/2018/CI004_GP-7025_070401_CON_0325_EXPD_EXPROP.pdf
486,1,CONCESIÓN ALTO MAGDALENA S.A.S.,ALMA-2018-1295,CONSORCIO 4C,GP-7531,27/03/2018,"Respuesta a su comunicación, CI.004/GP0965/16/7.4.1 del 25 de Junio de 2016 (Rad. Interno ALMA-R-2016-1630), Entrega de un (1) expediente predial de la unidad funcional 3 para aprobación de ficha predial.",15_04_Comunic_Recibidas/2018/CI004_GP-7531_070401_CON_1295_EXP_PREDIAL.pdf
492,3,CONCESIÓN ALTO MAGDALENA S.A.S.,ALMA-2018-1430,CONSORCIO 4C,GP-7597,11/04/2018,Respuesta a su Oficio No. CI.004/GP4136/18/7.4.4 relacionado con la entrega de un (1) expediente de la Unidad Funcional 3 para revisión en la etapa de expropiación.,15_04_Comunic_Recibidas/2018/CI004_GP-7597_070404_CON_1430_EXP_EXPRO.pdf
491,3,CONCESIÓN ALTO MAGDALENA S.A.S.,CI.004/GP5320/18/7.1.8,CONSORCIO 4C,GP-9039,26/10/2018,Respuesta a su comunicación CI.004/GP5320/18/7.1.8 del 04 de octubre de 2018 (Rad. Interno ALMA-R-2018-3124) - Aspectos e impactos ambientales Puente Guarinó.,15_04_Comunic_Recibidas/2018/CI004_GP-9039_070108_CON_4114_IMPACT_AMB_PTE_GUARINO.pdf
494,1,AGENCIA NACIONAL DE INFRAESTRUCTURA,20183050367931,CONSORCIO 4C,GP-9087,02/11/2018,"Remisión PQR allegada a la Agencia por parte del Sr. Jorge Arturo Bedoya Rodriguez - Proyecto Girardot - Honda - Puerto Salgar, Contrato de Concesión 003 de 2014. Alto Magdalena S.A.S.",15_04_Comunic_Recibidas/2018/CI004_GP-9087_070109_ANI_036793-1_PQRS_JBEDOYA.pdf
495,2,CONCESIÓN ALTO MAGDALENA S.A.S.,ALMA-2018-2736,CONSORCIO 4C,GP-8323,17/07/2018,"Entrega de resultados, encuesta semestral de evaluación al Sistema de Atención al Usuario de la Concesión Alto Magdalena primer semestre año 2018.",15_04_Comunic_Recibidas/2018/CI004_GP-8323_070109_CON_2736_EVAL_ATEN_USUARIO.pdf
487,1,CONCESIÓN ALTO MAGDALENA S.A.S.,ALMA-2018-3939,CONSORCIO 4C,GP-8962,10/10/2018,"Respuesta comunicaciones CI.004/GP4911/18/7.1.8 del 27 de julio de 2018 (Radicado ALMA-R-2018-2402) y CI.004/GP5266/18/7.1.8 del 27 de septiembre de 2018 (Radicado ALMA-R-2018-3044). Auditorías Integrales. Apéndice Técnico 6, Numeral 4.1, literal (d).",15_04_Comunic_Recibidas/2018/CI004_GP-8962_070108_CON_3939_AUDIT_INTEG.pdf
490,3,CONCESIÓN ALTO MAGDALENA S.A.S.,ALMA-2018-0931,CONSORCIO 4C,GP-7322,01/03/2018,Alcance Presentación de los formatos establecidos en el Numeral 4.5 Literal (u) Parte general del Contrato. Radicado ALMA-2018-0739,15_04_Comunic_Recibidas/2018/CI004_GP-7322_070202_CON_0931_GCSP-F001_ENE18.pdf
498,2,CONCESION ALTO MAGDALENA S.A.S.,ALMA-2018-1160,CONSORCIO 4C,GP-7441,14/03/2018,"Respuesta a su comunicación CI.004/GP3913/18/7.4.1 del 15 de febrero de 2018 (Rad. Interno 0585 del 16 de febrero de 2018); CI.004/GP3831/18/7.4.1 del 31 de enero de 2018 (Rad. Interno 0419 del 16 de febrero de 2018); Entrega de un (1) expediente predial de la unidad funcional 4, y tres (3) expedientes prediales de la unidad funcional 5 para aprobación.",15_04_Comunic_Recibidas/2018/CI004_GP-7441_070401_CON_1160_EXP_PREDIAL.pdf
497,3,CONCESIÓN ALTO MAGDALENA S.A.S.,ALMA-2018-3696,CONSORCIO 4C,GP-8815,21/09/2018,Informe sobre los criterios para contabilizar Ingresos y Egresos por Unidad Funcional.,15_04_Comunic_Recibidas/2018/CI004_GP-8815_070201_CON_3696_INF_ING_EGRE_AGO.pdf
499,2,CONCESIÓN ALTO MAGDALENA S.A.S.,ALMA-2018-4497,CONSORCIO 4C,GP-9291,29/11/2018,Respuesta a la comunicación CI.004/GP5456/18/7.18 del 30 de octubre de 2018 (Rad Interno ALMA-R-2018-3385). Resolución 1701 de 2015 / Respuesta ALMA-2018-3913.,15_04_Comunic_Recibidas/2018/CI004_GP-9291_070108_CON_4497_RESOL_1701_2015.pdf
456,1,CONCESIÓN ALTO MAGDALENA S.A.S.,ALMA-2018-2830,CONSORCIO 4C,GP-8394,25/07/2018,"Comunicación 2018-305-014665-1 fechada el 15 de mayo de 2018 - Radicado ALMA-R-2018-1631 del 22 de mayo de 2018. Oficio radicado ANI 2018-409-042040-2. Ajuste Diseño Acceso Puentes Burras, Doradita y La Gallera - UF-5.2.",15_04_Comunic_Recibidas/2018/CI004_GP-8394_070101_CON_2830_DISEÑ_ACCESO_PTES_UF5.2.pdf
504,1,CONCESIÓN ALTO MAGDALENA S.A.S.,ALMA-2018-4372,CONSORCIO 4C,GP-9242,19/11/2018,Entrega de 6 conceptos técnicos de desafectación predial.,15_04_Comunic_Recibidas/2018/CI004_GP-9242_070401_CON_4372_DESAFEC_PREDIAL.pdf
501,16,CONCESIÓN ALTO MAGDALENA S.A.S.,ALMA-2018-4646,CONSORCIO 4C,GP-9357,07/12/2018,Respuesta comunicación 20187101129061 del 21 de noviembre de 2018 (Rad. Interno ALMA-R-2018-3686) – CVN 31 Solicitud reporte de acciones requerimientos Inspección Nocturna.,15_04_Comunic_Recibidas/2018/CI004_GP-9357_070600_CON_4646_REQUERI_INSPEC_NOCT.pdf
503,2,CONCESIÓN ALTO MAGDALENA S.A.S.,ALMA-2018-4062,CONSORCIO 4C,GP-9114,22/10/2018,Envío Formularios de liquidación y declaración de regalías tercer trimestre año 2018. Expediente: Autorización Temporal SAV-08571 – “Lote Oriental 2”.,15_04_Comunic_Recibidas/2018/CI004_GP-9114_070108_CON_4062_FOR_REGALIAS_EXP_SAV-08571.pdf
502,1,CONCESIÓN ALTO MAGDALENA S.A.S.,ALMA-2018-1650,CONSORCIO 4C,GP-7974,25/04/2018,"Respuesta a su comunicación, CI.004/GP4096/18/7.4.1 del 16 de Marzo de 2018 (Rad. Interno ALMA-R-2018-0939), Entrega de un (1) expediente predial de la unidad funcional 3 para aprobación de ficha predial.",15_04_Comunic_Recibidas/2018/CI004_GP-7974_070401_CON_1650_EXP_PREDIAL.pdf
500,1,CONCESIÓN ALTO MAGDALENA S.A.S.,ALMA-2018-2926,CONSORCIO 4C,GP-9184,31/07/2018,"Respuesta a su comunicación, Cl.004/GP4806/18/7.4.6 del 13 Julio de 2018 (Rad. Interno ALMA-R-2018-2242), Entrega de un (1) expediente predial de la unidad funcional 3 para aprobación de Avalúo comercial corporativo.",15_04_Comunic_Recibidas/2018/CI004_GP-9184_070401_CON_2926_EXP_AVALUO.pdf
508,18,CONCESIÓN ALTO MAGDALENA S.A.S.,ALMA-2018-4315,CONSORCIO 4C,GP-9129,14/11/2018,"Alcance a las comunicaciones ALMA-2018-3663 del pasado 19 de septiembre de 2018, con radicado ANI No. 20184090983542 y ALMA-2018-3842 del pasado 8 de octubre de 2018, con radicado ANI 20184091040912, 20183050346691 del 10 de octubre de 2018 y sobre la comunicación de la Interventoría No. CI.004/GP5463/18/7.1.8 del 30 de octubre de 2018.",15_04_Comunic_Recibidas/2018/CI004_GP-9129_050300_CON_4315_PRESUNTO_EER_UF5.pdf
507,2,,,CONSORCIO 4C,GP-8145,12/06/2018,DERECHO DE PETICIÒN,15_04_Comunic_Recibidas/2018/CI004_GP-8145_070109_MMENDEZ_SINNUMERO_DP_MMENDEZ.pdf
511,20,CONCESIÓN ALTO MAGDALENA S.A.S.,ALMA-2018-2672,CONSORCIO 4C,GP-8289,12/07/2018,"Notificación Evento Eximente de Responsabilidad como consecuencia de las graves afectaciones que ha tenido el Proyecto de Concesión Vial, objeto del Contrato No. 003 de 2014",15_04_Comunic_Recibidas/2018/CI004_GP-8289_050300_CON_2672_EER_AFECT_CONTRAT.pdf
509,1,CONCESIÓN ALTO MAGDALENA S.A.S.,ALMA-2018-2391,CONSORCIO 4C,GP-8121,21/06/2018,Respuesta a su comunicación CI.004/GP4625/18/7.4.1 del 8 de junio de 2018. Entrega de un (1) expediente predial de la Unidad Funcional 2 para aprobación.,15_04_Comunic_Recibidas/2018/CI004_GP-8121_070401_CON_2391_EXP_PREDIAL.pdf
488,2,CONCESIÓN ALTO MAGDALENA S.A.S.,ALMA-2018-1884,CONSORCIO 4C,GP-7842,11/05/2018,Su comunicación CI.004/GP4038/18/7.1.10 – Radicado ALMA-R-2018-0845 del 13 de marzo de 2018. Izaje de vigas Nuevo Puente Salgar.,15_04_Comunic_Recibidas/2018/CI004_GP-7842_070110_CON_1884_VIG_PTE_SALGAR.pdf
506,2,CONCESIÓN ALTO MAGDALENA S.A.S.,ALMA-2018-4245,CONSORCIO 4C,GP-9115,09/11/2018,Su comunicación CI.004/GP5253/18/7.3.3 - Radicado ALMA-R-2018-3025 del 27 de septiembre de 2018. Medición Niveles Servicio - Agosto 2018,15_04_Comunic_Recibidas/2018/CI004_GP-9115_070303_CON_4245_NIVEL_SERV_AGO.pdf
510,1,Agencia Nacional de Infraestructura,20183050272931,CONSORCIO 4C,GP-8578,22/08/2018,Solicitud ampliación de plazo para emitir concepto sobre EER Ambiental.,15_04_Comunic_Recibidas/2018/CI004_GP-8578_050300_ANI_027293-1_CONCEP_EER_AMB.pdf
512,1,CONCESIÓN ALTO MAGDALENA S.A.S.,ALMA-2018-0614,CONSORCIO 4C,GP-7154,06/02/2018,Entrega de la Sabana Predial y Tira topográfica.,15_04_Comunic_Recibidas/2018/CI004_GP-7154_070401_CON_0614_SABAN_PREDIAL.pdf
513,1,CONCESIÓN ALTO MAGDALENA S.A.S.,ALMA-2018-3449,CONSORCIO 4C,GP-8655,05/09/2018,Entrega de la Sabana Predial y Tira topográfica.,15_04_Comunic_Recibidas/2018/CI004_GP-8655_070401_CON_3449_SABAN_PREDIAL.pdf
515,2,CONCESIÓN ALTO MAGDALENA S.A.S.,ALMA-2018-2987,CONSORCIO 4C,GP-8543,02/08/2018,"Respuesta a su comunicación, CI.004/GP4630/18/7.4.1 del 08 de junio de 2018 (Rad. Interno ALMA-R-2018-1914), Entrega de tres (3) expedientes prediales de la unidad funcional 3 para aprobación de ficha predial.",15_04_Comunic_Recibidas/2018/CI004_GP-8543_070401_CON_2987_EXP_PREDIAL.pdf
517,1,CONCESIÓN ALTO MAGDALENA S.A.S.,ALMA-2018-3967,CONSORCIO 4C,GP-9119,12/10/2018,Entrega de un (1) expediente para aprobación del Avalúo Comercial Corporativo ALMA-3-0020.,15_04_Comunic_Recibidas/2018/CI004_GP-9119_070406_CON_3967_EXP_AVALUO.pdf
505,1,Agencia Nacional de Infraestructura,2018-305-011345-1,CONSORCIO 4C,GP-7646,16/04/2018,Oficio radicado ANI 2018-409-032110-2. Avance Obras – Gestión Predial UF 5 Proyecto Girardot – Honda – Puerto Salgar. Contrato de Concesión 003 de 2014 – Concesión Alto Magdalena S.A.S.,15_04_Comunic_Recibidas/2018/CI004_GP-7646_070101_ANI_011345-1_GEST_PREDIAL.pdf
496,1,CONCESIÓN ALTO MAGDALENA S.A.S.,ALMA-2018-2200,CONSORCIO 4C,GP-8192,05/06/2018,"Respuesta a su comunicación, CI.004/GP4422/18/7.4.6 del 11 Abril de 2018 (Rad. Interno ALMA-R-2018-1517), Entrega de un (1) expedientes predial de la unidad funcional 3 para aprobación de Avalúo comercial corporativo.",15_04_Comunic_Recibidas/2018/CI004_GP-8192_070406_CON_2200_EXP_AVALUO.pdf
521,1,CONCESIÓN ALTO MAGDALENA S.A.S.,ALMA-2018-4689,CONSORCIO 4C,GP-9394,17/12/2018,Respuesta a la comunicación CI.004/GP5629/18/7.18 (Rad. Interno ALMA-R-2018-3678 del 28/11/2018) - Entrega Informe Trimestral 15 V3.,15_04_Comunic_Recibidas/2018/CI004_GP-9394_070108_CON_4689_INF_TRIMES_15_V3.pdf
519,1,CONCESIÓN ALTO MAGDALENA S.A.S.,ALMA-2018-2370,CONSORCIO 4C,GP-8114,20/06/2018,Plan de Manejo del Tráfico Construcción Puente Burras – Unidad Funcional 5.2.,15_04_Comunic_Recibidas/2018/CI004_GP-8114_070111_CON_2370_PMT_PTE_BURRAS.pdf
514,1,CONCESIÓN ALTO MAGDALENA S.A.S.,ALMA-2018-2591,CONSORCIO 4C,GP-8248,05/07/2018,Respuesta a comunicado CI.004/GP4599/18/.5.3 del 07 de junio de 2018 (Rad. Interno ALMA-R-2018-1863 del 07 de junio de 2018). Solicitud anexos EER Hallazgo Arqueológico K130+720 UF 5.1.,15_04_Comunic_Recibidas/2018/CI004_GP-8248_070109_CON_2591_EER_ARQUEO_K130+720.pdf
523,1,CONCESIÓN ALTO MAGDALENA S.A.S.,ALMA-2017-5379,CONSORCIO 4C,GP-6884,26/12/2017,Solicitud formato del informe de adquisición predial.,15_04_Comunic_Recibidas/2018/CI004_GP-6884_070401_CON_5379_INFO_PREDIAL.pdf
520,1,AGENCIA NACIONAL DE INFRAESTRUCTURA,2018-305-011334-1,CONSORCIO 4C,GP-7641,16/04/2018,Seguridad Vial Proyecto Girardot - Honda - Puerto Salgar. Contrato de Concesión 003 de 2014 - Concesión Alto Magdalena S.A.S.,15_04_Comunic_Recibidas/2018/CI004_GP-7641_070304_ANI_011334-1_SEG_VIAL.pdf
524,27,CONCESIÓN ALTO MAGDALENA S.A.S.,ALMA-2018-2114,CONSORCIO 4C,GP-7953,31/05/2018,"Notificación Evento Eximente de Responsabilidad como consecuencia de la no entrega oportuna de la actualización de Cabida y Linderos del predio ALMA-2-0004-2 (expediente predial), para continuar con los trámites de enajenación voluntaria y/o expropiación judicial dentro de los tiempos estipulados por la Ley.",15_04_Comunic_Recibidas/2018/CI004_GP-7953_050300_CON_2114_EER_EXP_PREDIAL.pdf
518,1,CONCESIÓN ALTO MAGDALENA S.A.S.,ALMA-2017-5433,CONSORCIO 4C,GP-6886,29/12/2017,"Prorroga a su comunicación CI.004/GP3189/17/7.4.1 del 27 de septiembre de 2017 (Rad. Interno 3518 del 9 de octubre de 2017); CI.004/GP3128/17/7.4.1 del 22 de septiembre de 2017 (Rad. Interno 03336 del 27 de septiembre de 2017, expedientes prediales de la unidad funcional 5.",15_04_Comunic_Recibidas/2018/CI004_GP-6886_070401_CON_5433_EXP_PREDIAL.pdf
516,1,CONCESIÓN ALTO MAGDALENA S.A.S.,ALMA-2018-0639,CONSORCIO 4C,GP-7328,08/02/2018,Respuesta a su Oficio No. CI.004/GP3839/18/7.4.4 relacionado con la entrega de un (1) expediente de la Unidad Funcional 3 para revisión en la etapa de expropiación.,15_04_Comunic_Recibidas/2018/CI004_GP-7328_070404_CON_0639_EXP_EXPRO.pdf
525,1,CONCESIÓN ALTO MAGDALENA S.A.S.,ALMA-2018-2535,CONSORCIO 4C,GP-8214,28/06/2018,"Respuesta a Comunicado CI.004/GP4486/18/7.1.8 del 23 de mayo de 2018 (Rad. Interno ALMA-R-2018-1661 del 24 de mayo de 2018). Obligaciones Pendientes Cierre Ambiental UF 1, 2 y 4 / Alcance comunicado CI.004/GP4312/18/7.1.8",15_04_Comunic_Recibidas/2018/CI004_GP-8214_0903-070108_CON_2535_PDTES_CIERRE_AMB.pdf
527,1,CONCESIÓN ALTO MAGDALENA S.A.S.,ALMA-2018-3527,CONSORCIO 4C,GP-8750,11/09/2018,Entrega de un (1) expediente para aprobación del Avalúo Comercial Corporativo de la unidad funcional 3.,15_04_Comunic_Recibidas/2018/CI004_GP-8750_070406_CON_3527_EXP_AVALUO.pdf
522,13,CLARA INES ALBARRACIN,,CONSORCIO 4C,GP-7163,06/02/2018,DERECHO DE PETICION,15_04_Comunic_Recibidas/2018/CI004_GP-7163_070109-070401_SINNUMERO_DP_CALBARRACIN.pdf
529,3,CONCESIÓN ALTO MAGDALENA S.A.S.,ALMA-2018-0169,CONSORCIO 4C,GP-6935,12/01/2018,"Envío Formularios de liquidación y declaración de regalías tercer y cuarto trimestre año 2017 - Expediente: Autorización Temporal SAV-08571 - ""Lote Oriental 2"".",15_04_Comunic_Recibidas/2018/CI004_GP-6935_070108_CON_0169_FOR_REGALIAS_EX_SAV-08571.pdf
531,2,CONCESIÓN ALTO MAGDALENA S.A.S.,ALMA-2018-1442,CONSORCIO 4C,GP-7638,11/04/2018,Respuesta a su Oficio No. CI.004/GP4195/18/7.4.4 relacionado con la entrega de un (1) expediente de la Unidad Funcional 3 para revisión en la etapa de expropiación.,15_04_Comunic_Recibidas/2018/CI004_GP-7638_070404_CON_1442_EXP_EXPRO.pdf
535,7,Juzgado Noveno Civil Municipal Oral Armenia-Quindío,63.001.40.03.009.2018.00453.00,CONSORCIO 4C,GP-8322,18/07/2018,Notificación sentencia,15_04_Comunic_Recibidas/2018/CI004_GP-8322_050300_JARMENIA_2455_TUTELA_WARBOLEDA.pdf
534,1,CONCESIÓN ALTO MAGDALENA S.A.S.,ALMA-2018-0085,CONSORCIO 4C,GP-6982,05/01/2018,Entrega de un (1) expediente predial de la unidad funcional 2 para revisión del componente Social.,15_04_Comunic_Recibidas/2018/CI004_GP-6982_070402_CON_0085_EXP_SCIAL.pdf
536,1,CONCESIÓN ALTO MAGDALENA S.A.S.,ALMA-2018-4739,CONSORCIO 4C,GP-9415,26/12/2018,"Entrega del expediente predial ALMA-3-0060, para revisión y aprobación de componente social.",15_04_Comunic_Recibidas/2018/CI004_GP-9415_070402_CON_4739_EXP_PREDIAL.pdf
533,1,CONCESIÓN ALTO MAGDALENA S.A.S.,ALMA-2018-0301,CONSORCIO 4C,GP-7051,22/01/2018,Respuesta a su comunicación Cl.004/GP3708/18/7.4.1 de fecha 09 de Enero de 2018. Entrega de un (1) expediente para aprobación del Avalúo Comercial Corporativo.,15_04_Comunic_Recibidas/2018/CI004_GP-7051_070401_CON_0301_EXP_AVALUO.pdf
526,3,Agencia Nacional de Infraestructura,20183050213291,CONSORCIO 4C,GP-8260,10/07/2018,Solicitud concepto requerimiento modificación entrega de elementos Ditra - Contrato de Concesión No 003 de 2014. Concesión Girardot - Honda - Puerto Salgar.,15_04_Comunic_Recibidas/2018/CI004_GP-8260_050300_ANI_021329-1_ELEMENTOS_DITRA.pdf
532,2,CONCESIÓN ALTO MAGDALENA S.A.S.,ALMA-2018-3485,CONSORCIO 4C,GP-8690,05/09/2018,Entrega Informe Gerencial Mensual N° 46 – agosto de 2018,15_04_Comunic_Recibidas/2018/CI004_GP-8690_070500_CON_3485_INF_MEN_N°46_AGO.pdf
528,4,AGENCIA NACIONAL DE INFRAESTRUCTURA,2018-305-039451-1,CONSORCIO 4C,GP-9255,27/11/2018,"No objeción del Plazo de Cura. Radicados ANI 2018-409-109221-2 y 2018-409-111791-2 del 19 y 26 de octubre de 2018 - Proyecto Girardot - Honda - Puerto Salgar, Contrato de Concesión 003 de 2014.",15_04_Comunic_Recibidas/2018/CI004_GP-9255_050300_ANI_039451-1_NO_OBJ_PLAZO_CURA.pdf
541,12,CONCESIÓN ALTO MAGDALENA S.A.S.,ALMA-2018-1290,CONSORCIO 4C,GP-7539,27/03/2018,Actualización Inventario de Activos,15_04_Comunic_Recibidas/2018/CI004_GP-7539_070202_CON_1290_ACT_INVEN_ACTIV.pdf
540,1,CONCESIÓN ALTO MAGDALENA S.A.S.,ALMA-2018-4012,CONSORCIO 4C,GP-9068,17/10/2018,Entrega un (1) expediente para aprobación de Actualización de Estudio de Títulos.,15_04_Comunic_Recibidas/2018/CI004_GP-9068_070401_CON_4012_EXP_PREDIAL.pdf
539,1,CONCESIÓN ALTO MAGDALENA S.A.S.,ALMA-2018-2340,CONSORCIO 4C,GP-8106,18/06/2018,"Su comunicación CI.004/GP4338/18/7.1.7 – Radicado ALMA-R-2018-1361 del 25 de abril de 2018. Ajuste Diseño Geométrico Accesos Puente Burras, Doradita y La Gallera. Estudio Hidráulico y Proceso Constructivo Puentes Burras, Doraditas y Galleras de la Unidad Funcional 5.2.",15_04_Comunic_Recibidas/2018/CI004_GP-8106_070107_CON_2340_DISÑ_PTES_UF5.2.pdf
537,5,Agencia Nacional de Infraestructura,20183050294191,CONSORCIO 4C,GP-8689,05/09/2018,"Seguimiento calidad procesos constructivos losa aproximación puente K7+203 UF 5.4 – Proyecto Girardot – Honda – Puerto Salgar, Contrato de Concesión 003 de 2014.",15_04_Comunic_Recibidas/2018/CI004_GP-8689_070103_ANI_029419-1_LOSA_PTE_K7.pdf
543,1,CONCESIÓN ALTO MAGDALENA S.A.S.,ALMA-2018-4159,CONSORCIO 4C,GP-9051,29/10/2018,Respuesta comunicación 20183050269671 del 21 de agosto de 2018. (Rad ALMA-R-2018-2696.) Cumplimiento normatividad constructiva y de demarcación en los accesos al eje vial desde predios ubicados en las Unidades Funcionales 2 y 4.,15_04_Comunic_Recibidas/2018/CI004_GP-9051_070304-070107_CON_4159_ACCESOS_EJE_VIAL_UF2_4.pdf
530,4,AGENCIA NACIONAL DE INFRAESTRUCTURA,2018-305-018265-1,CONSORCIO 4C,GP-8068,14/06/2018,Respuesta Notificación de Ejecución del 90% del valor estimado de Redes - Comunicación a su comunicación ALMA-2018-1473 con radicado ANI No 20184090373772 del 16 de abril de 2018 - Contrato de Concesión No 003 de 2014. Concesión Girardot - Honda - Puerto Salgar.,15_04_Comunic_Recibidas/2018/CI004_GP-8068_070115-070201_ANI_018265-1_90%_SUBCTA_REDES.pdf
547,7,CONCESIÓN ALTO MAGDALENA S.A.S.,ALMA-2017-5373,CONSORCIO 4C,GP-6857,26/12/2017,Respuesta a su comunicación CI.004/GP609/17/7.1.3 del 21 de diciembre de 2017 (Rad. Interno ALMA-R-2017-04450) - Prueba de carga puente Intersección Flandes UF1,15_04_Comunic_Recibidas/2018/CI004_GP-6857_070103_CON_5373_PRUEB_CARG_PTE_UF1.pdf
538,1,CONCESIÓN ALTO MAGDALENA S.A.S.,ALMA-2018-1581,CONSORCIO 4C,GP-7949,23/04/2018,Entrega de un (1) expediente de la Unidad Funcional 2 para revisión en la etapa de expropiación.,15_04_Comunic_Recibidas/2018/CI004_GP-7949_070404_CON_1581_EXP_EXPRO.pdf
544,1,CONCESIÓN ALTO MAGDALENA S.A.S.,ALMA-2018-2835,CONSORCIO 4C,GP-8396,25/07/2018,Alcance Comunicación ALMA-2018-2694 - Cronograma Terminación Puente P1 - UF4.,15_04_Comunic_Recibidas/2018/CI004_GP-8396_070101_CON_2835_CRONOG_PTE_P1.pdf
545,3,CONCESION ALTO MAGDALENA S.A.S.,ALMA-2018-1462,CONSORCIO 4C,GP-7670,13/04/2018,Envío formulario de liquidación y declaración de regalías primer trimestre año 2018. Expediente: QBN-15031.,15_04_Comunic_Recibidas/2018/CI004_GP-7670_070108_CON_1462_FOR_REGALIAS.pdf
546,1,CONCESIÓN ALTO MAGDALENA S.A.S.,ALMA-2018-2529,CONSORCIO 4C,GP-8213,28/06/2018,Respuesta comunicación CI.004/GP4544/18/7.1.8 del 01 de junio de 2018 (Radicado Interno ALMA-R-2018-1771 del 01 de junio de 2018). Respuesta ALMA-2018-2052 / Atropellamiento de Fauna.,15_04_Comunic_Recibidas/2018/CI004_GP-8213_070108_CON_2529_ATROPELLA_FAUNA.pdf
542,1,CONCESIÓN ALTO MAGDALENA S.A.S.,ALMA-2018-0460,CONSORCIO 4C,GP-7069,29/01/2018,Entrega de un (1) expediente de la Unidad Funcional 3 para revisión en la etapa de expropiación.,15_04_Comunic_Recibidas/2018/CI004_GP-7069_070404_CON_0460_EXPD_EXPROP.pdf
552,1,AGENCIA NACIONAL DE INFRAESTRUCTURA,2018-305-010338-1,CONSORCIO 4C,GP-7578,06/04/2018,Respuesta solicitud Manual de Marca Vigente – Radicado ANI No 20184090300472 – Contrato de Interventoría No. 145 – Consorcio 4C.,15_04_Comunic_Recibidas/2018/CI004_GP-7578_070110_ANI_010338-1_MAN_MARCA_VIG.pdf
551,9,CONCESIÓN ALTO MAGDALENA S.A.S.,ALMA-2018-4427,CONSORCIO 4C,GP-9239,20/11/2018,"Respuesta oficio CI.004/GP5424/18/7.4.1 (radic. ALMA-R-2018-3285, 22/10/2018). Predios ALMA-5-0067, ALMA-5-0069, ALMA 5-0079, ALMA-5-0123, ALMA-5-0128, ALMA-5-0129, ALMA-5-0130, ALMA 5-0131, ALMA-5-0132, ALMA-5-0133, ALMA-5-0134, ALMA-5-0135, ALMA5-0136, ALMA-5-0137. ALMA-5-0138.",15_04_Comunic_Recibidas/2018/CI004_GP-9239_070401_CON_4427_EXP_PREDIAL.pdf
556,1,AGENCIA NACIONAL DE INFRAESTRUCTURA,2018-305-019594-1,CONSORCIO 4C,GP-8150,25/06/2018,Traslado Derecho de Petición Algarrobos del Magdalena P.H. con radicado ANI No 20184090604622 - Contrato de Concesión No 003 de 2014 - Girardot - Honda - Puerto Salgar.,15_04_Comunic_Recibidas/2018/CI004_GP-8150_070109_ANI_019594-1_DP_ALGARROBOS.pdf
548,4,CONCESIÓN ALTO MAGDALENA S.A.S.,ALMA-2018-1829,CONSORCIO 4C,GP-7793,10/05/2018,Presentación de los formatos establecidos en el Numeral 4.5 Literal (u) Parte general del Contrato.,15_04_Comunic_Recibidas/2018/CI004_GP-7793_070208_CON_1829_FOR_GCSP-F009_ABR.pdf
553,2,CONCESIÓN ALTO MAGDALENA S.A.S.,ALMA-2018-2852,CONSORCIO 4C,GP-8409,27/07/2018,Respuesta comunicación CI.004/GP4830/18/7.1.1 del 19 de julio de 2018.,15_04_Comunic_Recibidas/2018/CI004_GP-8409_070101_CON_2852_GEST_PREDIAL_UF5.pdf
557,4,CONCESIÓN ALTO MAGDALENA S.A.S.,CI004.7.1.9-7.1.14,CONSORCIO 4C,GP-9259,29/11/2018,"Derecho de Petición para la protección y custodia en zona de derecho de vía y zonas de exclusión en el Pr 27+900 y Pr 27+950, Costado derecho sentido Honda - La Dorada.",15_04_Comunic_Recibidas/2018/CI004_GP-9259_070109-070114_CON_4504_DP_ALC_LDORADA.pdf
550,1,CONCESIÓN ALTO MAGDALENA S.A.S.,ALMA-2018-0786,CONSORCIO 4C,GP-7347,19/02/2018,Entrega de un (1) expediente para aprobación del Avalúo Comercial Corporativo.,15_04_Comunic_Recibidas/2018/CI004_GP-7347_070401_CON_0786_EXP_AVALUO.pdf
558,1,CONCESIÓN ALTO MAGDALENA S.A.S.,ALMA-2018-0503,CONSORCIO 4C,GP-7117,02/02/2018,Su comunicación CI.004/GP2852/17/7.1.3 – Radicado ALMA-R-2017-02778 del 18 de agosto de 2017 – Seguimiento Obra Puente P9 K105+332 – UF4,15_04_Comunic_Recibidas/2018/CI004_GP-7117_070107_CON_0503_SEGUI_PTE_P9.pdf
549,4,CONCESIÓN ALTO MAGDALENA S.A.S.,ALMA-2018-4492,CONSORCIO 4C,GP-9290,29/11/2018,Relación estado de los puntos considerados como Pasos de Fauna en la UF 2.,15_04_Comunic_Recibidas/2018/CI004_GP-9290_070108_CON_4492_PASOS_FAUNA_UF2.pdf
562,1,Agencia Nacional de Infraestructura,2018-305-014669-1,CONSORCIO 4C,GP-7830,15/05/2018,Oficio radicado ANI 2018-409-044619-2. Calidad Terminado Concretos Vigas Postensadas Puentes UF 5.4 Proyecto Girardot - Honda - Puerto Salgar. Contrato de Concesión 003 de 2014 - Concesión Alto Magdalena S.A.S.,15_04_Comunic_Recibidas/2018/CI004_GP-7830_070103_ANI_014669-1_CALID_VIG_PTES_UF5.4.pdf
561,4,AGENCIA NACIONAL DE INFRAESTRUCTURA,2018-603-006129-1,CONSORCIO 4C,GP-7304,28/02/2018,Contrato de Concesión No. 003 de 2014 – Honda – Girardot – Puerto Salgar. Respuesta Rad. ANI No. 2018-409-008820-2. Reclamo por incumplimiento de acuerdos por parte de la Concesión Alto Magdalena con la señora Sandra Patiño predio Santa Isabel.,15_04_Comunic_Recibidas/2018/CI004_GP-7304_070109_ANI_006129-1_INCUMP_SPATIÑO.pdf
555,1,CONCESIÓN ALTO MAGDALENA S.A.S.,ALMA-2018-0915,CONSORCIO 4C,GP-7314,28/02/2018,Su comunicación Cl.004/GP3918/18/7.1.7 – Radicado ALMA-R-2018-0591 del 16 de febrero de 2018 – Solicitud Información Subcontratistas y Profesionales,15_04_Comunic_Recibidas/2018/CI004_GP-7314_070103_CON_0915_INFO_SUBCONTRA.pdf
554,1,CONCESIÓN ALTO MAGDALENA S.A.S.,ALMA-2018-3525,CONSORCIO 4C,GP-8813,11/09/2018,Presentación de los formatos establecidos en el Numeral 4.5 Literal (u) Parte general del Contrato.,15_04_Comunic_Recibidas/2018/CI004_GP-8813_070202_CON_3525_FOR_GCSP_F-009_AGO.pdf
560,2,CONCESIÓN ALTO MAGDALENA S.A.S.,ALMA-2018-1139,CONSORCIO 4C,GP-7436,14/03/2018,Su comunicación Cl.004/GP3948/18/7.1.3-7.1.7 - Radicado ALMA-R-2018-0653 del 21 de febrero de 2018 - Verificación Normatividad Intervención Intersección La Melisa - UF5.2.,15_04_Comunic_Recibidas/2018/CI004_GP-7436_070107_CON_1139_INTER_LA_MELISA_UF5.2.pdf
568,1,CONCESIÓN ALTO MAGDALENA S.A.S.,ALMA-2018-3232,CONSORCIO 4C,GP-8728,17/08/2018,Entrega de un expediente predial de la unidad funcional 5 para aprobación.,15_04_Comunic_Recibidas/2018/CI004_GP-8728_070401_CON_3232_EXP_PREDIAL.pdf
567,1,CONCESIÓN ALTO MAGDALENA S.A.S.,ALMA-2018-0332,CONSORCIO 4C,GP-7022,25/01/2018,Entrega de dos (2) expedientes para aprobación del Avalúo Comercial Corporativo.,15_04_Comunic_Recibidas/2018/CI004_GP-7022_070401_CON_0332_EXPD_AVALUO.pdf
559,2,CONCESIÓN ALTO MAGDALENA S.A.S.,ALMA-2018-1465,CONSORCIO 4C,GP-7671,13/04/2018,Envío Formulario de liquidación y declaración de Primer Trimestre Año 2018. Expediente: QBN-15032X.,15_04_Comunic_Recibidas/2018/CI004_GP-7671_070108_CON_1465_FOR_REGALIAS.pdf
564,2,AGENCIA NACIONAL DE INFRAESTRUCTURA,2018-305-016020-1,CONSORCIO 4C,GP-7917,29/05/2018,Dedicación Profesional JOVANNY ALEJANDRO VARGAS RODRIGUEZ - Especialista en Tránsito y Transporte. Contrato de Interventoría No.469 de 2015. Bucaramanga-Barrancabermeja-Yondó.,15_04_Comunic_Recibidas/2018/CI004_GP-7917_010300_ANI_016020-1_DEDI_PERSNAL_ESP_TRANS.pdf
566,1,CONCESIÓN ALTO MAGDALENA S.A.S.,ALMA-2018-0495,CONSORCIO 4C,GP-7078,31/01/2018,Respuesta a su comunicación CI.004/GP3799/18/7.4.1 de fecha 29 de Enero de 2018. Entrega de un (1) expediente para aprobación del Avalúo Comercial Corporativo.,15_04_Comunic_Recibidas/2018/CI004_GP-7078_070401_CON_0495_EXP_AVALUO.pdf
571,2,CONCESIÓN ALTO MAGDALENA S.A.S.,ALMA-2018-3398,CONSORCIO 4C,GP-8670,29/08/2018,Respuesta a su comunicación CI.004/GP5020/18/7.1.3 del 22 de agosto de 2018. (Radicado ALMA-R-2018-2628 del 22 de agosto de 2018). Inconsistencias durante la construcción del tablero sobre la estructura metálica del Puente Guarinó,15_04_Comunic_Recibidas/2018/CI004_GP-8670_070103_CON_3398_TABLERO_PTE_GUARINO.pdf
574,1,CONCESIÓN ALTO MAGDALENA S.A.S.,ALMA-2018-0238,CONSORCIO 4C,GP-6946,16/01/2018,"Respuesta a su comunicación, CI.004/GP3533/17/7.4.1 del 01 de Diciembre de 2017, entrega de un (1) expediente para aprobación del Avalúo Comercial Corporativo de la unidad funcional 3.",15_04_Comunic_Recibidas/2018/CI004_GP-6946_070401_CON_0238_RTA_EXPD_AVALU_UF3.pdf
565,1,CONCESIÓN ALTO MAGDALENA S.A.S.,ALMA-2018-2603,CONSORCIO 4C,GP-8254,10/07/2018,Comunicaciones CI.004/GP4652/18/7.1.3-9.3 - Radicado ALMA-R-2018-1943 del 18 de junio de 2018. Indicadores Mínimos Puentes Centros Poblados UF2 Y CI.004/GP4767/18/7.1.9.3 - Radicado ALMA-R-2018-2159 del 04 de julio de 2018 - Rta. ALMA-2018-2255. Medición Indicadores Puente Flandes sobre Río Magdalena UF1 y Centros Poblados UF2.,15_04_Comunic_Recibidas/2018/CI004_GP-8254_090300_CON_2603_MEDI_INDIC_UF1_UF2.pdf
572,1,AGENCIA NACIONAL DE INFRAESTRUCTURA,2018-305-010783-1,CONSORCIO 4C,GP-7603,11/04/2018,"Oficiü , e1d;l..duu Ai\ii LÚ.10-4Ue-u.jL099-2. Seguimiento Plan Obras Manifestación Atraso Actividades Constructivas UF 5 Proyecto Girardot - Honda - Puerto Salgar. Contrato de Concesión 003 de 2014 - Concesión Alto Magdalena S.A.S.",15_04_Comunic_Recibidas/2018/CI004_GP-7603_070103_ANI_010783-1_ATRAS_ACT_UF5.pdf
575,1,CONCESIÓN ALTO MAGDALENA S.A.S.,ALMA-2018-0223,CONSORCIO 4C,GP-6938,15/01/2018,Respuesta a su comunicación CI.004/GP3670/18/7.4.1 de fecha 04 de Enero de 2018. Entrega de siete (7) expedientes para aprobación del Avalúo Comercial Corporativo.,15_04_Comunic_Recibidas/2018/CI004_GP-6938_070401_CON_0223_EXP_AVALUO.pdf
570,1,CONCESIÓN ALTO MAGDALENA S.A.S.,ALMA-2018-3861,CONSORCIO 4C,GP-8874,05/10/2018,"Entrega de expedientes ALMA-5-0067, ALMA-5-0069, ALMA-5-0079, ALMA-5-0123, ALMA-5-128, ALMA-5-0129, ALMA-5-0130, ALMA-5-0131, ALMA-5-0132, ALMA-5-0133, ALMA-5-0134, ALMA-5-0135, ALMA-5-0136, ALMA-5-0137 Y ALMA-5-0138",15_04_Comunic_Recibidas/2018/CI004_GP-8874_070401_CON_3861_EXP_PREDIAL.pdf
576,1,CONCESIÓN ALTO MAGDALENA S.A.S.,ALMA-2018-3531,CONSORCIO 4C,GP-8817,11/09/2018,Informe de Cumplimiento Ambiental N° 6. Expediente N° LAV0004-00-2016.,15_04_Comunic_Recibidas/2018/CI004_GP-8817_070108_CON_3531_INF_CUMPLI_AMB_N°6.pdf
579,2,CONCESIÓN ALTO MAGDALENA S.A.S.,ALMA-2018-4199,CONSORCIO 4C,GP-9120,31/10/2018,"Respuesta al oficio CI.004/GP5445/18/7.4.1, con radicado interno ALMA-R-2018-3333, con fecha 26 de octubre de 2018.",15_04_Comunic_Recibidas/2018/CI004_GP-9120_070401_CON_4199_EXP_PREDIAL.pdf
580,1,CONCESIÓN ALTO MAGDALENA S.A.S.,ALMA-2018-1586,CONSORCIO 4C,GP-7717,23/04/2018,Respuesta a su comunicación identificada con el consecutivo CI.004/GP3669/18/7.4.4 del 04 de enero de 2018. (ALMA-R-2018-0036 del 28 de febrero de 2018). Entrega de un (1) expediente de la Unidad Funcional 2 para revisión en la etapa de expropiación.,15_04_Comunic_Recibidas/2018/CI004_GP-7717_070404_CON_1586_EXP_EXPRO.pdf
578,1,CONCESIÓN ALTO MAGDALENA S.A.S.,ALMA-2018-2126,CONSORCIO 4C,GP-7976,06/06/2018,Entrega de un (1) expediente para aprobación del Avalúo Comercial Corporativo.,15_04_Comunic_Recibidas/2018/CI004_GP-7976_070406_CON_2126_EXP_AVALUO.pdf
584,4,CONCESIÓN ALTO MAGDALENA S.A.S.,ALMA-2018-3899,CONSORCIO 4C,GP-8916,08/10/2018,Respuesta comunicación CI.004/GP4799/18/5.3 radicado interno ALMA-R-2018-2237 del 13 de julio de 2018. Modificación póliza Todo Riesgo Construcción No. 741,15_04_Comunic_Recibidas/2018/CI004_GP-8916_050300_CON_3899_POLIZ_TDO_RIESG.pdf
573,1,CONCESIÓN ALTO MAGDALENA S.A.S.,ALMA-2018-4274,CONSORCIO 4C,GP-9244,13/11/2018,Entrega un (1) expediente ALMA-2-0064-1 predial para revisión de ficha predial y actualización de estudio de títulos.,15_04_Comunic_Recibidas/2018/CI004_GP-9244_070401_CON_4274_EXP_PREDIAL.pdf
563,1,CONCESIÓN ALTO MAGDALENA S.A.S.,ALMA-2018-0314,CONSORCIO 4C,GP-7193,23/01/2018,Entrega de un (1) expediente de la Unidad Funcional 2 para revisión en la etapa de expropiación.,15_04_Comunic_Recibidas/2018/CI004_GP-7193_070401_CON_0314_EXP_UF2_EXPRO.pdf
577,7,AGENCIA NACIONAL DE INFRAESTRUCTURA,2018-305-003340-1,CONSORCIO 4C,GP-7155,06/02/2018,Radicado ANI 2017-409-139285-2 de 29/12/17 y 2018-409-004198-2 de 16/01/2018. Solicitud Ajuste Póliza de Responsabilidad Civil Extracontractual y Póliza Todo Riesgo Obras Civiles. Proyecto Girardot - Honda - Puerto Salgar. Contrato de Concesión 003 de 2014 - Concesión Alto Magdalena S.A.S.,15_04_Comunic_Recibidas/2018/CI004_GP-7155_050300_ANI_003340-1_POL_RC_TDORIESG.pdf
569,6,Agencia Nacional de Infraestructura,20183050350191,CONSORCIO 4C,GP-8980,18/10/2018,"Remisión PQR allegada a la Agencia por parte de la Sra. Carmen Fernández - Proyecto Girardot – Honda – Puerto Salgar, Contrato de Concesión 003 de 2014. Alto Magdalena S.A.S.",15_04_Comunic_Recibidas/2018/CI004_GP-8980_070401-070109_ANI_035019-1_PQR_CFERNANDEZ.pdf
581,2,CONCESIÓN ALTO MAGDALENA S.A.S.,ALMA-2018-4407,CONSORCIO 4C,GP-9232,20/11/2018,Respuesta comunicación CI.004/GP5298/18/7.3.4 del 03 de octubre de 2018 (Radicado ALMA-R-2018-3098). Condiciones de riesgo en la infraestructura vial - UF4,15_04_Comunic_Recibidas/2018/CI004_GP-9232_070304_CON_4407_CONDICI_RIESG_VIAL.pdf
583,14,CONCESIÓN ALTO MAGDALENA S.A.S.,ALMA-2018-3116,CONSORCIO 4C,GP-8520,13/08/2018,Respuesta Oficio Cl.004/GP4851/18/7.1.10 radicado interno ALMA-R-2018-2302 adjunto a PQRS UF5 371 del 23 de Abril de 2018 - nueva reclamación 19/07/2018 solicitud suspender el transporte fluvial hasta que la documentación cumpla con todo establecido en el Decreto 1079 del 2015.,15_04_Comunic_Recibidas/2018/CI004_GP-8520_070110_CON_3116_TRANSP_FLUVIAL.pdf
588,1,CONCESIÓN ALTO MAGDALENA S.A.S.,ALMA-2018-2210,CONSORCIO 4C,GP-8079,05/06/2018,"Respuesta a su comunicación, CI.004/GP4440/18/7.4.6 del 17 Mayo de 2018 (Rad. Interno ALMA-R-2018-1566), Entrega de un (1) expedientes predial de la unidad funcional 3 para aprobación de Avalúo comercial corporativo.",15_04_Comunic_Recibidas/2018/CI004_GP-8079_070406_CON_2210_EXP_AVALUO.pdf
590,1,AGENCIA NACIONAL DE INFRAESTRUCTURA,2018-305-000667-1,CONSORCIO 4C,GP-6911,10/01/2018,Oficio radicado ANI 2018-409-000583-2 de 04/01/2018. Traslado Queja Proyecto Girardot - Honda - Puerto Salgar. Contrato de Concesión 003 de 2014 - Concesión Alto Magdalena S.A.S.,15_04_Comunic_Recibidas/2018/CI004_GP-6911_070109_ANI_000667-1_T_QUEJA_MPATIÑO.pdf
585,3,CONCESIÓN ALTO MAGDALENA S.A.S.,ALMA-2018-4144,CONSORCIO 4C,GP-9045,29/10/2018,Consulta de Resoluciones de declaratoria de inminencia de riesgo de desplazamiento forzado,15_04_Comunic_Recibidas/2018/CI004_GP-9045_070401_CON_4144_RIESG_DESPLAZ_FORZADO.pdf
587,11,CONCESIÓN ALTO MAGDALENA S.A.S.,ALMA-2018-2504,CONSORCIO 4C,GP-8206,28/06/2018,"Respuesta a su comunicación CI.0047GP4280/18/5.3 del 17 de abril de 2018, radicado interno ALMA-R-2018-1256 del 17 de abril de 2018. Reiteración Operación y mantenimiento de la iluminación.",15_04_Comunic_Recibidas/2018/CI004_GP-8206_050300_CON_2504_OPERA_MANTMIENTO_ILUMINA.pdf
589,1,Agencia Nacional de Infraestructura,2018-305-016871-1,CONSORCIO 4C,GP-7979,01/06/2018,Respuesta directriz solicitud Concesionario Informes interventoría - Rad 20184090545032- Contrato de Concesión No 003 de 2014. Concesión Girardot - Honda - Puerto Salgar.,15_04_Comunic_Recibidas/2018/CI004_GP-7979_090200_ANI_016871-1_DIREC_INF_INTERV.pdf
594,1,CONCESIÓN ALTO MAGDALENA S.A.S.,ALMA-2018-3957,CONSORCIO 4C,GP-8927,10/10/2018,"Respuesta a su comunicación CI.004/GP5290/18/7.4.6 del 27 de Septiembre de 2018 (Rad. Interno ALMA-2018-3416) Entrega de un (1) expediente para aprobación del Avalúo Comercial Corporativo, ALMA-4-0084.",15_04_Comunic_Recibidas/2018/CI004_GP-8927_070401_CON_3957_EXP_AVALUO.pdf
586,4,CONCESIÓN ALTO MAGDALENA S.A.S.,ALMA-2018-2495,CONSORCIO 4C,GP-8161,27/06/2018,Solicitud aplicación compensaciones socioeconómicas predio ALMA-2-163,15_04_Comunic_Recibidas/2018/CI004_GP-8161_070402_CON_2495_COMPENSA_ECONO.pdf
593,1,CONCESIÓN ALTO MAGDALENA S.A.S.,ALMA-2018-1823,CONSORCIO 4C,GP-7791,08/05/2018,Estados Financieros certificados al 31 de marzo de 2018 Concesión Alto Magdalena SAS.,15_04_Comunic_Recibidas/2018/CI004_GP-7791_070202_CON_1823_ESTAD_FINAN_310318.pdf
591,1,CONCESIÓN ALTO MAGDALENA S.A.S.,ALMA-2018-0703,CONSORCIO 4C,GP-7206,12/02/2018,Implantación Glorieta Norcasia UF5.,15_04_Comunic_Recibidas/2018/CI004_GP-7206_070107_CON_0703_IMPL_NORCASIA.pdf
592,14,CONCESIÓN ALTO MAGDALENA S.A.S.,ALMA-2018-4107,CONSORCIO 4C,GP-9005,25/10/2018,Respuesta comunicación CI.004/GP5421/18/7.1.3 (Radicado interno ALMA-R-2018-3276 del 19 de octubre de 2018.) Hallazgo Dovela Cierre y Dovela N° 22 - Nuevo Puente Puerto Salgar,15_04_Comunic_Recibidas/2018/CI004_GP-9005_070107_CON_4107_DOVEL_PTE_SALGAR.pdf
598,56,CONCESION ALTO MAGDALENA S.A.S.,ALMA-2018-0214,CONSORCIO 4C,GP-6937,16/01/2018,Informe ejecutivo de avance de ejecución predial del mes de diciembre de año 2017.,15_04_Comunic_Recibidas/2018/CI004_GP-6937_070401_CON_0214_INFO_PRDAL.pdf
595,1,Agencia Nacional de Infraestructura,2018-305-010619-1,CONSORCIO 4C,GP-7591,10/04/2018,Oficio radicado ANI 2018-409-030046-2 de 24/03/2018. Seguimiento Calidad Estación pesaje K9-UF2 Proyecto Girardot - Honda - Puerto Salgar. Contrato de Concesión 003 de 2014 - Concesión Alto Magdalena S.A.S.,15_04_Comunic_Recibidas/2018/CI004_GP-7591_070103_ANI_010619-1_SEGUI_PESAJE_K9.pdf
599,1,CONCESIÓN ALTO MAGDALENA S.A.S.,ALMA-2018-1770,CONSORCIO 4C,GP-8675,04/05/2018,Entrega de un (1) expediente de la Unidad Funcional 3 para revisión en la etapa de expropiación.,15_04_Comunic_Recibidas/2018/CI004_GP-8675_070404_CON_1770_EXP_EXPRO.pdf
597,1,CONCESIÓN ALTO MAGDALENA S.A.S.,ALMA-2018-0409,CONSORCIO 4C,GP-7106,26/01/2018,Entrega de un (1) expediente para aprobación del Avalúo Comercial Corporativo.,15_04_Comunic_Recibidas/2018/CI004_GP-7106_070401_CON_0409_EXP_AVALUO.pdf
600,12,CONCESION ALTO MAGDALENA S.A.S.,CI.004/GP4029/18/7.1.9,CONSORCIO 4C,GP-7886,24/05/2018,"Respuesta a oficio CI.004/GP4029/18/7.1.9. Radicado interno ALMA-R-2018-0820 Cierre Actas de Vecindad Unidades Funcionales 1, 2, y 4.",15_04_Comunic_Recibidas/2018/CI004_GP-7886_070109_CON_2015_ACTAS_VECINDAD_1_2_4.pdf
602,4,CONCESIÓN ALTO MAGDALENA S.A.S.,ALMA-2018-2206,CONSORCIO 4C,GP-8103,05/06/2018,Seguimiento a solicitudes de desenglobe catastral,15_04_Comunic_Recibidas/2018/CI004_GP-8103_070401_CON_2206_DESENGLO_CATASTRAL.pdf
603,2,CONCESIÓN ALTO MAGDALENA S.A.S.,ALMA-2018-3895,CONSORCIO 4C,GP-8914,08/10/2018,Respuesta a su comunicación CI.004/GP3382/17/7.1.7-7.1.8 (Rad. Interno ALMA-R-2017-03923 del 7 de noviembre de 2017). Permiso Ocupación de Cauce Box K84+410 UF3. Comunicación ALMA-2017-1558.,15_04_Comunic_Recibidas/2018/CI004_GP-8914_070108_CON_3895_OCUPA_CAUCE_BOX_K84.pdf
604,1,CONCESIÓN ALTO MAGDALENA S.A.S.,ALMA-2018-0268,CONSORCIO 4C,GP-6988,19/01/2018,Respuesta comunicación CI.004/GP3487/17/1.9 - Oficina Satélite Unidades Funcionales 1 y 2.,"15_04_Comunic_Recibidas/2018/CI004_GP-6988_070109_CON_0268_OFICINA_STLTE_UF1,2.pdf"
606,4,CONCESIÓN ALTO MAGDALENA S.A.S.,CI.004/GP5246/18/5.3,CONSORCIO 4C,GP-9178,14/11/2018,"Comunicación CI.004/GP5246/18/5.3 - Radicado ALMA-R-2018-3017 del 25 de septiembre de 2018. Incumplimiento de las Obligaciones Contempladas Principalmente en el Apéndice Técnico 6, numeral 4.1, literal (a)",15_04_Comunic_Recibidas/2018/CI004_GP-9178_050300_CON_4311_INCUMPLI_OBLIGA.pdf
601,84,Fiduciaria Bogotá,CSSA2018000160,CONSORCIO 4C,GP-6940,04/01/2018,INFORME MENSUAL NOVIEMBRE DE 2017 P.A. ALTO MAGDALENA,15_04_Comunic_Recibidas/2018/CI004_GP-6940_070202_FBTA_000160_INF_NOV17.pdf
610,1,CONCESIÓN ALTO MAGDALENA S.A.S.,ALMA-2018-3629,CONSORCIO 4C,GP-8797,17/09/2018,Entrega de un expediente predial de la unidad funcional 5 para aprobación.,15_04_Comunic_Recibidas/2018/CI004_GP-8797_070401_CON_3629_EXP_PREDIAL.pdf
596,2,CONCESIÓN ALTO MAGDALENA S.A.S.,CI004/GP4192/18/7.4.6,CONSORCIO 4C,GP-7407,15/03/2018,Respuesta a su comunicación identificada con el consecutivo CI.004/GP3847/18/7.4.1 del 07 de febrero de 2018 (ALMA-R-2018-0478). - Observaciones Revisión Avalúos Unidad Funcional 2.,15_04_Comunic_Recibidas/2018/CI004_GP-7407_070401_CON_1096_OBS_AVALUOS.pdf
611,1,CONCESIÓN ALTO MAGDALENA S.A.S.,ALMA-2018-4468,CONSORCIO 4C,GP-9282,27/11/2018,"Respuesta comunicado CI.004/GP5586/18/7.1.11 (rad. ALMA-R-2018-3589). PMT prueba de carga del puente P1 localizado en el PR04+800 de la Ruta Nacional 50-08, unidad funcional 4",15_04_Comunic_Recibidas/2018/CI004_GP-9282_070111_CON_4468_PMT_PTE_P1_UF4.pdf
609,3,CONCESIÓN ALTO MAGDALENA S.A.S.,ALMA-2018-0878,CONSORCIO 4C,GP-7308,26/02/2018,Alcance presentación de los formatos establecidos en el Numeral 4.5 Literal (u) Parte general del Contrato. Radicado ALMA-2018-0843,15_04_Comunic_Recibidas/2018/CI004_GP-7308_070202_CON_0878_GCSP-F009_ENE18.pdf
605,1,AGENCIA NACIONAL DE INFRAESTRUCTURA,2018-305-011694-1,CONSORCIO 4C,GP-7665,18/04/2018,Oficios con radicado ANI 2018-304-007330-1 y 2018-304-006332-1. Reiteración Solicitud de Conceptos. Proyecto Girardot - Honda - Puerto Salgar. Contrato de Concesión 003 de 2014 - Concesión Alto Magdalena S.A.S.,15_04_Comunic_Recibidas/2018/CI004_GP-7665_070114_ANI_011694-1_SCTD_CONCEP.pdf
615,2,CONCESIÓN ALTO MAGDALENA S.A.S.,ALMA-2018-2268,CONSORCIO 4C,GP-8038,08/06/2018,Respuesta a su comunicación CI.004/GP4506/18/7.1.1 - Radicado ALMA-R-2018-1689 del 28 de mayo de 2018. Seguimiento Plan Obras - Gestión Predial Peaje y Báscula UF 5.4.,15_04_Comunic_Recibidas/2018/CI004_GP-8038_070101_CON_2268_SEGUI_GES_PREDIAL_UF5.4.pdf
608,4,Agencia Nacional de Infraestructura,20183040417931,CONSORCIO 4C,GP-9377,13/12/2018,Aprobación de las Pólizas que ampara la Resolución No. 1211 del 09 de julio de 2018 - Radicado No. 20183040194803. Exp. 20163040280200459E. GIRARDOT - HONDA - PUERTO SALGAR.,15_04_Comunic_Recibidas/2018/CI004_GP-9377_070114_ANI_041793-1_APROBA_POLIZAS.pdf
616,2,CONCESION ALTO MAGDALENA S.A.S.,ALMA-2018-0329,CONSORCIO 4C,GP-7010,25/01/2018,Entrega de tres (3) expedientes prediales de la Unidad Funcional 2 para revisión del componente Social.,15_04_Comunic_Recibidas/2018/CI004_GP-7010_070402_CON_0329_EXP_PREDIAL.pdf
582,1,CONCESIÓN ALTO MAGDALENA S.A.S.,ALMA-2018-0608,CONSORCIO 4C,GP-7146,08/02/2018,Entrega de un (1) expediente para aprobación del Avalúo Comercial Corporativo.,15_04_Comunic_Recibidas/2018/CI004_GP-7146_070401_CON_0608_EXP_AVALUO.pdf
612,1,CONCESIÓN ALTO MAGDALENA S.A.S.,ALMA-2018-2759,CONSORCIO 4C,GP-8376,23/07/2018,"Reporte Reflectividad Puente Flandes sobre Río Magdalena UF1 y Centros Poblados (Garbanzal, El Porvenir, Las Islas) UF-2.",15_04_Comunic_Recibidas/2018/CI004_GP-8376_090300_CON_2759_REPORTE_REFLECT_UF1_2.pdf
607,5,AGENCIA NACIONAL DE INFRAESTRUCTURA,20183050416551,CONSORCIO 4C,GP-9365,13/12/2018,"Remisión memorando No. 2018-409-000043-4 ""Acciones Estratégicas y de Contingencia para el Plan de Movilidad y Seguridad Vial durante la temporada de fin de año e inicio de año 2018-2019"" - Contrato de Concesión No 003 de 2014. Concesión Girardot - Honda - Puerto Salgar.",15_04_Comunic_Recibidas/2018/CI004_GP-9365_070304_ANI_041655-1_SEG_VIAL_FIN_AÑO.pdf
614,1,CONCESIÓN ALTO MAGDALENA S.A.S.,ALMA-2018-1974,CONSORCIO 4C,GP-7871,21/05/2018,Su comunicación 2018-305-014661-1 fechada el 15 de mayo de 2018 – Radicado ALMA-R-2018-1601 del 21 de mayo de 2018. Oficio radicado ANI 2018-409-044646-2. Seguimiento Plan de Obras Conexión Vía Honda – La Dorada Ruta 4510 con La Vía Puerto Salgar – El Koran Ruta 4510.,15_04_Comunic_Recibidas/2018/CI004_GP-7871_070101_CON_1974_SEGUI_CONEX_HONDA.pdf
619,1,CONCESIÓN ALTO MAGDALENA S.A.S.,ALMA-2018-4510,CONSORCIO 4C,GP-9384,29/11/2018,Entrega del expediente ALMA-3-0120-1 para aprobación del Avalúo Comercial Corporativo.,15_04_Comunic_Recibidas/2018/CI004_GP-9384_070406_CON_4510_EXP_AVALUO.pdf
613,1,CONCESIÓN ALTO MAGDALENA S.A.S.,ALMA-2018-1992,CONSORCIO 4C,GP-7883,24/05/2018,Entrega de la Sabana Predial y Tira topográfica.,15_04_Comunic_Recibidas/2018/CI004_GP-7883_070401_CON_1992_SABAN_PREDIAL.pdf
620,2,CONCESION ALTO MAGDALENA S.A.S.,ALMA-2018-1686,CONSORCIO 4C,GP-7719,27/04/2018,Respuesta a su comunicación CI.004/GP4217/18/7.1.9 Radicado interno ALMA-R-2018-1160. Programación reuniones extraordinarias comunidad y autoridades locales UF5.,15_04_Comunic_Recibidas/2018/CI004_GP-7719_070109_CON_1686_PROG_REUN_UF5.pdf
621,1,CONCESIÓN ALTO MAGDALENA S.A.S.,ALMA-2018-1170,CONSORCIO 4C,GP-7492,14/03/2018,"Respuesta a su comunicación, CI.004/GP3975/18/7.4.6 del 23 de Febrero de 2018 (Rad. Interno ALMA-R-2018-0721), Entrega de un (1) expedientes prediales de la unidad funcional 3 para aprobación de Avalúo comercial corporativo.",15_04_Comunic_Recibidas/2018/CI004_GP-7492_070401_CON_1170_EXP_AVALUO.pdf
624,1,CONCESIÓN ALTO MAGDALENA S.A.S.,ALMA-2018-0726,CONSORCIO 4C,GP-7296,13/02/2018,Entrega de un (1) expediente de la Unidad Funcional 3 para revisión en la etapa de expropiación.,15_04_Comunic_Recibidas/2018/CI004_GP-7296_070404_CON_0726_EXP_EXPRO.pdf
617,5,CONCESIÓN ALTO MAGDALENA S.A.S.,ALMA-2018-3149,CONSORCIO 4C,GP-8535,15/08/2018,"Solicitud de Restitución de Bienes de Uso Público en el PR 39 + 014, Costado derecho sentido Guataquí - Beltrán.",15_04_Comunic_Recibidas/2018/CI004_GP-8535_070109_CON_3149_RESTITU_BIENES_PUB.pdf
625,1,CONCESIÓN ALTO MAGDALENA S.A.S.,ALMA-2018-3414,CONSORCIO 4C,GP-8709,03/09/2018,Entrega de un (1) expediente para aprobación del Avalúo Comercial Corporativo.,15_04_Comunic_Recibidas/2018/CI004_GP-8709_070406_CON_3414_EXP_AVALUO.pdf
623,2,CONCESIÓN ALTO MAGDALENA S.A.S.,ALMA-2018-0000,CONSORCIO 4C,GP-6866,02/01/2018,Su comunicación CI.004/GP3507/17/7.1.13 - Radicado ALMA-R-2017-04190 del 30 de noviembre de 2017. Resultados Resistencia al Deslizamiento.,15_04_Comunic_Recibidas/2018/CI004_GP-6866_070113_CON_0000_RESISTEN_DESLIZA.pdf
618,1,CONCESIÓN ALTO MAGDALENA S.A.S.,ALMA-2018-0916,CONSORCIO 4C,GP-7315,28/02/2018,PMT Glorieta Nuevo Puente Honda Costado Occidental – Unidad Funcional 5.2,15_04_Comunic_Recibidas/2018/CI004_GP-7315_070111_CON_0916_PMT_GLORIE_UF5.2.pdf
630,1,CONCESIÓN ALTO MAGDALENA S.A.S.,ALMA-2018-3377,CONSORCIO 4C,GP-8667,28/08/2018,Respuesta a su comunicación CI.004/GP4495/18/7.1.1 del 24 de mayo de 2018 (Radicado ALMA-R-2018-1782 del 05 de junio de 2018). Seguimiento Plan de Obras - Gestión Predial Acceso Puente Guarinó 5.2.,15_04_Comunic_Recibidas/2018/CI004_GP-8667_070107_CON_3377_GEST_PREDIAL_GUARINO.pdf
631,2,AGENCIA NACIONAL DE INFRAESTRUCTURA,2018-305-018859-1,CONSORCIO 4C,GP-8092,19/06/2018,Solicitud Concepto Técnico - Consulta Norma Sección Vial Tramo Urbano de la Ruta 45 sector urbano del Municipio de La Dorada con radicado ANI No 20184090579962 - Contrato de Concesión No 003 de 2014 - Girardot - Honda - Puerto Salgar.,15_04_Comunic_Recibidas/2018/CI004_GP-8092_070107_ANI_018859-1_TRAM_URBAN_RUTA45.pdf
622,1,AGENCIA NACIONAL DE INFRAESTRUCTURA,2018-305-004833-1,CONSORCIO 4C,GP-7240,16/02/2018,Radicados ANI No 2018-409-007075-2 y 2018-409-007073-2 de 24/01/2018. Concepto de Viabilidad Hoja de Vida Personal de Interventoría Proyecto Girardot – Honda – Puerto Salgar. Contrato de Interventoría 145 de 2014 - Consorcio 4C.,15_04_Comunic_Recibidas/2018/CI004_GP-7240_020200_ANI_004833-1_HV_CHC_CGS.pdf
628,1,CONCESIÓN ALTO MAGDALENA S.A.S.,ALMA-2018-1804,CONSORCIO 4C,GP-7788,07/05/2018,Entrega de un (1) expediente para aprobación del Avalúo Comercial Corporativo.,15_04_Comunic_Recibidas/2018/CI004_GP-7788_070406_CON_1804_EXP_AVALUO.pdf
634,2,CONCESIÓN ALTO MAGDALENA S.A.S.,ALMA-2017-5375,CONSORCIO 4C,GP-6858,22/12/2017,"Solicitud de autorización de levantamiento de veda para la modificación de la Licencia Ambiental Resolución No. 1684 del 24 de diciembre de 2015 para la Unidad Funcional 5, subsector 3, Expediente LAV0068-00-2015, del proyecto denominado ""Conexión vía Honda - La Dorada Ruta 4510 con la vía Puerto Salgar - El Koran Ruta 4510, incluye puente nuevo sobre el rio Magdalena.",15_04_Comunic_Recibidas/2018/CI004_GP-6858_070108_CON_5375_MODIFI_LICENCIA_AMBIEN_LAV0068-00-2015.pdf
635,1,CONCESIÓN ALTO MAGDALENA S.A.S.,ALMA-2018-1945,CONSORCIO 4C,GP-7902,16/05/2018,Entrega de seis (6) expedientes de la Unidad Funcional 4.2 y 5.1 para revisión en la etapa de expropiación.,15_04_Comunic_Recibidas/2018/CI004_GP-7902_070404_CON_1945_EXP_EXPRO.pdf
629,1,CONCESIÓN ALTO MAGDALENA S.A.S.,ALMA-2018-4462,CONSORCIO 4C,GP-9284,27/11/2018,Respuesta comunicación CI.004/GP5394/18/7.3.4 del 17 (Rad ALMA-R-2018-3244). Condiciones Riesgo Infraestructura Vial - UF4,15_04_Comunic_Recibidas/2018/CI004_GP-9284_070304_CON_4462_CONDI_RIESG_VIAL.pdf
626,1,CONCESIÓN ALTO MAGDALENA S.A.S.,ALMA-2018-3934,CONSORCIO 4C,GP-8924,09/10/2018,Dossier de Construcción Puente P7G de la Unidad Funcional 3.,15_04_Comunic_Recibidas/2018/CI004_GP-8924_070103_CON_3934_DOSSIER_PTE_P7G_UF3.pdf
637,1,CONCESIÓN ALTO MAGDALENA S.A.S.,ALMA-2018-2091,CONSORCIO 4C,GP-7927,29/05/2018,Entrega de un (1) expediente para aprobación del Avalúo Comercial Corporativo.,15_04_Comunic_Recibidas/2018/CI004_GP-7927_070406_CON_2091_EXP_AVALUO.pdf
632,1,Agencia Nacional de Infraestructura,2018-305-002195-1,CONSORCIO 4C,GP-7046,25/01/2018,"Oficio radicado ANI 2018-409-000682-2. Saneamiento Obligación Incumplida Apéndice Técnico 2, Capitulo 3, Numeral 3, Sub numerales 3.1, 3.1.1, 3.1.5, 3.3.1, continuidad del servicio y seguridad vial en el Puente P16G localizado en el K60+550. Proyecto Girardot - Honda - Puerto Salgar. Contrato de Concesión 003 de 2014 - Concesión Alto Magdalena S.A.S.",15_04_Comunic_Recibidas/2018/CI004_GP-7046_050300_ANI_002195-1_PTE_P16G.pdf
633,1,CONCESIÓN ALTO MAGDALENA S.A.S.,ALMA-2018-0234,CONSORCIO 4C,GP-6985,16/01/2018,"Respuesta a su comunicación, Cl.004/GP3707/18/7.4.1 del 4 de Enero de 2018 (Rad. Interno ALMA-R-2018-0105), Entrega de un (1) expediente predial de la unidad funcional 3 para aprobación de ficha predial.",15_04_Comunic_Recibidas/2018/CI004_GP-6985_070401_CON_0234_EXP_PREDIAL.pdf
638,1,CONCESIÓN ALTO MAGDALENA S.A.S.,ALMA-2018-0162,CONSORCIO 4C,GP-7026,12/01/2018,Entrega de un (1) expediente de la Unidad Funcional 2 para revisión en la etapa de expropiación.,15_04_Comunic_Recibidas/2018/CI004_GP-7026_070404_CON_0162_EXPD_EXPROPI.pdf
641,1,CONCESIÓN ALTO MAGDALENA S.A.S.,ALMA-2018-1163,CONSORCIO 4C,GP-7486,14/03/2018,"Respuesta a su comunicación, CI.004/GP3834/18/7.4.1 del 01 de Febrero de 2018 (Rad. Interno ALMA-R-2018-0422), Entrega de un (1) expedientes prediales de la unidad funcional 3 para aprobación de Avalúo comercial corporativo.",15_04_Comunic_Recibidas/2018/CI004_GP-7486_070401_CON_1163_EXP_AVALUO.pdf
643,1,CONCESIÓN ALTO MAGDALENA S.A.S.,ALMA-2018-1872,CONSORCIO 4C,GP-7846,15/05/2018,Entrega de dos (2) expedientes prediales de la unidad funcional 4.2 para aprobación.,15_04_Comunic_Recibidas/2018/CI004_GP-7846_070401_CON_1872_EXP_PREDIAL.pdf
639,12,CONCESIÓN ALTO MAGDALENA S.A.S.,ALMA-2018-2228,CONSORCIO 4C,GP-8008,07/06/2018,"Notificación evento eximente de responsabilidad - Hallazgo Arqueológico en la Unidad Funcional 5.1, abscisa K130+450 durante las actividades de nivelación con maquinaria pesada en zona urbana del corregimiento de Puerto Bogotá.",15_04_Comunic_Recibidas/2018/CI004_GP-8008_050300_CON_2228_EER_HALLAZ_ARQUEO_UF5.pdf
636,1,CONCESIÓN ALTO MAGDALENA S.A.S.,ALMA-2018-0731,CONSORCIO 4C,GP-7214,14/02/2018,Procedimiento para Izaje de Vigas Puente Puerto Salgar.,15_04_Comunic_Recibidas/2018/CI004_GP-7214_070103-070110_CON_0731_IZA_VIG_PTE_UF5.pdf
642,2,CONCESIÓN ALTO MAGDALENA S.A.S.,ALMA-2018-4572,CONSORCIO 4C,GP-9275,04/12/2018,Respuesta a su comunicación CI.004/GP5535/18/7.5 (Rad. ALMA-R-2018-3524 - 8/11/2018) - Memoria Técnica de Construcción UF3,15_04_Comunic_Recibidas/2018/CI004_GP-9275_070500_CON_4572_MEMOTEC_UF3.pdf
647,1,CONCESIÓN ALTO MAGDALENA S.A.S.,ALMA-2018-4563,CONSORCIO 4C,GP-9274,03/12/2018,Comunicación CI.004/GP5558/18/7.4.1 – Radicado ALMA-R-2018-3564 del 16 de noviembre de 2018. Seguimiento Compromisos Comité Predial octubre 2018.,15_04_Comunic_Recibidas/2018/CI004_GP-9274_070401_CON_4563_COMPRO_COMIT_PREDIAL.pdf
640,1,AGENCIA NACIONAL DE INFRAESTRUCTURA,2018-305-001858-1,CONSORCIO 4C,GP-7000,22/01/2018,Oficio radicado ANI 2017-409-94195-2. Saneamiento Obligación Incumplida Literales (b) y (r) Sección 4.5 Parte General Contrato de Concesión Proyecto Girardot - Honda - Puerto Salgar. Contrato de Concesión 003 de 2014 - Concesión Alto Magdalena S.A.S.,15_04_Comunic_Recibidas/2018/CI004_GP-7000_050300_ANI_001858-1_OFICIO.pdf
649,27,CONCESIÓN ALTO MAGDALENA S.A.S.,ALMA-2018-1859,CONSORCIO 4C,GP-7817,15/05/2018,"Formato GCSP-F-008 - Alcance al Informe Semestral Inversión de Capital Privado, segundo semestre de 2017.",15_04_Comunic_Recibidas/2018/CI004_GP-7817_070208_CON_1859_INF_GCSP-F008_IISEM17.pdf
646,1,CONCESIÓN ALTO MAGDALENA S.A.S.,ALMA-2018-2263,CONSORCIO 4C,GP-8151,12/06/2018,Entrega de un (1) expediente para aprobación del Avalúo Comercial Corporativo de la unidad funcional 3.,15_04_Comunic_Recibidas/2018/CI004_GP-8151_070406_CON_2263_EXP_AVALUO.pdf
644,1,CONCESIÓN ALTO MAGDALENA S.A.S.,ALMA-2018-4303,CONSORCIO 4C,GP-9375,14/11/2018,"Entrega expediente para aprobación del Avalúo Comercial Corporativo, ALMA-5-0106.",15_04_Comunic_Recibidas/2018/CI004_GP-9375_070406_CON_4303_EXP_AVALUO.pdf
648,2,Agencia Nacional de Infraestructura,2018-604-022647-1,CONSORCIO 4C,GP-8366,19/07/2018,Proyecto de Concesión CONCESION HONDA - GIRARDOT - PUERTO SALGAR - Contrato de Interventoría No. 145 del 2014. Remisión Guía de Adquisición Predial.,15_04_Comunic_Recibidas/2018/CI004_GP-8366_070401_ANI_022647-1_GUIA_ADQUI_PREDIAL.pdf
650,3,Fiduciaria Bogotá,CSSA2018005815,CONSORCIO 4C,GP-7494,22/02/2018,ALCANCE INFORME DICIEMBRE DE 2017 Y RENDICION DE CUENTAS SEMESTRAL CON CORTE AL 31 DE DICIEMBRE DE 2017 P.A. ALTO MAGDALENA 3-163664,15_04_Comunic_Recibidas/2018/CI004_GP-7494_070201_FBTA_005815_ALC_INF_DIC.pdf
645,1,CONCESIÓN ALTO MAGDALENA S.A.S.,ALMA-2018-3924,CONSORCIO 4C,GP-8906,09/10/2018,"Entrega de un (1) expediente predial ALMA-3-0015-6 de la unidad funcional 3 con componente Social, para revisión y aprobación.",15_04_Comunic_Recibidas/2018/CI004_GP-8906_070402_CON_3924_EXP_SOCIAL.pdf
651,2,CONCESIÓN ALTO MAGDALENA S.A.S.,ALMA-2018-3023,CONSORCIO 4C,GP-8508,08/08/2018,Solicitud muestreo elementos de reposición correspondiente al tercer año de ejecución del convenio de Cooperación entre Policía Nacional y Concesión Alto Magdalena S.A.S.,15_04_Comunic_Recibidas/2018/CI004_GP-8508_050300_CON_3023_CONV_PONAL_CONCESION.pdf
653,1,CONCESION ALTO MAGDALENA S.A.S.,ALMA-2018-1617,CONSORCIO 4C,GP-7778,23/04/2018,Entrega de un (1) expediente para aprobación del Avalúo Comercial Corporativo de la unidad funcional 3.,15_04_Comunic_Recibidas/2018/CI004_GP-7778_070406_CON_1617_EXP_AVALUO.pdf
652,2,CONCESIÓN ALTO MAGDALENA S.A.S.,ALMA-2018-0850,CONSORCIO 4C,GP-7282,22/02/2018,Actualización Plan de Obras – Versión V06.,15_04_Comunic_Recibidas/2018/CI004_GP-7282_070101_CON_0850_PLAN_OBRAS_V06.pdf
627,1,CONCESIÓN ALTO MAGDALENA S.A.S.,ALMA-2018-1947,CONSORCIO 4C,GP-7921,18/05/2018,"Respuesta a su comunicación, CI.004/GP4307/18/7.4.1 del 16 de Marzo de 2018 (Rad. Interno ALMA-R-2018-1310), Entrega de un (1) expediente predial de la unidad funcional 3 para aprobación de ficha predial.",15_04_Comunic_Recibidas/2018/CI004_GP-7921_070401_CON_1947_EXP_PREDIAL.pdf
656,1,VRC INGENIERÍA LTDA,VRC-4C-011,CONSORCIO 4C,GP-8298,07/06/2018,OBSERVACIONES PLAN DE MANEJO DE TRÁFICO PARA LA CONSTRUCCIÓN DE LOS PUENTES DORADITAS Y GALLERAS – UF5.2,15_04_Comunic_Recibidas/2018/CI004_GP-8298_070111_VRC_011_PMT_PTES_UF5.2.pdf
655,1,Fiduciaria Bogotá,CSSA2018025331,CONSORCIO 4C,GP-9094,24/08/2018,REMISIÓN SOPORTES – ORDENES DE OPERACIÓN FIDEICOMISO P.A. ALTO MAGDALENA 3-1-63664,15_04_Comunic_Recibidas/2018/CI004_GP-9094_070202_FBTA_025331_SOPORT_ORDEN_OPERA.pdf
660,5,CONCESIÓN ALTO MAGDALENA S.A.S.,ALMA-2018-4401,CONSORCIO 4C,GP-9208,20/11/2018,Respuesta comunicaciones CI.004/GP4966/18/9.3 del 08 de agosto de 2018 (Rad. ALMA-R-2018-2508) y CI.004/GP5531/18/5.3 del 08 de noviembre de 2018 (Radi ALMA-R-2018-3520). Listado de Correcciones y Complementos UF1.,15_04_Comunic_Recibidas/2018/CI004_GP-9208_090300_CON_4401_PDTES_UF1.pdf
661,1,CONCESIÓN ALTO MAGDALENA S.A.S.,ALMA-2018-4498,CONSORCIO 4C,GP-9292,27/11/2018,Respuesta comunicación CI.004/GP5497/18/7.1.3 del 31 de octubre de 2018 (Radicado ALMA-R-2018-3462). Calidad Reparación Cabezales Vigas Postensadas - Puentes UF5.4.,15_04_Comunic_Recibidas/2018/CI004_GP-9292_070103_CON_4498_VIG_PTES_UF5.4.pdf
662,12,CONCESIÓN ALTO MAGDALENA S.A.S.,ALMA-2018-0120,CONSORCIO 4C,GP-6931,11/01/2018,Respuesta radicado 07182100043 Entrega Documentos adicionales trámite Licenciamiento Ambiental Autorización Temporal SCV-09031.,15_04_Comunic_Recibidas/2018/CI004_GP-6931_070108_CON_0120_DCTOS_LICENCIA_AMBIENTAL_EXP_SCV-09031.pdf
663,6,CONCESIÓN ALTO MAGDALENA S.A.S.,ALMA-2018-4275,CONSORCIO 4C,GP-9126,14/11/2018,Solicitud de celeridad procesal para liberación de Bienes de uso público.,15_04_Comunic_Recibidas/2018/CI004_GP-9126_070109_CON_4275_LIBERA_BIENES_PUB.pdf
659,1,CONCESIÓN ALTO MAGDALENA S.A.S.,ALMA-2018-2406,CONSORCIO 4C,GP-8141,22/06/2018,Su comunicación CI.004/GP4290/18/7.1.11 - Radicado ALMA-R-2018-1275 del 18 de abril de 2018. PMT Glorieta la Melisa.,15_04_Comunic_Recibidas/2018/CI004_GP-8141_070111_CON_2406_PMT_GLORIET_LMELISA.pdf
654,1,CONCESIÓN ALTO MAGDALENA S.A.S.,ALMA-2018-3000,CONSORCIO 4C,GP-8480,06/08/2018,Respuesta comunicación CI.004/GP4845/18/7.1.8 del 19 de julio de 2018 (Radicado interno ALMA-R-2018-2296 del 19 de julio de 2018). Informe de Cumplimiento Ambiental - ICA 5 UF 4.1 Respuesta ALMA-2018-1079.,15_04_Comunic_Recibidas/2018/CI004_GP-8480_070108_CON_3000_INF_CUMPLI_AMB.pdf
657,1,CONCESIÓN ALTO MAGDALENA S.A.S.,ALMA-2018-0987,CONSORCIO 4C,GP-7472,05/03/2018,Respuesta a su Oficio No. CI.004/GP3839/18/7.4.4 relacionado con la entrega de un (1) expediente de la Unidad Funcional 3 para revisión en la etapa de expropiación.,15_04_Comunic_Recibidas/2018/CI004_GP-7472_070404_CON_0987_EXP_EXPRO.pdf
664,5,Consorcio 4C,ANI-038814-1,CONSORCIO 4C,GP-9219,21/11/2018,"Respuesta a oficio con radicado ANI No. 20184090994412 del 26/09/2018 - No Objeción Plazo de cura otras obligaciones del proyecto - Incumplimiento de las Obligaciones Contempladas, Principalmente en el Apéndice Técnico 6, numeral 4.1, literal (a) - Contrato de Concesión No 003 de 2014 - Girardot - Honda - Puerto Salgar.",15_04_Comunic_Recibidas/2018/CI004_GP-9219_070108-050300_ANI_038814-1_PLAZO_CURA.pdf
665,1,CONCESIÓN ALTO MAGDALENA S.A.S.,ALMA-2018-1744,CONSORCIO 4C,GP-7770,02/05/2018,"Entrega de un (1) expediente predial de la unidad funcional 4, para aprobación de ficha predial.",15_04_Comunic_Recibidas/2018/CI004_GP-7770_070401_CON_1744_EXP_PREDIAL.pdf
669,1,CONCESIÓN ALTO MAGDALENA S.A.S.,ALMA-2018-4511,CONSORCIO 4C,GP-9385,29/11/2018,Entrega del expediente ALMA-3-0119-1 para aprobación del Avalúo Comercial Corporativo.,15_04_Comunic_Recibidas/2018/CI004_GP-9385_070406_CON_4511_EXP_AVALUO.pdf
668,1,CONCESION ALTO MAGDALENA S.A.S.,ALMA-2018-1564,CONSORCIO 4C,GP-7676,20/04/2018,Entrega de un (1) expediente de la Unidad Funcional 2 para revisión en la etapa de expropiación.,15_04_Comunic_Recibidas/2018/CI004_GP-7676_070404_CON_1564_EXP_EXPRO.pdf
667,1,CONCESIÓN ALTO MAGDALENA S.A.S.,ALMA-2018-2894,CONSORCIO 4C,GP-8424,30/07/2018,Respuesta comunicación CI.004/GP2898/17/7.1.3 del 30 agosto de 2017 (Radicado ALMA-R-2017-02912) Solicitud Información Personal Equipos.,15_04_Comunic_Recibidas/2018/CI004_GP-8424_070103_CON_2894_INFO_PERSNAL_EQUIP.pdf
670,1,CONCESIÓN ALTO MAGDALENA S.A.S.,ALMA-2018-2837,CONSORCIO 4C,GP-8398,25/07/2018,Cumplimiento obligaciones pendientes Cierre Ambiental UF 1.,15_04_Comunic_Recibidas/2018/CI004_GP-8398_070108_CON_2837_PDTES_CIERRE_AMB_UF1.pdf
673,1,CONCESION ALTO MAGDALENA S.A.S.,ALMA-2018-2302,CONSORCIO 4C,GP-8048,13/06/2018,Su comunicación CI.004/GP4576/18/7.1.3 – Radicado ALMA-R-2018-1823 del 05 de junio de 2018. Seguimiento Calidad Procesos Constructivos Taludes UF 5.4.,15_04_Comunic_Recibidas/2018/CI004_GP-8048_070103_CON_2302_SEGUI_TALUD_UF5.4.pdf
666,1,AGENCIA NACIONAL DE INFRAESTRUCTURA,2018-305-014663-1,CONSORCIO 4C,GP-7825,15/05/2018,Oficio radicado ANI 2018-40-9044617-2. Seguimiento Calidad Ciclorruta-UF2 Proyecto Girardot - Honda - Puerto Salgar. Contrato de Concesión 003 de 2014 - Concesión Alto Magdalena S.A.S.,15_04_Comunic_Recibidas/2018/CI004_GP-7825_090300_ANI_014663-1_SEGUI_CICLORUT_UF2.pdf
674,1,CONCESION ALTO MAGDALENA S.A.S.,ALMA-2018-0650,CONSORCIO 4C,GP-7159,08/02/2018,"Entrega de un (1) expediente predial de la unidad funcional 3, para aprobación de ficha predial (Titulo Minero).",15_04_Comunic_Recibidas/2018/CI004_GP-7159_070401_CON_0650_EXP_PREDI_UF3.pdf
672,1,CONCESIÓN ALTO MAGDALENA S.A.S.,ALMA-2018-3385,CONSORCIO 4C,GP-8650,29/08/2018,Entrega de un (1) expediente para aprobación del Avalúo Comercial Corporativo de la unidad funcional 3.,15_04_Comunic_Recibidas/2018/CI004_GP-8650_070406_CON_3385_EXP_AVALUO.pdf
678,3,CONCESIÓN ALTO MAGDALENA S.A.S.,ALMA-2018-3343,CONSORCIO 4C,GP-8684,27/08/2018,"Entrega soportes correspondientes a Pagos de Seguridad Social para el mes de junio de 2018 y Pago de Salarios del mes de mayo de 2018, e ingreso de personal.",15_04_Comunic_Recibidas/2018/CI004_GP-8684_070110_CON_3343_PAG_SEGYSAL_JUN_MAY.pdf
658,1,AGENCIA NACIONAL DE INFRAESTRUCTURA,2018-305-020535-1,CONSORCIO 4C,GP-8221,04/07/2018,Respuesta alcance solicitud comunicación radicado ANI No 20184090565602 del 07 de Junio de 2018 – Expediente IUS-E-2017-847785 IUC-D-2017-1034105 – Contrato de Concesión No 003 de 2014 – Girardot – Honda – Puerto Salgar.,15_04_Comunic_Recibidas/2018/CI004_GP-8221_050300_ANI_020535-1_CONTRA_ESTATAL.pdf
732,1,CONCESIÓN ALTO MAGDALENA S.A.S.,ALMA-2018-2583,CONSORCIO 4C,GP-8244,05/07/2018,Concepto Técnico Conformación Talud K30+940 al K31+010 - Unidad Funcional 2.,15_04_Comunic_Recibidas/2018/CI004_GP-8244_090300_CON_2583_TALUD_K30_K31_UF2.pdf
733,1,CONCESION ALTO MAGDALENA S.A.S.,ALMA-2018-0652,CONSORCIO 4C,GP-7167,08/02/2018,"Entrega de un (1) expediente predial de la unidad funcional 3, para aprobación de ficha predial (Titulo Minero).",15_04_Comunic_Recibidas/2018/CI004_GP-7167_070401_CON_0652_EXP_TITU_MINERO.pdf
736,1,CONCESIÓN ALTO MAGDALENA S.A.S.,ALMA-2018-3086,CONSORCIO 4C,GP-8511,10/08/2018,Comunicación 20183050232791 fechada el 26 de julio de 2018 – Radicado ALMA-R-2018-2502 del 06 de agosto de 2018 y Oficio radicado ANI 20184090734902 del 19 de julio de 2018. Seguimiento Recomendación Prevención de Riesgos bloques zona lateral – K5+700 UF2.,15_04_Comunic_Recibidas/2018/CI004_GP-8511_070103_CON_3086_PREVE_RIESG_BLOQ_K5.pdf
735,1,CONCESIÓN ALTO MAGDALENA S.A.S.,ALMA-2018-0938,CONSORCIO 4C,GP-7747,28/02/2018,Entrega de un (1) expediente para aprobación del Avalúo Comercial Corporativo.,15_04_Comunic_Recibidas/2018/CI004_GP-7747_070406_CON_0938_EXP_AVALUO.pdf
737,1,CONCESIÓN ALTO MAGDALENA S.A.S.,ALMA-2018-1879,CONSORCIO 4C,GP-7839,10/05/2018,Su comunicación CI.004/GP4362/18/7.1.1 – Radicado ALMA-R-2018-1419 del 03 de mayo de 2018. Seguimiento Plan de Obras Conexión Vía Honda – La Dorada Ruta 4510 con La Vía Puerto Salgar – El Koran Ruta 4510,15_04_Comunic_Recibidas/2018/CI004_GP-7839_070101_CON_1879_SEGUI_CONEX_VIA.pdf
738,11,CONCESIÓN ALTO MAGDALENA S.A.S.,ALMA-2018-3437,CONSORCIO 4C,GP-8672,03/09/2018,"Solicitud Permisos de Intervención en predios Baldíos Puerto Bogotá, requeridos para la ejecución del proyecto Corredor Honda – Puerto Salgar – Girardot.",15_04_Comunic_Recibidas/2018/CI004_GP-8672_070401_CON_3437_INTERV_PREDIOS_VLDIOS.pdf
734,1,CONCESIÓN ALTO MAGDALENA S.A.S.,ALMA-2018-2582,CONSORCIO 4C,GP-8243,05/07/2018,Concepto Técnico Conformación Talud K25+300 al K25+380 - Unidad Funcional 2.,15_04_Comunic_Recibidas/2018/CI004_GP-8243_090300-070104_CON_2582_TALUD_K25_UF2.pdf
741,1,CONCESIÓN ALTO MAGDALENA S.A.S.,ALMA-2018-0583,CONSORCIO 4C,GP-7135,05/02/2018,"Entrega de un (1) expediente predial de la unidad funcional 3, para aprobación de ficha predial (Titulo Minero).",15_04_Comunic_Recibidas/2018/CI004_GP-7135_070401_CON_0583_EXP_TITU_MINERO.pdf
743,1,CONCESIÓN ALTO MAGDALENA S.A.S.,ALMA-2018-2109,CONSORCIO 4C,GP-7961,28/05/2018,"Información Adicional Auto No. 214 del 24 de mayo de 2018, Expediente ATV 0788",15_04_Comunic_Recibidas/2018/CI004_GP-7961_070108_CON_2109_INFO_AUTO_214.pdf
742,2,CONCESION ALTO MAGDALENA S.A.S.,ALMA-2018-0825,CONSORCIO 4C,GP-7248,20/02/2018,Respuesta a su comunicación CI.004/GP3625/17/7.4.1 del 22 de septiembre de 2017 (Rad. Interno 04469 del 26 de diciembre de 2017); Entrega de nueve (9) expedientes prediales de la unidad funcional 5 para aprobación.,15_04_Comunic_Recibidas/2018/CI004_GP-7248_070401_CON_0825_EXP_PREDIAL.pdf
740,2,CONCESIÓN ALTO MAGDALENA S.A.S.,ALMA-2018-3174,CONSORCIO 4C,GP-8612,17/08/2018,"Respuesta al oficio CI.004/GP4794/18/7.4.1, con fecha 12 de julio de 2018 y radicado interno ALMA-R-2018-2236, con fecha 13 de julio de 2018.",15_04_Comunic_Recibidas/2018/CI004_GP-8612_070401_CON_3174_EXP_PREDIAL.pdf
746,9,CONCESIÓN ALTO MAGDALENA S.A.S.,ALMA-2018-2428,CONSORCIO 4C,GP-8171,22/06/2018,Respuesta a su comunicación CI.004/GP1695/17/7.1.3 del 12 de enero de 2017 (radicado interno ALMA-R-2017-00121 del 13 de enero de 2017). Inicio de la construcción del Box Coulvert localizado en el K84+032. Respuesta a ALMA-2017-0057.,15_04_Comunic_Recibidas/2018/CI004_GP-8171_070108_CON_2428_BOX_COULVERT_K84.pdf
745,1,AGENCIA NACIONAL DE INFRAESTRUCTURA,2018-305-016212-1,CONSORCIO 4C,GP-7934,28/05/2018,Oficio radicado ANI 2018-409-050123-2 de 21/05/2018. Funcionamiento del SICC. Proyecto Girardot - Honda - Puerto Salgar. Contrato de Concesión 003 de 2014 - Concesión Alto Magdalena S.A.S.,15_04_Comunic_Recibidas/2018/CI004_GP-7934_070303_ANI_016212-1_FUNCION_SICC.pdf
739,1,CONCESIÓN ALTO MAGDALENA S.A.S.,ALMA-2018-2588,CONSORCIO 4C,GP-8246,05/07/2018,Respuesta a su comunicación CI.004/GP3390/17/7.1.7-7.1.8 del 08 de noviembre de 2017 (Rad. Interno ALMA-R-2017-03933 de 08 de noviembre de 2017). Revisión Ocupación de Cauce Box K61+691 UF3. Comunicación ALMA-2017-1556.,15_04_Comunic_Recibidas/2018/CI004_GP-8246_070108-070107_CON_2588_OCUP_CAUCE_K61.pdf
747,1,CONCESIÓN ALTO MAGDALENA S.A.S.,ALMA-2018-1808,CONSORCIO 4C,GP-7894,07/05/2018,Entrega de un (1) expediente para aprobación del Avalúo Comercial Corporativo.,15_04_Comunic_Recibidas/2018/CI004_GP-7894_070406_CON_1808_EXP_AVALUO.pdf
752,1,CONCESIÓN ALTO MAGDALENA S.A.S.,ALMA-2018-0709,CONSORCIO 4C,GP-7776,12/02/2018,Entrega de un (1) expediente para aprobación del Avalúo Comercial Corporativo de la unidad funcional 3.,15_04_Comunic_Recibidas/2018/CI004_GP-7776_070406_CON_0709_EXP_AVALUO.pdf
744,1,CONCESION ALTO MAGDALENA S.A.S.,ALMA-2018-0701,CONSORCIO 4C,GP-7197,12/02/2018,"Respuesta a su comunicado CI.004/GP3772/1877.1.9 24 de enero de 2018 Radicado interno ALMA-R-2018-0308 del 24 de enero de 2018, PQRS-UF2-2018-263 - Derecho de petición Señor Janer Perdomo López.",15_04_Comunic_Recibidas/2018/CI004_GP-7197_070109_CON_0701_DP_JPERDOMO.pdf
750,1,,,CONSORCIO 4C,GP-6880,05/01/2018,Escritura predio california #2,15_04_Comunic_Recibidas/2018/CI004_GP-6880_070401-070109_SIN_NUMERO_PQRS_MLOURDES.pdf
749,2,AGENCIA NACIONAL DE INFRAESTRUCTURA,2018-305-012137-1,CONSORCIO 4C,GP-7694,23/04/2018,Cumplimiento especificaciones técnicas. Puente sobre el Río Magdalena UF1 – Contrato de Concesión No 003 de 2014. Concesión Girardot – Honda – Puerto Salgar.,15_04_Comunic_Recibidas/2018/CI004_GP-7694_070107-050300_ANI_012137-1_PTE_UF1.pdf
748,4,CONCESIÓN ALTO MAGDALENA S.A.S.,ALMA-2018-4326,CONSORCIO 4C,GP-9343,15/11/2018,GCSP-F-001 Informe de Mantenimiento de Bienes de uso Público del mes de Octubre de 2018.,15_04_Comunic_Recibidas/2018/CI004_GP-9343_070202_CON_4326_FOR_GCSP_F001_OCT.pdf
753,1,Fiduciaria Bogota,CSSA2018020641,CONSORCIO 4C,GP-8464,18/07/2018,INFORME MENSUAL DEL 1 AL 30 DEJUNIO DE 2018 FIDEICOMISO FIDUBOGOTA-CONCESION ALTO MAGDALENA 3-1-63664,15_04_Comunic_Recibidas/2018/CI004_GP-8464_070202_FBTA_020641_INF_MEN_JUN.pdf
756,1,CONCESIÓN ALTO MAGDALENA S.A.S.,ALMA-2018-1826,CONSORCIO 4C,GP-7792,09/05/2018,Entrega de un (1) expediente para aprobación del Avalúo Comercial Corporativo.,15_04_Comunic_Recibidas/2018/CI004_GP-7792_070406_CON_1826_EXP_AVALUO.pdf
731,1,CONCESIÓN ALTO MAGDALENA S.A.S.,ALMA-2018-2889,CONSORCIO 4C,GP-8408,30/07/2018,Entrega de un (1) expediente para aprobación del Avalúo Comercial Corporativo.,15_04_Comunic_Recibidas/2018/CI004_GP-8408_070406_CON_2889_EXP_AVALUO.pdf
754,1,CONCESIÓN ALTO MAGDALENA S.A.S.,ALMA-2018-3723,CONSORCIO 4C,GP-8795,24/09/2018,"Respuesta al oficio CI.004/GP5174/18/7.4.1, radicado ALMA-R-2018-2879 del 13/09/2018 – Entrega expedientes prediales.",15_04_Comunic_Recibidas/2018/CI004_GP-8795_070401_CON_3723_EXP_PREDIAL.pdf
755,5,,,CONSORCIO 4C,GP-6920,29/12/2017,Respuesta a comunicación de fecha 21 de diciembre de 2017 - ALMA-2017-5352,15_04_Comunic_Recibidas/2018/CI004_GP-6920_070109_SIN_NUMERO__PQRS_JUAN_GUALDRON.pdf
757,2,CONCESIÓN ALTO MAGDALENA S.A.S.,ALMA-2018-2554,CONSORCIO 4C,GP-8199,29/06/2018,Entrega del Formato ANI-GCSP-F-203 Informe Ejecutivo - junio de 2018,15_04_Comunic_Recibidas/2018/CI004_GP-8199_070402_CON_2554_FOR_GCSP-F203_JUN.pdf
759,1,CONCESIÓN ALTO MAGDALENA S.A.S.,ALMA-2018-1589,CONSORCIO 4C,GP-7710,,Entrega de un (1) expediente de la Unidad Funcional 2 para revisión en la etapa de expropiación.,15_04_Comunic_Recibidas/2018/CI004_GP-7710_070404_CON-1589_EXP_EXPRO.pdf
761,1,CONCESIÓN ALTO MAGDALENA S.A.S.,ALMA-2018-2867,CONSORCIO 4C,GP-8435,27/07/2018,Entrega de un (1) expediente de la Unidad Funcional 2 para revisión en la etapa de expropiación.,15_04_Comunic_Recibidas/2018/CI004_GP-8435_070404_CON_2867_EXP_EXPRO.pdf
758,1,CONCESIÓN ALTO MAGDALENA S.A.S.,ALMA-2018-0506,CONSORCIO 4C,GP-7120,02/02/2018,Guía de Usuario Carros de Avance - Puente Puerto Salgar sobre Río Magdalena UF5.,15_04_Comunic_Recibidas/2018/CI004_GP-7120_070103_CON_0506_CARR_AVANC_PTE_UF5.pdf
760,3,CONCESIÓN ALTO MAGDALENA S.A.S.,ALMA-2018-3282,CONSORCIO 4C,GP-8598,21/08/2018,Alcance a nuestra comunicación ALMA-2018-1913 del 18 de mayo de 2018 - Notificación evento eximente de responsabilidad - Hallazgo Arqueológico en la Unidad Funcional 5.1 abscisa K130+720 durante las actividades de monitoreo.,15_04_Comunic_Recibidas/2018/CI004_GP-8598_070109_CON_3282_EER_HALLAZ_K130+720.pdf
764,1,CONCESION ALTO MAGDALENA S.A.S.,ALMA-2018-1390,CONSORCIO 4C,GP-7577,06/04/2018,"Respuesta a su comunicación, CI.004/GP4096/18/7.4.1 del 16 de Marzo de 2018 (Rad. Interno ALMA-R-2018-0939), Entrega de un (1) expediente predial de la unidad funcional 3 para aprobación de ficha predial.",15_04_Comunic_Recibidas/2018/CI004_GP-7577_070401_CON_1390_EXP_PREDIAL.pdf
763,1,Agencia Nacional de Infraestructura,2018-305-009456-1,CONSORCIO 4C,GP-7505,26/03/2018,Oficio radicado ANI 2018-409-024260-2 de 08/03/2018. Medición Niveles Servicio Febrero 2018 Proyecto Girardot - Honda - Puerto Salgar. Contrato de Concesión 003 de 2014 - Concesión Alto Magdalena S.A.S.,15_04_Comunic_Recibidas/2018/CI004_GP-7505_070303_ANI_009456-1_NIVEL_SERVI_FEB.pdf
765,1,CONCESIÓN ALTO MAGDALENA S.A.S.,ALMA-2018-4157,CONSORCIO 4C,GP-9049,29/10/2018,Respuesta comunicación CI.004/GP5343/18/7.1.3 del 11 de octubre de 2018 (Rad ALMA-R-2018-3173.) Degradación Talud Terraplén K13+360 al K13+500 UF 5.4.,15_04_Comunic_Recibidas/2018/CI004_GP-9049_070103_CON_4157_DEGRA_TALUD_K13.pdf
769,1,CONCESIÓN ALTO MAGDALENA S.A.S.,ALMA-2018-1598,CONSORCIO 4C,GP-7684,,Respuesta a su comunicación identificada con el consecutivo CI.004/GP4136/18/7.4.4 del 23 de marzo de 2018. (ALMA-R-2018-1014 del 27 de marzo de 2018). Entrega de un (1) expediente de la Unidad Funcional 2 para revisión en la etapa de expropiación.,15_04_Comunic_Recibidas/2018/CI004_GP-7684_070404_CON_1598_EXP_EXPRO.pdf
762,33,CONCESIÓN ALTO MAGDALENA S.A.S.,07181100649,CONSORCIO 4C,GP-8046,12/06/2018,"Adjunto Resolución No 0717 del 15 de mayo de 2018 ""Por la cual se resuelve un conflicto de competencia"" Estado Trámite solicitud Licencia Ambiental Autorización Temporal SCV-09031.",15_04_Comunic_Recibidas/2018/CI004_GP-8046_070108_CON_2267_RESOL_0717_150518.pdf
751,3,CONCESIÓN ALTO MAGDALENA S.A.S.,ALMA-2018-0254,CONSORCIO 4C,GP-6952,17/01/2018,"Respuesta comunicado ANI Rad. Salida No. 2017-603-039463-1 fecha del 07 del 2017 (Radicado interno ALMA- R- 2017- 04362 del 18 de diciembre, identificado como PQRS-UF5-2017-306 del 06 de diciembre de 2017 - Traslado Derecho de petición Señor Wilder Harold Arboleda.",15_04_Comunic_Recibidas/2018/CI004_GP-6952_070109_CON_0254_RTA_WARBOLEDA.pdf
768,1,CONCESIÓN ALTO MAGDALENA S.A.S.,ALMA-2018-0255,CONSORCIO 4C,GP-7083,17/01/2018,"Entrega de un (1) expediente predial de la unidad funcional 3, para aprobación de ficha predial.",15_04_Comunic_Recibidas/2018/CI004_GP-7083_070401_CON_0255_EXP_PREDIAL.pdf
767,1,CONCESIÓN ALTO MAGDALENA S.A.S.,ALMA-2018-3505,CONSORCIO 4C,GP-8717,10/09/2018,Respuesta comunicación CI.004/GP5044/18/7.1.10 del 23 de agosto de 2018 (Radicado ALMA-R-2018-2654) Incumplimiento Uso de Perneras Contratista MECO.,15_04_Comunic_Recibidas/2018/CI004_GP-8717_070110_CON_3505_USO_PERNERAS_MECO.pdf
766,1,CONCESIÓN ALTO MAGDALENA S.A.S.,ALMA-2018-4020,CONSORCIO 4C,GP-8986,19/10/2018,Respuesta comunicación CI.004/GP5351/18/7.1.3 del 11 de octubre del 2018 (Radicado ALMA-R-2018-3179) Perdida banca margen derecha puente Burras (K12+935) UF5.2.,15_04_Comunic_Recibidas/2018/CI004_GP-8986_070103_CON_4020_PERDIDA_BANCA_PTE_BURRAS.pdf
773,8,CONCESIÓN ALTO MAGDALENA S.A.S.,ALMA-2018-0836,CONSORCIO 4C,GP-7267,21/02/2018,Respuesta a Comunicado Cl.004/GP3585/18/7.1.8 del 25 de enero de 2018 (Rad. Interno ALMA-R-2018-0333 del 25 de enero de 2018). Aspectos e impactos Unidad Funcional 5.3,15_04_Comunic_Recibidas/2018/CI004_GP-7267_070108_CON_0836_ASPE_IMPA_UF5.3.pdf
771,2,AGENCIA NACIONAL DE INFRAESTRUCTURA,2018-305-004104-1,CONSORCIO 4C,GP-7188,12/02/2018,Radicado ANI No 2018-409-002452-2 de 11/01/2018. Encuesta Satisfacción Cliente Proyecto Girardot - Honda - Puerto Salgar. Contrato de Interventoría 145 de 2014 - Consorcio 4C.,15_04_Comunic_Recibidas/2018/CI004_GP-7188_140000_ANI_004104-1_ENCUEST_CLIENT_18.pdf
775,2,CONCESION ALTO MAGDALENA S.A.S.,ALMA-2018-1882,CONSORCIO 4C,GP-7841,11/05/2018,Su comunicación CI.004/GP4321/18/7.1.2 – Radicado ALMA-R-2018-1344 del 25 de abril de 2018. Planes de calidad y planes de inspección y ensayo para puentes UF 5.2 y 5.4,15_04_Comunic_Recibidas/2018/CI004_GP-7841_070102_CON_1882_PLAN_CLIDAD_PTES_UF5.pdf
770,1,CONCESIÓN ALTO MAGDALENA S.A.S.,ALMA-2018-1205,CONSORCIO 4C,GP-7459,20/03/2018,Entrega de un (1) expediente de la Unidad Funcional 2 para revisión en la etapa de expropiación.,15_04_Comunic_Recibidas/2018/CI004_GP-7459_070404_CON_1205_EXP_EXPRO.pdf
777,2,CONCESIÓN ALTO MAGDALENA S.A.S.,ALMA-2018-2290,CONSORCIO 4C,GP-8019,12/06/2018,"Respuesta a su comunicación CI.004/GP4593/18/7.4.2 con fecha del 06 de Junio del 2018, Entrega de un 1 expediente predial de la unidad funcional 3 para revisión del componente Social.",15_04_Comunic_Recibidas/2018/CI004_GP-8019_070402_CON_2290_EXP_SOCIAL.pdf
774,4,CONCESIÓN ALTO MAGDALENA S.A.S.,ALMA-2018-2507,CONSORCIO 4C,GP-8207,26/06/2018,Respuesta a su comunicación CI.004/GP4070/18/7.1.10 del 14 marzo de 2018 (Radicado ALMA-R-2018-0878) Procedimiento de Resanes Puente Flandes Rio Magdalena K3+ 130 UF 1.,15_04_Comunic_Recibidas/2018/CI004_GP-8207_070110_CON_2507_RESANTES_PTE_UF1.pdf
779,7,CONCESIÓN ALTO MAGDALENA S.A.S.,ALMA-2018-2540,CONSORCIO 4C,GP-8216,29/06/2018,Respuesta a su comunicación CI.004/GP3892/18/7.1.8 del 15 de febrero de 2018 (Rad. Interno ALMA-R-2018-0608 del 19 de febrero de 2018). Visita de control y seguimiento ANLA / Resolución 0660 de 2016.,15_04_Comunic_Recibidas/2018/CI004_GP-8216_070108_CON_2540_VISIT_SEGUI_ANLA.pdf
783,1,CONCESION ALTO MAGDALENA S.A.S.,ALMA-2018-0258,CONSORCIO 4C,GP-6969,17/01/2018,Entrega de cinco (5) carpetas prediales de la unidad funcional 4 para aprobación final.,15_04_Comunic_Recibidas/2018/CI004_GP-6969_070401_CON_0258_EXP_PREDIAL.pdf
776,1,CONCESIÓN ALTO MAGDALENA S.A.S.,ALMA-2018-0516,CONSORCIO 4C,GP-7108,02/02/2018,Entrega de un (1) expediente predial de la unidad funcional 5 para revisión del componente Social.,15_04_Comunic_Recibidas/2018/CI004_GP-7108_070402_CON_0516_EXP_SCIAL_UF5.pdf
784,1,CONCESIÓN ALTO MAGDALENA S.A.S.,ALMA-2018-0452,CONSORCIO 4C,GP-7094,29/01/2018,"Entrega Programa de Adaptación de la Guía Ambiental PAGA - Operación y Mantenimiento Unidades Funcionales 1,2 y 4.",15_04_Comunic_Recibidas/2018/CI004_GP-7094_070108_CON_0452_PAGA_UF1_2_4.pdf
782,1,CONCESIÓN ALTO MAGDALENA S.A.S.,ALMA-2018-2477,CONSORCIO 4C,GP-8186,26/06/2018,"Respuesta a su comunicación Cl.004/GP3970/18/7.1.7 - Radicado ALMA-R-2018-0692 del 23 de febrero de 2018 - Revisión Estudio Hidrológico, Hidráulico y Socavación Nuevos Puentes UF5.2",15_04_Comunic_Recibidas/2018/CI004_GP-8186_070107_CON_2477_ESTU_HIDRO_PTES_UF5.2.pdf
781,1,CONCESIÓN ALTO MAGDALENA S.A.S.,ALMA-2018-3885,CONSORCIO 4C,GP-8952,08/10/2018,Respuesta a su comunicación CI.004/GP5023/18/7.4.6 del 13 de agosto de 2018. Radicado interno ALMA-2018-2632. Entrega de un (1) expediente ALMA-3-0104 para aprobación del Avalúo Comercial Corporativo de la unidad funcional 3.,15_04_Comunic_Recibidas/2018/CI004_GP-8952_070406_CON_3885_EXP_AVALUO.pdf
787,1,CONCESIÓN ALTO MAGDALENA S.A.S.,ALMA-2018-4264,CONSORCIO 4C,GP-9383,13/11/2018,"Entrega de un (1) expediente para aprobación del Avalúo Comercial Corporativo, ALMA-5-0007 para aprobación.",15_04_Comunic_Recibidas/2018/CI004_GP-9383_070406_CON_4264_EXP_AVALUO.pdf
778,1,CONCESIÓN ALTO MAGDALENA S.A.S.,ALMA-2018-3294,CONSORCIO 4C,GP-8601,22/08/2018,Comunicación CI.004/GP4282/18/7.1.3 - Radicado ALMA-R-2018-1258 del 17 de abril de 2018. Base Granular UF 5.4 ALMA-2017-2828.,15_04_Comunic_Recibidas/2018/CI004_GP-8601_070103_CON_3294_BASE_GRANUL_UF5.4.pdf
780,1,CONCESIÓN ALTO MAGDALENA S.A.S.,ALMA-2018-1917,CONSORCIO 4C,GP-7897,17/05/2018,Entrega de un (1) expediente predial de la unidad funcional 4.2 para aprobación.,15_04_Comunic_Recibidas/2018/CI004_GP-7897_070401_CON_1917_EXP_PREDIAL.pdf
785,1,CONCESIÓN ALTO MAGDALENA S.A.S.,ALMA-2018-4051,CONSORCIO 4C,GP-9002,22/10/2018,Entrega un (1) expediente predial para revisión en la etapa de Expropiación,15_04_Comunic_Recibidas/2018/CI004_GP-9002_070404_CON_4051_EXP_EXPRO.pdf
788,1,CONCESIÓN ALTO MAGDALENA S.A.S.,ALMA-2018-2616,CONSORCIO 4C,GP-8300,11/07/2018,"Respuesta comunicación 2018-605-016878-1 (Rad. interno ALMA-R-2018-1830 del 05 de junio de 2018). y comunicación radicado ANI 20184090505432 sobre ""Solicitud PINES - Trámite Levantamiento Parcial de Veda Expediente ATV 0788, Unidad Funcional 5.3"".",15_04_Comunic_Recibidas/2018/CI004_GP-8300_070108_CON_2616_LEV_VEDA_UF5.pdf
786,12,CONCESIÓN ALTO MAGDALENA S.A.S.,ALMA-2018-2451,CONSORCIO 4C,GP-8175,25/06/2018,Solicitud de modificación del Contrato de Concesión No. 03 de 2014.,15_04_Comunic_Recibidas/2018/CI004_GP-8175_050200_CON_2451_MODIF_CONTRAT_CONCESION.pdf
789,1,CONCESIÓN ALTO MAGDALENA S.A.S.,ALMA-2018-3959,CONSORCIO 4C,GP-8981,10/10/2018,Entrega un (1) expediente ALMA-2-0157 para aprobación de Ficha Predial y Estudio de Títulos.,15_04_Comunic_Recibidas/2018/CI004_GP-8981_070401_CON_3959_EXP_PREDIAL.pdf
791,1,CONCESIÓN ALTO MAGDALENA S.A.S.,ALMA-2018-4404,CONSORCIO 4C,GP-9229,20/11/2018,Respuesta comunicado CI.004/GP5524/18/7.5 del 07 de noviembre de 2018 (Rad.ALMA-R-2018-3506). Memoria Técnica agosto de 2018.,15_04_Comunic_Recibidas/2018/CI004_GP-9229_070500_CON_4404_MEMOTEC_AGO.pdf
793,13,AGENCIA NACIONAL DE INFRAESTRUCTURA – ANI,Oficio No 80,CONSORCIO 4C,GP-8098,18/06/2018,", ya que las fisuras y grietas superan los 3 centímetros de espesor. Sin que a la fecha se haya dado respuesta a él o a la Personería. Señala que en reunión celebrada el 16 de mayo hogaño la Concesionaria se comprometió a hacer visita el viernes 18 del mismo mes y año sin que acudiera o explicara su inasistencia; es más, para el 29 de mayo de 2018 la misma Concesionaria programó reunión en la Alcaldía de Chaguaní para tratar estos temas pero tampoco acudieron. Añade que en estos momentos las paredes están a punto de colapsar, por lo que se ve obligado a derribarlas pues teme por su vida y la integridad de su familia. Refiere que el alto costo de una vivienda nueva junto con la imposibilidad económica de poderla cubrir en forma directa, aunado al hecho indiscutible de que los daños fueron causados directamente por la obra y deben ser asumidos por la respectiva constructora, hizo imperioso la presentación del escrito de tutela para prever cualquier otro trámite administrativo que por su dilación ponga en riesgo la vida e integridad suya y de su familia. Con base en los anteriores pronunciamientos solicita: • Ordenar a la GERENCIA DE LA CONCESIÓN AL TO MAGDALENA S.A.S o a quien corresponde, que realicen las reparaciones a su vivienda o construyan una nueva habitable y digna. • Ordenar al DIRECTOR GENERAL DE LA CONCESIÓN AL TO MAGDALENA y/o a quien corresponda, que GARANTICE LA CONSTRUCCIÓN NECESARIA E INMEDIATA, teniendo en cuenta el riesgo inminente. • Realizar acciones preventivas para que no vuelvan a presentarse las acciones que dieron mérito a iniciar la tutela. • Ordenar a la INTERVENTORIA que supervise y vigile que el arreglo y/o la construcción de la vivienda se cumpla en términos perentorios y se realice conforme a las normas técnicas de la ingeniería. • Ordenar a la AGENCIA NACIONAL DE INFRASTUCTURA supervisar el cumplimiento de lo ordenado tanto a la Concesión como al Consorcio 4c. RESPUESTA DE LAS ENTIDADES ACCIONADAS: Las entidades accionadas se pronunciaron así: AGENCIA NACIONAL DE INFRAESTRUCTURA: Antes de pronunciarse sobre los aspectos fundamentales que dieron origen a la presente acción, su apoderada señala que este Despacho no es el competente para conocer de la acción de tutela de la referencia, toda vez que las acciones de tutela que se promuevan en su contra deberán ser decididas por los Juzgados del Circuito, dado que se trata de una entidad del sector descentralizado por servicios del orden nacional. 3 Respecto de los hechos, remitiéndose a los acaecidos en el año 2014 en relación al proyecto de Concesión No. 003 de 2014 y a una acta de vecindad reportada, da por sentado que el accionante hoy pretende en forma irregular se obligue a la Concesionaria a efectuar pagos sobre los que no existe prueba de causalidad de ninguna clase, ni tampoco responsabilidad por haberse incurrido en daños antijurídicos al inmueble. Informa que la concesionaria el 07 de febrero de 2018 realizó aclaración a las peticiones del señor Herrera y registro fotográfico para comparar con el acta de vecindad y poder verificar los daños aludidos, aclarando que el 6 de febrero de 2018 se realizaron las cunetas alrededor de la vivienda para evitar las inundaciones y encausar las aguas lluvias, por lo que a la fecha no se deben presentar las supuestas inundaciones que se indican en los hechos de la demanda, pues las mismas ya fueron saldadas. Con base en los argumentos precedentes, se opone a los hechos de la acción interpuesta de la siguiente manera: solicita NEGAR (mayúsculas de la entidad), las pretensiones incoadas por improcedentes, por cuanto no concurre vulneración de derechos fundamentales y tampoco vulneración a derecho alguno atribuible a esa Agencia, pues no existe prueba alguna de los daños mencionados por el accionante y por el contrario, existe un acta de vecindad levantada por el concesionario AL TO MAGDALENA S.A.S., donde se evidencia el estado deteriorado de la vivienda antes de dar inicio a la obra que se encuentra en ejecución. Finalmente, en su defensa, argumenta la falta de legitimación en la causa por pasiva; improcedencia de la acción de tutela ante la existencia de otros mecanismos de defensa judicial y la inexistencia de un perjuicio irremediable que apalanque su procedencia como mecanismo transitorio. Respecto del Contrato de Concesión bajo el esquema APP 003 de 2014 y del caso específico, manifiesta que según el informe remitido por el concesionario mediante correo electrónico el día 5 del mes y año que transcurre, la Concesión Alto Magdalena S.A.S., realizó las adecuaciones constructivas necesarias para garantizar el acceso a la vereda del Llano del Platanal del accionante, por lo que se tiene que los procedimientos desarrollados en la obra no constituyen abuso de la posición dominante ni vulneración de los derechos fundamentales de la población asentada en la obra de influencia, aclarando que antes de las obras el accionante no contaba con un acceso a su predio y ahora el mismo se encuentra en óptimas condiciones y anexa el informe contenido en el acta de vecindad suscrita el 18 de febrero de 2016 sin las fotografías a que hace alusión, concluyendo que si bien es cierto en cercanías del inmueble mencionado se desarrolla el Proyecto de Concesión No. 003 de 2014, mediante el acta de vecindad señalada, se demuestra claramente que las afecciones que ya aquejaban la vivienda del accionante eran previas al inicio de la obra, con lo cual no se puede pretender que este Concesionario realice pagos sobre los cuales no existe prueba de causalidad de ninguna clase, ni tampoco responsabilidad por haberse incurrido en daños antijurídicos al inmueble. \ 4 PETICIONES DE LA AGENCIA NACIONAL DE INFRAESTRUCTURA: 1. Negar el amparo de los derechos fundamentales invocados por la accionante. 2. De no accederse a la anterior solicitud, declarar la falta de legitimación en la causa por pasiva respecto de la Agencia Nacional de Infraestructura. CONSORCIO 4C: El señor CARLOS AVELLA CASTELLANOS en su calidad de Director de lnterventoría del CONSORCIO 4C, elaborando un orden temático, oportunamente se pronunció oponiéndose a todas las declaraciones de la demanda, por: >,- Carecer de fundamento; >,- No tener asidero lógico, fáctico, jurídico ni técnico: >,- Tratarse de una demanda cuyos fundamentos fácticos imposibilitan, por completo, hacerle una imputación de responsabilidad al CONSORCIO 4C; >,- No existir nexo de causalidad entre las actuaciones presuntamente generadoras de las violaciones cuya protección se solicita, en relación con las actuaciones profesionales del CONSORCIO 4C; >,- Por tratarse de declaraciones que de encontrar algún asidero, evidenciarían que su responsabilidad no podría predicarse respecto del CONSORCIO 4C; >,- Por pretender la protección hipotética de violaciones que no se han ocasionado y que de haber llegado a tener entidad, no tendrían la condición de antijurídicos. Como parte integral de su defensa indica el marco teórico del contrato de concesión, de los contratos estatales, del contrato de concesión así como también del contrato de interventoría, concluyendo que el contrato de interventoría es principal y autónomo. No obstante lo cual, en algunos aspectos depende del contrato interventoriado. (Negrilla y subrayado de la entidad accionada). A reglón seguido, contestó los hechos de la demanda en el orden en que fueron consignados, afirmando ser ciertos los dos primeros; no constarle los hechos tercero y cuarto; no ser cierto el numeral 5º pues si bien el accionante puso en conocimiento de la sociedad Alto Magdalena S.A.S., los supuestos impactos a su vivienda, el Concesionario atendió cada una de las comunicaciones proyectadas por el señor Herrera, en las que se informó, entre otras cosas, que la vivienda, con anterioridad a la ejecución de las obras del Contrato de Concesión, no contaba con accesos adecuados para el ingreso al predio, y, adicionalmente se le explicó como no se atentaba contra el derecho a ejercer una actividad económica. Frente al punto 6 señala que la doctora Paula Alejandra Suarez Cubillo';)en su calidad de Personera del municipio de Chaguaní, elevó derecho de petición ante la sociedad Concesión Alto Magdalena S.A.S., aclarando que tales peticiones carecieron de sustento técnico y no se demostró el nexo de causalidad entre las actuaciones presuntamente generadoras de las hipotéticas violaciones. Al pronunciarse respecto del hecho 7 como no cierto, añade que en todo caso, el Consorcio 4C no contaba ni cuenta con facultades ni competencias necesarias para atender las solicitudes del accionante. En cuanto a los hechos 5 8º, 9º y 1 Oº no le constan y que el hecho 11 º no es un hecho, sino una valoración del accionante a partir de sus propias apreciaciones. CONCESION AL TO MAGDALENA: Finalmente, la señora CLAUDIA CECILIA CASTILLO PICO, quien asevera ser la Representante Legal de la sociedad CONCESION AL TO MAGDALENA S.A.S., se pronuncia sobre los hechos de la acción, afirmando que el primero y segundo son ciertos, el tercero falso por cuanto la entidad realizó las adecuaciones constructivas necesarias para garantizar el acceso a la vereda del Llano del Platanal y al inmueble de propiedad del accionante, por lo que se tiene que los procedimientos desarrollados en la obra no constituyen abuso de la posición dominante, ni vulneración de los derechos fundamentales, de la población asentada en la zona de influencia del proyecto, aclarando que el accionante no tenía acceso antes del inicio de las obras y ahora sí; indica que los hechos 4º, 5º, 6º y 7° son falsos, explicando los motivos en que asienta su posición; el 8º lo considera parcialmente cierto, toda vez la visita no pudo realizarse por causas no imputables a la Concesionaria, de lo que se intentó dar aviso al accionante sin que fuera posible tal comunicación directa. Al hecho 9 señala que es falso por cuanto tal reunión fue cancelada por la Alcaldía de Chaguaní y frente a los hechos 1 Oº y décimo primero manifiesta no constarle. CONSIDERACIONES: Consagra el artículo 86 de nuestra Carta Política que toda persona tiene derecho a interponer la acción de tutela para reclamar ante los Jueces, en todo momento y lugar mediante un procedimiento breve y preferente la protección inmediata de sus derechos constitucionales fundamentales cuando quiera que éstos se encuentren amenazados o conculcados por la acción u omisión de una autoridad pública y excepcionalmente por un particular, en los casos expresamente señalados. Para tener derecho a la aplicación de este mandato de rango constitucional deben verificarse una serie de circunstancias específicas que nos permitan acceder a esta acción en forma preferente, entre otros, se busca que la amenaza o violación sea inminente y no se disponga de otro medio de defensa judicial para garantizar la protección inmediata de los derechos amenazados o conculcados. Dicho en otras palabras, la acción de tutela no puede emplearse como un mecanismo de defensa judicial alternativo ante la presencia de otros medios con los cuales se pueda obtener igualmente el amparo de los derechos fundamentales, tampoco puede utilizarse para dejar sin efecto mandatos judiciales o penas legalmente impuestas, salvo que para la imposición de las mismas se haya incurrido en irregularidades constitutivas de vías de hecho, vulnerando el debido proceso. DEL DEBIDO PROCESO: En cuanto al debido proceso, a voces del artículo 29 de la Constitución Política, este derecho está constituido por el conjunto de garantías y procedimientos que deben observarse dentro del desarrollo de cada actuación bien sea judicial o administrativa, con la observancia de la plenitud de las formas propias de cada juicio, las cuales no podrán omitirse parcial o totalmente. 6 Ahora bien, siguiendo los derroteros del artículo 29 de la Carta Magna, le asiste razón a la apoderada de la Agencia Nacional de Infraestructura, en cuanto a que la entidad en cita no tiene dentro de sus funciones la ejecución de una obra pública sino la administración de los contratos de concesión, por lo cual no podría de ninguna forma desarrollar las pretensiones requeridas por la actora, por ello se limitó a dar en concesión un predio de su propiedad, mediante contrato de concesión No. 003 de 2014, dentro del cual se establece que cualquier obligación recae en cabeza del concesionario. Así las cosas, esta entidad no tiene responsabilidad directa sobre los hechos relacionados con el desarrollo del contrato y por consiguiente no está obligada a responder como accionada en la presente acción, por lo que en la parte resolutiva de este proveído se declarará su falta de legitimación por pasiva dentro de la presente acción. No corre la misma suerte la falta de legitimidad por pasiva esgrimida por el Consorcio 4C, toda vez que como el mismo ente lo reconoce en la respuesta allegada, ""el objeto del contrato de interventoría No. 145 de 2014 se circunscribe única y exclusivamente al seguimiento técnico, administrativo, financiero, contable y jurídico del Contrato de Concesión bajo el esquema de APP No. 003 de 2014, esto es, seguimiento de la financiación, construcción, rehabilitación, mejoramiento operación y mantenimiento del corredor - Honda - Puerto Salgar - Girardot, (negrilla del texto). Seguidamente manifiesta que por tal razón, mal podría supervisar el arreglo y/o construcción de las viviendas que llegaren a verse afectadas como consecuencia y/o con ocasión de la ejecución del contrato de concesión, particularmente de la vivienda del señor WILLINGTON HERRERA. Es precisamente por la responsabilidad que el contrato aludido le impone y por la seguridad que se ha depositado en el Consorcio 4C como ente interventor, por lo que esta talladora refuta su planteamiento respecto a la falta de legitimidad por pasiva, dado que la esencia de este tipo de contratos es vigilar que se dé cabal cumplimiento a la ejecución encomendada, es decir, que la Concesión Alto Magdalena S.A.S., no afecte los intereses de quien le otorgó el contrato o cause daños a terceros que se encuentren en estado de indefensión respecto de ésta. Es éste y no otro el objeto del contrato de interventoría, por lo que si bien no le corresponde supervisar y vigilar el arreglo y construcción de las viviendas que llegaren a verse afectadas, sí el de vigilar y realizar seguimiento técnico a la ejecución de la obra que la Concesión Alto Magdalena realiza sin causar detrimento a terceros, y en caso de que así suceda solucionarlos a la mayor brevedad posible de acuerdo con las herramientas que le concede la Ley. PROCEDENCIA DE LA ACCION DE TUTELA EN CONTRA DE PARTICULARES Tomando como derrotero la norma constitucional que institucionalizó la tutela como un mecanismo preferente y sumario para exigir la protección inmediata de los derechos fundamentales vulnerados o amenazados por la acción u omisión de cualquier autoridad pública y de los particulares cuando estos sean prestadores de un servicio público, o cuando su conducta afecte grave y directamente el interés colectivo o respecto de quienes el solicitante se halle en estado de subordinación o indefensión, se han venido desarrollando criterios constitucionales que sirven como criterio para identificar cuando un 7 derecho fundamental de una persona está siendo vulnerado por la conducta de un particular. Al respecto la Corte Constitucional en Sentencia T 176 A de 2014, señaló: "" ... Sería errado sostener que como el artículo 86 constitucional señala que la acción de tutela procede contra los particulares que presten un servicio público, aquellos que con su conducta afecten de manera grave y directa el interés colectivo o en los supuestos de subordinación o de indefensión, la eficacia de los derechos fundamentales entre particulares quede limitada a estos eventos. Por el contrario, debido precisamente al lugar que ocupan los derechos fundamentales en el procedimiento constitucional colombiano y a su efecto de irradiación, se puede sostener que el influjo de éstos cobija todas las relaciones jurídicas particulares, las cuales se deben ajustar al orden objetivo de valores establecidos y por la Carta Política de 1991"". En cuanto a los requisitos consagrados en el numeral 9 del artículo 42 del Decreto 2591 de 1991, la H. Corte Constitucional desarrolló el siguiente planteamiento: ( ... ) Respecto a la subordinación, la Corte ha entendido que esta se refiere a ""una relación de índole jurídica, en la que una persona depende de otra, y la indefensión comporta una dependencia pero originada en circunstancias de hechos, donde la persona ha sido puesta en una situación que la hace incapaz de repeler física o jurídicamente las agresiones de las cuales viene siendo objeto por parte de un particular, las cuales ponen en peligro sus derechos fundamenta/es. En otras palabras, no tiene posibilidades jurídicas ni fácticas para reaccionar defendiendo sus intereses. En cada caso, el Juez debe realizar un análisis relacional con la finalidad de determinar el estado de indefensión en el que se encuentra la persona"". Entonces, ""(. . .) La indefensión hace referencia a una situación relacional que implica la dependencia de una persona respecto de otra, no tiene origen en la obligatoriedad sobre situaciones de naturaleza fáctica en cuya virtud la persona afectada en su derecho carece de defensa por acción u omisión para proteger sus derechos conforme a las leyes que reglamenta su ejercicio; es decir que la indefensión es entendida como la imposibilidad de dar respuesta efectiva ante la violación o amenaza de que se trate. Así mismo, ha dicho esta Corte que el estado de indefensión o impotencia se analizará teniendo en cuenta las circunstancias del caso concreto, de las personas involucradas, de los derechos relevantes tales como las condiciones de desprotección, circunstancias económicas, sociales, culturales y los antecedentes personales de los sujetos procesales, por ello el concepto de indefensión es esencialmente relacional. Ello significa que el estado de indefensión en que se encuentra el ciudadano en relación con otros particulares, habrá que determinarlo, por parte del Juez de tutela de acuerdo al vínculo que existe entre ambas partes"". Con base en el planteamiento que antecede, concluyó la Corte que la Acción de Tutela resulta ser el mecanismo idóneo para frenar excepcionalmente las agresiones de particulares en contra de personas que se encuentran desposeídas de los recursos físicos o jurídicos eficaces para proteger y mantener sus derechos fundamentales ante la situación vulneradora, inadmisible o insostenible. DE LOS DERECHOS FUNDAMENTALES INVOCADOS POR EL ACCIONANTE: El ciudadano Herrera Cardozo señala como derechos violados: •:• Derecho a un adecuado nivel de vida •:• Derecho a la igualdad •:• Derecho a una vivienda digna en conexidad con la vida DE LOS DERECHOS FUNDAMENTALES IMPLÍCITOS EN EL ESCRITO DE TUTELA PRESENTADO 8 De los hechos narrados y de las declaraciones peticionadas al impetrar la acción de tutela se sobreentiende como conculcado el: ./ Derechos de los niños. Art. 44 C.N . ./ Derecho de petición. Art. 23 C.N. EL CASO CONCRETO Admitida la presente acción, mediante auto de data mayo 31 de 2018, se ordenó vincular a la Personera Municipal de Chaguaní; tener como pruebas los documentos y anexos a la solicitud de amparo; realizar diligencia de inspección judicial y recepcionar los testimonios solicitados, señalándose día y hora para su práctica; así mismo se ordenó la notificación a los Representantes Legales de las entidades accionadas o a quienes hagan su veces, concediéndoles el término de 48 horas para contestar si a bien lo tienen y haciéndoles las advertencias de Ley correspondientes, notificándolos debidamente por el medio más expedito. Con relación a la visita prometida a la vivienda del accionante el 18 de mayo de año que transcurre, se tiene que la Concesión no acudió ni dio aviso al señor Willington Herrera la cancelación de la misma. Igual suerte sufrió la programada con la Alcaldía municipal de Chaguaní para el 24 de mayo de esta anualidad. Aunque la Concesión manifestó que la misma había sido cancelada por la Alcaldía por cuanto el municipio para esa data se encontraba en fiestas, lo cierto es que durante esa semana no se realizó evento alguno, por lo que nos comunicamos telefónicamente con la Secretaria de Gobierno señora Sonia Pulido quien manifestó que en ningún momento se presentó tal cancelación por parte de la Alcaldía y que para esa data el municipio no se encontraba en fiestas o ferias, por lo que se tendrá por desvirtuada esta afirmación con base en el hecho notorio de la ausencia de festejos en el municipio, los dichos de la Secretaria de gobierno y por no obrar dentro de los anexos aportados prueba de tal cancelación. Llegado el día designado para practicar las pruebas decretadas en el auto que admitió la tutela, ninguna de las entidades accionadas se hizo presente, plasmó pronunciamiento por su inasistencia o se interesó por examinar los hallazgos encontrados al respecto. En la diligencia de inspección judicial y recepción de testimonios cumplida con el acompañamiento del Ministerio Público representada por la Personera Municipal, doctora Paula Alejandra Suarez Cubillos y como miembros de la Policía Nacional el Intendente Leonardo Sánchez y el patrullero Germán Palacios, en el lugar fuimos recibidos por el accionante y su hermana, quien manifestó que también convivían con los hijos de su hermana, un varón de 20 años y una niña de 1 O, la cual se hizo presente en el desarrollo de la misma, luego de la finalización de su jornada escolar. En la inspección física se observa un inmueble compuesto de dos habitaciones, dos baños uno interior y otro exterior, sala cocina y solar observando que efectivamente la edificación se encuentra en condiciones 9 precarias, al punto que amenaza ruina, toda vez algunas de sus paredes se han caído por causa del grave agrietamiento, los pisos aunque en menor proporción igualmente están agrietados. Sin necesidad de tener mayores conocimientos técnicos, a simple vista se puede apreciar que la totalidad de la edificación está por colapsar, poniendo en grave riesgo no solo la vida e integridad de los adultos que la habitan sino también la de la sobrina de 1 O años del accionante que convive allí, la cual, como niña que es, goza además del derecho fundamental de los niños a la vida, la integridad física y la salud, consagrado en el artículo 44 de la Constitución Política, por lo que es obligación de la familia, la sociedad y el estado asistirla, protegerla y garantizar el ejercicio pleno de sus derechos. Así las cosas, sea lo primero indicar que la acción de tutela interpuesta en estas condiciones por el señor Willington Herrera Cardozo en contra de la Concesión Alto Magdalena S.A.S. y el Consorcio 4C, resulta procedente bajo los parámetros de procedibilidad la cual se señaló pretéritamente en esta providencia, entendiendo el estado de indefensión del accionante respecto de la actividad desplegada por los entes accionados con ocasión de la construcción del corredor Honda-Puerto Salgar- Girardot, cercana a la vivienda habitada por el accionante y su familia. Si es bien cierto que durante el transcurso de la construcción el señor Herrera Cardozo ha elevado múltiples peticiones a la Concesión, la mayor parte de ellas conocidas por la interventoría, unas razonables, otras no, en su mayoría respondidas por la Concesión, también lo es que a las cuestiones de fondo relacionadas directamente con la vivienda en conexidad con la vida, los derechos de los niños y el derecho de petición no se les ha dado respuesta de fondo, pronta, oportuna y eficaz por lo cual el Consorcio es responsable como entidad fiscalizadora, para dar seguimiento a la construcción de esta obra máxime cuando dentro de las premisas para su desarrollo, éstas entidades están encaminadas a la construcción de obras de impacto social, impacto positivo que brilla por su ausencia en el caso materia de estudio. Del recaudo probatorio allegado se puede precisar que las grietas al momento del inicio de la construcción de la vía no eran de la proporción actual ni se encontraban presentes en los bloques de ladrillo de la vivienda, igualmente que para este momento la edificación se encontraba a ras de la carretera, mientras ahora se encuentra a aproximadamente a 2.5 metros de ella y debido al alto impacto de los elementos utilizados para su cimentación, se ha afectado en grado sumo a la vivienda sin que se hayan tomado las medidas pertinentes para ello, por lo que se tiene que los procedimientos desarrollados constituyen abuso de su posición dominante. En cuanto a la aclaración acerca que al inicio de la obra el señor Willington no contaba con un acceso y ahora si, es apenas resultado de lo previsto en el literal ""f"", numeral 3.1, capítulo 111 del apéndice técnico No. 7, del Contrato de Concesión APP 003 del 2014, a la letra reza: ""(f) Garantizar que los predios aledaños al corredor vial del proyecto queden con el acceso necesario que les permita su desarrollabilidad y funcionabilidad, para lo cual deberá identificar en el diseño, las obras a desarrollar en el derecho de vía para el acceso a los predios aledaños"". Acceso que se logró a costa de prácticamente la pérdida de la vivienda por su propietario. 10 Como se mencionó líneas, atrás el accionante ha efectuado un cúmulo de solicitudes, todas ellas tendientes a la protección de su vivienda, con los medios a su alcance, dado sus nulos conocimientos al respecto, pretendiendo colaborar con la obra en el resguardo de su vivienda. Una vez más se evidencia el abuso de la posición dominante por parte de la Concesión, pues al estar relacionadas sus peticiones con asuntos tendientes a la salvaguardia de su hogar, en vez de dar respuestas técnicas acerca de porque no pueden conceder sus peticiones de suministrarle materiales u otras ayudas, han debido atacar de fondo el problema planteado, es decir, lo relacionado con el deterioro de su vivienda, situación que conocen desde que empezó el adelanto de la labor, esto se evidencia en la respuesta del 27 de abril del año próximo pasado en el cual se trata el tema del ""PREDIO 0028, en la cual se informa que una vez se tenga en claro el área a adquirir por el área predial, se realizará oferta de compra; para el predio el remolino se están realizando los estudios y tan pronto se cuente con el insumo se procederá a realizar los avalúas; se informa a la comunidad que se presentó un cambio de diseño y por lo tanto se requiere más área de lo estipulado"", realizando otras precisiones de carácter técnico, en las que se compromete a tomar las medidas pertinentes; para el tema de responsabilidad social, se mencionan cada uno de los programas del PGSC al servicio de la comunidad del AID, antes de darse por terminada la reunión se programa una nueva para el 21 de mayo de ese mismo año en el predio de Willington. En vista de que el problema se intensificaba, el accionante recurrió al ministerio público, con el fin de que la Concesión mediante derecho de petición, solucionara sus requerimientos, el cual hasta el momento no ha sido resuelto, toda vez que tanto la Concesionaria como el Consorcio se han limitado a manifestar que no se pueden hacer responsables por las falencias que presentaba la vivienda antes del proceso constructivo y porque dentro de sus funciones no se encuentra la de construir las casas de los vecinos del sector, - olvidando añadir que tampoco se contempla la de destruir las casas aledañas sin previa indemnización, con el lleno de los requisitos de Ley-. Si bien la vivienda presentaba algunas fallas físicas al comienzo de la construcción, con ocasión de ella, amenaza ruina debido a las vibraciones y al uso de maquinaria pesada, ahora quedó a un nivel inferior a la carretera por lo cual debido a la acción de gravedad sufre inundaciones, debido a que las aguas corren directo hacia la vivienda, generando debilitamiento de los cimientos y agrietándola en gran manera toda vez que las canalizaciones realizadas por la Concesionaria no lograron cumplir su cometido. Situación que es corroborada al momento de la práctica de pruebas realizada directamente en el sitio de ocurrencia de los hechos; incluso los testigos refieren que sus viviendas que son más lejanas a la vía, también están sufriendo el impacto de las aguas debido al declive creado con ocasión de la obra. De todo lo anterior, se puede colegir sin lugar a equívoco, que tanto la Concesionaria como el Consorcio de vieja data han tenido conocimiento de los hechos que dieron origen a la acción, sin que se hayan apersonado de la situación, la primera como directa responsable y el segundo como el ente encargado de supervisar las actividades realizadas con ocasión de la construcción de la vía, velando por que no se abuse de la posición dominante y se dé solución oportuna a las contingencias que se presenten al respecto. Por lo que la acción de tutela resulta procedente en el caso bajo examen como 11 mecanismo transitorio ante la existencia de un perjuicio irremediable, pues pese a haberse terminado la pavimentación entre los meses de septiembre y octubre del año pasado, sus consecuencias persisten y no se han solucionado peso a los ingentes intentos del señor Herrera para ello, dado su calidad de indefensión. Con base en lo señalado en precedencia, del acervo probatorio allegado no se avizoran como violados los Derechos a un Adecuado Nivel de Vida, ni el Derecho a la igualdad, por cuanto del desarrollo de la acción no se probó la ocurrencia de éstos. En cambio si se observa la violación conculcados por el Concesionario Alto Magdalena S.A.S., los derechos de los niños - por cuanto hay una menor de diez años en riesgo inminente -; a una vivienda digna en conexión con la vida; de petición, cuyo núcleo esencial reside en la resolución pronta y oportuna de la cuestión, que cumpla con los presupuestos de oportunidad; resolverse de fondo, clara, precisa y de manera congruente con lo solicitado y ser puesta en conocimiento del peticionario. Si no cumple con estos requisitos se incurre en la vulneración del derecho constitucional fundamental de petición, respuesta de la cual dependen los otros derechos conculcados. No se ordenarán los pagos solicitados, por cuanto la acción de tutela no es el medio idóneo para el cobro de acreencias económicas. En este orden de ideas, se concederá el amparo solicitado por el accionante, se ordenará a la empresa accionada CONCESIÓN AL TO MAGDALENA S.A.S. que en el término de cuarenta y ocho (48) horas, contados a partir de la notificación de este fallo, y si aún no lo hubiere hecho, ponga en conocimiento del señor WILLINGTON HERRERA CARDOZO respuesta con el lleno de los requisitos señalados en el párrafo anterior, realice todas las acciones pertinentes y disponga de todos los medios a su alcance para dar solución a la mayor brevedad posible al problema relacionado con la vivienda. Igualmente se ordenará al CONSORCIO 4C como ente fiscalizador, velar por que la Concesión Alto Magdalena S.A.S., cumpla cabalmente con el fallo ordenando y a la Personera del Municipio dar seguimiento al cumplimiento de la decisión proferida. DECISION: Congruente con lo expuesto, el JUZGADO PROMISCUO MUNICIPAL DE CHAGUANÍ CUNDINAMARCA., administrando justicia en nombre del pueblo y por mandato de la Constitución, RESUELVE: PRIMERO: Declarar la Falta de Legitimidad en la causa por Pasiva de la AGENCIA NACIONAL DE INFRASTUCTURA ""ANI"", por las razones expresadas con antelación. SEGUNDO: Conceder el amparo de tutela pedido por el señor WILLINGTON HERRERA CARDOZO, con base en lo señalado en precedencia. TERCERO: Ordenar a la entidad accionada CONCESIÓN AL TO MAGDALENA S.A.S., que en el término de cuarenta y ocho (48) horas, contados a partir fallo, y si aún no lo hubiere hecho, ponga en conocimiento del señor WILLINGTON HERRERA CARDOZO, respuesta con el lleno de los presupuestos establecidos para del Derecho de Petición, informándole clara y .. 12 puntualmente la forma en que procederá a resolver el problema presentado en su vivienda de manera oportuna y eficaz. CUARTO: Ordenar a la entidad accionada CONSORCIO 4C, en su calidad de ente Interventor y en el cumplimiento de sus funciones, velar porque la CONCESIÓN AL TO MAGDALENA S.A., de cumplimiento cabal a lo ordenado en el presente fallo. QUINTO: Ordenar a la Personera Municipal de Chaguaní, doctora Paula Alejandra Suarez Cubillos, dar seguimiento e informar del cumplimiento de lo ordenado en este fallo respecto de las entidades accionadas. SEXTO: Informar que la presente decisión podrá ser impugnada dentro de los tres días siguientes a su notificación, en los términos del artículo 31 del decreto 2591 de 1991. Si esta providencia no fue impugnada en tiempo oportuno, envíese la actuación a la Corte Constitucional para su eventual revisión. SEPTIMO: Notificar en los términos del artículo 30 del Decreto 2591 de 1991 esta providencia por cualquier medio expedito tanto a la accionante, como a la accionada.- NOTIFÍQUESE Y CÚMPLASE. t j(Ttit THVILLAM 7'"""" JUEZ",15_04_Comunic_Recibidas/2018/CI004_GP-8098_050300-070109_JCHAGUANI_00031_TUTELA.pdf
792,1,CONCESIÓN ALTO MAGDALENA S.A.S.,ALMA-2018-0164,CONSORCIO 4C,GP-6962,12/01/2018,Entrega de dos (2) expedientes prediales correspondientes a la unidad funcional 4 y la unidad funcional 5 para revisión del componente Social.,15_04_Comunic_Recibidas/2018/CI004_GP-6962_070401_CON_0164_EXP_SCIALES.pdf
795,1,CONCESIÓN ALTO MAGDALENA S.A.S.,ALMA-2018-3495,CONSORCIO 4C,GP-8678,06/09/2018,Entrega de un (1) expediente para aprobación de Ficha Predial y Estudio de Títulos.,15_04_Comunic_Recibidas/2018/CI004_GP-8678_070401_CON_3495_EXP_PREDIAL.pdf
796,6,CONCESIÓN ALTO MAGDALENA S.A.S.,ALMA-2018-1553,CONSORCIO 4C,GP-7669,19/04/2018,Respuesta a su comunicación CI.004/GP3415/17/5.3-7.1.15 del 20 de diciembre de 2017.,15_04_Comunic_Recibidas/2018/CI004_GP-7669_050300_CON_1553_RED_FERREA.pdf
790,1,AGENCIA NACIONAL DE INFRAESTRUCTURA,2018-305-003098-1,CONSORCIO 4C,GP-7132,02/02/2018,Oficio radicado ANI 2018-409-005652-2 de 19/01/2018. Traslado Queja Proyecto Girardot - Honda - Puerto Salgar. Contrato de Concesión 003 de 2014 - Concesión Alto Magdalena S.A.S.,15_04_Comunic_Recibidas/2018/CI004_GP-7132_070109_ANI_003098-1_QUEJ_EGUARNIZO.pdf
800,1,AGENCIA NACIONAL DE INFRAESTRUCTURA,20186050267611,CONSORCIO 4C,GP-8568,17/08/2018,"Respuesta a radicado ANI 20184090796402 sobre Informes de Cierre Ambiental de las Unidades Funcionales 1, 2 y 4.",15_04_Comunic_Recibidas/2018/CI004_GP-8568_070108_ANI_026761-1_INF_CIERRE_AMB_UF1_2_4.pdf
772,1,CONCESIÓN ALTO MAGDALENA S.A.S.,ALMA-2018-1487,CONSORCIO 4C,GP-7589,10/04/2018,Entrega de la Sabana Predial y Tira topográfica.,15_04_Comunic_Recibidas/2018/CI004_GP-7589_070401_CON_1407_SABAN_PREDIAL.pdf
799,3,CONCESIÓN ALTO MAGDALENA S.A.S.,ALMA-2018-4436,CONSORCIO 4C,GP-9216,21/11/2018,Inadecuada disposición de residuos sólidos en la variante de La Dorada.,15_04_Comunic_Recibidas/2018/CI004_GP-9216_070109_CON_4436_DISPO_RESI_SOLID.pdf
797,1,CONCESIÓN ALTO MAGDALENA S.A.S.,ALMA-2018-4740,CONSORCIO 4C,GP-9416,26/12/2018,"Entrega de expediente predial ALMA-3-0020-20, revisión y aprobación de componente social",15_04_Comunic_Recibidas/2018/CI004_GP-9416_070402_CON_4740_EXP_SOCIAL.pdf
805,1,CONCESIÓN ALTO MAGDALENA S.A.S.,ALMA-2018-0715,CONSORCIO 4C,GP-7183,13/02/2018,Respuesta comunicación interventoría No. Cl.004/GP3858/18/7.4.1-Ä.2.l del 8 de Febrero de 2018 (rad. Interno ALMA-R-2018-0495). Solicitud dÅ revisión de costos de adquisición predial.,15_04_Comunic_Recibidas/2018/CI004_GP-7183_070201_CON_0715_COSTOS_PREDIAL.pdf
804,14,CONCESIÓN ALTO MAGDALENA S.A.S.,ALMA-2018-0875,CONSORCIO 4C,GP-7262,22/02/2018,Respuesta a su comunicación identificada como PQRS-UF3-2018-192 del 5 de febrero de 2018 -Solicitud copia de la oferta de compra contenida en el oficio OFC-271-2017.,15_04_Comunic_Recibidas/2018/CI004_GP-7262_070109-070401_CON_0875_PQRS_PERNAMBUCO.pdf
806,2,CONCESIÓN ALTO MAGDALENA S.A.S.,ALMA-2018-1673,CONSORCIO 4C,GP-7720,25/04/2018,"Acta No. 8 Ejecución de obras de protección, Traslado o Reubicación de Redes eléctricas, húmedas e hidrocarburos.",15_04_Comunic_Recibidas/2018/CI004_GP-7720_070115_CON_1673_ACTA_N°08_REDES.pdf
794,1,CONCESIÓN ALTO MAGDALENA S.A.S.,ALMA-2018-4557,CONSORCIO 4C,GP-9315,03/12/2018,"Entrega del expediente predial ALMA-3-0015-7, para revisión y aprobación de componente social.",15_04_Comunic_Recibidas/2018/CI004_GP-9315_070402_CON_4557_EXP_SOCIAL.pdf
802,1,CONCESIÓN ALTO MAGDALENA S.A.S.,ALMA-2018-3158,CONSORCIO 4C,GP-8555,15/08/2018,Respuesta a su comunicación CI.004/GP4781/18/7.4.6 del 05 de Julio de 2018 (Rad. Interno ALMA-2018-2349) Entrega de un (1) expediente para aprobación del Avalúo Comercial Corporativo.,15_04_Comunic_Recibidas/2018/CI004_GP-8555_070406_CON_3158_EXP_AVALUO.pdf
809,1,CONCESIÓN ALTO MAGDALENA S.A.S.,ALMA-2018-1173,CONSORCIO 4C,GP-7475,14/03/2018,"Sus comunicaciones Cl.004/GP3113/17/7.1.7 y Cl.004/GP3962/18/7.7.7 - Radicados ALMA-R-2017-03322 y ALMA-R-2018-0684. Implantación y Diseños Puentes Peatonales UF3. Entrega del Estudio Geotécnico, Diseños Estructurales y Memorias de Cálculo Puente Peatonal Beltrán - Unidad Funcional 3.",15_04_Comunic_Recibidas/2018/CI004_GP-7475_070107_CON_1173_PTES_PEATON_UF3.pdf
810,2,CONCESIÓN ALTO MAGDALENA S.A.S.,ALMA-2018-4467,CONSORCIO 4C,GP-9261,27/11/2018,"Respuesta oficio CI.004/GP5444/18/7.4.1, (Rad. ALMA-R-2018-3373 - 26/10/2018). Predio ALMA-5-0012.",15_04_Comunic_Recibidas/2018/CI004_GP-9261_070401_CON_4467_EXP_PREDIAL.pdf
801,2,AGENCIA NACIONAL DE INFRAESTRUCTURA,2018-305-021625-1,CONSORCIO 4C,GP-8276,12/07/2018,"Respuesta Solicitud EER de los predios ALMA-2-0006, ALMA-3-0062, ALMA-4-003, ALMA-4-0021, ALMA-4-0128, ALMA-4-0035, ALMA-4-0032, ALMA-2-0004 y ALMA-4-0028, radicados ANI No. 20184090419972 – 20184090411862 – 20184090407472 – 20184090407442, 20184090407432, 20184090638132, 20184090638122, 20184090544732 y 20184090638152 Contrato de Concesión No. 003 de 2014. Proyecto Girardot – Honda – Puerto Salgar.",15_04_Comunic_Recibidas/2018/CI004_GP-8276_050300_ANI_021625-1_RTA_EER_PREDIOS.pdf
803,1,CONCESIÓN ALTO MAGDALENA S.A.S.,ALMA-2018-0984,CONSORCIO 4C,GP-7422,05/03/2018,Respuesta a su Oficio No. CI.004/GP3836/18/7.4.4 relacionado con la entrega de un (1) expediente de la Unidad Funcional 3 para revisión en la etapa de expropiación.,15_04_Comunic_Recibidas/2018/CI004_GP-7422_070404_CON_0984_EXP_EXPRO.pdf
798,6,CONCESIÓN ALTO MAGDALENA S.A.S.,ALMA-2018-3201,CONSORCIO 4C,GP-8532,16/08/2018,Estado cumplimiento compromiso legalización pagos prediales.,15_04_Comunic_Recibidas/2018/CI004_GP-8532_070401-070201_CON_3201_LEGAL_PAG_PREDIAL.pdf
808,1,CONCESIÓN ALTO MAGDALENA S.A.S.,ALMA-2018-0802,CONSORCIO 4C,GP-7230,21/02/2018,Entrega de un (1) expediente para aprobación del Avalúo Comercial Corporativo.,15_04_Comunic_Recibidas/2018/CI004_GP-7230_070401_CON_0802_EXP_AVALUO.pdf
807,1,AGENCIA NACIONAL DE INFRAESTRUCTURA,2018-305-010623-1,CONSORCIO 4C,GP-7601,10/04/2018,Radicados ANI 2018-409-022744-2 y 2018-409-025546-2. Solicitud concepto Pólizas del Concesionario. Proyecto Girardot – Honda – Puerto Salgar. Contrato de Interventoría 145 de 2014 - Consorcio 4C.,15_04_Comunic_Recibidas/2018/CI004_GP-7601_050300_ANI_010623-1_CONCEPT_POLIZ.pdf
814,1,CONCESION ALTO MAGDALENA S.A.S.,ALMA-2018-0521,CONSORCIO 4C,GP-7147,02/02/2018,Entrega de un (1) expediente para aprobación del Avalúo Comercial Corporativo de la unidad funcional 3.,15_04_Comunic_Recibidas/2018/CI004_GP-7147_070401_CON_0521_EXP_AVALUO.pdf
815,1,CONCESIÓN ALTO MAGDALENA S.A.S.,ALMA-2018-1837,CONSORCIO 4C,GP-7785,10/05/2018,"Radicación Informe de Gestión Social Trimestral No.14, comprendido en el periodo de febrero, marzo y abril de 2018.",15_04_Comunic_Recibidas/2018/CI004_GP-7785_070109_CON_1837_INF_TRIMES_SCIAL14.pdf
813,3,AGENCIA NACIONAL DE INFRAESTRUCTURA,2018-103-018979-1,CONSORCIO 4C,GP-8124,20/06/2018,Respuesta solicitud de mejoras en la plataforma digital Olympus Contrato de concesión 003 de 2014 con radicado con radicado 20184090556122.,15_04_Comunic_Recibidas/2018/CI004_GP-8124_070401_ANI_018979-1_PLATAF_OLYMPUS.pdf
812,5,CONCESIÓN ALTO MAGDALENA S.A.S.,ALMA-2018-3989,CONSORCIO 4C,GP-8934,16/10/2018,"Respuesta al oficio CI.004/GP5355/18/7.4.1, con radicado interno ALMA-R-2018-3185, con fecha 11 de octubre de 2018.",15_04_Comunic_Recibidas/2018/CI004_GP-8934_070401_CON_3989_EXP_PREDIAL.pdf
816,1,CONCESIÓN ALTO MAGDALENA S.A.S.,ALMA-2018-1587,CONSORCIO 4C,GP-7733,23/04/2018,Respuesta a su comunicación identificada con el consecutivo CI.004/GP4132/18/7.4.4 del 22 de marzo de 2018. (ALMA-R-2018-0995 del 23 de marzo de 2018). Entrega de un (1) expediente de la Unidad Funcional 2 para revisión en la etapa de expropiación.,15_04_Comunic_Recibidas/2018/CI004_GP-7733_070404_CON_1587_EXP_EXPRO.pdf
819,1,CONCESIÓN ALTO MAGDALENA S.A.S.,ALMA-2018-2301,CONSORCIO 4C,GP-8045,13/06/2018,Informe ejecutivo de avance de ejecución predial del mes de Mayo de año 2018.,15_04_Comunic_Recibidas/2018/CI004_GP-8045_070401_CON_2301_INFO_PREDIAL_MAY.pdf
818,3,CONCESION ALTO MAGDALENA S.A.S.,ALMA-2018-1908,CONSORCIO 4C,GP-7860,17/05/2018,Informe sobre los criterios para contabilizar Ingresos y Egresos por Unidad Funcional.,15_04_Comunic_Recibidas/2018/CI004_GP-7860_070200_CON_1908_INF_INGRS_EGRE_UF.pdf
817,1,CONCESIÓN ALTO MAGDALENA S.A.S.,ALMA-2018-3542,CONSORCIO 4C,GP-8713,11/09/2018,Comunicación CI.004/GP4581/18/7.1.7 – Radicado ALMA-R-2018-1819 del 05 de junio de 2018. Revisión Diseños Peaje y Pesaje Brisas Unidad Funcional 5.4.,15_04_Comunic_Recibidas/2018/CI004_GP-8713_070107_CON_3542_DISEÑ_PEAJ_PESAJ_UF5.pdf
811,6,CONCESIÓN ALTO MAGDALENA S.A.S.,ALMA-2018-1622,CONSORCIO 4C,GP-7688,23/04/2018,"Respuesta a oficios: ANI -2018-409-025734-2, del 21 de marzo de 2018 radicado ALMA-R 2018-1021 marzo 27 de 2018 - ANI -2018-409-008820-2 marzo 3 de 2018 Radicado Interno ALMA-R-2018-0911 del 16 de marzo de 2018 - identificado como PQRS UF4 2018 302 - Reclamo por incumplimiento de acuerdo por parte de la Concesión Alto Magdalena S.A.S y Sandra Patiño, predio Santa Isabel.",15_04_Comunic_Recibidas/2018/CI004_GP-7688_070109_CON_1622_PQRS_SPATIÑO.pdf
820,6,CONCESIÓN ALTO MAGDALENA S.A.S.,ALMA-2018-0355,CONSORCIO 4C,GP-7039,17/01/2018,Respuesta a Comunicado Cl.004/GP3693/18/7.1.8 del 05 de enero de 2018 (Rad. Interno ALMA-R-2018-0073 del 05 de enero de 2018). Aspectos e impactos Unidad Funcional 1 / Incumplimiento obligación Resolución No. 1685 de 2015.,15_04_Comunic_Recibidas/2018/CI004_GP-7039_070108_CON_0355_RTA_INCUMPLIM_UF1.pdf
823,4,CONCESIÓN ALTO MAGDALENA S.A.S.,ALMA-2018-4541,CONSORCIO 4C,GP-9314,30/11/2018,Respuesta comunicación CI.004/GP5599/18/7.3.3 (Rad. ALMA-R-2018-3633- 23/11/2018). Terminación UF3 - Resultados Verificación.,15_04_Comunic_Recibidas/2018/CI004_GP-9314_090300_CON_4541_TERMINA_UF3.pdf
824,1,CONCESIÓN ALTO MAGDALENA S.A.S.,ALMA-2018-1795,CONSORCIO 4C,GP-7916,29/05/2018,Respuesta a su comunicación CI.004/GP4307/18/7.4.1 de fecha 16 de marzo de 2018. Entrega de un (1) expediente para aprobación ficha predial y estudio de títulos.,15_04_Comunic_Recibidas/2018/CI004_GP-7916_070401_CON_1795_EXP_PREDIAL.pdf
822,6,CONCESIÓN ALTO MAGDALENA S.A.S.,ALMA-2018-3771,CONSORCIO 4C,GP-8835,27/09/2018,Respuesta comunicaciones CI.004/GP5101/18/7.1.8 del 05 de septiembre de 2018 (Rad. Interno ALMA-R-2018-2767) y CI.004/GP5167/18/7.1.8 del 12 de septiembre de 2018 (Rad. Interno ALMA-R-2018-2870). Aspectos e impactos ambientales UF 5.4.,15_04_Comunic_Recibidas/2018/CI004_GP-8835_070108_CON_3771_ASPEC_IMPACT_AMB_UF5.4.pdf
828,1,CONCESIÓN ALTO MAGDALENA S.A.S.,ALMA-2018-0430,CONSORCIO 4C,GP-7250,29/01/2018,"Respuesta a su comunicación CI.004/GP3748/18/7.4.1 de fecha 17 de enero de 2018 (Rad-0202), Entrega de un (1) expediente para aprobación de Avalúo Comercial Corporativo.",15_04_Comunic_Recibidas/2018/CI004_GP-7250_070401_CON_0430_EXP_AVALUO.pdf
826,1,CONCESIÓN ALTO MAGDALENA S.A.S.,ALMA-2018-3003,CONSORCIO 4C,GP-8486,06/08/2018,Entrega Informe Trimestral Ambiental N° 15,15_04_Comunic_Recibidas/2018/CI004_GP-8486_070108_CON_3003_INF_TRIMES_AMB_15.pdf
827,7,AGENCIA NACIONAL DE INFRAESTRUCTURA,2018-305-026303-1,CONSORCIO 4C,GP-8526,14/08/2018,Respuesta a sus oficios 20184090685982 de 10/07/2018 y 20184090667882 de 05/07/2018 - Aprobación Hojas de vida - Contrato de Interventoría No.145 de 2014.- Proyecto Girardot Honda Puerto Salgar. Contrato 003 de 2014 Concesión Alto Magdalena SAS.,15_04_Comunic_Recibidas/2018/CI004_GP-8526_020200_ANI_026303-1_APROBA_HV_INTERV.pdf
832,1,CONCESIÓN ALTO MAGDALENA S.A.S.,ALMA-2018-1978,CONSORCIO 4C,GP-7872,18/05/2018,Diseño Geométrico de la Glorieta Purnio- Unidad Funcional 5.4.,15_04_Comunic_Recibidas/2018/CI004_GP-7872_070107_CON_1978_DISEÑ_GLORIET_PURNIO.pdf
821,2,CONCESIÓN ALTO MAGDALENA S.A.S.,ALMA-2018-1291,CONSORCIO 4C,GP-7507,27/03/2018,"Respuesta a sus comunicaciones CI.004/GP2868/17/7.1.9 - Cl. 004/GP/3984/18/7.1.9 Radicados internos ALMA-R-2017-02807 - ALMA-R-2018-0736, Convenio SENA.",15_04_Comunic_Recibidas/2018/CI004_GP-7507_070109_CON_1291_CONVENIO_SENA.pdf
830,1,CONCESIÓN ALTO MAGDALENA S.A.S.,ALMA-2018-1347,CONSORCIO 4C,GP-7551,04/04/2018,Entrega de un (1) expediente para aprobación del Avalúo Comercial Corporativo.,15_04_Comunic_Recibidas/2018/CI004_GP-7551_070401_CON_1347_EXP_AVALUO.pdf
825,1,CONCESIÓN ALTO MAGDALENA S.A.S.,ALMA-2018-1344,CONSORCIO 4C,GP-7537,05/04/2018,Entrega Informe Gerencial Mensual N° 41 – marzo de 2018.,15_04_Comunic_Recibidas/2018/CI004_GP-7537_070500_CON_1344_INF_MEN_N°41.pdf
829,1,CONCESIÓN ALTO MAGDALENA S.A.S.,ALMA-2018-1568,CONSORCIO 4C,GP-7679,20/04/2018,Entrega de un (1) expediente de la Unidad Funcional 2 para revisión en la etapa de expropiación.,15_04_Comunic_Recibidas/2018/CI004_GP-7679_070404_CON_1568_EXP_EXPRO.pdf
836,5,CONCESIÓN ALTO MAGDALENA S.A.S.,ALMA-2018-2572,CONSORCIO 4C,GP-8236,28/06/2018,Respuesta a comunicado CI.004/GP4549/18/7.1.8 del 01 de junio de 2018 (Rad. Interno ALMA-R-2018-1766 del 01 de junio de 2018) - Seguimiento obras hidráulicas fluviales sobre Ronda del Río Magdalena / Resoluciones 0020 de 2016 y 00374 de 2016,15_04_Comunic_Recibidas/2018/CI004_GP-8236_070108-070107_CON_2572_SEG_OBRAS_HIDRAU.pdf
835,3,AGENCIA NACIONAL DE INFRAESTRUCTURA,2018-305-042195-1,CONSORCIO 4C,GP-9378,17/12/2018,Notificación para la Instalación y Operación de la Estación de Peaje Brisas - Unidad Funcional 5 - Contrato de Concesión No 003 de 2014 - Proyecto Girardot - Honda - Puerto Salgar.,15_04_Comunic_Recibidas/2018/CI004_GP-9378_050300_ANI_042195-1_OPERA_PEAJE_BRISAS.pdf
833,2,CONCESIÓN ALTO MAGDALENA S.A.S.,ALMA-2018-0921,CONSORCIO 4C,GP-7319,01/03/2018,Su comunicación CI.004/GP3873/18/7.1.8 – Radicado ALMA-R-2018-0539 del 14 de febrero de 2018. Aspectos e Impactos Ambientales Peaje Cambao.,15_04_Comunic_Recibidas/2018/CI004_GP-7319_070109_CON_0921_ASPE_IMPAC_AMB.pdf
838,1,CONCESIÓN ALTO MAGDALENA S.A.S.,ALMA-2018-0702,CONSORCIO 4C,GP-7170,12/02/2018,"Respuesta a sus comunicaciones Cl. 004/GP/1766/17/7.4.2 - Cl.004/GP3709/18/7.1.9 Radicado interno ALMA-R-2018-0107, presentación nuevo convenio Sena.",15_04_Comunic_Recibidas/2018/CI004_GP-7170_070109_CON_0702_CONVE_SENA.pdf
834,3,CONCESIÓN ALTO MAGDALENA S.A.S.,ALMA-2018-0103,CONSORCIO 4C,GP-6925,10/01/2018,Estructura tarifaria peaje de Cambao,15_04_Comunic_Recibidas/2018/CI004_GP-6925_070207_CON_0103_TARI_PEAJ_CAMBAO.pdf
842,7,CONCESIÓN ALTO MAGDALENA S.A.S.,ALMA-2018-0602,CONSORCIO 4C,GP-7199,07/02/2018,Respuesta a comunicado ALMA-R-2018-0367 identificado como PQRS-UF2-2017-186 del 30 de enero de 2018 - Derecho de reclamo del pago la Indemnización de un AIT,15_04_Comunic_Recibidas/2018/CI004_GP-7199_070111-070109_CON_0602_DP_YRINCON.pdf
831,1,Agencia Nacional de Infraestructura,20183050308481,CONSORCIO 4C,GP-8769,17/09/2018,"Solicitud emisión de respuesta al reclamo presentado por el señor Luis Fernando Melo Casallas – Proyecto Girardot – Honda – Puerto Salgar, Contrato de Concesión 003 de 2014. Alto Magdalena S.A.S.",15_04_Comunic_Recibidas/2018/CI004_GP-8769_070109_ANI_030848-1_PQR_LCASALLAS.pdf
844,1,CONCESIÓN ALTO MAGDALENA S.A.S.,ALMA-2018-0951,CONSORCIO 4C,GP-7299,28/02/2017,"Entrega de un (1) expediente predial de la unidad funcional 3, para aprobación de alcance ficha predial.",15_04_Comunic_Recibidas/2018/CI004_GP-7299_070401_CON_0951_EXP_PREDIAL.pdf
839,10,CONCESIÓN ALTO MAGDALENA S.A.S.,ALMA-2018-2664,CONSORCIO 4C,GP-8293,11/07/2018,"Respuesta a reclamación del día 03 de abril de 2018 anexa al expediente identificado como PQRS-UF5-2018-319 - Fijación o determinación de la posible área (m2) de la propiedad con matrícula predial 106 326 y ficha catastral 00 01 0001 0116 000, que colinda con la actual autopista La Dorada-Caldas - Honda - Bogotá (vía antigua), relacionada con posible ampliación o mejoramiento de la calzada sencilla existente. Radicado ANI 2018 -409-03723-2 radicado Interno ALMA-R-2018-1326 del 24 de abril de 2018 - Traslado Recurso de Reposición en Subsidio de Apelación.",15_04_Comunic_Recibidas/2018/CI004_GP-8293_070109_CON_2664_REPOSI_SUBSID_APELACION.pdf
837,4,CONCESIÓN ALTO MAGDALENA S.A.S.,ALMA-2018-2047,CONSORCIO 4C,GP-7913,24/05/2018,Su comunicación CI.004/GP4348/18/7.1.3 – Radicado ALMA-R-2018-1404 del 03 de mayo de 2018. Seguimiento Calidad Cicloruta-UF2.,15_04_Comunic_Recibidas/2018/CI004_GP-7913_070103_CON_2047_SEGUI_CICLO_RUTA.pdf
843,4,,,CONSORCIO 4C,GP-8789,25/09/2018,"Inviabilidad operativa de la Planta de Trituración (Azul) perteneciente al Contrato de Concesión Minero No. 22440, ubicada en la margen izquierda aguas abajo del Río Seco del municipio de Guataquí – Cundinamarca frente al puente, (más o menos en el abscisado K40+300 – K40+400).",15_04_Comunic_Recibidas/2018/CI004_GP-8789_070109-070401_JGONZALEZ_SINNUMERO_DP.pdf
848,1,CONCESIÓN ALTO MAGDALENA S.A.S.,ALMA-2018-1234,CONSORCIO 4C,GP-8405,22/03/2018,"Respuesta a su comunicación, CI.004/GP4046/2018/7.4.6 del 13 de Marzo de 2018 (Rad. Interno ALMA-R-2018-0853), Entrega de un (1) expediente predial de la unidad funcional 3 para aprobación de Avalúo comercial corporativo.",15_04_Comunic_Recibidas/2018/CI004_GP-8405_070406_CON_1234_EXP_AVALUO.pdf
850,1,CONCESIÓN ALTO MAGDALENA S.A.S.,ALMA-2018-1161,CONSORCIO 4C,GP-7558,14/03/2018,"Respuesta a su comunicación, CI.004/GP3952/18/7.4.1 del 21 de Febrero de 2018 (Rad. Interno ALMA-R-2018-0669), Entrega de un (1) expedientes prediales de la unidad funcional 3 para aprobación de Avalúo comercial corporativo.",15_04_Comunic_Recibidas/2018/CI004_GP-7558_070401_CON_1161_EXP_AVALUO.pdf
841,1,CONCESIÓN ALTO MAGDALENA S.A.S.,ALMA-2018-1381,CONSORCIO 4C,GP-7959,06/04/2018,Respuesta a su comunicación CI.004/GP4074/18/7.1.10 del 15 de Marzo de 2018 (Radicado ALMA-R-2018-0882) Seguridad social Agosto – salarios julio 2017.,15_04_Comunic_Recibidas/2018/CI004_GP-7959_070110_CON_1381_SEGYSAL_AGO_JUL_17.pdf
847,1,CONCESION ALTO MAGDALENA S.A.S.,ALMA-2018-0233,CONSORCIO 4C,GP-6984,16/01/2018,"Respuesta a su comunicación, CI.004/GP3548/17/7.4.1 del 6 de Diciembre de 2017 (Rad. Interno ALMA-R-2017-4293), Entrega de un (1) expediente predial de la unidad funcional 3 para aprobación de ficha predial.",15_04_Comunic_Recibidas/2018/CI004_GP-6984_070401_CON_0233_EXP_PREDIAL.pdf
849,1,AGENCIA NACIONAL DE INFRAESTRUCTURA,2018-305-007449-1,CONSORCIO 4C,GP-7363,08/03/2018,Oficio radicado ANI 2018-409-018250-2 de 22/02/2018. Traslado Derecho de Petición Proyecto Girardot – Honda – Puerto Salgar. Contrato de Concesión 003 de 2014 – Concesión Alto Magdalena S.A.S.,15_04_Comunic_Recibidas/2018/CI004_GP-7363_070109_ANI_007449-1_DP_MMORA.pdf
846,2,CONCESIÓN ALTO MAGDALENA S.A.S.,ALMA-2018-4255,CONSORCIO 4C,GP-9125,13/11/2018,"Respuesta a su derecho de petición, identificado como PQR-UF5-2018-0537 del 23 de octubre de 2018.",15_04_Comunic_Recibidas/2018/CI004_GP-9125_070109_CON_4255_DP_JSANCHEZ.pdf
854,2,CONCESIÓN ALTO MAGDALENA S.A.S.,ALMA-2018-0340,CONSORCIO 4C,GP-7033,23/01/2018,Solicitud intervención redes de acueducto veredales,15_04_Comunic_Recibidas/2018/CI004_GP-7033_070115_CON_0340_RTA_ACUEDUCT_VERED.pdf
851,1,CONCESIÓN ALTO MAGDALENA S.A.S.,ALMA-2018-1971,CONSORCIO 4C,GP-7868,21/05/2018,Su comunicación Cl.004/GP4450/18/7.1.10 - Radicado ALMA-R-2018-1580 del 18 de mayo de 2018. Solicitud de Procedimiento Andenes y Barandas UF1 Puente Flandes,15_04_Comunic_Recibidas/2018/CI004_GP-7868_070110_CON_1971_ANDEN_BARAND_PTE_UF1.pdf
852,4,CONCESIÓN ALTO MAGDALENA S.A.S.,ALMA-2018-4449,CONSORCIO 4C,GP-9301,22/11/2018,Conciliación cifras de estados financieros referentes a la respuesta de Confirmación de saldos a junio 30 de 2018 a PricewaterhouseCoopers. Radicado ANI: 20184010249301 del 06 de agosto del 2018.,15_04_Comunic_Recibidas/2018/CI004_GP-9301_070201_CON_4449_CONCI_ESTAD_FINAN.pdf
855,1,CONCESIÓN ALTO MAGDALENA S.A.S.,ALMA-2018-2028,CONSORCIO 4C,GP-8070,25/05/2018,Entrega de un (1) expediente para aprobación del Avalúo Comercial Corporativo.,15_04_Comunic_Recibidas/2018/CI004_GP-8070_070406_CON_2028_EXP_AVALUO.pdf
853,1,CONCESIÓN ALTO MAGDALENA S.A.S.,ALMA-2018-4306,CONSORCIO 4C,GP-9180,14/11/2018,"Entrega expediente para aprobación del Avalúo Comercial Corporativo, ALMA-5-0012-1.",15_04_Comunic_Recibidas/2018/CI004_GP-9180_070406_CON_4306_EXP_AVALUO.pdf
858,1,CONCESIÓN ALTO MAGDALENA S.A.S.,ALMA-2018-1208,CONSORCIO 4C,GP-7465,20/03/2018,Informe ejecutivo de avance de ejecución predial del mes de Febrero de año 2018.,15_04_Comunic_Recibidas/2018/CI004_GP-7465_070401_CON_1208_INF_PREDIAL_FEB.pdf
859,5,CONCESIÓN ALTO MAGDALENA S.A.S.,ALMA-2018-2825,CONSORCIO 4C,GP-8392,24/07/2018,"Comunicación Cl.004/GP4825/18/9.3 - Radicado ALMA-R-2018-2274 del 18/07/2018. Verificación de correcciones y complementos Unidades Funcionales 1, 2 y 4.",15_04_Comunic_Recibidas/2018/CI004_GP-8392_090300_CON_2825_CORRE_COMPLE_UF1_2_4.pdf
845,1,CONCESIÓN ALTO MAGDALENA S.A.S.,ALMA-2018-0449,CONSORCIO 4C,GP-7086,30/01/2018,Entrega de Bitácoras de obra Puente Flandes sobre Río Magdalena – UF1,15_04_Comunic_Recibidas/2018/CI004_GP-7086_070103_CON_0449_BITAC_PTE_UF1.pdf
857,7,AGENCIA NACIONAL DE INFRAESTRUCTURA,2018-305-022571-1,CONSORCIO 4C,GP-8326,19/07/2018,Respuesta a su oficio 20184090595382 15/06/2018 y 20184090630322 26/06/2018- Aprobación Hojas de vida - Contrato de Interventoría No.145 de 2014.- Proyecto Girardot Honda Puerto Salgar. Contrato 003 de 2014 Concesión Alto Magdalena SAS.,15_04_Comunic_Recibidas/2018/CI004_GP-8326_020200_ANI_022571-1_APROB_HV_INTERV.pdf
863,1,CONCESIÓN ALTO MAGDALENA S.A.S.,ALMA-2018-3093,CONSORCIO 4C,GP-8530,10/08/2018,Presentación de los formatos establecidos en el Numeral 4.5 Literal (u) Parte general del Contrato.,15_04_Comunic_Recibidas/2018/CI004_GP-8530_070201_CON_3093_FOR_GCSP-F001_JUL.pdf
864,4,CONCESIÓN ALTO MAGDALENA S.A.S.,ALMA-2018-0352,CONSORCIO 4C,GP-7038,23/01/2018,Solicitud de Restitución de Bienes de Uso Público.,15_04_Comunic_Recibidas/2018/CI004_GP-7038_070109_CON_0352_RESTITUCION_BIENES.pdf
860,1,CONCESIÓN ALTO MAGDALENA S.A.S.,ALMA-2018-0487,CONSORCIO 4C,GP-7090,31/01/2018,"Entrega de un (3) expedientes prediales de la unidad funcional 3, para aprobación de ficha predial.",15_04_Comunic_Recibidas/2018/CI004_GP-7090_070401_CON_0487_EXP_PREDIAL.pdf
862,1,CONCESIÓN ALTO MAGDALENA S.A.S.,ALMA-2018-4006,CONSORCIO 4C,GP-9003,18/10/2018,"Respuesta al oficio CI.004/GP5311/18/7.4.1, con fecha 4 de octubre de 2018 radicado interno ALMA-R-2018-2236.",15_04_Comunic_Recibidas/2018/CI004_GP-9003_070401_CON_4006_EXP_PREDIAL.pdf
840,2,CONCESIÓN ALTO MAGDALENA S.A.S.,ALMA-2018-4042,CONSORCIO 4C,GP-8977,18/10/2018,Respuesta a su comunicación Cl.004/GP5284/18/7.3.1 Radicado interno ALMA-R-2018-3073. Estrategias tráfico atraído aumento ingresos.,15_04_Comunic_Recibidas/2018/CI004_GP-8977_070301_CON_4042_TRAFICO_ATRAIDO.pdf
856,2,CONCESIÓN ALTO MAGDALENA S.A.S.,ALMA-2018-1095,CONSORCIO 4C,GP-7554,06/04/2018,Entrega de expedientes prediales de las Unidades Funcionales 1y 2 para revisión del componente Social.,15_04_Comunic_Recibidas/2018/CI004_GP-7554_070402_CON_1095_EXP_SOCIAL.pdf
861,1,CONCESIÓN ALTO MAGDALENA S.A.S.,ALMA-2018-1132,CONSORCIO 4C,GP-7414,13/03/2018,"Respuesta comunicación identificada como PQRS-UF3-2018-196 del 14 de febrero de 2018 - ""Solicitud de adecuación del acceso al predio donde se ubica el restaurante El Mirador""",15_04_Comunic_Recibidas/2018/CI004_GP-7414_070109_CON_1132_PQR_EL_MIRADOR.pdf
868,6,CONCESIÓN ALTO MAGDALENA S.A.S.,ALMA-2018-1408,CONSORCIO 4C,GP-7594,10/04/2018,Remisión copia de la respuesta a Derecho de petición con Radicado Alma-R-2018-0900. PQRS UF4-406 del 15 de marzo de 2018.,15_04_Comunic_Recibidas/2018/CI004_GP-7594_070109_CON_1408_DP_NMAHECHA.pdf
867,1,CONCESIÓN ALTO MAGDALENA S.A.S.,ALMA-2018-0586,CONSORCIO 4C,GP-7137,05/02/2018,"Entrega de un (1) expediente predial de la unidad funcional 3, para aprobación de ficha predial (Titulo Minero).",15_04_Comunic_Recibidas/2018/CI004_GP-7137_070401_CON_0586_EXP_TITU_MINERO.pdf
869,1,CONCESIÓN ALTO MAGDALENA S.A.S.,ALMA-2018-3339,CONSORCIO 4C,GP-8606,27/08/2018,Remisión de PQRS-UF3-2018-247 a nombre del señor Miguel Iván Polanco Sánchez- Inclusión para ser beneficiario de la tarifa especial de peaje ubicado en la Vereda Campo Alegre del Municipio de Guataquí.,15_04_Comunic_Recibidas/2018/CI004_GP-8606_070109_CON_3339_PQR_MIGUEL_POLANCO.pdf
866,4,CONCESIÓN ALTO MAGDALENA S.A.S.,ALMA-2018-2502,CONSORCIO 4C,GP-8205,27/06/2018,"Respuesta comunicado ANI 2018-603-010871-1 del 11 de abril de 2018, radicado bajo consecutivo ALMA-R-2018-1243 el 16 de abril de 2018.",15_04_Comunic_Recibidas/2018/CI004_GP-8205_070402_CON_2502_COMPEN_SOCIOECO.pdf
873,1,CONCESION ALTO MAGDALENA S.A.S.,ALMA-2018-0798,CONSORCIO 4C,GP-7253,19/02/2018,Entrega de un (1) expediente para aprobación del Avalúo Comercial Corporativo de la unidad funcional 3.,15_04_Comunic_Recibidas/2018/CI004_GP-7253_070401_CON_0798_EXP_AVALUO.pdf
872,8,CONCESIÓN ALTO MAGDALENA S.A.S.,ALMA-2018-0267,CONSORCIO 4C,GP-6987,17/01/2018,"Entrega 231 Actas de Vecindad de las UF 1, 4 y 5 - Municipio Flandes, Inspección de Cambao y Municipio La Dorada.",15_04_Comunic_Recibidas/2018/CI004_GP-6987_070109_CON_0267_ACT_VECINDAD.pdf
870,7,CONCESIÓN ALTO MAGDALENA S.A.S.,ALMA-2018-2907,CONSORCIO 4C,GP-8431,30/07/2018,Respuesta comunicados CI.004/GP4725/18/7.1.8 del 27 de junio de 2018 (Radicado interno ALMA-R-2018-2061 del 27 de junio de 2018).- CI.004/GP4783/18/7.1.8 del 07 de julio de 2018 (Radicado interno ALMA-R-2018-2193 del 09 de julio de 2018). Aspectos e impactos ambientales UF 5.4.,15_04_Comunic_Recibidas/2018/CI004_GP-8431_070108_CON_2907_ASPEC_IMPACT_AMB_UF5.4.pdf
871,11,CONCESIÓN ALTO MAGDALENA S.A.S.,ALMA-2018-1615,CONSORCIO 4C,GP-7737,24/04/2018,"Notificación Evento Eximente de Responsabilidad como consecuencia de la no entrega oportuna de la carpeta correspondiente al predio ALMA-3-0062, (expediente predial), con la respectiva Resolución de Expropiación, para iniciar los trámites de expropiación judicial dentro de los tiempos estipulados por la Ley.",15_04_Comunic_Recibidas/2018/CI004_GP-7737_050300_CON_1615_EER_PREDIO_ALMA-3-0062.pdf
876,2,CONCESIÓN ALTO MAGDALENA S.A.S.,ALMA-2018-3167,CONSORCIO 4C,GP-8558,17/08/2018,Solicitud de áreas para implementación de medidas de compensación.,15_04_Comunic_Recibidas/2018/CI004_GP-8558_070108_CON_3167_MEDID_COMPENSA.pdf
875,12,Juzgado Noveno Civil Municipal Oral Armenia-Quindío,2377,CONSORCIO 4C,GP-8278,13/07/2018,Notificación vinculación,15_04_Comunic_Recibidas/2018/CI004_GP-8278_050300_JARMENIA_2377_TUTELA_WARBOLEDA.pdf
877,1,CONCESIÓN ALTO MAGDALENA S.A.S.,ALMA-2018-2202,CONSORCIO 4C,GP-8588,05/06/2018,"Entrega de un (1) expediente predial de la unidad funcional 3, para aprobación de ficha predial.",15_04_Comunic_Recibidas/2018/CI004_GP-8588_070401_CON_2202_EXP_PREDIAL.pdf
879,1,CONCESIÓN ALTO MAGDALENA S.A.S.,ALMA-2018-1593,CONSORCIO 4C,GP-7704,23/04/2018,Respuesta a su comunicación identificada con el consecutivo CI.004/GP4136/18/7.4.4 del 23 de marzo de 2018. (ALMA-R-2018-1014 del 27 de marzo de 2018). Entrega de un (1) expediente de la Unidad Funcional 2 para revisión en la etapa de expropiación.,15_04_Comunic_Recibidas/2018/CI004_GP-7704_070404_CON_1593_EXP_EXPRO.pdf
878,1,CONCESIÓN ALTO MAGDALENA S.A.S.,ALMA-2018-4539,CONSORCIO 4C,GP-9313,30/11/2018,Respuesta a su comunicado CI.004/GP5524/18/7.5 del 07 de noviembre de 2018 (Radicado Interno ALMA-R-2018-3506). Memoria Técnica agosto de 2018.,15_04_Comunic_Recibidas/2018/CI004_GP-9313_070500_CON_4539_MEMOTEC_AGO.pdf
874,2,CONCESIÓN ALTO MAGDALENA S.A.S.,ALMA-2018-1293,CONSORCIO 4C,GP-7521,26/03/2018,Respuesta a oficio CI.004/GP4031/18/7.1.9. Radicado interno ALMA-R-2018-0822 Permanencia Oficina Satélite UF 1 y 2.,15_04_Comunic_Recibidas/2018/CI004_GP-7521_070109_CON_1293_PERMA_OFIC_SATEL.pdf
883,3,CONSORCIO 4C,CI004/GP-7956/18/7.1.9-7.1.7-7.1.9,CONSORCIO 4C,GP-7956,30/05/2018,Respuesta comunicación CI.004/4176/18/7.1.9 recibida el 03 de abril de 2018.,15_04_Comunic_Recibidas/2018/CI004_GP-7956_070109-070401-070107_CON_2133_GEST_PRED_UF5.pdf
882,3,CONCESIÓN ALTO MAGDALENA S.A.S.,ALMA-2018-0849,CONSORCIO 4C,GP-7281,22/02/2018,Respuesta a comunicado Radicado ANI 2018 - 409-00-5652-1 de 13/01/2018 - Traslado queja proyecto Girardot -Honda - Pto Salgar - Contrato de concesión (Radicado Interno ALMA- R- 2018-0515 DEL 02/02/2018 PQRS UF2 2018 260 - Condominio Algarrobos.,15_04_Comunic_Recibidas/2018/CI004_GP-7281_070103-070109_CON_0849_COND_ALGARROB.pdf
887,2,CONCESION ALTO MAGDALENA S.A.S.,ALMA-2018-2212,CONSORCIO 4C,GP-7985,05/06/2018,Su comunicación CI.004/GP4451/18/9.3 - Radicado ALMA-2018-R-1588 del 21 de mayo de 2018. Entrega de intervenciones. UF1 Subsector 2.,15_04_Comunic_Recibidas/2018/CI004_GP-7985_090300_CON_2212_INTERVENCIONES_UF1.pdf
865,1,CONCESIÓN ALTO MAGDALENA S.A.S.,ALMA-2018-1509,CONSORCIO 4C,GP-7622,13/04/2018,Entrega de UN (1) expediente para aprobación del Concepto de Titulo Minero.,15_04_Comunic_Recibidas/2018/CI004_GP-7622_070401_CON_1509_EXP_TITUL_MIN.pdf
885,1,CONCESIÓN ALTO MAGDALENA S.A.S.,ALMA-2018-2574,CONSORCIO 4C,GP-8238,04/07/2018,Respuesta a su comunicación CI.004/GP4538/18/7.1.8 del 29 de mayo de 2018 (Rad. Interno ALMA-R-2018-1734 del 29 de mayo de 2018). Observaciones Memoria Técnica abril 2018 Componente Ambiental / Respuesta comunicado ALMA-2018-1967.,15_04_Comunic_Recibidas/2018/CI004_GP-8238_070108_CON_2574_OBS_AMB_MEMOTEC.pdf
881,34,CONCESIÓN ALTO MAGDALENA S.A.S.,ALMA-2018-1733,CONSORCIO 4C,GP-7732,02/05/2018,Entrega de Registro consolidado de recuperación de espacio público a marzo de 2018.,15_04_Comunic_Recibidas/2018/CI004_GP-7732_070109_CON_1733_RECUP_ESPAC_PUB.pdf
886,2,CONCESIÓN ALTO MAGDALENA S.A.S.,2018-409-045120-2,CONSORCIO 4C,GP-7996,03/05/2018,Citación para Notificación personal de la Resolución No. 0732 del 02 de mayo de 2018 - Predio No. ALMA-4-0061. Proyecto vial HONDA - PUERTO SALGAR - GIRARDOT.,15_04_Comunic_Recibidas/2018/CI004_GP-7996_070404_CON_1746_NOTIF_VICON.pdf
884,1,CONCESIÓN ALTO MAGDALENA S.A.S.,ALMA-2018-1198,CONSORCIO 4C,GP-7458,20/03/2018,Entrega de un (1) expediente de la Unidad Funcional 2 para revisión en la etapa de expropiación.,15_04_Comunic_Recibidas/2018/CI004_GP-7458_070404_CON_1198_EXP_EXPRO.pdf
880,15,Agencia Nacional de Infraestructura,20183050300841,CONSORCIO 4C,GP-8706,11/09/2018,"Cumplimiento al cronograma de obras para la entrega de la UF 5. - Proyecto Girardot - Honda - Puerto Salgar, Contrato de Concesión 003 de 2014. Alto Magdalena S.A.S.",15_04_Comunic_Recibidas/2018/CI004_GP-8706_070101_ANI_030084-1_CUMPLI_CRONOG_UF5.pdf
889,2,CONCESIÓN ALTO MAGDALENA S.A.S.,ALMA-2018-0240,CONSORCIO 4C,GP-6945,16/01/2018,"Respuesta a su comunicación, CI.004/GP3729/18/7.4.1 del 11 de Enero de 2018, entrega de seis (6) expedientes para aprobación del Avalúo Comercial Corporativo de la unidad funcional 3.",15_04_Comunic_Recibidas/2018/CI004_GP-6945_070401_CON_0240_RTA_EXPD_AVALU_UF3.pdf
890,7,CONCESIÓN ALTO MAGDALENA S.A.S.,ALMA-2018-0347,CONSORCIO 4C,GP-7031,24/01/2018,Informe de compromisos según comité del 17 de enero 2018.,15_04_Comunic_Recibidas/2018/CI004_GP-7031_070401_CON_0347_INFO_COMPRO.pdf
891,1,CONCESIÓN ALTO MAGDALENA S.A.S.,ALMA-2018-2643,CONSORCIO 4C,GP-8284,12/07/2018,Entrega de un (1) expediente para aprobación del Avalúo Comercial Corporativo.,15_04_Comunic_Recibidas/2018/CI004_GP-8284_070401_CON_2643_EXP_AVALUO.pdf
888,1,CONCESIÓN ALTO MAGDALENA S.A.S.,ALMA-2018-2311,CONSORCIO 4C,GP-8065,19/06/2018,Entrega de un (1) expediente de la Unidad Funcional 2 para revisión en la etapa de expropiación.,15_04_Comunic_Recibidas/2018/CI004_GP-8065_070404_CON_2311_EXP_EXPRO.pdf
895,2,CONCESIÓN ALTO MAGDALENA S.A.S.,ALMA-2018-3675,CONSORCIO 4C,GP-8820,20/09/2018,Solicitud de acciones de recuperación de bienes de uso público en el Municipio Guaduas Cundinamarca.,15_04_Comunic_Recibidas/2018/CI004_GP-8820_070109_CON_3675_RECUP_BIENES_PUB.pdf
893,8,CONCESIÓN ALTO MAGDALENA S.A.S.,ALMA-2018-1707,CONSORCIO 4C,GP-7753,30/04/2018,"Su comunicación Cl.004/GP4314/18/7.3.3, - Radicado ALMA-R-2018-1333 del 24 de abril de 2018. Medición Niveles de Servicio - Marzo de 2018.",15_04_Comunic_Recibidas/2018/CI004_GP-7753_070303_CON_1707_NIVEL_SERV_MAR.pdf
899,1,CONCESION ALTO MAGDALENA S.A.S.,ALMA-2018-1814,CONSORCIO 4C,GP-7884,07/05/2018,Entrega de un (1) expediente para aprobación del Avalúo Comercial Corporativo.,15_04_Comunic_Recibidas/2018/CI004_GP-7884_070406_CON_1814_EXP_AVALUO.pdf
892,2,CONCESIÓN ALTO MAGDALENA S.A.S.,ALMA-2018-4460,CONSORCIO 4C,GP-9283,27/11/2018,Respuesta comunicación CI.004/GP5541/18/7.3.4 del 09 de noviembre de 2018. (Radicado ALMA-R-2018-3530). - Baches UF 5.2.,15_04_Comunic_Recibidas/2018/CI004_GP-9283_070304_CON_4460_BACHES_UF5.2.pdf
896,11,CONCESIÓN ALTO MAGDALENA S.A.S.,ALMA-2018-0120,CONSORCIO 4C,GP-6916,11/01/2018,Respuesta radicado 07182100043 Entrega Documentos adicionales trámite Licenciamiento Ambiental Autorización Temporal SCV-09031.,15_04_Comunic_Recibidas/2018/CI004_GP-6916_070108_CON_0120_LICENCIA_AMBIENTAL_SCV-09031.pdf
894,1,CONCESIÓN ALTO MAGDALENA S.A.S.,ALMA-2018-1989,CONSORCIO 4C,GP-7930,22/05/2018,Entrega de expediente predial de la unidad funcional 3 para revisión del componente Social.,15_04_Comunic_Recibidas/2018/CI004_GP-7930_070402_CON_1989_EXP_SOCIAL.pdf
901,1,CONCESIÓN ALTO MAGDALENA S.A.S.,ALMA-2018-3480,CONSORCIO 4C,GP-8732,05/09/2018,Entrega de un expediente predial de la unidad funcional 5 para aprobación.,15_04_Comunic_Recibidas/2018/CI004_GP-8732_070401_CON_3480_EXP_PREDIAL.pdf
897,4,CONCESIÓN ALTO MAGDALENA S.A.S.,ALMA-2018-4593,CONSORCIO 4C,GP-9341,05/12/2018,GCSP-F-001 Informe de Mantenimiento de Bienes de uso Público del mes de Noviembre de 2018.,15_04_Comunic_Recibidas/2018/CI004_GP-9341_070202_CON_4593_FOR_GCSP-F001_NOV.pdf
904,1,CONCESIÓN ALTO MAGDALENA S.A.S.,ALMA-2018-4109,CONSORCIO 4C,GP-9018,26/10/2018,"Respuesta comunicado CI.004/GP5364/18/7.1.9, radicado interno ALMA -R- 2018-3194 cierre compromiso predio ALMA-4-016",15_04_Comunic_Recibidas/2018/CI004_GP-9018_070109_CON_4109_CIERRE-COMPRO_PREDIO_4-016.pdf
900,1,CONCESIÓN ALTO MAGDALENA S.A.S.,ALMA-2018-2718,CONSORCIO 4C,GP-8332,16/07/2018,Presentación de los formatos establecidos en el Numeral 4.5 Literal (u) Parte general del Contrato.,15_04_Comunic_Recibidas/2018/CI004_GP-8332_070202_CON_2718_FOR_GCSP-F001_JUN.pdf
898,44,AGENCIA NACIONAL DE INFRAESTRUCTURA,2018-305-007447-1,CONSORCIO 4C,GP-7361,08/03/2018,Solicitud concepto interventoría Eventos Eximentes de responsabilidad - Gestión Predial - Radicados ANI No 20184090191152 - 20184090191342 - Contrato de Concesión No 003 de 2014 - Girardot - Honda - Puerto Salgar.,15_04_Comunic_Recibidas/2018/CI004_GP-7361_050300_ANI_007447-1_EER_GEST_PREDI.pdf
907,2,CONCESIÓN ALTO MAGDALENA S.A.S.,ALMA-2018-1470,CONSORCIO 4C,GP-7673,12/04/2018,"Envío Formularios de liquidación y declaración de regalías Primer Trimestre Año 2018. Expediente: Autorización Temporal SAV-08571 - ""Lote Oriental 2"".",15_04_Comunic_Recibidas/2018/CI004_GP-7673_070108_CON_1470_FOR_REGALIAS.pdf
906,8,,,CONSORCIO 4C,GP-7141,06/02/2018,DERECHO DE PETICION,15_04_Comunic_Recibidas/2018/CI004_GP-7141_070109-070401_SINNUMERO_DP_DHERNANDEZ.pdf
905,1,AGENCIA NACIONAL DE INFRAESTRUCTURA,2018-305-017987-1,CONSORCIO 4C,GP-8056,13/06/2018,Oficio radicado ANI 20184090538502. Seguimiento Deficiencias de Niveles Viga Cabezal Eje No. 7 Apoyo Vigas Postensadas Puente Salgar. Proyecto Girardot – Honda – Puerto Salgar. Contrato de Concesión 003 de 2014 – Concesión Alto Magdalena S.A.S.,15_04_Comunic_Recibidas/2018/CI004_GP-8056_070103_ANI_017987-1_DEFICI_VIG_PTE_SALGAR.pdf
910,1,CONCESIÓN ALTO MAGDALENA S.A.S.,ALMA-2018-3239,CONSORCIO 4C,GP-8622,17/08/2018,Entrega de un expediente predial de la unidad funcional 5 para aprobación.,15_04_Comunic_Recibidas/2018/CI004_GP-8622_070401_CON_3239_EXP_PREDIAL.pdf
908,2,CONCESIÓN ALTO MAGDALENA S.A.S.,ALMA-2018-1267,CONSORCIO 4C,GP-7514,23/03/2018,Su comunicación 2018-305-007741-1 fechada el 12 de marzo de 2018 – Radicado ALMA-R-2018-0910 del 16 de marzo de 2018. Oficio radicado ANI 2018-409-005652-2. Su comunicación ALMA-2018-0849,15_04_Comunic_Recibidas/2018/CI004_GP-7514_070109_CON_1267_SOL_SCTUD_EGUARNIZO.pdf
914,2,CONCESIÓN ALTO MAGDALENA S.A.S.,ALMA-2018-1630,CONSORCIO 4C,GP-7727,23/04/2018,Su comunicación CI.004/GP4155/18/7.1.3 - Radicado ALMA-2018-1041 del 28 de marzo de 2018. Seguimiento Calidad Procesos Constructivos Muro Mecánicamente Estabilizado UF 5.4.,15_04_Comunic_Recibidas/2018/CI004_GP-7727_070103_CON_1630_MURO_UF5.4.pdf
915,4,CONSORCIO 4C,ANI-011898-1,CONSORCIO 4C,GP-7666,20/04/2018,Concepto jurídico sobre descuentos tributarios en el pago de compensaciones socioeconómicas establecidas en la resolución 545 de 2008 Respuesta radicado 20174090538932,15_04_Comunic_Recibidas/2018/CI004_GP-7666_070402_ANI_011898-1_COMPEN_SOCIOECO.pdf
912,3,Agencia Nacional de Infraestructura,20183050348161,CONSORCIO 4C,GP-8958,19/10/2018,"Remisión Solicitud de Transporte Alcaldía Puerto Salgar – Proyecto Girardot – Honda – Puerto Salgar, Contrato de Concesión 003 de 2014. Alto Magdalena S.A.S.",15_04_Comunic_Recibidas/2018/CI004_GP-8958_070109_ANI_034816-1_SCTUD_TRANP_ALCALDIA.pdf
903,1,CONCESIÓN ALTO MAGDALENA S.A.S.,ALMA-2018-4007,CONSORCIO 4C,GP-8978,18/10/2018,"Respuesta al oficio CI.004/GP5355/18/7.4.1, con fecha 11 de octubre de 2018 radicado interno ALMA-R-2018-3185.",15_04_Comunic_Recibidas/2018/CI004_GP-8978_070401_CON_4007_EXP_PREDIAL.pdf
913,1,CONCESIÓN ALTO MAGDALENA S.A.S.,ALMA-2018-1901,CONSORCIO 4C,GP-7986,16/05/2018,Entrega de un (1) expediente para aprobación del Avalúo Comercial Corporativo de la unidad funcional 3.,15_04_Comunic_Recibidas/2018/CI004_GP-7986_070406_CON_1901_EXP_AVALUO.pdf
917,13,CONCESIÓN ALTO MAGDALENA S.A.S.,ALMA-2018-0198,CONSORCIO 4C,GP-6948,15/01/2018,Presentación de los formatos establecidos en el Numeral 4.5 Literal (u) Parte general del Contrato.,15_04_Comunic_Recibidas/2018/CI004_GP-6948_070202_CON_0198_FOR_GCSP-F-001_DIC17.pdf
902,2,RUTH MAGALLY SUAREZ,,CONSORCIO 4C,GP-8144,26/06/2018,Derecho de petición,15_04_Comunic_Recibidas/2018/CI004_GP-8144_070109_RSUAREZ_SINNUMERO_DP_RSUAREZ.pdf
918,3,AGENCIA NACIONAL DE INFRAESTRUCTURA,20183050358171,CONSORCIO 4C,GP-9014,25/10/2018,"Remisión PQR allegada a la Agencia por parte del Sr. Carlos rojas Ochoa - Proyecto Girardot - Honda - Puerto Salgar, Contrato de Concesión 003 de 2014. Alto Magdalena S.A.S.",15_04_Comunic_Recibidas/2018/CI004_GP-9014_070109_ANI_035817-1_PQRS_CROJAS.pdf
920,2,CONCESIÓN ALTO MAGDALENA S.A.S.,ALMA-2018-4406,CONSORCIO 4C,GP-9231,20/11/2018,"Respuesta comunicado CI.004/GP5461/18/7.1.8 del 30 de octubre de 2018 (Radicado Interno ALMA-R-2018-3414). Seguimiento y Control Resolución 355 de 2016, permiso de ocupación de cauce Quebrada Burras.",15_04_Comunic_Recibidas/2018/CI004_GP-9231_070108_CON_4406_OCUP_CAUCE_PTE_BURRAS.pdf
922,3,CONCESIÓN ALTO MAGDALENA S.A.S.,CI004. 7.1.9,CONSORCIO 4C,GP-8891,08/10/2018,Notificación de presencia de animales vagos en la vía Publica en el km 27 + 000 de propiedad del señor Javier Martínez.,15_04_Comunic_Recibidas/2018/CI004_GP-8891_070109_CON_3897_PRESEN_ANIMAL_VIA.pdf
921,1,CONCESIÓN ALTO MAGDALENA S.A.S.,ALMA-2018-0440,CONSORCIO 4C,GP-7087,29/01/2018,"Sus comunicaciones CI.004/GP3592/17/7.1.7 - Radicado ALMA-R-2017-04431 del 21 de diciembre de 2017 - Acta de recorrido verificación cumplimiento Indicador E15 UF2 Puentes, Cl.004/GP3594/17/7.1.7 - Radicado ALMA-R-2017-04433 del 20 de diciembre de 2017 - Acta de recorrido verificación cumplimiento indicador E15 UF1 Puentes.",15_04_Comunic_Recibidas/2018/CI004_GP-7087_070000_CON_0440_ACTA_IND_E15_UF1_2.pdf
911,1,CONCESIÓN ALTO MAGDALENA S.A.S.,ALMA-2018-1683,CONSORCIO 4C,GP-7718,27/04/2018,Respuesta comunicado identificado como PQRS UFS 2018 373 del 24 de abril de 2018 - Invitación a Reunión.,15_04_Comunic_Recibidas/2018/CI004_GP-7718_070109_CON_1683_PQRS_INVIT_REUNION.pdf
916,2,CONCESIÓN ALTO MAGDALENA S.A.S.,ALMA-2018-3295,CONSORCIO 4C,GP-8602,22/08/2018,Sus comunicaciones CI.004/GP4730/18/7.1.1 - Radicado ALMA-R-2018-2095 del 28 de junio de 2018. CI.004/GP4864/18/7.1.1 - Radicado ALMA-R-2018-2337 del 24 de julio de 2018. CI.004/GP4905/18/7.1.1 - Radicado ALMA-R-2018-2396 de- 27 de julio de 2018. Seguimiento Plan de Obras - Gestión Predial Intersección Nuevo Puente de Honda Costado Occidental - Ruta 4510 Honda - La Dorada. Seguimiento Plan de Obras - Gestión Predial Intersección Nuevo Puente de Honda Costado Occidental - Ruta 4510 Honda - La Dorada. Seguimiento Plan de Obras - Gestión Predial Intersección Nuevo Puente de Honda Costado Occidental - Ruta 4510 Honda - La Dorada.,15_04_Comunic_Recibidas/2018/CI004_GP-8602_070101_CON_3295_SEGUI_GEST_PREDIAL_UF5.pdf
909,1,CONCESIÓN ALTO MAGDALENA S.A.S.,ALMA-2018-3363,CONSORCIO 4C,GP-8664,28/08/2018,Informe de desmantelamiento del campamento ubicado en el K7+600 de la Unidad Funcional 2.,15_04_Comunic_Recibidas/2018/CI004_GP-8664_070108_CON_3363_DESMANT_CAMPA_K7.pdf
919,1,CONCESIÓN ALTO MAGDALENA S.A.S.,ALMA-2018-1015,CONSORCIO 4C,GP-7351,02/03/2018,Calibración Equipos de Tensionamiento Puente sobre Río Magdalena UF1.,15_04_Comunic_Recibidas/2018/CI004_GP-7351_070103_CON_1015_EQUIP_TENSIO.pdf
927,2,Fiduciaria Bogotá,CSSA2018006159,CONSORCIO 4C,GP-8463,01/03/2018,RESPUESTA COMUNICADO C. I004/GP3768/17/2.2 INTERVENTORÍA CONSORCIO 4C P.A. ALTO MAGDALENA 3-1-63664,15_04_Comunic_Recibidas/2018/CI004_GP-8463_070202_FBTA_006159_OBS_ESTAD_FINAN.pdf
926,2,CONCESIÓN ALTO MAGDALENA S.A.S.,ALMA-2018-1313,CONSORCIO 4C,GP-7527,28/03/2018,Su Comunicación Cl.004/GP3277/17/7.1.3 – Radicado ALMA-R-2017-03645 del 17 de octubre de 2017. Calidad Procesos Constructivos Instalación BTA K55+030 Unidad Funcional 3,15_04_Comunic_Recibidas/2018/CI004_GP-7527_070103_CON_1313_BTA_K55_UF3.pdf
928,1,CONCESIÓN ALTO MAGDALENA S.A.S.,ALMA-2018-3422,CONSORCIO 4C,GP-8647,31/08/2018,Respuesta a su comunicación CI.004/GP5035/18/7.1.8 del 23 de agosto de 2018 (Radicado interno ALMA-R-2018-2644 del 23 de agosto de 2018). Observaciones Informe Trimestral Socio Ambiental 15 / Respuesta ALMA-2018-3003.,15_04_Comunic_Recibidas/2018/CI004_GP-8647_070108-070109_CON_3422_OBV_INF_TRIMES_15.pdf
929,1,CONCESIÓN ALTO MAGDALENA S.A.S.,ALMA-2018-4415,CONSORCIO 4C,GP-9382,20/11/2018,Entrega del expediente ALMA-5-0260 para aprobación del Avalúo Comercial Corporativo.,15_04_Comunic_Recibidas/2018/CI004_GP-9382_070406_CON_4415_EXP_AVALUO.pdf
931,1,CONCESION ALTO MAGDALENA S.A.S.,ALMA-2018-1592,CONSORCIO 4C,GP-7709,23/04/2018,Entrega de un (1) expediente de la Unidad Funcional 2 para revisión en la etapa de expropiación.,15_04_Comunic_Recibidas/2018/CI004_GP-7709_070404_CON_1592_EXP_EXPRO.pdf
925,1,CONCESIÓN ALTO MAGDALENA S.A.S.,ALMA-2018-0831,CONSORCIO 4C,GP-7277,20/02/2018,Procedimiento construcción andenes Puente Flandes sobre Río Magdalena – UF1,15_04_Comunic_Recibidas/2018/CI004_GP-7277_070107_CON_0831_ANDENES_PTE_UF1.pdf
932,8,CONCESIÓN ALTO MAGDALENA S.A.S.,ALMA-2018-2300,CONSORCIO 4C,GP-8044,13/06/2018,"Respuesta a comunicación CI.004/GP4435/18/5.3 del 11 de mayo de 2018, (ALMA-R-2018-1561 del 17 de mayo) Otorgamiento de plazo de cura, Tema: Incumplimiento de la obligación relacionada con la certificación de los pagos realizados derivados de la adquisición de predios, contemplada en el literal (c) de la sección 8.3 del apéndice técnico 7 del contrato concesión. (Incumplimiento a que hace alusión al literal (g) y la sección 6.1 de la parte especial del contrato de concesión.)",15_04_Comunic_Recibidas/2018/CI004_GP-8044_050300_CON_2300_PLAZ_CURA_PAG_PREDIOS.pdf
924,1,CONCESIÓN ALTO MAGDALENA S.A.S.,ALMA-2018-4304,CONSORCIO 4C,GP-9121,14/11/2018,"Entrega expediente para aprobación del Avalúo Comercial Corporativo, ALMA-5-0013-1.",15_04_Comunic_Recibidas/2018/CI004_GP-9121_070406_CON_4304_EXP_AVALUO.pdf
930,1,CONCESIÓN ALTO MAGDALENA S.A.S.,ALMA-2018-3364,CONSORCIO 4C,GP-9054,28/08/2018,Cumplimiento del Artículo Décimo Octavo de la Resolución 0660 de 20 de junio de 2016. Expediente LAV0004-00-2016,15_04_Comunic_Recibidas/2018/CI004_GP-9054_070108_CON_3364_ART_18_RESOL_0660.pdf
923,1,CONCESIÓN ALTO MAGDALENA S.A.S.,ALMA-2018-1373,CONSORCIO 4C,GP-7650,05/04/2018,Remisión Actas de Cálculo de Compensación Especial UF1 y UF2 y Acta de cálculo de Retribución UF4,15_04_Comunic_Recibidas/2018/CI004_GP-7650A_070211-070210_CON_1373_ACTAS_COMPEN_UF1_2_RETRI_UF4.pdf
940,1,CONCESIÓN ALTO MAGDALENA S.A.S.,ALMA-2018-1063,CONSORCIO 4C,GP-7390,08/03/2018,Ajuste presupuesto general de redes,15_04_Comunic_Recibidas/2018/CI004_GP-7390_070115_CON_1063_PRESUPU_REDES.pdf
938,5,CONCESIÓN ALTO MAGDALENA S.A.S.,ALMA-2018-0838,CONSORCIO 4C,GP-7237,21/02/2018,Revisión de Insumos Prediales.,15_04_Comunic_Recibidas/2018/CI004_GP-7237_070401_CON_0838_INSUM_PREDIAL.pdf
936,1,CONCESIÓN ALTO MAGDALENA S.A.S.,ALMA-2018-4188,CONSORCIO 4C,GP-9076,31/10/2018,"Entrega del Informe No. 2 - Resolución CAR No. 013 de 2016, Expediente 53272. UF 4.2",15_04_Comunic_Recibidas/2018/CI004_GP-9076_070108_CON_4188_INF_N°2_RESOL_CAR_N°013.pdf
937,1,CONCESIÓN ALTO MAGDALENA S.A.S.,ALMA-2018-1954,CONSORCIO 4C,GP-7922,18/05/2018,"Respuesta a su comunicación, CI.004/GP4307/17/7.4.1 del 16 de Marzo de 2018 (Rad. Interno ALMA-R-2018-1310), Entrega de un (1) expediente predial de la unidad funcional 3 para aprobación de ficha predial.",15_04_Comunic_Recibidas/2018/CI004_GP-7922_070401_CON_1954_EXP_PREDIAL.pdf
941,1,CONCESIÓN ALTO MAGDALENA S.A.S.,ALMA-2018-3290,CONSORCIO 4C,GP-8656,22/08/2018,Comunicación CI.004/GP4820/18/7.1.3 - Radicado ALMA-R-2018-2265 del 17 de julio de 2018. Solicitud Protocolo Prueba de Carga Puentes Peatonales UF2 y 3.,15_04_Comunic_Recibidas/2018/CI004_GP-8656_070103_CON_3290_PRUEBA_PTES_PEATON_UF2_3.pdf
942,1,CONCESION ALTO MAGDALENA S.A.S.,ALMA-2018-0093,CONSORCIO 4C,GP-6897,05/01/2018,Entrega de un (1) expediente de la Unidad Funcional 4 para revisión en la etapa de expropiación.,15_04_Comunic_Recibidas/2018/CI004_GP-6897_070404_CON_0093_EXPEDIENTE_UF4_EXPROPIACION.pdf
934,1,CONCESIÓN ALTO MAGDALENA S.A.S.,ALMA-2018-3575,CONSORCIO 4C,GP-8718,12/09/2018,Respuesta a su comunicación CI.004/GP5040/18/7.1.9 Radicado interno ALMA-R-2018-2651. Observaciones - Informe de Responsabilidad Social Ambiental 2017.,15_04_Comunic_Recibidas/2018/CI004_GP-8718_070109_CON_3575_INF_RESPONSA_SOCIOAMBIENTAL.pdf
933,1,CONCESIÓN ALTO MAGDALENA S.A.S.,ALMA-2017-5418,CONSORCIO 4C,GP-6860,29/12/2017,Informes prueba de carga Puentes Unidades Funcionales 1 y 2.,15_04_Comunic_Recibidas/2018/CI004_GP-6860_070107-070303_CON_5418_INF_PTES_UF1_2.pdf
946,3,AGENCIA NACIONAL DE INFRAESTRUCTURA – ANI,ANI-016713-1,CONSORCIO 4C,GP-7967,31/05/2018,Respuesta a sus comunicaciones ALMA-2017-4257 con radicado ANI No 20174091135412 y ALMA-2017-5356 - Cargo del consumo de energía - Contrato de Concesión No 003 de 2014 - Girardot - Honda - Puerto Salgar.,15_04_Comunic_Recibidas/2018/CI004_GP-7967_050300_ANI_016713-1_CONSUM_ENERG.pdf
945,3,CONCESIÓN ALTO MAGDALENA S.A.S.,ALMA-2018-1020,CONSORCIO 4C,GP-7355,05/03/2018,Respuesta a Comunicado Cl.004/GP3958/18/7.1.8 del 22 de febrero de 2018 (Rad. Interno ALMA-R-2018-0675 del 22 de febrero de 2018). Aspectos e Impactos Ambientales UF 5.4,15_04_Comunic_Recibidas/2018/CI004_GP-7355_070108_CON_1020_ASPE_IMPAC_UF5.4.pdf
935,1,CONCESIÓN ALTO MAGDALENA S.A.S.,ALMA-2018-1024,CONSORCIO 4C,GP-7358,05/03/2018,"Entrega de un (1) expediente predial de la unidad funcional 3, para aprobación de ficha predial.",15_04_Comunic_Recibidas/2018/CI004_GP-7358_070401_CON_1024_EXP_PREDIAL.pdf
944,2,CONCESIÓN ALTO MAGDALENA S.A.S.,ALMA-2018-0816,CONSORCIO 4C,GP-7266,20/02/2018,Respuesta a Comunicado Cl.004/GP3757/18/7.1.8 del 18 de enero de 2018 (Rad. Interno ALMA-R-2018-0213 del 18 de enero de 2018). Resolución No. 0472 de 28 de febrero de 2017.,15_04_Comunic_Recibidas/2018/CI004_GP-7266_070108_CON_0816_RESOL_0472.pdf
939,3,CONCESIÓN ALTO MAGDALENA S.A.S.,0507,CONSORCIO 4C,GP-8452,09/05/2018,Respuesta comunicado CI.004/GP4313/18/7.2.2 Observaciones Estados Financieros febrero 2018.,15_04_Comunic_Recibidas/2018/CI004_GP-8452_070202_CON_1822_OBS_ESTAD_FINAN_FEB.pdf
948,2,CONCESIÓN ALTO MAGDALENA S.A.S.,CI.004/GP4456/18/7.1.3,CONSORCIO 4C,GP-8140,22/06/2018,Su comunicación CI.004/GP4456/18/7.1.3 – Radicado ALMA-R-2018-1593 del 21 de mayo de 2018. Prueba de Carga Puente Río Magdalena UF1.,15_04_Comunic_Recibidas/2018/CI004_GP-8140_070103-090300_CON_2405_PRUEB_PTE_UF1.pdf
943,5,CONCESIÓN ALTO MAGDALENA S.A.S.,ALMA-2018-3208,CONSORCIO 4C,GP-8570,17/08/2018,"Solicitud de Restitución de Bienes de Uso Público en el Pr 48 + 460, Costado derecho sentido Guataquí - Beltrán",15_04_Comunic_Recibidas/2018/CI004_GP-8570_070109_CON_3208_RESTI_BIENES_USO_PUB.pdf
947,3,CONCESIÓN ALTO MAGDALENA S.A.S.,ALMA-2018-1555,CONSORCIO 4C,GP-7698,19/04/2018,Solicitud Retiro de casetas comerciales ubicadas en Bienes de Uso Público.,15_04_Comunic_Recibidas/2018/CI004_GP-7698_070109_CON_1555_RETIRO_CASETAS.pdf
953,21,Agencia Nacional de Infraestructura,20183050241431,CONSORCIO 4C,GP-8441,01/08/2018,Remisión Acta de declaratoria de ocurrencia de un evento eximente de responsabilidad en desarrollo del Proyecto Girardot Honda Puerto Salgar del contrato de Concesión No. 003 de 2014.,15_04_Comunic_Recibidas/2018/CI004_GP-8441_050300_ANI_024143-1_EER_PREDIOS_UF4.pdf
950,1,CONCESIÓN ALTO MAGDALENA S.A.S.,ALMA-2018-0199,CONSORCIO 4C,GP-6949,15/01/2018,Respuesta a sus comunicaciones CI.004/GP3111/17/7.1.1 - Radicado ALMA-R-2017-03319 del 27 de septiembre de 2017 y CI.004/GP3272/17/7.1.1 - Radicado ALMA-R-2017-03640 del 17 de octubre de 2017. Seguimiento Plan de Obras Taludes - Unidad Funcional 4.,15_04_Comunic_Recibidas/2018/CI004_GP-6949_070101_CON_0199_TALUDES_UF4.pdf
949,1,CONCESIÓN ALTO MAGDALENA S.A.S.,ALMA-2018-3475,CONSORCIO 4C,GP-8872,05/09/2018,Entrega de un expediente predial de la unidad funcional 5 para aprobación.,15_04_Comunic_Recibidas/2018/CI004_GP-8872_070401_CON_3475_EXP_PREDIAL.pdf
954,1,CONCESIÓN ALTO MAGDALENA S.A.S.,ALMA-2018-0202,CONSORCIO 4C,GP-6954,17/01/2018,Respuesta a su comunicación CI.004/GP3576/17/7.4.1 de fecha 15 de diciembre de 2017. Entrega de un (1) expediente para aprobación del Avalúo Comercial Corporativo.,15_04_Comunic_Recibidas/2018/CI004_GP-6954_070401_CON_0202_EXP_AVALUO.pdf
951,1,AGENCIA NACIONAL DE INFRAESTRUCTURA,2018-305-007448-1,CONSORCIO 4C,GP-7362,08/03/2018,Oficios radicado ANI 2018-409-019210-2. Reiteración Solicitud entrega Acta Parcial de Obra No 7 Proyecto Girardot - Honda - Puerto Salgar. Contrato de Concesión 003 de 2014 - Concesión Alto Magdalena S.A.S.,15_04_Comunic_Recibidas/2018/CI004_GP-7362_070115_ANI_007448-1_SCTD_ACTA_REDES.pdf
960,4,CONCESIÓN ALTO MAGDALENA S.A.S.,ALMA-2018-0231,CONSORCIO 4C,GP-6976,16/01/2018,Su comunicación CI.004/GP3242/17/7.1.7 - Radicado ALMA-R-2017- 03617 del 13 de octubre de 2017. Perdida Banca Pasos Provisionales.,15_04_Comunic_Recibidas/2018/CI004_GP-6976_070108_CON_0231_PERDID_BANCA.pdf
958,3,CONCESION ALTO MAGDALENA S.A.S.,ALMA-2018-1372,CONSORCIO 4C,GP-7567,04/04/2018,Respuesta a su comunicación CI.004/GP3871/17/7.1.10 del 13 febrero de 2018 (Radicado ALMA-R-2017-0525) Seguimiento condiciones de seguridad en el peaje.,15_04_Comunic_Recibidas/2018/CI004_GP-7567_070110_CON_1372_CONDI_SEG_PEAJE.pdf
952,3,CONCESIÓN ALTO MAGDALENA S.A.S.,ALMA-2018-0828,CONSORCIO 4C,GP-7264,20/02/2018,Respuesta a Comunicado CI.004/GP3755/18/7.1.8 del 18 de enero de 2018 (Rad. Interno ALMA-R-2018-0211 del 18 de enero de 2018). Aspectos e Impactos Operación Planta de Asfalto,15_04_Comunic_Recibidas/2018/CI004_GP-7264_070108_CON_0828_ASPE_IMPA_PLANT.pdf
957,1,CONCESIÓN ALTO MAGDALENA S.A.S.,ALMA-2018-3228,CONSORCIO 4C,GP-8621,17/08/2018,Entrega de un expediente predial de la unidad funcional 4 para aprobación.,15_04_Comunic_Recibidas/2018/CI004_GP-8621_070401_CON_3228_EXP_PREDIAL.pdf
956,1,CONCESIÓN ALTO MAGDALENA S.A.S.,ALMA-2018-1982,CONSORCIO 4C,GP-7875,21/05/2018,Su comunicación CI.004/GP4102/18/7.1.7 - Radicado ALMA-R-2018-0946 del 20 de marzo de 2018. Solicitud Diseños Marshall MSC-25 Asfalto Normalizado 60/70 y Diseño Marshall MSC-19 Asfalto Modificado Tipo III UF 5.2 y 5.4,15_04_Comunic_Recibidas/2018/CI004_GP-7875_070107_CON_1982_MEZCL_MSC-25_UF5.pdf
962,1,CONCESIÓN ALTO MAGDALENA S.A.S.,ALMA-2018-4243,CONSORCIO 4C,GP-9344,08/11/2018,Respuesta comunicación CI.004/GP5518/18/5.3 radicado ALMA-R-2018-3494,15_04_Comunic_Recibidas/2018/CI004_GP-9344_050300_CON_4243_PML_PROYECTO.pdf
961,2,CONCESIÓN ALTO MAGDALENA S.A.S.,ALMA-2018-3917,CONSORCIO 4C,GP-8921,08/10/2018,Solicitud de visita conforme al permiso de Levantamiento de veda - Resolución 0817 de 2016.,15_04_Comunic_Recibidas/2018/CI004_GP-8921_070108_CON_3917_LEV_VEDA_RESOL_0817.pdf
955,35,CONCESIÓN ALTO MAGDALENA S.A.S.,ALMA-2018-2240,CONSORCIO 4C,GP-8015,08/06/2018,Entrega de Registro consolidado de recuperación de espacio público a abril de 2018.,15_04_Comunic_Recibidas/2018/CI004_GP-8015_070109_CON_2240_RECUP_ESPACI_PUB.pdf
964,6,CONCESIÓN ALTO MAGDALENA S.A.S.,ALMA-2018-2919,CONSORCIO 4C,GP-8474,31/07/2018,Respuesta comunicación CI.004/GP4864/18/7.1.1 - Radicado ALMA-R-2018-2337 del 24 de julio de 2018. Seguimiento Plan de Obras - Gestión Predial Intersección Nuevo Puente de Honda Costado Occidental - Ruta 4510 Honda - La Dorada,15_04_Comunic_Recibidas/2018/CI004_GP-8474_070101-070108-050300_CON_2919_GEST_PREDIAL.pdf
963,4,CONCESIÓN ALTO MAGDALENA S.A.S.,ALMA-2018-2942,CONSORCIO 4C,GP-8475,31/07/2018,Direccionamiento de acuerdo a la suspensión Provisional de la Resolución 2684 de 2015 del Ministerio de Transporte (cálculo del daño emergente y el lucro cesante),15_04_Comunic_Recibidas/2018/CI004_GP-8475_070401_CON_2942_SUSPEN_PROVI_RESOL-2684.pdf
966,1,CONCESIÓN ALTO MAGDALENA S.A.S.,ALMA-2018-0207,CONSORCIO 4C,GP-6959,14/01/2018,Respuesta a su comunicación CI.004/GP3628/17/7.4.1 de fecha 26 de diciembre de 2017. Entrega de dos (2) expedientes para aprobación del Avalúo Comercial Corporativo.,15_04_Comunic_Recibidas/2018/CI004_GP-6959_070401_CON_0207_RTA_EXPD_AVALUO.pdf
959,1,CONCESIÓN ALTO MAGDALENA S.A.S.,ALMA-2018-3997,CONSORCIO 4C,GP-8937,16/10/2018,Medición de Indicadores Unidad Funcional 3.,15_04_Comunic_Recibidas/2018/CI004_GP-8937_070303-090300_CON_3997_MEDI_INDICA_UF3.pdf
970,21,CONCESIÓN ALTO MAGDALENA S.A.S.,ALMA-2018-2482,CONSORCIO 4C,GP-8189,26/06/2018,Respuesta a su comunicación CI.004/GP3380/17/7.1.7-7.1.8 del 07 de noviembre de 2017 (Rad. Interno ALMA-R-2017-03921 del 7 de noviembre de 2017) Revisión Ocupación de Cauce Box K70+964 Comunicación ALMA-2017-1538.,15_04_Comunic_Recibidas/2018/CI004_GP-8189_070108-070107_CON_2482_REV_BOX_K70.pdf
969,1,CONCESIÓN ALTO MAGDALENA S.A.S.,ALMA-2018-2990,CONSORCIO 4C,GP-8444,02/08/2018,Entrega de un (1) expediente para aprobación del Avalúo Comercial Corporativo.,15_04_Comunic_Recibidas/2018/CI004_GP-8444_070401_CON_2990_EXP_PREDIAL.pdf
967,1,AGENCIA NACIONAL DE INFRAESTRUCTURA,2018-305-003100-1,CONSORCIO 4C,GP-7134,02/02/2018,"Oficio radicado ANI 2018-409-006625-2 de 23/01/2018. Remisión Comunicación OJ-121-97. Registro Fotográfico del estado de vías antes y después de intervenciones – Concesión ALMA, Sector Cambao. Proyecto Girardot – Honda – Puerto Salgar. Contrato de Concesión 003 de 2014 – Concesión Alto Magdalena S.A.S.",15_04_Comunic_Recibidas/2018/CI004_GP-7134_070111-070109_ANI_003100-1_REG_FOTOG.pdf
968,1,Fiduciaria Bogotá,CSSA2018027637,CONSORCIO 4C,GP-8816,20/09/2018,INFORME MENSUAL DEL 1 AL 31 DE AGOSTO DE 2018 FIDEICOMISO FIDUBOGOTA-CONCESION ALTO MAGDALENA 3-1-63664,15_04_Comunic_Recibidas/2018/CI004_GP-8816_070202_FBTA_027637_INF_MEN_AGO.pdf
971,1,CONCESIÓN ALTO MAGDALENA S.A.S.,ALMA-2018-0359,CONSORCIO 4C,GP-7041,24/01/2018,"Sus comunicaciones CI.004/GP3622/17/7.1.3 8 – Radicado ALMA-R-2017-04466 del 26 de diciembre de 2017, CI.004/GP3758/18/7.1.3 – Radicado ALMA-R-2018-0214 del 18 de enero de 2018 y CI.004/GP3762/18/7.1.3 – Radicado ALMA-R-2018-0218 del 18 de enero de 2018 – Cotas Construcción y Rasante Puente Río Magdalena UF1 – Cotas Montaje Puente Sobre Río Magdalena UF1 y Cotas Construcción – Rasante Puente Río Magdalena UF1.",15_04_Comunic_Recibidas/2018/CI004_GP-7041_070103_CON_0359_COTAS_PTE_UF1.pdf
973,6,CONCESIÓN ALTO MAGDALENA S.A.S.,ALMA-2018-3550,CONSORCIO 4C,GP-8757,12/09/2018,Respuesta a su comunicación CI004/GP5114/18/7.1.15 de 05 de septiembre de 2018 Rad. Interno ALMA-R-2018-2781 - Intersección Puerto Salgar,15_04_Comunic_Recibidas/2018/CI004_GP-8757_070115_CON_3550_INTER_PTO_SALGAR.pdf
974,1,CONCESIÓN ALTO MAGDALENA S.A.S.,ALMA-2018-1162,CONSORCIO 4C,GP-7493,14/03/2018,"Respuesta a su comunicación, CI.004/GP3953/18/7.4.1 del 22 de Febrero de 2018 (Rad. Interno ALMA-R-2018-0670), Entrega de un (1) expedientes prediales de la unidad funcional 3 para aprobación de Avalúo comercial corporativo.",15_04_Comunic_Recibidas/2018/CI004_GP-7493_070401_CON_1162_EXP_AVALUO.pdf
976,1,CONCESIÓN ALTO MAGDALENA S.A.S.,ALMA-2018-0510,CONSORCIO 4C,GP-7102,02/02/2018,"Entrega de un (01) expediente predial de la Unidad Funcional 5.3, para aprobación de insumos prediales.",15_04_Comunic_Recibidas/2018/CI004_GP-7102_070401_CON_0510_EXP_PREDIAL.pdf
977,3,CONCESIOn ALTO MAGDALENA S.A.S,ALMA-2018-1272,CONSORCIO 4C,GP-7541,26/03/2018,"Compendio de procedimientos constructivos y de Seguridad y Salud en el trabajo de los Puentes Flandes, Guarino y Puerto Salgar.",15_04_Comunic_Recibidas/2018/CI004_GP-7541_070102_CON_1272_SEG_TBJO_PTES.pdf
965,1,CONCESIÓN ALTO MAGDALENA S.A.S.,ALMA-2018-4697,CONSORCIO 4C,GP-9399,17/12/2018,Donación de materiales provenientes de actividades de operación y mantenimiento vial.,15_04_Comunic_Recibidas/2018/CI004_GP-9399_070108_CON_4697_DONA_MATERIAL.pdf
978,1,CONCESION ALTO MAGDALENA S.A.S.,ALMA-2018-1213,CONSORCIO 4C,GP-8130,20/03/2018,"Respuesta a su comunicación, CI.004/GP2937/17/7.4.1 del 05 de Septiembre de 2017 (Rad. Interno ALMA-R-2017-02997), Entrega de un (1) expediente predial de la unidad funcional 3 para aprobación de Avalúo comercial corporativo.",15_04_Comunic_Recibidas/2018/CI004_GP-8130_070406_CON_1213_EXP_PREDIAL.pdf
980,6,CONCESIÓN ALTO MAGDALENA S.A.S.,ALMA-2018-3982,CONSORCIO 4C,GP-8971,16/10/2018,Respuesta a su comunicación CI.004/GP4872/18/7.18 del 25 de julio de 2018. (Rad. Interno No. ALMA-R-2018-2346). - Seguimiento Marco Normativo UF 4.1,15_04_Comunic_Recibidas/2018/CI004_GP-8971_070108_CON_3982_MARCO_NORMA_UF4.1.pdf
975,1,CONCESIÓN ALTO MAGDALENA S.A.S.,ALMA-2018-1727,CONSORCIO 4C,GP-7954,30/05/2018,Respuesta Comunicación CI.004/GP4531/18/7.4.2. Cargue Información Socio Predial OLYMPUS,15_04_Comunic_Recibidas/2018/CI004_GP-7954_070402_CON_2123_INFO_OLYMPUS.pdf
981,7,CONCESIÓN ALTO MAGDALENA S.A.S.,ALMA-2018-2399,CONSORCIO 4C,GP-8135,21/06/2018,Respuesta a su comunicación CI.004/GP4124/18/7.1.10 del 22 marzo de 2018 (Radicado ALMA-R-2018-0979) Condiciones de seguridad UF 3 semana 163.,15_04_Comunic_Recibidas/2018/CI004_GP-8135_070110_CON_2399_COND_SEG_UF3.pdf
979,1,CONCESIÓN ALTO MAGDALENA S.A.S.,ALMA-2018-4507,CONSORCIO 4C,GP-9293,29/11/2018,Respuesta comunicación CI.004/GP4058/18/7.1.3 del 14 de marzo de 2018 (Radicado ALMA-R-2018-0866). Solicitud Cronograma Intervención Andenes Unidad Funcional 5.2,15_04_Comunic_Recibidas/2018/CI004_GP-9293_070103_CON_4507_CRONOG_INTERV_ANDEN_UF5.2.pdf
985,1,CONCESIÓN ALTO MAGDALENA S.A.S.,ALMA-2018-2986,CONSORCIO 4C,GP-8542,02/08/2018,"Respuesta a su comunicación, CI.004/GP4753/18/7.4.1 del 03 de julio de 2018 (Rad. Interno ALMA-R-2018-2142), Entrega de dos (2) expedientes prediales de la unidad funcional 3 para aprobación de ficha predial.",15_04_Comunic_Recibidas/2018/CI004_GP-8542_070401_CON_2986_EXP_PREDIAL.pdf
984,1,CONCESIÓN ALTO MAGDALENA S.A.S.,ALMA-2018-1743,CONSORCIO 4C,GP-7760,02/05/2018,Comunicación CI 004/GP4040/18/7.1.8-Radicado ALMA-R-2018-0847 del 13 de marzo de 2018. Informe de cumplimiento Ambiental-ICA UF 4.1. Respuesta ALMA-2018-0302,15_04_Comunic_Recibidas/2018/CI004_GP-7760_070108_CON_1743_ICA_UF4.1.pdf
972,1,CONCESIÓN ALTO MAGDALENA S.A.S.,ALMA-2018-2782,CONSORCIO 4C,GP-8324,23/07/2018,Legalizaciones pagos prediales.,15_04_Comunic_Recibidas/2018/CI004_GP-8324_070401_CON_2782_LEGAL_PAG_PREDIALES.pdf
983,2,CONCESIÓN ALTO MAGDALENA S.A.S.,ALMA-2018-1563,CONSORCIO 4C,GP-7702,20/04/2018,Su comunicación Cl.004/GP4291/17/7.1.3 – Radicado ALMA-R-2018-1276 del 18 de abril de 2018 – Atraso Construcción Centros Poblados – UF2.,15_04_Comunic_Recibidas/2018/CI004_GP-7702_070101_CON_1563_CTROS_POBLAD_UF2.pdf
982,1,CONCESIÓN ALTO MAGDALENA S.A.S.,ALMA-2018-3235,CONSORCIO 4C,GP-8619,17/08/2018,Entrega de un expediente predial de la unidad funcional 5 para aprobación.,15_04_Comunic_Recibidas/2018/CI004_GP-8619_070401_CON_3235_EXP_PREDIAL.pdf
989,6,CONCESIÓN ALTO MAGDALENA S.A.S.,ALMA-2018-2606,CONSORCIO 4C,GP-8262,11/07/2018,Obras hidráulicas fluviales construidas sobre la ronda del río Magdalena en las Unidades Funcionales 2 y 4 - Resolución N° 0020 del 26 de enero de 2016.,15_04_Comunic_Recibidas/2018/CI004_GP-8262_070108_CON_2606_OBRA_HIDRA_FLUVIAL.pdf
991,7,CONCESIÓN ALTO MAGDALENA S.A.S.,ALMA-2018-3635,CONSORCIO 4C,GP-8749,17/09/2018,"Respuesta a comunicación CI.004/GP5107/18/9.3 del 05 de septiembre de 2018. (Radicado ALMA-R-2018-2774 del 05 de septiembre de 2018). Rta. ALMA-2018-2825. Verificación de Correcciones y Complementos Unidades Funcionales 1, 2 y 4.",15_04_Comunic_Recibidas/2018/CI004_GP-8749_090300_CON_3635_CORRE_COMPLE_UF1_2_4.pdf
994,1,AGENCIA NACIONAL DE INFRAESTRUCTURA,2018-305-027825-1,CONSORCIO 4C,GP-8595,27/08/2018,"Oficio radicado ANI 20184090845982 del 21 de agosto de 2018. Saneamiento del incumplimiento relacionado con la señalización de las interconexiones Girardot, Flandes y Chicoral, al que hace referencia el literal (s) de la Sección 6.1 de la Parte Especial del Contrato de Concesión, por la afectación a la seguridad vial del Proyecto contenida en los numerales 3.1.5 y 3.3.7 del Apéndice Técnico 2.",15_04_Comunic_Recibidas/2018/CI004_GP-8595_050300_ANI_027825-1_SANEA_SEÑALIZ_INTER.pdf
986,1,CONCESIÓN ALTO MAGDALENA S.A.S.,ALMA-2018-2264,CONSORCIO 4C,GP-9069,12/06/2018,Entrega de un (1) expediente para aprobación del Avalúo Comercial Corporativo de la unidad funcional 3.,15_04_Comunic_Recibidas/2018/CI004_GP-9069_070406_CON_2264_EXP_AVALUO.pdf
995,2,CONCESIÓN ALTO MAGDALENA S.A.S.,ALMA-2018-1386,CONSORCIO 4C,GP-7600,06/04/2018,"Respuesta a su comunicación CI.004/GP4045/18/7.4.1 del 8 de marzo de 2018 (Rad. Interno 0852 del 13 de marzo de 2018). Entrega de seis (6) expedientes prediales de la unidad funcional 5.2, para aprobación.",15_04_Comunic_Recibidas/2018/CI004_GP-7600_070401_CON_1386_EXP_PREDIAL.pdf
987,2,CONCESIÓN ALTO MAGDALENA S.A.S.,ALMA-2018-4193,CONSORCIO 4C,GP-9080,31/10/2018,Respuesta comunicación CI.004/GP5122/18/7.1.3 del 06 de septiembre de 2018 (Radicado ALMA-R-2018-2790). Solicitud Requisitos Permeabilidad Tubería UF5.4,15_04_Comunic_Recibidas/2018/CI004_GP-9080_070103_CON_4193_PERMEABILIDAD_TUBERIA_UF5.4.pdf
993,1,CONCESIÓN ALTO MAGDALENA S.A.S.,ALMA-2018-4112,CONSORCIO 4C,GP-9038,26/10/2018,Respuesta comunicación CI.004/GP3688/18/7.1.7 del 05 de enero de 2018 - (Radicado ALMA-R-2018-0066.) Verificación Diseño Geométrico K125+900 a K126+300 UF4.,15_04_Comunic_Recibidas/2018/CI004_GP-9038_070107_CON_4112_DISÑ_GEOME_K125.pdf
990,1,CONCESIÓN ALTO MAGDALENA S.A.S.,ALMA-2018-0707,CONSORCIO 4C,GP-7173,13/02/2018,Entrega de un (1) expediente predial de la Unidad Funcional 2 para aprobación.,15_04_Comunic_Recibidas/2018/CI004_GP-7173_070401_CON_0707_EXP_PREDIAL_UF2.pdf
992,2,CONCESIÓN ALTO MAGDALENA S.A.S.,ALMA-2018-2840,CONSORCIO 4C,GP-8399,25/07/2018,Pendientes Cierre Ambiental Unidad Funcional 4.1.,15_04_Comunic_Recibidas/2018/CI004_GP-8399_070108_CON_2840_CIERRE_AMB_UF4.1.pdf
988,1,CONCESIÓN ALTO MAGDALENA S.A.S.,ALMA-2018-0478,CONSORCIO 4C,GP-7071,31/01/2018,Entrega de un (1) expediente de la Unidad Funcional 3 para revisión en la etapa de expropiación.,15_04_Comunic_Recibidas/2018/CI004_GP-7071_070404_CON_0478_EXP_EXPROPIAC.pdf
1000,1,CONCESION ALTO MAGDALENA S.A.S.,ALMA-2018-0265,CONSORCIO 4C,GP-7049,17/01/2018,"Consolidado de Ensayos de Control de Calidad - Unidades Funcionales 1, 2 y 4.",15_04_Comunic_Recibidas/2018/CI004_GP-7049_070500_CON_0265_ENSAY_CONTROL_UF1_2_4.pdf
997,1,CONCESIÓN ALTO MAGDALENA S.A.S.,ALMA-2018-3647,CONSORCIO 4C,GP-8764,17/09/2018,Entrega de un expediente predial de la unidad funcional 5 para aprobación.,15_04_Comunic_Recibidas/2018/CI004_GP-8764_070401_CON_3647_EXP_PREDIAL.pdf
999,1,CONCESIÓN ALTO MAGDALENA S.A.S.,ALMA-2018-1500,CONSORCIO 4C,GP-7618,13/04/2018,Entrega de expediente predial de la unidad funcional 3 para revisión del componente Social.,15_04_Comunic_Recibidas/2018/CI004_GP-7618_070402_CON_1500_EXP_SOCIAL.pdf
996,3,Agencia Nacional de Infraestructura,20183100349111,CONSORCIO 4C,GP-8976,17/10/2018,"Revisión Póliza de cumplimiento y RCE contrato de interventoría 145 de 2014, proyecto carretero Girardot - Honda - Puerto Salgar Contrato de Concesión No. 003 de 2014.",15_04_Comunic_Recibidas/2018/CI004_GP-8976_010000_ANI_034911-1_REVISIÓN_POLIZA.pdf
998,3,CONCESIÓN ALTO MAGDALENA S.A.S.,ALMA-2018-3199,CONSORCIO 4C,GP-8561,17/08/2018,Sus comunicaciones CI.004/GP4650/18/7.1.4-7.1.7-7.1.9 - Radicado ALMA-R-2018-1941 del 18 de junio de 2018. CI.004/GP4726/18/7.1.1 - Radicado ALMA-R-2018-2062 del 27 de junio de 2018. CI.004/GP4861/18/7.1.1 - Radicado ALMA-R-2018-2333 del 24 de julio de 2018. CI.004/GP4904/18/7.1.1 - Radicado ALMA-R-2018-2395 del 27 de julio de 2018. Viviendas Requeridas. Seguimiento Plan de Obras - Gestión Predial Intersección Puente Actual Puerto Salgar (Costado Occidental) Ruta 45CLA Vía Norcasia. Seguimiento Plan de Obras - Gestión Predial Intersección Puente Actual Puerto Salgar (Costado Occidental) Ruta 45CLA Vía Norcasia,15_04_Comunic_Recibidas/2018/CI004_GP-8561_070101_CON_3199_SEGUI_OBRA_UF5.pdf
1004,1,CONCESIÓN ALTO MAGDALENA S.A.S.,ALMA-2018-2922,CONSORCIO 4C,GP-8739,31/07/2018,Entrega de un (1) expediente para aprobación del Avalúo Comercial Corporativo de la unidad funcional 3.,15_04_Comunic_Recibidas/2018/CI004_GP-8739_070406_CON_2922_EXP_AVALUO.pdf
1005,2,CONCESIÓN ALTO MAGDALENA S.A.S.,ALMA-2018-1311,CONSORCIO 4C,GP-7526,27/03/2018,Su comunicación CI.004/GP3920/18/7.1.3 – Radicado ALMA-R-2018-0593 del 16 de febrero de 2018 – Condiciones Anden y New Jersey Puente Río Magdalena UF1,15_04_Comunic_Recibidas/2018/CI004_GP-7526_070107_CON_1311_ANDEN_PTE_UF1.pdf
1001,1,CONCESIÓN ALTO MAGDALENA S.A.S.,ALMA-2018-3557,CONSORCIO 4C,GP-8703,12/09/2018,Entrega de la Sabana Predial y Tira topográfica.,15_04_Comunic_Recibidas/2018/CI004_GP-8703_070401_CON_3557_SABANA_PREDIAL.pdf
1007,23,REPUBLICA DE COLOMBIA RAMA JUDICIAL DEL PODER PÚBLICO JUZGADO PROMISCUO DEL CIRCUITO,Oficio Nº. 1686,CONSORCIO 4C,GP-9108,07/11/2018,Tutela Segunda Instancia 251684089001201800031-01 (N.I. 2018-00206-1),15_04_Comunic_Recibidas/2018/CI004_GP-9108_050300_JGUADUAS_1686_TUTELA_WHERRERA.pdf
1006,1,CONCESIÓN ALTO MAGDALENA S.A.S.,ALMA-2018-3416,CONSORCIO 4C,GP-8720,03/09/2018,Entrega de un (1) expediente para aprobación del Avalúo Comercial Corporativo.,15_04_Comunic_Recibidas/2018/CI004_GP-8720_070406_CON_3416_EXP_AVALUO.pdf
1002,1,CONCESIÓN ALTO MAGDALENA S.A.S.,ALMA-2018-2184,CONSORCIO 4C,GP-8022,05/06/2018,Entrega de un (1) expediente para aprobación del Avalúo Comercial Corporativo.,15_04_Comunic_Recibidas/2018/CI004_GP-8022_070406_CON_2184_EXP_AVALUO.pdf
1011,1,CONCESIÓN ALTO MAGDALENA S.A.S.,ALMA-2018-4151,CONSORCIO 4C,GP-9023,29/10/2018,Entrega de la Sábana de Avalúos.,15_04_Comunic_Recibidas/2018/CI004_GP-9023_070406_CON_4151_SABANA_AVALUOS.pdf
1008,3,CONCESIÓN ALTO MAGDALENA S.A.S.,ALMA-2018-3769,CONSORCIO 4C,GP-8810,27/09/2018,"Respuesta a comunicados Interventoría CI.004/GP5201/18/7.1.9 con radicado interno ALMA-R-2018-2935, CI.004/GP5076/18/7.1.8 con radicado interno ALMA-R-2018-2720, CI.004/GP5110/18/7.1.9 con radicado interno ALMA-R-2018-2777- Traslado solicitud peticionario Ervin Felipe Padilla Lozano.",15_04_Comunic_Recibidas/2018/CI004_GP-8810_070109_CON_3769_PQR_EPADILLA.pdf
1009,1,CONCESIÓN ALTO MAGDALENA S.A.S.,ALMA-2018-4453,CONSORCIO 4C,GP-9254,29/11/2018,Entrega de la Sabana Predial y Tira topográfica.,15_04_Comunic_Recibidas/2018/CI004_GP-9254_070401_CON_4453_SABANA_PREDIAL.pdf
1012,6,CONCESIÓN ALTO MAGDALENA S.A.S.,ALMA-2018-1119,CONSORCIO 4C,GP-7428,13/03/2018,Respuesta a Comunicado Cl.004/GP3784/18/7.1.8 del 25 de enero de 2018 (Rad. Interno ALMA-R-2018-0332 del 25 de Enero de 2018). Aspectos e Impactos Ambientales Unidad Funcional 1.,15_04_Comunic_Recibidas/2018/CI004_GP-7428_070108_CON_1119_ASPE_IMPAC_UF1.pdf
1013,1,CONCESIÓN ALTO MAGDALENA S.A.S.,ALMA-2018-4397,CONSORCIO 4C,GP-9214,22/11/2018,Entrega de la Sabana Predial y Tira topográfica.,15_04_Comunic_Recibidas/2018/CI004_GP-9214_070401_CON_4397_SABANA_PREDIAL.pdf
1003,1,AGENCIA NACIONAL DE INFRAESTRUCTURA,2018-305-016213-1,CONSORCIO 4C,GP-7935,28/05/2018,Oficio radicado ANI 2018-409-050110-2 de 21/05/2018. Afectación Redes Proyecto Girardot - Honda - Puerto Salgar. Contrato de Concesión 003 de 2014 - Concesión Alto Magdalena S.A.S.,15_04_Comunic_Recibidas/2018/CI004_GP-7935_070115_ANI_016213-1_AFECTA_REDES.pdf
1010,1,CONCESIÓN ALTO MAGDALENA S.A.S.,ALMA-2018-3236,CONSORCIO 4C,GP-8624,17/08/2018,Entrega de un expediente predial de la unidad funcional 5 para aprobación.,15_04_Comunic_Recibidas/2018/CI004_GP-8624_070401_CON_3236_EXP_PREDIAL.pdf
1014,2,CONCESIÓN ALTO MAGDALENA S.A.S.,ALMA-2018-4285,CONSORCIO 4C,GP-9167,14/11/2018,Respuesta comunicación Cl.004/GP3406/17/7.1.3 del 14 de noviembre de 2017 (Radicado interno ALMA-R-2017-03984.) Obras de Protección - Gaviones K74+650 Unidad Funcional 3.,15_04_Comunic_Recibidas/2018/CI004_GP-9167_070103_CON_4285_GAVIONES_K74+650.pdf
1017,1,CONCESIÓN ALTO MAGDALENA S.A.S.,ALMA-2018-0607,CONSORCIO 4C,GP-7491,29/03/2018,Entrega de un (1) expediente predial de la Unidad Funcional 2 para revisión del componente Social.,15_04_Comunic_Recibidas/2018/CI004_GP-7491_070402_CON_0607_EXP_SCIAL.pdf
1021,1,CONCESION ALTO MAGDALENA S.A.S.,ALMA-2018-1806,CONSORCIO 4C,GP-7818,07/05/2018,Entrega de un (1) expediente para aprobación del Avalúo Comercial Corporativo.,15_04_Comunic_Recibidas/2018/CI004_GP-7818_070406_CON_1806_EXP_AVALUO.pdf
1020,1,CONCESIÓN ALTO MAGDALENA S.A.S.,ALMA-2018-2544,CONSORCIO 4C,GP-8349,26/07/2018,Entrega de un (1) expediente predial final de la Unidad Funcional 4.,15_04_Comunic_Recibidas/2018/CI004_GP-8349_070401_CON_2544_EXP_PREDIAL.pdf
1016,2,CONCESIÓN ALTO MAGDALENA S.A.S.,ALMA-2018-2297,CONSORCIO 4C,GP-8021,13/06/2018,"Respuesta a su comunicación CI.004/GP4521/18/5.3 del 24 de mayo de 2018 (Rad. Interno ALMA-R-2018-1700 de 28 de mayo de 2018); Otorgamiento de Plazo de cura, Tema: Incumplimiento obligación relacionada con la actualización de la sabana predial.",15_04_Comunic_Recibidas/2018/CI004_GP-8021_050300_CON_2297_PLAZO_CURA_PREDIAL.pdf
1019,1,CONCESIÓN ALTO MAGDALENA S.A.S.,ALMA-2018-0298,CONSORCIO 4C,GP-7008,22/01/2018,Entrega de (1) expediente predial de la unidad funcional 2 para revisión del componente Social.,15_04_Comunic_Recibidas/2018/CI004_GP-7008_070402_CON_0298_EXP_SCIAL_UF2.pdf
1015,1,Fiduciaria Bogotá,CSSA2018035406,CONSORCIO 4C,GP-9345,05/12/2018,SOPORTES DE INTERVENTORIA DEL MES DE OCTUBRE DE 2018 FIDEICOMISO FIDUBOGOTA-CONCESION ALTO MAGDALENA 3-1-63664,15_04_Comunic_Recibidas/2018/CI004_GP-9345_070202_FBTA_035406_SOPORT_OCT.pdf
1023,1,CONCESIÓN ALTO MAGDALENA S.A.S.,ALMA-2018-3238,CONSORCIO 4C,GP-8620,17/08/2018,Entrega de un expediente predial de la unidad funcional 5 para aprobación.,15_04_Comunic_Recibidas/2018/CI004_GP-8620_070401_CON_3238_EXP_PREDIAL.pdf
1022,5,CONCESIÓN ALTO MAGDALENA S.A.S.,ALMA-2018-3876,CONSORCIO 4C,GP-8880,08/10/2018,Solicitud de liberación de espacio Público venta de pescado en el Km 6+800 Honda Tolima.,15_04_Comunic_Recibidas/2018/CI004_GP-8880_070109_CON_3876_LIBERA_ESPAC_PUB.pdf
1027,1,CONCESIÓN ALTO MAGDALENA S.A.S.,ALMA-2018-3981,CONSORCIO 4C,GP-8973,16/10/2018,Respuesta a su comunicación CI.004/GP5283/18/7.5 del 28 de septiembre de 2018 (Rad. Interno ALMA-R-2018-3072) - Observaciones Memoria Técnica julio 2018.,15_04_Comunic_Recibidas/2018/CI004_GP-8973_070500_CON_3981_OBS_MEMOTEC_JUL.pdf
1025,16,CONCESIÓN ALTO MAGDALENA S.A.S.,ALMA-2018-3503,CONSORCIO 4C,GP-8699,10/09/2018,Respuesta comunicado identificado como Oficio ALMA-R-2018-2658 - fecha de radicado 24 de agosto de 2018.,15_04_Comunic_Recibidas/2018/CI004_GP-8699_070401-070109_CON_3503_VTA_IRREGUL_LOTES.pdf
1026,14,CONCESIÓN ALTO MAGDALENA S.A.S.,ALMA-2018-3886,CONSORCIO 4C,GP-8883,08/10/2018,"Respuesta a comunicado identificado como ALMA-R-2018-1815, de fecha 05 de junio de 2018.",15_04_Comunic_Recibidas/2018/CI004_GP-8883_070304_CON_3886_OBS_BASURA_VIA_PUB.pdf
1018,6,CONCESIÓN ALTO MAGDALENA S.A.S.,ALMA-2018-3418,CONSORCIO 4C,GP-8680,03/09/2018,Respuesta a su comunicación CI.004/GP4823/18/7.5 del 17 de julio de 2018 (Radicado ALMA-R-2018-2268 del 17 de julio de 2018). Observaciones Memoria Técnica Mayo 2018 / Respuesta Comunicado ALMA-2018-2362,15_04_Comunic_Recibidas/2018/CI004_GP-8680_070500_CON_3418_OBS_MEMOTEC_MAY.pdf
1024,1,CONCESIÓN ALTO MAGDALENA S.A.S.,ALMA-2018-1195,CONSORCIO 4C,GP-7456,20/03/2018,Entrega de un (1) expediente de la Unidad Funcional 2 para revisión en la etapa de expropiación.,15_04_Comunic_Recibidas/2018/CI004_GP-7456_070404_CON_1195_EXP_EXPRO.pdf
1032,1,CONCESIÓN ALTO MAGDALENA S.A.S.,ALMA-2018-1843,CONSORCIO 4C,GP-7799,10/05/2018,Entrega de Diseños de Andenes para Pasos Urbanos y Glorieta de Cambao.,15_04_Comunic_Recibidas/2018/CI004_GP-7799_070107_CON_1843_ANDEN_PAS_URBAN_CAMBAO.pdf
1034,1,CONCESIÓN ALTO MAGDALENA S.A.S.,ALMA-2018-4189,CONSORCIO 4C,GP-9077,31/10/2018,Entrega de la Propuesta de Manejo de la Epífitas y Plan de Rehabilitación Ecológica para la Unidad Funcional 4.1.,15_04_Comunic_Recibidas/2018/CI004_GP-9077_070108_CON_4189_MANEJ_EPIFITAS_UF4.1.pdf
1035,1,CONCESIÓN ALTO MAGDALENA S.A.S.,ALMA-2018-4499,CONSORCIO 4C,GP-9289,29/11/2018,Respuesta a la comunicación Cl.004/GP5557/18/7.18 del 16 de noviembre de 2018 (Rad. Interno ALMA-R-2018-3563) - Observaciones PAGA Operación y Mantenimiento.,15_04_Comunic_Recibidas/2018/CI004_GP-9289_070108_CON_4499_OBS_PAGA.pdf
1030,1,CONCESIÓN ALTO MAGDALENA S.A.S.,ALMA-2018-1394,CONSORCIO 4C,GP-7606,09/04/2018,"Entrega de seis (6) expedientes prediales de la unidad funcional 4.2, para aprobación.",15_04_Comunic_Recibidas/2018/CI004_GP-7606_070401_CON_1394_EXP_PREDIAL.pdf
1031,1,Agencia Nacional de Infraestructura,2018-305-017990-1,CONSORCIO 4C,GP-8058,13/06/2018,Oficio radicado ANI 20184090560852. Seguimiento concepto de afectación PTAP K31+900 - UF2. Proyecto Girardot - Honda - Puerto Salgar. Contrato de Concesión 003 de 2014 - Concesión Alto Magdalena S.A.S.,15_04_Comunic_Recibidas/2018/CI004_GP-8058_070107-070109_ANI_017990-1_PTAP_K31.pdf
1029,1,CONCESIÓN ALTO MAGDALENA S.A.S.,ALMA-2018-1720,CONSORCIO 4C,GP-7885,27/04/2018,Entrega de expediente predial de la unidad funcional 3 para revisión del componente social.,15_04_Comunic_Recibidas/2018/CI004_GP-7885_070402_CON_1720_EXP_SOCIAL.pdf
1036,3,AGENCIA NACIONAL DE INFRAESTRUCTURA,ANI-022541-1,CONSORCIO 4C,GP-8327,19/07/2018,Respuesta Acción Popular - Proceso No 2500-23-15-000-2006-01569 - Oficio No 923 Julio 10 de 2018 - Radicado ANI No 20184090694592 - Contrato de Concesión No 003 de 2014. Concesión Girardot - Honda - Puerto Salgar.,15_04_Comunic_Recibidas/2018/CI004_GP-8327_050300_ANI_022541-1_RTA_ACCION_POPULAR.pdf
1037,1,CONCESIÓN ALTO MAGDALENA S.A.S.,ALMA-2018-3921,CONSORCIO 4C,GP-8895,08/10/2018,"Entrega de un (1) expediente predial ALMA-3-0005 de la unidad funcional 3 con componente Social, para revisión y aprobación.",15_04_Comunic_Recibidas/2018/CI004_GP-8895_070402_CON_3921_EXP_SOCIAL.pdf
1028,1,CONCESIÓN ALTO MAGDALENA S.A.S.,ALMA-2018-3879,CONSORCIO 4C,GP-9145,08/10/2018,Entrega de (1) expediente predial ALMA-3-0090 para aprobación de ficha predial.,15_04_Comunic_Recibidas/2018/CI004_GP-9145_070401_CON_3879_EXP_PREDIAL.pdf
1040,9,CONCESIÓN ALTO MAGDALENA S.A.S.,ALMA-2018-3824,CONSORCIO 4C,GP-8859,03/10/2018,Informe semanal Avance Gestión Predial Unidad Funcional 4 - Evento Eximente de Responsabilidad.,15_04_Comunic_Recibidas/2018/CI004_GP-8859_070401_CON_3824_INF_PREDIAL_UF4_EER.pdf
1107,1,CONCESIÓN ALTO MAGDALENA S.A.S.,ALMA-2018-2962,CONSORCIO 4C,GP-8461,02/08/2018,Remisión Acta de VPIP Junio 2018,15_04_Comunic_Recibidas/2018/CI004_GP-8461_070208_CON_2962_ACTA_VPIP_JUN.pdf
1109,1,CONCESIÓN ALTO MAGDALENA S.A.S.,ALMA-2018-1524,CONSORCIO 4C,GP-7658,17/04/2018,Entrega de expediente predial de la unidad funcional 3 para revisión del componente Social.,15_04_Comunic_Recibidas/2018/CI004_GP-7658_070402_CON_1524_EXP_SOCIAL.pdf
1105,1,CONCESIÓN ALTO MAGDALENA S.A.S.,ALMA-2018-0589,CONSORCIO 4C,GP-7138,05/02/2018,"Entrega de un (1) expediente predial de la unidad funcional 3, para aprobación de ficha predial (Titulo Minero).",15_04_Comunic_Recibidas/2018/CI004_GP-7138_070401_CON_0589_EXP_TITU_MINERO.pdf
1106,1,CONCESIÓN ALTO MAGDALENA S.A.S.,ALMA-2018-4548,CONSORCIO 4C,GP-9277,03/12/2018,"Entrega de Seis (6) expedientes prediales de la unidad funcional 3 con componente Social, para revisión y aprobación.",15_04_Comunic_Recibidas/2018/CI004_GP-9277_070402_CON_4548_EXP_SOCIAL.pdf
1103,1,CONCESIÓN ALTO MAGDALENA S.A.S.,ALMA-2018-4375,CONSORCIO 4C,GP-9187,19/11/2018,"Respuesta comunicación, CI.004/GP5446/18/7.4.6 del 22 de octubre de 2018 (Rad. Interno ALMA-R-2018-3334), Entrega de un (1) expedientes prediales de la unidad funcional 3 para aprobación de Avalúo comercial corporativo. ALMA-3-0015-7",15_04_Comunic_Recibidas/2018/CI004_GP-9187_070406_CON_4375_EXP_AVALUO.pdf
1112,1,CONCESIÓN ALTO MAGDALENA S.A.S.,ALMA-2018-0578,CONSORCIO 4C,GP-7104,05/02/2018,Entrega Informe Gerencial Mensual N° 39 - enero de 2018.,15_04_Comunic_Recibidas/2018/CI004_GP-7104_070500_CON_0578_INF_MEN_ENE18.pdf
1104,1,CONCESIÓN ALTO MAGDALENA S.A.S.,ALMA-2018-3305,CONSORCIO 4C,GP-8639,23/08/2018,"Acta No 10 Ejecución de obras de protección, Traslado o Reubicación de Redes eléctricas, húmedas e hidrocarburos",15_04_Comunic_Recibidas/2018/CI004_GP-8639_070115_CON_3305_ACTA_REDES_N°10.pdf
1102,1,CONCESIÓN ALTO MAGDALENA S.A.S.,ALMA-2018-3670,CONSORCIO 4C,GP-8783,19/09/2018,Respuesta comunicación CI.004/GP5037/18/7.1.8 del 23 de agosto de 2018 (Radicado interno ALMA-R-2018-2648 del 23 de agosto de 2018). Informe de cumplimiento Ambiental - ICA 2 UF 5.4 / Respuesta ALMA-2018-2538.,15_04_Comunic_Recibidas/2018/CI004_GP-8783_070108_CON_3670_INFO_CUMPLI_AMB.pdf
1108,3,CONCESIÓN ALTO MAGDALENA S.A.S.,CI.004/GP424,CONSORCIO 4C,GP-8210,27/06/2018,Respuesta a su comunicación CI.004/GP4247/18/7.1.10 del 12 Abril de 2018 (Radicado ALMA-R-2018-1198) Condiciones de seguridad UF 5 Semana 166.,15_04_Comunic_Recibidas/2018/CI004_GP-8210_070110_CON_2512_SEG_UF5_S166.pdf
1110,1,Fiduciaria Bogotá,CSSA2018001650,CONSORCIO 4C,GP-7395,15/01/2018,ENTREGA CD SOPORTES DE PAGOS SUBCUENTA PREDIOS - INTERVENTORIA Y SUPERVISIÓN Y REDES P.A. ALTO MAGDALENA,15_04_Comunic_Recibidas/2018/CI004_GP-7395_070115-070201_FBTA_001650_SOPO_PAG.pdf
1111,1,CONCESIÓN ALTO MAGDALENA S.A.S.,ALMA-2018-0204,CONSORCIO 4C,GP-6956,17/01/2018,Respuesta a su comunicación CI.004/GP3641/17/7.4.1 de fecha 21 de diciembre de 2017. Entrega de un (1) expediente para aprobación del Avalúo Comercial Corporativo.,15_04_Comunic_Recibidas/2018/CI004_GP-6956_070401_CON_0204_EXP_AVALUO.pdf
1116,1,CONCESIÓN ALTO MAGDALENA S.A.S.,ALMA-2018-3724,CONSORCIO 4C,GP-8791,26/09/2018,Entrega de la Sabana Predial y Tira topográfica.,15_04_Comunic_Recibidas/2018/CI004_GP-8791_070401_CON_3724_SABANA_PREDIAL.pdf
1115,1,CONCESIÓN ALTO MAGDALENA S.A.S.,ALMA-2018-1306,CONSORCIO 4C,GP-7523,27/03/2018,Revisión y Ajustes Diseños Área De Servicio K80+500 - UF3.,15_04_Comunic_Recibidas/2018/CI004_GP-7523_070107_CON_1306_DISÑ_AREA_SERVIC_K80.pdf
1114,1,CONCESIÓN ALTO MAGDALENA S.A.S.,ALMA-2018-0053,CONSORCIO 4C,GP-6942,05/01/2018,Fondeo Amigable Composición,15_04_Comunic_Recibidas/2018/CI004_GP-6942_070205_CON_0053_FONDE_AMIGAB.pdf
1120,2,CONCESIÓN ALTO MAGDALENA S.A.S.,ALMA-2018-1482,CONSORCIO 4C,GP-7635,13/04/2018,Su comunicación CI.004/GP4026/18/7.1.3 – Radicado ALMA-R-2018-0814 del 08 de marzo de 2018 – Terminados Concreto Integridad Acero Puentes UF 5.,15_04_Comunic_Recibidas/2018/CI004_GP-7635_070103_CON_1482_ACERO_PTES_UF5.pdf
1113,1,CONCESIÓN ALTO MAGDALENA S.A.S.,ALMA-2018-1164,CONSORCIO 4C,GP-7556,14/03/2018,"Respuesta a su comunicación, Cl.004/GP3978/18/7.4.6 del 23 de Febrero de 2018 (Rad. Interno ALMA-R-2018-0724), Entrega de un (1) expedientes prediales de la unidad funcional 3 para aprobación de Avalúo comercial corporativo.",15_04_Comunic_Recibidas/2018/CI004_GP-7556_070401_CON_1164_EXP_AVALUO.pdf
1117,4,CONCESIÓN ALTO MAGDALENA S.A.S.,ALMA-2018-2794,CONSORCIO 4C,GP-8390,23/07/2018,"Solicitud de liberación de Bienes de Uso Público – km13+478.24, Vereda Tres y Medio – Puerto Salgar.",15_04_Comunic_Recibidas/2018/CI004_GP-8390_070109_CON_2794_LIBERA_BIENES_PUB.pdf
1121,1,CONCESION ALTO MAGDALENA S.A.S.,ALMA-2018-2720,CONSORCIO 4C,GP-8518,10/08/2018,Entrega de un (1) expediente de la Unidad Funcional 4 para revisión en la etapa de expropiación.,15_04_Comunic_Recibidas/2018/CI004_GP-8518_070404_CON_2720_EXP_EXPRO.pdf
1119,5,CONCESIÓN ALTO MAGDALENA S.A.S.,ALMA-2018-4688,CONSORCIO 4C,GP-9393,14/12/2018,Reporte hallazgo arqueológico sobre el K 130 + 430 Puerto Bogotá sector sur corte 2 correspondiente a la Autorización de Intervención Arqueológica No. 5681 expedida por el ICANH el 20 de abril de 2016.,15_04_Comunic_Recibidas/2018/CI004_GP-9393_070109_CON_4688_HALLAZG_ARQUEO_K130+430.pdf
1127,4,AGENCIA NACIONAL DE INFRAESTRUCTURA,2018-603-010871-1,CONSORCIO 4C,GP-7604,11/04/2018,Contrato de Concesión No. 003 de 2014 Honda - Girardot - Puerto Salgar. Respuesta Rad. ANI No. 20184090296582 - Respuesta comunicado ALMA-R-2018-0667 del 22 de febrero de 2018. Predio ALMA-2-0160.,15_04_Comunic_Recibidas/2018/CI004_GP-7604_070402_ANI_010871-1_COMPEN_SOCIOECO.pdf
1126,1,CONCESIÓN ALTO MAGDALENA S.A.S.,ALMA-2018-3479,CONSORCIO 4C,GP-8731,05/09/2018,Entrega de un expediente predial de la unidad funcional 5 para aprobación.,15_04_Comunic_Recibidas/2018/CI004_GP-8731_070401_CON_3479_EXP_PREDIAL.pdf
1122,2,CONCESIÓN ALTO MAGDALENA S.A.S.,ALMA-2018-3523,CONSORCIO 4C,GP-8711,10/09/2018,Respuesta comunicación CI.004/GP4934/18/7.1.8 del 02 de agosto de 2018 (Radicado interno ALMA-R-2018-2460 del 02 de agosto de 2018). Seguimiento Informe Técnico DRBM 0591 de 2018.,15_04_Comunic_Recibidas/2018/CI004_GP-8711_070108_CON_3523_INF_TECNICO_DRBM0591.pdf
1128,1,CONCESIÓN ALTO MAGDALENA S.A.S.,ALMA-2018-2186,CONSORCIO 4C,GP-8025,05/06/2018,Entrega de un (1) expediente predial de la Unidad Funcional 2 para revisión del componente Social.,15_04_Comunic_Recibidas/2018/CI004_GP-8025_070402_C0N_2186_EXP_SOCIAL.pdf
1118,1,CONCESIÓN ALTO MAGDALENA S.A.S.,ALMA-2018-4699,CONSORCIO 4C,GP-9401,17/12/2018,Donación de materiales provenientes de actividades de operación y mantenimiento vial.,15_04_Comunic_Recibidas/2018/CI004_GP-9401_070108_CON_4699_DONA_MATERIAL.pdf
1123,2,CONCESIÓN ALTO MAGDALENA S.A.S.,ALMA-2018-3943,CONSORCIO 4C,GP-8965,10/10/2018,Sus comunicaciones CI.004/GP3665/18/7.3.1 – Radicado ALMA-R-2018-0032 del 04 de enero de 2018. Accesos Vehiculares Proyecto. Y CI.004/GP4988/18/7.3.4-7.1.7 – Radicado ALMA-R-2018-2536 del 13 de agosto de 2018. Reiteración – Accesos Vehiculares - Proyecto,15_04_Comunic_Recibidas/2018/CI004_GP-8965_070107-070304_CON_3943_ACCES_VEHICUL.pdf
1124,1,CONCESIÓN ALTO MAGDALENA S.A.S.,ALMA-2018-2434,CONSORCIO 4C,GP-8143,25/06/2018,Respuesta a comunicado CI.004/GP4687/18/7.1.9 con radicado interno ALMA-R-2018-1997 del 21 de junio del 2018 identificado como PQRS UF4 2018 479 del 08 de junio del 2018 - Pago del 20% del predio de la Sra. Sandra Patiño.,15_04_Comunic_Recibidas/2018/CI004_GP-8143_070109_CON_2434_PAG_PREDIO_SPATIÑO.pdf
1125,1,CONCESIÓN ALTO MAGDALENA S.A.S.,ALMA-2018-2905,CONSORCIO 4C,GP-8429,30/07/2018,Respuesta comunicación Cl.004/GP4636/18/7.1.8 del 14 de junio de 2018 (radicado interno ALMA-R-2018-1919 del 14 de junio de 2018). Aprovechamiento forestal Puente Burras / Unidad Funcional 5.2.,15_04_Comunic_Recibidas/2018/CI004_GP-8429_070108_CON_2905_APROV_FOREST_PTE_BURRAS.pdf
1131,1,CONCESIÓN ALTO MAGDALENA S.A.S.,ALMA-2018-1104,CONSORCIO 4C,GP-7426,12/03/2018,Entrega de un (1) expediente para aprobación del Avalúo Comercial Corporativo.,15_04_Comunic_Recibidas/2018/CI004_GP-7426_070406_CON_1104_EXP_AVALUO.pdf
1130,5,CONCESIÓN ALTO MAGDALENA S.A.S.,ALMA-2018-3898,CONSORCIO 4C,GP-8915,04/10/2018,Comunicación CI.004/GP4658/18/9.3 – Radicado ALMA-R-2018-1949 del 18 de junio de 2018. Pendientes Peaje Cambao,15_04_Comunic_Recibidas/2018/CI004_GP-8915_090300_CON_3898_PDTES_PEAJ_CAMBAO.pdf
1135,1,CONCESIÓN ALTO MAGDALENA S.A.S.,ALMA-2017-5143,CONSORCIO 4C,GP-6909,06/12/2017,Entrega de un (1) expediente de la Unidad Funcional 4 para revisión en la etapa de expropiación.,15_04_Comunic_Recibidas/2018/CI004_GP-6909_070404_CON_5143_EXPEDIENTE_UF4_EXPROPIACION.pdf
1129,2,CONCESIÓN ALTO MAGDALENA S.A.S.,ALMA-2018-2874,CONSORCIO 4C,GP-8420,27/07/2018,Respuesta comunicación CI.004/GP3704/18/7.1.7-7.1.8 del 10 de enero de 2018 (Radicado interno ALMA-R-2018-0102 del 10 de enero de 2018). Revisión Ocupación de Cauce Box K82+415 UF3. Comunicación ALMA-2017-1977,15_04_Comunic_Recibidas/2018/CI004_GP-8420_070108_CON_2874_OCUP_CAUCE_BOX_K82.pdf
1134,5,AGENCIA NACIONAL DE INFRAESTRUCTURA,20183050276411,CONSORCIO 4C,GP-8584,24/08/2018,Pólizas contrato de concesión – comunicado ALMA-2018-2375,15_04_Comunic_Recibidas/2018/CI004_GP-8584_050300_ANI_027641-1_POLIZAS_CONTRATO.pdf
1139,5,CONCESION ALTO MAGDALENA S.A.S.,ALMA-2018-1008,CONSORCIO 4C,GP-7350,06/03/2018,Solicitud de Restitución de Bienes de Uso Público.,15_04_Comunic_Recibidas/2018/CI004_GP-7350_070109_CON_1008_RESTIT_BIENES.pdf
1132,1,CONCESIÓN ALTO MAGDALENA S.A.S.,ALMA-2018-3790,CONSORCIO 4C,GP-8849,01/10/2018,Respuesta comunicación CI.004/GP4639/18/7.1.1-7.1.3 - Radicado ALMA-R-2018-1929 del 15 de junio de 2018. Seguimiento Plan de Obras - Gestión Predial del K11+820 al K13+500 dela UF5.4.,15_04_Comunic_Recibidas/2018/CI004_GP-8849_070101_CON_3790_GEST_PREDIAL_UF5.4.pdf
1133,1,CONCESIÓN ALTO MAGDALENA S.A.S.,ALMA-2018-3020,CONSORCIO 4C,GP-8487,08/08/2018,Entrega Informe Gerencial Mensual N° 45 – julio de 2018,15_04_Comunic_Recibidas/2018/CI004_GP-8487_070500_CON_3020_INF_MEN_N°45_JUL.pdf
1142,3,AGENCIA NACIONAL DE INFRAESTRUCTURA,2018-305-030597-1,CONSORCIO 4C,GP-8741,14/09/2018,"Periodo de Cura - Frecuencia máxima medición Indicadores Apéndice Técnico No. 4 – E1, E2, E4, E5, E11 y E12 - Contrato de Interventoría No 145 de 2014 – Proyecto Girardot – Honda – Puerto Salgar.",15_04_Comunic_Recibidas/2018/CI004_GP-8741_050300_ANI_030597-1_FRECU_INDICA_APT4.pdf
1138,2,AGENCIA NACIONAL DE INFRAESTRUCTURA,2018-606-016903-1,CONSORCIO 4C,GP-7978,01/06/2018,Su comunicación con Radicación No. 20184090370732 del 13/04/2018 PROYECTO GIRARDOT – HONDA – PUERTO SALGAR. GESTION PREDIAL – Aplicación expropiaciones Ley No. 1882 de 2.018,15_04_Comunic_Recibidas/2018/CI004_GP-7978_070404_ANI_016903-1_APLICA_EXPRO.pdf
1136,2,CONCESIÓN ALTO MAGDALENA S.A.S.,CI004/605335/18/5.2,CONSORCIO 4C,GP-8856,02/10/2018,Alcance comunicación ALMA 2018-3761,15_04_Comunic_Recibidas/2018/CI004_GP-8856_050300_CON_3823_ALC_ALMA-3671.pdf
1140,2,CONCESIÓN ALTO MAGDALENA S.A.S.,ALMA-2018-0847,CONSORCIO 4C,GP-7280,20/02/2018,Solicitud de permiso de aprovechamiento forestal para el área de la Intersección con el Nuevo Puente de Honda (Costado Occidental) y el Acceso al puente del Río Guarino.,15_04_Comunic_Recibidas/2018/CI004_GP-7280_070108_CON_0847_PERMIS_FORESTAL.pdf
1144,9,CONCESIÓN ALTO MAGDALENA S.A.S.,ALMA-2018-1274,CONSORCIO 4C,GP-7516,26/03/2018,"Remisión del acuerdo suscrito entre la Concesión Alto Magdalena S.A.S. y el INVIAS, que tiene como objeto: ""ACUERDO DE CONFIDENCIALIDAD Y RESERVA PARA LA ENTREGA DE INFORMACIÓN CONTENIDA EN LA BASE DE DATOS DE LISTAS BLANCAS PARA EL PROCESO DE LECTURA DE LOS VEHICULOS EXENTOS DE PAGO DE LA TARIFA DE PEAJE PORTADORES DE LA TARJETA DE IDENTIFICACIÓN ELECTRONICA – TIE A NIVEL NACIONAL"", en dos ejemplares para firma.",15_04_Comunic_Recibidas/2018/CI004_GP-7516_070301_CON_1274_VEHICU_EXENT.pdf
1143,4,CONCESIÓN ALTO MAGDALENA S.A.S.,ALMA-2018-2216,CONSORCIO 4C,GP-8027,05/06/2018,Su comunicación CI.004/GP4413/18/7.1.3 – Radicado ALMA-R-2018-1496 del 10 de mayo de 2018 – Seguimiento Obra Condiciones Losa Puente Río Magdalena UF1.,15_04_Comunic_Recibidas/2018/CI004_GP-8027_070103_CON_2216_LOSA_PTE_UF1.pdf
1145,3,CONCESIÓN ALTO MAGDALENA S.A.S.,ALMA-2018-0439,CONSORCIO 4C,GP-7059,30/01/2018,Informe de compromisos según comité del 17 de enero 2018.,15_04_Comunic_Recibidas/2018/CI004_GP-7059_070401_CON_0439_INFORME.pdf
1146,2,CONCESIÓN ALTO MAGDALENA S.A.S.,ALMA-2018-1738,CONSORCIO 4C,GP-7759,02/05/2018,Su comunicación CI.004/GP4169/18/7.1.1 – Radicado ALMA-R-2018-1054 del 28 de marzo de 2018. Seguimiento Plan de Obras Inicio Actividades Constructivas Anden UF5.,15_04_Comunic_Recibidas/2018/CI004_GP-7759_070101_CON_1738_SEGUI_PLAN_OBRA.pdf
1149,1,CONCESIÓN ALTO MAGDALENA S.A.S.,ALMA-2018-1888,CONSORCIO 4C,GP-8069,15/05/2018,Entrega de un (1) expediente para aprobación del Avalúo Comercial Corporativo.,15_04_Comunic_Recibidas/2018/CI004_GP-8069_070406_CON_1888_EXP_AVALUO.pdf
1141,5,RAMA JUDICIAL DEL PODER PÚBLICO JUZGADO PROMISCUO DEL CIRCUITO,01410,CONSORCIO 4C,GP-8805,27/09/2018,Acción Tutela 2ª Instancia 251684089001201800031-01 (N.I. 2018- 00206-1) Accionante: WILLINGTON HERRERA CARDOZO Accionados: CONCESION ALTO MAGDALENA S.A.S- Y OTROS,15_04_Comunic_Recibidas/2018/CI004_GP-8805_050300_JPGUADUAS_01410_TUTELA_WHERRERA.pdf
1152,1,CONCESIÓN ALTO MAGDALENA S.A.S.,ALMA-2018-2427,CONSORCIO 4C,GP-8170,25/06/2018,Respuesta comunicación CI.004/GP4633/18/7.1.2-9.3 del 14 de junio de 2018 – Radicado ALMA-R-2018-1917 del 14 de junio de 2018. Correcciones/complementos - Apéndice Técnico 3 UF 1-2-4.,15_04_Comunic_Recibidas/2018/CI004_GP-8170_090300_CON_2427_CORREC_APT3_UF1_2_4.pdf
1150,4,CONCESIÓN ALTO MAGDALENA S.A.S.,ALMA-2018-2502,CONSORCIO 4C,GP-8162,27/06/2018,"Respuesta comunicado ANI 2018-603-010871-1 del 11 de abril de 2018, radicado bajo consecutivo ALMA-R-2018-1243 el 16 de abril de 2018.",15_04_Comunic_Recibidas/2018/CI004_GP-8162_070402_CON_2502_COMPEN_SOCIOECO.pdf
1151,2,CONCESIÓN ALTO MAGDALENA S.A.S.,ALMA-2018-4282,CONSORCIO 4C,GP-9165,14/11/2018,Respuesta comunicación Cl.004/GP5017/18/7.1.3 (Radicado interno ALMA-R-2018-2625.) Incumplimiento Especificaciones Técnicas Particularmente Método Constructivo Dovelas Nuevo Puente Puerto Salgar.,15_04_Comunic_Recibidas/2018/CI004_GP-9165_070103_CON_4282_DOVELAS_PTE_SALGAR.pdf
1153,1,Superintendencia de Puertos y Transporte,20187101015721,CONSORCIO 4C,GP-8775,18/09/2018,Convocatoria Mesa de Trabajo.,15_04_Comunic_Recibidas/2018/CI004_GP-8775_070109_SST_101572-1_MESA_TRABJO.pdf
1155,1,CONCESIÓN ALTO MAGDALENA S.A.S.,ALMA-2018-1742,CONSORCIO 4C,GP-7736,02/05/2018,Entrega de la Sabana Predial y Tira topográfica.,15_04_Comunic_Recibidas/2018/CI004_GP-7736_070401_CON_1742_SABAN_PREDIAL.pdf
1147,1,CONCESIÓN ALTO MAGDALENA S.A.S.,ALMA-2018-0106,CONSORCIO 4C,GP-6928,10/01/2018,Entrega de la Sabana Predial y Tira topográfica.,15_04_Comunic_Recibidas/2018/CI004_GP-6928_070401_CON_0106_SABANA_PREDIAL_TIRA_TOPOGRAFICA.pdf
1154,1,CONCESIÓN ALTO MAGDALENA S.A.S.,ALMA-2018-2108,CONSORCIO 4C,GP-8083,29/05/2018,"Entrega de un (1) expediente predial de la unidad funcional 3, para aprobación de ficha predial.",15_04_Comunic_Recibidas/2018/CI004_GP-8083_070401_CON_2108_EXP_PREDIAL.pdf
1158,1,CONCESIÓN ALTO MAGDALENA S.A.S.,ALMA-2018-3749,CONSORCIO 4C,GP-9390,26/09/2018,Cumplimiento artículo 5 de la Resolución No. 2129 del 30 de septiembre de 2015. Expediente ATV 0272.,15_04_Comunic_Recibidas/2018/CI004_GP-9390_070108_CON_3749_CUMPLI_ART_5_RESOL_2129.pdf
1137,1,CONCESIÓN ALTO MAGDALENA S.A.S.,ALMA-2018-1156,CONSORCIO 4C,GP-7438,14/03/2018,Entrega de un (1) expediente predial de la unidad funcional 5 para revisión del componente Social.,15_04_Comunic_Recibidas/2018/CI004_GP-7438_070402_CON_1156_EXP_SCIAL.pdf
1159,1,AGENCIA NACIONAL DE INFRAESTRUCTURA,2018-305-011699-1,CONSORCIO 4C,GP-7667,18/04/2018,Oficio radicado ANI 2018-409-032136-2. Seguimiento Plan Obras Inicio Actividades Constructivas Anden UF 5 Proyecto Girardot - Honda - Puerto Salgar. Contrato de Concesión 003 de 2014 - Concesión Alto Magdalena S.A.S.,15_04_Comunic_Recibidas/2018/CI004_GP-7667_070101_ANI_011699-1_SEGUI_ANDEN_UF5.pdf
1164,1,CONCESIÓN ALTO MAGDALENA S.A.S.,ALMA-2018-2769,CONSORCIO 4C,GP-9304,23/07/2018,"Respuesta a su comunicación, CI.004/GP3259/17/7.4.1 del 13 Octubre de 2017 (Rad. Interno ALMA-R-2017-03621), Entrega de un (1) expediente predial de la unidad funcional 3 para aprobación de Avalúo comercial corporativo.",15_04_Comunic_Recibidas/2018/CI004_GP-9304_070406_CON_2769_EXP_AVALUO.pdf
1160,1,CONCESIÓN ALTO MAGDALENA S.A.S.,ALMA-2018-4252,CONSORCIO 4C,GP-9154,13/11/2018,Respuesta comunicación CI.004/GP5494/18/7.1.10 del 31 Octubre de 2018 (Radicado ALMA-R-2018-3459) Observaciones informe de auditoría SST.,15_04_Comunic_Recibidas/2018/CI004_GP-9154_070110_CON_4252_OBS_INF_SST.pdf
1162,1,CONCESIÓN ALTO MAGDALENA S.A.S.,ALMA-2018-3968,CONSORCIO 4C,GP-8933,12/10/2018,"Respuesta comunicación CI.004/GP5166/18/7.4.6 del 12 septiembre de 2018 (Rad. Interno ALMA-R-2018-2869), Entrega de un (1) expediente predial de la unidad funcional 3 ALMA-3-0117 para aprobación de Avalúo comercial corporativo.",15_04_Comunic_Recibidas/2018/CI004_GP-8933_070406_CON_3968_EXP_AVALUO.pdf
1157,1,CONCESIÓN ALTO MAGDALENA S.A.S.,ALMA-2018-0429,CONSORCIO 4C,GP-7148,29/01/2018,"Respuesta a su comunicación CI.004/GP3533/17/7.4.1 de fecha 01 de diciembre de 2017 (Rad-04227), Entrega de un (1) expediente para aprobación de Avalúo Comercial Corporativo.",15_04_Comunic_Recibidas/2018/CI004_GP-7148_070401_CON_0429_EXP_AVALUO.pdf
1148,15,AGENCIA NACIONAL DE INFRAESTRUCTURA,20183050276351,CONSORCIO 4C,GP-8586,24/08/2018,Remisión petición de mejoramiento condiciones operativas de la vía industrial a Ecopetrol usada por la Concesión Alto Magdalena para el desarrollo de las obras.,15_04_Comunic_Recibidas/2018/CI004_GP-8586_070109_ANI_027635-1_MEJOR_CONDI_OPERA.pdf
1161,2,CONCESIÓN ALTO MAGDALENA S.A.S.,ALMA-2018-4399,CONSORCIO 4C,GP-9225,20/11/2018,Cumplimiento del literal Q del numeral 1 del artículo Quinto de la Resolución 1685 de 2015. Expediente LAV0063-00-2015.,15_04_Comunic_Recibidas/2018/CI004_GP-9225_070108_CON_4399_ART_5_RESOL_1685.pdf
1166,1,CONCESIÓN ALTO MAGDALENA S.A.S.,ALMA-2018-1382,CONSORCIO 4C,GP-7586,06/04/2018,"Entrega de estudio de Carga, Sector Mayacas PR5+640",15_04_Comunic_Recibidas/2018/CI004_GP-7586_070115_CON_1382_ESTUD_CARGA_PR5.pdf
1156,6,PISPESCA ASOCIACIÓN COLOMBIANA DE PISCICULTURA Y PESCA,18-217,CONSORCIO 4C,GP-8862,03/10/2018,Carta respuesta a la Oferta de Compra recibida de la Concesión Alto Magdalena,15_04_Comunic_Recibidas/2018/CI004_GP-8862_070109-070401_PISPESCA_18-217_OFERT_COMPRA.pdf
1165,8,CONCESIÓN ALTO MAGDALENA S.A.S.,ALMA-2018-1378,CONSORCIO 4C,GP-7958,05/04/2018,Respuesta a su comunicación CI.004/GP3544/17/7.1.10 del 19 diciembre de 2017 (Radicado ALMA-R-2017-04415) Solicitudes pago seguridad Social Septiembre y Salarios de Agosto 2017.,15_04_Comunic_Recibidas/2018/CI004_GP-7958_070110_CON_1378_SEGYSAL_SEP_AGO_17.pdf
1170,1,CONCESIÓN ALTO MAGDALENA S.A.S.,ALMA-2018-4297,CONSORCIO 4C,GP-9248,14/11/2018,"Entrega expediente para aprobación del Avalúo Comercial Corporativo, ALMA-5-0277.",15_04_Comunic_Recibidas/2018/CI004_GP-9248_070406_CON_4297_EXP_AVALUO.pdf
1163,1,CONCESIÓN ALTO MAGDALENA S.A.S.,ALMA-2018-3894,CONSORCIO 4C,GP-8913,08/10/2018,Respuesta a su comunicación CI.004/GP3388/17/7.1.7-7.1.8 (Rad. Interno ALMA-R-2017-03931 del 08 de noviembre de 2017) Revisión Ocupación de Cauce Box K50+611 UF3 Comunicación ALMA-2017-1634.,15_04_Comunic_Recibidas/2018/CI004_GP-8913_070108_CON_3894_OCUPA_CAUCE_BOX_K50.pdf
1168,1,CONCESIÓN ALTO MAGDALENA S.A.S.,ALMA-2018-0498,CONSORCIO 4C,GP-7081,31/01/2018,Respuesta a su comunicación CI.004/GP3799/18/7.4.1 de fecha 29 de Enero de 2018. Entrega de un (1) expediente para aprobación del Avalúo Comercial Corporativo.,15_04_Comunic_Recibidas/2018/CI004_GP-7081_070401_CON_0498_EXP_AVALUO.pdf
1172,1,CONCESIÓN ALTO MAGDALENA S.A.S.,ALMA-2018-4298,CONSORCIO 4C,GP-9177,14/11/2018,Respuesta a su comunicación CI.004/GP2898/17/7.1.3 del 30 septiembre de 2017 (Radicado ALMA-R-2017-02912) Solicitud Información Personal Equipos.,15_04_Comunic_Recibidas/2018/CI004_GP-9177_070103_CON_4298_INFO_PERS_EQUIP.pdf
1167,3,CONCESIÓN ALTO MAGDALENA S.A.S.,ALMA-2018-2933,CONSORCIO 4C,GP-8503,31/07/2018,Envío Formulario de liquidación y declaración de regalías segundo Trimestre Año 2018. Expediente: Autorización Temporal SAB-09421- “Rivera 2”.,15_04_Comunic_Recibidas/2018/CI004_GP-8503_070108_CON_2933_FOR_REGLIAS_SAB-09421.pdf
1171,2,SERVICIO NACIONAL DE APRENDIZAJE,25-9511-2,CONSORCIO 4C,GP-8287,16/07/2018,Respuesta solicitud capacitación trabajo seguro en alturas,15_04_Comunic_Recibidas/2018/CI004_GP-8287_070110_SENA_005097_RTA_SCTUD_CAPACITA.pdf
1174,16,CONCESIÓN ALTO MAGDALENA S.A.S.,ALMA-2018-0881,CONSORCIO 4C,GP-7337,27/02/2018,Atención oficios ALMA-R-2018-0461. Perjuicio económico a patrimonio por construcción puente peatonal municipio de Beltrán Cundinamarca. A ciudadana Martha Macia Núñez,15_04_Comunic_Recibidas/2018/CI004_GP-7337_070109_CON_0881_PTE_PEATON_BELTRAN.pdf
1173,1,CONCESIÓN ALTO MAGDALENA S.A.S.,ALMA-2018-3403,CONSORCIO 4C,GP-9060,19/10/2018,Entrega de cuatro (3) expedientes para revisión en la etapa de expropiación.,15_04_Comunic_Recibidas/2018/CI004_GP-9060_070404_CON_3403_EXP_EXPRO.pdf
1175,2,CONCESIÓN ALTO MAGDALENA S.A.S.,ALMA-2018-0657,CONSORCIO 4C,GP-7222,19/02/2018,Entrega de expedientes prediales de la Unidad Funcional 2 para revisión del componente Social.,15_04_Comunic_Recibidas/2018/CI004_GP-7222_070402_CON_0657_EXP_SCIAL_UF2.pdf
1178,1,CONCESIÓN ALTO MAGDALENA S.A.S.,ALMA-2018-2579,CONSORCIO 4C,GP-8225,05/07/2018,Entrega de un (1) expediente para aprobación del Avalúo Comercial Corporativo.,15_04_Comunic_Recibidas/2018/CI004_GP-8225_070406_CON_2579_EXP_AVALUO.pdf
1179,1,CONCESIÓN ALTO MAGDALENA S.A.S.,ALMA-2018-3772,CONSORCIO 4C,GP-8836,27/09/2018,"Respuesta al comunicado CI.004/GP5093/18/7.1.8 del 05 de septiembre de 2018 (Rad. Interno ALMA-R-2018-2816). Medidas Control Explotación Pétreos ""La Argentina"".",15_04_Comunic_Recibidas/2018/CI004_GP-8836_070108_CON_3772_EXPLOT_PETREOS.pdf
1180,1,CONCESIÓN ALTO MAGDALENA S.A.S.,ALMA-2018-0148,CONSORCIO 4C,GP-7003,11/01/2018,Entrega de un (1) expediente de la Unidad Funcional 3 para revisión en la etapa de expropiación.,15_04_Comunic_Recibidas/2018/CI004_GP-7003_070404_CON_0148_EXP_EXPROP.pdf
1181,2,CONCESIÓN ALTO MAGDALENA S.A.S.,ALMA-2018-0423,CONSORCIO 4C,GP-7092,26/01/2018,Respuesta a su comunicación CI.004/GP3754/18/7.4.1 del 17 de enero de 2018 (Rad. Interno 207 del 17 de enero de 2018); - CI.004/GP3547/18/7.4.1 del 4 de diciembre de 2017 (Rad. Interno 4292 del 6 de diciembre de 2018); - Entrega de nueve (9) expedientes prediales de la unidad funcional 5 para aprobación.,15_04_Comunic_Recibidas/2018/CI004_GP-7092_070401_CON_0423_EXP_PREDIAL.pdf
1182,1,CONCESIÓN ALTO MAGDALENA S.A.S.,ALMA-2018-2710,CONSORCIO 4C,GP-8296,17/07/2018,Entrega de la Sabana Predial y Tira topográfica.,15_04_Comunic_Recibidas/2018/CI004_GP-8296_070401_CON_2710_SABAN_PREDIAL.pdf
1177,2,CONCESIÓN ALTO MAGDALENA S.A.S.,ALMA-2018-2354,CONSORCIO 4C,GP-8142,18/06/2018,Respuesta a su comunicación CI.004/GP4500/18/7.1.1 del 28 de mayo de 2018. (Rad. Interno ALMA-R-2018-1683 de fecha 28 de mayo de 2018).,15_04_Comunic_Recibidas/2018/CI004_GP-8142_070101_CON_2354_SEGUI_PREDIAL_PTES.pdf
1184,1,CONCESIÓN ALTO MAGDALENA S.A.S.,ALMA-2018-3338,CONSORCIO 4C,GP-8605,24/08/2018,Remisión PQRS-UF3-2018-246 a nombre de la señora Norma Constanza Polanco Sánchez- Inclusión para ser beneficiaria de la tarifa especial de peaje ubicado en la Vereda Campo Alegre del Municipio de Guataqui.,15_04_Comunic_Recibidas/2018/CI004_GP-8605_070109_CON_3338_PQR_NORMA_POLANCO.pdf
1183,1,CONCESIÓN ALTO MAGDALENA S.A.S.,ALMA-2018-1345,CONSORCIO 4C,GP-7549,04/04/2018,Su comunicación Cl.004/GP3982/18/7.1.3 - Radicado ALMA-R-2018-0730 del 28 de febrero de 2018 - Seguimiento Obra Condiciones losa puente sobre Río Magdalena UF1.,15_04_Comunic_Recibidas/2018/CI004_GP-7549_070103_CON_1345_SEGUI_LOSA_PTE_UF1.pdf
1176,1,CONCESIÓN ALTO MAGDALENA S.A.S.,ALMA-2018-3922,CONSORCIO 4C,GP-8904,08/10/2018,"Entrega de un (1) expediente predial ALMA-3-0006 de la unidad funcional 3 con componente Social, para revisión y aprobación.",15_04_Comunic_Recibidas/2018/CI004_GP-8904_070402_CON_3922_EXP_SOCIAL.pdf
1186,1,CONCESIÓN ALTO MAGDALENA S.A.S.,ALMA-2018-2580,CONSORCIO 4C,GP-8249,05/07/2018,Entrega de un (1) expediente para aprobación del Avalúo Comercial Corporativo.,15_04_Comunic_Recibidas/2018/CI004_GP-8249_070406_CON_2580_EXP_AVALUO.pdf
1185,2,CONCESIÓN ALTO MAGDALENA S.A.S.,ALMA-2018-1429,CONSORCIO 4C,GP-7596,11/04/2018,Respuesta a su Oficio No. CI.004/GP4136/18/7.4.4 relacionado con la entrega de un (1) expediente de la Unidad Funcional 3 para revisión en la etapa de expropiación.,15_04_Comunic_Recibidas/2018/CI004_GP-7596_070404_CON_1429_EXP_EXPRO.pdf
1188,1,CONCESIÓN ALTO MAGDALENA S.A.S.,ALMA-2018-1844,CONSORCIO 4C,GP-7800,10/04/2018,Su comunicación CI.004/GP4363/18/7.1.1 – Radicado ALMA-R-2018-1420 del 03 de mayo de 2018. Seguimiento Plan de Obras Rehabilitación Honda – La Dorada,15_04_Comunic_Recibidas/2018/CI004_GP-7800_070101_CON_1844_REHABIL_HONDA_LDORADA.pdf
1169,1,CONCESIÓN ALTO MAGDALENA S.A.S.,ALMA-2018-2346,CONSORCIO 4C,GP-8087,18/06/2018,Entrega de un (1) expediente para aprobación del Avalúo Comercial Corporativo.,15_04_Comunic_Recibidas/2018/CI004_GP-8087_070406_CON_2346_EXP_AVALUO.pdf
1187,3,CONCESIÓN ALTO MAGDALENA S.A.S.,ALMA-2018-2227,CONSORCIO 4C,GP-8007,06/06/2018,"Respuesta a su oficio CI.004/GP4481/18/7.1.8 del 23 de mayo de 2018, recibido mediante el consecutivo ALMA-R-2018-1657 el 24 de mayo de 2018.",15_04_Comunic_Recibidas/2018/CI004_GP-8007_070108_CON_2227_ASPECT_AMB_PEAJ.pdf
1190,1,CONCESIÓN ALTO MAGDALENA S.A.S.,ALMA-2018-2317,CONSORCIO 4C,GP-8067,19/06/2018,Entrega de un (1) expediente de la Unidad Funcional 2 para revisión en la etapa de expropiación.,15_04_Comunic_Recibidas/2018/CI004_GP-8067_070404_CON_2317_EXP_EXPRO.pdf
1192,1,CONCESIÓN ALTO MAGDALENA S.A.S.,ALMA-2018-0883,CONSORCIO 4C,GP-7289,27/02/2018,Entrega de la Sabana Predial y Tira topográfica.,15_04_Comunic_Recibidas/2018/CI004_GP-7289_070401_CON_0883_SABAN_PREDIAL.pdf
1189,11,CONSORCIO 4C,6P-8640,CONSORCIO 4C,GP-8640,31/08/2018,espuesta Cl.004/G MG 867/18/2.2 - rasladQ U.F. 5,15_04_Comunic_Recibidas/2018/CI004_GP-8640_020200_JDONCEL_SINNUMERO_RTA_TRASLAD_UF5.pdf
1191,2,AGENCIA NACIONAL DE INFRAESTRUCTURA,2018-606-010920-1,CONSORCIO 4C,GP-7605,11/04/2018,Proyecto Vial GIRARDOT – HONDA – PUERTO SALGAR. Listado de posibles eventos eximentes de responsabilidad relacionados con la Gestión Predial. Sus comunicaciones con radicación en la Agencia Nacional de Infraestructura No. 2018-409-019115-2 del 23/02/2018 y 2018-409-001273-2 del 09/01/2018.,15_04_Comunic_Recibidas/2018/CI004_GP-7605_050300_ANI_010920-1_EER_GEST_PREDIAL.pdf
1193,1,CONCESIÓN ALTO MAGDALENA S.A.S.,ALMA-2018-2463,CONSORCIO 4C,GP-8181,25/06/2018,Respuesta a su comunicación CI.004/GP3379/17/7.1.7-7.1.8 del 07 de noviembre de 2017 (Rad. Interno ALMA-R-2017-03920 del 7 de noviembre de 2017). Revisión Ocupación de Cauce Box K67+923 UF3 Comunicación ALMA-2017-1519.,15_04_Comunic_Recibidas/2018/CI004_GP-8181_070108-070107_CON_2463_BOX_K67_UF3.pdf
1194,1,CONCESIÓN ALTO MAGDALENA S.A.S.,ALMA-2018-1541,CONSORCIO 4C,GP-7650,16/04/2018,Respuesta a su comunicación CI.004/GP3989/18/7.1.10 Radicado interno ALMA-R-2018-0750. Informes Anuales 2017.,15_04_Comunic_Recibidas/2018/CI004_GP-7650_070109_CON_1541_INF_ANUAL_2017.pdf
1198,1,CONCESIÓN ALTO MAGDALENA S.A.S.,ALMA-2018-2694,CONSORCIO 4C,GP-8312,16/07/2018,"Respuesta comunicación C.I.004/GP4660/18/7.1.1-9.3 - Radicado ALMA-R-2018-1952 del 18 de junio de 2018 - Cronograma terminación Puente P1, ubicado en la Abscisa K126+290 de la UF4.",15_04_Comunic_Recibidas/2018/CI004_GP-8312_070101-090300_CON_2694_CRONOG_PTE_P1.pdf
1195,1,CONCESIÓN ALTO MAGDALENA S.A.S.,ALMA-2018-1777,CONSORCIO 4C,GP-7777,02/05/2018,Entrega de un (1) expediente para aprobación del Avalúo Comercial Corporativo de la unidad funcional 3.,15_04_Comunic_Recibidas/2018/CI004_GP-7777_070406_CON_1777_EXP_AVALUO.pdf
1196,7,CONCESIÓN ALTO MAGDALENA S.A.S.,ALMA-2018-2635,CONSORCIO 4C,GP-8367,12/07/2018,Respuesta comunicación CI.004/GP4289/18/7.1.7 – Radicado ALMA-R-2018-1274 del 18 de abril de 2018. Revisión Hidrosanitario Área de Servicio UF3,15_04_Comunic_Recibidas/2018/CI004_GP-8367_070107_CON_2635_REV_HIDRO_AREA_SERV.pdf
1202,2,CONCESIÓN ALTO MAGDALENA S.A.S.,ALMA-2018-4248,CONSORCIO 4C,GP-9137,09/11/2018,"Respuesta oficio CI.004/GP5424/18/7.4.1, con radicado interno ALMA-R-2018-3285 (22/10/2018) - Predio ALMA-5-0069.",15_04_Comunic_Recibidas/2018/CI004_GP-9137_070401_CON_4248_EXP_PREDIAL.pdf
1197,2,CONCESIÓN ALTO MAGDALENA S.A.S.,ALMA-2018-3911,CONSORCIO 4C,GP-8984,09/10/2018,Respuesta Oficio Radicado No. 2018-305-033238-1 (ALMA-R-2018-3147) –No objeción Plazo de cura otras obligaciones del proyecto – “Listas Blancas”,15_04_Comunic_Recibidas/2018/CI004_GP-8984_050300_CON_3911_LISTAS_BLANCAS.pdf
1199,3,CONCESIÓN ALTO MAGDALENA S.A.S.,ALMA-2018-0913,CONSORCIO 4C,GP-7312,28/02/2018,"Informe Fisuras Descascaramiento Concreto en Sector Cara Superior Dovelas 2 y 3, Puente Flandes sobre Río Magdalena – Unidad Funcional 1.",15_04_Comunic_Recibidas/2018/CI004_GP-7312_070103_CON_0913_FISURAS_DESCAS_PTE_UF1.pdf
1205,4,CONCESIÓN ALTO MAGDALENA S.A.S.,ALMA-2018-2757,CONSORCIO 4C,GP-8338,19/07/2018,"Entrega de constancia de publicación en emisora del aviso alusivo a la solicitud de permiso de aprovechamiento forestal que corresponde al acceso del puente del río Guarinó, sector Tolima y al área de intersección con el nuevo Puente de Honda (Costado Occidental), según lo solicitado en el comunicado con radicado de CORTOLIMA 14470 del 19 de julio de 2018.",15_04_Comunic_Recibidas/2018/CI004_GP-8338_070108_CON_2757_PERMI_APROVE_FOREST.pdf
1201,43,CONCESIÓN ALTO MAGDALENA S.A.S.,CI004_GP-8051_070108_CON_2305_MODIF_LICENC_AMB,CONSORCIO 4C,GP-8051,14/06/2018,"ea z '·udacion tramite de mod'1f1cacion de 1 11 - - -1 MA::2.0_l6 -j230x5 !!""# Atn. CLAUDIA VICTORIA GONZALEZ HERNANDEZ Directora -·•-A :r-vq Calle 37 No. 8-40 Bogotá D.C REFERENCIA: Contrato de Concesión bajo esquema APP N° 003-2014 - ""Financiación, construcción, rehabilitación, mejoramiento, operación y mantenimiento del Corredor Honda - Puerto Salgar - Girardot, de acuerdo con el Apéndice Técnico 1 y demás apéndices del Contrato"". ASUNTO: Reanudación Trámite de modificación de Licencia Ambiental, Proyecto ""Conexión vía Honda - La Dorada Ruta 4510 con la vía Puerto Salgar- El Korán, incluye puente sobre el Río Magdalena"" denominado Unidad Funcional 5.3. Respuesta Auto No. 2384 del 17 de mayo de 2018. Expediente: LAV0068-00-2015.",15_04_Comunic_Recibidas/2018/CI004_GP-8051_070108_CON_2305_MODIF_LICENC_AMB.pdf
1206,1,CONCESIÓN ALTO MAGDALENA S.A.S.,ALMA-2018-2929,CONSORCIO 4C,GP-8940,30/07/2018,"Respuesta a su comunicación, CI.004/GP4805/18/7.4.6 del 13 Julio de 2018 (Rad. Interno ALMA-R-2018-2241), Entrega de un (1) expediente predial de la unidad funcional 3 para aprobación de Avalúo comercial corporativo.",15_04_Comunic_Recibidas/2018/CI004_GP-8940_070406_CON_2929_EXP_AVALUO.pdf
1200,1,CONCESIÓN ALTO MAGDALENA S.A.S.,ALMA-2018-0669,CONSORCIO 4C,GP-7365,09/02/2018,Entrega de expediente predial de la unidad funcional 3 para revisión del componente Social.,15_04_Comunic_Recibidas/2018/CI004_GP-7365_070402_CON_0669_EXP_SCIAL.pdf
1207,1,CONCESIÓN ALTO MAGDALENA S.A.S.,ALMA-2018-0621,CONSORCIO 4C,GP-7176,08/02/2018,Documentación andamios colgantes UF 1 Puente Flandes.,15_04_Comunic_Recibidas/2018/CI004_GP-7176_070103-070110_CON_0621_ANDAMI_PTE_UF1.pdf
1203,3,CONCESIÓN ALTO MAGDALENA S.A.S.,ALMA-2018-4198,CONSORCIO 4C,GP-9081,31/10/2018,Respuesta comunicado CI.004/GP5260/18/7.1.8 del 27 de septiembre de 2018 (Rad. Interno ALMA-R-2018-3038) Aspectos e Impactos Ambientales UF 4.1.,15_04_Comunic_Recibidas/2018/CI004_GP-9081_070108_CON_4198_ASPEC_IMPACT_AMB_UF4.1.pdf
1208,6,Agencia Nacional de Infraestructura,ANI-023020-1,CONSORCIO 4C,GP-8357,24/07/2018,Solicitud de apoyo interinstitucional para el cumplimiento de obligaciones contractuales de intervenciones en la Intersección con el nuevo puente de Honda Costado Occidental y el cruce vial de la Ruta 45 Honda – La Dorada.,15_04_Comunic_Recibidas/2018/CI004_GP-8357_070108_ANI_023020-1_TRAMI_AMB_PTE_HONDA.pdf
1204,7,CONCESIÓN ALTO MAGDALENA S.A.S.,ALMA-2018-1141,CONSORCIO 4C,GP-7437,14/03/2018,Respuesta a su comunicación Cl.004/GP3821/18/7.1.10 del 31 de enero de 2018 (Rad. Interno ALMA-R-2018-0406) Seguimiento condiciones de seguridad UF 1 y UF 2 Semana 156.,15_04_Comunic_Recibidas/2018/CI004_GP-7437_070110_CON_1141_CONDI_SEG_UF1_2.pdf
1211,1,Agencia Nacional de Infraestructura,20183050415511,CONSORCIO 4C,GP-9364,12/12/2018,Manual de Marca Vigente - Contrato de Interventoría No. 145 - Consorcio 4C.,15_04_Comunic_Recibidas/2018/CI004_GP-9364_070110_ANI_041551-1_MANUAL_MARCA_VIGENTE.pdf
1214,4,REGISTRADURÍA NACIONAL DEL ESTADO CIVIL,,CONSORCIO 4C,GP-7538,25/03/2018,Solicitud cargue de información en plataforma tecnológica PRESIDENTE,15_04_Comunic_Recibidas/2018/CI004_GP-7538_070109_REGHONDA_SINNUMERO_CARG_INF_PLATAF.pdf
1216,1,CONCESIÓN ALTO MAGDALENA S.A.S.,ALMA-2018-4667,CONSORCIO 4C,GP-9368,12/12/2018,Comunicación CI.004/GP5365/18/7.1.3 - Radicado ALMA-R-2018-3195 del 11 de octubre de 2018. Medición Resistencia Deslizamiento. UF3,15_04_Comunic_Recibidas/2018/CI004_GP-9368_070303-090300_CON_4667_MEDI_RESISTENCIA_UF3.pdf
1215,1,Agencia Nacional de Infraestructura,2018-305-009453-1,CONSORCIO 4C,GP-7503,26/03/2018,Oficio radicado ANI 2018-409-028297-2 de 21/03/2018. Acciones preventivas disminución reincidencia sectores críticos de accidentalidad en carreteras. Proyecto Girardot - Honda - Puerto Salgar. Contrato de Concesión 003 de 2014 - Concesión Alto Magdalena S.A.S.,15_04_Comunic_Recibidas/2018/CI004_GP-7503_070304_ANI_009453-1_ACCI_PREVE_ACCIDE.pdf
1213,1,CONCESIÓN ALTO MAGDALENA S.A.S.,ALMA-2018-2352,CONSORCIO 4C,GP-8101,18/06/2018,Respuesta a su comunicación CI.004/GP4600/18/7.4.1 del 06 de junio de 2018 (Rad. Interno 1864); Entrega de un (1) expediente predial de la unidad funcional 5 para aprobación.,15_04_Comunic_Recibidas/2018/CI004_GP-8101_070401_CON_2352_EXP_PREDIAL.pdf
1209,1,Agencia Nacional de Infraestructura,20183050346471,CONSORCIO 4C,GP-8953,16/10/2018,Respuesta a oficio con radicado ANI No. 20184091033442 y 20184091034202 - Solicitud mesa de trabajo Impactos peaje Brisas y Área de Expansión Urbana- Contrato de Concesión No 003 de 2014 - Girardot - Honda - Puerto Salgar.,15_04_Comunic_Recibidas/2018/CI004_GP-8953_070109-050300_ANI_034647-1_IMPAC_PEAJ_BRISAS.pdf
1212,2,CONCESIÓN ALTO MAGDALENA S.A.S.,ALMA-2018-3762,CONSORCIO 4C,GP-8801,26/09/2018,Actividades no previstas en el Contrato de Concesión solicitadas por la Interventoría.,15_04_Comunic_Recibidas/2018/CI004_GP-8801_050300_CON_3762_ACTIV_NO_PREVISTAS.pdf
1210,4,CONCESIÓN ALTO MAGDALENA S.A.S.,ALMA-2018-4148,CONSORCIO 4C,GP-9046,29/10/2018,Comunicación CI.004/GP3348/17/7.1.9 – ALMA-R-2017-03856 del 02 de noviembre de 2017. Compromisos Pactados Sr. Alberto Leiva Espinoza.,15_04_Comunic_Recibidas/2018/CI004_GP-9046_070109_CON_4148_COMPRO_ALEIVA.pdf
1220,2,CONCESIÓN ALTO MAGDALENA S.A.S.,ALMA-2018-1032,CONSORCIO 4C,GP-7372,06/03/2018,"Remitir copia autentica de la Resolución 317 del 22 de febrero de 2018, ""Por medio de la cual se modifica la Resolución N° 1876 del 16 de noviembre de 2016 proferida por el Vicepresidente de Planeación, Riesgos y Entorno de la Agencia nacional de Infraestructura, con el fin de efectuar un ajuste de franja de terreno del proyecto vial Girardot- Honda- Puerto Salgar, en cumplimiento del Artículo 58 literal e) de la Ley 388 de 1997referente a la declaratoria de utilidad pública e interés social"", para su conocimiento.",15_04_Comunic_Recibidas/2018/CI004_GP-7372_070108_CON_1032_RESOL_317.pdf
1217,1,CONCESIÓN ALTO MAGDALENA S.A.S.,ALMA-2018-4124,CONSORCIO 4C,GP-9127,26/10/2018,Respuesta a su comunicación CI.004/GP5395/18/7.4.1 del 17 de Octubre de 2018 (Rad. Interno ALMA-2018-3245) Entrega del expediente ALMA-2-0136-1 para aprobación.,15_04_Comunic_Recibidas/2018/CI004_GP-9127_070401_CON_4124_EXP_PREDIAL.pdf
1219,15,CONCESIÓN ALTO MAGDALENA S.A.S.,ALMA-2018-2400,CONSORCIO 4C,GP-8136,21/06/2018,Respuesta a su comunicación CI.004/GP4077/18/7.1.10 del 15 marzo de 2018 (Radicado ALMA-R-2018-0885) Condiciones de seguridad UF 1 y 2 semana 161.,15_04_Comunic_Recibidas/2018/CI004_GP-8136_070110_CON_2400_CONDI_SEG_UF1_2.pdf
1218,3,CONCESIÓN ALTO MAGDALENA S.A.S.,GP 6900,CONSORCIO 4C,GP-6900,05/01/2018,Su comunicación Cl.004/GP3622/17/7.1.3 8 - Radicado ALMA-R-2017-04466 del 26 de diciembre de 2017 - Cotas Construcción y Rasante Puente Río Magdalena UF1.,15_04_Comunic_Recibidas/2018/CI004_GP-6900_070103_CON_0051_COTAS_PTE_RMAGDALENA_UF1.pdf
1223,4,CONCESIÓN ALTO MAGDALENA S.A.S.,ALMA-2018-1375,CONSORCIO 4C,GP-7582,06/04/2018,Respuesta a Comunicado Cl.004/GP3906/18/7.1.8 del 16 de febrero de 2018 (Rad. Interno ALMA-R-2018-0572 del 16 de febrero de 2018). Aspectos e Impactos Ambientales UF3.,15_04_Comunic_Recibidas/2018/CI004_GP-7582_070108_CON_1375_ASPEC_IMPA_AMB_UF3.pdf
1221,1,CONCESIÓN ALTO MAGDALENA S.A.S.,ALMA-2018-4302,CONSORCIO 4C,GP-9406,14/11/2018,"Entrega expediente para aprobación del Avalúo Comercial Corporativo, ALMA-5-0264.",15_04_Comunic_Recibidas/2018/CI004_GP-9406_070406_CON_4302_EXP_AVALUO.pdf
1226,12,CONCESIÓN ALTO MAGDALENA S.A.S.,ALMA-2018-2474,CONSORCIO 4C,GP-8185,25/06/2018,"Notificación Evento Eximente de Responsabilidad como consecuencia de la NO integración del predio denominado ""Hacienda Primavera"" ALMA-4-0032 (expediente predial) al patrimonio de la Agencia Nacional de Tierras-ANT-, su posterior adjudicación a las Entidades de Derecho Público conforme el Decreto 902 de 2017 y la NO adjudicación del Derecho de Vía conforme al Decreto 2770 de 1953 y la Ley 1228 de 2008; para continuar con los trámites de enajenación voluntaria y/o iniciar los trámites de expropiación judicial dentro de los tiempos estipulados por la Ley Aplicable.",15_04_Comunic_Recibidas/2018/CI004_GP-8185_050300_CON_2474_EER_PREDIO_UF4.pdf
1227,3,AGENCIA NACIONAL DE INFRAESTRUCTURA,20183050357071,CONSORCIO 4C,GP-9015,24/10/2018,"Remisión Solicitud de información sobre enajenación a particulares realizada por parte del Concejo Municipal de Nariño Cundinamarca Proyecto Girardot - Honda - Puerto Salgar, Contrato de Concesión 003 de 2014. Alto Magdalena S.A.S.",15_04_Comunic_Recibidas/2018/CI004_GP-9015_070109_ANI_035707-1_ENAJENACION_PARTICUL.pdf
1229,2,CONCESIÓN ALTO MAGDALENA S.A.S.,ALMA-2018-3913,CONSORCIO 4C,GP-8920,09/10/2018,Propuesta de manejo al permiso de Levantamiento de veda. - Resolución 1701 de 2015.,15_04_Comunic_Recibidas/2018/CI004_GP-8920_070108_CON_3913_PER_LEV_VEDA.pdf
1222,3,CONCESIÓN ALTO MAGDALENA S.A.S.,ALMA-2018-1398,CONSORCIO 4C,GP-7587,09/04/2018,Su comunicación CI.004/GP4152/18/7.1.1 – Radicado ALMA-R-2018-1043 del 28 de marzo de 2018. Revisión Plan de Obras V6R1.,15_04_Comunic_Recibidas/2018/CI004_GP-7587_070101_CON_1398_PLAN_OBRA_V06_R2.pdf
1224,1,CONCESIÓN ALTO MAGDALENA S.A.S.,ALMA-2018-0296,CONSORCIO 4C,GP-7004,23/01/2018,"Respuesta a su comunicación Cl.004/GP3547/17/7.4.1 del 4 de diciembre de 2017 (Rad. Interno 4292 del 6 de diciembre de 2017); Cl.004/GP3510/17/7.4.1 del 28 de noviembre de 2017 (Rad. Interno 4193 del 30 de noviembre de 2017), Cl.004/GP3500/17/7.4.1 del 24 de noviembre de 2017 (Rad. Interno 4183 del 30 de noviembre de 2017), expedientes prediales de la unidad funcional 5.",15_04_Comunic_Recibidas/2018/CI004_GP-7004_070401_CON_0296_EXP_PREDIAL.pdf
1228,1,CONCESIÓN ALTO MAGDALENA S.A.S.,ALMA-2018-3929,CONSORCIO 4C,GP-9181,11/10/2018,Informe ejecutivo de avance de ejecución predial del mes de octubre del año 2018.,15_04_Comunic_Recibidas/2018/CI004_GP-9181_070401_CON_3929_INF_PREDIAL_OCT.pdf
1232,1,CONCESIÓN ALTO MAGDALENA S.A.S.,ALMA-2018-4794,CONSORCIO 4C,GP-9423,28/12/2018,"Respuesta comunicación, CI.004/GP5729/18/7.4.6 (Rad. ALMA-R-2018-3834-13/12/2018), Entrega expediente predial ALMA-3-0067 para aprobación de Avalúo comercial corporativo.",15_04_Comunic_Recibidas/2018/CI004_GP-9423_070406_CON_4794_EXP_AVALUO.pdf
1233,56,CONCESIÓN ALTO MAGDALENA S.A.S.,ALMA-2017-5257,CONSORCIO 4C,GP-6943,05/12/2017,Estados Financieros al 30 de junio de 2017 Concesión Alto Magdalena SAS e informe del Auditor externo.,15_04_Comunic_Recibidas/2018/CI004_GP-6943_070202_CON_5257_ESTAD_FINANC.pdf
1225,1,CONCESIÓN ALTO MAGDALENA S.A.S.,ALMA-2018-1895,CONSORCIO 4C,GP-7859,16/05/2018,Su comunicación 2018-305-011336-1 fechada el 16 de abril de 2018 - Radicado ALMA-R-2018-1298 del 02 de abril de 2018. Oficio radicado ANI 2018-409-035390-2 de 11/04/2018. Calidad Concretos Terminados Integridad Acero Refuerzo Puente UF5.,15_04_Comunic_Recibidas/2018/CI004_GP-7859_070103_CON_1895_CALID_PTE_UF5.pdf
1230,6,AGENCIA NACIONAL DE INFRAESTRUCTURA,20183100384451,CONSORCIO 4C,GP-9212,16/11/2018,Concepto de la DIAN sobre descuentos tributarios en el pago de las compensaciones socioeconómicas establecidas en la resolución INCO 545 de 2008.,15_04_Comunic_Recibidas/2018/CI004_GP-9212_050300-070401_ANI_038445-1_CONCEP_DIAN.pdf
1235,1,CONCESIÓN ALTO MAGDALENA S.A.S.,ALMA-2018-2344,CONSORCIO 4C,GP-8107,18/06/2018,Entrega de un (1) expediente para aprobación del Avalúo Comercial Corporativo.,15_04_Comunic_Recibidas/2018/CI004_GP-8107_070406_CON_2344_EXP_AVALUO.pdf
1231,1,CONCESIÓN ALTO MAGDALENA S.A.S.,ALMA-2018-2404,CONSORCIO 4C,GP-8139,21/06/2018,Su comunicación 2018-305-014656-1 fechada el 15 de mayo de 2018 – Radicado ALMA-R-2018-1632 del 22 de mayo de 2018. Oficio radicado ANI 2018-409-044640-2. Atraso Actividades Constructivas Puentes UF5 Plan de Obras Vigente,15_04_Comunic_Recibidas/2018/CI004_GP-8139_070101_CON_2404_ATRAS_PTES_UF5.pdf
1234,1,CONCESIÓN ALTO MAGDALENA S.A.S.,ALMA-2018-3026,CONSORCIO 4C,GP-8482,08/08/2018,Entrega de un (1) expediente para aprobación del Avalúo Comercial Corporativo.,15_04_Comunic_Recibidas/2018/CI004_GP-8482_070401_CON_3026_EXP_AVALUO.pdf
1238,1,CONCESIÓN ALTO MAGDALENA S.A.S.,ALMA-2018-8628,CONSORCIO 4C,GP-7162,08/02/2018,Entrega del Informe Trimestral número 13,15_04_Comunic_Recibidas/2018/CI004_GP-7162_070110_CON_0620_INFO_TRIM_N°13.pdf
1237,1,CONCESIÓN ALTO MAGDALENA S.A.S.,ALMA-2018-0433,CONSORCIO 4C,GP-7063,29/01/2018,"Entrega de dos (2) expedientes prediales de la Unidad Funcional 3, para aprobación de estudio de títulos",15_04_Comunic_Recibidas/2018/CI004_GP-7063_070401_CON_0433_EXP_PREDIAL.pdf
1236,1,AGENCIA NACIONAL DE INFRAESTRUCTURA,2018-305-018858-1,CONSORCIO 4C,GP-8091,19/06/2018,Traslado Derecho de Petición Condominio Algarrobos con radicado ANI No 20184090599422 - Contrato de Concesión No 003 de 2014 - Girardot - Honda - Puerto Salgar.,15_04_Comunic_Recibidas/2018/CI004_GP-8091_070109_ANI_018858-1_DP_ALGARROBOS.pdf
1239,1,AGENCIA NACIONAL DE INFRAESTRUCTURA,2018-305-004370-1,CONSORCIO 4C,GP-7209,13/02/2018,Radicado ANI 201-8409-008336-2 de 26/01/2018. Queja Proyecto Girardot - Honda - Puerto Salgar. Contrato de Concesión 003 de 2014 - Concesión Alto Magdalena S.A.S.,15_04_Comunic_Recibidas/2018/CI004_GP-7209_070109_ANI_004370-1_DP_WARBOLEDA.pdf
1240,3,CONCESIÓN ALTO MAGDALENA S.A.S.,ALMA-2018-1175,CONSORCIO 4C,GP-7476,20/03/2018,Su comunicación CI.004/GP2279/17/7.1.3 – Radicado ALMA-R-2017-01550 del 15 de mayo de 2017. Presencia de Erosión y Degradación Taludes UF3 – K85+190 al K85+290 Alcance CI.004/GP1088/16/7.1.3,15_04_Comunic_Recibidas/2018/CI004_GP-7476_070103_CON_1175_EROS_DEGRAD_TALUD.pdf
1242,1,AGENCIA NACIONAL DE INFRAESTRUCTURA,2018-400-032242-1,CONSORCIO 4C,GP-8827,27/09/2018,Expediente disciplinario No. 022 de 2018.,15_04_Comunic_Recibidas/2018/CI004_GP-8827_070401_ANI_032242-1_EXP_DISCIPLI_N022.pdf
1247,2,CONCESIÓN ALTO MAGDALENA S.A.S.,ALMA-2018-2074,CONSORCIO 4C,GP-7941,28/05/2018,"Entrega 1 Acta de Vecindad para validación y firma de la Interventoría, Consorcio 4C.",15_04_Comunic_Recibidas/2018/CI004_GP-7941_070109_CON_2074_ACTAS_VECINDAD.pdf
1241,2,CONCESIÓN ALTO MAGDALENA S.A.S.,ALMA-2018-3375,CONSORCIO 4C,GP-8611,28/08/2018,Repuesta comunicado CI.004/GP4913/18/7.1.9 radicado interno ALMA R-2018-2404 del 27 de julio de 2018- Atención compromisos condominio entre verdes del Municipio de Nariño - PRQS UF2 2018 325.,15_04_Comunic_Recibidas/2018/CI004_GP-8611_070109_CON_3375_PQR_COND_ENTREVERDES.pdf
1245,1,CONCESIÓN ALTO MAGDALENA S.A.S.,ALMA-2018-0787,CONSORCIO 4C,GP-7288,19/02/2018,Entrega de un (1) expediente para aprobación del Avalúo Comercial Corporativo.,15_04_Comunic_Recibidas/2018/CI004_GP-7288_070401_CON_0787_EXP_AVALUO.pdf
1244,1,CONCESIÓN ALTO MAGDALENA S.A.S.,ALMA-2018-2388,CONSORCIO 4C,GP-8118,20/06/2018,Su comunicación 2018-305-015122-1 fechada el 18 de mayo de 2018 – Radicado ALMA-R-2018-1652 del 23 de mayo de 2018. Oficio radicado ANI 20184090478792. Seguimiento Obra Condiciones Losa Puente Río Magdalena UF1.,15_04_Comunic_Recibidas/2018/CI004_GP-8118_070103_CON_2388_SEGUI_PTE_UF1.pdf
1248,1,CONCESIÓN ALTO MAGDALENA S.A.S.,ALMA-2018-4163,CONSORCIO 4C,GP-9017,29/10/2018,"Entrega de un (1) expediente predial de la unidad funcional 3 con componente Social, para revisión y aprobación.",15_04_Comunic_Recibidas/2018/CI004_GP-9017_070402_CON_4163_EXP_PREDIAL.pdf
1243,1,CONCESIÓN ALTO MAGDALENA S.A.S.,ALMA-2018-3073,CONSORCIO 4C,GP-8490,09/08/2018,Radicación Informe Gestión Social Trimestral No.15 - mayo - julio de 2018.,15_04_Comunic_Recibidas/2018/CI004_GP-8490_070109_CON_3073_INF_TRIMES_SOCIAL_N15.pdf
1249,7,AGENCIA NACIONAL DE INFRAESTRUCTURA,2018-602-005894-1,CONSORCIO 4C,GP-7271,28/02/2018,"Obligaciones contractuales de la Interventoría en el seguimiento de Riesgos. - Contrato de Interventoría No. 145 del 24 de octubre de 2014 para el Proyecto de Concesión Vial bajo el esquema de APP ""Girardot - Honda - Puerto Salgar"" No. 013 de 2014",15_04_Comunic_Recibidas/2018/CI004_GP-7271_010400_ANI_005894-1_SEGUI_RIESGOS.pdf
1246,1,CONCESIÓN ALTO MAGDALENA S.A.S.,ALMA-2018-0165,CONSORCIO 4C,GP-6919,12/01/2018,Su comunicación CI.004/GP3663/18/7.1.7 - Radicado ALMA-R-2017-0023 del 03 de enero de 2018 - Observaciones Construcción Barandas Puente P13 K87+100 UF3,15_04_Comunic_Recibidas/2018/CI004_GP-6919_0701007_CON_0165_PTE_P13.pdf
1253,3,CONCESIÓN ALTO MAGDALENA S.A.S.,ALMA-2018-4644,CONSORCIO 4C,GP-9333,07/11/2018,Respuesta a su comunicación CI.004/GP5608/18/7.3.1 Radicado interno ALMA-R-2018-3641. Atracción tráfico publicidad proyecto.,15_04_Comunic_Recibidas/2018/CI004_GP-9333_070300_CON_4644_ATRACCIÓN_TRAFICO.pdf
1251,6,CONCESIÓN ALTO MAGDALENA S.A.S.,ALMA-2018-2513,CONSORCIO 4C,GP-8211,29/06/2018,Respuesta a su comunicación CI.004/GP4246/17/7.1.10 del 12 Abril de 2018 (Radicado ALMA-R-2018-1197) Condiciones de seguridad UF 4 Semana 166.,15_04_Comunic_Recibidas/2018/CI004_GP-8211_070110_CON_2513_SEG_UF4_S166.pdf
1255,1,CONCESIÓN ALTO MAGDALENA S.A.S.,AL MA 2018 4424,CONSORCIO 4C,GP-9243,20/11/2018,Entrega de cuatro (4) expedientes para revisión en la etapa de expropiación.,15_04_Comunic_Recibidas/2018/CI004_GP-9243_070404_CON_4424_EXP_EXPRO.pdf
1258,4,CONCESIÓN ALTO MAGDALENA S.A.S.,ALMA-2018-3421,CONSORCIO 4C,GP-8681,31/08/2018,Respuesta a su comunicado CI.004/GP5036/18/7.1.8 del 23 de agosto de 2018 (Rad. Interno ALMA-R-2018-2646). Explotación materiales Fuente Kalakali - K11+500 UF 5.4 / Ausencia de medidas de control.,15_04_Comunic_Recibidas/2018/CI004_GP-8681_070108_CON_3421_EXPLO_KALAKALI_K11.pdf
1257,5,Agencia Nacional de Infraestructura,20183050254291,CONSORCIO 4C,GP-8498,08/08/2018,Entrega de diseños puente peatonal UF 5.2 – La Dorada.,15_04_Comunic_Recibidas/2018/CI004_GP-8498_070107_ANI_025429-1_DISEÑ_PTE_PEATON_UF5.2.pdf
1256,1,CONCESIÓN ALTO MAGDALENA S.A.S.,ALMA-2018-0283,CONSORCIO 4C,GP-6992,23/01/2018,Entrega de dos (2) expedientes para aprobación del Avalúo Comercial Corporativo.,15_04_Comunic_Recibidas/2018/CI004_GP-6992_070401_CON_0283_EXP_AVALUO.pdf
1259,1,CONCESIÓN ALTO MAGDALENA S.A.S.,ALMA-2018-0281,CONSORCIO 4C,GP-6994,23/01/2018,Respuesta a su comunicación CI.004/GP3747/18/7.4.1 del 17 de enero de 2018. Entrega de un (1) expediente predial de la Unidad Funcional 2 para aprobación.,15_04_Comunic_Recibidas/2018/CI004_GP-6994_070401_CON_0281_EXP_PREDIAL.pdf
1252,2,,,CONSORCIO 4C,GP-7172,13/02/2018,COMPROMISOS PENDIENTES,15_04_Comunic_Recibidas/2018/CI004_GP-7172_070109_SIN_NUMERO_DP_JGUALDRON.pdf
1261,1,CONCESIÓN ALTO MAGDALENA S.A.S.,ALMA-2018-4587,CONSORCIO 4C,GP-9324,04/12/2018,"Entrega expediente predial ALMA-3-0111, para revisión y aprobación de componente social del predio",15_04_Comunic_Recibidas/2018/CI004_GP-9324_070402_CON_4587_EXP_SOCIAL.pdf
1260,1,CONCESIÓN ALTO MAGDALENA S.A.S.,ALMA-2018-1952,CONSORCIO 4C,GP-8081,18/05/2018,"Respuesta a su comunicación, Cl.004/GP3458/17/7.4.1 del 1 de Noviembre de 2017 (Rad. Interno ALMA-R-2017-4080), Entrega de un (1) expediente predial de la unidad funcional 3 para aprobación de ficha predial.",15_04_Comunic_Recibidas/2018/CI004_GP-8081_070401_CON_1952_EXP_PREDIAL.pdf
1250,1,CONCESIÓN ALTO MAGDALENA S.A.S.,ALMA-2018-0947,CONSORCIO 4C,GP-7302,28/02/2017,"Entrega de un (3) expedientes prediales de la unidad funcional 3, para aprobación de alcance ficha predial.",15_04_Comunic_Recibidas/2018/CI004_GP-7302_070401_CON_0947_EXP_PREDIAL.pdf
1262,1,CONCESIÓN ALTO MAGDALENA S.A.S.,ALMA-2018-1778,CONSORCIO 4C,GP-7773,03/05/2018,"Entrega de cuatro (4) expedientes prediales de la unidad funcional 5 ""GLORIETA KORAN"" con componente Social, para revisión y aprobación.",15_04_Comunic_Recibidas/2018/CI004_GP-7773_070402_CON_1778_EXP_SOCIAL.pdf
1263,4,CONCESIÓN ALTO MAGDALENA S.A.S.,ALMA-2018-2624,CONSORCIO 4C,GP-8268,12/07/2018,"Respuesta comunicado ANI No.2018-305-019594-1 radicado interno ALMA-R-2018-2136 del 29 de junio de 2018, identificado como PQRS UF2-2018-358; respuesta a las situaciones referidas por los residentes del Condominio Algarrobos del Magdalena del municipio de Nariño.",15_04_Comunic_Recibidas/2018/CI004_GP-8268_070109_CON_2624_SITUA_COND_ALGARROBOS.pdf
1264,3,CONCESIÓN ALTO MAGDALENA S.A.S.,ALMA-2018-0126,CONSORCIO 4C,GP-6918,11/01/2018,Respuesta al Comunicado 20172143641 (Rad. Interno ALMA-R-2017-03479). Solicitud de información fauna silvestre atropellada,15_04_Comunic_Recibidas/2018/CI004_GP-6918_070108_CON_0126_FAUNA_SILVESTRE_ATROPELLADA.pdf
1254,2,CONCESIÓN ALTO MAGDALENA S.A.S.,ALMA-2018-0166,CONSORCIO 4C,GP-6932,12/01/2018,Envío Formulario de liquidación y declaración de cuarto trimestre año 2017- Expediente: QBN-15032X.,15_04_Comunic_Recibidas/2018/CI004_GP-6932_070108_CON_0166_FOR_REGALIAS_EXP_QBN-15032X.pdf
1268,1,CONCESIÓN ALTO MAGDALENA S.A.S.,ALMA-2018-3686,CONSORCIO 4C,GP-8842,24/09/2018,"Divulgación Plan de Contingencia y Gestión del Riesgo, Licencia Ambiental Resolución N° 0660 de 2016, Expediente LAV0004-00-2016.",15_04_Comunic_Recibidas/2018/CI004_GP-8842_070108_CON_3686_PLAN_CONTING_LIC_AMB.pdf
1265,3,CONCESIÓN ALTO MAGDALENA S.A.S.,ALMA-2018-2431,CONSORCIO 4C,GP-8173,26/06/2018,Respuesta a su comunicación Cl.004/GP1304/16/7.1.8 del 2 de octubre de 2016 (radicado interno ALMA-R-2016-0002582 del 3 de octubre de 2016). Obras de drenajes. Respuesta ALMA-2016-3141.,15_04_Comunic_Recibidas/2018/CI004_GP-8173_070108_CON_2431_OBRAS_DRENAJ.pdf
1270,1,CONCESIÓN ALTO MAGDALENA S.A.S.,ALMA-2018-1194,CONSORCIO 4C,GP-7455,20/03/2018,Entrega de un (1) expediente de la Unidad Funcional 2 para revisión en la etapa de expropiación.,15_04_Comunic_Recibidas/2018/CI004_GP-7455_070404_CON_1194_EXP_EXPRO.pdf
1269,12,AGENCIA NACIONAL DE INFRAESTRUCTURA,2018-305-014379-1,CONSORCIO 4C,GP-7810,10/05/2018,"Proyecto Vial GIRARDOT – HONDA – PUERTO SALGAR. Notificación evento eximente de responsabilidad como consecuencia de la NO expedición de la Resolución Modificatoria de la Resolución No. 1876 del 16 diciembre de 2016 - Declaratoria de Utilidad Pública e Interés Social del proyecto Girardot – Honda – Puerto Salgar y solicitud de ampliación del término para la Gestión Predial de las Unidades Funcionales 1, 2, 3, 4 y 5.",15_04_Comunic_Recibidas/2018/CI004_GP-7810_050300_ANI_014379-1_EER_GEST_PREDIAL.pdf
1266,2,CONCESIÓN ALTO MAGDALENA S.A.S.,ALMA-2018-1080,CONSORCIO 4C,GP-7469,05/03/2018,"Respuesta a Comunicado CI.004/GP3893/18/7.1.8 del 15 de febrero de 2018 (Rad. Interno ALMA-R-2018-0609 del 19 de febrero de 2018), Observaciones Informe Cierre Ambiental Unidades Funcionales 1, 2 y 4.",15_04_Comunic_Recibidas/2018/CI004_GP-7469_070108_CON_1080_OBS_CIERRE_AMB_UF1_2_4.pdf
1273,1,CONCESIÓN ALTO MAGDALENA S.A.S.,ALMA-2018-2349,CONSORCIO 4C,GP-8093,18/06/2018,Entrega de un (1) expediente para aprobación del Avalúo Comercial Corporativo.,15_04_Comunic_Recibidas/2018/CI004_GP-8093_070406_CON_2349_EXP_AVALUO.pdf
1274,2,Agencia Nacional de Infraestructura,20183050293311,CONSORCIO 4C,GP-8674,05/09/2018,Respuesta Solicitud Mesa de Trabajo - Comunicaciones con Rad ANI No 20184090904762 y 20184090888492 Contrato de Concesión No 003 de 2014 al proyecto Girardot - Honda - Puerto Salgar.,15_04_Comunic_Recibidas/2018/CI004_GP-8674_010400_ANI_029331-1_SCTD_MESA_TRABJO.pdf
1267,1,CONCESIÓN ALTO MAGDALENA S.A.S.,ALMA-2018-2619,CONSORCIO 4C,GP-8303,10/07/2018,Comunicación CI.004/GP4659/18/7.1.3 - Radicado ALMA-R-2018-1950 del 18 de junio de 2018. Condiciones Aceros Pilotes Puente P6G K40+550 UF3.,15_04_Comunic_Recibidas/2018/CI004_GP-8303_070107_CON_2619_PILOT_PTE_P6G.pdf
1272,1,CONCESIÓN ALTO MAGDALENA S.A.S.,ALMA-2018-4362,CONSORCIO 4C,GP-9223,19/11/2018,Respuesta a la comunicación CI.004/GP5537/18/7.18 del 08 de noviembre de 2018 (Rad. Interno ALMA-R-2018-3526) – Entrega Informe Trimestral 15 V2.,15_04_Comunic_Recibidas/2018/CI004_GP-9223_070108_CON_4362_INF_TRIM_15_V2.pdf
1277,1,CONCESIÓN ALTO MAGDALENA S.A.S.,ALMA-2018-2712,CONSORCIO 4C,GP-8360,16/07/2018,"Entrega de un (1) expediente predial de la unidad funcional 5 con componente Social, para revisión y aprobación.",15_04_Comunic_Recibidas/2018/CI004_GP-8360_070402_CON_2712_EXP_SOCIAL.pdf
1275,2,CONCESIÓN ALTO MAGDALENA S.A.S.,ALMA-2018-2306,CONSORCIO 4C,GP-8052,13/06/2018,Su comunicación CI.004/GP4360/18/7.1.1 - Radicado ALMA-R-2018-1417 del 03 de mayo de 2018. Atraso Actividades Constructivas Puentes UF 5 Plan de Obras Vigente.,15_04_Comunic_Recibidas/2018/CI004_GP-8052_070101_CON_2306_ATRASO_PTES_UF5.pdf
1271,1,CONCESIÓN ALTO MAGDALENA S.A.S.,ALMA-2018-4600,CONSORCIO 4C,GP-9326,04/12/2018,Comunicación CI.004/GP5609/18/7.1.8 - Radicado ALMA-R-2018-3642 del 23 de noviembre de 2018. Obligaciones Pendiente UF4 / Respuesta ALMA-2018-4319,15_04_Comunic_Recibidas/2018/CI004_GP-9326_070108-090300_CON_4600_PDTES_UF4.pdf
1279,6,CONDOMINIO ENTREVERDES,,CONSORCIO 4C,GP-8134,26/06/2018,SOLICITUD ARREGLO ENTRADA A LA PORTERIA DEL CONDOMINIO ENTREVERDES MUNICIPIO DE NARIÑO Y ADECUACIÓN DE TERRAPLEN EN LA CUESTA DEL TRAMO PARA EVITAR DESPRENDIMIENTO DE MATERIAL.,15_04_Comunic_Recibidas/2018/CI004_GP-8134_070109_CENTREVERDES_SINNUMERO_DP_CONDOMI.pdf
1278,2,CONCESIÓN ALTO MAGDALENA S.A.S.,ALMA-2018-3996,CONSORCIO 4C,GP-8936,17/10/2018,Notificación Entrega Intervenciones Unidad Funcional 3 del Proyecto.,15_04_Comunic_Recibidas/2018/CI004_GP-8936_090300_CON_3996_ENTREG_INTER_UF3.pdf
1283,1,CONCESIÓN ALTO MAGDALENA S.A.S.,ALMA-2018-1914,CONSORCIO 4C,GP-8456,18/05/2018,Remisión Actas de Cálculo No. 2 - 3- 4 de Compensación Especial UF1 y UF2 Remisión Acta de VPIP con corte a Abril de 2018,15_04_Comunic_Recibidas/2018/CI004_GP-8456_060200_CON_1914_ACTAS_CALCULO_UF1_2.pdf
1280,1,CONCESIÓN ALTO MAGDALENA S.A.S.,ALMA-2018-0948,CONSORCIO 4C,GP-7338,28/02/2018,Entrega de un (1) expediente predial de la unidad funcional 5 para revisión del componente Social.,15_04_Comunic_Recibidas/2018/CI004_GP-7338_070402_CON_0948_EXP_SCIAL.pdf
1281,1,CONCESIÓN ALTO MAGDALENA S.A.S.,ALMA-2018-1404,CONSORCIO 4C,GP-7561,09/04/2018,Entrega de un (1) expediente para aprobación del Avalúo Comercial Corporativo.,15_04_Comunic_Recibidas/2018/CI004_GP-7561_070401_CON_1404_EXP_AVALUO.pdf
1282,1,CONCESIÓN ALTO MAGDALENA S.A.S.,ALMA-2018-3304,CONSORCIO 4C,GP-8708,22/08/2018,Respuesta a su comunicación CI.004/GP4920/18/7.4.1 de fecha 27 de julio de 2018. (Rad. Interno ALMA-R-2018-2411).,15_04_Comunic_Recibidas/2018/CI004_GP-8708_070107_CON_3304_GEST_PREDIAL_UF5.2.pdf
1284,1,CONCESIÓN ALTO MAGDALENA S.A.S.,ALMA-2018-2528,CONSORCIO 4C,GP-8231,28/06/2018,"Respuesta a comunicado CI.004/GP4573/18/7.1.8 del 02 de junio de 2018 (Rad. Interno ALMA-R-2018-1811 del 05 de junio de 2018). Respuesta ALMA-2018-2052 / Observaciones Informe de Cierre Ambiental Unidades Funcionales 1, 2 y 4.",15_04_Comunic_Recibidas/2018/CI004_GP-8231_070108_CON_2528_OBS_CIERRE_AMB.pdf
1285,1,CONCESIÓN ALTO MAGDALENA S.A.S.,ALMA-2018-0211,CONSORCIO 4C,GP-6965,16/01/2018,Entrega de OCHO (8) expedientes prediales de la unidad funcional 5 para aprobación.,15_04_Comunic_Recibidas/2018/CI004_GP-6965_070401_CON_0211_EXPD_PRDAL_UF5.pdf
1276,1,AGENCIA NACIONAL DE INFRAESTRUCTURA,2018-305-016707-1,CONSORCIO 4C,GP-7970,31/05/2018,Devolución factura de Interventoría No. 42 Pago 40 con Radicado ANI. 20184090282302 de 20/03/2018 Contrato de Concesión No. 003-2014 – Proyecto Girardot-Honda-Puerto Salgar.,15_04_Comunic_Recibidas/2018/CI004_GP-7970_020100_ANI_016707-1_DEV_FACT_N42_PAG_40.pdf
1288,1,CONCESIÓN ALTO MAGDALENA S.A.S.,ALMA-2018-1030,CONSORCIO 4C,GP-7418,06/03/2018,Entrega de un (1) expediente de la Unidad Funcional 2 para revisión en la etapa de expropiación.,15_04_Comunic_Recibidas/2018/CI004_GP-7418_070404_CON_1030_EXP_EXPRO.pdf
1289,1,CONCESIÓN ALTO MAGDALENA S.A.S.,ALMA-2018-2653,CONSORCIO 4C,GP-8445,12/07/2018,Entrega de un (1) expediente para aprobación del Avalúo Comercial Corporativo.,15_04_Comunic_Recibidas/2018/CI004_GP-8445_070406_CON_2653_EXP_AVALUO.pdf
1287,1,CONCESIÓN ALTO MAGDALENA S.A.S.,ALMA-2018-3079,CONSORCIO 4C,GP-8677,10/08/2018,Entrega de (1) expediente predial de la unidad funcional 3 para aprobación de ficha predial.,15_04_Comunic_Recibidas/2018/CI004_GP-8677_070401_CON_3079_EXP_PREDIAL.pdf
1291,10,CONCESIÓN ALTO MAGDALENA S.A.S.,ALMA-2018-4636,CONSORCIO 4C,GP-9331,07/12/2018,Acciones para la construcción y funcionamiento COSO MUNICIPAL,15_04_Comunic_Recibidas/2018/CI004_GP-9331_070109_CON_4636_ACCION_COSO_MPAL.pdf
1290,2,CONCESIÓN ALTO MAGDALENA S.A.S.,ALMA-2018-2008,CONSORCIO 4C,GP-7899,23/05/2018,Su comunicación CI.004/GP4417/18/7.1.1 – Radicado ALMA-R-2018-1500 del 10 de mayo de 2018. Seguimiento Plan de Obras Intersección La Melissa Ruta 4510 Honda – La Dorada.,15_04_Comunic_Recibidas/2018/CI004_GP-7899_070101_CON_2008_SEG_INTER_LMELISA.pdf
1295,2,CONCESIÓN ALTO MAGDALENA S.A.S.,ALMA-2018-1261,CONSORCIO 4C,GP-7512,23/03/2018,Su comunicación CI.004/GP4009/18/7.1.11 - Radicado ALMA-R-2018-0800 del 08 de marzo de 2018 - Resaltos Fuera de Norma.,15_04_Comunic_Recibidas/2018/CI004_GP-7512_070111_CON_1261_RESALT_FUER_NORM.pdf
1294,1,AGENCIA NACIONAL DE INFRAESTRUCTURA,2018-305-008822-1,CONSORCIO 4C,GP-7466,21/03/2018,Oficio Radicados ANI 2018-409-026277-2 de 14/03/2018. Traslado Derecho de Petición. Proyecto Girardot -- Honda -- Puerto Salgar. Contrato de Concesión 003 de 2014 -- Concesión Alto Magdalena S.A.S.,15_04_Comunic_Recibidas/2018/CI004_GP-7466_070401-070109_ANI_008822-1_DP_LSALAZAR.pdf
1292,2,CONCESIÓN ALTO MAGDALENA S.A.S.,ALMA-2018-3024,CONSORCIO 4C,GP-8509,06/08/2018,Respuesta a su comunicación CI.004/GP4868/18/7.1.10 del 31 Julio de 2018 (Radicado ALMA-R-2018-2429) Condiciones de Seguridad contratista JGP – CRP.,15_04_Comunic_Recibidas/2018/CI004_GP-8509_070110_CON_3024_CONDI_SEG_JGP-CRP.pdf
1293,1,CONCESIÓN ALTO MAGDALENA S.A.S.,ALMA-2018-4049,CONSORCIO 4C,GP-9001,22/10/2018,Entrega de un (1) expediente para aprobación del Avalúo Comercial Corporativo ALMA-3-0136.,15_04_Comunic_Recibidas/2018/CI004_GP-9001_070406_CON_4049_EXP_AVALUO.pdf
1297,1,CONCESIÓN ALTO MAGDALENA S.A.S.,ALMA-2018-4301,CONSORCIO 4C,GP-9404,14/11/2018,"Entrega de dos (2) expedientes para aprobación del Avalúo Comercial Corporativo, ALMA-5-0278 y ALMA-5-0279.",15_04_Comunic_Recibidas/2018/CI004_GP-9404_070406_CON_4301_EXP_AVALUO.pdf
1298,1,AGENCIA NACIONAL DE INFRAESTRUCTURA,2018-305-010345-1,CONSORCIO 4C,GP-7564,06/04/2018,Plan Nacional de Seguridad Vial 2013-2021- Contrato de Concesión No 003 de 2014 – Girardot – Honda – Puerto Salgar.,15_04_Comunic_Recibidas/2018/CI004_GP-7564_070304_ANI_010345-1_PLAN_SEG_VIAL.pdf
1296,2,CONCESIÓN ALTO MAGDALENA S.A.S.,ALMA-2018-1052,CONSORCIO 4C,GP-7383,05/03/2018,"Remitir copia autentica de la Resolución 317 del 22 de febrero de 2018, ""Por medio de la cual se modifica la Resolución N° 1876 del 16 de noviembre de 2016 proferida por el Vicepresidente de Planeación, Riesgos y Entorno de la Agencia nacional de Infraestructura, con el fin de efectuar un ajuste de franja de terreno del proyecto vial Girardot- Honda- Puerto Salgar, en cumplimiento del Artículo 58 literal e) de la Ley 388 de 1997referente a la declaratoria de utilidad pública e interés social"", para su conocimiento.",15_04_Comunic_Recibidas/2018/CI004_GP-7383_050300_CON_1052_RESOL_N°317.pdf
1300,9,Agencia Nacional de Infraestructura,2018-305-002634-1,CONSORCIO 4C,GP-7073,30/01/2018,Remisión Resolución 0880 de 2017 política de prevención del daño antijuridico y el correspondiente al plan de acción para la Agencia Nacional de Infraestructura.,15_04_Comunic_Recibidas/2018/CI004_GP-7073_070303_ANI_002634-1_PLAN_ACCION.pdf
1299,1,CONCESIÓN ALTO MAGDALENA S.A.S.,ALMA-2018-2882,CONSORCIO 4C,GP-7944,28/05/2018,"Entrega de dos (2) expedientes prediales de la unidad funcional 5, con componente Social, para revisión y aprobación.",15_04_Comunic_Recibidas/2018/CI004_GP-7944_070402_CON_2082_EXP_SOCIAL.pdf
1302,2,CONCESIÓN ALTO MAGDALENA S.A.S.,ALMA-2018-0395,CONSORCIO 4C,GP-8834,26/09/2018,Reiteración solicitud radicado ALMA-2018-0395 del 26 de enero de 2018 Afectación predios por encontrarse en áreas macrofocalizadas y/o microfocalizadas.,15_04_Comunic_Recibidas/2018/CI004_GP-8834_070401_CON_3737_AFECTA_PREDIOS.pdf
1305,1,CONCESIÓN ALTO MAGDALENA S.A.S.,ALMA-2018-3687,CONSORCIO 4C,GP-8843,24/09/2018,"Divulgación Plan de Contingencia y Gestión del Riesgo, Licencia Ambiental Resolución N° 0660 de 2016, Expediente LAV0004-00-2016.",15_04_Comunic_Recibidas/2018/CI004_GP-8843_070108_CON_3687_PLAN_CONTING_LIC_AMB.pdf
1304,2,AGENCIA NACIONAL DE INFRAESTRUCTURA,2018-305-004832-1,CONSORCIO 4C,GP-7224,16/02/2018,Solicitud de Seguimiento a Intersecciones Unidad Funcional 5. Proyecto Girardot - Honda - Puerto Salgar. Contrato de Interventoría 145 de 2014 - Consorcio 4C.,15_04_Comunic_Recibidas/2018/CI004_GP-7224_070101_ANI_004832-1_SEGUI_INTER_UF5.pdf
1306,4,Agencia Nacional de Infraestructura,20183050254131,CONSORCIO 4C,GP-8497,08/08/2018,Reiteración solicitud documento técnico de solución para ajuste de la rasante sobre el cabezal 7 del Puente Salgar.,15_04_Comunic_Recibidas/2018/CI004_GP-8497_070103_ANI_025413-1_DCTO_TECNICO_AJUST_RASANTE.pdf
1303,7,CONCESIÓN ALTO MAGDALENA S.A.S.,ALMA-2018-4291,CONSORCIO 4C,GP-9172,14/11/2018,Respuesta comunicación Cl.004/GP3686/18/7.5 del 05 de enero de 2018 (Radicado ALMA-R-2018-0065). Memoria Técnica Septiembre – 2017,15_04_Comunic_Recibidas/2018/CI004_GP-9172_070500_CON_4291_MEMOTEC_SEP.pdf
1286,4,,PGPS UN 2018. 093,CONSORCIO 4C,GP-8257,12/07/2018,"DERECHO DE PETICIÓN CONSAGRADO EN EL ARTICULO 23 DE NUESTRA CONSTITUCIÓN POLITICA, REGLAMENTADO POR EL ARTICULO 5 Y SS DEL CODIGO CONTENCIOSO ADMINISTRATIVO Y EN SU ARTICULO 86.",15_04_Comunic_Recibidas/2018/CI004_GP-8257_070109_DBELTRAN_SINNUMERO_DP_DBELTRAN.pdf
1307,4,CONCESIÓN ALTO MAGDALENA S.A.S.,ALMA-2018-3962,CONSORCIO 4C,GP-8942,10/10/2018,Respuesta a oficio ALMA-R-2018-2916 radicado el 19 de septiembre de 2018 (Rad. Interno ALMA-3-0101).,15_04_Comunic_Recibidas/2018/CI004_GP-8942_070401_CON_3962_INGRESO_PREDIO.pdf
1310,1,CONCESIÓN ALTO MAGDALENA S.A.S.,ALMA-2018-2577,CONSORCIO 4C,GP-8241,28/06/2018,"Cumplimiento de las obligaciones establecidas en el artículo 6 de la Resolución N° 1082 del 13 de junio de 2018, – Expediente ATV 0788.",15_04_Comunic_Recibidas/2018/CI004_GP-8241_070108_CON_2577_LEVANTA_VEDA.pdf
1308,1,CONCESIÓN ALTO MAGDALENA S.A.S.,ALMA-2018-1018,CONSORCIO 4C,GP-7354,05/03/2018,Entrega de Diseños ITS Área de Servicio K80 de la Unidad Funcional 3.,15_04_Comunic_Recibidas/2018/CI004_GP-7354_070107_CON_1018_DISEÑ_ITS_UF3.pdf
1311,1,CONCESIÓN ALTO MAGDALENA S.A.S.,ALMA-2018-0230,CONSORCIO 4C,GP-6975,16/01/2018,Su comunicación CI.004/GP3475/17/7.1.3 – Radicado ALMA-R-2017-04104 del 24 de noviembre de 2017. Seguimiento Calidad Procesos Constructivos Muro Acompañamiento Box K72+640 – UF3.,15_04_Comunic_Recibidas/2018/CI004_GP-6975_070103_CON_0230_PROCE_MURO_K72.pdf
1312,3,Agencia Nacional de Infraestructura,20183050335631,CONSORCIO 4C,GP-8876,05/10/2018,Remisión petición elevada por la comunidad del municipio de San Juan de Rioseco - Solicitud de reparaciones inspección de Cambao.,15_04_Comunic_Recibidas/2018/CI004_GP-8876_070109_ANI_033563-1_REPARA_INSPE_CAMBAO.pdf
1316,2,CONCESIÓN ALTO MAGDALENA S.A.S.,ALMA-2018-1736,CONSORCIO 4C,GP-7758,02/05/2018,Respuesta comunicación CI.004/GP4215/18/7.1.3 – ALMA-R-2018-1159 del 10 de abril de 2018. Calidad Concretos Terminados Integridad Acero Refuerzo Puentes UF 5,15_04_Comunic_Recibidas/2018/CI004_GP-7758_070103_CON_1736_CONCRET_PTES_UF5.pdf
1315,4,CONCESIÓN ALTO MAGDALENA S.A.S.,ALMA-2018-1451,CONSORCIO 4C,GP-8385,11/04/2018,"Solicitud de ocupación de cauce K105+332, Unidad Funcional 4.2.",15_04_Comunic_Recibidas/2018/CI004_GP-8385_070108_CON_1451_OCUPA_CAUCE_K105.pdf
1309,1,CONCESIÓN ALTO MAGDALENA S.A.S.,ALMA-2018-0153,CONSORCIO 4C,GP-7062,12/01/2018,"Respuesta a su comunicacion, Cl.004/GP3633/17/7.4.1 del 26 de Diciembre de 2017 (Rad. Interno ALMA-R-2017-4492), Entrega de un (1) expediente predial de la unidad funcional 3 para aprobación de ficha predial.",15_04_Comunic_Recibidas/2018/CI004_GP-7062_070401_CON_0153_EXP_PREDIAL.pdf
1314,1,CONCESIÓN ALTO MAGDALENA S.A.S.,ALMA-2018-1316,CONSORCIO 4C,GP-7506,02/04/2018,Entrega de un (1) expediente para aprobación del Avalúo Comercial Corporativo de la unidad funcional 3.,15_04_Comunic_Recibidas/2018/CI004_GP-7506_070401_CON_1316_EXP_AVALUO.pdf
1317,1,CONCESIÓN ALTO MAGDALENA S.A.S.,ALMA-2018-1444,CONSORCIO 4C,GP-8329,11/04/2018,Entrega de un (1) expediente de la Unidad Funcional 3 para revisión en la etapa de expropiación.,15_04_Comunic_Recibidas/2018/CI004_GP-8329_070404_CON_1444_EXP_EXPRO.pdf
1318,1,CONCESIÓN ALTO MAGDALENA S.A.S.,ALMA-2018-4271,CONSORCIO 4C,GP-9159,14/11/2018,Respuesta comunicación Cl.004/GP5391/18f7.1.15 del,15_04_Comunic_Recibidas/2018/CI004_GP-9159_070115_CON_4271_INF_INVENTA_REDES.pdf
1321,2,CONCESIÓN ALTO MAGDALENA S.A.S.,ALMA-2018-0627,CONSORCIO 4C,GP-7180,06/02/2018,Puente Flandes sobre el Río Magdalena UF1 - Afectación al Cable 26 Dovela 7 Pila 2.,15_04_Comunic_Recibidas/2018/CI004_GP-7180_070103_CON_0627_AFECT_CABLE_PTE_UF1.pdf
1324,3,CONCESIÓN ALTO MAGDALENA S.A.S.,ALMA-2018-4777,CONSORCIO 4C,GP-9429,27/12/2018,Respuesta comunicación CI.004/GP5695/18/7.4.2 (Rad. ALMA-R-2018-3812 - 13/12/2018).,15_04_Comunic_Recibidas/2018/CI004_GP-9429_070402-070401_CON_4777_COMPENSA_SOCIOECO.pdf
1301,2,CONCESIÓN ALTO MAGDALENA S.A.S.,ALMA-2018-1880,CONSORCIO 4C,GP-7840,15/05/2018,Su comunicación CI.004/GP4384/18/7.1.7 – Radicado ALMA-R-2018-1470 del 08 de mayo de 2018. Diseño Glorieta Costado Oriental UF5.1.,15_04_Comunic_Recibidas/2018/CI004_GP-7840_070107_CON_1880_DISEÑ_GLORIET_ORIENT_UF5.1.pdf
1319,1,CONCESIÓN ALTO MAGDALENA S.A.S.,ALMA-2018-3230,CONSORCIO 4C,GP-8615,17/08/2018,Entrega de un expediente predial de la unidad funcional 5 para aprobación.,15_04_Comunic_Recibidas/2018/CI004_GP-8615_070401_CON_3230_EXP_PREDIAL.pdf
1313,4,CONCESIÓN ALTO MAGDALENA S.A.S.,ALMA-2018-3926,CONSORCIO 4C,GP-8939,09/10/2018,Presentación de los formatos establecidos en el Numeral 4.5 Literal (u) Parte general del Contrato.,15_04_Comunic_Recibidas/2018/CI004_GP-8939_070202_CON_3926_FOR_GCSP-F-009_SEP.pdf
1325,1,CONCESIÓN ALTO MAGDALENA S.A.S.,ALMA-2018-3494,CONSORCIO 4C,GP-8807,06/09/2018,Entrega de un (1) expediente para aprobación de Ficha Predial y Estudio de Títulos.,15_04_Comunic_Recibidas/2018/CI004_GP-8807_070401_CON_3494_EXP_PREDIAL.pdf
1322,3,CONCESIÓN ALTO MAGDALENA S.A.S.,ALMA-2018-2229,CONSORCIO 4C,GP-8073,06/06/2018,Solicitud de modificación de diseño de obra hidráulica aprobada mediante Resolución No. 2363 del 03 de Noviembre de 2015 - Expediente 51486.,15_04_Comunic_Recibidas/2018/CI004_GP-8073_070108_CON_2229_MODIFI_OBRA_HIDRAUL.pdf
1326,8,CONCESIÓN ALTO MAGDALENA S.A.S.,ALMA-2018-3002,CONSORCIO 4C,GP-8481,06/08/2018,Alcance al comunicado CI/004/GP4746/18/7.5.3 (Radicado Interno ALMA-R-2018-2125 del 29 de junio de 2018) - Concepto sobre hallazgos arqueológicos ocurridos en el K130+750 de la Unidad Funcional 5.1,15_04_Comunic_Recibidas/2018/CI004_GP-8481_050300_CON_3002_HALLAZ_ARQUEO_K130+750.pdf
1328,1,CONCESIÓN ALTO MAGDALENA S.A.S.,ALMA-2018-3830,CONSORCIO 4C,GP-8900,03/10/2018,"Respuesta a su oficio No. CI.004/GP5180/18/7.4.4 - Radicado interno No. ALMA-R-2018-2884, relacionado con la entrega de cuatro (4) expedientes para revisión en la etapa de expropiación.",15_04_Comunic_Recibidas/2018/CI004_GP-8900_070404_CON_3830_EXP_EXPRO.pdf
1323,1,CONCESIÓN ALTO MAGDALENA S.A.S.,ALMA-2018-3366,CONSORCIO 4C,GP-8645,28/08/2018,Respuesta a la comunicación 2017-IE-00011719 (Radicado interno ALMA-R-2017-01647). Entrega del plan de aprovechamiento forestal ajustado.,15_04_Comunic_Recibidas/2018/CI004_GP-8645_070108_CON_3366_PLAN_APROV_FOREST.pdf
1320,1,CONCESIÓN ALTO MAGDALENA S.A.S.,ALMA-2018-2761,CONSORCIO 4C,GP-8406,23/07/2018,"Respuesta a su comunicación, CI.004/GP4753/18/7.4.1 del 03 de julio de 2018 (Rad. Interno ALMA-R-2018-2142), Entrega de (1) expediente predial de la unidad funcional 3 para aprobación de ficha predial.",15_04_Comunic_Recibidas/2018/CI004_GP-8406_070401_CON_2761_EXP_PREDIAL.pdf
1330,2,CONCESIÓN ALTO MAGDALENA S.A.S.,ALMA-2018-3409,CONSORCIO 4C,GP-8641,31/08/2018,Respuesta a su Oficio Nro. CI.004/GP4754/18/7.4.1 relacionado con observaciones a fichas prediales de la UF 2.,15_04_Comunic_Recibidas/2018/CI004_GP-8641_070401_CON_3409_OBS_FCHAS_PREDIALES.pdf
1331,1,CONCESIÓN ALTO MAGDALENA S.A.S.,ALMA-2018-0628,CONSORCIO 4C,GP-7181,06/02/2018,"Entrega de Diseños Arquitectónicos, Estructurales e Hidrosanitarios de las Estaciones de Peaje y Pesaje Brisas ubicadas en la Unidad Funcional 5.3.",15_04_Comunic_Recibidas/2018/CI004_GP-7181_070107_CON_0628_DISEÑ_PEAJE_PESAJ_UF5.pdf
1329,1,CONCESIÓN ALTO MAGDALENA S.A.S.,ALMA-2018-0499,CONSORCIO 4C,GP-7082,31/01/2018,Respuesta a su comunicación CI.004/GP3799/18/7.4.1 de fecha 29 de Enero de 2018. Entrega de un (1) expediente para aprobación del Avalúo Comercial Corporativo.,15_04_Comunic_Recibidas/2018/CI004_GP-7082_070401_CON_0499_EXP_AVALUO.pdf
1336,4,CONCESIÓN ALTO MAGDALENA S.A.S.,ALMA-2018-4319,CONSORCIO 4C,GP-9140,15/11/2018,Estado de Correcciones - Complementos Unidad Funcional 4.,15_04_Comunic_Recibidas/2018/CI004_GP-9140_090300_CON_4319_ESTAD_VERIFI_UF4.pdf
1334,1,CONCESIÓN ALTO MAGDALENA S.A.S.,ALMA-2018-1887,CONSORCIO 4C,GP-7815,17/05/2018,Entrega de la Sabana Predial y Tira topográfica.,15_04_Comunic_Recibidas/2018/CI004_GP-7815_070401_CON_1887_SABAN_PREDIAL.pdf
1332,7,CONCESIÓN ALTO MAGDALENA S.A.S.,ALMA-2018-4091,CONSORCIO 4C,GP-9370,22/10/2018,Comité de Aprobación de Aportes subcuenta de Redes,15_04_Comunic_Recibidas/2018/CI004_GP-9370_070115-070201_CON_4091_APROBA_SUBCTA_REDES.pdf
1327,4,CONCESIÓN ALTO MAGDALENA S.A.S.,ALMA-2018-4152,CONSORCIO 4C,GP-9022,29/10/2018,Repuesta comunicado CI.004/GP5302/18/7.3 radicado interno ALMA R-2018-3107 del 04 de octubre de 2018 - Solicitud instalación de dispositivos reducción de velocidad,15_04_Comunic_Recibidas/2018/CI004_GP-9022_070304_CON_4152_DISPOSI_REDUC_VEL.pdf
1338,3,CONCESIÓN ALTO MAGDALENA S.A.S.,CI004.7.1.9,CONSORCIO 4C,GP-8944,10/10/2018,"Solicitud de protección y custodia a las zonas de exclusión establecidas por la Ley 1228 del 2008 en el Pr 54 + 600, Costado izquierdo sentido Guataqui - Beltrán.",15_04_Comunic_Recibidas/2018/CI004_GP-8944_070109_CON_3945_ZONA_EXCLUS_PR54+600.pdf
1333,1,CONCESIÓN ALTO MAGDALENA S.A.S.,ALMA-2018-2946,CONSORCIO 4C,GP-8955,30/07/2018,Entrega de un (1) expediente para aprobación del Avalúo Comercial Corporativo.,15_04_Comunic_Recibidas/2018/CI004_GP-8955_070406_CON_2946_EXP_AVALUO.pdf
1339,1,CONCESIÓN ALTO MAGDALENA S.A.S.,ALMA-2018-2893,CONSORCIO 4C,GP-8410,30/07/2018,Entrega de medición del impacto del Plan de Capacitaciones a la Comunidad.,15_04_Comunic_Recibidas/2018/CI004_GP-8410_070109_CON_2893_IMPACT_PLAN_CAPACITA.pdf
1337,1,CONCESIÓN ALTO MAGDALENA S.A.S.,ALMA-2018-3046,CONSORCIO 4C,GP-8840,20/09/2018,Entrega de UN (1) expediente predial de la Unidad Funcional 2 para revisión en la etapa de expropiación.,15_04_Comunic_Recibidas/2018/CI004_GP-8840_070404_CON_3046_EXP_EXPRO.pdf
1340,1,CONCESIÓN ALTO MAGDALENA S.A.S.,ALMA-2018-3210,CONSORCIO 4C,GP-8616,17/08/2018,Entrega de (1) expediente predial de la unidad funcional 3 para aprobación de ficha predial.,15_04_Comunic_Recibidas/2018/CI004_GP-8616_070401_CON_3210_EXP_PREDIAL.pdf
1342,1,CONCESIÓN ALTO MAGDALENA S.A.S.,ALMA-2018-2885,CONSORCIO 4C,GP-8446,30/07/2018,Entrega de un (1) expediente para aprobación del Avalúo Comercial Corporativo.,15_04_Comunic_Recibidas/2018/CI004_GP-8446_070406_CON_2885_EXP_AVALUO.pdf
1344,2,CONCESIÓN ALTO MAGDALENA S.A.S.,ALMA-2018-1277,CONSORCIO 4C,GP-7519,26/03/2018,Alcance Comunicación ALMA-2018-1172 - Información Viga Nuevo Puente Puerto Salgar Unidad Funcional 5.4,15_04_Comunic_Recibidas/2018/CI004_GP-7519_070103-070110_CON_1277_VIGA_PTE_SALGAR.pdf
1341,2,CONCESIÓN ALTO MAGDALENA S.A.S.,ALMA-2018-1632,CONSORCIO 4C,GP-7715,23/04/2018,Entrega de dos (2) expedientes prediales de la unidad funcional 4.2 y UN (1) expediente predial de la unidad funcional 5.1 para aprobación.,15_04_Comunic_Recibidas/2018/CI004_GP-7715_070401_CON_1632_EXP_PREDIAL.pdf
1335,2,CONCESIÓN ALTO MAGDALENA S.A.S.,ALMA-2018-0878,CONSORCIO 4C,GP-7400,26/02/2018,Alcance presentacion de los formatos establecidos en el Numeral 4.5 Literal (u) Parte general del Contrato. Radicado ALMA-2018-0843,15_04_Comunic_Recibidas/2018/CI004_GP-7400_070202_CON_0878_GCSP-F009_ENE18.pdf
1349,1,CONCESIÓN ALTO MAGDALENA S.A.S.,ALMA-2018-2034,CONSORCIO 4C,GP-7906,25/05/2018,Entrega de un (1) expediente para aprobación del Avalúo Comercial Corporativo.,15_04_Comunic_Recibidas/2018/CI004_GP-7906_070406_CON_2034_EXP_AVALUO.pdf
1345,1,CONCESIÓN ALTO MAGDALENA S.A.S.,ALMA-2017-5279,CONSORCIO 4C,GP-7015,18/12/2017,Entrega de un (1) expediente de la Unidad Funcional 3 para revisión en la etapa de expropiación.,15_04_Comunic_Recibidas/2018/CI004_GP-7015_070404_CON_5279_EXP_EXPROP.pdf
1348,2,CONCESIÓN ALTO MAGDALENA S.A.S.,ALMA-2018-0250,CONSORCIO 4C,GP-6980,17/01/2018,Respuesta a comunicaciones de ocupación de cauce Unidad Funcional 4.,15_04_Comunic_Recibidas/2018/CI004_GP-6980_070108-070107_CON_0250_OCU_CAUCE_UF4.pdf
1347,1,CONCESIÓN ALTO MAGDALENA S.A.S.,ALMA-2018-2360,CONSORCIO 4C,GP-8109,18/06/2018,Respuesta a Comunicado CI.004/GP4513/18/7.5.3 del 28 de mayo de 2018 (Rad. Interno ALMA-R-2018-1695 del 28 de mayo de 2018). Solicitud anexos comunicación ALMA-2018-1913 EER Hallazgo arqueológico UF 5.1 K130+720.,15_04_Comunic_Recibidas/2018/CI004_GP-8109_050300_CON_2360_ANEX_EER_K130+720.pdf
1346,1,CONCESIÓN ALTO MAGDALENA S.A.S.,ALMA-2018-0155,CONSORCIO 4C,GP-7368,12/01/2018,"Respuesta a su comunicación, CI.004/GP3633/17/7.4.1 del 26 de Diciembre de 2017 (Rad. Interno ALMA-R-2017-4492), Entrega de un (1) expediente predial de la unidad funcional 3 para aprobación de ficha predial.",15_04_Comunic_Recibidas/2018/CI004_GP-7368_070401_CON_0155_EXP_PREDIAL.pdf
1350,8,CONCESION ALTO MAGDALENA S.A.S.,ALMA-2018-2917,CONSORCIO 4C,GP-9095,31/07/2018,Comité de Aprobación de Aportes subcuenta de Redes,15_04_Comunic_Recibidas/2018/CI004_GP-9095_070202_CON_2917_APROBA_SUBCTA_REDES.pdf
1343,1,CONCESIÓN ALTO MAGDALENA S.A.S.,ALMA-2018-2788,CONSORCIO 4C,GP-8380,23/07/2018,Su comunicación CI.004/GP3683/18/7.1.3 - Radicado ALMA-R-2018-0062 del 05 de enero de 2018. Seguimiento Calidad Procesos Constructivos Centro de Control y Operación - UF3.,15_04_Comunic_Recibidas/2018/CI004_GP-8380_070113_CON_2788_SEGUI_CALID_CCO_UF3.pdf
1354,1,CONCESIÓN ALTO MAGDALENA S.A.S.,ALMA-2018-1201,CONSORCIO 4C,GP-7490,20/03/2018,Entrega de un (1) expediente predial de la unidad funcional 5 para revisión del componente Social.,15_04_Comunic_Recibidas/2018/CI004_GP-7490_070402_CON_1201_EXP_SOCIAL.pdf
1353,11,CONCESIÓN ALTO MAGDALENA S.A.S.,ALMA-2018-1455,CONSORCIO 4C,GP-7607,12/04/2018,Respuesta a PQRS UF3 2018 208.,15_04_Comunic_Recibidas/2018/CI004_GP-7607_070109_CON_1455_PQRS_UF3_208.pdf
1355,2,CONCESIÓN ALTO MAGDALENA S.A.S.,ALMA-2018-3227,CONSORCIO 4C,GP-8593,17/08/2018,Entrega de 6 conceptos técnicos de desafectación predial.,15_04_Comunic_Recibidas/2018/CI004_GP-8593_070401_CON_3227_CONCEP_TECNI_PREDIAL.pdf
1358,1,CONCESIÓN ALTO MAGDALENA S.A.S.,ALMA-2018-1891,CONSORCIO 4C,GP-8218,16/05/2018,Remisión Actas de Cálculo No. 2 y No. 3 de Compensación Especial UF1 y UF2 Remisión Acta de VPIP con corte a Abril de 2018,15_04_Comunic_Recibidas/2018/CI004_GP-8218_060200_CON_1891_ACTAS_CALCULO_UF1_2.pdf
1351,1,CONCESIÓN ALTO MAGDALENA S.A.S.,ALMA-2018-1991,CONSORCIO 4C,GP-7993,22/05/2018,Entrega de un (1) expediente de la Unidad Funcional 2 para revisión en la etapa de expropiación.,15_04_Comunic_Recibidas/2018/CI004_GP-7993_070404_CON_1991_EXP_EXPRO.pdf
1359,1,CONCESIÓN ALTO MAGDALENA S.A.S.,ALMA-2018-4028,CONSORCIO 4C,GP-8985,19/10/2018,Fichas Técnicas Información SIPUCOL Cumplimiento Indicador E-15 Puentes P5G – P8G – P9G – P10G – P12G – P13 – P14G – P16G de la Unidad Funcional 3.,15_04_Comunic_Recibidas/2018/CI004_GP-8985_090300_CON_4028_FICHAS_SIPUCOL_PTES_UF3.pdf
1356,1,CONCESIÓN ALTO MAGDALENA S.A.S.,ALMA-2018-3330,CONSORCIO 4C,GP-8590,27/08/2018,Respuesta a su comunicación CI.004/GP4597/18/7.1.7 del 07 de junio de 2018 (Radicado ALMA-R-2018-1861 del 07 de junio de 2018). Diseño Puente Peatonal Beltrán UF3 Respuesta Comunicado ALMA-2018-1173,15_04_Comunic_Recibidas/2018/CI004_GP-8590_070107_CON_3330_DISÑ_PTE_PEATON_UF3.pdf
1357,1,CONCESIÓN ALTO MAGDALENA S.A.S.,ALMA-2018-0479,CONSORCIO 4C,GP-7070,31/01/2018,Su comunicación CI.004/GP2877/17/7.1.7 - 7.1.9 -Radicado ALMA-R-2017-02877 del 24 de agosto de 2017. Medidas de Manejo Actividades Construcción (Vía y Puente Peatonal) en Puerto Bogotá.,15_04_Comunic_Recibidas/2018/CI004_GP-7070_070107_CON_0479_PTE_PEATON_PTOBTA.pdf
1363,1,CONCESIÓN ALTO MAGDALENA S.A.S.,ALMA-2018-0025,CONSORCIO 4C,GP-6874,05/01/2018,Entrega de un (1) expediente para aprobación del Avalúo Comercial Corporativo.,15_04_Comunic_Recibidas/2018/CI004_GP-6874_070401_CON_0025_EXP_AVALUO.pdf
1360,1,CONCESIÓN ALTO MAGDALENA S.A.S.,ALMA-2018-1865,CONSORCIO 4C,GP-9296,15/05/2018,Entrega de un (1) expediente para aprobación del Avalúo Comercial Corporativo de la unidad funcional 3.,15_04_Comunic_Recibidas/2018/CI004_GP-9296_070406_CON_1865_EXP_AVALUO.pdf
1361,1,Agencia Nacional de Infraestructura,20183050404011,CONSORCIO 4C,GP-9307,04/12/2018,Devolución factura de Interventoría No. 51 Pago 48 con Radicado ANI. 20184091183952 de 14/11/2018 Contrato de Concesión No. 003-2014 - Proyecto Girardot-Honda-Puerto Salgar.,15_04_Comunic_Recibidas/2018/CI004_GP-9307_020100_ANI_20183050404011_DEVOLUCION FV 51 ANULADA.pdf
1364,1,CONCESIÓN ALTO MAGDALENA S.A.S.,ALMA-2018-0197,CONSORCIO 4C,GP-6922,15/01/2018,Prueba de Carga Puentes Unidad Funcional 4.,15_04_Comunic_Recibidas/2018/CI004_GP-6922_070107-070115_CON_0197_PRUEBA_PTES_UF4.pdf
1365,2,AGENCIA NACIONAL DE INFRAESTRUCTURA,2018-310-038764-1,CONSORCIO 4C,GP-9213,20/11/2018,Solicitud análisis de costos mensuales directos a 30 de junio 2018,15_04_Comunic_Recibidas/2018/CI004_GP-9213_060500-050300_ANI_038764-1_ANALI_COSTOS.pdf
1352,2,VRC INGENIERÍA LTDA,VRG-4C-004,CONSORCIO 4C,GP-7113,30/01/2018,REVISIÓN COMUNICACIONES C1004-MGP060617-070107-PMT-PASOS-URBANOS Y CI004-MGP060817-070107-PMT-PP-ÑARINO,15_04_Comunic_Recibidas/2018/CI004_GP-7113_070111_VRC_4C-004_PMT_NARIÑO.pdf
1368,1,CONCESIÓN ALTO MAGDALENA S.A.S.,ALMA-2018-3608,CONSORCIO 4C,GP-8760,17/09/2018,Respuesta a su comunicación CI.004/GP5139/18/7.3.1 del 06 de septiembre de 2018 (Radicado ALMA-R-2018-2809 del 06 de septiembre de 2018). - Derecho de Inspección y Acceso Libre,15_04_Comunic_Recibidas/2018/CI004_GP-8760_070103_CON_3608_INSPEC_ACCESO_LIBRE.pdf
1370,1,CONCESIÓN ALTO MAGDALENA S.A.S.,ALMA-2018-0398,CONSORCIO 4C,GP-7057,26/01/2018,Registros Control Obra Puentes Unidad Funcional 1 y 2.,15_04_Comunic_Recibidas/2018/CI004_GP-7057_070103_CON_0398_REG_PTES_UF1_2.pdf
1369,3,CONCESIÓN ALTO MAGDALENA S.A.S.,ALMA-2018-2273,CONSORCIO 4C,GP-8089,12/06/2018,"Entrega de soportes de los correspondientes Pagos de Seguridad Social para el mes de marzo de 2018 y Pago de Salarios del mes de febrero de 2018, e ingreso de personal.",15_04_Comunic_Recibidas/2018/CI004_GP-8089_070110_CON_2273_SEGYSAL_MAR_FEB.pdf
1362,1,CONCESIÓN ALTO MAGDALENA S.A.S.,ALMA-2018-1788,CONSORCIO 4C,GP-7779,10/05/2018,Entrega de la Sabana Predial y Tira topográfica.,15_04_Comunic_Recibidas/2018/CI004_GP-7779_070401_CON_1788_SABAN_PREDIAL.pdf
1371,5,CONCESIÓN ALTO MAGDALENA S.A.S.,ALMA-2018-3684,CONSORCIO 4C,GP-8821,24/09/2018,"Respuesta a comunicaciones CI.004/GP4002/18/7.1.7 del 07/03/2018 (Radicado ALMA-R-2018-0788), CI.004/GP4878/18/7.1.7 del 26/07/2018 (Radicado ALMA-R-2018-2359). y CI.004/GP5056/18/7.1.7 del 24/08/2018 (Radicado ALMA-R-2018-2668) Revisión Diseños Andenes Unidad Funcional 5.2.",15_04_Comunic_Recibidas/2018/CI004_GP-8821_070107_CON_3684_DISÑ_ANDENES_UF5.2.pdf
1367,1,CONCESIÓN ALTO MAGDALENA S.A.S.,ALMA-2018-3628,CONSORCIO 4C,GP-8802,17/09/2018,Entrega de un expediente predial de la unidad funcional 5 para aprobación.,15_04_Comunic_Recibidas/2018/CI004_GP-8802_070401_CON_3628_EXP_PREDIAL.pdf
1366,1,AGENCIA NACIONAL DE INFRAESTRUCTURA,20183050214781,CONSORCIO 4C,GP-8259,11/07/2018,Traslado de Queja con radicado ANI No 20184090676582- Queja Jesus Maria Carrillo - Contrato de Concesión No 003 de 2014 - Girardot - Honda - Puerto Salgar.,15_04_Comunic_Recibidas/2018/CI004_GP-8259_070109_ANI_021478-1_QUEJA_JCARRILLO.pdf
1374,1,AGENCIA NACIONAL DE INFRAESTRUCTURA,2018-305-014668-1,CONSORCIO 4C,GP-7829,15/05/2018,Oficio radicado ANI 2018-409-028737-2. Encuesta Medición de Percepción del Cliente Proyecto Girardot – Honda – Puerto Salgar. Contrato de Concesión 003 de 2014 – Concesión Alto Magdalena S.A.S.,15_04_Comunic_Recibidas/2018/CI004_GP-7829_070102_ANI_014668-1_ENCUEST_MEDI_CLIENT.pdf
1372,1,Fiduciaria Bogotá,CSSA2018014775,CONSORCIO 4C,GP-8011,18/05/2018,INFORME MENSUAL DEL 1 AL 30 DE ABRIL DE 2018 FIDEICOMISO FIDUBOGOTA-CONCESION ALTO MAGDALENA 3-1-63664,15_04_Comunic_Recibidas/2018/CI004_GP-8011_070202_FBTA_014775_INF_ABRIL.pdf
1375,1,CONCESIÓN ALTO MAGDALENA S.A.S.,ALMA-2018-4137,CONSORCIO 4C,GP-9042,26/10/2018,Memoria Técnica Puente 1 K126+280 – Unidad Funcional 4.,15_04_Comunic_Recibidas/2018/CI004_GP-9042_090300_CON_4137_MEMOTEC_PTE_1_UF4.pdf
1377,1,AGENCIA NACIONAL DE INFRAESTRUCTURA,2018-305-008818-1,CONSORCIO 4C,GP-7471,21/03/2018,"Oficio radicado ANI 2018-409-025734-2. Reclamo por incumplimiento de acuerdos por parte de la Concesión Alto Magdalena con la señora Sandra Patiño, predio Santa Isabel. Proyecto Girardot -- Honda -- Puerto Salgar. Contrato de Concesión 003 de 2014 -- Concesión Alto Magdalena S.A.S.",15_04_Comunic_Recibidas/2018/CI004_GP-7471_070109_ANI_008818-1_COMPRO_SPATIÑO.pdf
1376,2,CONCESIÓN ALTO MAGDALENA S.A.S.,ALMA-2018-0031,CONSORCIO 4C,GP-6883,04/01/2018,Compromisos Comité Técnico – Operativo No. 44 del 27 de diciembre de 2017. Cumplimiento de Indicadores.,15_04_Comunic_Recibidas/2018/CI004_GP-6883_070303_CON_0031_COMPR_COMIT_N°44.pdf
1378,2,CONCESIÓN ALTO MAGDALENA S.A.S.,ALMA-2018-3434,CONSORCIO 4C,GP-8654,03/09/2018,Entrega del Formato ANI-GCSP-F-203 Informe Ejecutivo – agosto de 2018,15_04_Comunic_Recibidas/2018/CI004_GP-8654_070109_CON_3434_FOR_GCSP-F203_AGO.pdf
1379,2,CONCESIÓN ALTO MAGDALENA S.A.S.,ALMA-2018-1752,CONSORCIO 4C,GP-7762,03/05/2018,Sus comunicaciones CI.004/GP2670/17/7.1.4 – ALMA-R-2017-02394 del 21 de julio de 2017 – Seguridad Vial Intersecciones Chicoral y Flandes y CI.004/GP2922/17/7.3.4 – ALMA-R-2017-02954 del 01 de septiembre de 2017 – Seguridad Vial Intersección Chicoral y Flandes No. 2.,15_04_Comunic_Recibidas/2018/CI004_GP-7762_070304-090300_CON_1752_SEG_VIAL_INTER.pdf
1373,1,AGENCIA NACIONAL DE INFRAESTRUCTURA,2018-305-007735-1,CONSORCIO 4C,GP-7409,12/03/2018,"Oficios radicado ANI 2018-409-018232-2, 2018-409-018236-2. Solicitud atención de observaciones Unidad Funcional 5. Proyecto Girardot - Honda - Puerto Salgar. Contrato de Concesión 003 de 2014 - Concesión Alto Magdalena S.A.S.",15_04_Comunic_Recibidas/2018/CI004_GP-7409_070107_ANI_007735-1_SCTD_OBS_UF5.pdf
1380,1,CONCESIÓN ALTO MAGDALENA S.A.S.,ALMA-2018-4123,CONSORCIO 4C,GP-9240,26/10/2018,Entrega del expediente ALMA-2-0146 para aprobación de ficha predial y estudio de títulos.,15_04_Comunic_Recibidas/2018/CI004_GP-9240_070401_CON_4123_EXP_PREDIAL.pdf
1385,1,CONCESIÓN ALTO MAGDALENA S.A.S.,ALMA-2018-2009,CONSORCIO 4C,GP-7900,23/05/2018,Su comunicación CI.004/GP4281/18/7.1.3 – Radicado ALMA-R-2018-1257 del 17 de abril de 2018. Respuesta al comunicado ALMA-2018-1399.,15_04_Comunic_Recibidas/2018/CI004_GP-7900_070103_CON_2009_OBS_VIGAS_PTES_UF5.pdf
1381,5,,,CONSORCIO 4C,GP-7114,01/02/2018,Afectación al predio con matrícula inmobiliaria No. 307-0023921 por construcción de canal bajo la ampliación de la vía Girardot-Cambao.,15_04_Comunic_Recibidas/2018/CI004_GP-7114_070103-070109_SINNUMERO_DP_JGALVEZ.pdf
1383,1,CONCESIÓN ALTO MAGDALENA S.A.S.,ALMA-2018-0421,CONSORCIO 4C,GP-7053,26/01/2018,Respuesta a su comunicación CI.004/GP3778/18/7.4.1 del 24 de enero de 2018. (Rad. Interno ALMA-R-2018-0315). Entrega de un expediente predial de la unidad funcional 5 para aprobación.,15_04_Comunic_Recibidas/2018/CI004_GP-7053_070401_CON_0421_EXP_PREDIAL.pdf
1387,1,CONCESIÓN ALTO MAGDALENA S.A.S.,ALMA-2018-4204,CONSORCIO 4C,GP-9082,01/11/2018,Resultados Prueba de Carga Puente Peatonal Nariño – Unidad Funcional 2.,15_04_Comunic_Recibidas/2018/CI004_GP-9082_070107-090300_CON_4204_PRUEB_PTE_NARIÑO.pdf
1382,1,CONCESIÓN ALTO MAGDALENA S.A.S.,ALMA-2018-2745,CONSORCIO 4C,GP-8337,18/07/2018,Plan de Manejo del Tráfico Construcción Puentes Doraditas y Galleras – Unidad Funcional 5.2.,15_04_Comunic_Recibidas/2018/CI004_GP-8337_070111_CON_2745_PMT_PTES_DORADIT_GALLER.pdf
1386,1,CONCESIÓN ALTO MAGDALENA S.A.S.,ALMA-2018-0297,CONSORCIO 4C,GP-7006,23/01/2018,Prorroga a su comunicación CI.004/GP3625/17/7.4.1 del 22 de septiembre de 2017 (Rad. Interno 04469 del 26 de diciembre de 2017); expedientes prediales de la unidad funcional 5.,15_04_Comunic_Recibidas/2018/CI004_GP-7006_070401_CON_0297_EXP_PRDAL.pdf
1384,1,CONCESIÓN ALTO MAGDALENA S.A.S.,ALMA-2018-3624,CONSORCIO 4C,GP-8778,17/09/2018,Memoria Técnica Mes de agosto de 2018,15_04_Comunic_Recibidas/2018/CI004_GP-8778_070500_CON_3624_MEMOTEC_AGO_18.pdf
1390,2,CONCESIÓN ALTO MAGDALENA S.A.S.,ALMA-2018-0834,CONSORCIO 4C,GP-7236,21/02/2018,Oficio CI.004/GP390418/7.4.1 Mesa de trabajo temas prediales.,15_04_Comunic_Recibidas/2018/CI004_GP-7236_070401_CON_0834_TEMA_PREDIAL.pdf
1389,3,CONCESIÓN ALTO MAGDALENA S.A.S.,ALMA-2018-4053,CONSORCIO 4C,GP-9103,22/10/2018,Informe sobre los criterios para contabilizar Ingresos y Egresos por Unidad Funcional.,15_04_Comunic_Recibidas/2018/CI004_GP-9103_070201_CON_4053_INF_INGRE_EGRE_SEP.pdf
1392,1,Agencia Nacional de Infraestructura,20183050227261,CONSORCIO 4C,GP-8358,23/07/2018,Solicitud respuesta comunicación con radicado ANI No 20184090720192- Elsa Gaitán Valencia - Contrato de Concesión No 003 de 2014 - Girardot - Honda - Puerto Salgar.,15_04_Comunic_Recibidas/2018/CI004_GP-8358_070109_ANI_022726-1_RTA_ELSA_GAITAN.pdf
1395,1,CONCESIÓN ALTO MAGDALENA S.A.S.,ALMA-2018-2185,CONSORCIO 4C,GP-8108,05/06/2018,Entrega de un (1) expediente para aprobación del Avalúo Comercial Corporativo.,15_04_Comunic_Recibidas/2018/CI004_GP-8108_070406_CON_2185_EXP_AVALUO.pdf
1391,1,CONCESIÓN ALTO MAGDALENA S.A.S.,ALMA-2018-3410,CONSORCIO 4C,GP-8651,31/08/2018,Entrega de un expediente predial de la unidad funcional 5 para aprobación.,15_04_Comunic_Recibidas/2018/CI004_GP-8651_070401_CON_3410_EXP_PREDIAL.pdf
1393,3,CONCESIÓN ALTO MAGDALENA S.A.S.,ALMA-2018-3358,CONSORCIO 4C,GP-8660,28/08/2018,AUDIENCIA DE CONCILIACIÓN RADICACIÓN No. 22671,15_04_Comunic_Recibidas/2018/CI004_GP-8660_050300_CON_3358_AUDIENCIA_CONCILIA.pdf
1388,2,AGENCIA NACIONAL DE INFRAESTRUCTURA,2018-305-031998-1,CONSORCIO 4C,GP-8812,26/09/2018,Cambio Representante Legal de la Agencia Nacional de Infraestructura - ANI.,15_04_Comunic_Recibidas/2018/CI004_GP-8812_050300_ANI_031998-1_CAMBIO_RL_ANI.pdf
1394,4,,209,CONSORCIO 4C,GP-7295,20/02/2018,Contratos de compraventa de las parcelas correspondientes a los predios Alma-2-0098 y Alma-2-0100.,15_04_Comunic_Recibidas/2018/CI004_GP-7295_070109-070401_SIN_NUMERO_DP_JGALVEZ.pdf
1397,3,AGENCIA NACIONAL DE INFRAESTRUCTURA,2018-305-004154-1,CONSORCIO 4C,GP-7190,12/02/2018,Radicado ANI 2018-705-002873-3 de 07/02/2017. Modificación de la Garantía Única de Cumplimiento. Proyecto Girardot - Honda - Puerto Salgar. Contrato de Concesión 003 de 2014 - Concesión Alto Magdalena S.A.S.,15_04_Comunic_Recibidas/2018/CI004_GP-7190_050300_ANI_004154-1_GARANT_UNIC.pdf
1396,1,CONCESIÓN ALTO MAGDALENA S.A.S.,ALMA-2018-1322,CONSORCIO 4C,GP-7545,02/04/2018,Ajuste Diseño Geométrico de la Glorieta El Koran - Unidad Funcional 5.4.,15_04_Comunic_Recibidas/2018/CI004_GP-7545_070107_CON_1322_DISÑ_GEOM_KORAN.pdf
1401,1,SERVICIO NACIONAL DE APRENDIZAJE,2-2018-004659,CONSORCIO 4C,GP-8133,21/06/2018,Respuesta solicitud capacitación Reentrenamiento Trabajo Seguro en Alturas,15_04_Comunic_Recibidas/2018/CI004_GP-8133_020200_SENA_004659_CAPACI_TRABAJ_ALTURAS.pdf
1398,1,CONCESIÓN ALTO MAGDALENA S.A.S.,ALMA-2018-3836,CONSORCIO 4C,GP-8908,03/10/2018,"Respuesta comunicaciones CI.004/GP3860/18/7.3.1 (ALMA-R-2018-0496), CI.004/GP4915/18/7.3.1 (ALMA-R-2018-2406) y CI.004/GP5128/18/7.3.1 (ALMA-R-2018-2797) - Actualización Listas Blancas.",15_04_Comunic_Recibidas/2018/CI004_GP-8908_050300_CON_3836_ACTUA_LIST_BLANC.pdf
1399,1,AGENCIA NACIONAL DE INFRAESTRUCTURA,2018-305-014662-1,CONSORCIO 4C,GP-7824,15/05/2018,Oficio radicado ANI 2018-409-041942-2. Obligaciones Prediales Concesionario Proyecto Girardot – Honda – Puerto Salgar. Contrato de Concesión 003 de 2014 – Concesión Alto Magdalena S.A.S.,15_04_Comunic_Recibidas/2018/CI004_GP-7824_070401_ANI_014662-1_OBLIG_PREDIAL.pdf
1403,3,CONCESIÓN ALTO MAGDALENA S.A.S.,ALMA-2018-0771,CONSORCIO 4C,GP-7415,15/03/2018,Respuesta a su comunicación identificada con el consecutivo CI.004/GP3781/18/7.4.2 del 25 de enero de 2018 (ALMA-R-2018-0331). - Revisión Fichas Sociales. Respuesta a Comunicación ALMA-2018-0086.,15_04_Comunic_Recibidas/2018/CI004_GP-7415_070402_CON_0771_REVIS_FCHAS_SCIAL.pdf
1402,1,CONCESIÓN ALTO MAGDALENA S.A.S.,ALMA-2018-2351,CONSORCIO 4C,GP-8096,18/06/2018,"Entrega de dos (2) expedientes prediales de la unidad funcional 4 con componente Social, para revisión y aprobación.",15_04_Comunic_Recibidas/2018/CI004_GP-8096_070402_CON_2351_EXP_SOCIAL.pdf
1400,15,CONCESIÓN ALTO MAGDALENA S.A.S.,ALMA-2018-3740,CONSORCIO 4C,GP-8788,26/09/2018,Respuesta comunicación CI.004/GP5190/18/5.3 de la Interventoría. Evento Eximente Paso Urbano Guataqui.,15_04_Comunic_Recibidas/2018/CI004_GP-8788_050300_CON_3740_EER_GUATAQUI.pdf
1404,2,CONCESIÓN ALTO MAGDALENA S.A.S.,ALMA-2018-0330,CONSORCIO 4C,GP-7220,19/02/2018,Entrega de dos (2) expedientes prediales de la Unidad Funcional 2 para revisión del componente Social.,15_04_Comunic_Recibidas/2018/CI004_GP-7220_070402_CON_0330_EXP_SOCIAL.pdf
1406,1,CONCESIÓN ALTO MAGDALENA S.A.S.,ALMA-2018-4139,CONSORCIO 4C,GP-9044,26/10/2018,Diseño de Concreto Hidráulico MR-45 – Unidad Funcional 5.4.,15_04_Comunic_Recibidas/2018/CI004_GP-9044_070107_CON_4139_DISEÑ_HIDRAU_MR-45.pdf
1408,1,CONCESIÓN ALTO MAGDALENA S.A.S.,ALMA-2018-2106,CONSORCIO 4C,GP-8085,30/05/2018,Entrega de un (1) expediente de la Unidad Funcional 2 para aprobación ficha predial y estudio de títulos.,15_04_Comunic_Recibidas/2018/CI004_GP-8085_070401_CON_2106_EXP_PREDIAL.pdf
1409,3,CONCESIÓN ALTO MAGDALENA S.A.S.,ALMA-2018-2610,CONSORCIO 4C,GP-8299,11/07/2018,"Solicitud de ocupación de cauce K71+982, Unidad Funcional 3.",15_04_Comunic_Recibidas/2018/CI004_GP-8299_070108_CON_2610_OCUPA_CAUCE_K71.pdf
1407,1,CONCESIÓN ALTO MAGDALENA S.A.S.,ALMA-2018-4650,CONSORCIO 4C,GP-9358,07/12/2018,Entrega Informe Gerencial Mensual N° 49 - noviembre de 2018,15_04_Comunic_Recibidas/2018/CI004_GP-9358_070500_CON_4650_INF_MEN_N°49_NOV.pdf
1405,1,CONCESIÓN ALTO MAGDALENA S.A.S.,ALMA-2018-1603,CONSORCIO 4C,GP-7945,01/06/2018,Entrega de un (1) expediente predial de la Unidad Funcional 2 para revisión del componente Social.,15_04_Comunic_Recibidas/2018/CI004_GP-7945_070402_CON_1603_EXP_SOCIAL.pdf
1446,4,CONCESIÓN ALTO MAGDALENA S.A.S.,ALMA-2018-4211,CONSORCIO 4C,GP-9110,02/11/2018,"Solicitud de Autorización de Intervención en el Predio ""La Esperanza Uno (1)"", para la construcción de Obra de Protección en la Quebrada Arenales.",15_04_Comunic_Recibidas/2018/CI004_GP-9110_070108_CON_4211_AUTO_INTERV_PREDIO.pdf
1448,1,CONCESIÓN ALTO MAGDALENA S.A.S.,ALMA-2018-2792,CONSORCIO 4C,GP-8331,23/07/2018,Memoria Técnica Mes de Junio de 2018,15_04_Comunic_Recibidas/2018/CI004_GP-8331_070500_CON_2792_MEMOTEC_JUN.pdf
1445,1,CONCESIÓN ALTO MAGDALENA S.A.S.,ALMA-2018-4783,CONSORCIO 4C,GP-9428,27/12/2018,Entrega de 6 conceptos técnicos de desafectación predial.,15_04_Comunic_Recibidas/2018/CI004_GP-9428_070401_CON_4783_DESAFECTA_PREDIAL.pdf
1443,1,CONCESIÓN ALTO MAGDALENA S.A.S.,ALMA-2018-1475,CONSORCIO 4C,GP-7629,13/04/2018,"Certificado de Registro ante la ANM de la Resolución 317 del 22 de febrero de 2018, referente a la declaratoria de Utilidad Pública proyecto vial Girardot-Honda-Puerto Salgar.",15_04_Comunic_Recibidas/2018/CI004_GP-7629_070108_CON_1475_DECLA_UTIL_PUBLI.pdf
1442,1,CONCESIÓN ALTO MAGDALENA S.A.S.,ALMA-2018-2701,CONSORCIO 4C,GP-8288,16/07/2018,Alcance Comunicación ALMA-2018-2427 - Complementación de la Información Correcciones/Complementos -Apéndice Técnico 3 UF 1-2 y 4.,15_04_Comunic_Recibidas/2018/CI004_GP-8288_090300_CON_2701_CORRE_APT3_UF1_2_4.pdf
1447,1,Agencia Nacional de Infraestructura,20183050302311,CONSORCIO 4C,GP-8722,12/09/2018,"Solicitud emisión de respuesta al derecho de petición presentado por el señor Cesar Augusto Ayala Moya - Proyecto Girardot - Honda - Puerto Salgar, Contrato de Concesión 003 de 2014. Alto Magdalena S.A.S.",15_04_Comunic_Recibidas/2018/CI004_GP-8722_070401_ANI_030231-1_DP_CAYALA.pdf
1444,3,CONCESIÓN ALTO MAGDALENA S.A.S.,ALMA-2018-2363,CONSORCIO 4C,GP-8111,20/06/2018,Informe sobre los criterios para contabilizar Ingresos y Egresos por Unidad Funcional.,15_04_Comunic_Recibidas/2018/CI004_GP-8111_070201_CON_2363_INF_INGRES_EGRE_UF.pdf
1450,1,CONCESIÓN ALTO MAGDALENA S.A.S.,ALMA-2018-0282,CONSORCIO 4C,GP-6991,23/01/2018,Respuesta a su comunicación CI.004/GP3575/18/7.4.1 del 12 de diciembre de 2017. Entrega de un (1) expediente predial de la Unidad Funcional 2 para aprobación.,15_04_Comunic_Recibidas/2018/CI004_GP-6991_070401_CON_0282_EXP_PREDIAL.pdf
1449,1,CONCESIÓN ALTO MAGDALENA S.A.S.,ALMA-2018-1237,CONSORCIO 4C,GP-7509,22/03/2018,Su comunicación CI.004/GP3560/17/7.1.3 – Radicado ALMA-R-2017-04331 del 12 de diciembre de 2017 – Seguimiento Calidad Procesos Constructivos Losa Aproximación Puente K74+650 UF3.,15_04_Comunic_Recibidas/2018/CI004_GP-7509_070103_CON_1237_PROCE_LOSA_PTE_K74.pdf
1454,3,CONCESIÓN ALTO MAGDALENA S.A.S.,ALMA-2018-4048,CONSORCIO 4C,GP-8991,22/10/2018,Respuesta comunicación CI.004/GP3964/18/7.1.10 del 23 febrero de 2018 (Radicado ALMA-R-2017-0686) Observaciones informe de auditoría SST.,15_04_Comunic_Recibidas/2018/CI004_GP-8991_070110_CON_4048_OBS_INF_AUDIT_SST.pdf
1455,3,AGENCIA NACIONAL DE INFRAESTRUCTURA,2018-305-013192-1,CONSORCIO 4C,GP-7831,02/05/2018,Oficio radicado ANI 2018-409-037054-2. Seguimiento Plan Obras Intersección Puente Actual Puerto Salgar (Costado Occidental)- Norcasia Proyecto Girardot - Honda - Puerto Salgar. Contrato de Concesión 003 de 2014 - Concesión Alto Magdalena S.A.S.,15_04_Comunic_Recibidas/2018/CI004_GP-7831_070101_ANI_013192-1_SEGUI_INTER_PTE_PSALGAR.pdf
1458,1,CONCESIÓN ALTO MAGDALENA S.A.S.,ALMA-2018-4662,CONSORCIO 4C,GP-9366,12/12/2018,Entrega Resultados Indicadores Apéndice Técnico 4 – E11: Señalización Vertical y E12: Señalización Horizontal; Unidad Funcional 3.,15_04_Comunic_Recibidas/2018/CI004_GP-9366_070303-090300_CON_4662_RESULT_INDICA_UF3.pdf
1459,2,CONCESIÓN ALTO MAGDALENA S.A.S.,ALMA-2018-1968,CONSORCIO 4C,GP-7865,18/05/2018,Diseño Geométrico del K17+740 al K18+320 y Altimetría Área de Servicio K18+010 – Unidad Funcional 5.2.,15_04_Comunic_Recibidas/2018/CI004_GP-7865_070107_CON_1968_DISÑ_GEOM_K17_UF5.2.pdf
1453,7,CONCESIÓN ALTO MAGDALENA S.A.S.,ALMA-2018-3104,CONSORCIO 4C,GP-8516,10/08/2018,"Respuesta al oficio No. CI.004/GP4946/18/7.4.6., de fecha 01 de agosto de 2018 - Radicado interno ALMA-R-2018-2472. Seguimiento procesos expropiación.",15_04_Comunic_Recibidas/2018/CI004_GP-8516_070404_CON_3104_SEGUI_EXPRO.pdf
1452,6,CONCESIÓN ALTO MAGDALENA S.A.S.,ALMA-2018-2877,CONSORCIO 4C,GP-8422,27/07/2018,Comunicación CI.004/GP4732/18/7.1.3 - Radicado ALMA-R-2018-2088 del 28 de junio de 2018. Daños Vigas Postensadas Puente 1 - K3+413 UF 5.4,15_04_Comunic_Recibidas/2018/CI004_GP-8422_070103_CON_2877_DAÑOS_VIG_PTE_P1.pdf
1456,3,Agencia Nacional de Infraestructura,20183050225821,CONSORCIO 4C,GP-8328,19/07/2018,Respuesta a su comunicación con radicado ANI No 20184090491282 - Contrato de Concesión No 003 de 2014. Concesión Girardot - Honda - Puerto Salgar.,15_04_Comunic_Recibidas/2018/CI004_GP-8328_050300_ANI_022582-1_PTAP_PORVENIR.pdf
1451,2,CONCESIÓN ALTO MAGDALENA S.A.S.,ALMA-2018-3685,CONSORCIO 4C,GP-8822,24/09/2018,Respuesta a comunicaciones CI.004/GP4903/18/7.1.1 del 27/07/2018 (ALMA-R-2018-2394) y CI.004/GP5164/18/7.1.1-7.4.1 del 12/09/2018 (ALMA-R-2018-2868). Intersección Desnivel El Korán Ruta 45CLB – Respuesta a ALMA-2018-3397.,15_04_Comunic_Recibidas/2018/CI004_GP-8822_070101_CON_3685_INTER_KORAN.pdf
1457,1,CONCESIÓN ALTO MAGDALENA S.A.S.,ALMA-2018-0109,CONSORCIO 4C,GP-6901,10/01/2018,Entrega de un (01) expediente predial de la Unidad Funcional 2 para aprobación.,15_04_Comunic_Recibidas/2018/CI004_GP-6901_070401_CON_0109_EXPD_PRDAL_UF2.pdf
1461,4,Agencia Nacional de Infraestructura,20183040253431,CONSORCIO 4C,GP-8496,08/08/2018,"Radicado No. 20184090779392 del 02 de Agosto de 2018. Solicitud concepto técnico de permiso para el uso, la ocupación y la intervención temporal para realizar mantenimiento correctivo de líneas de 33 y 115 kv para suministrar energía eléctrica ubicadas entre el PR 08+200 al PR29+800 en jurisdicción de los municipio de Honda (Tolima) y La Dorada (Caldas). Proyecto vial Girardot - Honda - Puerto Salgar. Al responder favor citar el expediente: 20183040280200291E.",15_04_Comunic_Recibidas/2018/CI004_GP-8496_070114_ANI_025343-1_PERMI_INTERV_RED_ELECT.pdf
1463,2,CONCESIÓN ALTO MAGDALENA S.A.S.,ALMA-2018-3777,CONSORCIO 4C,GP-9100,26/09/2018,Reunión conciliación cifras referentes a la respuesta de Confirmación de saldos a junio 30 de 2018 Pricewaterhouse.,15_04_Comunic_Recibidas/2018/CI004_GP-9100_070201_CON_3777_REUNION_CONCILIA_CIFRAS.pdf
1468,4,CONCESIÓN ALTO MAGDALENA S.A.S.,ALMA-2018-2602,CONSORCIO 4C,GP-8253,10/07/2018,Respuesta reclamación del 09 de Julio de 2018 identificada como PQRS UF2-2018-336 - Información del proceso predial a nombre de Obdulia López.,15_04_Comunic_Recibidas/2018/CI004_GP-8253_070109_CON_2602_PQRS_OLOPEZ.pdf
1466,1,CONCESIÓN ALTO MAGDALENA S.A.S.,ALMA-2018-2256,CONSORCIO 4C,GP-8030,08/06/2018,"Memorias de Cálculo y Planos Puentes Burras, Doradita y Galleras - Unidad Funcional 5.2.",15_04_Comunic_Recibidas/2018/CI004_GP-8030_070107_CON_2256_DISEÑ_PTES_UF5.2.pdf
1467,1,CONCESIÓN ALTO MAGDALENA S.A.S.,ALMA-2018-4660,CONSORCIO 4C,GP-9360,10/12/2018,Entrega Resultados Indicadores Apéndice Técnico 4 - E16: Capacidad Estructural; Unidad Funcional 3.,15_04_Comunic_Recibidas/2018/CI004_GP-9360_070303-090300_CON_4660_RESULT_INDICA_UF3.pdf
1465,2,CONCESIÓN ALTO MAGDALENA S.A.S.,ALMA-2018-4063,CONSORCIO 4C,GP-9116,22/10/2018,Envío Formulario de liquidación y declaración de regalías tercer trimestre año 2018. Expediente: Autorización Temporal SAB-09421- “Rivera 2”.,15_04_Comunic_Recibidas/2018/CI004_GP-9116_070108_CON_4063_FOR_REGALIAS_EXP_SAB-09421.pdf
1462,7,Agencia Nacional de Infraestructura,2018-305-032221-1,CONSORCIO 4C,GP-8825,27/09/2018,Respuesta a su oficio 20184090875402 de 28/08/2018- Aprobación Hojas de vida – Contrato de Interventoría No.145 de 2014.- Proyecto Girardot Honda Puerto Salgar. Contrato 003 de 2014 Concesión Alto Magdalena SAS.,15_04_Comunic_Recibidas/2018/CI004_GP-8825_020200_ANI_032221-1_APROBA_HV_INTERVENT.pdf
1470,59,CONCESIÓN ALTO MAGDALENA S.A.S.,ALMA-2018-0714,CONSORCIO 4C,GP-7211,13/02/2018,Informe ejecutivo de avance de ejecución predial del mes de Enero de año 2018.,15_04_Comunic_Recibidas/2018/CI004_GP-7211_070401_CON_0714_INF_PREDIAL_ENE18.pdf
1469,8,CONCESIÓN ALTO MAGDALENA S.A.S.,ALMA-2018-2878,CONSORCIO 4C,GP-8423,27/07/2018,Comunicación CI.004/GP4695/18/7.1.4 – Radicado ALMA-R-2018-2011 del 22 de junio de 2018 – Observaciones Obras Complementarias Puentes UF2,15_04_Comunic_Recibidas/2018/CI004_GP-8423_070104_CON_2878_OBS_PTES_UF2.pdf
1471,4,CONCESIÓN ALTO MAGDALENA S.A.S.,ALMA-2018-1122,CONSORCIO 4C,GP-7473,14/03/2018,"Solicitud del certificado referente al estado del trámite de la licencia ambiental para la Autorización Temporal SCV-09031, radicada bajo consecutivo CAR N° 2017-409-126553-2 el 28 de noviembre de 2017.",15_04_Comunic_Recibidas/2018/CI004_GP-7473_070108_CON_1122_CERT_LICEN_AMB.pdf
1473,1,CONCESIÓN ALTO MAGDALENA S.A.S.,ALMA-2018-4582,CONSORCIO 4C,GP-9322,04/12/2018,Respuesta comunicación CI.004/GP5219/18/7.1.1 (Rad. ALMA-R-2018-2951 - 20/09/2018). Plan Mitigación Atraso Puentes Menores UF5.4. Plan de Obras vigente – V6,15_04_Comunic_Recibidas/2018/CI004_GP-9322_070107_CON_4582_ATRASO_PTES_UF5.4.pdf
1474,4,CONCESIÓN ALTO MAGDALENA S.A.S.,ALMA-2018-1473,CONSORCIO 4C,GP-7627,13/04/2018,Respuesta comunicación 2018-305-010282-1 con radicado ALMA-R-2018-1170 Respuesta Notificación de Ejecución del 90% del Valor Estimado Redes,15_04_Comunic_Recibidas/2018/CI004_GP-7627_070115_CON_1473_EJECU_90%_REDES.pdf
1464,1,CONCESIÓN ALTO MAGDALENA S.A.S.,ALMA-2018-0653,CONSORCIO 4C,GP-7160,08/02/2018,"Entrega de un (1) expediente predial de la unidad funcional 3, para aprobación de ficha predial (Titulo Minero).",15_04_Comunic_Recibidas/2018/CI004_GP-7160_070401_CON_0653_EXP_PREDI_UF3.pdf
1475,1,CONCESIÓN ALTO MAGDALENA S.A.S.,ALMA-2018-0163,CONSORCIO 4C,GP-6963,12/01/2018,Entrega de un (1) expediente predial de la unidad funcional N°5 para revisión del componente Social.,15_04_Comunic_Recibidas/2018/CI004_GP-6963_070402_CON_0163_EXP_SCIAL_UF5.pdf
1460,1,CONCESIÓN ALTO MAGDALENA S.A.S.,ALMA-2018-1771,CONSORCIO 4C,GP-8763,04/05/2018,Entrega de un (1) expediente de la Unidad Funcional 3 para revisión en la etapa de expropiación.,15_04_Comunic_Recibidas/2018/CI004_GP-8763_070404_CON_1771_EXP_EXPRO.pdf
1472,2,CONCESIÓN ALTO MAGDALENA S.A.S.,ALMA-2018-1754,CONSORCIO 4C,GP-7764,03/05/2018,"Su comunicación 2018-305-012240-1 fechada el 23 de abril de 2018 – Radicado ALMA-R-2018-1384, del 30 de abril de 2018. Oficio radicado ANI 2018-409-022155-2 de 02/03/2018. Oficios radicado ANI 2018-409-037055-2; 2018-409-037056-2; 2018-409-037057-2; 2018-409-037058-2; 2018-409-037059-2; 2018-409-037061-2; 2018-409-037064-2. Solicitud Remisión Cronogramas.",15_04_Comunic_Recibidas/2018/CI004_GP-7764_070107_CON_1754_SCTD_REMI_CRONOG.pdf
1478,2,REGISTRADURÍA NACIONAL DEL ESTADO CIVIL,,CONSORCIO 4C,GP-8258,11/07/2018,Solicitud cargue de información en plataforma tecnológica,15_04_Comunic_Recibidas/2018/CI004_GP-8258_040300_REGHONDA_SINNUMERO_CARG_INFO.pdf
1479,1,CONCESIÓN ALTO MAGDALENA S.A.S.,ALMA-2018-3683,CONSORCIO 4C,GP-8773,20/09/2018,Su comunicación CI.004/GP4874/18/7.4.2 - ALMA-R-2018-2348 del 25 de julio de 2018. Modificación Línea Compra K30 UF2.,15_04_Comunic_Recibidas/2018/CI004_GP-8773_070401_CON_3683_LINEA_COMPRA_K30.pdf
1481,2,CONCESIÓN ALTO MAGDALENA S.A.S.,ALMA-2018-0370,CONSORCIO 4C,GP-7055,25/01/2018,"Cálculo de la carga de uso de una torre de cimbra T-60 (Soporte Viga Cabezal Eje 7 Puente Salgar - Soporte Vigas Postensadas Acceso 2 Puente Puerto Salgar), Memorias De Cálculo Estructural Del Soporte De Las Vigas Postensadas del Acceso 2, Puente Puerto Salgar y Memoria De Cálculo Estructural Del Soporte Planteado Para La Viga Cabezal Del Eje 7.",15_04_Comunic_Recibidas/2018/CI004_GP-7055_070107_CON_0370_MEMOR_CALCU_VIG.pdf
1483,4,CONCESIÓN ALTO MAGDALENA S.A.S.,ALMA-2018-3522,CONSORCIO 4C,GP-8710,11/09/2018,Respuesta comunicado CI.004/GP4977/18/7.1.8 del 10 de agosto de 2018 (Rad. Interno ALMA-R-2018-2523 del 10 de agosto de 2018). Aspectos e Impactos Ambientales UF 5.4.,15_04_Comunic_Recibidas/2018/CI004_GP-8710_070108_CON_3522_ASPEC_IMPACT_AMB_UF5.4.pdf
1482,1,CONCESIÓN ALTO MAGDALENA S.A.S.,ALMA-2018-2065,CONSORCIO 4C,GP-7918,28/05/2018,Entrega de un (1) expediente para aprobación del Avalúo Comercial Corporativo.,15_04_Comunic_Recibidas/2018/CI004_GP-7918_070406_CON_2065_EXP_AVALUO.pdf
1476,1,AGENCIA NACIONAL DE INFRAESTRUCTURA,2018-305-015538-1,CONSORCIO 4C,GP-7888,22/05/2018,Radicado ANI 2018-409-022744-2. Solicitud Soportes Póliza de Responsabilidad Civil Extracontractual y Póliza Todo Riesgo Obras Civiles. Proyecto Girardot - Honda - Puerto Salgar. Contrato de Concesión 003 de 2014 - Concesión Alto Magdalena S.A.S.,15_04_Comunic_Recibidas/2018/CI004_GP-7888_050300_ANI_015538-1_SOPORT_POLIZ_RC.pdf
1477,1,CONCESIÓN ALTO MAGDALENA S.A.S.,ALMA-2018-0244,CONSORCIO 4C,GP-7408,16/01/2018,Entrega de un (1) expediente de la Unidad Funcional 2 para revisión en la etapa de expropiación.,15_04_Comunic_Recibidas/2018/CI004_GP-7408_070404_CON_0244_EXP_EXPRO.pdf
1485,1,CONCESIÓN ALTO MAGDALENA S.A.S.,ALMA-2018-1858,CONSORCIO 4C,GP-7816,09/05/2018,Presentación de los formatos establecidos en el Numeral 4.5 Literal (u) Parte general del Contrato.,15_04_Comunic_Recibidas/2018/CI004_GP-7816_070202_CON_1858_FOR_GCSP-F001_ABR.pdf
1486,1,CONCESIÓN ALTO MAGDALENA S.A.S.,ALMA-2018-2868,CONSORCIO 4C,GP-8534,27/07/2018,Entrega de seis expedientes prediales de la unidad funcional 5 para aprobación.,15_04_Comunic_Recibidas/2018/CI004_GP-8534_070401_CON_2868_EXP_PREDIAL.pdf
1488,1,AGENCIA NACIONAL DE INFRAESTRUCTURA,2018-305-016825-1,CONSORCIO 4C,GP-7982,01/06/2018,Oficio radicado ANI 2018-409-053580-2. Petición propietarios fincas municipio de Nariño - Cundinamarca. Proyecto Girardot - Honda - Puerto Salgar. Contrato de Concesión 003 de 2014 - Concesión Alto Magdalena S.A.S.,15_04_Comunic_Recibidas/2018/CI004_GP-7982_070103-070109_ANI_016825-1_DP_PRED_NARIÑ.pdf
1489,1,CONCESIÓN ALTO MAGDALENA S.A.S.,ALMA-2018-2901,CONSORCIO 4C,GP-8460,30/07/2018,Remisión Actas de Cálculo No. 6 de Compensación Especial UF1 y UF2 y Retribución UF4 Remisión Acta de Cálculo Retribución No. 5 UF4,15_04_Comunic_Recibidas/2018/CI004_GP-8460_060200_CON_2901_ACTAS_CALCUL_UF1_2_4.pdf
1484,6,CONCESIÓN ALTO MAGDALENA S.A.S.,ALMA-2018-2811,CONSORCIO 4C,GP-8341,23/07/2018,Solicitud pronunciamiento de la Agencia Nacional de Infraestructura en relación con la diferencia de criterio entre la Concesionaria y la Interventoría a través de la comunicación CI.004/GP4374/18/7.3.5. en la medición del Indicador O5.,15_04_Comunic_Recibidas/2018/CI004_GP-8341_050300-070303_CON_2811_MEDICION_INDICA_O5.pdf
1490,2,CONCESIÓN ALTO MAGDALENA S.A.S.,ALMA-2018-1973,CONSORCIO 4C,GP-7870,21/05/2018,Su comunicación Cl.004/GP4277/18/7.1.3-8 - Radicado ALMA-R-2018-1253 del 17 de abril de 2018. Respuesta ALMA-2018-1276. Observaciones Diseño Geométrico Glorieta la Melissa UF 5.2.,15_04_Comunic_Recibidas/2018/CI004_GP-7870_070107-070401_CON_1973_OBS_DISÑ_LMELISA.pdf
1487,1,CONCESIÓN ALTO MAGDALENA S.A.S.,ALMA-2018-2450,CONSORCIO 4C,GP-8156,28/06/2018,Entrega de la Sabana Predial y Tira topográfica.,15_04_Comunic_Recibidas/2018/CI004_GP-8156_070401_CON_2450_SABAN_PREDIAL.pdf
1491,2,CONCESIÓN ALTO MAGDALENA S.A.S.,ALMA-2018-2924,CONSORCIO 4C,GP-8467,31/07/2018,Entrega de expediente predial de la unidad funcional 3 para revisión del componente Social.,15_04_Comunic_Recibidas/2018/CI004_GP-8467_070402_CON_2924_EXP_SCIAL.pdf
1495,2,CONCESIÓN ALTO MAGDALENA S.A.S.,ALMA-2018-1054,CONSORCIO 4C,GP-7384,06/03/2018,"Remitir copia autentica de la Resolución 317 del 22 de febrero de 2018, ""Por medio de la cual se modifica la Resolución N° 1876 del 16 de noviembre de 2016 proferida por el Vicepresidente de Planeación, Riesgos y Entorno de la Agencia nacional de Infraestructura, con el fin de efectuar un ajuste de franja de terreno del proyecto vial Girardot- Honda- Puerto Salgar, en cumplimiento del Artículo 58 literal e) de la Ley 388 de 1997referente a la declaratoria de utilidad pública e interés social"", para su conocimiento.",15_04_Comunic_Recibidas/2018/CI004_GP-7384_050300_CON_1054_RESOL_N°317.pdf
1496,8,CONCESIÓN ALTO MAGDALENA S.A.S.,ALMA-2018-4708,CONSORCIO 4C,GP-9387,20/12/2018,Comunicación Cl.004/GP5633/18/5.3 (Rad ALMA-R-2018-3697 - 29/11/2018). Otorgamiento Plazo de Cura.,15_04_Comunic_Recibidas/2018/CI004_GP-9387_050300_CON_4708_OTORG_PLAZO_CURA.pdf
1497,1,Agencia Nacional de Infraestructura,2018-305-016711-1,CONSORCIO 4C,GP-7969,31/05/2018,Oficio radicado ANI 2018-409-052652-2. Hallazgo Construcción Diafragmas Acceso 1 Nuevo Puente de Puerto Salgar Proyecto Girardot - Honda - Puerto Salgar. Contrato de Concesión 003 de 2014 - Concesión Alto Magdalena S.A.S.,15_04_Comunic_Recibidas/2018/CI004_GP-7969_070103_ANI_016711-1_ACCES_PTE_SALGAR.pdf
1492,1,CONCESIÓN ALTO MAGDALENA S.A.S.,ALMA-2018-0979,CONSORCIO 4C,GP-7421,05/03/2018,Entrega de un (1) expediente de la Unidad Funcional 3 para revisión en la etapa de expropiación.,15_04_Comunic_Recibidas/2018/CI004_GP-7421_070404_CON_0979_EXP_EXPRO.pdf
1493,1,CONCESIÓN ALTO MAGDALENA S.A.S.,ALMA-2018-0428,CONSORCIO 4C,GP-7061,26/01/2018,Respuesta a su comunicación CI.004/GP3778/18/7.4.1 del 24 de enero de 2018. (Rad. Interno ALMA-R-2018-0315). Entrega de un expediente predial de la unidad funcional 5 para aprobación.,15_04_Comunic_Recibidas/2018/CI004_GP-7061_070401_CON_0420_EXP_PREDIAL.pdf
1498,1,CONCESIÓN ALTO MAGDALENA S.A.S.,ALMA-2018-4066,CONSORCIO 4C,GP-8996,22/10/2018,Entrega Propuesta de Manejo de la Epífitas y Plan de Rehabilitación Ecológica para la Unidad Funcional 4.1.,15_04_Comunic_Recibidas/2018/CI004_GP-8996_070108_CON_4066_MANEJ_EPIFITAS_UF4.1.pdf
1494,1,CONCESIÓN ALTO MAGDALENA S.A.S.,ALMA-2018-1200,CONSORCIO 4C,GP-7464,20/03/2018,Entrega de la Sabana Predial y Tira topográfica.,15_04_Comunic_Recibidas/2018/CI004_GP-7464_070401_CON_1200_SABANA_PREDIAL.pdf
1501,1,CONCESIÓN ALTO MAGDALENA S.A.S.,ALMA-2018-2895,CONSORCIO 4C,GP-8425,30/07/2018,Respuesta comunicación CI.004/GP4863/18/7.1.1 – Radicado ALMA-R-2018-2336 del 24 de julio de 2018. – Seguimiento Plan de Obras – Área de Servicio.,15_04_Comunic_Recibidas/2018/CI004_GP-8425_070101_CON_2895_SEGUI_AREA_SERVICIO.pdf
1500,17,CONCESIÓN ALTO MAGDALENA S.A.S.,ALMA-2018-0339,CONSORCIO 4C,GP-7029,23/01/2018,"Formatos GCSP-F-008-Informe Semestral Inversión de Capital Privado, segundo semestre de 2017.",15_04_Comunic_Recibidas/2018/CI004_GP-7029_070202_CON_0339_GCSP-F-008_2SEMEST.pdf
1502,1,CONCESIÓN ALTO MAGDALENA S.A.S.,ALMA-2018-3496,CONSORCIO 4C,GP-8786,06/09/2018,Entrega de un (1) expediente para aprobación de Ficha Predial y Estudio de Títulos.,15_04_Comunic_Recibidas/2018/CI004_GP-8786_070401_CON_3496_EXP_PREDIAL.pdf
1503,1,CONCESIÓN ALTO MAGDALENA S.A.S.,ALMA-2018-1920,CONSORCIO 4C,GP-7920,18/05/2018,Respuesta a su comunicación identificada con el consecutivo CI.004/GP4382/18/7.4.4 del 04 de mayo de 2018 (ALMA-R-2018-1468). - Observaciones Resolución de Expropiación UF2.,15_04_Comunic_Recibidas/2018/CI004_GP-7920_070404_CON_1920_EXP_EXPRO.pdf
1506,1,CONCESIÓN ALTO MAGDALENA S.A.S.,ALMA-2018-1079,CONSORCIO 4C,GP-8165,08/03/2018,Informe de Cumplimiento Ambiental N° 5. Expediente N° LAV0004-00-2016.,15_04_Comunic_Recibidas/2018/CI004_GP-8165_070108_CON_1079_INF_CUMPLIMI_AMB.pdf
1505,1,CONCESIÓN ALTO MAGDALENA S.A.S.,ALMA-2018-2804,CONSORCIO 4C,GP-8538,24/07/2018,Respuesta Oficio No. CI.004/GP4328/18/7.4.4 relacionado con la entrega de un (1) expediente de la Unidad Funcional 3 para revisión en la etapa de expropiación.,15_04_Comunic_Recibidas/2018/CI004_GP-8538_070404_CON_2804_EXP_EXPRO.pdf
1504,15,AGENCIA NACIONAL DE INFRAESTRUCTURA,2018-305-016209-1,CONSORCIO 4C,GP-7932,28/05/2018,Radicado ANI 2018-409-048767-2. Solicitud de Wilder Harol Arboleda - Concesión Alto Magdalena Y Consorcio 4C. Proyecto Girardot - Honda - Puerto Salgar. Contrato de Interventoría 145 de 2014 - Consorcio 4C.,15_04_Comunic_Recibidas/2018/CI004_GP-7932_070109_ANI_016209-1_SCTD_WARBOLEDA.pdf
1480,1,CONCESIÓN ALTO MAGDALENA S.A.S.,ALMA-2018-3312,CONSORCIO 4C,GP-8632,23/08/2018,Entrega de un expediente predial de la unidad funcional 5 para aprobación.,15_04_Comunic_Recibidas/2018/CI004_GP-8632_070401_CON_3312_EXP_PREDIAL.pdf
1507,1,CONCESIÓN ALTO MAGDALENA S.A.S.,ALMA-2018-2402,CONSORCIO 4C,GP-8137,20/06/2018,Su comunicación Cl.004/GP3593/17/7.1.3 – Radicado ALMA-R-2017-04432 del 21 de diciembre de 2017. Acta de Recorrido Verificación Cumplimiento Indicador E15 Puentes.,15_04_Comunic_Recibidas/2018/CI004_GP-8137_090300_CON_2402_ACTA_VERIFI_E15_PTES.pdf
1509,1,CONCESIÓN ALTO MAGDALENA S.A.S.,ALMA-2018-3655,CONSORCIO 4C,GP-8772,19/09/2018,"Respuesta a su comunicación, CI.004/GP4794/18/7.4.1 del 1 de julio de 2018 (Rad. Interno ALMA-R-2018-2236), Entrega de (1) expediente predial 3 para aprobación de ficha predial.",15_04_Comunic_Recibidas/2018/CI004_GP-8772_070401_CON_3655_EXP_PREDIAL.pdf
1513,4,CONCESIÓN ALTO MAGDALENA S.A.S.,ALMA-2018-4583,CONSORCIO 4C,GP-9323,04/12/2018,Respuesta comunicación CI.004/GP4179/17/7.3.4 (Rad. ALMA-R-2018-1087 - 3/04/2018). Seguridad Vial.,15_04_Comunic_Recibidas/2018/CI004_GP-9323_070304_CON_4583_SEG_VIAL.pdf
1511,1,CONCESIÓN ALTO MAGDALENA S.A.S.,ALMA-2018-0448,CONSORCIO 4C,GP-7088,29/01/2018,Entrega de Bitácoras de obra Puentes de Puerto Salgar y Guarino – UF 5.,15_04_Comunic_Recibidas/2018/CI004_GP-7088_070103_CON_0448_BITACOR_PTES_UF5.pdf
1514,1,CONCESIÓN ALTO MAGDALENA S.A.S.,ALMA-2018-4234,CONSORCIO 4C,GP-9151,08/11/2018,"Respuesta Auto GSC-ZC No. 001061 del 1 de Octubre de 2018, Notificado por Estado No 149 del 8 de octubre de 2018. Expediente: Autorización Temporal SAB-09421- “Rivera 2”.",15_04_Comunic_Recibidas/2018/CI004_GP-9151_070108_CON_4234_AUTO_TEMPO_SAB-09421.pdf
1510,3,CONCESIÓN ALTO MAGDALENA S.A.S.,ALMA-2018-2977,CONSORCIO 4C,GP-9096,31/07/2018,Informe sobre los criterios para contabilizar Ingresos y Egresos por Unidad Funcional.,15_04_Comunic_Recibidas/2018/CI004_GP-9096_070201_CON_2977_INF_INGRE_EGRE_JUN.pdf
1499,1,CONCESIÓN ALTO MAGDALENA S.A.S.,ALMA-2018-1566,CONSORCIO 4C,GP-7678,20/04/2018,Entrega de un (1) expediente de la Unidad Funcional 2 para revisión en la etapa de expropiación.,15_04_Comunic_Recibidas/2018/CI004_GP-7678_070404_CON_1566_EXP_EXPRO.pdf
1508,14,CONCESIÓN ALTO MAGDALENA S.A.S.,ALMA-2018-2050,CONSORCIO 4C,GP-7915,24/05/2018,Su comunicación CI.004/GP4112/18/7.1.3 - Radicado ALMA-R-2018-0970 del 22 de marzo de 2018. Seguimiento Calidad Estación de pesaje K9-UF2.,15_04_Comunic_Recibidas/2018/CI004_GP-7915_070103_CON_2050_SEGUI_PESAJ_K9.pdf
1512,17,CONCESIÓN ALTO MAGDALENA S.A.S.,ALMA-2017-5407,CONSORCIO 4C,GP-6859,28/12/2017,"Respuesta a sus comunicaciones con Rad 2017-305-032578-1 y radicado interno ALMA-R-2017-03596, y Rad 2017-705-037341-1. Observaciones Pólizas – Concesión Alto Magdalena S.A.S. (RC y Todo Riesgo). Remisión de las modificaciones a las pólizas de RC y Todo Riesgo en relación el Asegurado.",15_04_Comunic_Recibidas/2018/CI004_GP-6859_050300_CON_5407_OBS_POLIZAS_RC_TODORIESGO.pdf
1516,2,Agencia Nacional de Infraestructura,20183050360551,CONSORCIO 4C,GP-9029,29/10/2018,Instalación Peaje Brisas - Unidad Funcional 5 - Contrato de Concesión No 003 de 2014 - Girardot - Honda - Puerto Salgar.,15_04_Comunic_Recibidas/2018/CI004_GP-9029_050300_ANI_036055-1_PEAJE_BRISAS.pdf
1521,1,CONCESIÓN ALTO MAGDALENA S.A.S.,ALMA-2018-4412,CONSORCIO 4C,GP-9246,20/11/2018,Entrega del expediente ALMA-5-0270 para aprobación del Avalúo Comercial Corporativo.,15_04_Comunic_Recibidas/2018/CI004_GP-9246_070406_CON_4412_EXP_AVALUO.pdf
1515,1,CONCESIÓN ALTO MAGDALENA S.A.S.,ALMA-2018-0147,CONSORCIO 4C,GP-7023,11/01/2018,Entrega de un (1) expediente de la Unidad Funcional 3 para revisión en la etapa de expropiación.,15_04_Comunic_Recibidas/2018/CI004_GP-7023_070404_CON_0147_EXPD_EXPROP.pdf
1522,1,CONCESIÓN ALTO MAGDALENA S.A.S.,ALMA-2018-0035,CONSORCIO 4C,GP-6889,04/01/2018,Su comunicación Cl.004/GP1452/16/7.1.3 - Radicado ALMA-R-2016-03010 del 15 de noviembre de 2017. Observaciones a las modificaciones de los diseños Hidráulicos para el manejo de aguas de escorrentía superficial entre el K47+750 y K47+840 – Unidad Funcional 3.,15_04_Comunic_Recibidas/2018/CI004_GP-6889_070107_CON_0035_OBS_DISÑ_K47.pdf
1518,1,CONCESIÓN ALTO MAGDALENA S.A.S.,ALMA-2018-3365,CONSORCIO 4C,GP-8634,28/08/2018,Entrega de un expediente predial de la unidad funcional 5 para aprobación.,15_04_Comunic_Recibidas/2018/CI004_GP-8634_070401_CON_3365_EXP_PREDIAL.pdf
1519,19,CONCESIÓN ALTO MAGDALENA S.A.S.,ALMA-2018-0226,CONSORCIO 4C,GP-6974,16/01/2018,Remisión pólizas del contrato de la referencia de acuerdo a lo previsto en el literal (b) del numeral 12.9 de la Parte General.,15_04_Comunic_Recibidas/2018/CI004_GP-6974_050300_CON_0226_POLIZ_CONTRAT.pdf
1517,1,CONCESIÓN ALTO MAGDALENA S.A.S.,ALMA-2018-0038,CONSORCIO 4C,GP-6878,04/01/2018,Entrega de CUATRO (4) expedientes prediales de la unidad funcional 5 para aprobación.,15_04_Comunic_Recibidas/2018/CI004_GP-6878_070401_CON_0038_EXP_PREDIAL.pdf
1523,7,CONCESIÓN ALTO MAGDALENA S.A.S.,ALMA-2018-1102,CONSORCIO 4C,GP-7741,12/03/2018,"Respuesta a su comunicado CI.004/GP4012/18/7.3.3, con radicado de concesión ALMA-R-2018-0803. Medición Niveles de Servicio Febrero de 2018.",15_04_Comunic_Recibidas/2018/CI004_GP-7741_070303_CON_1102_OBS_NIVEL_SERV.pdf
1520,1,AGENCIA NACIONAL DE INFRAESTRUCTURA,20183050216131,CONSORCIO 4C,GP-8277,12/07/2018,Envió de circular 20184090000224 Plan de seguridad en Carreteras Nacionales PSCN- Alcance Convenio Interinstitucional de Cooperación 1056 de 2006. Proyecto Girardot Honda Puerto Salgar. Concesión Alto Magdalena.,15_04_Comunic_Recibidas/2018/CI004_GP-8277_070304_ANI_021613-1_PLAN_SEG_PSCN.pdf
1524,2,CONCESIÓN ALTO MAGDALENA S.A.S.,ALMA-2018-2036,CONSORCIO 4C,GP-7903,25/05/2018,Notificación Entrega Intervenciones Centros Poblados Unidad Funcional 2 del Proyecto.,15_04_Comunic_Recibidas/2018/CI004_GP-7903_090300_CON_2036_ENTREG_CTROS_POBLA.pdf
1527,7,CONCESIÓN ALTO MAGDALENA S.A.S.,CI004/GP4190/18/7.1.15,CONSORCIO 4C,GP-7404,06/03/2018,Solicitud autorización intervención de obras de redes de acueducto y alcantarillado puerto Bogotá,15_04_Comunic_Recibidas/2018/CI004_GP-7404_070115_CON_1019_SCTD_REDES_GUADUAS.pdf
1525,1,CONCESIÓN ALTO MAGDALENA S.A.S.,ALMA-2018-2434,CONSORCIO 4C,GP-8174,25/06/2018,Respuesta a comunicado CI.004/GP4687/18/7.1.9 con radicado interno ALMA-R-2018-1997 del 21 de junio del 2018 identificado como PQRS UF4 2018 479 del 08 de junio del 2018 - Pago del 20% del predio de la Sra. Sandra Patiño.,15_04_Comunic_Recibidas/2018/CI004_GP-8174_070109_CON_2434_PAG_PREDIO_SPATIÑO.pdf
1526,1,AGENCIA NACIONAL DE INFRAESTRUCTURA,2018-305-014664-1,CONSORCIO 4C,GP-7826,15/05/2018,Oficio radicado ANI 2018-409-044083-2. Seguimiento Calidad Procesos Constructivos Material Granular de Mejoramiento K5+800 – UF 5.4. Proyecto Girardot – Honda – Puerto Salgar. Contrato de Concesión 003 de 2014 – Concesión Alto Magdalena S.A.S.,15_04_Comunic_Recibidas/2018/CI004_GP-7826_070103_ANI_014664-1_SEG_MATER_GRANUL_UF5.4.pdf
1531,1,CONCESIÓN ALTO MAGDALENA S.A.S.,ALMA-2018-1199,CONSORCIO 4C,GP-7746,20/03/2018,"Respuesta a su Oficio No. CI.004/GP3977/18/7.4.4, relacionado con la entrega de un (1) expediente de la Unidad Funcional 2 para revisión en la etapa de expropiación.",15_04_Comunic_Recibidas/2018/CI004_GP-7746_070404_CON_1199_EXP_EXPRO.pdf
1529,2,CONCESIÓN ALTO MAGDALENA S.A.S.,ALMA-2018-1051,CONSORCIO 4C,GP-7382,06/03/2018,"Remitir copia autentica de la Resolución 317 del 22 de febrero de 2018, “Por medio de la cual se modifica la Resolución N° 1876 del 16 de noviembre de 2016 proferida por el Vicepresidente de Planeación, Riesgos y Entorno de la Agencia nacional de Infraestructura, con el fin de efectuar un ajuste de franja de terreno del proyecto vial Girardot- Honda- Puerto Salgar, en cumplimiento del Artículo 58 literal e) de la Ley 388 de 1997referente a la declaratoria de utilidad pública e interés social”, para su conocimiento.",15_04_Comunic_Recibidas/2018/CI004_GP-7382_050300_CON_1051_RESOL_N°317.pdf
1532,2,CONCESIÓN ALTO MAGDALENA S.A.S.,ALMA-2018-2177,CONSORCIO 4C,GP-8102,30/05/2018,Solicitud de información de afectación de predios por encontrarse en áreas macrofocalizadas y/o microfocalizadas por la Unidad Administrativa Especial de Gestión de Restitución de Tierras Despojadas.,15_04_Comunic_Recibidas/2018/CI004_GP-8102_070401_CON_2177_AFECTA_PREDIOS.pdf
1528,2,CONCESIÓN ALTO MAGDALENA S.A.S.,ALMA-2018-3293,CONSORCIO 4C,GP-8600,22/08/2018,Comunicación CI.004/GP4770/18/7.1.7 - Radicado ALMA-R-2018-2166 del 05 de julio de 2018. Revisión Diseño Pesaje UF5.4.,15_04_Comunic_Recibidas/2018/CI004_GP-8600_070107_CON_3293_DISÑ_PESAJ_UF5.4.pdf
1533,1,CONCESIÓN ALTO MAGDALENA S.A.S.,ALMA-2018-2331,CONSORCIO 4C,GP-8774,21/09/2018,Entrega de un (1) expediente de la Unidad Funcional 4 para revisión en la etapa de expropiación.,15_04_Comunic_Recibidas/2018/CI004_GP-8774_070404_CON_2331_EXP_EXPRO.pdf
1534,1,CONCESIÓN ALTO MAGDALENA S.A.S.,ALMA-2018-2064,CONSORCIO 4C,GP-8099,25/05/2018,"Respuesta al oficio Cl.004/GP4409/18/7.4.1 de fecha 9 de mayo de 2018, (Rad. Interno ALMA-R-2018-1506 de fecha 10 de mayo de 2018); Entrega de DOS (2) expedientes para aprobación.",15_04_Comunic_Recibidas/2018/CI004_GP-8099_070401_CON_2064_EXP_PREDIAL.pdf
1537,3,CONCESIÓN ALTO MAGDALENA S.A.S.,ALMA-2018-0052,CONSORCIO 4C,GP-6899,05/01/2018,Respuesta a comunicaciones de Ocupación de Cauce Unidad Funcional 2.,15_04_Comunic_Recibidas/2018/CI004_GP-6899_070107-070108_CON_0052_OCUP_CAUCE_UF2.pdf
1535,5,AGENCIA NACIONAL DE INFRAESTRUCTURA,20183050402951,CONSORCIO 4C,GP-9302,04/12/2018,Remisión Observaciones pólizas de interventoría Consorcio 4C Rad. 20184091198492 de 16/11/2018 Contrato de Concesión No. 003 de 2014 Proyecto Girardot Honda Puerto Salgar. Alto Magdalena SAS.,15_04_Comunic_Recibidas/2018/CI004_GP-9302_010000_ANI_040295-1_OBS_POLIZAS_INTERV.pdf
1536,1,CONCESIÓN ALTO MAGDALENA S.A.S.,ALMA-2018-0730,CONSORCIO 4C,GP-7557,14/02/2018,Entrega de un (1) expediente para aprobación de Actualización de Estudio de Títulos.,15_04_Comunic_Recibidas/2018/CI004_GP-7557_070401_CON_0730_EXP_PREDIAL.pdf
1530,2,CONCESIÓN ALTO MAGDALENA S.A.S.,ALMA-2018-3773,CONSORCIO 4C,GP-8837,27/09/2018,Respuesta a la comunicación CI.004/GP4627/18/7.1.9 del 14 de junio de 2018 (Radicado interno ALMA-R-2018-1912). Plan de Reasentamiento.,15_04_Comunic_Recibidas/2018/CI004_GP-8837_070109_CON_3773_PLAN_REASENT.pdf
1539,1,CONCESIÓN ALTO MAGDALENA S.A.S.,ALMA-2018-2773,CONSORCIO 4C,GP-8377,23/07/2018,Respuesta a su comunicación CI.004/GP2708/17/7.1.8 del 26 de julio de 2017. (Radicado interno ALMA-R-2017-02472 del 27 de julio de 2017). Seguimiento Permisos Ocupación Cauce UF 3.,15_04_Comunic_Recibidas/2018/CI004_GP-8377_070108_CON_2773_PERMIS_OCUPA_CAUCE_UF3.pdf
1538,10,CONCESIÓN ALTO MAGDALENA S.A.S.,ALMA-2018-4463,CONSORCIO 4C,GP-9286,27/11/2018,Respuesta comunicaciones CI.004/GP4955/18/9.3 del 08 de agosto de 2018 (Radicado ALMA-R-2018-2507) y CI.004/GP5532/18/5.3 del 08 de noviembre de 2018 (Radicado ALMA-R-2018-3521). Listado de Correcciones y Complementos UF2.,15_04_Comunic_Recibidas/2018/CI004_GP-9286_090300_CON_4463_PDTES_UF2.pdf
1540,1,CONCESIÓN ALTO MAGDALENA S.A.S.,ALMA-2018-3092,CONSORCIO 4C,GP-8529,10/08/2018,Presentación de los formatos establecidos en el Numeral 4.5 Literal (u) Parte general del Contrato.,15_04_Comunic_Recibidas/2018/CI004_GP-8529_070201_CON_3092_FOR_GCSP-F009_JUL.pdf
1544,2,CONCESIÓN ALTO MAGDALENA S.A.S.,ALMA-2018-0954,CONSORCIO 4C,GP-7366,28/02/2018,Respuesta a su comunicación CI.004/GP3831/18/7.4.1 del 31 de enero de 2018 (Rad. Interno 0419 del 1 de febrero de 2018); comunicación CI.004/GP3928/18/7.4.1 del 19 de febrero de 2018 (Rad. Interno 0630 del 21 de febrero de 2018); Entrega de siete (7) expedientes prediales de la unidad funcional 5 para aprobación.,15_04_Comunic_Recibidas/2018/CI004_GP-7366_070401_CON_0954_EXP_PREDIAL.pdf
1543,3,Agencia Nacional de Infraestructura,20183050268841,CONSORCIO 4C,GP-8571,17/08/2018,Verificación PQR - Alba Gutierrez - Afectación espacio público Comunicación con radicado ANI No 20184090829382 - Contrato de Concesión No 003 de 2014. Concesión Girardot - Honda - Puerto Salgar.,15_04_Comunic_Recibidas/2018/CI004_GP-8571_070109_ANI_026884-1_PQR_AGUTIERREZ.pdf
1542,1,CONCESIÓN ALTO MAGDALENA S.A.S.,ALMA-2018-3121,CONSORCIO 4C,GP-8521,13/08/2018,Respuesta a comunicación CI.004/GP4684/18/7.4.1 del 20 de junio de 2018. (Rad. Interno ALMA-R-2018-1993).,15_04_Comunic_Recibidas/2018/CI004_GP-8521_070406_CON_3121_ESTAD_GEST_PREDIAL.pdf
1545,1,CONCESIÓN ALTO MAGDALENA S.A.S.,ALMA-2018-2655,CONSORCIO 4C,GP-8310,11/07/2018,Alcance comunicación ALMA-2018-2527. Actualización Estructura de Pavimento Estaciones de Peaje y Pesaje Las Brisas – Unidad Funcional 5.4.,15_04_Comunic_Recibidas/2018/CI004_GP-8310_070107_CON_2655_PAVI_PEAJE_PESAJ_UF5.4.pdf
1550,1,CONCESIÓN ALTO MAGDALENA S.A.S.,ALMA-2018-2730,CONSORCIO 4C,GP-9000,17/07/2018,Entrega de un (1) expediente para aprobación del Avalúo Comercial Corporativo de la unidad funcional 3.,15_04_Comunic_Recibidas/2018/CI004_GP-9000_070406_CON_2730_EXP_AVALUO.pdf
1549,1,CONCESIÓN ALTO MAGDALENA S.A.S.,ALMA-2018-2308,CONSORCIO 4C,GP-8033,13/06/2018,Solicitud de Certificación contrato de Concesión bajo el esquema APP No. 003 de 9 de Septiembre de 2014,15_04_Comunic_Recibidas/2018/CI004_GP-8033_070401_CON_2308_CERT_CONT_APP-003.pdf
1548,3,CONCESIÓN ALTO MAGDALENA S.A.S.,ALMA-2018-4142,CONSORCIO 4C,GP-9019,29/10/2018,"Respuesta a su oficio CI.004/GP5382/18/7.1.9 del 17 de octubre de 2018, recibidos mediante los consecutivo ALMA-R-2018-3234. Cargue información SICC - Autoevaluación.",15_04_Comunic_Recibidas/2018/CI004_GP-9019_070109_CON_4142_CARG_INFO_SICC.pdf
1541,1,AGENCIA NACIONAL DE INFRAESTRUCTURA,2018-305-007380-1,CONSORCIO 4C,GP-7345,08/03/2018,Solicitud informe detallado de incidente en el proceso de Izaje de las vigas correspondientes al Puente sobre el Rio Magdalena en la Unidad Funcional 5.4 - Contrato de Concesión No 003 de 2014 - Girardot - Honda - Puerto Salgar.,15_04_Comunic_Recibidas/2018/CI004_GP-7345_070103_ANI_007380-1_COLAPSO_VIGA_UF5.4.pdf
1547,2,CONCESIÓN ALTO MAGDALENA S.A.S.,ALMA-2018-3933,CONSORCIO 4C,GP-8923,09/10/2018,Respuesta comunicación CI.004/GP5203/18/7.1.10 del 23 de septiembre (Radicado ALMA-R-2018-2937) Transporte Fluvial Purnio.,15_04_Comunic_Recibidas/2018/CI004_GP-8923_070110_CON_3933_TRANSP_FLUVI_PURNIO.pdf
1551,1,CONCESIÓN ALTO MAGDALENA S.A.S.,ALMA-2018-2628,CONSORCIO 4C,GP-8271,11/07/2018,Respuesta Oficio No. CI.004/GP4697/18/7.4.4 entrega de un (1) expediente de la Unidad Funcional 4 para revisión en la etapa de expropiación.,15_04_Comunic_Recibidas/2018/CI004_GP-8271_070404_CON_2628_EXP_EXPRO.pdf
1546,2,CONCESIÓN ALTO MAGDALENA S.A.S.,ALMA-2018-4060,CONSORCIO 4C,GP-9112,22/10/2018,Envío Formulario de liquidación y declaración de regalías tercer trimestre año 2018. Expediente: Autorización Temporal SCV-09031- “Caicedo”.,15_04_Comunic_Recibidas/2018/CI004_GP-9112_070108_CON_4060_FOR_REGALIAS_EXP_SCV-09031.pdf
1552,1,CONCESIÓN ALTO MAGDALENA S.A.S.,ALMA-2018-2589,CONSORCIO 4C,GP-8247,05/07/2018,Respuesta a la comunicación CI.004/GP4463/18/7.1.8 del 19 de mayo de 2018 (Radicado interno ALMA-R-2018-1605 del 21 de mayo de 2018). Recomendaciones Manejo Recursos Subcuenta Compensaciones Ambientales.,15_04_Comunic_Recibidas/2018/CI004_GP-8247_070108_CON_2589_COMPENSA_AMB.pdf
1554,1,CONCESIÓN ALTO MAGDALENA S.A.S.,ALMA-2018-0428,CONSORCIO 4C,GP-7093,29/01/2018,Respuesta a su comunicación CI.004/GP3625/17/7.4.1 del 22 de diciembre de 2017 (Rad. Interno 04469 del 26 de diciembre de 2017); Entrega de un (1) expediente predial de la unidad funcional 4 para aprobación.,15_04_Comunic_Recibidas/2018/CI004_GP-7093_070401_CON_0428_EXP_PREDIAL.pdf
1556,1,CONCESIÓN ALTO MAGDALENA S.A.S.,ALMA-2018-3244,CONSORCIO 4C,GP-8630,17/08/2018,Entrega de un expediente predial de la unidad funcional 5 para aprobación.,15_04_Comunic_Recibidas/2018/CI004_GP-8630_070401_CON_3244_EXP_PREDIAL.pdf
1553,1,CONCESIÓN ALTO MAGDALENA S.A.S.,ALMA-2018-2124,CONSORCIO 4C,GP-7955,30/05/2018,Entrega de expediente predial de la unidad funcional 3 para revisión del componente Social.,15_04_Comunic_Recibidas/2018/CI004_GP-7955_070402_CON_2124_EXP_SOCIAL.pdf
1557,1,CONCESIÓN ALTO MAGDALENA S.A.S.,ALMA-2018-4345,CONSORCIO 4C,GP-9202,19/11/2018,Respuesta a su comunicación CI.004/GP5391/18/7.1.15 de 17 de octubre de 2018 con radicado ALMA-R-2018-3242 Informe Inventario de Redes,15_04_Comunic_Recibidas/2018/CI004_GP-9202_070115_CON_4345_INF_INVENT_REDES.pdf
1559,1,Fiduciaria Bogotá,CSSA2018021743,CONSORCIO 4C,GP-8465,24/07/2018,RENDICION DE CUENTAS I SEMESTRE DE 2018 3-1-63664 PA ALTO MAGADALENA,15_04_Comunic_Recibidas/2018/CI004_GP-8465_070202_FBTA_021743_CTAS_ISEMESTRE-18.pdf
1563,7,CONCESIÓN ALTO MAGDALENA S.A.S.,ALMA-2018-0344,CONSORCIO 4C,GP-7037,23/01/2018,Respuesta a Comunicado CI.004/GP3401/17/7.1.8 del 08 de noviembre de 2017 (Radicado Interno No. ALMA-R-2017-3950 del 09 de noviembre de 2017). Incumplimiento Obligaciones PAGA UF2.,15_04_Comunic_Recibidas/2018/CI004_GP-7037_070108_CON_0344_INCUM_PAGA_UF2.pdf
1561,1,CONCESIÓN ALTO MAGDALENA S.A.S.,ALMA-2018-3937,CONSORCIO 4C,GP-8960,10/10/2018,Alcance a nuestra comunicación ALMA-2018-3424. Cumplimiento del artículo décimo de la Resolución N° 0016 de 2016.,15_04_Comunic_Recibidas/2018/CI004_GP-8960_070108_CON_3937_ART_10_RESOL_0016.pdf
1562,1,CONCESIÓN ALTO MAGDALENA S.A.S.,ALMA-2018-0047,CONSORCIO 4C,GP-6873,04/01/2018,Respuesta a solicitud identificada como PQRS-UF5-2017-314 del 13 de diciembre de 2017 - Cancelación de recurso económico por concepto de revisión de diseños eléctricos de alumbrado Público en diferentes puntos del corredor vial.,15_04_Comunic_Recibidas/2018/CI004_GP-6873_070109-070110_CON_0047_PQRS_JRESTREPO.pdf
1555,1,CONCESIÓN ALTO MAGDALENA S.A.S.,ALMA-2018-4101,CONSORCIO 4C,GP-9033,25/10/2018,"Respuesta comunicación CI.004/GP5024/18/7.1.3 del 22 de agosto de 2018 (Radicado ALMA-R-2018-2633). Hallazgos en el tablero construido sobre la estructura metálica del ""Puente Guarinó"" UF 5.2.",15_04_Comunic_Recibidas/2018/CI004_GP-9033_070103_CON_4101_HALLAZ_TABLERO_PTE_GUARINO.pdf
1558,20,CONCESIÓN ALTO MAGDALENA S.A.S.,ALMA-2018-1556,CONSORCIO 4C,GP-7661,19/04/2018,Respuesta a oficio ANI No. 2018-305-009798-1 de 02 de Abril de 2018. Radicado interno ALMA-R-2018-1098 de 05 de abril de 2018 identificado como PQRS-UF3-2018-198. - Traslado de Queja Martha Macia Núñez.,15_04_Comunic_Recibidas/2018/CI004_GP-7661_070109_CON_1556_PQRS_MMACIA.pdf
1566,2,CONCESIÓN ALTO MAGDALENA S.A.S.,ALMA-2018-2642,CONSORCIO 4C,GP-8309,11/07/2018,Respuesta comunicaciones CI.004/4584/18/7.1.7 - Radicado ALMA-R-2018-1836 del 06 de junio de 2018 y CI.004/GP4585/18/7.1.7 Radicado ALMA-R-2018-1837 del 06 de junio de 2018. Afectación PTAP K31+900-UF2 y Concepto Afectación PTAR K31+900 - UF2.,15_04_Comunic_Recibidas/2018/CI004_GP-8309_070107_CON_2642_AFECT_PTAP_K31.pdf
1564,10,CONCESIÓN ALTO MAGDALENA S.A.S.,ALMA-2018-2838,CONSORCIO 4C,GP-8381,17/07/2018,Entrega medición del programa de Apoyo a la Capacidad de Gestión Institucional.,15_04_Comunic_Recibidas/2018/CI004_GP-8381_070109_CON_2838_PROG_CAPACID_GEST_INSTITU.pdf
1565,7,CONCESIÓN ALTO MAGDALENA S.A.S.,ALMA-2018-2324,CONSORCIO 4C,GP-8053,13/06/2018,"Respuesta oficio CI.004/GP4582/18/5.3 (ALMA-R-2018-1834) - 06 de junio de 2018. Solicitud de No Objeción Plazo de Cura Incumplimiento Seguridad Vial Interconexión Girardot, Flandes y Chicoral.",15_04_Comunic_Recibidas/2018/CI004_GP-8053_050300_CON_2324_PLAZO_CURA_SEG_VIAL.pdf
1568,2,CONCESIÓN ALTO MAGDALENA S.A.S.,ALMA-2018-1521,CONSORCIO 4C,GP-7651,16/04/2018,"Respuesta a su comunicado CI.004/GP3939/18/7.3.1, con radicado de concesión ALMA – R – 2018 - 0645. Tarifas Peaje Cambao, y comunicado CI.004 / GP4182 / 18 / 7.3.1, con radicado de concesión ALMA-R-2018-1102. Clasificación Tarifaria peaje Cambao.",15_04_Comunic_Recibidas/2018/CI004_GP-7651_070301_CON_1521_CLASIF_TARIF_PEAJE.pdf
1560,11,CONCESIÓN ALTO MAGDALENA S.A.S.,ALMA-2018-4265,CONSORCIO 4C,GP-9339,13/11/2018,Remisión Acta VPIP de Septiembre- Octubre 2018,15_04_Comunic_Recibidas/2018/CI004_GP-9339_070208_CON_4265_ACTA_VPIP_SEP-OCT.pdf
1567,1,CONCESIÓN ALTO MAGDALENA S.A.S.,ALMA-2018-2908,CONSORCIO 4C,GP-8432,30/07/2018,"Respuesta a comunicación oficio No. CI.004/GP4772718/7.1.9 del 05 de julio de 2018. Radicado interno ALMA-R-2018-2168 del 05 de Julio de 2018, identificado como PQRS-UF2-2018-325 - Solicitud programación visita recorrido en el sector Condominio Entreverdes del Municipio de Nariño.",15_04_Comunic_Recibidas/2018/CI004_GP-8432_070109_CON_2908_PQRS_COND_ENTREVERDES.pdf
1572,4,CONCESIÓN ALTO MAGDALENA S.A.S.,ALMA-2018-0253,CONSORCIO 4C,GP-6973,16/01/2018,Respuesta a su comunicación Cl.004/GP3675/18/7.3.1 con Radicado ALMA-R-2018-0053. Solicitud Boletería Contingencia.,15_04_Comunic_Recibidas/2018/CI004_GP-6973_070301_CON_0253_BOLETERIA_CONTING.pdf
1569,4,CONCESIÓN ALTO MAGDALENA S.A.S.,ALMA-2018-3760,CONSORCIO 4C,GP-8799,26/09/2018,Relación atención de pendientes identificados en Comité Técnico del día 24 de septiembre de 2018.,15_04_Comunic_Recibidas/2018/CI004_GP-8799_090300_CON_3760_PDTES_COMITE_24-SEP-18.pdf
1570,2,CONCESIÓN ALTO MAGDALENA S.A.S.,ALMA-2018-4119,CONSORCIO 4C,GP-9040,26/10/2018,Respuesta comunicación CI.004/GP4897/18/7.1.8 del 26 de julio de 2018 (Radicado interno ALMA-R-2018-2389). Seguimiento Actividades Constructivas Glorieta Purnio UF 5.4 / Respuesta ALMA-2018-2573.,15_04_Comunic_Recibidas/2018/CI004_GP-9040_070108_CON_4119_SEGUI_GLORIET_PURNIO.pdf
1571,7,CONCESIÓN ALTO MAGDALENA S.A.S.,ALMA-2018-4316,CONSORCIO 4C,GP-9133,15/11/2018,Informe semanal Avance Gestión Predial Unidad Funcional 4 - Evento Eximente de Responsabilidad.,15_04_Comunic_Recibidas/2018/CI004_GP-9133_070401_CON_4316_INF_PREDIAL_EER_UF4.pdf
1576,2,CONCESIÓN ALTO MAGDALENA S.A.S.,ALMA-2018-0046,CONSORCIO 4C,GP-6872,04/01/2018,Respuesta a su comunicación CI.004/GP03564/15/17/7.1.9 del 12 de diciembre de 2017 (Rad. Interno ALMA-R- 2017-04336) identificado como PQRS UF4 2017 387 – Atención solicitud caso Jaime Méndez Romero,15_04_Comunic_Recibidas/2018/CI004_GP-6872_070401_CON_0046_RTA_JMENDEZ.pdf
1579,12,CONCESIÓN ALTO MAGDALENA S.A.S.,ALMA-2018-2475,CONSORCIO 4C,GP-8183,25/06/2018,"Notificación Evento Eximente de Responsabilidad como consecuencia de la NO integración del predio “Hacienda Cabo Verde” ALMA-4-0035 (expediente predial) al patrimonio de la Agencia Nacional de Tierras-ANT-, su posterior adjudicación a las Entidades de Derecho Público conforme el Decreto 902 de 2017 y la NO adjudicación del Derecho de Vía conforme al Decreto 2770 de 1953 y la Ley 1228 de 2008; para continuar con los trámites de enajenación voluntaria y/o iniciar los trámites de expropiación judicial dentro de los tiempos estipulados por la Ley Aplicable.",15_04_Comunic_Recibidas/2018/CI004_GP-8183_050300_CON_2475_EER_PREDIO_UF4.pdf
1574,1,CONCESIÓN ALTO MAGDALENA S.A.S.,ALMA-2018-1416,CONSORCIO 4C,GP-7590,11/04/2018,Entrega de un (1) expediente para aprobación del Avalúo Comercial Corporativo de la unidad funcional 3.,15_04_Comunic_Recibidas/2018/CI004_GP-7590_070401_CON_1416_EXP_AVALUO.pdf
1580,1,CONCESIÓN ALTO MAGDALENA S.A.S.,ALMA-2018-0343,CONSORCIO 4C,GP-7036,23/01/2018,Respuesta a Comunicado CI.004/GP3657/18/7:1.8 del 03 de enero de 2018 (Rad. Interno ALMA-R-2018-0018 del 03 de enero de 2018). Pendientes Cierre Ambiental Parcial UF 4,15_04_Comunic_Recibidas/2018/CI004_GP-7036_070108_CON_0343_PDT_CIER_AMB.pdf
1575,25,CONCESIÓN ALTO MAGDALENA S.A.S.,ALMA-2018-2486,CONSORCIO 4C,GP-8190,26/06/2018,Respuesta a su comunicación CI.004/GP3378/17/7.1.7-7.1.8 del 07 de noviembre de 2017 (Rad. Interno ALMA-R-2017-03925 del 7 de noviembre de 2017) Revisión Ocupación de Cauce Box K67+606 UF3 Comunicación ALMA-2017-1520.,15_04_Comunic_Recibidas/2018/CI004_GP-8190_070108-070107_CON_2486_REV_BOX_K67.pdf
1578,1,CONCESIÓN ALTO MAGDALENA S.A.S.,ALMA-2018-0161,CONSORCIO 4C,GP-7011,12/01/2018,Entrega de un (1) expediente de la Unidad Funcional 4 para revisión en la etapa de expropiación.,15_04_Comunic_Recibidas/2018/CI004_GP-7011_070404_CON_0161_EXP_EXPROP.pdf
1573,1,AGENCIA NACIONAL DE INFRAESTRUCTURA,2018-305-035933-1,CONSORCIO 4C,GP-9024,26/10/2018,Respuesta al oficio con radicado ANI No. 20184091068152 - Solicitud Prorroga Fase de Construcción - Contrato de interventoría No 145 de 2014 - Consorcio 4C.,15_04_Comunic_Recibidas/2018/CI004_GP-9024_010400_ANI_035933-1_PRORROG_CONSTRU.pdf
1577,3,Agencia Nacional de Infraestructura,20183050302291,CONSORCIO 4C,GP-8723,12/09/2018,"Cumplimiento al numeral 6.3.4 Iluminación del Apéndice Técnico 2 del Contrato de Concesión. - Proyecto Girardot - Honda - Puerto Salgar, Contrato de Concesión 003 de 2014. Alto Magdalena S.A.S.",15_04_Comunic_Recibidas/2018/CI004_GP-8723_070103_ANI_030229-1_ILUMINACION_CAMBAO.pdf
1581,1,Superintendencia de Puertos y Transporte,20187100294721,CONSORCIO 4C,GP-7485,20/03/2018,"CVN31. Concesión Alto Magdalena S.A.S., Inspección General Objetiva",15_04_Comunic_Recibidas/2018/CI004_GP-7485_070600_SUPERTRANS_294721_INSP_GNRAL.pdf
1582,1,CONCESIÓN ALTO MAGDALENA S.A.S.,ALMA-2018-1773,CONSORCIO 4C,GP-8330,04/05/2018,Entrega de un (1) expediente de la Unidad Funcional 4 para revisión en la etapa de expropiación.,15_04_Comunic_Recibidas/2018/CI004_GP-8330_070404_CON_1773_EXP_EXPRO.pdf
1584,1,CONCESIÓN ALTO MAGDALENA S.A.S.,ALMA-2018-0648,CONSORCIO 4C,GP-7187,08/02/2018,Entrega de un (1) expediente para aprobación del Avalúo Comercial Corporativo de la unidad funcional 3.,15_04_Comunic_Recibidas/2018/CI004_GP-7187_070401_CON_0648_EXP_AVALUO_UF3.pdf
1586,1,CONCESIÓN ALTO MAGDALENA S.A.S.,ALMA-2018-2231,CONSORCIO 4C,GP-8078,08/06/2018,Respuesta a su comunicación CI.004/GP4530/18/7.1.9 Radicado interno ALMA-R-2018-1726. Incumplimiento entrega Boletín Trimestral N°13,15_04_Comunic_Recibidas/2018/CI004_GP-8078_070109_CON_2231_INCUMP_BOLETIN_N°13.pdf
1585,1,CONCESIÓN ALTO MAGDALENA S.A.S.,ALMA-2018-2945,CONSORCIO 4C,GP-8954,31/07/2018,Entrega de un (1) expediente para aprobación del Avalúo Comercial Corporativo.,15_04_Comunic_Recibidas/2018/CI004_GP-8954_070406_CON_2945_EXP_AVALUO.pdf
1588,3,CONCESIÓN ALTO MAGDALENA S.A.S.,ALMA-2018-3975,CONSORCIO 4C,GP-8969,12/10/2018,"Entrega soportes Pagos de Seguridad Social agosto de 2018 y Pago de Salarios julio de 2018, e ingreso de personal.",15_04_Comunic_Recibidas/2018/CI004_GP-8969_070110_CON_3975_PAG_SEGYSAL_AGO_JUL.pdf
1587,2,CONCESIÓN ALTO MAGDALENA S.A.S.,ALMA-2018-2440,CONSORCIO 4C,GP-8290,26/06/2018,Entrega de expediente predial de la unidad funcional 3 para revisión del componente Social.,15_04_Comunic_Recibidas/2018/CI004_GP-8290_070402_CON_2440_EXP_SOCIAL.pdf
1592,1,AGENCIA NACIONAL DE INFRAESTRUCTURA,2018-305-009798-1,CONSORCIO 4C,GP-7533,02/04/2018,Traslado de Queja con radicado ANI No 20184090302502- Queja Martha Macia Núñez - Contrato de Concesión No 003 de 2014 - Girardot - Honda - Puerto Salgar.,15_04_Comunic_Recibidas/2018/CI004_GP-7533_070109_ANI_009798-1_QUEJA_MMACIA.pdf
1591,1,CONCESIÓN ALTO MAGDALENA S.A.S.,ALMA-2018-4633,CONSORCIO 4C,GP-9306,07/12/2018,Presentación perito para no objeción e inclusión en Lonja de profesionales Avaluadores - Lonja de Propiedad Raíz (LONPA).,15_04_Comunic_Recibidas/2018/CI004_GP-9306_070401_CON_4633_AVALUADOR_LONPA.pdf
1589,1,CONCESIÓN ALTO MAGDALENA S.A.S.,ALMA-2018-3276,CONSORCIO 4C,GP-8573,22/08/2018,Entrega de la Sabana Predial y Tira topográfica.,15_04_Comunic_Recibidas/2018/CI004_GP-8573_070401_CON_3276_SABAN_PREDIAL.pdf
1583,1,CONCESIÓN ALTO MAGDALENA S.A.S.,ALMA-2018-3882,CONSORCIO 4C,GP-8929,08/10/2018,Entrega de (1) expediente predial ALMA-3-0122 para aprobación de ficha predial.,15_04_Comunic_Recibidas/2018/CI004_GP-8929_070401_CON_3882_EXP_PREDIAL.pdf
1594,2,CONCESIÓN ALTO MAGDALENA S.A.S.,ALMA-2018-0854,CONSORCIO 4C,GP-7269,23/02/2018,Respuesta a su comunicación identificada con el consecutivo interno PQRS-UF1-2018-069 del 07 de febrero de 2018.,15_04_Comunic_Recibidas/2018/CI004_GP-7269_070109_CON_0854_PQRS_DHERNANDEZ.pdf
1590,1,CONCESIÓN ALTO MAGDALENA S.A.S.,ALMA-2018-2376,CONSORCIO 4C,GP-8116,20/06/2018,Su comunicación 2018-305-017986-1 fechada el 13 de junio de 2018 – Radicado ALMA-R-2018-1980 del 20 de junio de 2018. Derrumbe PR5+600 UF2 – Proyecto Girardot – Honda – Puerto Salgar.,15_04_Comunic_Recibidas/2018/CI004_GP-8116_070107-070104_CON_2376_DERRUMBE_PR5.pdf
1596,2,CONCESIÓN ALTO MAGDALENA S.A.S.,ALMA-2017-5417,CONSORCIO 4C,GP-6853,29/12/2017,Respuesta a comunicación CI.004/GP3538/17/7.1.9 del 6 de diciembre de 2017 (Rad. Interno ALMA- R-2017-04282) identificada como PQRS U5 2017 306- Atención solicitud Wilder Arboleda.,15_04_Comunic_Recibidas/2018/CI004_GP-6853_070109_CON_5417_PQRS_WILDER_ARBOLEDA.pdf
1593,1,CONCESIÓN ALTO MAGDALENA S.A.S.,ALMA-2018-4383,CONSORCIO 4C,GP-9207,19/11/2018,Respuesta comunicación 20183050302581 fechada el 12 de septiembre de 2018 (Radicado ALMA-R-2018-2918). Seguimiento procesos constructivos pilote 2 del puente 7 K13+500 UF 5.4.,15_04_Comunic_Recibidas/2018/CI004_GP-9207_070103_CON_4383_PILOTE_2_PTE_7.pdf
1595,10,CONCESIÓN ALTO MAGDALENA S.A.S.,ALMA-2018-1698,CONSORCIO 4C,GP-7740,27/04/2018,"Notificación Evento Eximente de Responsabilidad como consecuencia de la no entrega de la carpeta correspondiente al predio ALMA-2-0006, (expediente predial), con la respectiva Resolución de Expropiación, para iniciar los trámites de expropiación judicial dentro de los tiempos estipulados por la Ley.",15_04_Comunic_Recibidas/2018/CI004_GP-7740_050300_CON_1680_EER_PREDIO_ALMA-2-0006.pdf
1597,2,CONCESIÓN ALTO MAGDALENA S.A.S.,ALMA-2018-1050,CONSORCIO 4C,GP-7381,06/03/2018,"Remitir copia autentica de la Resolución 317 del 22 de febrero de 2018, “Por medio de la cual se modifica la Resolución N° 1876 del 16 de noviembre de 2016 proferida por el Vicepresidente de Planeación, Riesgos y Entorno de la Agencia nacional de Infraestructura, con el fin de efectuar un ajuste de franja de terreno del proyecto vial Girardot- Honda- Puerto Salgar, en cumplimiento del Artículo 58 literal e) de la Ley 388 de 1997referente a la declaratoria de utilidad pública e interés social”, para su conocimiento.",15_04_Comunic_Recibidas/2018/CI004_GP-7381_050300_CON_1050_RESOL_N°317.pdf
1599,2,CONCESIÓN ALTO MAGDALENA S.A.S.,ALMA-2018-2016,CONSORCIO 4C,GP-7909,24/05/2018,Su comunicación CI.004/GP3943/18/7.1.7 – Radicado ALMA-R-2018-0648 del 21 de febrero de 2018. Revisión Diseños Peaje Brisas K10+200. UF 5.4.,15_04_Comunic_Recibidas/2018/CI004_GP-7909_070107_CON_2016_DISÑ_PEAJE_UF5.4.pdf
1598,1,Agencia Nacional de Infraestructura,2018-305-009316-1,CONSORCIO 4C,GP-7499,26/03/2018,Oficio radicado ANI 2018-409-015456-2 de 14/02/2018. Reporte Indicadores SICC Proyecto Girardot - Honda - Puerto Salgar. Contrato de Concesión 003 de 2014 - Concesión Alto Magdalena S.A.S.,15_04_Comunic_Recibidas/2018/CI004_GP-7499_070303_ANI_009316-1_INDICA_SICC.pdf
1601,3,CONCESIÓN ALTO MAGDALENA S.A.S.,ALMA-2018-0512,CONSORCIO 4C,GP-7091,02/02/2018,"Respuesta a comunicado CI 004/GP3712/18/7. 1.9 (Radicado interno ALMA-R-2018-0121 del 11 de enero, radicado ANI 2018-409-00-583-2 del 4 enero de 2018, identificado como PQRS UF4 2017 343 del 08 de noviembre de 2017 - Seguimiento Cumplimiento a compromisos Mary Isabel Patiño.",15_04_Comunic_Recibidas/2018/CI004_GP-7091_070109_CON_0512_PQRS_MPATIÑO.pdf
1603,1,CONCESIÓN ALTO MAGDALENA S.A.S.,ALMA-2018-2458,CONSORCIO 4C,GP-8178,25/06/2018,Su comunicación CI.004/GP4418/18/7.1.1 – Radicado ALMA-R-2018-1501 del 10 de mayo de 2018. Seguimiento Plan de Obras Intersección Puente Actual Puerto Salgar (Costado Occidental) Ruta 45CLA Vía Norcasia.,15_04_Comunic_Recibidas/2018/CI004_GP-8178_070101_CON_2458_SEG_PLAN_OBRAS_UF5.pdf
1600,1,CONCESIÓN ALTO MAGDALENA S.A.S.,ALMA-2018-4558,CONSORCIO 4C,GP-9308,06/12/2018,Entrega de la Sabana Predial y Tira topográfica.,15_04_Comunic_Recibidas/2018/CI004_GP-9308_070401_CON_4558_SABANA_PREDIAL.pdf
1602,2,CONCESIÓN ALTO MAGDALENA S.A.S.,ALMA-2018-3164,CONSORCIO 4C,GP-8557,17/08/2018,Solicitud de áreas para implementación de medidas de compensación.,15_04_Comunic_Recibidas/2018/CI004_GP-8557_070108_CON_3164_MEDID_COMPENSA.pdf
1608,5,CONCESIÓN ALTO MAGDALENA S.A.S.,ALMA-2018-4064,CONSORCIO 4C,GP-8995,22/10/2018,Notificación hallazgo arqueológico en la Unidad Funcional 3 en la abscisa K38+561 en zona urbana de Guataquí.,15_04_Comunic_Recibidas/2018/CI004_GP-8995_070109_CON_4064_HALLAZG_ARQUEO_UF3.pdf
1606,17,CONCESIÓN ALTO MAGDALENA S.A.S.,ALMA-2018-1172,CONSORCIO 4C,GP-7474,20/03/2018,Su comunicación Cl.004/GP3999/18/7.1.3 – Radicado ALMA-R-2018-0772 del 06 de marzo de 2018. Información Viga Nuevo Puente Puerto Salgar Unidad Funcional 5.4,15_04_Comunic_Recibidas/2018/CI004_GP-7474_070103_CON_1172_VIG_PTE_SALGAR.pdf
1604,2,CONCESIÓN ALTO MAGDALENA S.A.S.,ALMA-2018-3888,CONSORCIO 4C,GP-8884,08/10/2018,"Respuesta oficio CI.004/GP4242/18/7.1.9 del 12 de abril de 2018, recibido mediante el consecutivo ALMA-R-2018-1231 el 16 de abril de 2018.",15_04_Comunic_Recibidas/2018/CI004_GP-8884_070109_CON_3888_CAPA_PROGRA_INSTIT.pdf
1612,5,Agencia Nacional de Infraestructura,20183050260971,CONSORCIO 4C,GP-8527,13/08/2018,Control Acceso de volquetas UF1 – PR2+050 Eje 1-1. Elusión Peaje de Chicoral,15_04_Comunic_Recibidas/2018/CI004_GP-8527_070114_ANI_026097-1_ACCES_VOLQ_UF1.pdf
1610,2,CONCESIÓN ALTO MAGDALENA S.A.S.,ALMA-2018-2605,CONSORCIO 4C,GP-8261,11/07/2018,"Obligaciones Resolución N° 000374 del 06 de octubre de 2016, mediante la cual se modifica la Resolución No. 0020 del 26 de enero de 2016.",15_04_Comunic_Recibidas/2018/CI004_GP-8261_070108_CON_2605_OBLIG_RESOL_00374.pdf
1607,1,CONCESIÓN ALTO MAGDALENA S.A.S.,ALMA-2018-4745,CONSORCIO 4C,GP-9427,26/12/2018,Entrega de expedientes prediales ALMA - 5 - 0063 y ALMA - 5 - 0063 - 1 para aprobación.,15_04_Comunic_Recibidas/2018/CI004_GP-9427_070401_CON_4745_EXP_PREDIAL.pdf
1605,1,CONCESIÓN ALTO MAGDALENA S.A.S.,ALMA-2018-4382,CONSORCIO 4C,GP-9206,19/11/2018,"Entrega del Informe No. 1 - Resolución 0817 de 2016. UF 4.1 Sector ""La Cajita"".",15_04_Comunic_Recibidas/2018/CI004_GP-9206_070108_CON_4382_INF_N°1_RESOL_0817.pdf
1615,1,CONCESIÓN ALTO MAGDALENA S.A.S.,ALMA-2018-2918,CONSORCIO 4C,GP-8439,31/07/2018,Respuesta Comunicado Cl.004/4162/18/7.1.9 con radicado interno ALMA-R-2018-1050 Observaciones Informe de Responsabilidad Social Ambiental. Entrega de Avance Informe de Responsabilidad Social y Ambiental con base a la Guía de Elaboración GRI,15_04_Comunic_Recibidas/2018/CI004_GP-8439_070109_CON_2918_RESPON_SCIAL_AMB.pdf
1611,1,CONCESIÓN ALTO MAGDALENA S.A.S.,ALMA-2018-2315,CONSORCIO 4C,GP-8072,19/06/2018,Entrega de un (1) expediente de la Unidad Funcional 2 para revisión en la etapa de expropiación.,15_04_Comunic_Recibidas/2018/CI004_GP-8072_070404_CON_2315_EXP_EXPRO.pdf
1613,1,CONCESIÓN ALTO MAGDALENA S.A.S.,ALMA-2018-2517,CONSORCIO 4C,GP-8198,29/06/2018,"Respuesta a su comunicación CI.004/GP4722/18/7.4.2 con fecha del 27 de Junio del 2018, Entrega de un 1 expediente predial de la unidad funcional 3 para revisión del componente Social.",15_04_Comunic_Recibidas/2018/CI004_GP-8198_070402_CON_2517_EXP_SOCIAL.pdf
1619,1,CONCESIÓN ALTO MAGDALENA S.A.S.,ALMA-2018-3458,CONSORCIO 4C,GP-8744,04/09/2018,"Entrega de un (1) expediente predial de la unidad funcional 5 con componente Social, para revisión y aprobación.",15_04_Comunic_Recibidas/2018/CI004_GP-8744_070402_CON_3458_EXP_SOCIAL.pdf
1622,5,CONCESIÓN ALTO MAGDALENA S.A.S.,ALMA-2018-0833,CONSORCIO 4C,GP-7278,21/02/2018,Su comunicación CI.004/GP3467/17/7.1.3 - Radicado ALMA-R-2017-04096 del 24 de noviembre de 2017. Seguimiento Calidad Procesos Constructivos Subrasante K85+300 - K85+500 UF3,15_04_Comunic_Recibidas/2018/CI004_GP-7278_070103_CON_0833_SUBRASANTE_K85.pdf
1609,1,AGENCIA NACIONAL DE INFRAESTRUCTURA,2018-604-030683-1,CONSORCIO 4C,GP-8740,14/09/2018,Respuesta a Concepto de Centros Urbanos radicado 2018-409-090761-2 del 5 de septiembre de 2018 - Contrato de Interventoría No. 145 de 2014 - Contrato APP No. 003 de 2014 - Proyecto Vial Concesión Honda - Puerto Salgar - Girardot.,15_04_Comunic_Recibidas/2018/CI004_GP-8740_070401_ANI_030683-1_CTROS_URBANOS.pdf
1614,1,CONCESIÓN ALTO MAGDALENA S.A.S.,ALMA-2018-3551,CONSORCIO 4C,GP-8733,11/09/2018,"Respuesta al oficio CI.004/GP5132/18/7.4.1, con fecha 30 de agosto de 2018 y radicado interno ALMA-R-2018-2801, con fecha 6 de septiembre de 2018.",15_04_Comunic_Recibidas/2018/CI004_GP-8733_070401_CON_3551_EXP_PREDIAL.pdf
1620,1,CONCESIÓN ALTO MAGDALENA S.A.S.,ALMA-2018-3234,CONSORCIO 4C,GP-8623,17/08/2018,Entrega de un expediente predial de la unidad funcional 5 para aprobación.,15_04_Comunic_Recibidas/2018/CI004_GP-8623_070401_CON_3234_EXP_PREDIAL.pdf
1617,1,CONCESIÓN ALTO MAGDALENA S.A.S.,ALMA-2018-2314,CONSORCIO 4C,GP-8077,19/06/2018,Entrega de un (1) expediente de la Unidad Funcional 2 para revisión en la etapa de expropiación.,15_04_Comunic_Recibidas/2018/CI004_GP-8077_070404_CON_2314_EXP_EXPRO.pdf
1623,1,CONCESIÓN ALTO MAGDALENA S.A.S.,ALMA-2018-0519,CONSORCIO 4C,GP-7100,02/02/2018,Entrega de un (1) expediente para aprobación del Avalúo Comercial Corporativo de la unidad funcional 3.,15_04_Comunic_Recibidas/2018/CI004_GP-7100_070401_CON_0519_EXP_AVALUO.pdf
1616,1,CONCESIÓN ALTO MAGDALENA S.A.S.,ALMA-2018-2452,CONSORCIO 4C,GP-8176,26/06/2018,Respuesta a su comunicación Cl.004/GP2898/17/7.1.3 del 30 agosto de 2017 (Radicado ALMA-R-2017-02912) Solicitud Información Personal Equipos.,15_04_Comunic_Recibidas/2018/CI004_GP-8176_070103_CON_2452_INFO_PERS_EQUIP.pdf
1621,1,AGENCIA NACIONAL DE INFRAESTRUCTURA,2018-305-014661-1,CONSORCIO 4C,GP-7823,15/05/2018,Oficio radicado ANI 2018-409-044646-2. Seguimiento Plan Obras Conexión Vía Honda - La Dorada Ruta 4510 Con La Vía Puerto Salgar - El Korán Ruta 4510 Proyecto Girardot - Honda - Puerto Salgar. Contrato de Concesión 003 de 2014 - Concesión Alto Magdalena S.A.S.,15_04_Comunic_Recibidas/2018/CI004_GP-7823_070101_ANI_014661-1_SEGUI_VIA_HONDA_LDORADA.pdf
1618,1,CONCESIÓN ALTO MAGDALENA S.A.S.,ALMA-2018-1186,CONSORCIO 4C,GP-7454,20/03/2018,Entrega de un (1) expediente de la Unidad Funcional 2 para revisión en la etapa de expropiación.,15_04_Comunic_Recibidas/2018/CI004_GP-7454_070404_CON_1186_EXP_EXPRO.pdf
1624,1,CONCESIÓN ALTO MAGDALENA S.A.S.,ALMA-2018-2908,CONSORCIO 4C,GP-8411,30/07/2018,"Respuesta a comunicación oficio No. Cl.004/GP4772718/7.1.9 del 05 de julio de 2018. Radicado interno ALMA-R-2018-2168 del 05 de Julio de 2018, identificado como PQRS-UF2-2018-325 - Solicitud programación visita recorrido en el sector Condominio Entreverdes del Municipio de Nariño.",15_04_Comunic_Recibidas/2018/CI004_GP-8411_070109_CON_2908_PQRS_COND_ENTREVERDES.pdf
1626,8,CONCESIÓN ALTO MAGDALENA S.A.S.,HLMA-2018-2509,CONSORCIO 4C,GP-8163,29/06/2018,"Respuesta a su comunicado CI.004/GP4472/18/7.3.3, con radicado de concesión ALMA-R-2018-1614. Medición Niveles de Servicio Abril de 2018.",15_04_Comunic_Recibidas/2018/CI004_GP-8163_070303_CON_2509_NIVEL_SERVI_ABR.pdf
1625,2,CONCESIÓN ALTO MAGDALENA S.A.S.,ALMA-2018-2611,CONSORCIO 4C,GP-8447,11/07/2018,Respuesta comunicado CI.004/GP4758/18/7.1.9 radicado interno ALMA-R-2018-2148 del día 04 de julio de 2018 ingresada como PQRS UF2 2018 360-traslado derecho de petición de la Sra. Ruth Suarez,15_04_Comunic_Recibidas/2018/CI004_GP-8447_070109_CON_2611_DP_RSUAREZ.pdf
1629,6,Agencia Nacional de Infraestructura,2018-305-040085-1,CONSORCIO 4C,GP-9298,03/12/2018,Respuesta a oficio con radicado ANI No. 20184091152652 del 2/11/2018 - No Objeción Plazo de cura otras obligaciones del proyecto - Entrega de información correspondiente a los estudios y diseños para andenes en la UF 5.2 - Contrato de Concesión No 003 de 2014 - Girardot - Honda - Puerto Salgar.,15_04_Comunic_Recibidas/2018/CI004_GP-9298_050300_ANI_040085-1_DISEÑ_ANDEN_UF5.2.pdf
1627,1,CONCESIÓN ALTO MAGDALENA S.A.S.,ALMA-2018-1910,CONSORCIO 4C,GP-7849,17/05/2018,Entrega de un (1) expediente para aprobación del Avalúo Comercial Corporativo.,15_04_Comunic_Recibidas/2018/CI004_GP-7849_070401_CON_1910_EXP_AVALUO.pdf
1628,1,CONCESIÓN ALTO MAGDALENA S.A.S.,CI.004/GP289,CONSORCIO 4C,GP-7175,07/02/2017,Respuesta a su comunicación CI.004/GP2898/17/7.1.3 del 30 agosto de 2017 (Radicado ALMA-R-2017-02912) Solicitud Información Personal Equipos.,15_04_Comunic_Recibidas/2018/CI004_GP-7175_070103_CON_0612_INFO_PERSO_EQUIP.pdf
1633,2,CONCESIÓN ALTO MAGDALENA S.A.S.,ALMA-2018-2007,CONSORCIO 4C,GP-7882,21/05/2018,"Respuesta a su comunicación Cl.004/GP4238/18/7.1.8 Radicado interno ALMA-R-2018-1193, Observaciones Informe de cierre Unidades Funcionales 1, 2 y 4.",15_04_Comunic_Recibidas/2018/CI004_GP-7882_070109_CON_2007_OBS_INFO_CIERRE_UF1_2_4.pdf
1631,1,ASOCIACION AGROPECUARIA DE PRODUCTORES DE CITRICOS DE GUADUAS ASOPROCIT,,CONSORCIO 4C,GP-8635,28/08/2018,,15_04_Comunic_Recibidas/2018/CI004_GP-8635_070109_ASOPROCIT_SINNUMERO_SCTD_MATERIAL.pdf
1632,1,CONCESIÓN ALTO MAGDALENA S.A.S.,ALMA-2018-3346,CONSORCIO 4C,GP-8659,27/08/2018,"Respuesta a su comunicación CI.004/GP4983/18/7.1.10 del 2 Agosto de 2018 (Radicado ALMA-R-2018-2532) Solicitud Procedimiento Izaje de Vigas, Puente 1 (Vicon) UF 4.",15_04_Comunic_Recibidas/2018/CI004_GP-8659_070110_CON_3346_IZAJ_VIGA_PTE_P1.pdf
1634,6,Agencia Nacional de Infraestructura,20183050241341,CONSORCIO 4C,GP-8449,01/08/2018,Remisión memorando Vicepresidencia de Estructuración con radicado ANI No 20182000107113 - Contrato de Concesión No 003 de 2014 - Girardot - Honda - Puerto Salgar.,15_04_Comunic_Recibidas/2018/CI004_GP-8449_050200_ANI_024134-1_MEMO_VICEPRE_ESTRUCTURA.pdf
1630,1,CONCESIÓN ALTO MAGDALENA S.A.S.,ALMA-2018-1874,CONSORCIO 4C,GP-7834,11/05/2018,Su comunicación CI.004/GP4407/18/7.1.1 – Radicado ALMA-R-2018-1504 del 10 de mayo de 2018. Seguimiento Plan de Obras Manifestación Atraso Actividades Constructivas UF 5.,15_04_Comunic_Recibidas/2018/CI004_GP-7834_070101_CON_1874_SEGUI_OBRAS_UF5.pdf
1639,18,CONCESIÓN ALTO MAGDALENA S.A.S.,ALMA-2018-4133,CONSORCIO 4C,GP-9058,26/10/2018,Respuesta comunicación CI.004/GP5247/18/5.3 – Radicado ALMA-R-2018-3018 del 26 de septiembre de 2018. Solicitud No Objeción Plazo de Cura.,15_04_Comunic_Recibidas/2018/CI004_GP-9058_050300_CON_4133_PLAZO_CURA_AMB.pdf
1638,2,ALCALDÍA DE LA DORADA,SDG-220-1568,CONSORCIO 4C,GP-9139,14/11/2018,"Respuesta a derecho de petición CI.004/GP5173/18/7.1.9 Girardot- CND del 13 de septiembre de 2018, radicado N° 7301 del 26 de septiembre de 2018.",15_04_Comunic_Recibidas/2018/CI004_GP-9139_070109_ALCDORADA_220-1568_DP_ESPAC_PUB.pdf
1637,1,CONCESIÓN ALTO MAGDALENA S.A.S.,ALMA-2018-1238,CONSORCIO 4C,GP-7510,21/03/2018,Su comunicación CI.004/GP3113/7.1.7 – Radicado ALMA-R-2017-03322 del 27 de septiembre de 2017 – Implantación y Diseños Puentes Peatonales UF3. Entrega Diseño Estructural y estudio de suelos Puente Peatonal Guataquí.,15_04_Comunic_Recibidas/2018/CI004_GP-7510_070107_CON_1238_DISEÑ_PTES_PEATON_UF3.pdf
1636,3,CONCESIÓN ALTO MAGDALENA S.A.S.,ALMA-2018-1559,CONSORCIO 4C,GP-7699,18/04/2018,Informe sobre los criterios para contabilizar Ingresos y Egresos por Unidad Funcional.,15_04_Comunic_Recibidas/2018/CI004_GP-7699_070201_CON_1559_ING_EGRE_MAR.pdf
1640,2,CONCESIÓN ALTO MAGDALENA S.A.S.,Cl.004/GP4550/18/7.1.8,CONSORCIO 4C,GP-8042,12/06/2018,Su comunicación Cl.004/GP4550/18/7.1.8 – 7.1.9 – Radicado ALMA-R- 2018-1762 del 01 de junio de 2018. Respuesta Comunicación ALMA-2018-2052 Seguimiento Aspectos e Impactos Predio Gibraltar.,15_04_Comunic_Recibidas/2018/CI004_GP-8042_070108-070103-070109_CON_2278_SEGUI_GIBRALTAR.pdf
1644,1,CONCESIÓN ALTO MAGDALENA S.A.S.,ALMA-2018-4700,CONSORCIO 4C,GP-9402,17/12/2018,Donación de materiales provenientes de actividades de operación y mantenimiento vial.,15_04_Comunic_Recibidas/2018/CI004_GP-9402_070108_CON_4700_DONA_MATERIAL.pdf
1643,1,CONCESIÓN ALTO MAGDALENA S.A.S.,ALMA-2018-1885,CONSORCIO 4C,GP-7856,15/05/2018,Respuesta a su comunicación CI.004/GP4319/18/7.1.10 del 27 de abril de 2018 (Radicado ALMA-R-2018-1377) Seguimiento Accidentalidad laboral 2017 y 2018.,15_04_Comunic_Recibidas/2018/CI004_GP-7856_070110_CON_1885_SEG_ACCID_LABORAL.pdf
1635,1,CONCESIÓN ALTO MAGDALENA S.A.S.,ALMA-2018-2031,CONSORCIO 4C,GP-7905,25/05/2018,Entrega de un (1) expediente para aprobación del Avalúo Comercial Corporativo.,15_04_Comunic_Recibidas/2018/CI004_GP-7905_070401_CON_2031_EXP_AVALUO.pdf
1647,1,CONCESIÓN ALTO MAGDALENA S.A.S.,ALMA-2018-4580,CONSORCIO 4C,GP-9321,04/12/2018,Canal de Drenaje Longitudinal K12+196 – K12+541 Unidad Funcional 5.4.,15_04_Comunic_Recibidas/2018/CI004_GP-9321_070107_CON_4580_CANAL_DRENAJ_K12_UF5.pdf
1642,1,CONCESIÓN ALTO MAGDALENA S.A.S.,ALMA-2018-2546,CONSORCIO 4C,GP-8351,26/07/2018,Entrega de un (1) expediente predial final de la Unidad Funcional 4.,15_04_Comunic_Recibidas/2018/CI004_GP-8351_070401_CON_2546_EXP_PREDIAL.pdf
1641,1,CONCESIÓN ALTO MAGDALENA S.A.S.,ALMA-2018-0023,CONSORCIO 4C,GP-6870,04/01/2018,Entrega de la Sabana Predial y Tira topográfica.,15_04_Comunic_Recibidas/2018/CI004_GP-6870_070401_CON_0023_SABANA_PREDIAL_TIRA_TOPOGRAFICA.pdf
1646,1,AGENCIA NACIONAL DE INFRAESTRUCTURA,2018-305-012240-1,CONSORCIO 4C,GP-7696,23/04/2018,Oficios radicado ANI 2018-409-037055-2; 2018-409-037056-2; 2018-409-037057-2; 2018-409-037058-2; 2018-409-037059-2; 2018-409-037061-2; 2018-409-037064-2. Solicitud Remisión Cronogramas.,15_04_Comunic_Recibidas/2018/CI004_GP-7696_070107_ANI_012240-1_SCTD_CRONOG.pdf
1645,1,CONCESIÓN ALTO MAGDALENA S.A.S.,ALMA-2018-1789,CONSORCIO 4C,GP-7802,07/05/2018,"Respuesta a su comunicación, CI.004/GP4342/18/7.4.6 del 25 de Abril de 2018 (Rad. Interno ALMA-R-2018-1364), Entrega de un (1) expediente predial de la unidad funcional 3 para aprobación de Avalúo comercial corporativo.",15_04_Comunic_Recibidas/2018/CI004_GP-7802_070406_CON_1789_EXP_AVALUO.pdf
1654,1,AGENCIA NACIONAL DE INFRAESTRUCTURA,2018-305-017341-1,CONSORCIO 4C,GP-8012,06/06/2018,"Oficio radicado ANI 20184090494452. Saneamiento del incumplimiento relacionado con la entrega de los Estados Financieros del Patrimonio Autónomo debidamente auditados, contemplada en el literal (q) de la Sección 4.5 de la Parte General del Contrato de Concesión. Proyecto Girardot - Honda - Puerto Salgar. Contrato de Concesión 003 de 2014 - Concesión Alto Magdalena S.A.S.",15_04_Comunic_Recibidas/2018/CI004_GP-8012_050300_ANI_017341-1_SANEA_ESTAD_FINAN.pdf
1655,1,Agencia Nacional de Infraestructura,20183050306531,CONSORCIO 4C,GP-8747,14/09/2018,Solicitud Remisión documentos rad. 20184090869562 aprobación Hojas de Vida Interventoría Consorcio 4C Reemplazo Especialista en seguridad industrial y salud ocupacional. Proyecto Girardot Honda Puerto Salgar. Contrato 003 de 2014.,15_04_Comunic_Recibidas/2018/CI004_GP-8747_020200_ANI_030653-1_HV_INTERVENTORIA.pdf
1648,1,CONCESIÓN ALTO MAGDALENA S.A.S.,ALMA-2018-1539,CONSORCIO 4C,GP-7656,17/04/2018,Entrega de la Sabana Predial y Tira topográfica.,15_04_Comunic_Recibidas/2018/CI004_GP-7656_070401_CON_1539_SABAN_PREDIAL.pdf
1652,1,Agencia Nacional de Infraestructura,2018-409-008207-1,CONSORCIO 4C,GP-7453,15/03/2018,Devolución de dos CDS recibidos con Radicado No 2018-409-024572-2,15_04_Comunic_Recibidas/2018/CI004_GP-7453_090200_ANI_008207-1_CDS_DEVUELT.pdf
1651,2,CONCESIÓN ALTO MAGDALENA S.A.S.,ALMA-2018-1696,CONSORCIO 4C,GP-7724,26/04/2018,Notificación evasión de Peaje Chicoral por predios Hacienda Limonar.,15_04_Comunic_Recibidas/2018/CI004_GP-7724_070114_CON_1696_EVAS_PEAJE_CHICORAL.pdf
1653,2,CONCESIÓN ALTO MAGDALENA S.A.S.,ALMA-2018-3084,CONSORCIO 4C,GP-8501,10/08/2018,"Respuesta a comunicado identificado como PQRS UF2 2018 363, de fecha 04 de julio de 2018. Incidente de carro con animales en la vía.",15_04_Comunic_Recibidas/2018/CI004_GP-8501_070109_CON_3084_INCIDEN_CARRO_VIA.pdf
1650,1,CONCESIÓN ALTO MAGDALENA S.A.S.,ALMA-2018-3332,CONSORCIO 4C,GP-8592,27/08/2018,Respuesta a su comunicación CI.004/GP4820/18/7.1.3 del 17 de julio de 2018 (Radicado ALMA-R-2018-2265 del 17 de julio de 2018). Solicitud Protocolo Prueba de Carga Puentes Peatonales UF2 y 3.,15_04_Comunic_Recibidas/2018/CI004_GP-8592_070107_CON_3332_PRUEBA_PTES_PEATON_UF2_3.pdf
1649,1,CONCESIÓN ALTO MAGDALENA S.A.S.,ALMA-2018-1894,CONSORCIO 4C,GP-7858,16/05/2018,"Su comunicación GI.004/GP4359/18/7.5 - Radicado ALMA-R-2018-1416 del 03 de mayo de 2018. Memoria Técnica Febrero de 2018, Obras Singulares UF5.",15_04_Comunic_Recibidas/2018/CI004_GP-7858_070500_CON_1894_OBS_MEMOTEC_FEB.pdf
1658,1,CONCESIÓN ALTO MAGDALENA S.A.S.,ALMA-2018-2744,CONSORCIO 4C,GP-8336,18/07/2018,Plan de Manejo del Tráfico Construcción Puente Burras - Unidad Funcional 5.2.,15_04_Comunic_Recibidas/2018/CI004_GP-8336_070111_CON_2744_PMT_PTE_BURRAS.pdf
1659,1,CONCESIÓN ALTO MAGDALENA S.A.S.,ALMA-2018-3423,CONSORCIO 4C,GP-8682,31/08/2018,Respuesta a su comunicación CI.004/GP4959/18/7.1.8 del 03 de agosto de 2018 (Radicado interno ALMA-R-2018-2488). Obligaciones pendientes UF1 / Respuesta ALMA-2018-2837.,15_04_Comunic_Recibidas/2018/CI004_GP-8682_070108_CON_3423_OBLIG_PDTES_UF1.pdf
1657,1,CONCESIÓN ALTO MAGDALENA S.A.S.,ALMA-2018-1511,CONSORCIO 4C,GP-7620,16/04/2018,Entrega de un (1) expediente para aprobación del Avalúo Comercial Corporativo.,15_04_Comunic_Recibidas/2018/CI004_GP-7620_070401_CON_1511_EXP_AVALUO.pdf
1660,2,CONCESIÓN ALTO MAGDALENA S.A.S.,ALMA-2018-1044,CONSORCIO 4C,GP-7376,06/03/2018,"Remitir copia autentica de la Resolución 317 del 22 de febrero de 2018, ""Por medio de la cual se modifica la Resolución N° 1876 del 16 de noviembre de 2016 proferida por el Vicepresidente de Planeación, Riesgos y Entorno de la Agencia nacional de Infraestructura, con el fin de efectuar un ajuste de franja de terreno del proyecto vial Girardot- Honda- Puerto Salgar, en cumplimiento del Artículo 58 literal e) de la Ley 388 de 1997referente a la declaratoria de utilidad pública e interés social"", para su conocimiento.",15_04_Comunic_Recibidas/2018/CI004_GP-7376_050300_CON_1044_RESOL_N°317.pdf
1662,2,CONCESIÓN ALTO MAGDALENA S.A.S.,CI.004/GP5511/18/7.1.8,CONSORCIO 4C,GP-8998,22/10/2018,Respuesta comunicación CI.004/GP5271/18/7.18 del 27 de septiembre de 2018 (Rad. Interno ALMA-R-2018-3051). Seguimiento Resolución 1386 de 2018 Plan Compensación Pérdida Biodiversidad,15_04_Comunic_Recibidas/2018/CI004_GP-8998_070108_CON_4068_RESOL_1386_PERDID_BIO.pdf
1661,2,CONCESIÓN ALTO MAGDALENA S.A.S.,ALMA-2018-0252,CONSORCIO 4C,GP-6972,17/01/2018,Su comunicación Cl.004/GP3678/18/7.1.3 – Radicado ALMA-R-2018-0056 del 05 de enero de 2018. Seguimiento Calidad Procesos Constructivos Sobreanchos Bahías SOS – UF3.,15_04_Comunic_Recibidas/2018/CI004_GP-6972_070103_CON_0252_PROCE_BAHIAS_UF3.pdf
1656,1,CONCESIÓN ALTO MAGDALENA S.A.S.,ALMA-2018-0229,CONSORCIO 4C,GP-6970,16/01/2018,Memoria Técnica Mes de Diciembre de 2017,15_04_Comunic_Recibidas/2018/CI004_GP-6970_070500_CON_0229_MEMOTECNICA_DIC.pdf
1665,1,CONCESIÓN ALTO MAGDALENA S.A.S.,ALMA-2018-1120,CONSORCIO 4C,GP-7429,15/03/2018,Entrega de la Sabana Predial y Tira topográfica.,15_04_Comunic_Recibidas/2018/CI004_GP-7429_070401_CON_1120_SABAN_PREDIAL.pdf
1666,2,CONCESIÓN ALTO MAGDALENA S.A.S.,ALMA-2018-3333,CONSORCIO 4C,GP-8583,27/08/2018,Respuesta a su comunicación CI.004/GP5017/18/7.1.3 del 22 de agosto de 2018 (Radicado ALMA-R-2018 del 22 de agosto de 2018). Incumplimiento Especificaciones Técnicas Método Constructivo Dovelas Nuevo Puente Puerto Salgar,15_04_Comunic_Recibidas/2018/CI004_GP-8583_070103_CON_3333_INCUM_PTE_SALGAR.pdf
1664,2,CONCESIÓN ALTO MAGDALENA S.A.S.,ALMA-2018-0170,CONSORCIO 4C,GP-6936,12/01/2018,Envío Formulario de liquidación y declaración de regalías cuarto trimestre año 2017- Expediente: Autorización Temporal SCV-09031- “Caicedo”.,15_04_Comunic_Recibidas/2018/CI004_GP-6936_070108_CON_0170_FORMULARIO_REGALIAS_EXP_SCV-09031.pdf
1670,2,CONCESIÓN ALTO MAGDALENA S.A.S.,ALMA-2018-3862,CONSORCIO 4C,GP-8867,05/10/2018,Respuesta a su Oficio No. CI.004/GP5256/18/7.4.6 relacionado con la entrega de un (1) expediente ALMA-3-0020-22 para revisión en la etapa de expropiación.,15_04_Comunic_Recibidas/2018/CI004_GP-8867_070404_CON_3862_EXP_EXPRO.pdf
1669,1,CONCESIÓN ALTO MAGDALENA S.A.S.,ALMA-2018-0806,CONSORCIO 4C,GP-7228,21/02/2018,Respuesta a su comunicación CI.004/GP3774/17/7.4.1 de fecha 24 de enero de 2018. Entrega de un (1) expediente para aprobación del Avalúo Comercial Corporativo.,15_04_Comunic_Recibidas/2018/CI004_GP-7228_070401_CON_0806_EXP_AVALUO.pdf
1671,24,Agencia Nacional de Infraestructura - ANI,20183050266261,CONSORCIO 4C,GP-8536,16/08/2018,"Solicitud concepto sobre notificación Evento Eximente de Responsabilidad reportado por la Concesión - Imposibilidad de realizar la reubicación de redes eléctricas, acueducto y alcantarillado en el paso urbano de Guataquí",15_04_Comunic_Recibidas/2018/CI004_GP-8536_050300_ANI_026626-1_EER_REDES_GUATAQUI.pdf
1663,3,AGENCIA NACIONAL DE INFRAESTRUCTURA,2018-305-033238-1,CONSORCIO 4C,GP-8854,03/10/2018,"Respuesta a oficio radicado ANI No. 20184090997232 del 27 de septiembre de 2018- No Objeción Plazo de cura otras obligaciones del proyecto ""Listas Blancas"" Contrato de Concesión No 003 de 2014 - Girardot - Honda - Puerto Salgar.",15_04_Comunic_Recibidas/2018/CI004_GP-8854_050300_ANI_033238-1_PLAZO_CURA_LIST_BLANC.pdf
1667,7,CONCESIÓN ALTO MAGDALENA S.A.S.,ALMA-2018-4503,CONSORCIO 4C,GP-9258,29/11/2018,"Derecho de Petición para la custodia en zona de exclusión en el Pr 28+ 900, sector Purgatorio costado derecho sentido Nariño - Guataqui.",15_04_Comunic_Recibidas/2018/CI004_GP-9258_070109_CON_4503_DP_ALC_GUATAQUI.pdf
1668,1,CONCESIÓN ALTO MAGDALENA S.A.S.,ALMA-2018-1486,CONSORCIO 4C,GP-7623,17/04/2018,Entrega de tres (3) expedientes prediales finales de la Unidad Funcional 2.,15_04_Comunic_Recibidas/2018/CI004_GP-7623_070401_CON_1486_EXP_PREDIAL.pdf
1672,2,CONCESIÓN ALTO MAGDALENA S.A.S.,ALMA-2018-1399,CONSORCIO 4C,GP-7588,10/04/2018,Su CI.004/GP4173/18/7.1.3 - Radicado ALMA-R-2018-1059 del 28 de marzo de 2018. Construcción Vigas Puentes K3+413 y K5+279 UF5.4.,15_04_Comunic_Recibidas/2018/CI004_GP-7588_070103_CON_1399_VIG_PTES_K3.pdf
1675,2,CONCESIÓN ALTO MAGDALENA S.A.S.,ALMA-2018-4666,CONSORCIO 4C,GP-9367,12/12/2018,"Comunicación 20183050377821 (Rad. ALMA-R-2018-3579 -16/11/2018). Respuesta solicitud Alcaldía La Dorada, Caldas.",15_04_Comunic_Recibidas/2018/CI004_GP-9367_070109_CON_4666_RTA_SCTUD_ALCALDIA.pdf
1674,1,CONCESIÓN ALTO MAGDALENA S.A.S.,ALMA-2018-0649,CONSORCIO 4C,GP-7158,08/02/2018,"Entrega de un (1) expediente predial de la unidad funcional 3, para aprobación de ficha predial (Titulo Minero).",15_04_Comunic_Recibidas/2018/CI004_GP-7158_070401_CON_0649_EXP_PREDI_UF3.pdf
1676,1,CONCESIÓN ALTO MAGDALENA S.A.S.,ALMA-2018-2978,CONSORCIO 4C,GP-8478,02/08/2018,Su comunicación CI.004/GP4603/18/7.1.8 Radicado ALMA-R-2018-1866 del 7 de junio de 2018 – Seguimiento Obra Condiciones Socavación Puente P2G UF2.,15_04_Comunic_Recibidas/2018/CI004_GP-8478_070103_CON_2978_SOCAVA_PTE_P2G.pdf
1673,6,CONCESIÓN ALTO MAGDALENA S.A.S.,ALMA-2018-3892,CONSORCIO 4C,GP-8911,08/10/2018,Respuesta a su comunicación CI.004/GP3901/18/7.1.8 (Rad. Interno ALMA-R-2018-0567 del 16 de febrero de 2018). Visita de control y seguimiento ANLA / Resolución No. 1685 de 2015.,15_04_Comunic_Recibidas/2018/CI004_GP-8911_070108_CON_3892_SEGUI_ANLA_RESOL_1685.pdf
1679,1,CONCESIÓN ALTO MAGDALENA S.A.S.,ALMA-2018-3056,CONSORCIO 4C,GP-8470,09/08/2018,Su comunicación CI.004/GP4967/18/7.1.3 - Radicado ALMA-R-2018-2509 del 08 de agosto de 2018. Actividades Pendientes UF4.,15_04_Comunic_Recibidas/2018/CI004_GP-8470_070103-090300_CON_3056_PDTES_UF4.pdf
1680,4,CONCESIÓN ALTO MAGDALENA S.A.S.,ALMA-2018-3644,CONSORCIO 4C,GP-9149,17/09/2018,Solicitud de información de afectación de predios por encontrarse en áreas macrofocalizadas y/o microfocalizadas por la Unidad Administrativa Especial de Gestión de Restitución de Tierras Despojadas.,15_04_Comunic_Recibidas/2018/CI004_GP-9149_070401_CON_3644_AFECTA_PREDIOS.pdf
1678,1,CONCESIÓN ALTO MAGDALENA S.A.S.,ALMA-2018-1612,CONSORCIO 4C,GP-7807,19/04/2018,Entrega de un (1) expediente para aprobación del Avalúo Comercial Corporativo.,15_04_Comunic_Recibidas/2018/CI004_GP-7807_070406_CON_1612_EXP_AVALUO.pdf
1684,1,CONCESIÓN ALTO MAGDALENA S.A.S.,ALMA-2018-2362,CONSORCIO 4C,GP-8094,19/06/2018,Memoria Técnica Mes de mayo de 2018.,15_04_Comunic_Recibidas/2018/CI004_GP-8094_070500_CON_2362_MEMOTECNICA_MAY.pdf
1677,1,CONCESIÓN ALTO MAGDALENA S.A.S.,ALMA-2018-2083,CONSORCIO 4C,GP-7940,31/05/2018,Entrega de la Sabana Predial y Tira topográfica.,15_04_Comunic_Recibidas/2018/CI004_GP-7940_070401_CON_2083_SABAN_PREDIAL.pdf
1685,8,CONCESIÓN ALTO MAGDALENA S.A.S.,ALMA-2018-4247,CONSORCIO 4C,GP-9138,09/11/2018,"Respuesta oficio CL.004/GP544518/7.4.1 (26/10/2018), radicado interno ALMA-R-2018-3333.",15_04_Comunic_Recibidas/2018/CI004_GP-9138_070401_CON_4247_EXP_PREDIAL.pdf
1683,1,CONCESIÓN ALTO MAGDALENA S.A.S.,ALMA-2018-0587,CONSORCIO 4C,GP-7131,05/02/2018,"Entrega de un (1) expediente predial de la unidad funcional 3, para aprobación de ficha predial (Titulo Minero).",15_04_Comunic_Recibidas/2018/CI004_GP-7131_070401_CON_0587_EXP_TITU_MINERO.pdf
1687,12,Agencia Nacional de Infraestructura,20183050269691,CONSORCIO 4C,GP-8572,21/08/2018,Remisión petición elevada por la comunidad del municipio de San Juan de Rioseco - Obras de Arte calle 3E.,15_04_Comunic_Recibidas/2018/CI004_GP-8572_070109-070103_ANI_026969-1_DP_SJUAN_RSECO.pdf
1682,3,CONCESIÓN ALTO MAGDALENA S.A.S.,ALMA-2018-2303,CONSORCIO 4C,GP-8049,12/06/2018,Presentación de los formatos establecidos en el Numeral 4.5 Literal (u) Parte general del Contrato.,15_04_Comunic_Recibidas/2018/CI004_GP-8049_070200_CON_2303_FOR_GCSP-F001_MAY.pdf
1689,1,CONCESIÓN ALTO MAGDALENA S.A.S.,ALMA-2018-0299,CONSORCIO 4C,GP-7007,22/01/2018,Entrega de (1) expediente predial de la unidad funcional 3 para revisión del componente Social.,15_04_Comunic_Recibidas/2018/CI004_GP-7007_070402_CON_0299_EXP_PRDAL.pdf
1681,1,CONCESIÓN ALTO MAGDALENA S.A.S.,ALMA-2018-1211,CONSORCIO 4C,GP-8886,20/03/2018,Entrega de un (1) expediente para aprobación del Avalúo Comercial Corporativo de la unidad funcional 3.,15_04_Comunic_Recibidas/2018/CI004_GP-8886_070406_CON_1211_EXP_AVALUO.pdf
1688,1,CONCESIÓN ALTO MAGDALENA S.A.S.,ALMA-2017-5231,CONSORCIO 4C,GP-7143,12/12/2017,Entrega de un (1) expediente para aprobación del Avalúo Comercial Corporativo.,15_04_Comunic_Recibidas/2018/CI004_GP-7143_070401_CON_5231_EXP_AVALUO.pdf
1690,1,CONCESIÓN ALTO MAGDALENA S.A.S.,ALMA-2018-2581,CONSORCIO 4C,GP-8242,05/07/2018,Concepto Técnico Conformación Talud K5+590 al K5+630 – Unidad Funcional 2.,15_04_Comunic_Recibidas/2018/CI004_GP-8242_070104_CON_2581_TALUD_K5_UF2.pdf
1691,1,CONCESIÓN ALTO MAGDALENA S.A.S.,ALMA-2018-1165,CONSORCIO 4C,GP-7448,14/03/2018,Entrega de expediente predial de la unidad funcional 3 para revisión del componente Social.,15_04_Comunic_Recibidas/2018/CI004_GP-7448_070402_CON_1165_EXP_SCIAL.pdf
1692,5,CONCESIÓN ALTO MAGDALENA S.A.S.,ALMA-2018-0511,CONSORCIO 4C,GP-7122,01/02/2018,Informe sobre los criterios para contabilizar Ingresos y Egresos por Unidad Funcional.,15_04_Comunic_Recibidas/2018/CI004_GP-7122_070205_CON_0511_INF_INGRE_EGRES.pdf
1693,2,CONCESIÓN ALTO MAGDALENA S.A.S.,ALMA-2018-1414,CONSORCIO 4C,GP-7580,11/04/2018,"Respuesta al oficio con radicado Interventoría CI.004/GP4130/18/7.4.4 de 22 de marzo de 2018, Observaciones Resolución de Expropiación predio N° ALMA-4-0061 (PREDIO VICON).",15_04_Comunic_Recibidas/2018/CI004_GP-7580_070401_CON_1414_PREDIO_VICON.pdf
1694,1,CONCESIÓN ALTO MAGDALENA S.A.S.,ALMA-2018-2921,CONSORCIO 4C,GP-8738,31/07/2018,Entrega de un (1) expediente para aprobación del Avalúo Comercial Corporativo de la unidad funcional 3.,15_04_Comunic_Recibidas/2018/CI004_GP-8738_070406_CON_2921_EXP_AVALUO.pdf
1697,1,AGENCIA NACIONAL DE INFRAESTRUCTURA,2018-305-015539-1,CONSORCIO 4C,GP-7887,22/05/2018,Solicitud cronograma terminación Puente Rio Magdalena Unidad Funcional 1 - Contrato de Concesión No 003 de 2014. Concesión Girardot – Honda – Puerto Salgar.,15_04_Comunic_Recibidas/2018/CI004_GP-7887_070101_ANI_015539-1_CRONOG_PTE_UF1.pdf
1686,1,CONCESIÓN ALTO MAGDALENA S.A.S.,ALMA-2018-3118,CONSORCIO 4C,GP-8519,15/08/2018,Entrega de la Sabana Predial y Tira topográfica.,15_04_Comunic_Recibidas/2018/CI004_GP-8519_070401_CON_3118_SABAN_PREDIAL.pdf
1698,5,Agencia Nacional de Infraestructura,CI.004/GP5282/18/7.3.3,CONSORCIO 4C,GP-9305,04/12/2018,Resultados Nivel de Servicio E12 - Primer Semestre 2018 - Contrato de Concesión No 003 de 2014 - Girardot - Honda - Puerto Salgar.,15_04_Comunic_Recibidas/2018/CI004_GP-9305_050300-070303_ANI_040250-1_NIVEL_SERV_E12.pdf
1696,3,CONCESIÓN ALTO MAGDALENA S.A.S.,ALMA-2018-4395,CONSORCIO 4C,GP-9224,20/11/2018,Respuestas comunicaciones CI.004/GP4935/18/7.18 (2/08/2018 - Rad. ALMA-R-2018-2461) - Auto DRAM 0333 del 2018 y CI.004/GP4935/18/7.18 del 11 de octubre de 2018 (Rad. Interno No. ALMA-R-2018-3192). Aprovechamiento Forestal K47+220 al K47+860 UF 3.,15_04_Comunic_Recibidas/2018/CI004_GP-9224_070108_CON_4395_APROV_FORESTAL.pdf
1695,7,AGENCIA NACIONAL DE INFRAESTRUCTURA,20183050259341,CONSORCIO 4C,GP-8514,10/08/2018,Solicitud Modificación entrega elementos Concesión Alto Magdalena,15_04_Comunic_Recibidas/2018/CI004_GP-8514_050300_ANI_025934-1_MODI_ENTREG_ELEMEN.pdf
1699,1,CONCESIÓN ALTO MAGDALENA S.A.S.,ALMA-2018-3815,CONSORCIO 4C,GP-8852,01/10/2018,Respuesta comunicación CI.004/GP2898/17/7.1.3 del 30 septiembre de 2017 (Radicado ALMA-R-2017-02912) Solicitud Información Personal Equipos.,15_04_Comunic_Recibidas/2018/CI004_GP-8852_070103_CON_3815_INFO_PERS_EQUIP.pdf
1700,5,CONCESIÓN ALTO MAGDALENA S.A.S.,ALMA-2018-0326,CONSORCIO 4C,GP-7028,22/01/2018,DERECHO DE PETICIÓN,15_04_Comunic_Recibidas/2018/CI004_GP-7028_070401_CON_0326_DP_ANT.pdf
1705,1,CONCESIÓN ALTO MAGDALENA S.A.S.,ALMA-2018-1953,CONSORCIO 4C,GP-8082,18/05/2018,"Respuesta a su comunicación, CI.004/GP3458/17/7.4.1 del 1 de Noviembre de 2017 (Rad. Interno ALMA-R-2017-4080), Entrega de un (1) expediente predial de la unidad funcional 3 para aprobación de ficha predial.",15_04_Comunic_Recibidas/2018/CI004_GP-8082_070401_CON_1953_EXP_PREDIAL.pdf
1704,1,CONCESIÓN ALTO MAGDALENA S.A.S.,ALMA-2018-4560,CONSORCIO 4C,GP-9300,03/12/2018,Entrega un (1) expediente predial para revisión en la etapa de expropiación.,15_04_Comunic_Recibidas/2018/CI004_GP-9300_070404_CON_4560_EXP_EXPRO.pdf
1703,5,CONCESIÓN ALTO MAGDALENA S.A.S.,ALMA-2018-2253,CONSORCIO 4C,GP-8095,08/06/2018,Solicitud aplicación compensaciones socioeconómicas predio ALMA-5-0198 antes ALMA-4-0104,15_04_Comunic_Recibidas/2018/CI004_GP-8095_070402_CON_2253_COMPENSA_SOCIOECONO.pdf
1702,1,CONCESIÓN ALTO MAGDALENA S.A.S.,ALMA-2018-2181,CONSORCIO 4C,GP-7971,05/06/2018,Entrega de un (1) expediente para aprobación del Avalúo Comercial Corporativo.,15_04_Comunic_Recibidas/2018/CI004_GP-7971_070406_CON_2181_EXP_AVALUO.pdf
1701,13,CONCESIÓN ALTO MAGDALENA S.A.S.,ALMA-2018-3907,CONSORCIO 4C,GP-8918,08/10/2018,"Respuesta a los Artículos Primero, Segundo y Tercero del Auto No. 05681 del 18 de septiembre de 2018, expedido por la Autoridad Nacional de Licencias Ambientales-ANLA; Expediente LAV004-00-2016.",15_04_Comunic_Recibidas/2018/CI004_GP-8918_070108_CON_3907_ART_1-2-3_AUTO_05681.pdf
1706,5,CONCESIÓN ALTO MAGDALENA S.A.S.,ALMA-2018-0611,CONSORCIO 4C,GP-7157,07/02/2018,Informe gestión predial ALMA-3-0059 según comité del 17 de enero 2018.,15_04_Comunic_Recibidas/2018/CI004_GP-7157_070401-070404_CON_0611_GEST_PREDIAL.pdf
1707,2,CONCESIÓN ALTO MAGDALENA S.A.S.,ALMA-2018-0809,CONSORCIO 4C,GP-7247,19/02/2018,Respuesta a su comunicación CI.004/GP3625/17/7.4.1 del 22 de septiembre de 2017 (Rad. Interno 04469 del 26 de diciembre de 2017); Entrega de dos (2) expedientes prediales de la unidad funcional 5 para aprobación.,15_04_Comunic_Recibidas/2018/CI004_GP-7247_070401_CON_0809_EXP_PREDIAL.pdf
1708,1,CONCESIÓN ALTO MAGDALENA S.A.S.,ALMA-2018-3912,CONSORCIO 4C,GP-8919,09/10/2018,Cumplimiento artículo décimo sexto de la Resolución 0660 del 20 de junio de 2016 - Expediente N° LAV0004-00-2016.,15_04_Comunic_Recibidas/2018/CI004_GP-8919_070108_CON_3912_ART_16_RESOL_0660.pdf
1712,1,CONCESIÓN ALTO MAGDALENA S.A.S.,ALMA-2018-0978,CONSORCIO 4C,GP-7425,05/03/2018,Entrega de un (1) expediente de la Unidad Funcional 3 para revisión en la etapa de expropiación.,15_04_Comunic_Recibidas/2018/CI004_GP-7425_070404_CON_0978_EXP_EXPRO.pdf
1709,1,CONCESIÓN ALTO MAGDALENA S.A.S.,ALMA-2018-0982,CONSORCIO 4C,GP-8522,05/03/2018,Respuesta a su Oficio No. CI.004/GP3446/17/7.4.4 relacionado con la entrega de un (1) expediente de la Unidad Funcional 3 para revisión en la etapa de expropiación.,15_04_Comunic_Recibidas/2018/CI004_GP-8522_070404_CON_0982_EXP_EXPRO.pdf
1710,2,CONCESIÓN ALTO MAGDALENA S.A.S.,ALMA-2018-4617,CONSORCIO 4C,GP-9349,06/12/2018,Respuesta comunicación CI.004/GP5649/18/7.1.1-7.4 - (ALMA-R-2018-3725 - 30/11/2018). Seguimiento Plan de Obras - Gestión Predial Intersección Puerto Salgar (Vía Dindal - Guaduero).,15_04_Comunic_Recibidas/2018/CI004_GP-9349_070401_CON_4617_GEST_PREDIAL_PTO_SALGAR.pdf
1711,83,CONCESIÓN ALTO MAGDALENA S.A.S.,ALMA-2018-2748,CONSORCIO 4C,GP-8321,18/07/2018,Respuesta a su comunicación CI.004/GP4699/18/9.3 - Radicado ALMA-R-2018-2015 del 22 de junio de 2018 - Correcciones/Complementos UF1-UF2-UF4,15_04_Comunic_Recibidas/2018/CI004_GP-8321_090300_CON_2748_PDTES_UF4.pdf
1716,1,CONCESIÓN ALTO MAGDALENA S.A.S.,ALMA-2018-1389,CONSORCIO 4C,GP-7576,06/04/2018,"Respuesta a su comunicación, CI.004/GP4096/18/7.4.1 del 16 de Marzo de 2018 (Rad. Interno ALMA-R-2018-0939), Entrega de un (1) expediente predial de la unidad funcional 3 para aprobación de ficha predial.",15_04_Comunic_Recibidas/2018/CI004_GP-7576_070401_CON_1389_EXP_PREDIAL.pdf
1715,1,CONCESIÓN ALTO MAGDALENA S.A.S.,ALMA-2017-5278,CONSORCIO 4C,GP-7012,18/12/2017,Entrega de un (1) expediente de la Unidad Funcional 3 para revisión en la etapa de expropiación.,15_04_Comunic_Recibidas/2018/CI004_GP-7012_070404_CON_5278_EXP_EXPROP.pdf
1719,2,CONCESIÓN ALTO MAGDALENA S.A.S.,ALMA-2018-2423,CONSORCIO 4C,GP-8167,22/06/2018,Respuesta a su comunicación Cl.004/GP3051/17/7.1.7 - 7.1.8 del 20 de septiembre de 2017. (Radicado interno ALMA-R-2017-03194 del 20 de septiembre de 2017). Modificación obra hidráulica – K113+141.,15_04_Comunic_Recibidas/2018/CI004_GP-8167_070108-070107_CON_2423_OBRA_HIDRAU_K113.pdf
1717,3,CONCESIÓN ALTO MAGDALENA S.A.S.,ALMA-2018-2575,CONSORCIO 4C,GP-8239,28/06/2018,Reiteración de nuestra comunicación identificada con el consecutivo ALMA-2018-1203 del 21 de marzo de 2018 (Radicado INVIAS 22137 del 21 de marzo de 2018). Cesión Parcial Licencia Ambiental Resolución No. 331 del 04 de abril de 2014,15_04_Comunic_Recibidas/2018/CI004_GP-8239_070108_CON_2575_LICENCI_AMB.pdf
1718,17,AGENCIA NACIONAL DE INFRAESTRUCTURA - ANI,20183050377821,CONSORCIO 4C,GP-9130,18/11/2018,"Solicitud Respuesta a Solicitud Alcaldía La Dorada, Caldas - Proyecto Girardot - Honda - Puerto Salgar, Contrato de Concesión 003 de 2014. Alto Magdalena S.A.S.",15_04_Comunic_Recibidas/2018/CI004_GP-9130_070107_ANI_037782-1_SCTUD_ALC_LADORADA.pdf
1713,1,CONCESIÓN ALTO MAGDALENA S.A.S.,ALMA-2018-0991,CONSORCIO 4C,GP-7348,05/03/2018,Entrega de un (1) expediente para aprobación del Avalúo Comercial Corporativo.,15_04_Comunic_Recibidas/2018/CI004_GP-7348_070401_CON_0991_EXP_AVALUO.pdf
1720,1,CONCESIÓN ALTO MAGDALENA S.A.S.,ALMA-2018-4280,CONSORCIO 4C,GP-9164,14/11/2018,"Entrega del Informe No. 2 - Resolución CAR No. 013 del 5 de mayo de 2016, Expediente 53272. UF 4.2",15_04_Comunic_Recibidas/2018/CI004_GP-9164_070108_CON_4280_INF_N°2_RESOL_CAR_N°013.pdf
1721,3,CONCESIÓN ALTO MAGDALENA S.A.S.,ALMA-2018-0694,CONSORCIO 4C,GP-7195,12/02/2018,"Respuesta a la comunicación CI.004/GP3861/18/5.3 radicada en la Concesión Alto Magdalena S.A.S. el jueves 8 de febrero de 2018, mediante la cual solicita aclaración sobre la Póliza Todo Riesgo Construcción No.741 y el anexo 37473.",15_04_Comunic_Recibidas/2018/CI004_GP-7195_050300_CON_0694_POLIZ_RIESG_N°741.pdf
1725,1,CONCESIÓN ALTO MAGDALENA S.A.S.,ALMA-2018-1652,CONSORCIO 4C,GP-7892,25/04/2018,"Respuesta a su comunicación, CI.004/GP4096/18/7.4.1 del 16 de Marzo de 2018 (Rad. Interno ALMA-R-2018-0939), Entrega de un (1) expediente predial de la unidad funcional 3 para aprobación de ficha predial.",15_04_Comunic_Recibidas/2018/CI004_GP-7892_070401_CON_1652_EXP_PREDIAL.pdf
1724,2,CONCESIÓN ALTO MAGDALENA S.A.S.,ALMA-2018-1265,CONSORCIO 4C,GP-7483,23/03/2018,"Respuesta a su comunicación CI.004/GP3985/18/7.1.9 Radicado interno ALMA-R-2018-0737, Observaciones Plan de Gestión Social Contractual actualización anual.",15_04_Comunic_Recibidas/2018/CI004_GP-7483_070109_CON_1265_OBS_PLAN_SCIAL.pdf
1722,1,AGENCIA NACIONAL DE INFRAESTRUCTURA,2018-305-007741-1,CONSORCIO 4C,GP-7412,12/03/2018,Oficio radicado ANI 2018-409-019970-2 de 27/02/2018. Respuesta a comunicado ANI 2018-409-005652-2. Su Comunicación ALMA – 2018-0849 Proyecto Girardot – Honda – Puerto Salgar. Contrato de Concesión 003 de 2014 – Concesión Alto Magdalena S.A.S.,15_04_Comunic_Recibidas/2018/CI004_GP-7412_070103-070109_ANI_007741-1_PQR_EGUARNIZO.pdf
1714,2,CONCESIÓN ALTO MAGDALENA S.A.S.,ALMA-2018-2930,CONSORCIO 4C,GP-8438,31/07/2018,Entrega del Formato ANI-GCSP-F-203 Informe Ejecutivo - julio de 2018,15_04_Comunic_Recibidas/2018/CI004_GP-8438_070402-070201_CON_2930_FOR_GCSP-F203_JUL.pdf
1723,2,Agencia Nacional de Infraestructura,20183050395551,CONSORCIO 4C,GP-9269,27/11/2018,"Remisión informe interventoría al derecho de petición allegado a la Agencia por parte de la Sra. Claudia Corrales De La Torre - Proyecto Girardot - Honda - Puerto Salgar, Contrato de Concesión 003 de 2014. Alto Magdalena S.A.S.",15_04_Comunic_Recibidas/2018/CI004_GP-9269_070108_ANI_039555-1_DP_CCORRALES.pdf
1727,8,Agencia Nacional de Infraestructura,20183050269671,CONSORCIO 4C,GP-8579,21/08/2018,Cumplimiento en la normatividad constructiva y de demarcación en los accesos al eje vial desde predios ubicados en las unidades funcionales 2 y 4.,15_04_Comunic_Recibidas/2018/CI004_GP-8579_070304_ANI_026967-1_DEMARCA_EJE_VIAL_UF2_4.pdf
1726,2,CONCESIÓN ALTO MAGDALENA S.A.S.,ALMA-2018-3083,CONSORCIO 4C,GP-8510,10/08/2018,Incumplimientos aprobación de maniobras eléctricas por centro de control unidades funcionales 4 y 5.,15_04_Comunic_Recibidas/2018/CI004_GP-8510_070115_CON_3083_APRO_MANIOB_ELECTRI.pdf
1728,7,CONCESIÓN ALTO MAGDALENA S.A.S.,ALMA-2018-2795,CONSORCIO 4C,GP-8343,23/07/2018,Respuesta Comunicado ANI N° 20183050214781 rad. interno ALMA-R-2018-2258 del 17 de julio de 2018- Petición propietarios fincas Municipio de Nariño - Cundinamarca,15_04_Comunic_Recibidas/2018/CI004_GP-8343_070109_CON_2795_RTA_DP_FINCAS_NARIÑO.pdf
1729,9,CONCESIÓN ALTO MAGDALENA S.A.S.,ALMA-2018-3524,CONSORCIO 4C,GP-8755,11/09/2018,Renuncia a términos de ejecutoria de la Resolución 2618 del 04 de septiembre de 2018.,15_04_Comunic_Recibidas/2018/CI004_GP-8755_070108_CON_3524_RENUN_EJECU_RESOL_2618.pdf
1735,9,CONCESIÓN ALTO MAGDALENA S.A.S.,ALMA-2018-3482,CONSORCIO 4C,GP-8688,05/09/2018,Sus comunicaciones CI.004/GP4973/18/7.4.1.1 - Radicado ALMA-R-2018-2551 del 13 de agosto de 2018. CI.004/GP5088/18/7.4.1 - Radicado ALMA-R-2018-2745 del 31 de agosto de 2018.,15_04_Comunic_Recibidas/2018/CI004_GP-8688_070401_CON_3482_ACTA_OCURREN_EER_UF4.pdf
1733,1,CONCESIÓN ALTO MAGDALENA S.A.S.,ALMA-2018-3646,CONSORCIO 4C,GP-8794,17/09/2018,"Respuesta a los oficios: CI.004/GP5174/18/7.4.1, con fecha 11 de septiembre de 2018 y radicado interno ALMA-R-2018-2879, con fecha 13 de septiembre de 2018 - CI.004/GP5160/18/7.4.1, con fecha 10 de septiembre de 2018 y radicado interno ALMA-R-2018-2856, con fecha 11 de septiembre de 2018.",15_04_Comunic_Recibidas/2018/CI004_GP-8794_070401_CON_3646_EXP_PREDIAL.pdf
1732,8,CONCESIÓN ALTO MAGDALENA S.A.S.,ALMA-2018-3906,CONSORCIO 4C,GP-8905,08/10/2018,Respuesta a comunicación ANI Nº 20186060318191 con radicado interno ALMA-R-2018-3071 de 28 de septiembre de 2018- Identificada como PQRS UF1-2018-090. Informe de las Gestiones Predio ALMA-1-0015.,15_04_Comunic_Recibidas/2018/CI004_GP-8905_070401_CON_3906_GEST_PREDIO_1-0015.pdf
1730,1,CONCESIÓN ALTO MAGDALENA S.A.S.,ALMA-2018-0603,CONSORCIO 4C,GP-7226,20/02/2018,Entrega de un (1) expediente para aprobación del Avalúo Comercial Corporativo.,15_04_Comunic_Recibidas/2018/CI004_GP-7226_070401_CON_0603_EXP_AVALUO.pdf
1734,1,CONCESIÓN ALTO MAGDALENA S.A.S.,ALMA-2018-0729,CONSORCIO 4C,GP-7200,14/02/2018,Entrega de la Sabana Predial y Tira topográfica.,15_04_Comunic_Recibidas/2018/CI004_GP-7200_070401_CON_0729_SABAN_PREDIAL.pdf
1731,6,CONCESIÓN ALTO MAGDALENA S.A.S.,ALMA-2018-4292,CONSORCIO 4C,GP-9173,14/11/2018,Respuesta a su comunicación CI.004/GP4872/18/7.18 del 25 de julio de 2018. (Rad. Interno No. ALMA-R-2018-2346). - Seguimiento Marco Normativo UF 4.1.,15_04_Comunic_Recibidas/2018/CI004_GP-9173_070108_CON_4292_MARCO_NORMA_UF4.1.pdf
1738,2,CONCESIÓN ALTO MAGDALENA S.A.S.,ALMA-2018-1291,CONSORCIO 4C,GP-7520,27/03/2018,"Respuesta a sus comunicaciones CI.004/GP2868/17/7.1.9 - CI. 004/GP/3984/18/7.1.9 Radicados internos ALMA-R-2017-02807 - ALMA-R-2018-0736, Convenio SENA.",15_04_Comunic_Recibidas/2018/CI004_GP-7520_070109_CON_1291_CONVENIO_SENA.pdf
1737,9,CONCESIÓN ALTO MAGDALENA S.A.S.,ALMA-2018-0581,CONSORCIO 4C,GP-7174,05/02/2018,Respuesta a su comunicación Cl.004/GP3544/17/7.1.10 del 19 diciembre de 2017 (Radicado ALMA-R-2017-04415) Solicitudes pago seguridad Social Septiembre y Salarios de Agosto 2017.,15_04_Comunic_Recibidas/2018/CI004_GP-7174_070110_CON_0581_SEGYSAL_SEP_AGOS.pdf
1739,1,CONCESIÓN ALTO MAGDALENA S.A.S.,ALMA-2018-2045,CONSORCIO 4C,GP-7911,25/05/2018,Su comunicación 2018-305-013192-1 fechada el 02 de mayo de 2018 - Radicado ALMA-R-2018-1451 del 08 de mayo de 2018. Oficio radicado ANI 2018-409-037054-2. Seguimiento Plan Obras Intersección Puente Actual Puerto Salgar (Costado Occidental) - Norcasia.,15_04_Comunic_Recibidas/2018/CI004_GP-7911_070101_CON_2045_SEGUI_PTE_SALGAR.pdf
1742,1,CONCESIÓN ALTO MAGDALENA S.A.S.,ALMA-2018-1214,CONSORCIO 4C,GP-9144,20/03/2018,"Respuesta a su comunicación, CI.004/GP3889/18/7.4.1 del 13 de Febrero de 2018 (Rad. Interno ALMA-R-2018-0606), Entrega de un (1) expediente predial de la unidad funcional 3 para aprobación de Avalúo comercial corporativo.",15_04_Comunic_Recibidas/2018/CI004_GP-9144_070406_CON_1214_EXP_AVALUO.pdf
1736,6,CONCESIÓN ALTO MAGDALENA S.A.S.,ALMA-2018-2630,CONSORCIO 4C,GP-8305,12/07/2018,"Respuesta a Comunicado radicado salida ANI N° 2018-603-019886-1 (Radicado interno ALMA-R-2018-2134 del 29 de junio de 2018). Comunicaciones con Rad. ANI N° 20184090536872 y 20184090579722 - Solicitud interventoría, anexos presunto Evento Eximente de Responsabilidad por Hallazgo arqueológico UF 5.1.",15_04_Comunic_Recibidas/2018/CI004_GP-8305_050300_CON_2630_ANEX_EER_UF5.1.pdf
1743,1,CONCESIÓN ALTO MAGDALENA S.A.S.,ALMA-2017-5392,CONSORCIO 4C,GP-6881,26/12/2017,Entrega Informe Gerencial Mensual N° 38 – diciembre de 2017.,15_04_Comunic_Recibidas/2018/CI004_GP-6881_070500_CON_5392_INF_MEN_DIC17.pdf
1741,2,CONCESIÓN ALTO MAGDALENA S.A.S.,ALMA-2018-4197,CONSORCIO 4C,GP-9085,31/10/2018,Entrega del Formato ANI-GCSP-F-203 Informe Ejecutivo – octubre de 2018,15_04_Comunic_Recibidas/2018/CI004_GP-9085_070201-070109_CON_4197_FOR_GCSP_F-203_OCT.pdf
1744,1,CONCESIÓN ALTO MAGDALENA S.A.S.,ALMA-2018-0496,CONSORCIO 4C,GP-7079,31/01/2018,Respuesta a su comunicación Cl.004/GP3799/18/7.4.1 de fecha 29 de Enero de 2018. Entrega de un (1) expediente para aprobación del Avalúo Comercial Corporativo.,15_04_Comunic_Recibidas/2018/CI004_GP-7079_070401_CON_0496_EXP_AVALUO.pdf
1746,1,CONCESIÓN ALTO MAGDALENA S.A.S.,ALMA-2018-2506,CONSORCIO 4C,GP-8194,27/06/2018,"Respuesta a su comunicación, CI.004/GP4685/18/7.4.6 del 21 Junio de 2018 (Rad. Interno ALMA-R-2018-1994), Entrega de un (1) expedientes predial de la unidad funcional 3 para aprobación de Avalúo comercial corporativo.",15_04_Comunic_Recibidas/2018/CI004_GP-8194_070406_CON_2506_EXP_AVALUO.pdf
1745,1,CONCESIÓN ALTO MAGDALENA S.A.S.,ALMA-2018-2793,CONSORCIO 4C,GP-8389,23/07/2018,"Diseño Estructural Puentes Burras, Doradita y Gallera – Unidad Funcional 5.2",15_04_Comunic_Recibidas/2018/CI004_GP-8389_070107_CON_2793_DISEÑ_PTES_UF5.2.pdf
1740,1,CONCESIÓN ALTO MAGDALENA S.A.S.,ALMA-2018-4368,CONSORCIO 4C,GP-9186,19/11/2018,"Respuesta comunicación, CI.004/GP5477/18/7.4.6 del 31 Octubre de 2018 (Rad. Interno ALMA-R-2018-3444), Entrega de un (1) expedientes predial para aprobación de Avalúo comercial corporativo.",15_04_Comunic_Recibidas/2018/CI004_GP-9186_070406_CON_4368_EXP_AVALUO.pdf
1755,1,CONCESIÓN ALTO MAGDALENA S.A.S.,ALMA-2017-5138,CONSORCIO 4C,GP-6898,06/12/2017,Respuesta a su comunicación Cl.004/GP3458/17/7.4.1 del 1 de diciembre de 2017 (Rad. Interno 04080); Entrega de UN (1) expediente predial de la unidad funcional 4 para aprobación.,15_04_Comunic_Recibidas/2018/CI004_GP-6898_070401_CON_5138_EXPEDIENTE_PREDIAL_UF4_APROBACION.pdf
1791,2,CONCESIÓN ALTO MAGDALENA S.A.S.,ALMA-2018-3829,CONSORCIO 4C,GP-8957,03/10/2018,Respuesta a su Oficio Nro. CI.004/GP4707/18/7.4.4 relacionado con observaciones a resolución de expropiación de la UF 2.,15_04_Comunic_Recibidas/2018/CI004_GP-8957_070404_CON_3829_EXP_EXPRO.pdf
1789,1,Agencia Nacional de Infraestructura,2018-305-009317-1,CONSORCIO 4C,GP-7500,26/03/2018,Solicitud Basculas – verificación cumplimiento de normatividad aplicable – norma NTC 2031:2014 – Contrato de Interventoría No. 145 – Consorcio 4C.,15_04_Comunic_Recibidas/2018/CI004_GP-7500_070302_ANI_009317-1_BASCULAS_NTC_2031.pdf
1796,10,CONCESIÓN ALTO MAGDALENA S.A.S.,ALMA-2018-1836,CONSORCIO 4C,GP-7784,10/05/2018,"Respuesta a su oficio Cl.004/GP4106/18/7.1.8-7.1.9 del 21 de marzo de 2018, recibido mediante el consecutivo ALMA-R-2018-0958 el 21 de marzo de 2018.",15_04_Comunic_Recibidas/2018/CI004_GP-7784_070109_CON_1836_SEG_TRASL_GANADO.pdf
1792,5,CONCESIÓN ALTO MAGDALENA S.A.S.,ALMA-2018-4338,CONSORCIO 4C,GP-9199,19/11/2018,Respuesta comunicación CI.004/GP5502/18/7.3.3 del 01 de noviembre de 2018 (Radicado ALMA-R-2018-3475). Resultado Medición Niveles de Servicio – Septiembre de 2018,15_04_Comunic_Recibidas/2018/CI004_GP-9199_070303_CON_4338_NIVEL_SERV_SEP.pdf
1790,1,CONCESIÓN ALTO MAGDALENA S.A.S.,ALMA-2018-1867,CONSORCIO 4C,GP-8892,15/05/2018,Entrega de un (1) expediente para aprobación del Avalúo Comercial Corporativo de la unidad funcional 3.,15_04_Comunic_Recibidas/2018/CI004_GP-8892_070406_CON_1867_EXP_AVALUO.pdf
1794,1,CONCESIÓN ALTO MAGDALENA S.A.S.,ALMA-2018-0933,CONSORCIO 4C,GP-7341,08/03/2018,Entrega de dos (2) expedientes para aprobación del Avalúo Comercial Corporativo.,15_04_Comunic_Recibidas/2018/CI004_GP-7341_070401_CON_0933_EXP_AVALUO.pdf
1795,2,CONCESIÓN ALTO MAGDALENA S.A.S.,ALMA-2018-4145,CONSORCIO 4C,GP-9020,29/10/2018,Respuesta a la nueva reclamación de fecha 02 de Octubre de 2018 identificada con radicado interno PQRS-UF2-2018-344; solicitud restablecimiento económico predio ALMA-2-0163,15_04_Comunic_Recibidas/2018/CI004_GP-9020_070401_CON_4145_RESTABL_ECONO_PREDIO.pdf
1802,1,CONCESIÓN ALTO MAGDALENA S.A.S.,ALMA-2018-4154,CONSORCIO 4C,GP-9047,29/10/2018,Respuesta comunicación CI.004/GP5372/18/7.1.7 del 12 de octubre de 2018 (Radicado interno ALMA-R-2018-3209.) Prueba de carga faltantes en los Puente de la UF 5.2 y el Nuevo Puente de Puerto Salgar de la UF 5.4.,15_04_Comunic_Recibidas/2018/CI004_GP-9047_070107_CON_4154_CARGA_PTES_UF5.pdf
1798,7,CONCESIÓN ALTO MAGDALENA S.A.S.,ALMA-2018-1640,CONSORCIO 4C,GP-7725,23/04/2018,Respuesta a Comunicado Cl.004/GP4090/18/7.1.8 del 20 de marzo de 2018 (Rad. Interno ALMA-R-2018-0933 del 20 de marzo de 2018). Aspectos e Impactos Ambientales Unidad Funcional 2.,15_04_Comunic_Recibidas/2018/CI004_GP-7725_070108_CON_1640_ASP_IMPAC_UF2.pdf
1797,1,CONCESIÓN ALTO MAGDALENA S.A.S.,ALMA-2018-3315,CONSORCIO 4C,GP-8633,23/08/2018,"Entrega de UN (1) expediente predial de la unidad funcional 5, para aprobación.",15_04_Comunic_Recibidas/2018/CI004_GP-8633_070401_CON_3315_EXP_PREDIAL.pdf
1800,1,CONCESIÓN ALTO MAGDALENA S.A.S.,ALMA-2018-1721,CONSORCIO 4C,GP-7924,27/04/2018,Entrega de expediente predial de la unidad funcional 3 para revisión del componente Social.,15_04_Comunic_Recibidas/2018/CI004_GP-7924_070402_CON_1721_EXP_SOCIAL.pdf
1793,1,CONCESIÓN ALTO MAGDALENA S.A.S.,ALMA-2018-0625,CONSORCIO 4C,GP-7178,06/02/2017,Respuesta a su comunicación Cl.004/GP3728/18/7.1.10 del 11 de enero de 2018 (Rad. Interno ALMA-R-2018-0137) Solicitud Informe Auditorias Integrales SST.,15_04_Comunic_Recibidas/2018/CI004_GP-7178_070110_CON_0625_ADITOR_SST.pdf
1803,1,CONCESIÓN ALTO MAGDALENA S.A.S.,ALMA-2018-0555,CONSORCIO 4C,GP-7125,02/02/2018,Entrega Edición No 12 de la Revista ALMA AL DÍA CON LAS NOTICIAS.,15_04_Comunic_Recibidas/2018/CI004_GP-7125_070109_CON_0555_REVISTA_ALMA.pdf
1799,1,CONCESIÓN ALTO MAGDALENA S.A.S.,ALMA-2018-2633,CONSORCIO 4C,GP-8306,12/07/2018,Comunicación CI.004/GP3520/17/7.1.7 - Radicado ALMA-R-2017-04204 del 01 de diciembre de 2017 - Andén Oriental UF5.,15_04_Comunic_Recibidas/2018/CI004_GP-8306_070107_CON_2633_ANDEN_ORIENTAL_UF5.pdf
1801,4,Agencia Nacional de Infraestructura,20183050367921,CONSORCIO 4C,GP-9106,02/11/2018,Solicitud Inspección Ocular e informe Corregimiento Puerto Bogotá - Derecho de Petición Jeanett Sanchez y Maria Eugenia Lugo comunicación con radicado ANI No 20184091103752 - Contrato de Concesión No 003 de 2014 - Girardot - Honda - Puerto Salgar.,15_04_Comunic_Recibidas/2018/CI004_GP-9106_070109_ANI_036792-1_DP_JSANCHEZ.pdf
1806,2,Agencia Nacional de Infraestructura,20183050348151,CONSORCIO 4C,GP-9135,17/10/2018,Solicitud municipio de Girardot intervención Cra -24 vía Nariño - Contrato de Concesión No 003 de 2014 - Girardot - Honda - Puerto Salgar.,15_04_Comunic_Recibidas/2018/CI004_GP-9135_050300_ANI_034815-1_INT_CRA24_VIA_NARIÑO.pdf
1805,2,Agencia Nacional de Infraestructura,20183050410291,CONSORCIO 4C,GP-9336,12/12/2018,Solicitud concepto de viabilidad fondeo Subcuenta Aportes ANI - Contrato de Concesión No 003 de 2014 - Girardot - Honda - Puerto Salgar.,15_04_Comunic_Recibidas/2018/CI004_GP-9336_070203_ANI_041029-1_VIABILI_SUBCTA_APORTES_ANI.pdf
1807,1,CONCESIÓN ALTO MAGDALENA S.A.S.,ALMA-2018-2787,CONSORCIO 4C,GP-8382,23/07/2018,Respuesta comunicación C.I.004/GP4750/18/9.3 - Radicado ALMA-R-2018-2139 del 03 de julio de 2018 - Cronograma Pilotaje Faltante P1 - K126+290 UF4,15_04_Comunic_Recibidas/2018/CI004_GP-8382_090300_CON_2787_PILOTAJE_P1_UF4.pdf
1804,8,JUZGADO PROMISCUO MUNICIPAL DE BELTRÁN CUNDINAMARCA,0009,CONSORCIO 4C,GP-7257,08/02/2018,"ACCIONANTE: CONTRA: ACCION DE TUTELA SWANNY YINETH GAMBOA CARRILLO CONCESIÓN AL TO MAGDALENA S.A.S. y CONSORCIO 4C ACCION DE TUTELA SWANNY YINETH GAMBOA CARRILL9, mayor de edad, vecino de esta ciudad, identificado con la· cedula de· ciudadanía número 1.078.827.560 de Viota, Cundinamarca, obrando a nombre propio y, que mediante el presente escrito y de acuerdo con los preceptos legales y constitucionales contenidos en los artículos 5, 6, 11, 13, 44, 48, 49 y 86 de nuestra carta magna y decreto 2591 de 1991, me permito presentar ACCION DE TUTELA en contra de la CONCESIÓN AL TO MAGDALENA S.A.S. y CONSORCIO 4C, que por su omisión están vulnerando mi derecho fundamental de Petición, consagrado en la constitución política. HECHO PRIMERO: El 1 O de octubre de 2017 , se envió mediante correo electrónico INCONFORMIDAD A LA RESPUESTA DEL PORS UF3 2017 147 DEL 14 DE JULIO DE 2017, a la CONCESIÓN ALTO MAGDALENA S.A.S. y CONSORCIO 4C. (Anexo pantal/azo de envió) SEGUNDO: El 17 de septiembre de 2017 recibo de parte del Consorcio 4C, oficio Cl.004/GP3278/17/7.1.9. Girardot, dirigido a la CONCESIÓN AL TO MAGDALENA S.A.S., en la cual expresa: ""Por lo tanto y como parte del trámite correspondiente desde la Interventora, se solicita al Concesionario nos presente un informe de toda la investigación realizada, con la cual se concluye con la respuesta brindada a la Sra. Gamboa"". Sin embargo, hasta la fecha no he recibido respuesta de fondo a mi inconformidad de parte CONCESIÓN AL TO MAGDALENA S.A.S. y CONSORCIO 4C, lo cual genera una vulneración a mi derecho de peticióil y en consecuencia se solicita la siguiente. PRETENSION PRIMERO: TUTELAR el derechos fundamental de petición de la suscrita, y en consecuencia, ORDENAR que dentro del término de las cuarenta y ocho (48) horas siguientes a la notificación de la presente decisión, proceda la CONCESIÓN AL TO MAGDALENA S.A.S. y CONSORCIO 4C, a dar respuesta a la petición enviada el 1 O de octubre de 2017. 6{ 1 PRUE, Solicito que se sirva tener en cuenta la siguiente prueba documental: 1. Fotocopia del correo electrónico enviado el 1 O de octubre de 2017 2. Fotocopia de la cedula 3. Fotocopia del oficio Cl.004/GP3278/17/7.1.9. Girardot-CND, 17 de octubre de 2017 COMPETENCIA Es usted competente, señor Juez, por la naturaleza constitucional del asunto y por tener jurisdicción en el lugar donde tuvieron ocurrencia los hechos que vulneran o amenazan los derechos fundamentales invocados segú él artículo 37' del Decreto 2591 de 1991. JURAMENTO Declaro bajo la gravedad del juramento que no he intentado ante otra instancia de tipo judicial acción de tutela por las mismas causas y donde se consideren los mismos hechos, por lo tanto, no me encuentro incurso en la actuación temeraria de que habla el artículo 38 del Decreto 2591 de 1991. - Sírvase su señoría tener como anexos los documentos enunciados en el capítulo de pruebas. NOTIFICACIONES ACCIONANTE: Palacio municipal 1 piso Personería municipal de Beltrán Teléfono: 3214641547 ACCIONADA: CONCESIÓN ALTO DE MAGDALENA Calle 13 No. 1 O - 16, Bodega Sur Honda - Tolima CONSORCIO 4C Calle 30 Nº 8 - 19 - Girardot, Cundinamarca",15_04_Comunic_Recibidas/2018/CI004_GP-7257_070109_JBELTRAN_250864089001_TUTELA.pdf
1811,2,CONCESIÓN ALTO MAGDALENA S.A.S.,ALMA-2018-0086,CONSORCIO 4C,GP-6905,05/01/2018,Entrega de un (1) expediente predial de la unidad funcional 2 para revisión del componente Social.,15_04_Comunic_Recibidas/2018/CI004_GP-6905_070402_CON_0086_EXPEDIENTE_SOCIAL_UF2.pdf
1808,1,CONCESIÓN ALTO MAGDALENA S.A.S.,ALMA-2018-2941,CONSORCIO 4C,GP-8442,31/07/2018,Entrega de expediente predial de la unidad funcional 3 para revisión del componente Social.,15_04_Comunic_Recibidas/2018/CI004_GP-8442_070402_CON_2941_EXP_SOCIAL.pdf
1810,2,CONCESIÓN ALTO MAGDALENA S.A.S.,ALMA-2018-1339,CONSORCIO 4C,GP-7535,03/04/2018,Entrega del Formato ANI-GCSP-F-203 Informe Ejecutivo - marzo de 2018,15_04_Comunic_Recibidas/2018/CI004_GP-7535_070201-070109_CON_1339_FOR_GCSP-F203_MAR.pdf
1813,2,CONCESIÓN ALTO MAGDALENA S.A.S.,ALMA-2018-3795,CONSORCIO 4C,GP-8851,01/10/2018,Respuesta comunicación CI.004/GP4901/18/7.1.1 - Radicado ALMA-R-2018-2392 del 27 de julio de 2018. Seguimiento Plan de Obras Intersección La Melisa UF 5,15_04_Comunic_Recibidas/2018/CI004_GP-8851_070401_CON_3795_SEGUI_PLAN_OBRAS_MELISA.pdf
1809,1,CONCESIÓN ALTO MAGDALENA S.A.S.,ALMA-2018-1790,CONSORCIO 4C,GP-7803,07/05/2018,"Respuesta a su comunicación, CI.004/GP4327/18/7.4.6 del 24 Abril de 2018 (Rad. Interno ALMA-R-2018-1343), expediente predial de la unidad funcional 3 para aprobación de Avalúo comercial corporativo.",15_04_Comunic_Recibidas/2018/CI004_GP-7803_070406_CON_1790_EXP_AVALUO.pdf
1812,1,CONCESIÓN ALTO MAGDALENA S.A.S.,ALMA-2018-0795,CONSORCIO 4C,GP-7251,19/02/2018,"Entrega de un (1) expediente para aprobación del Avalúo Comercial Corporativo de la unidad funcional 3, (entrega de documentos resolución 2684 de 2015)",15_04_Comunic_Recibidas/2018/CI004_GP-7251_070401_CON_0795_EXP_AVALUO.pdf
1817,1,CONCESIÓN ALTO MAGDALENA S.A.S.,ALMA-2018-0484,CONSORCIO 4C,GP-7107,06/02/2018,Respuesta a su comunicación identificada con el consecutivo CI.004/GP3791/18/7.4.1 del 23 de enero de 2018 (ALMA-R-2018-0338 del 25 de enero de 2018). Entrega de un (01) expediente predial de la Unidad Funcional 2 para aprobación.,15_04_Comunic_Recibidas/2018/CI004_GP-7107_070401_CON_0484_EXP_PREDIAL.pdf
1815,1,Agencia Nacional de Infraestructura,20183050278451,CONSORCIO 4C,GP-8594,27/08/2018,Solicitud reporte de estado de pendientes constructivos en Unidades Funcionales 3 y 5.,15_04_Comunic_Recibidas/2018/CI004_GP-8594_091000_ANI_027845-1_PDTES_UF3_UF5.pdf
1814,1,Fiduciaria Bogotá,CSSA2018028340,CONSORCIO 4C,GP-9092,26/09/2018,SOPORTES DE OPERACIONES DEL 1 AL 31 AGOSTO 2018 P.A CONCESION ALTO MAGDALENA 3-1-63664,15_04_Comunic_Recibidas/2018/CI004_GP-9092_070202_FBTA_028340_SOPORT_OPERA_AGO.pdf
1816,1,CONCESIÓN ALTO MAGDALENA S.A.S.,ALMA-2018-3837,CONSORCIO 4C,GP-9102,03/10/2018,Remisión Actas de Cálculo de Retribución No. 1 UF1 y UF2,15_04_Comunic_Recibidas/2018/CI004_GP-9102_060200_CON_3837_ACTAS_RETRIBU_N°1_UF1_2.pdf
1818,3,CONCESIÓN ALTO MAGDALENA S.A.S.,ALMA-2018-2274,CONSORCIO 4C,GP-8088,12/06/2018,"Entrega de soportes de los correspondientes Pagos de Seguridad Social para el mes de abril de 2018 y Pago de Salarios del mes de marzo de 2018, e ingreso de personal.",15_04_Comunic_Recibidas/2018/CI004_GP-8088_070110_CON_2274_SEGYSAL_ABR_MAR.pdf
1819,1,CONCESIÓN ALTO MAGDALENA S.A.S.,ALMA-2018-1970,CONSORCIO 4C,GP-7867,21/05/2018,Su comunicación CI.004/GP4385/18/7.1.3 – Radicado ALMA-R-2018-1471 del 8 de mayo de 2018. Solicitud Protocolo Prueba de Carga Puente Sobre Río Magdalena UF1.,15_04_Comunic_Recibidas/2018/CI004_GP-7867_070103_CON_1970_PRUEBA_PTE_UF1.pdf
1820,1,CONCESIÓN ALTO MAGDALENA S.A.S.,ALMA-2018-3950,CONSORCIO 4C,GP-9147,10/10/2018,"Respuesta comunicación, CI.004/GP5307/18/7.4.1 del 21 de Septiembre de 2018 (Rad. Interno ALMA-R-2018-2236), Entrega de (1) expediente predial ALMA-3-0121 para aprobación de ficha predial.",15_04_Comunic_Recibidas/2018/CI004_GP-9147_070401_CON_3950_EXP_PREDIAL.pdf
1822,3,CONCESIÓN ALTO MAGDALENA S.A.S.,ALMA-2018-1005,CONSORCIO 4C,GP-7326,05/03/2018,Respuesta a la comunicación ANI No. 2018-305-003099-1 del 02/02/2018 (radicado interno ALMA-R-2018-0516 del 12-02-2018 identificado como PQRS- UF5- 2018- 321 del 04-01-2018 - Traslado Derecho de petición Sr. Wilder Harold Arboleda.,15_04_Comunic_Recibidas/2018/CI004_GP-7326_070109_CON_1005_DP_WARBOLEDA.pdf
1824,1,CONCESIÓN ALTO MAGDALENA S.A.S.,ALMA-2018-3811,CONSORCIO 4C,GP-8853,03/10/2018,Entrega de la Sabana Predial y Tira topográfica.,15_04_Comunic_Recibidas/2018/CI004_GP-8853_070401_CON_3811_SABANA_PREDIAL.pdf
1823,1,CONCESIÓN ALTO MAGDALENA S.A.S.,ALMA-2018-3500,CONSORCIO 4C,GP-8702,07/09/2018,"Entrega de un (1) expediente predial de la unidad funcional 3 con componente Social, para revisión y aprobación.",15_04_Comunic_Recibidas/2018/CI004_GP-8702_070401_CON_3500_EXP_SOCIAL.pdf
1828,1,CONCESIÓN ALTO MAGDALENA S.A.S.,ALMA-2018-4635,CONSORCIO 4C,GP-9330,07/12/2018,"Respuesta comunicación CI.004/GP5602/18/7.1.9 Radicado interno ALMA-R-2018-3627, Observaciones Informe Trimestral Social N.16.",15_04_Comunic_Recibidas/2018/CI004_GP-9330_070109_CON_4635_OBS_INF_TRIMES_SCIAL16.pdf
1826,1,CONCESIÓN ALTO MAGDALENA S.A.S.,ALMA-2017-4827,CONSORCIO 4C,GP-7115,20/11/2017,Entrega de un (1) expediente para aprobación del Avalúo Comercial Corporativo.,15_04_Comunic_Recibidas/2018/CI004_GP-7115_070401_CON_4827_EXP_AVALUO.pdf
1827,2,CONCESIÓN ALTO MAGDALENA S.A.S.,ALMA-2018-0196,CONSORCIO 4C,GP-6997,15/01/2018,"Entrega solicitud de modificación de la Licencia Ambiental Resolución No. 1684 del 24 de diciembre de 2015 para la Unidad Funcional 5, subsector 3, Expediente LAV0068-00-2015, del proyecto denominado ""Conexión vía Honda - La Dorada Ruta 4510 con la vía Puerto Salgar - El Koran Ruta 4510, incluye puente nuevo sobre el rio Magdalena.",15_04_Comunic_Recibidas/2018/CI004_GP-6997_070108_CON_0196_LIC_AMBIENT_UF5.pdf
1829,2,CONCESIÓN ALTO MAGDALENA S.A.S.,ALMA-2018-3196,CONSORCIO 4C,GP-8560,17/08/2018,Sus comunicaciones CI.004/GP4727/18/7.1.1 - Radicado ALMA-R-2018-2158 del 04 de julio de 2018. - CI.004/GP4154/18/7.1.3 - Radicado ALMA-R-2018-1040 del 28 de marzo de 2018. Seguimiento Plan de Obras - Gestión Predial Intersección a desnivel El Korán Ruta 45CLB. Seguimiento Plan de Obras Intersección Korán UF5 - Respuesta ALMA-2018-2403. Avance Obras - Gestión Predial UF 5,15_04_Comunic_Recibidas/2018/CI004_GP-8560_070101_CON_3196_SEGUI_KORAN_UF5.pdf
1825,1,AGENCIA NACIONAL DE INFRAESTRUCTURA,2018-305-037667-1,CONSORCIO 4C,GP-9142,13/11/2018,Oficio radicado ANI 20184091143652 del 1 de noviembre de 2018. Saneamiento del incumplimiento detectado de la obligación relacionada con la actualización de las Listas Blancas en la estación de Peaje Cambao. Proyecto Girardot - Honda - Puerto Salgar. Contrato de Concesión 003 de 2014 - Concesión Alto Magdalena S.A.S.,15_04_Comunic_Recibidas/2018/CI004_GP-9142_070301_ANI_037667-1_LISTAS_BLANCAS.pdf
1830,1,CONCESIÓN ALTO MAGDALENA S.A.S.,ALMA-2018-3555,CONSORCIO 4C,GP-8830,11/09/2018,Entrega de (1) expediente predial de la unidad funcional 3 para aprobación de ficha predial.,15_04_Comunic_Recibidas/2018/CI004_GP-8830_070401_CON_3555_EXP_PREDIAL.pdf
1821,5,CONCESIÓN ALTO MAGDALENA S.A.S.,ALMA-2018-3115,CONSORCIO 4C,GP-8545,15/08/2018,Respuesta comunicación CI.004/GP4929/18/7.1.8 del 02 de agosto de 2018 (Radicado interno ALMA-R-2018-2455 del 02 de agosto de 2018). Seguimiento Marco Normativo UF 4.2 / Respuesta ALMA-2018-2052.,15_04_Comunic_Recibidas/2018/CI004_GP-8545_070108_CON_3115_SEGUI_NORMA_UF4.2.pdf
1832,1,CONCESIÓN ALTO MAGDALENA S.A.S.,ALMA-2018-3383,CONSORCIO 4C,GP-8691,29/08/2018,Entrega de un expediente predial de la unidad funcional 5 para aprobación.,15_04_Comunic_Recibidas/2018/CI004_GP-8691_070401_CON_3383_EXP_PREDIAL.pdf
1831,4,CONCESIÓN ALTO MAGDALENA S.A.S.,ALMA-2018-0399,CONSORCIO 4C,GP-7044,26/01/2018,Respuesta a reclamación identificado como PQRS-UF5-2018-321 del 04 de enero de 2018 - Manifiesto de inconformidad a la respuesta brindada a través de oficio ALMA -2017-5417 - Pago panorámico.,15_04_Comunic_Recibidas/2018/CI004_GP-7044_070109_CON_0399_PQRS_WARBOLEDA.pdf
1837,1,CONCESIÓN ALTO MAGDALENA S.A.S.,ALMA-2018-3255,CONSORCIO 4C,GP-8567,17/08/2018,Memoria Técnica Mes de Julio de 2018.,15_04_Comunic_Recibidas/2018/CI004_GP-8567_070500_CON_3255_MEMOTEC_JUL.pdf
1833,2,CONCESIÓN ALTO MAGDALENA S.A.S.,ALMA-2018-3972,CONSORCIO 4C,GP-8967,12/10/2018,Respuesta a sus comunicaciones CI.004/GP4572/18/7.1.8 - (Rad. ALMA-R-2018-1809 del 05 de junio de 2018) y CI.004/GP4744/18/7.1.8 - (Rad. ALMA-R-2018-2123 del 29 de junio de 2018) Manejo Inadecuado de Material de Derrumbes y RCD UF4.2.,15_04_Comunic_Recibidas/2018/CI004_GP-8967_070108_CON_3972_MANEJ_MATERIAL.pdf
1836,1,CONCESIÓN ALTO MAGDALENA S.A.S.,ALMA-2018-1985,CONSORCIO 4C,GP-7878,22/05/2018,Su comunicación Cl.004/GP4364/18/7.1.1 – Radicado ALMA-R-2018-1428 del 04 de mayo de 2018. Seguimiento Plan de Obras Área de Servicio.,15_04_Comunic_Recibidas/2018/CI004_GP-7878_070101_CON_1985_SEGUI_AREA_SERVIC.pdf
1835,1,CONCESIÓN ALTO MAGDALENA S.A.S.,ALMA-2018-3342,CONSORCIO 4C,GP-8638,27/08/2018,Entrega de un (1) expediente para aprobación del Avalúo Comercial Corporativo de la unidad funcional 3.,15_04_Comunic_Recibidas/2018/CI004_GP-8638_070406_CON_3342_EXP_AVALUO.pdf
1838,4,CONCESIÓN ALTO MAGDALENA S.A.S.,ALMA-2018-2943,CONSORCIO 4C,GP-8476,31/07/2018,Certificación de disposición de residuos Peaje Cambao,15_04_Comunic_Recibidas/2018/CI004_GP-8476_070108_CON_2943_RESIDUOS_PEAJ_CAMBAO.pdf
1842,1,CONCESIÓN ALTO MAGDALENA S.A.S.,ALMA-2018-0700,CONSORCIO 4C,GP-7196,12/02/2018,"Respuesta a su comunicación CI.004/GP3806/18/7.1.9 Radicado interno ALMA-R-2018-0385, actualización anual Plan de Gestión Social Contractual",15_04_Comunic_Recibidas/2018/CI004_GP-7196_070109_CON_0700_ACT_GESTI_SCIAL.pdf
1834,3,Agencia Nacional de Infraestructura,20183050308461,CONSORCIO 4C,GP-8768,17/09/2018,"Traslado Derecho de Petición presentado por el señor Heliodoro Alvarez - Proyecto Girardot - Honda - Puerto Salgar, Contrato de Concesión 003 de 2014. Alto Magdalena S.A.S.",15_04_Comunic_Recibidas/2018/CI004_GP-8768_070109_ANI_030846-1_DP_HALVAREZ.pdf
1839,1,CONCESIÓN ALTO MAGDALENA S.A.S.,ALMA-2018-1984,CONSORCIO 4C,GP-7877,22/05/2018,Su comunicación 2018-305-014659-1 fechada el 15 de mayo de 2018 - Radicado ALMA-R-2018-1628 del 22 de mayo de 2018. Oficio radicado ANI 2018-409-044650-2. Seguimiento Plan Obras Rehabilitación Honda – La Dorada.,15_04_Comunic_Recibidas/2018/CI004_GP-7877_070101_CON_1984_SEGUI_REHAB_HONDA.pdf
1841,1,CONCESIÓN ALTO MAGDALENA S.A.S.,ALMA-2018-1138,CONSORCIO 4C,GP-7435,14/03/2018,PMT Glorieta La Melisa – Unidad Funcional 5.2,15_04_Comunic_Recibidas/2018/CI004_GP-7435_070111_CON_1138_PMT_GLOR_MELISA.pdf
1845,1,CONCESIÓN ALTO MAGDALENA S.A.S.,ALMA-2018-0201,CONSORCIO 4C,GP-6951,16/01/2018,Respuesta ha comunicado CI.004/GP/3494/17/7.1/.15 con radicado ALMA-R-2017-04177 Inventario de Redes,15_04_Comunic_Recibidas/2018/CI004_GP-6951_070115_CON_0201_INVENT_REDES.pdf
1840,4,CONCESIÓN ALTO MAGDALENA S.A.S.,ALMA-2018-2304,CONSORCIO 4C,GP-8050,12/06/2018,Presentación de los formatos establecidos en el Numeral 4.5 Literal (u) Parte general del Contrato.,15_04_Comunic_Recibidas/2018/CI004_GP-8050_070200_CON_2304_FOR_GCSP-F009_MAY.pdf
1844,3,CONCESIÓN ALTO MAGDALENA S.A.S.,ALMA-2018-1426,CONSORCIO 4C,GP-8202,10/04/2018,Respuesta a su comunicación Cl.004/GP4078/18/7.1.10 del 15 marzo de 2018 (Radicado ALMA-R-2018-0886) Condiciones de seguridad UF5 Semana 162.,15_04_Comunic_Recibidas/2018/CI004_GP-8202_070110_CON_1426_SEG_UF5_S162.pdf
1847,1,AGENCIA NACIONAL DE INFRAESTRUCTURA,2018-305-013884-1,CONSORCIO 4C,GP-7781,08/05/2018,Respuesta a su oficio No 2018-409-030796-2 de 27/03/2018. - Evaluación del personal de Interventoría Proyecto Girardot – Honda – Puerto Salgar. Contrato de Interventoría 145 de 2014 - Consorcio 4C.,15_04_Comunic_Recibidas/2018/CI004_GP-7781_020200_ANI_013884-1_EVAL_PERSO_INTERV.pdf
1843,8,CONCESIÓN ALTO MAGDALENA S.A.S.,ALMA-2018-4691,CONSORCIO 4C,GP-9395,17/12/2018,Respuesta a comunicación Cl.004/GP4936/18/7.1.8 (Rad Interno ALMA-R-2018-2462 del 02/08/2018) – Seguimiento Marco Normativo UF 5.2.,15_04_Comunic_Recibidas/2018/CI004_GP-9395_070108_CON_4691_SEGUI_NORMA_UF5.2.pdf
1846,1,CONCESIÓN ALTO MAGDALENA S.A.S.,ALMA-2018-2925,CONSORCIO 4C,GP-9070,31/07/2018,"Respuesta a su comunicación, CI.004/GP4774/18/7.4.6 del 05 Julio de 2018 (Rad. Interno ALMA-R-2018-2170), Entrega de un (1) expediente predial de la unidad funcional 3 para aprobación de Avalúo comercial corporativo.",15_04_Comunic_Recibidas/2018/CI004_GP-9070_070406_CON_2925_EXP_AVALUO.pdf
1849,4,AGENCIA NACIONAL DE INFRAESTRUCTURA,2018-200-010711-3,CONSORCIO 4C,GP-8355,18/07/2018,"Respuesta radicado No. 20183050081843, aclaración de los 180 días; acta de terminación Unidades funcionales Contrato de concesión N°003 de 2014",15_04_Comunic_Recibidas/2018/CI004_GP-8355_050300_ANI_010711-3_TERMI_UNDID_FUNCIONAL.pdf
1850,1,Fiduciaria Bogotá,CSSA2018008801,CONSORCIO 4C,GP-7498,22/03/2018,INFORME MENSUAL - FEBRERO DE 2018 P.A. ALTO MAGDALENA 3-1 63664,15_04_Comunic_Recibidas/2018/CI004_GP-7498_070202_FBTA_008801_INF_FEB_18.pdf
1851,1,Fiduciaria Bogotá,CSSA2018007425,CONSORCIO 4C,GP-7540,09/03/2018,"ENTREGA CD SOPORTES DE PAGOS SUBCUENTA PREDIOS, REDES, INTERVENTORÍA Y SUPERVISIÓN Y COMPENSACIONES AMBIENTALES P.A. ALTO MAGDALENA 3-1 63664",15_04_Comunic_Recibidas/2018/CI004_GP-7540_070201_FBTA_007425_SOP_PAG_SUCTAS.pdf
1855,1,CONCESIÓN ALTO MAGDALENA S.A.S.,ALMA-2018-3774,CONSORCIO 4C,GP-8845,28/09/2018,Respuesta a su comunicación CI.004/GP3404/17/7.1.3 - Radicado ALMA-R-2017-03983 del 15 de noviembre de 2017. Seguimiento Calidad Procesos Constructivos Hundimiento Estructura Pavimento K80+700 Unidad Funcional 3,15_04_Comunic_Recibidas/2018/CI004_GP-8845_070103_CON_3774_PAVI_K80_UF3.pdf
1854,1,CONCESIÓN ALTO MAGDALENA S.A.S.,ALMA-2018-2361,CONSORCIO 4C,GP-8110,19/06/2018,"Planos Proceso Constructivo Puente P14 – K79+650, Unidad Funcional 3.",15_04_Comunic_Recibidas/2018/CI004_GP-8110_070103_CON_2361_PLANOS_PTE_P14.pdf
1853,1,CONCESIÓN ALTO MAGDALENA S.A.S.,ALMA-2018-1772,CONSORCIO 4C,GP-7855,04/05/2018,Entrega de un (1) expediente de la Unidad Funcional 2 para revisión en la etapa de expropiación.,15_04_Comunic_Recibidas/2018/CI004_GP-7855_070404_CON_1772_EXP_EXPRO.pdf
1856,1,CONCESIÓN ALTO MAGDALENA S.A.S.,ALMA-2018-3272,CONSORCIO 4C,GP-8574,21/08/2018,Entrega de un (1) expediente para aprobación del Avalúo Comercial Corporativo.,15_04_Comunic_Recibidas/2018/CI004_GP-8574_070406_CON_3272_EXP_AVALUO.pdf
1848,1,AGENCIA NACIONAL DE INFRAESTRUCTURA,2018-305-011337-1,CONSORCIO 4C,GP-7643,16/04/2018,Oficios radicados ANI 2018-409-035547-2. Traslado Solicitud De explicación Proyecto Girardot - Honda - Puerto Salgar. Contrato de Concesión 003 de 2014 - Concesión Alto Magdalena S.A.S.,15_04_Comunic_Recibidas/2018/CI004_GP-7643_070109_ANI_011337-1_SCTUD_EXPLICA.pdf
1859,4,CONCESIÓN ALTO MAGDALENA S.A.S.,CI004/GP-9403/19.7.1.7,CONSORCIO 4C,GP-9403,21/12/2018,Reconstrucción cerramiento Polideportivo Puerto Bogotá,15_04_Comunic_Recibidas/2018/CI004_GP-9403_070109-070401_CON_4716_CERRA_POLIDEPORTIVO.pdf
1852,1,CONCESIÓN ALTO MAGDALENA S.A.S.,ALMA-2018-4293,CONSORCIO 4C,GP-9174,14/11/2018,Entrega Informe Gerencial Mensual N° 48 – octubre de 2018,15_04_Comunic_Recibidas/2018/CI004_GP-9174_070500_CON_4293_INF_MEN_48_OCT.pdf
1858,1,CONCESIÓN ALTO MAGDALENA S.A.S.,ALMA-2018-1900,CONSORCIO 4C,GP-7848,15/05/2018,Respuesta a su comunicación CI.004/GP4341/18/7.4.1 de fecha 25 de Abril de 2018. Entrega de un (1) expediente para aprobación de Concepto Técnico de Titulo Minero.,15_04_Comunic_Recibidas/2018/CI004_GP-7848_070401_CON_1900_EXP_TITUL_MINER.pdf
1860,1,Fiduciaria Bogotá,CSSA2018033502,CONSORCIO 4C,GP-9346,23/11/2018,INFORME MENSUAL DEL 1 AL 31 DE OCTUBRE DE 2018 FIDEICOMISO FIDUBOGOTA-CONCESION ALTO MAGDALENA 3-1-63664,15_04_Comunic_Recibidas/2018/CI004_GP-9346_070202_FBTA_033502_INF_MEN_OCT.pdf
1857,1,CONCESIÓN ALTO MAGDALENA S.A.S.,ALMA-2018-0702,CONSORCIO 4C,GP-7198,12/02/2018,"Respuesta a sus comunicaciones Cl. 004/GP/1766/17/7.4.2 - CI.004/GP3709/18/7.1.9 Radicado interno ALMA-R-2018-0107, presentación nuevo convenio Sena.",15_04_Comunic_Recibidas/2018/CI004_GP-7198_070109_CON_0702_CONVEN_SENA.pdf
1861,5,ZERONINE LATAM SAS,,CONSORCIO 4C,GP-6906,09/01/2018,,15_04_Comunic_Recibidas/2018/CI004_GP-6906_070303_ZERONINE_SINNUMERO_CERT_GALGO.pdf
1865,1,CONCESIÓN ALTO MAGDALENA S.A.S.,ALMA-2018-0529,CONSORCIO 4C,GP-7150,02/02/2018,Entrega de un (1) expediente para aprobación del Avalúo Comercial Corporativo de la unidad funcional 3.,15_04_Comunic_Recibidas/2018/CI004_GP-7150_070401_CON_0529_EXP_AVALUO.pdf
1864,1,CONCESIÓN ALTO MAGDALENA S.A.S.,ALMA-2018-3528,CONSORCIO 4C,GP-8751,11/09/2018,Entrega de un (1) expediente para aprobación del Avalúo Comercial Corporativo de la unidad funcional 3.,15_04_Comunic_Recibidas/2018/CI004_GP-8751_070406_CON_3528_EXP_AVALUO.pdf
1862,1,CONCESIÓN ALTO MAGDALENA S.A.S.,ALMA-2018-2288,CONSORCIO 4C,GP-8035,12/06/2018,Entrega de un (1) expediente de la Unidad Funcional 4 para revisión en la etapa de expropiación.,15_04_Comunic_Recibidas/2018/CI004_GP-8035_070404_CON_2288_EXP_EXPRO.pdf
1866,1,CONCESIÓN ALTO MAGDALENA S.A.S.,ALMA-2018-4486,CONSORCIO 4C,GP-9287,29/11/2018,Entrega del Informe No. 2 – Resolución No. 2129 de 2015 UF 4.1.,15_04_Comunic_Recibidas/2018/CI004_GP-9287_070108_CON_4486_INF_2_RESOL_2129.pdf
1870,1,CONCESIÓN ALTO MAGDALENA S.A.S.,ALMA-2018-2752,CONSORCIO 4C,GP-8371,18/07/2018,Comunicación 2018-305-020536-1 fechada el 04 de julio de 2018 - Radicado ALMA-R-2018-2227 del 13 de julio de 2018 - Solicitud Concepto de intervención de espacio público del Municipio de La Dorada con radicado ANI No. 20184090634262,15_04_Comunic_Recibidas/2018/CI004_GP-8371_070107_CON_2752_INTERV_ESPACI_PUB.pdf
1868,1,CONCESIÓN ALTO MAGDALENA S.A.S.,ALMA-2018-4050,CONSORCIO 4C,GP-9008,22/10/2018,Entrega dos (2) expedientes prediales para revisión en la etapa de Expropiación,15_04_Comunic_Recibidas/2018/CI004_GP-9008_070404_CON_4050_EXP_EXPRO.pdf
1871,1,CONCESIÓN ALTO MAGDALENA S.A.S.,ALMA-2018-3956,CONSORCIO 4C,GP-8966,10/10/2018,Comunicación CI.004/GP5306/18/4.1.7-4.2 - Radicado ALMA-R-2018-3111 del 04 de octubre de 2018. Línea Compra K30 UF2.,15_04_Comunic_Recibidas/2018/CI004_GP-8966_070401_CON_3956_LINEA_COMP_K30.pdf
1867,1,CONCESIÓN ALTO MAGDALENA S.A.S.,ALMA-2018-2006,CONSORCIO 4C,GP-7898,22/05/2018,Respuesta a oficio de Radicado No. 2018-604-013649-1 de fecha 04 de mayo de 2018. (Rad. Salida ANI). Y Radicado No. ALMA-R-2018-1493 de fecha 10 de mayo de 2018. (Rad. ALMA).,15_04_Comunic_Recibidas/2018/CI004_GP-7898_070401_CON_2006_SHAPE_AREA_PREDIAL.pdf
1869,1,CONCESIÓN ALTO MAGDALENA S.A.S.,ALMA-2018-1538,CONSORCIO 4C,GP-7657,17/04/2018,Entrega de DOS (2) expedientes para aprobación del Concepto de Titulo Minero.,15_04_Comunic_Recibidas/2018/CI004_GP-7657_070401_CON_1538_EXP_TITUL_MIN.pdf
1873,1,CONCESIÓN ALTO MAGDALENA S.A.S.,ALMA-2018-0280,CONSORCIO 4C,GP-7009,25/01/2018,Entrega de un (1) expediente predial de la Unidad Funcional 2 para aprobación.,15_04_Comunic_Recibidas/2018/CI004_GP-7009_070401_CON_0280_EXP_PREDAL.pdf
1863,4,AGENCIA NACIONAL DE INFRAESTRUCTURA,2018-305-005285-1,CONSORCIO 4C,GP-7260,21/02/2018,Contrato de Concesión No. 003 de 2014 - Honda - Girardot - Puerto Salgar. Solicitud validación y concepto de información presentada por Alcalde de San Juan de Rioseco para tarifa diferencial peaje de Cambao de acuerdo con las condiciones remitidas por la ANI para acceder al beneficio.,15_04_Comunic_Recibidas/2018/CI004_GP-7260_070109_ANI_005285-1_TARI_PEAJ_CAMBAO.pdf
1875,2,CONCESIÓN ALTO MAGDALENA S.A.S.,ALMA-2018-2626,CONSORCIO 4C,GP-8273,12/07/2018,"Entrega de un (1) expediente predial de la unidad funcional 5 con componente Social, para revisión y aprobación.",15_04_Comunic_Recibidas/2018/CI004_GP-8273_070402_CON_2626_EXP_SOCIAL.pdf
1872,141,CONCESIÓN ALTO MAGDALENA S.A.S.,ALMA-2018-2747,CONSORCIO 4C,GP-8320,18/07/2018,Respuesta a su comunicación CI.004/GP4699/18/9.3 - Radicado ALMA-R-2018-2015 del 22 de junio de 2018 – Correcciones/Complementos UF1-UF2-UF4,15_04_Comunic_Recibidas/2018/CI004_GP-8320_090300_CON_2747_PDTES_UF2.pdf
1874,1,CONCESIÓN ALTO MAGDALENA S.A.S.,ALMA-2018-1434,CONSORCIO 4C,GP-7608,11/04/2018,"Entrega de un (1) expediente predial ALMA-4-0071 de la unidad funcional 4 con correcciones del componente Social, de acuerdo a observaciones con oficio C.I.004/GP4201/18/7.4.2 GIRARDOT-CNP, 06 de abril de 2018.",15_04_Comunic_Recibidas/2018/CI004_GP-7608_070402_CON_1434_EXP_SCIAL.pdf
1878,48,Fiduciaria Bogotá,CS-SA20-18002979,CONSORCIO 4C,GP-7396,05/02/2018,ALCANCE RENDICION DE CUENTAS II SEMESTRE DE 2017 P.A. ALTO MAGDALENA,15_04_Comunic_Recibidas/2018/CI004_GP-7396_070202_FBTA_003719_CTAS_IISEMESTRE.pdf
1877,2,CONCESIÓN ALTO MAGDALENA S.A.S.,ALMA-2018-2614,CONSORCIO 4C,GP-8266,11/07/2018,Respuesta comunicaciones: CI.004/GP3226/17/7.1.8 (Radicado interno ALMA-R-2017-03568 del 10 de octubre de 2017) Seguimiento y Control Obligaciones Marco Normativo UF 5.3 y CI.004/GP4710/18/7.1.8 (Radicado interno ALMA-R-2018-2042 del 26 de junio de 2018) Seguimiento y Marco Normativo UF 5.4 / Respuesta ALMA-2018-2052 y Alcance Comunicado CI.004/GP3226/17/7.1.8.,15_04_Comunic_Recibidas/2018/CI004_GP-8266_070108_CON_2614_MARC_NORMA_UF5.pdf
1879,4,Agencia Nacional de Infraestructura,ANI-031831-1,CONSORCIO 4C,GP-8811,28/09/2018,Concepto sobre la aplicación de la normativa referida al daño emergente y al lucro cesante luego de la suspensión provisional de la Resolución 2684 de 2015 del Ministerio de Transporte - Contrato de Interventoría No. 145 de 2014 - Proyecto Vial Concesión Honda - Puerto Salgar - Girardot.,15_04_Comunic_Recibidas/2018/CI004_GP-8811_070401_ANI_031831-1_APLICA_NORMA_DAÑ_EMERG.pdf
1881,1,CONCESIÓN ALTO MAGDALENA S.A.S.,ALMA-2018-0219,CONSORCIO 4C,GP-6961,17/01/2018,Entrega de un (1) expediente para aprobación del Avalúo Comercial Corporativo.,15_04_Comunic_Recibidas/2018/CI004_GP-6961_070401_CON_0219_EXP_AVALUO.pdf
1876,1,AGENCIA NACIONAL DE INFRAESTRUCTURA,20183050232791,CONSORCIO 4C,GP-8362,26/07/2018,Oficio radicado ANI. 20184090734902 del 19 de julio de 2018. Seguimiento Recomendación Prevención de Riesgos bloques zona lateral- K5+700 UF2. Contrato de Concesión No 003 de 2014 - Girardot - Honda - Puerto Salgar.,15_04_Comunic_Recibidas/2018/CI004_GP-8362_070103_ANI_023279-1_RIESG_BLOQ_K5.pdf
1880,2,CONCESIÓN ALTO MAGDALENA S.A.S.,ALMA-2018-1364,CONSORCIO 4C,GP-7581,05/04/2018,Respuesta a su comunicación CI.004/GP3989/18/7.1.10 del 1 de Marzo de 2018 (Radicado ALMA-R-2018-0750) informes anuales 2017.,15_04_Comunic_Recibidas/2018/CI004_GP-7581_070110_CON_1364_INF_ANUAL_2017.pdf
1886,1,CONCESIÓN ALTO MAGDALENA S.A.S.,ALMA-2018-0222,CONSORCIO 4C,GP-6939,15/01/2018,Entrega de un (1) expediente para aprobación del Avalúo Comercial Corporativo.,15_04_Comunic_Recibidas/2018/CI004_GP-6939_070401_CON_0222_EXP_AVALUO.pdf
1884,1,Agencia Nacional de Infraestructura,20183050367591,CONSORCIO 4C,GP-9089,02/11/2018,"Remisión PQR allegada a la Agencia por parte del Sr. Jesús Adolfo Forero Joves - Proyecto Girardot - Honda - Puerto Salgar, Contrato de Concesión 003 de 2014. Alto Magdalena S.A.S.",15_04_Comunic_Recibidas/2018/CI004_GP-9089_070109_ANI_036759-1_PQRS_JFORERO.pdf
1882,2,CONCESIÓN ALTO MAGDALENA S.A.S.,ALMA-2018-2774,CONSORCIO 4C,GP-8378,23/07/2018,"Respuesta a su comunicación CI.004/GP3322/17/7.1.8 del 24 de octubre de 2017. (Radicado interno ALMA-R-2017-03738 del 25 de octubre de 2017). Cambios Obras Drenaje UF 2, 3 y 4.",15_04_Comunic_Recibidas/2018/CI004_GP-8378_070108_CON_2774_CAMB_OBRAS_DRENAJ_UF2_3_4.pdf
1888,1,CONCESIÓN ALTO MAGDALENA S.A.S.,ALMA-2018-0803,CONSORCIO 4C,GP-7231,21/02/2018,Respuesta a su comunicación CI.004/GP3847/18/7.4.1 de fecha 7 de febrero de 2018. Entrega de un (1) expediente para aprobación del Avalúo Comercial Corporativo.,15_04_Comunic_Recibidas/2018/CI004_GP-7231_070401_CON_0803_EXP_AVALUO.pdf
1887,1,AGENCIA NACIONAL DE INFRAESTRUCTURA,2018-305-003099-1,CONSORCIO 4C,GP-7133,02/02/2018,Oficio radicado ANI 2018-409-003370-2 de 15/01/2018. Traslado Derecho de Petición Proyecto Girardot - Honda - Puerto Salgar. Contrato de Concesión 003 de 2014 - Concesión Alto Magdalena S.A.S.,15_04_Comunic_Recibidas/2018/CI004_GP-7133_070109_ANI_003099-1_DP_WARBOLEDA.pdf
1883,2,Agencia Nacional de Infraestructura,20186040423031,CONSORCIO 4C,GP-9376,17/12/2018,Solicitud de información referente a los estudios del trazado y diseño Definitivo en Fase III del proyecto Girardot - Honda - Puerto Salgar,15_04_Comunic_Recibidas/2018/CI004_GP-9376_070401_ANI_042303-1_DISÑ_DEFINI_FASE_III.pdf
1890,2,CONCESIÓN ALTO MAGDALENA S.A.S.,ALMA-2018-2260,CONSORCIO 4C,GP-8062,12/06/2018,Su comunicación CI.004/GP4502/18/7.1.1 - Radicado ALMA-R- 2018-1685 del 28 de mayo de 2018. Seguimiento Plan de Obras - Gestión Predial Intersección Puerto Salgar Ruta 45CLB Semana 171,15_04_Comunic_Recibidas/2018/CI004_GP-8062_070101_CON_2260_GES_PREDIAL_SALGAR.pdf
1889,1,CONCESIÓN ALTO MAGDALENA S.A.S.,ALMA-2018-0002,CONSORCIO 4C,GP-6868,02/01/2018,Materialización Diseño Provisional K0+000 - K0+822 - UF2.,15_04_Comunic_Recibidas/2018/CI004_GP-6868_070107_CON_0002_DISEÑ_K0_UF2.pdf
1885,2,CONCESIÓN ALTO MAGDALENA S.A.S.,ALMA-2017-8414,CONSORCIO 4C,GP-6875,28/12/2017,Entrega de un expediente predial de la unidad funcional 5 para aprobación de Alcance de Estudio de Títulos.,15_04_Comunic_Recibidas/2018/CI004_GP-6875_070401_CON_5414_EXP_PREDIAL.pdf
1893,1,CONCESIÓN ALTO MAGDALENA S.A.S.,ALMA-2018-4254,CONSORCIO 4C,GP-9211,19/11/2018,Entrega de cinco (5) expedientes para revisión etapa de expropiación,15_04_Comunic_Recibidas/2018/CI004_GP-9211_070404_CON_4254_EXP_EXPRO.pdf
1892,1,Fiduciaria Bogotá,CSSA2018030232,CONSORCIO 4C,GP-9091,17/10/2018,INFORME MENSUAL DEL 1 AL 30 DE SEPTIEMBRE DE 2018 FIDEICOMISO FIDUBOGOTA-CONCESION ALTO MAGDALENA 3-1-63664,15_04_Comunic_Recibidas/2018/CI004_GP-9091_070202_FBTA_030232_INF_MENSUAL_SEP.pdf
1897,2,CONCESIÓN ALTO MAGDALENA S.A.S.,ALMA-2018-2829,CONSORCIO 4C,GP-8393,25/07/2018,Comunicación CI.004/GP3971/18/7.1.3 – Radicado ALMA-R-2018-0693 del 23 de febrero de 2018. Condiciones Puente Peatonal Nariño UF2.,15_04_Comunic_Recibidas/2018/CI004_GP-8393_070103_CON_2829_PTE_PEATON_NARIÑO.pdf
1894,1,CONCESIÓN ALTO MAGDALENA S.A.S.,ALMA-2018-3927,CONSORCIO 4C,GP-8896,10/10/2018,Entrega de la Sabana Predial y Tira topográfica.,15_04_Comunic_Recibidas/2018/CI004_GP-8896_070401_CON_3927_SABANA_PREDIAL.pdf
1895,3,CONCESIÓN ALTO MAGDALENA S.A.S.,ALMA-2018-4594,CONSORCIO 4C,GP-9410,05/12/2018,Informe sobre los criterios para contabilizar Ingresos y Egresos por Unidad Funcional.,15_04_Comunic_Recibidas/2018/CI004_GP-9410_070201_CON_4594_INF_ING_EGRES_NOV.pdf
1896,1,CONCESIÓN ALTO MAGDALENA S.A.S.,ALMA-2018-3879,CONSORCIO 4C,GP-8930,08/10/2018,Entrega de (1) expediente predial ALMA-3-0090 para aprobación de ficha predial.,15_04_Comunic_Recibidas/2018/CI004_GP-8930_070401_CON_3879_EXP_PREDIAL.pdf
1898,4,CONCESIÓN ALTO MAGDALENA S.A.S.,ALMA-2018-3111,CONSORCIO 4C,GP-8544,15/08/2018,"Solicitud trámite permiso para realizar cierres Totales del corredor vial, para Izaje de Vigas puente 6G ubicado en la vía Guataquí - Cambao a la altura del Km 40 + 560 RN 4508.",15_04_Comunic_Recibidas/2018/CI004_GP-8544_070111_CON_3111_CIERR_TOTAL_KM40.pdf
1891,1,CONCESIÓN ALTO MAGDALENA S.A.S.,ALMA-2018-0102,CONSORCIO 4C,GP-6904,09/01/2018,"Protocolo prueba de carga Puentes P1, P2 e Intersección Bicentenario – Unidad Funcional 4.","15_04_Comunic_Recibidas/2018/CI004_GP-6904_070107_CON_0102_PTES_P1,P2_UF4.pdf"
1900,2,AGENCIA NACIONAL DE INFRAESTRUCTURA,2018-304-035420-1,CONSORCIO 4C,GP-9004,23/10/2018,"Radicado No. 20184091089812 del 19 de octubre del 2018 - Solicitud de concepto técnico para el permiso de ocupación temporal de vía para la construcción de accesos de la EDS BALCONES DE LA CEIBA S.A.S. ubicada en la vía Nacional Honda – La Dorada, del proyecto Girardot – Honda – Puerto Salgar. Al responder, favor citar Expediente: 20183040280200394E.",15_04_Comunic_Recibidas/2018/CI004_GP-9004_070114_ANI_035420-1_PERMI_EDS_LA_CEIBA.pdf
1899,1,CONCESIÓN ALTO MAGDALENA S.A.S.,ALMA-2018-3620,CONSORCIO 4C,GP-8762,19/09/2018,Entrega de la Sabana Predial y Tira topográfica.,15_04_Comunic_Recibidas/2018/CI004_GP-8762_070401_CON_3620_SABAN_PREDIAL.pdf
1903,1,CONCESIÓN ALTO MAGDALENA S.A.S.,ALMA-2018-4158,CONSORCIO 4C,GP-9050,29/10/2018,Respuesta comunicación CI.004/GP5342/18/7.1.1 – 7.4.1 del 11 de octubre de 2018 (Rad ALMA-R-2018-3172.) Seguimiento Plan de Obras – Gestión Predial K11+820 al K13+500 de la UF 5.4,15_04_Comunic_Recibidas/2018/CI004_GP-9050_070101_CON_4158_SEGUI_PREDIAL_K11_K13.pdf
1904,1,CONCESIÓN ALTO MAGDALENA S.A.S.,ALMA-2018-1724,CONSORCIO 4C,GP-7755,30/04/2018,Entrega Diseño ITS de la Zona de Peaje Guataquí K45 – Unidad Funcional 3.,15_04_Comunic_Recibidas/2018/CI004_GP-7755_070107_CON_1724_DISEÑ_ITS_PEAJ_UF3.pdf
1907,1,CONCESIÓN ALTO MAGDALENA S.A.S.,ALMA-2018-2557,CONSORCIO 4C,GP-8365,30/07/2018,Entrega de un (1) expediente de la Unidad Funcional 2 para revisión en la etapa de expropiación.,15_04_Comunic_Recibidas/2018/CI004_GP-8365_070404_CON_2557_EXP_EXPRO.pdf
1902,2,CONCESIÓN ALTO MAGDALENA S.A.S.,ALMA-2018-1059,CONSORCIO 4C,GP-7389,05/03/2018,"Remitir copia autentica de la Resolución 317 del 22 de febrero de 2018, ""Por medio de la cual se modifica la Resolución N° 1876 del 16 de noviembre de 2016 proferida por el Vicepresidente de Planeación, Riesgos y Entorno de la Agencia nacional de Infraestructura, con el fin de efectuar un ajuste de franja de terreno del proyecto vial Girardot- Honda- Puerto Salgar, en cumplimiento del Artículo 58 literal e) de la Ley 388 de 1997referente a la declaratoria de utilidad pública e interés social"", para su conocimiento.",15_04_Comunic_Recibidas/2018/CI004_GP-7389_050300_CON_1059_RESOL_N°317.pdf
1905,1,AGENCIA NACIONAL DE INFRAESTRUCTURA,2018-305-008641-1,CONSORCIO 4C,GP-7467,20/03/2018,Oficio radicado ANI 2018-409-024254-2 de 08/03/2018. Solicitud atención Observaciones Señalización Intersección Cambao Proyecto Girardot - Honda - Puerto Salgar. Contrato de Concesión 003 de 2014 - Concesión Alto Magdalena S.A.S.,15_04_Comunic_Recibidas/2018/CI004_GP-7467_070111_ANI_008641-1_OBS_SEÑAL_CAMBAO.pdf
1906,3,CONCESIÓN ALTO MAGDALENA S.A.S.,ALMA-2018-4339,CONSORCIO 4C,GP-9200,19/11/2018,Respuesta comunicación CI.004/GP5373/18/7.1.3 del 12 de octubre de 2018 (Radicado ALMA-R-2018-3210). Irregularidades Concretos Puente Guarinó UF 5.2.,15_04_Comunic_Recibidas/2018/CI004_GP-9200_070103_CON_4339_PTE_GUARINO.pdf
1909,1,CONCESIÓN ALTO MAGDALENA S.A.S.,ALMA-2018-3814,CONSORCIO 4C,GP-9101,02/10/2018,Estados Financieros auditados y revelaciones al 30 de junio de 2018 Concesión Alto Magdalena SAS,15_04_Comunic_Recibidas/2018/CI004_GP-9101_070202_CON_3814_ESTAD_FINAN_30_JUN.pdf
1908,1,CONCESIÓN ALTO MAGDALENA S.A.S.,ALMA-2018-1835,CONSORCIO 4C,GP-7783,10/05/2018,Su comunicación CI.004/GP4329/18/7.1.3 – Radicado ALMA-R-2018-1351 del 25 de abril de 2018 – Atraso Construcción Puente Rio Magdalena – UF1.,15_04_Comunic_Recibidas/2018/CI004_GP-7783_070101_CON_1835_ATRASO_PTE_UF1.pdf
1901,6,CONCESIÓN ALTO MAGDALENA S.A.S.,ALMA-2018-1779,CONSORCIO 4C,GP-7767,03/05/2018,"Respuesta a su comunicación Cl.004/GP4258/18/5.3 del 11 de abril de 2018 (Rad. Interno ALMA-R-2018-1223 de 13 de abril de 2018), Solicitud No objeción Plazo de cura, Incumplimiento de la obligación relacionada con la actualización de la sabana predial. (Incumplimiento literal (g) de la sección 6.1 de la Parte Especial del Contrato de Concesión).",15_04_Comunic_Recibidas/2018/CI004_GP-7767_050300_CON_1779_PLAZ_CURA_SABAN_PRED.pdf
1913,1,Fiduciaria Bogotá,CSSA2018018263,CONSORCIO 4C,GP-8219,22/06/2018,INFORME MENSUAL DEL 1 AL 31 DE MAYO DE 2018 FIDEICOMISO FIDUBOGOTA-CONCESION ALTO MAGDALENA 3-1-63664,15_04_Comunic_Recibidas/2018/CI004_GP-8219_070202_FBTA_018263_INF_MAYO.pdf
1910,1,CONCESIÓN ALTO MAGDALENA S.A.S.,ALMA-2018-1604,CONSORCIO 4C,GP-7946,01/06/2018,Entrega de un (1) expediente predial de la Unidad Funcional 2 para revisión del componente Social.,15_04_Comunic_Recibidas/2018/CI004_GP-7946_070402_CON_1604_EXP_SOCIAL.pdf
1911,2,AGENCIA NACIONAL DE INFRAESTRUCTURA,20183050394971,CONSORCIO 4C,GP-9267,27/11/2018,Respuesta No Objeción Periodo de Cura Unidad Funcional 4 - comunicación radicado ANI No 20184090846812- Contrato de Concesión No 003 de 2014 - Proyecto Girardot - Honda - Puerto Salgar.,15_04_Comunic_Recibidas/2018/CI004_GP-9267_050300_ANI_039497-1_PLAZO_CURA_UF4.pdf
1912,3,CONCESIÓN ALTO MAGDALENA S.A.S.,ALMA-2018-2523,CONSORCIO 4C,GP-8196,29/06/2018,Respuesta a comunicado ANI N° 2018-305-018858-1 radicado interno ALMA-R-2018-2020 del día 25 de junio de 2018 identificado como Nueva Reclamación anexa al expediente a la PQRS UF2 2018 304.- Respuesta a las situaciones referidas por los residentes del Condominio Algarrobos del Magdalena del Municipio de Nariño.,15_04_Comunic_Recibidas/2018/CI004_GP-8196_070109_CON_2523_RTA_CONDOM_ALGARROBOS.pdf
1915,1,CONCESIÓN ALTO MAGDALENA S.A.S.,ALMA-2018-3966,CONSORCIO 4C,GP-9237,12/10/2018,Entrega de un (1) expediente para aprobación del Avalúo Comercial Corporativo ALMA-3-0056.,15_04_Comunic_Recibidas/2018/CI004_GP-9237_070401_CON_3966_EXP_AVALUO.pdf
1917,1,CONCESIÓN ALTO MAGDALENA S.A.S.,ALMA-2018-0730,CONSORCIO 4C,GP-7261,14/02/2018,Entrega de un (1) expediente para aprobación de Actualización de Estudio de Títulos.,15_04_Comunic_Recibidas/2018/CI004_GP-7261_070405_CON_0730_EXP_ESTUD_TITUL.pdf
1916,2,CONCESIÓN ALTO MAGDALENA S.A.S.,ALMA-2018-3397,CONSORCIO 4C,GP-8669,29/08/2018,Respuesta a su comunicación CI.004/GP5054/18/7.1.1 del 24 de agosto de 2018 (Radicado ALMA-R-2018-2666 del 24 de agosto de 2018). Seguimiento Plan de Obras – Gestión Predial Intersección El Korán Ruta 45CLB.,15_04_Comunic_Recibidas/2018/CI004_GP-8669_070101_CON_3397_GEST_PREDIAL_KORAN.pdf
1914,1,CONCESIÓN ALTO MAGDALENA S.A.S.,ALMA-2018-3376,CONSORCIO 4C,GP-8666,28/08/2018,Respuesta a su comunicación CI.004/GP5053/18/7.1.1 del 24 de agosto de 2018 (Radicado ALMA-R-2018-2665 del 24 de agosto de 2018). Seguimiento Plan de Obras – Área de Servicio,15_04_Comunic_Recibidas/2018/CI004_GP-8666_070101_CON_3376_SEGUI_AREA_SERVICIO.pdf
1918,1,CONCESIÓN ALTO MAGDALENA S.A.S.,ALMA-2018-1087,CONSORCIO 4C,GP-7403,06/03/2018,"Actualización Plan de Obras - Versión V06 R01 - Decisión Panel Amigable Composición, Puente Flandes sobre el Rio Magdalena Unidad Funcional 1.",15_04_Comunic_Recibidas/2018/CI004_GP-7403_070101_CON_1087_PLAN_OBRAS_V06_R1.pdf
1920,1,CONCESIÓN ALTO MAGDALENA S.A.S.,ALMA-2018-4058,CONSORCIO 4C,GP-8994,22/10/2018,Respuesta a su comunicación CE-SGC-201803002212 del 14 de septiembre de 2018 (Radicado interno ALMA-R-2018-2968). Pólizas Resolución N° 021 - 2016. Segundo recordatorio.,15_04_Comunic_Recibidas/2018/CI004_GP-8994_070108_CON_4058_POLIZ_RESOL_N°021.pdf
1922,3,CONCESIÓN ALTO MAGDALENA S.A.S.,ALMA-2018-1135,CONSORCIO 4C,GP-7433,13/03/2018,Informe sobre los criterios para contabilizar Ingresos y Egresos por Unidad Funcional.,15_04_Comunic_Recibidas/2018/CI004_GP-7433_070201_CON_1135_INF_ING_EGRE.pdf
1921,2,AGENCIA NACIONAL DE INFRAESTRUCTURA,2018-305-038824-1,CONSORCIO 4C,GP-9220,21/11/2018,Respuesta a oficio con radicado ANI No. 2018-409-114042-2 del 31 de octubre de 2018 - No Objeción Plazo de Cura Incumplimiento Condiciones SST en el K79+650 - Contrato de Concesión No 003 de 2014 - Proyecto Girardot - Honda - Puerto Salgar.,15_04_Comunic_Recibidas/2018/CI004_GP-9220_070110-050300_ANI_038824-1_PLAZ_CURA_SST.pdf
1919,1,CONCESIÓN ALTO MAGDALENA S.A.S.,ALMA-2018-3331,CONSORCIO 4C,GP-8591,27/08/2018,Respuesta a su comunicación CI.004/GP4598/18/7.1.7 del 07 de junio de 2018 (Radicado ALMA-R-2018-1862 del 07 de junio de 2018). Verificación Estructural Puente Peatonal Nariño UF2,15_04_Comunic_Recibidas/2018/CI004_GP-8591_070107_CON_3331_VERIFI_PTE_PEATON_UF2.pdf
1923,1,CONCESIÓN ALTO MAGDALENA S.A.S.,ALMA-2018-2180,CONSORCIO 4C,GP-8016,05/06/2018,Entrega de un (1) expediente para aprobación del Avalúo Comercial Corporativo.,15_04_Comunic_Recibidas/2018/CI004_GP-8016_070406_CON_2180_EXP_AVALUO.pdf
1928,1,CONCESIÓN ALTO MAGDALENA S.A.S.,ALMA-2018-2120,CONSORCIO 4C,GP-7965,30/05/2018,Su comunicación 2018-305-014666-1 fechada el 15 de mayo de 2018 – Radicado ALMA-R-2018-1626 del 22 de mayo de 2018. Atraso Construcción Puente Río Magdalena – UF1.,15_04_Comunic_Recibidas/2018/CI004_GP-7965_070101_CON_2120_ATRASO_PTE_UF1.pdf
1924,3,CONCESIÓN ALTO MAGDALENA S.A.S.,ALMA-2018-3498,CONSORCIO 4C,GP-8715,06/09/2018,Respuesta a su comunicación CI.004/GP4389/18/7.1.3 del 08 de mayo de 2018 (Radicado interno ALMA-R-2018-1475 del 08 de mayo de 2018) Observaciones obras Complementarias Puente P3G K26+030 UF2,15_04_Comunic_Recibidas/2018/CI004_GP-8715_070103_CON_3498_OBS_PTE_P3G.pdf
1930,1,CONCESIÓN ALTO MAGDALENA S.A.S.,ALMA-2018-4067,CONSORCIO 4C,GP-8997,22/10/2018,Respuesta comunicación CI.004/GP5270/18/7.18 del 27 de septiembre de 2018 (Rad. Interno ALMA-R-2018-3050). Resolución 0660 de 2016 Plan Compensación Pérdida Biodiversidad,15_04_Comunic_Recibidas/2018/CI004_GP-8997_070108_CON_4067_RESOL_0660_PERD_BIO.pdf
1931,1,CONCESIÓN ALTO MAGDALENA S.A.S.,ALMA-2018-0750,CONSORCIO 4C,GP-7258,15/02/2018,"Respuesta a su comunicación CI.004/GP3875/18/7.4.1 de fecha 09 de Febrero de 2018 (Rad-0541), Entrega de un (1) expedientes para aprobación de Avalúo Comercial Corporativo.",15_04_Comunic_Recibidas/2018/CI004_GP-7258_070401_CON_0750_EXP_AVALUO.pdf
1925,1,CONCESIÓN ALTO MAGDALENA S.A.S.,ALMA-2018-0379,CONSORCIO 4C,GP-7052,26/01/2018,Entrega de un (1) expediente para aprobación del Alcance del Avalúo Comercial Corporativo.,15_04_Comunic_Recibidas/2018/CI004_GP-7052_070401_CON_0379_EXPD_AVALUO.pdf
1932,1,CONCESIÓN ALTO MAGDALENA S.A.S.,ALMA-2018-0525,CONSORCIO 4C,GP-7168,02/02/2018,Entrega de un (1) expediente para aprobación del Avalúo Comercial Corporativo de la unidad funcional 3.,15_04_Comunic_Recibidas/2018/CI004_GP-7168_070401_CON_0525_EXP_AVALUO_UF3.pdf
1927,1,CONCESIÓN ALTO MAGDALENA S.A.S.,ALMA-2018-1357,CONSORCIO 4C,GP-7686,04/04/2018,Entrega de un (1) expediente para aprobación del Avalúo Comercial Corporativo.,15_04_Comunic_Recibidas/2018/CI004_GP-7686_070406_CON_1357_EXP_AVALUO.pdf
1926,1,CONCESIÓN ALTO MAGDALENA S.A.S.,ALMA-2018-3424,CONSORCIO 4C,GP-8712,31/08/2018,Cumplimiento del Artículo Décimo de la Resolución N° 0016 del 21 de enero de 2016.,15_04_Comunic_Recibidas/2018/CI004_GP-8712_070108_CON_3424_ART_10_RESOL_0016.pdf
1929,1,CONCESIÓN ALTO MAGDALENA S.A.S.,ALMA-2018-1392,CONSORCIO 4C,GP-7555,09/04/2018,Respuesta a su comunicación CI.004/GP4014/18/7.4.6 de fecha 8 de marzo de 2018. Entrega de un (1) expediente para aprobación del Avalúo Comercial Corporativo.,15_04_Comunic_Recibidas/2018/CI004_GP-7555_070401_CON_1392_EXP_AVALUO.pdf
1933,3,CONCESIÓN ALTO MAGDALENA S.A.S.,ALMA-2018-4559,CONSORCIO 4C,GP-9316,03/12/2018,"Respuesta comunicación No. 20187101129061. CVSN 31. Concesión Alto Magdalena S.A.S., solicitud reporte de acciones, requerimientos Inspección Nocturna.",15_04_Comunic_Recibidas/2018/CI004_GP-9316_070600_CON_4559_REQUE_INSPE_NOCT.pdf
1937,3,CONCESIÓN ALTO MAGDALENA S.A.S.,ALMA-2018-2510,CONSORCIO 4C,GP-8208,27/06/2018,Respuesta a su comunicación CI.004/GP4243/18/7.1.10 del 12 Abril de 2018 (Radicado ALMA-R-2018-1232) Condiciones de seguridad UF 1 y 2 Semana 166.,15_04_Comunic_Recibidas/2018/CI004_GP-8208_070110_CON_2510_CONDI_SEG_UF1_2.pdf
1935,1,CONCESIÓN ALTO MAGDALENA S.A.S.,ALMA-2018-1358,CONSORCIO 4C,GP-7687,04/04/2018,Entrega de un (1) expediente para aprobación del Avalúo Comercial Corporativo.,15_04_Comunic_Recibidas/2018/CI004_GP-7687_070406_CON_1358_EXP_AVALUO.pdf
1938,1,CONCESIÓN ALTO MAGDALENA S.A.S.,ALMA-2018-2027,CONSORCIO 4C,GP-8132,25/05/2018,Entrega de un (1) expediente para aprobación del Avalúo Comercial Corporativo.,15_04_Comunic_Recibidas/2018/CI004_GP-8132_070406_CON_2027_EXP_AVALUO.pdf
1936,1,CONCESIÓN ALTO MAGDALENA S.A.S.,ALMA-2018-0450,CONSORCIO 4C,GP-7089,29/01/2018,Respuesta comunicado ANI Rad. Salida ANI 2017-409-136464-2 fecha del 21 de diciembre de 2017 (Radicado interno ALMA-R-2018-0175 del 15 de enero de 2018- Identificado como PQRS UF1 2017 065 del 22 de diciembre de 2017- traslado derecho de petición del Sr. Jorge Alberto Ramos),15_04_Comunic_Recibidas/2018/CI004_GP-7089_070109_CON_0450_PQRS_JRAMOS.pdf
1940,1,AGENCIA NACIONAL DE INFRAESTRUCTURA,2018-305-000757-1,CONSORCIO 4C,GP-6921,11/01/2018,Oficio radicado ANI 2017-409-127338-2 de 29/11/2017. Traslado Derecho de Petición Proyecto Girardot – Honda – Puerto Salgar. Contrato de Concesión 003 de 2014 – Concesión Alto Magdalena S.A.S.,15_04_Comunic_Recibidas/2018/CI004_GP-6921_070109_ANI_000757-1_D_P_AESQUIVEL.pdf
1934,2,CONCESIÓN ALTO MAGDALENA S.A.S.,ALMA-2018-2876,CONSORCIO 4C,GP-8421,27/07/2018,Comunicación CI.004/GP4734/18/7.1.3 - Acabado Barreras Puente río Magdalena UF1.,15_04_Comunic_Recibidas/2018/CI004_GP-8421_070103_CON_2876_BARRERAS_PTE_UF1.pdf
1939,1,CONCESIÓN ALTO MAGDALENA S.A.S.,ALMA-2018-3891,CONSORCIO 4C,GP-8910,08/10/2018,Respuesta a sus comunicaciones CI.004/GP3897/17/7.1.7-7.1.8 del 15 de febrero de 2018 (Rad. Interno ALMA-R-2018-0562 del 16 de febrero de 2018) Revisión Ocupación de Cauce Box K50+611 UF 3 Comunicación ALMA-2017-1984 y CI.004/GP3900/18/7.1.7 - 7.1.8 del 15 de febrero de 2018 (Radicado interno ALMA-R-2018-0566 del 16 de febrero de 2018). Revisión Ocupación de Cauce Box K50+611 UF 3 Comunicación ALMA-2017-1984.,15_04_Comunic_Recibidas/2018/CI004_GP-8910_070108_CON_3891_OCUPA_CAUCE_BOX_K50.pdf
1942,10,CONCESIÓN ALTO MAGDALENA S.A.S.,ALMA-2018-3663,CONSORCIO 4C,GP-8785,19/09/2018,"Alcance al Evento Eximente de Responsabilidad notificado el 23 de julio de 2018, mediante comunicación ALMA-2018-2807, y radicado ANI 20184090742212 / Imposibilidad de Iniciar Intervenciones en la Glorieta costado Occidental del Nuevo Puente de Honda - Unidad Funcional 5.3.",15_04_Comunic_Recibidas/2018/CI004_GP-8785_050300_CON_3663_EER_C-OCCID_PTE_HONDA.pdf
1941,1,CONCESIÓN ALTO MAGDALENA S.A.S.,ALMA-2018-2025,CONSORCIO 4C,GP-8010,25/05/2018,Entrega de un (1) expediente para aprobación del Avalúo Comercial Corporativo.,15_04_Comunic_Recibidas/2018/CI004_GP-8010_070406_CON_2025_EXP_AVALUO.pdf
1946,1,CONCESIÓN ALTO MAGDALENA S.A.S.,ALMA-2018-0956,CONSORCIO 4C,GP-7303,28/02/2018,Entrega Actualización Plan de Compensaciones 2018,15_04_Comunic_Recibidas/2018/CI004_GP-7303_070109_CON_0956_PLAN_COMPENSA.pdf
1943,1,CONCESIÓN ALTO MAGDALENA S.A.S.,ALMA-2018-0450,CONSORCIO 4C,GP-7064,29/01/2018,Respuesta comunicado ANI Rad. Salida ANI 2017-409-136464-2 fecha del 21 de diciembre de 2017 (Radicado interno ALMA-R-2018-0175 del 15 de enero de 2018- Identificado como PQRS UF1 2017 065 del 22 de diciembre de 2017- traslado derecho de petición del Sr. Jorge Alberto Ramos),15_04_Comunic_Recibidas/2018/CI004_GP-7064_070109_CON_0450_RTA_JRAMOS.pdf
1945,2,CONCESIÓN ALTO MAGDALENA S.A.S.,ALMA-2018-3303,CONSORCIO 4C,GP-8652,22/08/2018,Respuesta a su Oficio No. CI.004/GP4994/18/7.4.4 relacionado con la entrega de un (1) expediente de la Unidad Funcional 2 para revisión en la etapa de expropiación.,15_04_Comunic_Recibidas/2018/CI004_GP-8652_070404_CON_3303_EXP_EXPRO.pdf
1944,1,CONCESIÓN ALTO MAGDALENA S.A.S.,ALMA-2018-3776,CONSORCIO 4C,GP-8847,28/09/2018,Respuesta a comunicación CI.004/GP4924/18/7.1.7 - Radicado ALMA-R-2018-2439 el 31 de julio de 2018. Revisión Diseño de Pavimento Peaje y Pesaje Las Brisas de la UF 5.4 - Respuesta a ALMA -2018-2527,15_04_Comunic_Recibidas/2018/CI004_GP-8847_070107_CON_3776_DISÑ_PAVI_PEAJ_PESAJ_UF5.pdf
1949,2,CONCESIÓN ALTO MAGDALENA S.A.S.,ALMA-2018-1991,CONSORCIO 4C,GP-8364,30/07/2018,Respuesta a su Oficio Nro. CI.004/GP4647/18/7.4.4 relacionado con observaciones a resolución de expropiación de la UF 2.,15_04_Comunic_Recibidas/2018/CI004_GP-8364_070404_CON_2559_EXP_EXPRO.pdf
1951,4,CONCESIÓN ALTO MAGDALENA S.A.S.,ALMA-2018-4269,CONSORCIO 4C,GP-9342,14/11/2018,GCSP-F-009 Informe Mensual Recaudo de Peajes del mes de Octubre de 2018,15_04_Comunic_Recibidas/2018/CI004_GP-9342_070202_CON_4269_FOR_GCSP-F009_OCT.pdf
1947,2,CONCESIÓN ALTO MAGDALENA S.A.S.,ALMA-2018-2197,CONSORCIO 4C,GP-7983,05/06/2018,Entrega del Formato ANI-GCSP-F-203 Informe Ejecutivo - mayo de 2018,15_04_Comunic_Recibidas/2018/CI004_GP-7983_070402-070201_CON_2197_FOR_GCSP-F203_MAY.pdf
1950,1,AGENCIA NACIONAL DE INFRAESTRUCTURA,2018-305-003660-1,CONSORCIO 4C,GP-7164,08/02/2018,Remisión Documentación Contractual,15_04_Comunic_Recibidas/2018/CI004_GP-7164_050200_ANI_003660-1_REMI_DCTO.pdf
1954,1,CONCESIÓN ALTO MAGDALENA S.A.S.,ALMA-2018-1383,CONSORCIO 4C,GP-7562,06/04/2018,Entrega de un (1) expediente para aprobación del Avalúo Comercial Corporativo.,15_04_Comunic_Recibidas/2018/CI004_GP-7562_070401_CON_1383_EXP_AVALUO.pdf
1952,1,CONCESIÓN ALTO MAGDALENA S.A.S.,ALMA-2018-2585,CONSORCIO 4C,GP-8227,05/07/2018,Entrega de la Sabana Predial y Tira topográfica.,15_04_Comunic_Recibidas/2018/CI004_GP-8227_070401_CON_2585_SABAN_PREDIAL.pdf
1948,10,CONCESIÓN ALTO MAGDALENA S.A.S,ALMA-2018-1128,CONSORCIO 4C,GP-7430,13/03/2018,"Respuesta a su comunicación Cl.004/GP3972/18/7 4.1, del 23 de febrero de 2018 (Rad. Interno ALMA-2018-0694) 0419 del 1 de febrero de 2018); Cambios en la línea de compra de la unidad funcional 4.",15_04_Comunic_Recibidas/2018/CI004_GP-7430_070401_CON_1128_LINEA_COMP_UF4.pdf
1956,4,CONCESIÓN ALTO MAGDALENA S.A.S.,ALMA-2018-2717,CONSORCIO 4C,GP-8370,16/06/2018,Reporte Superintendencia de Puertos y Transporte - Recuperación Espacio Público.,15_04_Comunic_Recibidas/2018/CI004_GP-8370_070109_CON_2717_RECUP_ESPACIO_PUB.pdf
1953,1,CONCESIÓN ALTO MAGDALENA S.A.S.,ALMA-2018-2547,CONSORCIO 4C,GP-8352,11/07/2018,Entrega de un (1) expediente predial final de la Unidad Funcional 4.,15_04_Comunic_Recibidas/2018/CI004_GP-8352_070401_CON_2547_EXP_PREDIAL_FINAL.pdf
1955,3,CONCESIÓN ALTO MAGDALENA S.A.S.,ALMA-2018-1218,CONSORCIO 4C,GP-7480,14/03/2018,ENCUESTA MEDICIÓN DE PERCEPCIÓN DEL CLIENTE,15_04_Comunic_Recibidas/2018/CI004_GP-7480_140711_CON_1218_ENCUEST_CLIENT.pdf
1963,1,CONCESIÓN ALTO MAGDALENA S.A.S.,ALMA-2018-1558,CONSORCIO 4C,GP-7662,19/04/2018,Respuesta a su comunicación CI.004/GP3096/17/7.1.9 Radicado interno ALMA-R-2017-03289. Puente peatonal Puerto Bogotá.,15_04_Comunic_Recibidas/2018/CI004_GP-7662_070109_CON_1558_PTE_PEATON_PBOGOTA.pdf
1960,7,CONCESIÓN ALTO MAGDALENA S.A.S.,ALMA-2018-1755,CONSORCIO 4C,GP-7765,02/05/2018,Respuesta a Comunicado CI.004/GP4090/18/7.1.8 del 20 de marzo de 2018 (Rad. Interno ALMA-R-2018-0933 del 20 de marzo de 2018). Aspectos e Impactos Ambientales Unidad Funcional 2.,15_04_Comunic_Recibidas/2018/CI004_GP-7765_070108_CON_1755_ASP_IMPAC_UF2.pdf
1958,12,CONCESIÓN ALTO MAGDALENA S.A.S.,ALMA-2018-4258,CONSORCIO 4C,GP-9157,13/11/2018,Respuesta a su comunicación CI.004/GP5376/18/7.1.10 del 12 de octubre de 2018 (Radicado ALMA-R-2018-3213) Condiciones SST UF3 Matriz de hallazgos.,15_04_Comunic_Recibidas/2018/CI004_GP-9157_070110_CON_4258_CONDI_SST_UF3.pdf
1959,1,CONCESIÓN ALTO MAGDALENA S.A.S.,ALMA-2018-0480,CONSORCIO 4C,GP-7096,31/01/2018,Ajuste Baranda Peatonal Puente Flandes sobre Río Magdalena UF1.,15_04_Comunic_Recibidas/2018/CI004_GP-7096_070107_CON_0480_PTE_PEATO_UF1.pdf
1962,1,CONCESIÓN ALTO MAGDALENA S.A.S.,ALMA-2018-1618,CONSORCIO 4C,GP-7691,24/04/2018,Entrega de un (1) expediente para aprobación del Avalúo Comercial Corporativo.,15_04_Comunic_Recibidas/2018/CI004_GP-7691_070406_CON_1618_EXP_AVALUO.pdf
1964,4,CONCESIÓN ALTO MAGDALENA S.A.S.,ALMA-2018-4473,CONSORCIO 4C,GP-9256,27/11/2018,Entrega de 99 Actas de Vecindad para validación y firma de la Interventoría.,15_04_Comunic_Recibidas/2018/CI004_GP-9256_070109_CON_4473_ACTAS_VECINDAD.pdf
1961,1,CONCESIÓN ALTO MAGDALENA S.A.S.,ALMA-2018-2155,CONSORCIO 4C,GP-7988,01/06/2018,Entrega Edición No 13 de la Revista ALMA AL DÍA CON LAS NOTICIAS.,15_04_Comunic_Recibidas/2018/CI004_GP-7988_070109_CON_2155_REV_ALMA_EDI_13.pdf
1957,4,CONCESIÓN ALTO MAGDALENA S.A.S.,ALMA-2018-3452,CONSORCIO 4C,GP-8687,03/09/2018,Respuesta a su comunicación Cl.004/GP3607/17/7.1.8 del 21 de diciembre de 2017 (Rad. Interno ALMA-R-2017-04449 del 21 de diciembre de 2017). Solicitud aclaración Resolución 3314 del 31 de octubre de 2017 – Ocupación de cauce UF 4.2.,15_04_Comunic_Recibidas/2018/CI004_GP-8687_070108_CON_3452_OCUPA_CAUCE_UF4.2.pdf
1969,1,CONCESIÓN ALTO MAGDALENA S.A.S.,ALMA-2018-0976,CONSORCIO 4C,GP-7324,05/03/2018,Entrega Informe Gerencial Mensual N° 40 - febrero de 2018.,15_04_Comunic_Recibidas/2018/CI004_GP-7324_070500_CON_0976_INF_MEN_N°40.pdf
1971,1,CONCESIÓN ALTO MAGDALENA S.A.S.,ALMA-2018-3688,CONSORCIO 4C,GP-8844,24/09/2018,"Divulgación Plan de Contingencia y Gestión del Riesgo, Licencia Ambiental Resolución N° 0660 de 2016, Expediente LAV0004-00-2016.",15_04_Comunic_Recibidas/2018/CI004_GP-8844_070108_CON_3688_PLAN_CONTING_LIC_AMB.pdf
1966,1,Agencia Nacional de Infraestructura,2018-305-043254-1,CONSORCIO 4C,GP-9407,26/12/2018,Remisión solicitud comunidad Puerto Bogotá – Contrato de Concesión No 003 de 2014. Concesión Girardot – Honda – Puerto Salgar.,15_04_Comunic_Recibidas/2018/CI004_GP-9407_070109_ANI_043254-1_SCTUD_COMUNI_PTO_BGTA.pdf
1967,2,CONCESIÓN ALTO MAGDALENA S.A.S.,ALMA-2018-1723,CONSORCIO 4C,GP-7744,27/04/2018,Entrega de expedientes prediales de la unidad funcional 3 para revisión del componente Social.,15_04_Comunic_Recibidas/2018/CI004_GP-7744_070402_CON_1723_EXP_SOCIAL.pdf
1968,1,CONCESIÓN ALTO MAGDALENA S.A.S.,ALMA-2018-2310,CONSORCIO 4C,GP-8064,19/06/2018,Entrega de un (1) expediente de la Unidad Funcional 2 para revisión en la etapa de expropiación.,15_04_Comunic_Recibidas/2018/CI004_GP-8064_070404_CON_2310_EXP_EXPRO.pdf
1965,3,CONCESIÓN ALTO MAGDALENA S.A.S.,ALMA-2018-0815,CONSORCIO 4C,GP-7276,20/02/2018,"Entrega informe de inicio de la compensación asignada en la Resolución 1408 del 20 de mayo de 2016, Expediente PAF-20284. Entrega del pago por seguimiento ambiental, dando cumplimiento a la resolución 3858 del 16 de noviembre de 2017, según el comunicado 29943 del 12 de diciembre de 2017 (Radicado interno ALMA-R-2017-04367).",15_04_Comunic_Recibidas/2018/CI004_GP-7276_070108_CON_0815_PAG_AMBTAL.pdf
1977,1,CONCESIÓN ALTO MAGDALENA S.A.S.,ALMA-2018-0941,CONSORCIO 4C,GP-7552,28/02/2018,Entrega de un (1) expediente para aprobación del Avalúo Comercial Corporativo.,15_04_Comunic_Recibidas/2018/CI004_GP-7552_070401_CON_0941_EXP_AVALUO.pdf
1972,1,CONCESIÓN ALTO MAGDALENA S.A.S.,ALMA-2018-4111,CONSORCIO 4C,GP-9037,26/10/2018,Respuesta comunicación CI.004/GP5223/18/7.1.7 del 20 de septiembre de 2018 (Radicado ALMA-R-2018-2955.) Revisión Diseño de Pavimento Peaje y Pesaje Las Brisas de la Unidad Funcional 5.4. – Respuesta a ALMA-2018-2655,15_04_Comunic_Recibidas/2018/CI004_GP-9037_070107_CON_4111_DISEÑ_PEAJ_PESAJ_BRISAS.pdf
1970,6,AGENCIA NACIONAL DE INFRAESTRUCTURA,2018-305-010782-1,CONSORCIO 4C,GP-7602,11/04/2018,Remisión Acta de entrega de Infraestructura vial a la Agencia Nacional de Infraestructura -ANI para ser afectada al desarrollo del contrato de Concesión No. 003 de 2014. Proyecto Girardot Honda Puerto Salgar. Contrato 003 de 2014.,15_04_Comunic_Recibidas/2018/CI004_GP-7602_050200_ANI_010782-1_ACTA_INFRAESTR.pdf
1975,1,CONCESIÓN ALTO MAGDALENA S.A.S.,ALMA-2018-3536,CONSORCIO 4C,GP-8756,11/09/2018,Respuesta comunicación 20183050282111 fechada el 29 de agosto de 2018 (Radicado ALMA-R-2018-2757 del 04 de septiembre de 2018). Seguimiento calidad de ensayos de laboratorio MDC-19 modificada con asfalto tipo 3 UF 5.4,15_04_Comunic_Recibidas/2018/CI004_GP-8756_070103_CON_3536_SEGUI_MDC-19_UF5.4.pdf
1973,2,CONCESIÓN ALTO MAGDALENA S.A.S.,ALMA-2018-0004,CONSORCIO 4C,GP-6876,29/12/2017,Respuesta a su comunicación CI.004/GP3605/17/7.4.1 del 20 de septiembre de 2017. (Rad. Interno ALMA-2017-04446). Entrega de un expediente predial de la unidad funcional 5 para aprobación.,15_04_Comunic_Recibidas/2018/CI004_GP-6876_070401_CON_0004_EXP_PREDIAL.pdf
1974,1,CONCESIÓN ALTO MAGDALENA S.A.S.,ALMA-2018-0482,CONSORCIO 4C,GP-7098,31/01/2018,Concepto del Diseñador sobre Junta entre Dovelas – Puente Flandes sobre Río Magdalena UF1,15_04_Comunic_Recibidas/2018/CI004_GP-7098_070107_CON_0482_DISEÑ_DOVEL_PTE_UF1.pdf
1976,7,CONCESIÓN ALTO MAGDALENA S.A.S.,ALMA-2018-4289,CONSORCIO 4C,GP-9170,14/11/2018,Respuesta a su comunicación CI.004/GP3687/18/7.5 del 05 de enero de 2018 (Radicado ALMA-R-2018-0068). Revisión Memoria Técnica Octubre - 2017,15_04_Comunic_Recibidas/2018/CI004_GP-9170_070500_CON_4289_MEMOTEC_OCT.pdf
1978,1,CONCESIÓN ALTO MAGDALENA S.A.S.,ALMA-2018-0983,CONSORCIO 4C,GP-8523,05/03/2018,Respuesta a su Oficio No. CI.004/GP3445/17/7.4.4 relacionado con la entrega de un (1) expediente de la Unidad Funcional 3 para revisión en la etapa de expropiación.,15_04_Comunic_Recibidas/2018/CI004_GP-8523_070404_CON_0983_EXP_EXPRO.pdf
1982,1,CONCESIÓN ALTO MAGDALENA S.A.S.,ALMA-2018-3448,CONSORCIO 4C,GP-8743,07/09/2018,Informe ejecutivo de avance de ejecución predial del mes de agosto del año 2018.,15_04_Comunic_Recibidas/2018/CI004_GP-8743_070401_CON_3448_INF_PREDIAL_AGO.pdf
1980,1,CONCESIÓN ALTO MAGDALENA S.A.S.,ALMA-2018-4641,CONSORCIO 4C,GP-9355,07/12/2018,Cambio Anclajes Voladizos 1 y 4 del Puente de Puerto Salgar sobre el Río Magdalena en la Unidad Funcional 5.4.,15_04_Comunic_Recibidas/2018/CI004_GP-9355_070103_CON_4641_ANCLAJ_PTE-SALGAR.pdf
1983,1,CONCESIÓN ALTO MAGDALENA S.A.S.,ALMA-2018-4766,CONSORCIO 4C,GP-9409,26/12/2018,Respuesta comunicación CI.004/GP5659/18/7.4.6 (Rad. ALMA-R-2018-3756). Entrega expediente ALMA-2-0098-1 aprobación Avalúo Comercial Corporativo.,15_04_Comunic_Recibidas/2018/CI004_GP-9409_070406_CON_4766_EXP_AVALUO.pdf
1981,1,CONCESIÓN ALTO MAGDALENA S.A.S.,ALMA-2018-4428,CONSORCIO 4C,GP-9238,20/11/2018,"Remisión expedientes prediales ALMA-5-0068, ALMA-5-0070 y ALMA-5-0074.",15_04_Comunic_Recibidas/2018/CI004_GP-9238_070401_CON_4428_EXP_PREDIAL.pdf
1986,1,CONCESIÓN ALTO MAGDALENA S.A.S.,ALMA-2018-1302,CONSORCIO 4C,GP-7522,27/03/2018,Su comunicación Cl.004/GP3965/18/7.1.10 – Radicado ALMA-R--2018 -0687 del 23 de febrero de 2018. Procedimiento Izaje Vigas Puente Puerto Salgar.,15_04_Comunic_Recibidas/2018/CI004_GP-7522_070103-070110_CON_1302_IZAJ_VIGAS_SALGAR.pdf
1987,2,CONCESIÓN ALTO MAGDALENA S.A.S.,ALMA-2018-2713,CONSORCIO 4C,GP-8369,17/07/2018,"Respuesta oficio CI.004/GP4752/18/5.3 (ALMA-R-2018-2141) - 03 de julio de 2018. Otorgamiento Período de Cura por Incumplimiento Seguridad Vial de las Interconexiones Girardot, Flandes y Chicoral.",15_04_Comunic_Recibidas/2018/CI004_GP-8369_050300_CON_2713_PLAZ_CURA_SEG_VIAL.pdf
1984,4,CONCESIÓN ALTO MAGDALENA S.A.S.,ALMA-2018-2872,CONSORCIO 4C,GP-8436,27/07/2018,Respuesta Oficio No. CI.004/GP4569/18/7.4.4 entrega de un (1) expediente de la Unidad Funcional 2 para revisión en la etapa de expropiación.,15_04_Comunic_Recibidas/2018/CI004_GP-8436_070404_CON_2872_EXP_EXPRO.pdf
1979,1,CONCESIÓN ALTO MAGDALENA S.A.S.,ALMA-2018-0894,CONSORCIO 4C,GP-7528,26/02/2018,Informe de Cumplimiento Ambiental No. 3 Expediente N° LAV0063-00-2015,15_04_Comunic_Recibidas/2018/CI004_GP-7528_070108_CON_0894_INF_CUMP_AMB.pdf
1992,4,Agencia Nacional de Infraestructura,20183050252461,CONSORCIO 4C,GP-8495,08/08/2018,Requerimiento - Atención Observaciones de Calidad de Procesos Constructivos de Rehabilitación Unidad Funcional 5.2,15_04_Comunic_Recibidas/2018/CI004_GP-8495_070103_ANI_025246-1_OBS_CALIDAD_UF5.2.pdf
1991,1,CONCESIÓN ALTO MAGDALENA S.A.S.,ALMA-2018-1433,CONSORCIO 4C,GP-7609,11/04/2018,"Entrega de un (1) expediente predial ALMA-5-0207 de la unidad funcional 5 con correcciones del componente Social, de acuerdo a observaciones con oficio C.I.004/GP4200/18/7.4.2 GIRARDOT-CNP, 06 de abril de 2018.",15_04_Comunic_Recibidas/2018/CI004_GP-7609_070402_CON_1433_EXP_SOCIAL.pdf
1988,1,CONCESIÓN ALTO MAGDALENA S.A.S.,ALMA-2018-3820,CONSORCIO 4C,GP-8855,02/10/2018,"Respuesta comunicado CI.004/GP5163/18/7.1.9, radicado interno ALMA-R-2018-2861 - Cargue Información social Sistema Informático de Contabilización y Control - SICC",15_04_Comunic_Recibidas/2018/CI004_GP-8855_070109_CON_3820_CARGUE_INFO_SICC.pdf
1990,1,CONCESIÓN ALTO MAGDALENA S.A.S.,ALMA-2018-0036,CONSORCIO 4C,GP-6890,04/01/2017,Su comunicación CI.004/GP1564/17/7.1.7 - Radicado ALMA-R-2016-03259 del 05 de diciembre de 2016. Estado de Box existente del K99+636.,15_04_Comunic_Recibidas/2018/CI004_GP-6890_070107_CON_0036_ESTAD_BOX_K99.pdf
1989,2,CONCESIÓN ALTO MAGDALENA S.A.S.,ALMA-2018-1047,CONSORCIO 4C,GP-7379,06/03/2018,"Remitir copia autentica de la Resolución 317 del 22 de febrero de 2018, ""Por medio de la cual se modifica la Resolución N° 1876 del 16 de noviembre de 2016 proferida por el Vicepresidente de Planeación, Riesgos y Entorno de la Agencia nacional de Infraestructura, con el fin de efectuar un ajuste de franja de terreno del proyecto vial Girardot- Honda- Puerto Salgar, en cumplimiento del Artículo 58 literal e) de la Ley 388 de 1997referente a la declaratoria de utilidad pública e interés social"", para su conocimiento.",15_04_Comunic_Recibidas/2018/CI004_GP-7379_050300_CON_1047_RESOL_N°317.pdf
1994,1,AGENCIA NACIONAL DE INFRAESTRUCTURA,2018-305-014660-1,CONSORCIO 4C,GP-7822,15/05/2018,Oficio radicado ANI 2018-409-042033-2. Rta. ALMA-2018-1344 Informe Gerencial Mensual marzo de 2018. Proyecto Girardot - Honda - Puerto Salgar. Contrato de Concesión 003 de 2014 - Concesión Alto Magdalena S.A.S.,15_04_Comunic_Recibidas/2018/CI004_GP-7822_070500_ANI_014660-1_INF_MENSUAL_MAR.pdf
1997,1,CONCESIÓN ALTO MAGDALENA S.A.S.,ALMA-2018-2313,CONSORCIO 4C,GP-8066,19/06/2018,Entrega de un (1) expediente de la Unidad Funcional 2 para revisión en la etapa de expropiación.,15_04_Comunic_Recibidas/2018/CI004_GP-8066_070404_CON_2313_EXP_EXPRO.pdf
1993,1,,,CONSORCIO 4C,GP-7801,10/05/2018,DERECHO DE PETICIÓN,15_04_Comunic_Recibidas/2018/CI004_GP-7801_070109_ALEYVA_SINNUMERO_DP_ALEYVA.pdf
1995,2,CONCESIÓN ALTO MAGDALENA S.A.S.,ALMA-2018-3288,CONSORCIO 4C,GP-8642,22/08/2018,"Respuesta comunicación CI.004/GP5004/18/7.4.2. Entrega de un (1) expediente predial de la unidad funcional 2 con componente Social, para revisión y aprobación.",15_04_Comunic_Recibidas/2018/CI004_GP-8642_070402_CON_3288_EXP_SOCIAL.pdf
1985,1,CONCESIÓN ALTO MAGDALENA S.A.S.,ALMA-2018-1926,CONSORCIO 4C,GP-7862,17/05/2018,PMT para obras de intervención en sectores de Doble Calzada.,15_04_Comunic_Recibidas/2018/CI004_GP-7862_070111_CON_1926_PMT_SECT_DCALZADA.pdf
1998,1,CONCESIÓN ALTO MAGDALENA S.A.S.,ALMA-2018-4578,CONSORCIO 4C,GP-9319,04/12/2018,Cumplimiento de obligaciones de la Resolución No. 2280 del 30 de octubre de 2015 en la UF3.,15_04_Comunic_Recibidas/2018/CI004_GP-9319_070108_CON_4578_OBLIGA_RESOL_2280.pdf
1999,1,CONCESIÓN ALTO MAGDALENA S.A.S.,ALMA-2018-3240,CONSORCIO 4C,GP-8627,17/08/2018,Entrega de un expediente predial de la unidad funcional 5 para aprobación.,15_04_Comunic_Recibidas/2018/CI004_GP-8627_070401_CON_3240_EXP_PREDIAL.pdf
2003,1,CONCESIÓN ALTO MAGDALENA S.A.S.,ALMA-2018-1560,CONSORCIO 4C,GP-7660,19/04/2018,Memoria Técnica Mes de Marzo de 2018,15_04_Comunic_Recibidas/2018/CI004_GP-7660_070500_CON_1560_MEMOTEC_MAR.pdf
2000,1,CONCESIÓN ALTO MAGDALENA S.A.S.,ALMA-2017-5339,CONSORCIO 4C,GP-7060,20/12/2017,"Entrega solicitud de modificación de la Licencia Ambiental Resolución No. 1684 del 24 de diciembre de 2015 para la Unidad Funcional 5, subsector 3, Expediente LAV0068-00-2015, del proyecto denominado ""Conexión vía Honda - La Dorada Ruta 4510 con la vía Puerto Salgar - El Koran Ruta 4510, incluye puente nuevo sobre el río Magdalena.",15_04_Comunic_Recibidas/2018/CI004_GP-7060_070108_CON_5339_LIC_AMBIENT_UF5.pdf
1996,25,CONCESIÓN ALTO MAGDALENA S.A.S.,ALMA-2018-2011,CONSORCIO 4C,GP-7901,23/05/2018,Remisión pólizas del contrato de la referencia,15_04_Comunic_Recibidas/2018/CI004_GP-7901_050300_CON_2011_POLIZAS_CONTRATO.pdf
2005,4,CONCESIÓN ALTO MAGDALENA S.A.S.,ALMA-2018-2254,CONSORCIO 4C,GP-8028,08/06/2018,Solicitud Informe Talud K5+600 Ruta 4508 – Unidad Funcional 2.,15_04_Comunic_Recibidas/2018/CI004_GP-8028_070104-070303_CON_2254_TALUD_K5.pdf
2001,1,CONCESIÓN ALTO MAGDALENA S.A.S.,ALMA-2018-0494,CONSORCIO 4C,GP-7116,31/01/2018,"Cierre Observación Pendiente Actas de Terminación Unidades Funcionales 1, 2 y 4. Apéndice Técnico 2 - Numeral 3.3.10.1 - Coordinación del Sistema de Información georreferenciado (SIG).",15_04_Comunic_Recibidas/2018/CI004_GP-7116_090300_CON_0494_SISTEM_INFO_GEO(SIG).pdf
2004,2,CONCESIÓN ALTO MAGDALENA S.A.S.,ALMA-2018-1838,CONSORCIO 4C,GP-7796,10/05/2018,Su comunicación CI.004/GP4325/18/7.1.3 - Radicado ALMA-R-2018-1347 del 25 de abril de 2018 - Seguimiento Obra Condiciones Demolición Parcial Viga Cabezal Pila 3 Puente Rio Magdalena UF1.,15_04_Comunic_Recibidas/2018/CI004_GP-7796_070103_CON_1838_SEGUI_VIGA_PIL3_PTE_UF1.pdf
2008,6,CONCESIÓN ALTO MAGDALENA S.A.S.,ALMA-2018-2530,CONSORCIO 4C,GP-8232,28/06/2018,Respuesta a Comunicado CI.004/GP4398/18/7.1.8 del 09 de mayo de 2018. (Rad. Interno ALMA-R-2018-1484 del 09 de mayo de 2018). Aspectos e Impactos Ambientales UF 5.4.,15_04_Comunic_Recibidas/2018/CI004_GP-8232_070108_CON_2530_ASPEC_IMPAC_AMB.pdf
2009,6,CONCESIÓN ALTO MAGDALENA S.A.S.,ALMA-2018-0632,CONSORCIO 4C,GP-7202,08/02/2018,"Respuesla a su comunlcaclon Cl.004/GP362 lll ll l l ll l 111 ALMA-2018-0632 Contrato de Concesión bajo esquema APP Nº 003-2014 - ""Financiación, construcción, rehabilitación, mejoramiento, operación y mantenimiento del Corredor Honda - Puerto Salgar - Girardot, de acuerdo con el Apéndice Técnico K 100+400 · 1 y demás apéndices del Contrato"". Respuesta a su comunicación Cl.004/GP3624/17 /7.1.10 del 26 de diciembre de 2017 (Rad. Interno ALMA-R-2018-04468) Seguimiento de seguridad UF 4 Semana Actividad: Construcción de cunetas. Empresa: Dresgo. SEDE HONDA El personal no utiliza adecuadamente la dotación y los EPP. Calle 13 N° 10-16 Centro Comercial Celi PBX (578) 251 2243 SEDE BOGOTA Calle 102 A N. 47- 30 PBX (571)7657331 Frente a esta observación, la Concesión Alto Magdalena S.A.S. se permite informar que, en el frente de obra periódicamente se realizan capacitaciones sobre la importancia del uso de los EPP durante el desarrollo de las actividades. Se adjunta evidencia (Ver anexo N ° 1) No cuentan con los elementos básicos para la atención de emergencias. F-11-02/V.09/18-07-17 @ MINTRANSPORTE 4N., AQencia Nacional de - 1 Infraestructura IÍ;.• \.JIGILADO j SUPERTRANSPORTE COIICESION .UTOM.t.GO.U.DU. o (.) E o (.) ro e Q) ro ""O O) ro E o :: ro CONCESIÓN ALTO MAGDALENA S.A.S. CONCESION ALTO MAGDALENA NIT 900.745.219-8 Al contestar por favor cite: SEDE HONDA Calle 13 N° 10 -16 Centro Comercial Celi PBX (578) 251 2243 SEDE BOGOTA Calle 102 A N. 47- 30 PBX (571)7657331 En el frente de obra se cuenta con el respectivo kit de elementos para la atención de emergencias. Elementos para atención de emergencias Campamento sin punto de hidratación y sin batería sanitaria. El frente de obra cuenta con el respectivo punto de hidratación y batería sanitaria a disposición del personal. Batería sanitaria K110+120 Actividad: Reforzamiento de muro con saco suelo en área de alcantarilla. Empresa: MAKI. Se evidencia trabajos sobre pendiente en la cual el personal no cuenta con los equipos de protección contra caídas, adicional no se dispone con una vía de acceso segura, ni definida. F-11-02/V.09/18-07-17 @ MINTRANSPORTE AN., AQencla Nacional de .- 1 Infraestructura ,;r.._ \JIGILADC> $ SUPERTRANSPORTE COtlCtSIOU .ll.TOHJ.GD.U.íH4 TODOSPORUN NUEVOPAIS o (.) E o (.) ro e Q.) ro ""O O) ro E o :: ro e CONCESIÓN AL TO MAGDALENA S.A.S. CONCESION ALTO MAGDALENA NIT 900.745.219-8 Al contestar por favor cite: SEDE HONDA Calle 13 N° 10 - 16 Centro Comercial Celi PBX (578) 251 2243 SEDE BOGOTA Calle 102 A N. 47- 30 PBX (571)7657331 Frente a los trabajos realizados sobre pendientes, el personal cuenta con los equipos de protección contra caídas. Las actividades llevadas a cabo, consistían en la instalación de sacos escalonadamente, para evitar erosión en el terraplén, de la siguiente manera: ••• --- - - - !:::::====== ----- ----- Imagen 1. Instalación de costales de manera escalonada Los trabajos se iniciaron de manera ascendente, colocando peldaños de 1,Sm de ancho y escalones de 1 m de altura. Carecen de elementos básicos para la atención de emergencias y baterías sanitarias. En el frente de obra se cuenta con el correspondiente kit de elementos para la atención de emergencias y batería sanitaria para el uso del personal. Elementos para atención de emergencias Batería sanitaria K 124+920 Actividad: Perforación de pernos para estabilidad de talud - Incumplimiento reiterativo Empresa: Nacional de Perforaciones Se evidencia trabajo en alturas en la cual no _se encontró en sitio la documentación referente a la actividad. En el frente de obra se encuentra disponible la documentación correspondiente al aseguramiento de trabajo en alturas. F-11-02/V.09/18-07-17 @ MINTRANSPORTE 4N., Agencia Nacional de .- 1 Infraestructura ;r,;._ \JIGILADO X SUPERTRANSPORTE COIIClcSIOtl .u.JO MAGD.UDU. TODOS POR UN NUEVOPAIS o ü E o ü ro e Q.) ro ""O O) ro E o .:!: ro CONCESIÓN AL TO MAGDALENA S.A.S. CONCE;SION ALTO MAGDALENA NIT 900.745.219-8 Al contestar por favor cite: SEDE HONDA Calle 13 N º 10-16 Centro Comercial Celi PBX (578) 251 2243 SEDE BOGOTA Calle 102 A N. 47- 30 PBX (571)7657331 No cuentan con los elementos básicos para la atención de emergencias. En el frente de obra se cuenta con el kit de elementos para la atención de emergencias. Elementos para atención de emergencias Campamento sin punto de hidratación ni baterías sanitarias. En el frente de obra se cuenta con el correspondiente punto de hidratación y baterías sanitarias para el uso del personal. K 126+430 Actividad: Construcción de cunetas. Empresa: REFOR Batería sanitaria Se evidencia trabajos sobre pendiente en la cual el personal no cuenta con los equipos de protección contra caídas. Para las actividades llevadas a cabo sobre pendientes, el personal cuenta con los equipos de protección contra caídas correspondientes,. Adicionalmente, se realizan capacitaciones al F-ll-02/V.09/18-07-17 @ MINTRANSPORTE 4N., nda Nacional da .- 1 Infraestructura .,í;. • '-.IIGILADO A SUPERTRANSPORTE COIICESIOtl .f.l.JOHAG041.DU. TODOSPORUN NUEVOPAIS o (.) E o (.) ro e (1) ro i:::, O) ro E o CONCESIÓN AL TO MAGDALENA S.A.S. CONCESION ALTO MAGDALENA NIT 900.745.219-8 Al contestar por favor cite: SEDE HONDA Calle 13 N"" 10 -16 Centro Comercial Celi PBX (578) 251 2243 SEDE BOGOTA Calle 102 A N. 47- 30 PBX (571)7657331 personal sobre la importancia de utilizar correctamente los elementos de protección. Se adjunta evidencia. (Ver anexo N° 02) Carecen de elementos básicos para la atención de emergencias En el frente de obra se cuenta con el respectivo kit de elementos para la atención de emergencias. Elementos para atención de emergencias Campamento sin punto de hidratación y batería sanitaria. El frente de obra cuenta con el correspondiente punto de hidratación y batería sanitaria para el uso del personal. Batería sanitaria K 128+100 Empresa: Nacional de Perforaciones. F-ll-02/V.09/18-07-17 @ MINTRANSPORTE 4N·1 Agencia Nacional de - 1 Infraestructura ;;.. \.JIGILADO SUPERTRANSPORTE COIICESIOll Al.TO H.4GO.UDtl TODOS POR UN NUEVOPAIS o (.) E o (.) ro e Q) ro ""O O) E o CONCESIÓN ALTO MAGDALENA S.A.S. CONCESION ALTO MAGDALENA NIT 900.745.219-8 Al contestar por favor cite: SEDE HONDA Calle 13 N' 10 -16 Centro Comercial Celi PBX (578) 251 2243 SEDE BOGOTA Calle 102 A N. 47- 30 PBX (571)7657331 Actividad: Instalación de geomanto para estabilidad de talud - Incumplimiento reiterativo. Se evidencia trabajo en alturas en la cual la documentación referente a la actividad se encuentra incompleta. En el frente de obra, se encuentra disponible toda la documentación referente al aseguramiento de las actividades realizadas en alturas. No cuentan con baterías sanitarias. En el frente de obra se tienen disponibles baterías sanitarias para el uso del personal. c -e...,,, __ ., CLAUDIA CECI[ Gerente General Anexo: Lo enunciado en medio físico (2 folios) Batería sanitaria e.e.: lng. Adriana Rodríguez - Líder equipo supervisor -ANI -Av. Calle 26 N' 59 - 51, Bogotá D.C. Archivo Proyectó: JORGE MOSQUERA Revisó: JOSE BERNARDO ROMERO ANGEL/Juan David Toro M F-11-02/V.09/18-07-17 @ MINTRANSPORTE 4N·1 oda Nacional de .- 1 Infraestructura r,;, \.JIGILADO SUPERTRANSPORTE co11cr.:s1ou Al.TO HAGD.lUNA TODOSPORUN NUEVOPAfS o u E o u ro e Q) ro ""'C C) ro E o == ro e",15_04_Comunic_Recibidas/2018/CI004_GP-7202_070110_CON_0632_SEG_UF4_S149.pdf
2006,11,CONCESIÓN ALTO MAGDALENA S.A.S.,ALMA-2018-0334,CONSORCIO 4C,GP-7005,23/01/2018,Prorroga a su comunicación CI.004/GP3575/17/7.4.1 del diciembre 12 de 2017 (Rad. Interno 04493); expedientes prediales de la unidad funcional 4.,15_04_Comunic_Recibidas/2018/CI004_GP-7005_070401_CON_0334_EXP_PREDIAL.pdf
2007,1,CONCESIÓN ALTO MAGDALENA S.A.S.,ALMA-2018-1948,CONSORCIO 4C,GP-7893,18/05/2018,"Respuesta a su comunicación, CI.004/GP4315/17/7.4.1 del 27 de Marzo de 2018 (Rad. Interno ALMA-R-2018-1334), Entrega de un (1) expediente predial de la unidad funcional 3 para aprobación de ficha predial.",15_04_Comunic_Recibidas/2018/CI004_GP-7893_070401_CON_1948_EXP_PREDIAL.pdf
2013,1,CONCESIÓN ALTO MAGDALENA S.A.S.,ALMA-2018-1959,CONSORCIO 4C,GP-7850,18/05/2018,Entrega de un (1) expediente para aprobación del Avalúo Comercial Corporativo.,15_04_Comunic_Recibidas/2018/CI004_GP-7850_070406_CON_1959_EXP_AVALUO.pdf
2012,4,CONCESIÓN ALTO MAGDALENA S.A.S.,ALMA-2018-0125,CONSORCIO 4C,GP-6917,11/01/2018,Comunicación Cl.004/GP3680/18/7.1.1 - Radicado ALMA-R-2018-0058 del 5 de enero de 2018 - Seguimiento puente sobre río Magdalena K3+109 UF1 Inactividad obra.,15_04_Comunic_Recibidas/2018/CI004_GP-6917_070111_CON_0125_PTE_UF1.pdf
2010,3,CONCESIÓN ALTO MAGDALENA S.A.S.,CI004/GP4490/18/7.2.2,CONSORCIO 4C,GP-7790,09/05/2018,Respuesta comunicado CI.004/GP4313/18/7.2.2 Observaciones Estados Financieros febrero 2018.,15_04_Comunic_Recibidas/2018/CI004_GP-7790_070202_CON_1822_ESTAD_FINAN_FEB.pdf
2011,30,CONCESIÓN ALTO MAGDALENA S.A.S.,ALMA-2018-0893,CONSORCIO 4C,GP-7285,26/02/2018,Entrega de Registro consolidado de recuperación de espacio público a enero de 2018.,15_04_Comunic_Recibidas/2018/CI004_GP-7285_070109_CON_0893_RECUP_ESPAC_PUB.pdf
2015,3,CONCESIÓN ALTO MAGDALENA S.A.S.,ALMA-2018-3344,CONSORCIO 4C,GP-8685,27/08/2018,"Entrega de soportes correspondientes a Pagos de Seguridad Social para el mes de julio de 2018 y Pago de Salarios del mes de junio de 2018, e ingreso de personal.",15_04_Comunic_Recibidas/2018/CI004_GP-8685_070110_CON_3344_PAG_SEGYSAL_JUL_JUN.pdf
2014,3,CONCESIÓN ALTO MAGDALENA S.A.S.,ALMA-2018-0037,CONSORCIO 4C,GP-6891,04/01/2018,Respuesta a comunicación Cl. 004/GP3407/17/7.2.2 con Radicado ALMA-R-2017-03985,15_04_Comunic_Recibidas/2018/CI004_GP-6891_070202-070115_CON_0037_SUBCTA_REDES.pdf
2016,1,CONCESIÓN ALTO MAGDALENA S.A.S.,ALMA-2018-3497,CONSORCIO 4C,GP-8828,06/09/2018,Entrega de un (1) expediente para aprobación de Ficha Predial y Estudio de Títulos.,15_04_Comunic_Recibidas/2018/CI004_GP-8828_070401_CON_3497_EXP_PREDIAL.pdf
2017,1,CONCESIÓN ALTO MAGDALENA S.A.S.,ALMA-2018-2296,CONSORCIO 4C,GP-8018,13/06/2018,"Respuesta a su comunicación, CI.004/GP4601/18/7.4.6 del 7 Junio de 2018 (Rad. Interno ALMA-R-2018-1865), Entrega de un (1) expedientes predial de la unidad funcional 4 para aprobación de Avalúo comercial corporativo.",15_04_Comunic_Recibidas/2018/CI004_GP-8018_070406_CON_2296_EXP_AVALUO.pdf
2019,2,CONCESIÓN ALTO MAGDALENA S.A.S.,ALMA-2018-1376,CONSORCIO 4C,GP-7583,06/04/2018,Respuesta a su comunicación CI.004/GP2898/17/7.1.3 del 30 agosto de 2017 (Radicado ALMA-R-2017-02912) Solicitud Información Personal Equipos.,15_04_Comunic_Recibidas/2018/CI004_GP-7583_070103_CON_1376_INFO_PERSO_EQUI.pdf
2018,1,CONCESIÓN ALTO MAGDALENA S.A.S.,ALMA-2018-1537,CONSORCIO 4C,GP-7654,17/04/2018,Su comunicación 2018-305-009452-1 fechada el 26 de marzo de 2018 - Radicado ALMA-R-2018-1070 del 02 de abril de 2018. Terminados Concreto Integridad Acero Puentes UF5.,15_04_Comunic_Recibidas/2018/CI004_GP-7654_070103_CON_1537_ACERO_PTES_UF5.pdf
2020,1,CONCESIÓN ALTO MAGDALENA S.A.S.,ALMA-2018-1517,CONSORCIO 4C,GP-7649,16/04/2018,Estados Financieros Auditados y las revelaciones al 31 de diciembre de 2017 Concesión Alto Magdalena SAS.,15_04_Comunic_Recibidas/2018/CI004_GP-7649_070202_CON_1517_ESTAD_FINAN_AUDIT.pdf
2023,3,CONCESIÓN ALTO MAGDALENA S.A.S.,ALMA-2018-1759,CONSORCIO 4C,GP-7997,03/05/2018,Citación para Notificación personal de la Resolución No. 0709 del 26 de abril de 2018 - Predio No. ALMA-2-0139. Proyecto vial HONDA - PUERTO SALGAR - GIRARDOT.,15_04_Comunic_Recibidas/2018/CI004_GP-7997_070404_CON_1759_NOTIF_ISLAS.pdf
2024,1,CONCESIÓN ALTO MAGDALENA S.A.S.,ALMA-2017-5239,CONSORCIO 4C,GP-7072,12/12/2017,Entrega de un (1) expediente para aprobación del Avalúo Comercial Corporativo.,15_04_Comunic_Recibidas/2018/CI004_GP-7072_070401_CON_5239_EXP__AVALUO.pdf
2021,1,CONCESIÓN ALTO MAGDALENA S.A.S.,ALMA-2018-3826,CONSORCIO 4C,GP-8922,03/10/2018,Respuesta comunicación CI.004/GP5218/18/7.1.1 (Radicado ALMA-R-2018-2950 del 20/09/2018). Atraso Actividades Constructivas Puentes UF5 Plan de Obras vigente – V6,15_04_Comunic_Recibidas/2018/CI004_GP-8922_070101_CON_3826_ATRASO_PTES_UF5.pdf
2022,1,CONCESIÓN ALTO MAGDALENA S.A.S.,ALMA-2018-2545,CONSORCIO 4C,GP-8350,16/07/2018,Entrega de un (1) expediente predial final de la Unidad Funcional 4.,15_04_Comunic_Recibidas/2018/CI004_GP-8350_070401_CON_2545_EXP_PREDIAL.pdf
2002,2,Agencia Nacional de Infraestructura,20183040149001,CONSORCIO 4C,GP-7844,16/05/2018,"Radicado ANI No. 20184090413832 del 26 de abril 2018. Solicitud aclaración concepto técnico del permiso solicitado por el ALCANOS DE COLOMBIA S.A. E.S.P. con NIT.891.101.577-4 para realizar la instalación de tubería para red de gas de diámetro 1"" a través del método excavación manual entre el PR89+330 y el PR89+603 por el margen izquierdo Sentido Cambao - Puerto Bogotá. Proyecto vial Girardot - Honda - Puerto Salgar. Al responder, citar el expediente No. 20163040280200459E",15_04_Comunic_Recibidas/2018/CI004_GP-7844_070114_ANI_014900-1_SCTUD_ALCANOS.pdf
2027,1,CONCESIÓN ALTO MAGDALENA S.A.S.,ALMA-2018-4330,CONSORCIO 4C,GP-9195,16/11/2018,Comunicación CI.004/GP5150/18/7.4.1 – ALMA-R-2018-2832 del 07 de septiembre de 2018. Predio La Albahaca ALMA-4-0057,15_04_Comunic_Recibidas/2018/CI004_GP-9195_070406_CON_4330_PREDIO_ALBAHACA.pdf
2026,1,CONCESIÓN ALTO MAGDALENA S.A.S.,ALMA-2018-4102,CONSORCIO 4C,GP-9034,25/10/2018,Respuesta comunicación CI.004/GP3276/17/7.1.3 del 17 de octubre de 2017 (Radicado ALMA-R-2017-03644). Degradación Cortes UF3 K66+020 a K66+825.,15_04_Comunic_Recibidas/2018/CI004_GP-9034_070103_CON_4102_DEGRADA_CORTES_UF3.pdf
2025,1,CONCESIÓN ALTO MAGDALENA S.A.S.,ALMA-2018-1180,CONSORCIO 4C,GP-7463,15/03/2018,Memoria Técnica Mes de Febrero de 2018,15_04_Comunic_Recibidas/2018/CI004_GP-7463_070500_CON_1180_MEMOTEC_FEB18.pdf
2030,1,CONCESIÓN ALTO MAGDALENA S.A.S.,ALMA-2018-0351,CONSORCIO 4C,GP-7127,24/01/2018,Ajuste Diseño Geométrico de la Glorieta Puerto Bogotá - Unidad Funcional 5.1,15_04_Comunic_Recibidas/2018/CI004_GP-7127_070107_CON_0351_DISEÑ_GEOM_PTOBGTA.pdf
2028,2,CONCESIÓN ALTO MAGDALENA S.A.S.,ALMA-2018-2964,CONSORCIO 4C,GP-8437,02/08/2018,Entrega de cronograma de gestión predial de la Unidad Funcional 4.,15_04_Comunic_Recibidas/2018/CI004_GP-8437_070401_CON_2964_CRONOG_GEST_PREDIAL.pdf
2035,5,CONCESIÓN ALTO MAGDALENA S.A.S.,ALMA-2018-2436,CONSORCIO 4C,GP-8152,26/06/2018,Respuesta a su petición identificada con el consecutivo interno PQRS-UF1-2018-0090 del 01 de junio de 2018.,15_04_Comunic_Recibidas/2018/CI004_GP-8152_070109_CON_2436_RTA_DP_MMURCIA.pdf
2032,3,CONCESIÓN ALTO MAGDALENA S.A.S.,ALMA-2018-1133,CONSORCIO 4C,GP-7431,14/03/2018,Presentación de los formatos establecidos en el Numeral 4.5 Literal (u) Parte general del Contrato.,15_04_Comunic_Recibidas/2018/CI004_GP-7431_070202_CON_1133_FOR_GCSP-F001_FEB.pdf
2034,1,CONCESIÓN ALTO MAGDALENA S.A.S.,ALMA-2018-3938,CONSORCIO 4C,GP-8961,10/10/2018,Cumplimiento del artículo vigésimo de la Resolución 0660 de 2016 - Expediente N° LAV0004-00-2016.,15_04_Comunic_Recibidas/2018/CI004_GP-8961_070108_CON_3938_ART_20_RESOL_0660.pdf
2031,18,CONCESIÓN ALTO MAGDALENA S.A.S.,ALMA-2018-4707,CONSORCIO 4C,GP-9386,20/12/2018,Respuesta comunicación CI.004/GP5635/18/5.3 (Rad ALMA-R-2018-3699 - 29/11/2018). Otorgamiento periodo de Cura.,15_04_Comunic_Recibidas/2018/CI004_GP-9386_050300_CON_4707_OTORG_PLAZO_CURA.pdf
2033,1,CONCESIÓN ALTO MAGDALENA S.A.S.,ALMA-2018-2208,CONSORCIO 4C,GP-7984,05/06/2018,Entrega Informe Gerencial Mensual N° 43 - mayo de 2018,15_04_Comunic_Recibidas/2018/CI004_GP-7984_070500_CON_2208_INF_MEN_N°43_MAY.pdf
2036,1,CONCESIÓN ALTO MAGDALENA S.A.S.,ALMA-2018-1415,CONSORCIO 4C,GP-7674,11/04/2018,Informe ejecutivo de avance de ejecución predial del mes de marzo de año 2018.,15_04_Comunic_Recibidas/2018/CI004_GP-7674_070401_CON_1415_INF_PREDIAL_MAR.pdf
2040,1,CONCESIÓN ALTO MAGDALENA S.A.S.,ALMA-2018-3287,CONSORCIO 4C,GP-8643,22/08/2018,"Entrega de un (1) expediente predial de la unidad funcional 5 con componente Social, para revisión y aprobación.",15_04_Comunic_Recibidas/2018/CI004_GP-8643_070402_CON_3287_EXP_SOCIAL.pdf
2038,1,CONCESIÓN ALTO MAGDALENA S.A.S.,ALMA-2018-0317,CONSORCIO 4C,GP-7227,23/01/2018,Entrega de un (1) expediente de la Unidad Funcional 2 para revisión en la etapa de expropiación.,15_04_Comunic_Recibidas/2018/CI004_GP-7227_070404_CON_0317_EXP_UF2_EXPROP.pdf
2041,21,CONCESIÓN ALTO MAGDALENA S.A.S.,ALMA-2018-0909,CONSORCIO 4C,GP-7293,01/03/2018,"Cordial saludo: Contrato de Concesión bajo esquema APP N° 003-2014 - ""Financiación, ·construcción, rehabilitación, mejor-amiento, -oper-ación y mal'ltenimient0 del Corredor Honda - Puerto Salgar - Girardot, de acuerdo con el Apéndice Técnico 1 y demás apéndices del Contrato"". Respuesta a su comunicación identificada con el consecutivo interno PQRS-UF2- 2018-268 del 07 de febrero de 2018. -Derecho de petición. En virtud del Contrato de Concesión bajo esquema APP Nº 003-2014, suscrito entre la AGENCIA NACIONAL DE INFRAESTRUCTURA - ANI y la CONCESIÓN ALTO MAGDALENA S.A.S., el Concesionario adquirió la obligación de realizar la ""Financiación, construcción, rehabilitación, mejoramiento, operación y mantenimiento del Corredor Honda - Puerto Salgar - Girardot, de acuerdo con el Apéndice Técnico 1 y demás apéndices del Contrato"". Dentro de las obligaciones contractuales del citado contrato y con el fin de desarrollar el proyecto vial mencionado, el Concesionario actúa como delegatario de la Agencia Nacional de Infraestructura para la adquisición de predios con fines de utilidad pública destinados a la construcción ·del proyecto vial, de acuerdo ·con lo -establecido en fa 'Ley 9 -de 1989, Ley 388 de 1997, Ley 1682 de 2013 y Ley 1742 de 2014. Teniendo en cuenta la solicitud radicada por usted el día 07 de febrero del año en curso, identificada en el asunto, entendiendo que el predio al cual hace referencia en su solicitud es al predio identificado con el folio de matrícula inmobiliaria número: 307- 44770, denominado ""LOTE SAN LORENZO#"" (según folio y títuios), identificado internamente como ALMA-2-0028, el Concesionario se permite dar respuesta a la misma en los siguientes términos: Como primera medida, es necesario aclarar que se ha dado respuesta de fondo a todas y cada una de las peticiones que han sido expuestas por usted, tanto mediante comunicaciones como mediante reuniones llevadas a cabo entre las partes. Igualmente, se adelantan las obras constructivas en el predio de su propiedad, como consecuencia del permiso de intervención suscrito el pasado 11 de agosto de 2017, por lo tanto, no es cierto que el Concesionario haya perturbado la posesión que usted tiene y ejerce sobre su predio. \) 9/  '-IIGILADO SUPERTRi'INSP()RTE ';,.o. ü l .,-. • , E .·· o , .. ' () ¡;. tci """"·e ' (1) - ro '""O : ·. O> . ·E ¡ o. _.·, ..... .·t-- •,, (O ;)©) í' o ' .. '+C- . \'· .. !:. CONCESIÓN Al TO MAGDALENA S.A.S. CONCl:SION ALTO MAGDALENA NIT 900. 745.219-8 SÉOE HONDÁ Calle 13 N"" 10 - 16 Centro Comercial Celi PBX (578) 251 2243 SEDE BOGOTA Calle 102 A N. 47- 30 PBX (571)7657331 Al contestar por favor cite: Ahora bien, respecto de las obras realizadas por usted, tal y como consta en el acta de reunión llevada a cabo el 02 de noviembre de 2017, el Concesionario se comprometió a incluir dentro de la Ficha Técnica predial y por ende dentro del Avalúo Comercial Corporativo los canales que permitían el descole de aguas lluvias de su predio. Referente a las peticiones expuestas en su nuevo escrito, el Concesionario se permite indicar lo siguiente: 1. Como consecuencia de las comunicaciones por usted remitidas y de las reuniones llevadas a cabo, ·el Concesionario actualizó -el inventario 'de ·construcciones anexas, cultivos y especies, consignadas en la Ficha Técnica Predial, documento que es el soporte principal para la elaboración del Avalúo Comercial Corporativo, que a su vez, indica los valores a pagar por el Concesionario por cada una de las construcciones anexas, cultivos, especies y área de terreno requerida para la ejecución del Proyecto. Todo lo anterior, hará parte de la Oferta Formal de Compra que se presentará para su conocimiento. 2. Como se indicó en el numeral anterior, el Concesionario actualizó el inventario de construcciones anexas, dentro de las cuales, se incluyeron dos (2) canales, los mismos, serán avaluados dentro del Avalúo Comercial Corporativo y harán parte de la Oferta Formal de Compra que presentará el Concesionario, así las cosas, al reconocer los mismos económicamente, el propietario es el encargado de realizar la construcción y adecuación de estos. 3.",15_04_Comunic_Recibidas/2018/CI004_GP-7293_070109_CON_0909_DP_DHERNANDEZ.pdf
2042,1,CONCESIÓN ALTO MAGDALENA S.A.S.,ALMA-2018-4314,CONSORCIO 4C,GP-9124,13/11/2018,Radicación Informe de Gestión Social Trimestral No.16 (5 de agosto al 4 noviembre de 2018).,15_04_Comunic_Recibidas/2018/CI004_GP-9124_070109_CON_4314_INF_TRIMES_SCIAL16.pdf
2029,1,CONCESIÓN ALTO MAGDALENA S.A.S.,ALMA-2018-4443,CONSORCIO 4C,GP-9227,21/11/2018,Refuerzo estructural muro existente Puente Doraditas UF5.2.,15_04_Comunic_Recibidas/2018/CI004_GP-9227_070107_CON_4443_MURO_PTE_DORADITAS.pdf
2037,1,CONCESIÓN ALTO MAGDALENA S.A.S.,ALMA-2018-4215,CONSORCIO 4C,GP-9117,06/11/2018,Entrega Informe Trimestral Ambiental N° 16,15_04_Comunic_Recibidas/2018/CI004_GP-9117_070108_CON_4215_INF_TRIM_AMB_N°16.pdf
2039,2,CONCESIÓN ALTO MAGDALENA S.A.S.,ALMA-2018-2480,CONSORCIO 4C,GP-8187,26/06/2018,Respuesta a sus comunicaciones: CI.004/GP3723/18/7.1.7 - 7.1.8 del 11 de enero de 2018 (Rad. Interno ALMA-R-2018-0132). Revisión Ocupación de cauce Box K67+606 UF 3. CI.004/GP3724/18/7.1.7 - 7.1.8 del 11 de enero de 2018 (Rad. Interno ALMA-R-2018-0133). Revisión Ocupación de cauce Box K67+923 UF 3. CI.004/GP3725/18/7.1.7 - 7.1.8 del 11 de enero de 2018 (Rad. Interno ALMA-R-2018-0134). Revisión Ocupación de cauce Box K69+882 y CI.004/GP3726/18/7.1.7 - 7.1.8 del 11 de enero de 2018 (Rad. Interno ALMA-R-2018-0135). Revisión Ocupación de cauce Box K70+964 UF3.,15_04_Comunic_Recibidas/2018/CI004_GP-8187_070108-070107_CON_2480_BOX_K67_K69_K70.pdf
2044,4,CONCESIÓN ALTO MAGDALENA S.A.S.,ALMA-2018-3865,CONSORCIO 4C,GP-8869,05/10/2018,"Respuesta comunicación ST-DET-104-225, Radicado PQR-UF3-2018-0259 Ejecución de Obras Complementarias Redes de Acueducto y Alcantarillado del Municipio de Guataqui.",15_04_Comunic_Recibidas/2018/CI004_GP-8869_070107-070115_CON_3865_REDES_GUATAQUI.pdf
2043,6,CONCESIÓN ALTO MAGDALENA S.A.S.,ALMA-2018-4717,CONSORCIO 4C,GP-9431,21/12/2018,Entrega de 78 Actas de Vecindad para validación y firma de la Interventoría.,15_04_Comunic_Recibidas/2018/CI004_GP-9431_070109_CON_4717_ACTAS_VECINDAD.pdf
2050,1,CONCESIÓN ALTO MAGDALENA S.A.S.,ALMA-2018-2854,CONSORCIO 4C,GP-8407,27/07/2018,Entrega de expediente predial de la unidad funcional 3 para revisión del componente Social.,15_04_Comunic_Recibidas/2018/CI004_GP-8407_070402_CON_2854_EXP_SOCIAL.pdf
2045,1,CONCESIÓN ALTO MAGDALENA S.A.S.,ALMA-2018-1876,CONSORCIO 4C,GP-7836,11/05/2018,Su comunicación CI.004/GP4401/18/7.1.10 - Radicado ALMA-R-2018-1480 del 09 de mayo de 2018. Seguimiento Condiciones Seguridad UF 5.4 Izaje Vigas Puente Puerto Salgar,15_04_Comunic_Recibidas/2018/CI004_GP-7836_070110_CON_1876_CONDI_SEG_UF5.4.pdf
2046,2,CONCESIÓN ALTO MAGDALENA S.A.S.,ALMA-2018-2171,CONSORCIO 4C,GP-7987,31/05/2018,"Respuesta a su comunicación, CI.004/GP4307/18/7.4.1 del 16 de marzo de 2018 (Rad. Interno ALMA-R-2018-1310), Entrega de cuatro (4) expedientes prediales de la unidad funcional 3 para aprobación de ficha predial.",15_04_Comunic_Recibidas/2018/CI004_GP-7987_070401_CON_2171_EXP_PREDIAL.pdf
2049,1,CONCESIÓN ALTO MAGDALENA S.A.S.,ALMA-2018-8042,CONSORCIO 4C,GP-6879,04/01/2018,Entrega de un (1) expediente predial de la unidad funcional 5.2 para aprobación.,15_04_Comunic_Recibidas/2018/CI004_GP-6879_070401_CON_0042_EXP_PREDIAL.pdf
2048,1,CONCESIÓN ALTO MAGDALENA S.A.S.,ALMA-2018-3322,CONSORCIO 4C,GP-8589,27/08/2018,Repuesta comunicado CI.004/GP4888/18/7.1.9 radicado interno ALMA R-2018-2369 del 26 de julio de 2018.,15_04_Comunic_Recibidas/2018/CI004_GP-8589_070109_CON_3322_DP_DBELTRAN.pdf
2047,2,CONCESIÓN ALTO MAGDALENA S.A.S.,ALMA-2018-4692,CONSORCIO 4C,GP-9396,17/12/2018,Cumplimiento numerales 1 y 2 del artículo 7 de la Resolución No. 1082 de 2018 de la Unidad Funcional 5 subsector 3.,15_04_Comunic_Recibidas/2018/CI004_GP-9396_070108_CON_4692_CUMPLI_N°1_2_ART_7_RESOL_1082.pdf
2055,2,CONCESIÓN ALTO MAGDALENA S.A.S.,ALMA-2018-1878,CONSORCIO 4C,GP-7838,11/05/2018,Entrega de documentos de idoneidad de equipos y de personal que realizara labores de Izaje de Vigas en el Puente de Puerto Salgar sobre el Río Magdalena – UF5.4.,15_04_Comunic_Recibidas/2018/CI004_GP-7838_070110_CON_1878_VIG_PTE_SALGAR.pdf
2052,4,CONCESIÓN ALTO MAGDALENA S.A.S.,ALMA-2018-0336,CONSORCIO 4C,GP-7027,23/01/2018,Solicitud de Restitución de Bienes de Uso Público.,15_04_Comunic_Recibidas/2018/CI004_GP-7027_070109_CON_0336_RESTITUC_BIENES.pdf
2054,1,CONCESIÓN ALTO MAGDALENA S.A.S.,ALMA-2018-0413,CONSORCIO 4C,GP-7126,26/01/2018,Entrega de un (1) expediente para aprobación del Avalúo Comercial Corporativo.,15_04_Comunic_Recibidas/2018/CI004_GP-7126_070401_CON_0413_EXP_AVALUO.pdf
2058,1,CONCESIÓN ALTO MAGDALENA S.A.S.,ALMA-2018-0468,CONSORCIO 4C,GP-7234,21/02/2018,Entrega de un (1) expediente para aprobación del Avalúo Comercial Corporativo.,15_04_Comunic_Recibidas/2018/CI004_GP-7234_070401_CON_0468_EXP_AVALUO.pdf
2051,1,CONCESIÓN ALTO MAGDALENA S.A.S.,ALMA-2018-1983,CONSORCIO 4C,GP-7876,21/05/2018,Entrega Plan de Manejo del Tráfico Construcción Puentes Doraditas y Galleras – Unidad Funcional 5.2.,15_04_Comunic_Recibidas/2018/CI004_GP-7876_070111_CON_1983_PMT_PTES_UF5.pdf
2053,1,CONCESIÓN ALTO MAGDALENA S.A.S.,ALMA-2018-2425,CONSORCIO 4C,GP-8168,22/06/2018,Respuesta a su comunicación Cl.004/GP2683/17/7.1.7 del 21 de julio de 2017 (Radicado interno ALMA-R-2017-02408 del 21 de julio de 2017). Modificación diseño hidráulico alcantarilla K4+507 – Unidad Funcional 2. Comunicación ALMA-2017-0584.,15_04_Comunic_Recibidas/2018/CI004_GP-8168_070108-070107_CON_2425_DISEÑ_ALC_K4.pdf
2056,2,CONCESIÓN ALTO MAGDALENA S.A.S.,ALMA-2018-2891,CONSORCIO 4C,GP-8383,30/07/2018,"Respuesta a comunicación del 29 de mayo de 2018 identificada como PQRS-UF5-2018-406, radicado ANI No. 2018-305-016824-1 Radicados Internos ALMA-R-2018-1850 y ALMA-R-2018-1876 – Remisión Proposición No.022 del Concejo Municipal de Honda - Tolima.",15_04_Comunic_Recibidas/2018/CI004_GP-8383_070109_CON_2891_REMI_PROPOSI_N°22.pdf
2059,6,CONCESIÓN ALTO MAGDALENA S.A.S.,ALMA-2018-4294,CONSORCIO 4C,GP-9175,14/11/2018,Respuesta comunicación CI.004/GP4892/18/7.18 del 26 de julio de 2018 (Rad Interno ALMA-R-2018-2373). - Seguimiento Marco Normativo UF 5.4,15_04_Comunic_Recibidas/2018/CI004_GP-9175_070108_CON_4294_MARCO_NORMA_UF5.4.pdf
2061,1,CONCESIÓN ALTO MAGDALENA S.A.S.,ALMA-2018-4640,CONSORCIO 4C,GP-9354,07/12/2018,Comunicación CI.004/GP3195/17/7.1.3 - Radicado ALMA-R-2017-03492 del 06 de octubre de 2017. Sistema de Contención Vehicular - UF2,15_04_Comunic_Recibidas/2018/CI004_GP-9354_070103_CON_4640_CONTENCION_VEHICUL.pdf
2060,3,CONCESIÓN ALTO MAGDALENA S.A.S.,ALMA-2018-4279,CONSORCIO 4C,GP-9163,14/11/2018,Respuesta a su comunicado CI.004/GP5471/18/7.1.8 del 31 de octubre de 2018 (Radicado interno ALMA-R-2018-3438). Impacto ambiental cuerpo hídrico K2+620 UF 5.4.,15_04_Comunic_Recibidas/2018/CI004_GP-9163_070108_CON_4279_IMPAC_AMB_K2+620.pdf
2064,1,CONCESIÓN ALTO MAGDALENA S.A.S.,ALMA-2018-3467,CONSORCIO 4C,GP-8730,04/09/2018,Entrega de un expediente predial de la unidad funcional 5 para aprobación.,15_04_Comunic_Recibidas/2018/CI004_GP-8730_070401_CON_3467_EXP_PREDIAL.pdf
2062,6,CONCESIÓN ALTO MAGDALENA S.A.S.,ALMA-2018-3399,CONSORCIO 4C,GP-8671,29/08/2018,Respuesta a su comunicación CI.004/GP4771/18/7.1.7 del 05 de julio de 2018. (Radicado ALMA-R-2018-2167 del 05 de julio de 2018). Distribución Arquitectónica en Planta del Área de Oficinas y Parqueaderos del Peaje del K10+200 UF 5.4.,15_04_Comunic_Recibidas/2018/CI004_GP-8671_070107_CON_3399_DISTRIB_ARQUIT_PEAJE_UF5.4.pdf
2063,1,CONCESIÓN ALTO MAGDALENA S.A.S.,ALMA-2018-2069,CONSORCIO 4C,GP-7952,29/05/2017,Entrega de cuatro (4) expedientes de la Unidad Funcional 4.2 para revisión en la etapa de expropiación.,15_04_Comunic_Recibidas/2018/CI004_GP-7952_070404_CON_2069_EXP_EXPRO.pdf
2065,1,CONCESIÓN ALTO MAGDALENA S.A.S.,ALMA-2018-3256,CONSORCIO 4C,GP-8617,17/08/2018,Entrega de cuatro (04) expedientes de la Unidad Funcional 4 para revisión en la etapa de expropiación.,15_04_Comunic_Recibidas/2018/CI004_GP-8617_070404_CON_3256_EXP_EXPRO.pdf
2057,2,CONCESIÓN ALTO MAGDALENA S.A.S.,ALMA-2018-3433,CONSORCIO 4C,GP-8683,03/09/2018,"Atención a comunicado con radicado No. 20187100391291, radicado ALMA-R-2018-1304 - CVN31 - Concesión Alto Magdalena S.A.S. - Requerimiento ante hallazgos inspección 3, 4 y 5 de abril de 2018",15_04_Comunic_Recibidas/2018/CI004_GP-8683_070600_CON_3433_REQUE_HALLAZ_INSPE.pdf
2066,1,CONCESIÓN ALTO MAGDALENA S.A.S.,ALMA-2018-1062,CONSORCIO 4C,GP-7405,07/03/2018,Respuesta comunicación CI.004/GP3966/18/7.1.15 con radicado ALMA-R-2018-0688 Obras de Protección Redes de Hidrocarburos,15_04_Comunic_Recibidas/2018/CI004_GP-7405_070115_CON_1062_PROTEC_REDES.pdf
2071,6,AGENCIA NACIONAL DE INFRAESTRUCTURA,20183050273831,CONSORCIO 4C,GP-8580,23/08/2018,Solicitud entrega de plan de ejecución detallada y cumplimiento al plan de obras,15_04_Comunic_Recibidas/2018/CI004_GP-8580_070101_ANI_027383-1_PLAN_EJECU_PLAN_OBRAS.pdf
2068,2,CONCESIÓN ALTO MAGDALENA S.A.S.,ALMA-2018-1055,CONSORCIO 4C,GP-7385,06/03/2018,"Remitir copia autentica de la Resolución 317 del 22 de febrero de 2018, ""Por medio de la cual se modifica la Resolución N° 1876 del 16 de noviembre de 2016 proferida por el Vicepresidente de Planeación, Riesgos y Entorno de la Agencia nacional de Infraestructura, con el fin de efectuar un ajuste de franja de terreno del proyecto vial Girardot- Honda- Puerto Salgar, en cumplimiento del Artículo 58 literal e) de la Ley 388 de 1997referente a la declaratoria de utilidad pública e interés social"", para su conocimiento.",15_04_Comunic_Recibidas/2018/CI004_GP-7385_050300_CON_1055_RESOL_N°317.pdf
2067,2,CONCESIÓN ALTO MAGDALENA S.A.S.,ALMA-2018-3499,CONSORCIO 4C,GP-8716,06/09/2018,Respuesta a su comunicación CI.004/GP5060/18/7.1.3 del 24 de agosto de 2018 (Radicado interno ALMA-R-2018-2672 del 24 de agosto de 2018) - Seguimiento Construcción Peaje K45 – UF3.,15_04_Comunic_Recibidas/2018/CI004_GP-8716_070103_CON_3499_SEGUI_PEAJE_K45.pdf
2070,1,CONCESIÓN ALTO MAGDALENA S.A.S.,ALMA-2018-4509,CONSORCIO 4C,GP-9334,29/11/2018,Entrega del expediente ALMA-3-0123 para aprobación del Avalúo Comercial Corporativo.,15_04_Comunic_Recibidas/2018/CI004_GP-9334_070401_CON_4509_EXP_AVALUO.pdf
2072,9,AGENCIA NACIONAL DE INFRAESTRUCTURA,20183050295991,CONSORCIO 4C,GP-8697,06/09/2018,"Cumplimiento a las normas SST por parte de los Subcontratistas del Concesionario. - Proyecto Girardot - Honda - Puerto Salgar, Contrato de Concesión 003 de 2014. Alto Magdalena S.A.S.",15_04_Comunic_Recibidas/2018/CI004_GP-8697_070110_ANI_029599-1_CUMPLI_NORMAS_SST.pdf
2069,1,CONCESIÓN ALTO MAGDALENA S.A.S.,ALMA-2018-3609,CONSORCIO 4C,GP-8761,17/09/2018,"Respuesta a su comunicación CI.004/GP5143/17/7.1.1 del 06 de septiembre de 2018 (Radicado ALMA-R-2018-2824 del 06 de septiembre de 2018) – Solicitud Cronograma Detallado. Puentes P6G, P7G, P11G y P14 [UF3].",15_04_Comunic_Recibidas/2018/CI004_GP-8761_070101_CON_3609_CRONOG_PTES_UF3.pdf
2074,1,CONCESIÓN ALTO MAGDALENA S.A.S.,ALMA-2018-4129,CONSORCIO 4C,GP-9025,26/10/2018,Informe ejecutivo de avance de ejecución predial del mes de Septiembre del año 2018.,15_04_Comunic_Recibidas/2018/CI004_GP-9025_070401_CON_4129_INF_PREDIAL_SEP.pdf
2075,9,CONCESIÓN ALTO MAGDALENA S.A.S.,ALMA-2018-1184,CONSORCIO 4C,GP-7568,15/03/2018,Respuesta a su comunicación CI.004/GP3864/18/7.1.10 del 09 de febrero de 2018 (Rad. Interno ALMA-R-2018-0504) Seguimiento condiciones de seguridad UF 3 Semana 157.,15_04_Comunic_Recibidas/2018/CI004_GP-7568_070110_CON_1184_COND_SEG_UF3.pdf
2073,1,CONCESIÓN ALTO MAGDALENA S.A.S.,ALMA-2018-4136,CONSORCIO 4C,GP-9041,26/10/2018,"Resultados Prueba de Carga Puentes P13G, P15G y P17G de la Unidad Funcional 3.",15_04_Comunic_Recibidas/2018/CI004_GP-9041_070103_CON_4136_PRUEBA_PTES_UF3.pdf
2076,1,CONCESIÓN ALTO MAGDALENA S.A.S.,ALMA-2018-1035,CONSORCIO 4C,GP-7419,06/03/2018,Entrega de un (1) expediente de la Unidad Funcional 2 para revisión en la etapa de expropiación.,15_04_Comunic_Recibidas/2018/CI004_GP-7419_070404_CON_1035_EXP_EXPRO.pdf
2078,1,CONCESIÓN ALTO MAGDALENA S.A.S.,ALMA-2018-0128,CONSORCIO 4C,GP-6968,11/01/2018,"Respuesta a su comunicación, Cl.004/GP3671/18/7.4.1 del 4 de Enero de 2018 (Rad. Interno ALMA-R-2018-0038), Entrega de un (1) expediente predial de la unidad funcional 3 para aprobación de ficha predial.",15_04_Comunic_Recibidas/2018/CI004_GP-6968_070401_CON_0128_EXP_PREDIAL.pdf
2077,1,CONCESIÓN ALTO MAGDALENA S.A.S.,ALMA-2018-4579,CONSORCIO 4C,GP-9320,04/12/2018,Solicitud donación de materiales provenientes de actividades de operación y mantenimiento vial.,15_04_Comunic_Recibidas/2018/CI004_GP-9320_070108_CON_4579_DONA_MATERIAL.pdf
2081,5,CONCESIÓN ALTO MAGDALENA S.A.S.,ALMA-2018-3722,CONSORCIO 4C,GP-8824,24/09/2018,Respuesta a comunicación CI.004/GP5126/18/7.1.3 del 06 de septiembre de 2018 (Radicado ALMA-R-2018-2795 del 06 de septiembre de 2018). Hallazgos Construcción Topes Sísmicos Eje N° 10 Nuevo Puente de Puerto Salgar.,15_04_Comunic_Recibidas/2018/CI004_GP-8824_070103_CON_3722_TOPES_SISMICOS_PTE_SALGAR.pdf
2086,3,CONCESIÓN ALTO MAGDALENA S.A.S.,ALMA-2018-0781,CONSORCIO 4C,GP-7241,19/02/2018,"Cumplimiento de las obligaciones establecidas en el artículo 4 de la resolución N° 2602 del 18 de diciembre, “por la cual se efectúa un levantamiento parcial de veda y se toman otras determinaciones” - Unidad Funcional 5.1 - Expediente ATV 00275.",15_04_Comunic_Recibidas/2018/CI004_GP-7241_070108_CON_0781_LEV_VEDA_UF5.1.pdf
2080,2,CONCESIÓN ALTO MAGDALENA S.A.S.,ALMA-2018-4309,CONSORCIO 4C,GP-9123,14/11/2018,"Remisión de PMT y protocolo de prueba de carga del puente P1 localizado en el PR04+800 de la Ruta Nacional 50008, unidad funcional 4",15_04_Comunic_Recibidas/2018/CI004_GP-9123_070111_CON_4309_PMT_PRUEBA_PTE_P1_UF4.pdf
2082,3,CONCESIÓN ALTO MAGDALENA S.A.S.,ALMA-2018-0739,CONSORCIO 4C,GP-7215,14/02/2018,Presentación de los formatos establecidos en el Numeral 4.5 Literal (u) Parte general del Contrato.,15_04_Comunic_Recibidas/2018/CI004_GP-7215_070202_CON_0739_GCSP-F001_ENE18.pdf
2084,3,Agencia Nacional de Infraestructura,20183050227281,CONSORCIO 4C,GP-8359,23/07/2018,Solicitud respuesta comunicación con radicados ANI No 20184090719612 - Mary Isabel Patiño - Contrato de Concesión No 003 de 2014 - Girardot - Honda - Puerto Salgar.,15_04_Comunic_Recibidas/2018/CI004_GP-8359_070109_ANI_022728-1_RTA_PQR_IPATIÑO.pdf
2085,3,CONCESIÓN ALTO MAGDALENA S.A.S.,ALMA-2018-2898,CONSORCIO 4C,GP-8426,30/07/2018,"Entrega soportes pagos de seguridad social mes de mayo de 2018 y Pago de Salarios mes de abril de 2018, e ingreso de personal.",15_04_Comunic_Recibidas/2018/CI004_GP-8426_070110_CON_2898_PAG_SEGYSAL_MAY_ABR.pdf
2083,1,CONCESIÓN ALTO MAGDALENA S.A.S.,ALMA-2018-3554,CONSORCIO 4C,GP-8829,11/09/2018,Entrega de (1) expediente predial de la unidad funcional 3 para aprobación de ficha predial.,15_04_Comunic_Recibidas/2018/CI004_GP-8829_070401_CON_3554_EXP_PREDIAL.pdf
2079,1,CONCESIÓN ALTO MAGDALENA S.A.S.,ALMA-2018-3324,CONSORCIO 4C,GP-8657,27/08/2018,Su comunicación 2018-305-019592-1 fechada el 25 de junio de 2018 – Radicado ALMA-R-2018-2133 del 29 de junio de 2018. Oficio radicado ANI 20184090612952 y 20184090612992. Seguimiento Calidad Ciclo Ruta – UF 2.,15_04_Comunic_Recibidas/2018/CI004_GP-8657_070103_CON_3324_SEGUI_CICLORUT_UF2.pdf
2088,6,CONCESIÓN ALTO MAGDALENA S.A.S.,CI004/GP5424/18/7.4.1,CONSORCIO 4C,GP-9061,31/10/2018,"Respuesta oficio CI.004/GP5424/18/7.4.1 (rad. ALMA-R-2018-3285) -22 de octubre de 2018. Entrega de siete expedientes prediales ALMA- 5 -0267, 5 -0268, 5 -0269, 5 -0270, 5 -0271, 5 -0272, 5 -0264, para aprobación.",15_04_Comunic_Recibidas/2018/CI004_GP-9061_070401_CON_4195_EXP_PREDIAL.pdf
2090,20,CONSORCIO 4C,,CONSORCIO 4C,GP-6887,09/01/2018,"""Ausencia al Trabajo Enero 2 de 2018"" Se indica en el segundo párrafo de la página 3 del Memorando citado: 1. ""[.(.] Se hace un llamado de atención al personal que se ausento (sic) de su respectivo sitio de trabajo asignado el 2 de Enero de 2018, [ ... ] "" Me permito precisar que el día 2 de enero de 2018 asistí efectivamente a trabajar a la oficina Honda de la lnterventoría Consorcio 4C. Esto se puede observar tanto en el registro ""Control de Horario de Ingreso"" en el renglón correspondiente al número 5 (ver prueba 1). Esta planilla fue remitida por la Auxiliar Administrativa de la Oficina Honda en correo electrónico dirigido a Carlos Alberto Avellaneda Castellanos con copia a Clímaco Rocha, Mary Bustacara, Juan José Álvarez Ochoa, Zuleyka Herrera y Anyi Sánchez de fecha 2 de enero de 2018, 10:27 (ver prueba 2). Como esta planilla solo constaba el ingreso, anexo el registro en comento completamente diligenciado con las horas de entrada y salida del día (ver prueba 3). Allí se puede notar que incluso la hora de salida es muy posterior a la solicitada de 5:00 pm. Respecto al aparte de ""su respectivo sitio de trabajo"" me permito 1 informar que, de acuerdo con el contrato de trabajo que suscribieron entre Consorcio 4C y Jaime Alberto Riaño Cuéllar se indica en la Disposición Segunda ""El servicio antedicho lo prestará EL TRABAJADOR en la ubicación establecida en la Hoja de Encabezado del presente contrato, en las instalaciones que EL EMPLEADOR tiene en la actualidad y en las que pueda tener en el futuro "". El encabezado antedicho indica como lugar ""Girardot - Honda - Puerto Salgar"" por lo que es lícito cumplir las labores en la Oficina Ho'nda la cual hace parte integral de la lnterventoría Consorcio 4C. Por lo anterior, la información consignada en el memorando no es exacta. 2. ""[ ... ] sin diligenciar a tiempo el debido formato, el cual debió estar aprobado por el Director. [ ... ]"" Comprendiendo que el formato es el de ""Autorización de Permiso de Salida"" no es lógico que lo diligenciara por cuanto no había ni hubo salida por los motivos aludidos en aquella forma, los cuales // incluyen los motivos ""personal"", ""salud"", ""particular"", ""otro"". No requería dicha autorización con diligenciamiento y aceptación previa por que estaba en el sitio de trabajo. Por lo anterior, la instrucción incluida de diligenciamiento y autorización de formato de permiso no era aplicable en ningún caso. 3. ""[ ... ] Por lo cual deberán enviar un informe justificando su ausencia con los debidos Soportes o en caso contrario el tiempo deberá ser compensado."" Ya que no hubo ausencia de mi parte no hay soportes sobre ausencia al sitio de trabajo qué incluir. No obstante, con la presente informo que actualmente participo en el proceso de completamiento del Informe de Verificación para la entrega de las Unidades Funcionales 1, 2 y 4, por lo cual consideré necesario (para facilitarme el trabajo) desplazarme a la Oficina Honda para tener contacto, aclarar dudas y pendientes con el Residente Técnico de la Unidad Funcional 4, quien trabaja allí. Ese contacto contribuyó a la terminación de las verificaciones de cumplimiento de las Especificaciones Técnicas para dicha Unidad Funcional (ver prueba 4) Incluso mi presencia en la Oficina Honda también sirvió para atender un requerimiento del Ingeniero Auxiliar de Operación y Mantenimiento sobre el formato de medición de barreras (ver prueba 5). Quiero hacer notar que el día miércoles 03 de enero ya estuve en Oficina Girardot desde las 7:00 am desplazándome de una oficina a otra por fuera del horario de trabajo con tal de no perder tiempo. Finalmente solicito que, a la valoración de las pruebas que acompañan esta respuesta, sea retirado el llamado de atención, así como las consecuencias descritas en el segundo párrafo de la página 3 del memorando citado. <Y JAIME ALBERTO RIAÑO CUÉLLAR Profesional de Calidad lnterventoría Consorcio 4C lng. Civil. Universidad Nacional de Colombia Anexos: ""Prueba 1"" en un (1) folio. ""Prueba 2"" en un (1) folio ""Prueba 3"" en un (1) folio ""Prueba 4"" en un (1) folio ""Prueba 5"" en siete (7) folios",15_04_Comunic_Recibidas/2018/CI004_GP-6887_020200_JR_SINNUMERO_RTA_MEMO_JRIAÑO.pdf
2089,2,CONCESIÓN ALTO MAGDALENA S.A.S.,ALMA-2018-1484,CONSORCIO 4C,GP-7637,12/04/2018,Atención oficios CI.004/GP4170/18/7.1.3 – Radicado ALMA-R-2018-1056 del 28 de marzo de 2018. Calidad Procesos Constructivos Filtros 5.4.,15_04_Comunic_Recibidas/2018/CI004_GP-7637_070103_CON_1484_CALID_FILTR_UF5.4.pdf
2093,3,CONCESIÓN ALTO MAGDALENA S.A.S.,ALMA-2018-3604,CONSORCIO 4C,GP-8734,17/09/2018,"Respuesta comunicación CI.004/GP5063/18/7.1.9 Radicado interno ALMA-R-2018-2675, Observaciones Informe Trimestral Social N.15.",15_04_Comunic_Recibidas/2018/CI004_GP-8734_070109_CON_3604_OBS_INF_TRIM_15.pdf
2094,2,CONCESIÓN ALTO MAGDALENA S.A.S.,ALMA-2018-0113,CONSORCIO 4C,GP-6927,10/01/2018,Respuesta a Comunicado CI.004/GP2544/17/7.1.8 (Rad. Interno ALMA-R-2017-02119). Impactos Ambientales Unidad Funcional 2.,15_04_Comunic_Recibidas/2018/CI004_GP-6927_070108_CON_0113_IMPACTOS_AMBIENTALES_UF2.pdf
2087,18,CONCESIÓN ALTO MAGDALENA S.A.S.,ALMA-2018-1897,CONSORCIO 4C,GP-7879,15/05/2018,Respuesta a su comunicación CI.004/GP4137/18/7.1.10 del 27 marzo del 2018 (Radicado ALMA-R-2018-1012) Pendientes de seguridad social y salarios 2017.,15_04_Comunic_Recibidas/2018/CI004_GP-7879_070110_CON_1897_PDTE_SEGYSAL_17.pdf
2091,1,CONCESIÓN ALTO MAGDALENA S.A.S.,ALMA-2018-0846,CONSORCIO 4C,GP-7279,21/02/2018,Refuerzo Zona de Anclaje Losas Inferiores Dovelas Puente Flandes sobre Río Magdalena – UF1.,15_04_Comunic_Recibidas/2018/CI004_GP-7279_070103_CON_0846_REFUERZ_DOVELA_PTE_UF1.pdf
2092,23,CONCESIÓN ALTO MAGDALENA S.A.S.,ALMA-2018-4606,CONSORCIO 4C,GP-9327,05/12/2018,"Respuesta al oficio CI.004/GP5424/18/7.4.1 (rad. ALMA-R-2018-3285, 22/10/2018). Predios ALMA-5-0128, ALMA-5-0129, ALMA-5-0130, ALMA 5-0131, ALMA-5-0132, ALMA-5-0133, ALMA-5-0134, ALMA-5-0135, ALMA-5-0136, ALMA-5-0138, ALMA-5-0117.",15_04_Comunic_Recibidas/2018/CI004_GP-9327_070401_CON_4606_EXP_PREDIAL.pdf
2097,1,CONCESIÓN ALTO MAGDALENA S.A.S.,ALMA-2018-2222,CONSORCIO 4C,GP-7989,07/06/2018,Entrega de la Sabana Predial y Tira topográfica.,15_04_Comunic_Recibidas/2018/CI004_GP-7989_070401_CON_2222_SABAN_PREDIAL.pdf
2102,1,CONCESIÓN ALTO MAGDALENA S.A.S.,ALMA-2018-3242,CONSORCIO 4C,GP-8628,17/08/2018,Entrega de un expediente predial de la unidad funcional 5 para aprobación.,15_04_Comunic_Recibidas/2018/CI004_GP-8628_070401_CON_3242_EXP_PREDIAL.pdf
2130,2,Agencia Nacional de Infraestructura,20181020245041,CONSORCIO 4C,GP-8453,03/08/2018,"Auditoría a la lnterventoría y Supervisión._del trayecto de concesión Girardot - Honda - Puerto Salgar Apreciados Señores, Por medio de la presente me permito presentar al profesional de la Oficina de Control Interno de la ANI, Ingeniero Daniel Felipe Sáenz Lozano, quien realizará una auditoría según lo establecido en el Plan de Acción 2018 a las labores de lnterventoría y Supervisión al proyecto de concesión de modo carretero Girardot - Honda - Puerto Salgar. Se hará recorrido por el proyecto y se dará aplicación a la Matriz de Evaluación del Desempeño de la lnterventoría, según metodología desarrollada por la Oficina de Control Interno de la Agencia Nacional de Infraestructura, los días 16 y 17 de agosto de 2018. Por lo anterior, solicito respetuosamente, se le atienda en esta actividad y se le preste todo el apoyo necesario para el logro del objetivo propuesto.",15_04_Comunic_Recibidas/2018/CI004_GP-8453_140400_ANI_024504-1_AUDIT_INTERV.pdf
2145,2,AGENCIA NACIONAL DE INFRAESTRUCTURA,2018-604-013649-1,CONSORCIO 4C,GP-7775,04/05/2018,Solicitud de archivo digital en formato SHAPE - Áreas prediales requeridas para la ejecución del Proyecto Vial CONCESION HONDA - GIRARDOR - PUERTO SALGAR - Contrato de Concesión bajo el esquema de APP No. 003 de 2014.,15_04_Comunic_Recibidas/2018/CI004_GP-7775_070401_ANI_013649-1_AREAS_PREDIAL_EJECU.pdf
2138,3,CONCESIÓN ALTO MAGDALENA S.A.S.,ALMA-2018-4656,CONSORCIO 4C,GP-9411,07/11/2018,Alcance a GCSP-F-001 Informe de Mantenimiento de Bienes de uso Público del mes de Septiembre de 2018.,15_04_Comunic_Recibidas/2018/CI004_GP-9411_070202_CON_4656_FOR_GCSP-F001_SEP.pdf
2140,1,CONCESIÓN ALTO MAGDALENA S.A.S.,ALMA-2018-3558,CONSORCIO 4C,GP-8814,11/09/2018,Presentación de los formatos establecidos en el Numeral 4.5 Literal (u) Parte general del Contrato.,15_04_Comunic_Recibidas/2018/CI004_GP-8814_070202_CON_3558_FOR_GCSP-F-001_AGO.pdf
2143,1,CONCESIÓN ALTO MAGDALENA S.A.S.,ALMA-2018-3793,CONSORCIO 4C,GP-8850,01/10/2018,Respuesta comunicación CI.004/GP4820/18/7.1.3 - Radicado ALMA-R-2018-2265 del 17 de julio de 2018. Solicitud Protocolo Prueba de Carga Puentes Peatonales UF2 y 3.,15_04_Comunic_Recibidas/2018/CI004_GP-8850_070103_CON_3793_PRUEBA_PTES_PEATON_UF2_3.pdf
2142,1,AGENCIA NACIONAL DE INFRAESTRUCTURA,2018-305-011338-1,CONSORCIO 4C,GP-7644,16/04/2018,Oficios radicados ANI 2018-409-036061-2 de 12/04/2017. Traslado Solicitud de Información y Avance de los Compromisos Adquiridos. Proyecto Girardot - Honda - Puerto Salgar. Contrato de Concesión 003 de 2014 - Concesión Alto Magdalena S.A.S.,15_04_Comunic_Recibidas/2018/CI004_GP-7644_070103-070109_ANI_011338-1_INFO_COMPRO.pdf
2144,1,CONCESIÓN ALTO MAGDALENA S.A.S.,ALMA-2018-3923,CONSORCIO 4C,GP-8903,08/10/2018,"Entrega de un (1) expediente predial ALMA-3-0012 de la unidad funcional 3 con componente Social, para revisión y aprobación.",15_04_Comunic_Recibidas/2018/CI004_GP-8903_070402_CON_3923_EXP_SOCIAL.pdf
2151,1,CONCESIÓN ALTO MAGDALENA S.A.S.,ALMA-2018-2345,CONSORCIO 4C,GP-8119,18/06/2018,Entrega de un (1) expediente para aprobación del Avalúo Comercial Corporativo.,15_04_Comunic_Recibidas/2018/CI004_GP-8119_070406_CON_2345_EXP_AVALUO.pdf
2147,3,Agencia Nacional de Infraestructura,2018-103-029853-1,CONSORCIO 4C,GP-8701,10/09/2018,Respuesta solicitud de mejoras en la plataforma digital Olympus Contrato de concesión 003 de 2014 con radicado con radicado 20184090860592.,15_04_Comunic_Recibidas/2018/CI004_GP-8701_070401_ANI_029853-1_SCTD_PLATAF_OLYMPUS.pdf
2146,6,AGENCIA NACIONAL DE INFRAESTRUCTURA,20183050273851,CONSORCIO 4C,GP-8582,23/08/2018,Solicitud de atención y cumplimiento a observaciones del informe gerencia mayo-junio.,15_04_Comunic_Recibidas/2018/CI004_GP-8582_050300_ANI_027385-1_OBS_INF_MEN_MAY_JUN.pdf
2149,2,CONCESIÓN ALTO MAGDALENA S.A.S.,ALMA-2018-0028,CONSORCIO 4C,GP-6924,04/01/2018,Respuesta a oficio de radicado 20174300993531 de fecha 11 de diciembre de 2017 expedido por Agencia Nacional de Tierras.,15_04_Comunic_Recibidas/2018/CI004_GP-6924_070401_CON_0028_RTA_OFICIO_AGENCIA_NACIONAL_TIERRAS.pdf
2150,6,CONCESIÓN ALTO MAGDALENA S.A.S.,ALMA-2018-4711,CONSORCIO 4C,GP-9389,21/12/2018,Comunicación CI.004/GP5516/18/5.3 - Radicado ALMA-R-2018-3541 del 14 de noviembre de 2018. Solicitud No objeción Plazo de Cura./,15_04_Comunic_Recibidas/2018/CI004_GP-9389_050300_CON_4711_NO_OBJ_PLAZO_CURA.pdf
2148,1,CONCESIÓN ALTO MAGDALENA S.A.S.,ALMA-2018-3863,CONSORCIO 4C,GP-8899,05/10/2018,Respuesta Observaciones ficha predial ALMA - 5 - 0007.,15_04_Comunic_Recibidas/2018/CI004_GP-8899_070401_CON_3863_EXP_PREDIAL.pdf
2156,1,CONCESIÓN ALTO MAGDALENA S.A.S.,ALMA-2018-3432,CONSORCIO 4C,GP-8676,31/08/2018,Entrega de (1) expediente predial de la unidad funcional 3 para aprobación de ficha predial.,15_04_Comunic_Recibidas/2018/CI004_GP-8676_070401_CON_3432_EXP_PREDIAL.pdf
2155,5,CONCESIÓN ALTO MAGDALENA S.A.S.,ALMA-2018-3893,CONSORCIO 4C,GP-8912,08/10/2018,Respuesta a su comunicación CI.004/GP4411/18/7.1.1 (Rad. interno ALMA-R-2018-1508 del 10 de mayo de 2018). Seguimiento Plan Obras Intersección con el Nuevo Puente de Honda Costado Occidental – Ruta 4510 Honda – La Dorada.,15_04_Comunic_Recibidas/2018/CI004_GP-8912_070108_CON_3893_SEGUI_PTE_HONDA.pdf
2152,1,CONCESIÓN ALTO MAGDALENA S.A.S.,ALMA-2018-4394,CONSORCIO 4C,GP-9234,20/11/2018,Respuesta comunicado CI.004/GP5469/18/7.1.8 del 31 de octubre de 2018 (Radicado Interno ALMA-R-2018-3436). Manejo inadecuado de RCD UF 5.1.,15_04_Comunic_Recibidas/2018/CI004_GP-9234_070108_CON_4394_MANEJO_RCD_UF5.1.pdf
2154,2,CONCESIÓN ALTO MAGDALENA S.A.S.,ALMA-2018-0424,CONSORCIO 4C,GP-7058,26/01/2018,Su comunicación Cl.004/GP3469/17/7.1.3 - Radicado ALMA-R-2017-04098 del 24 de noviembre de 2017 - Seguimiento Calidad Procesos Constructivos Muro Tierra Armada K74+650 - UF3.,15_04_Comunic_Recibidas/2018/CI004_GP-7058_070103_CON_0424_SEGUI_MURO_K74.pdf
2157,1,CONCESIÓN ALTO MAGDALENA S.A.S.,ALMA-2018-1269,CONSORCIO 4C,GP-7515,23/03/2018,Cuadro Plano para Construcción Obras de Drenaje Transversal - Unidad Funcional 3.,15_04_Comunic_Recibidas/2018/CI004_GP-7515_070108-070107_CON_1269_ODT_UF3.pdf
2158,1,CONCESIÓN ALTO MAGDALENA S.A.S.,ALMA-2018-4065,CONSORCIO 4C,GP-8979,22/10/2018,Entrega de 2 conceptos técnicos de desafectación predial.,15_04_Comunic_Recibidas/2018/CI004_GP-8979_070401_CON_4065_DESAFECTA_PREDIAL.pdf
2159,1,CONCESIÓN ALTO MAGDALENA S.A.S.,ALMA-2018-0524,CONSORCIO 4C,GP-7192,02/02/2018,Entrega de un (1) expediente para aprobación del Avalúo Comercial Corporativo de la unidad funcional 3.,15_04_Comunic_Recibidas/2018/CI004_GP-7192_070401_CON_0524_EXP_AVALUO_UF3.pdf
2153,3,CONCESIÓN ALTO MAGDALENA S.A.S.,ALMA-2018-4276,CONSORCIO 4C,GP-9371,14/11/2018,Informe criterios para contabilizar Ingresos y Egresos por Unidad Funcional.,15_04_Comunic_Recibidas/2018/CI004_GP-9371_070201_CON_4276_INF_ING_EGRES_OCT.pdf
2161,1,CONCESIÓN ALTO MAGDALENA S.A.S.,ALMA-2018-1828,CONSORCIO 4C,GP-7786,11/05/2018,Entrega de un (1) expediente predial de la Unidad Funcional 2 para revisión del componente Social.,15_04_Comunic_Recibidas/2018/CI004_GP-7786_070402_CON_1828_EXP_SCIAL.pdf
2160,2,CONCESIÓN ALTO MAGDALENA S.A.S.,ALMA-2018-2010,CONSORCIO 4C,GP-7881,23/05/2018,"Respuesta a su comunicación CI.004/GP4110/18/7.4.2 con fecha del 21 de Marzo del 2018, Entrega de un 1 expediente predial de la unidad funcional 3 para revisión del componente Social.",15_04_Comunic_Recibidas/2018/CI004_GP-7881_070402_CON_2010_EXP_SOCIAL.pdf
2162,1,AGENCIA NACIONAL DE INFRAESTRUCTURA,2018-305-014665-1,CONSORCIO 4C,GP-7827,15/05/2018,"Oficio radicado ANI 2018-409-042040-2. Ajuste Diseño Geométrico Accesos Puentes Burras, Doradita y La Gallera -UF-5.2. Proyecto Girardot - Honda - Puerto Salgar. Contrato de Concesión 003 de 2014 - Concesión Alto Magdalena S.A.S.",15_04_Comunic_Recibidas/2018/CI004_GP-7827_070107_ANI_014665-1_DISEÑ_GEOM_PTES_UF5.2.pdf
2163,1,CONCESIÓN ALTO MAGDALENA S.A.S.,ALMA-2018-4384,CONSORCIO 4C,GP-9192,19/11/2018,Respuesta comunicación CI.004/GP2290/17/7.1.3 del 17 de mayo de 2017 (Radicado ALMA-R-2017-01589 ). Perdida Banca K66+670 Costado Izquierdo UF3,15_04_Comunic_Recibidas/2018/CI004_GP-9192_070103_CON_4384_PERDID_BANCA_K66.pdf
2167,9,CONCESIÓN ALTO MAGDALENA S.A.S.,0593,CONSORCIO 4C,GP-8457,28/05/2018,Respuesta Comunicación con radicado Interventoría Cl.004/AGP4399/18/7.1.15,15_04_Comunic_Recibidas/2018/CI004_GP-8457_070115_CON_2053_MANEJ_SUBCTA_REDES.pdf
2166,2,CONCESIÓN ALTO MAGDALENA S.A.S.,ALMA-2018-4318,CONSORCIO 4C,GP-9141,15/11/2018,Solicitud permiso de cierre total Ruta Nacional 5008 entre PR04+300 y PR05+300 los días 21 y 22 de noviembre - Ejecución prueba de carga de puente nuevo localizado en el PR04+800 sector VICON,15_04_Comunic_Recibidas/2018/CI004_GP-9141_070111_CON_4318_CARGA_PTE_PR04+800_VICON.pdf
2168,1,CONCESIÓN ALTO MAGDALENA S.A.S.,ALMA-2018-4441,CONSORCIO 4C,GP-9297,21/11/2018,Entrega del expediente ALMA-3-0067 para aprobación del Avalúo Comercial Corporativo.,15_04_Comunic_Recibidas/2018/CI004_GP-9297_070406_CON_4441_EXP_AVALUO.pdf
2164,1,CONCESIÓN ALTO MAGDALENA S.A.S.,ALMA-2018-1654,CONSORCIO 4C,GP-7891,25/04/2018,"Respuesta a su comunicación, Cl.004/GP4164/18/7.4.1 del 26 de Marzo de 2018 (Rad. Interno ALMA-R-2018-1051), Entrega de un (1) expediente predial de la unidad funcional 3 para aprobación de ficha predial.",15_04_Comunic_Recibidas/2018/CI004_GP-7891_070401_CON_1654_EXP_PREDIAL.pdf
2165,1,CONCESIÓN ALTO MAGDALENA S.A.S.,ALMA-2018-4126,CONSORCIO 4C,GP-9107,26/10/2018,Respuesta comunicación CI.004/GP5378/18/7.4.1 del 12 de Octubre de 2018 (Rad. Interno ALMA-2018-3215) Entrega del expediente ALMA-2-0004-2 para aprobación.,15_04_Comunic_Recibidas/2018/CI004_GP-9107_070401_CON_4126_EXP_PREDIAL.pdf
2169,1,CONCESIÓN ALTO MAGDALENA S.A.S.,ALMA-2018-0821,CONSORCIO 4C,GP-7238,22/02/2018,Entrega de la Sabana Predial y Tira topográfica,15_04_Comunic_Recibidas/2018/CI004_GP-7238_070401_CON_0821_SABANA_PREDIA.pdf
2171,1,CONCESIÓN ALTO MAGDALENA S.A.S.,ALMA-2018-2271,CONSORCIO 4C,GP-8041,12/06/2018,Su comunicación CI.004/GP4281/18/7.1.3 – Radicado ALMA-R-2018-1257 del 17 de abril de 2018 – Respuesta al comunicado ALMA-2018-1399.,15_04_Comunic_Recibidas/2018/CI004_GP-8041_070103_CON_2271_VIG_PTES_K3_K5.pdf
2141,1,CONCESIÓN ALTO MAGDALENA S.A.S.,ALMA-2018-3284,CONSORCIO 4C,GP-8576,21/08/2018,Soporte para acta de aprobación de la totalidad del presupuesto de redes,15_04_Comunic_Recibidas/2018/CI004_GP-8576_070115_CON_3284_ACTA_PRESUP_REDES.pdf
2172,1,CONCESIÓN ALTO MAGDALENA S.A.S.,ALMA-2018-2989,CONSORCIO 4C,GP-8450,02/08/2018,Respuesta a su Oficio No. CI.004/GP4899/18/7.4.4 relacionado con la entrega de un (1) expediente de la Unidad Funcional 4 para revisión en la etapa de expropiación.,15_04_Comunic_Recibidas/2018/CI004_GP-8450_070404_CON_2989_EXP_EXPRO.pdf
2170,3,CONCESIÓN ALTO MAGDALENA S.A.S.,ALMA-2018-0843,CONSORCIO 4C,GP-7268,20/02/2018,"· PRESENTACION OE LOS FORMATOS ESTABLE( 111 ' 11 ALMA-2018-0843 REFERENCIA: Contrato de Concesión bajo esquema APP Nº 003-2014 - ""Financiación, construcción, rehabilitación, ·mejoramiento, operación y mantenimiento del Corredor Honda - Puerto Salgar - Girardot, de acuerdo con el Apéndice Técnico 1 y demás apéndices del Contrato"". ASUNTO: Presentación de los formatos establecidos en el Numeral 4.5 Literal {u) Pa re general del Contrato.",15_04_Comunic_Recibidas/2018/CI004_GP-7268_070208_CON_0843_GCSP-F009_ENE18.pdf
2175,2,CONCESIÓN ALTO MAGDALENA S.A.S.,ALMA-2018-1239,CONSORCIO 4C,GP-7511,22/03/2018,Respuesta a su comunicación CI.004/GP4021/18/7.1.8 del 8 de marzo de 2018 (Rad. Interno ALMA-R-2018-0812 del 8 de marzo de 2018) - Alcance al comunicado ALMA-2018-0781 / Cumplimiento Resolución 2602 del 2015.,15_04_Comunic_Recibidas/2018/CI004_GP-7511_070108_CON_1239_CUMPLI_RESOL_2602.pdf
2174,5,CONCESIÓN ALTO MAGDALENA S.A.S.,ALMA-2018-1554,CONSORCIO 4C,GP-7697,18/04/2018,"Notificación de ocupación del derecho de vía PR 9 + 200 de la Ruta Nacional 45-10, vía Honda – La Dorada.",15_04_Comunic_Recibidas/2018/CI004_GP-7697_070114_CON_1554_DERCH_VIA_PR9.pdf
2173,1,CONCESIÓN ALTO MAGDALENA S.A.S.,ALMA-2018-4549,CONSORCIO 4C,GP-9380,07/12/2018,Informe ejecutivo de avance de ejecución predial del mes de Diciembre del año 2018.,15_04_Comunic_Recibidas/2018/CI004_GP-9380_070401_CON_4549_INF_PREDIAL_DIC.pdf
2176,2,CONCESIÓN ALTO MAGDALENA S.A.S.,ALMA-2018-1046,CONSORCIO 4C,GP-7378,06/03/2018,"Remitir copia autentica de la Resolución 317 del 22 de febrero de 2018, ""Por medio de la cual se modifica la Resolución N° 1876 del 16 de noviembre de 2016 proferida por el Vicepresidente de Planeación, Riesgos y Entorno de la Agencia nacional de Infraestructura, con el fin de efectuar un ajuste de franja de terreno del proyecto vial Girardot- Honda- Puerto Salgar, en cumplimiento del Artículo 58 literal e) de la Ley 388 de 1997referente a la declaratoria de utilidad pública e interés social"", para su conocimiento.",15_04_Comunic_Recibidas/2018/CI004_GP-7378_050300_CON_1046_RESOL_N°317.pdf
2180,1,CONCESIÓN ALTO MAGDALENA S.A.S.,ALMA-2018-0609,CONSORCIO 4C,GP-7895,07/02/2018,Respuesta a su comunicación CI.004/GP3575/17/7.4.1 del 12 de diciembre de 2017 (Rad. Interno 4370); Entrega de un (1) expediente predial de la unidad funcional 5 para aprobación.,15_04_Comunic_Recibidas/2018/CI004_GP-7895_070401_CON_0609_EXP_PREDIAL.pdf
2178,1,CONCESIÓN ALTO MAGDALENA S.A.S.,ALMA-2018-1384,CONSORCIO 4C,GP-7621,06/04/2018,Entrega de un (1) expediente para aprobación del Avalúo Comercial Corporativo.,15_04_Comunic_Recibidas/2018/CI004_GP-7621_070406_CON_1384_EXP_AVALUO.pdf
2179,2,Agencia Nacional de Infraestructura,20183050244071,CONSORCIO 4C,GP-8454,02/08/2018,"Solicitud concepto sobre notificación Evento Eximente de Responsabilidad reportado por la Concesión - Cesión Parcial Licencia Ambiental, Resolución No. 331 del 4 de abril de 2014.",15_04_Comunic_Recibidas/2018/CI004_GP-8454_050300_ANI_024407-1_EER_LICEN_AMB.pdf
2181,1,CONCESIÓN ALTO MAGDALENA S.A.S.,ALMA-2018-4665,CONSORCIO 4C,GP-9362,12/12/2018,Planos Record Unidad Funcional 3.,15_04_Comunic_Recibidas/2018/CI004_GP-9362_090300_CON_4665_PLANOS_RECORD_UF3.pdf
2184,1,CONCESIÓN ALTO MAGDALENA S.A.S.,ALMA-2018-0291,CONSORCIO 4C,GP-7065,22/01/2018,Respuesta a su comunicación CI.004/GP3630/17/7.4.1 de fecha 22 de Diciembre de 2017. Entrega de un (1) expediente para aprobación del Avalúo Comercial Corporativo.,15_04_Comunic_Recibidas/2018/CI004_GP-7065_070401_CON_0291_EXP_AVALUO.pdf
2182,1,AGENCIA NACIONAL DE INFRAESTRUCTURA,2018-305-015358-1,CONSORCIO 4C,GP-7889,21/05/2018,"Radicado ANI 2018-409-025546-2. Solicitud Soportes endoso de la Póliza de OCT7TRC con la respetiva nota de conocimiento de los Otrosíes 6, 7 y 8, así como el acta de ampliación del plazo para gestión predial. Proyecto Girardot - Honda - Puerto Salgar. Contrato de Concesión 003 de 2014 - Concesión Alto Magdalena S.A.S.",15_04_Comunic_Recibidas/2018/CI004_GP-7889_050300_ANI_015358-1_SOPORT_POLIZ_OCT7TRC.pdf
2183,1,CONCESIÓN ALTO MAGDALENA S.A.S.,ALMA-2018-0082,CONSORCIO 4C,GP-6964,05/01/2018,"Prorroga a su comunicación CI.004/GP3458/17/7.4.1 del 1 de noviembre de 2017 (Rad. interno 04000 del 22 de noviembre de 2017); CI.004/GP3625/17/7.4.1 del 22 de diciembre de 2017 (Rad. interno 04469 del 26 de diciembre de 2017, expedientes prediales de las unidades funcionales 4 y 5.",15_04_Comunic_Recibidas/2018/CI004_GP-6964_070401_CON_0082_EXPD_PRDAL.pdf
2186,3,CONCESIÓN ALTO MAGDALENA S.A.S.,ALMA-2018-3930,CONSORCIO 4C,GP-8938,08/10/2018,Presentación de los formatos establecidos en el Numeral 4.5 Literal (u) Parte general del Contrato.,15_04_Comunic_Recibidas/2018/CI004_GP-8938_070202_CON_3930_FOR_GCSP-F-001_SEP.pdf
2187,1,CONCESIÓN ALTO MAGDALENA S.A.S.,ALMA-2018-2531,CONSORCIO 4C,GP-8233,28/06/2018,Respuesta comunicación CI.004/GP4553/18/7.1.8 del 01 de junio de 2018 (Rad. Interno ALMA-R-2018-1768 del 01 de junio de 2018). Respuesta Comunicado ALMA-2018-2052 numeral 2 / Obligaciones Resolución 1928 del 2 de septiembre de 2015.,15_04_Comunic_Recibidas/2018/CI004_GP-8233_070108_CON_2531_OBLIGA_RESOL_1928.pdf
2189,6,CONCESIÓN ALTO MAGDALENA S.A.S.,ALMA-2018-2320,CONSORCIO 4C,GP-8034,14/06/2018,Respuesta a su Oficio No. CI.004/GP3950/18/7.4.2 relacionado con la entrega de un (1) expedientes de la Unidad Funcional 2 para revisión y aprobación de fichas sociales.,15_04_Comunic_Recibidas/2018/CI004_GP-8034_070402-070404_CON_2320_EXP_SOCIALES.pdf
2188,4,CONCESIÓN ALTO MAGDALENA S.A.S.,ALMA-2018-3507,CONSORCIO 4C,GP-8695,10/09/2018,Informe semanal Avance Gestión Predial Unidad Funcional 4 - Evento Eximente de Responsabilidad.,15_04_Comunic_Recibidas/2018/CI004_GP-8695_070401_CON_3507_INF_PREDIAL_EER_UF4.pdf
2177,4,CONCESIÓN ALTO MAGDALENA S.A.S.,ALMA-2018-2479,CONSORCIO 4C,GP-8203,26/06/2018,Respuesta a su comunicación CI.004/GP4254/17/7.1.10 del 12 Abril de 2018 (Radicado ALMA-R-2018-1202) Condiciones de seguridad UF 3 Semana 165.,15_04_Comunic_Recibidas/2018/CI004_GP-8203_070110_CON_2479_CONDI_SEG_UF3_S165.pdf
2190,1,CONCESIÓN ALTO MAGDALENA S.A.S.,ALMA-2018-1405,CONSORCIO 4C,GP-7565,10/04/2018,Respuesta a su comunicación CI.004/GP3848/18/7.4.1 de fecha 7 de febrero de 2018. Entrega de un (1) expediente para aprobación ficha predial y estudio de títulos.,15_04_Comunic_Recibidas/2018/CI004_GP-7565_070401_CON_1405_EXP_PREDIAL.pdf
2185,1,CONCESIÓN ALTO MAGDALENA S.A.S.,ALMA-2018-1307,CONSORCIO 4C,GP-7524,27/03/2018,"Ajuste Diseño Geométrico Accesos Puentes Burras, Doraditas y Galleras – Unidad Funcional 5.2",15_04_Comunic_Recibidas/2018/CI004_GP-7524_070107_CON_1307_DISÑ_GEOM_PTES_UF5.2.pdf
2193,1,CONCESIÓN ALTO MAGDALENA S.A.S.,ALMA-2018-3784,CONSORCIO 4C,GP-8832,01/10/2018,Entrega de un (1) expediente para aprobación de Avalúo Comercial Corporativo.,15_04_Comunic_Recibidas/2018/CI004_GP-8832_070406_CON_3784_EXP_AVALUO.pdf
2194,3,CONCESIÓN ALTO MAGDALENA S.A.S.,ALMA-2018-1756,CONSORCIO 4C,GP-7766,02/05/2018,Respuesta a Comunicado Cl.004/GP4158/18/7.1.8 del 28 de marzo de 2018 (Rad. Interno ALMA-R-2018-1044 del 28 de marzo de 2018). Aspectos e Impactos Ambientales UF 5.4.,15_04_Comunic_Recibidas/2018/CI004_GP-7766_070108_CON_1756_ASP_IMPAC_UF5.4.pdf
2192,3,CONCESIÓN ALTO MAGDALENA S.A.S.,ALMA-2018-1365,CONSORCIO 4C,GP-7569,04/04/2018,Informe sobre los criterios para contabilizar Ingresos y Egresos por Unidad Funcional.,15_04_Comunic_Recibidas/2018/CI004_GP-7569_070201_CON_1365_ING_EGRE_FEB.pdf
2191,2,CONCESIÓN ALTO MAGDALENA S.A.S.,ALMA-2018-2291,CONSORCIO 4C,GP-8100,12/06/2018,"Respuesta a oficios CI.004/GP3778/18/7.4.1 de fecha 24 de enero de 2018 (Rd Interno ALMA-R-2018-0315 de fecha 24 de enero de 2018), oficio CI.004/GP3848/18/7.4.1 de fecha 7 de febrero de 2018 (Rd. Interno ALMA-R-2018-0479 de fecha 7 de febrero de 2018) y oficio CI.004/GP3831/18/7.4.1 de fecha 31 de enero de 2018 (Rd. Interno ALMA-R-2018-0419 de fecha 1 de febrero de 2018). Entrega de TRES (3) expedientes prediales de la unidad funcional 5 para aprobación.",15_04_Comunic_Recibidas/2018/CI004_GP-8100_070401_CON_2291_EXP_PREDIAL.pdf
2198,2,AGENCIA NACIONAL DE INFRAESTRUCTURA,2018-305-012138-1,CONSORCIO 4C,GP-7695,23/04/2018,Respuesta solicitud no objeción para otorgar plazo de cura al concesionario por incumplimiento a especificaciones técnicas. Puente sobre el Rio Magdalena UF1 - Rad 20184090364362 - Contrato de Concesión No 003 de 2014. Concesión Girardot - Honda - Puerto Salgar.,15_04_Comunic_Recibidas/2018/CI004_GP-7695_050300_ANI_012138-1_PLAZ_CURA_PTE_UF1.pdf
2195,1,AGENCIA NACIONAL DE INFRAESTRUCTURA,2018-305-014659-1,CONSORCIO 4C,GP-7821,15/05/2018,Oficio radicado ANI 2018-409-044650-2. Seguimiento Plan Obras Rehabilitación Honda - La Dorada Proyecto Girardot - Honda - Puerto Salgar. Contrato de Concesión 003 de 2014 - Concesión Alto Magdalena S.A.S.,15_04_Comunic_Recibidas/2018/CI004_GP-7821_070101_ANI_014659-1_SEGUI_REHABI_VIA_HONDA.pdf
2197,1,AGENCIA NACIONAL DE INFRAESTRUCTURA,2018-305-007742-1,CONSORCIO 4C,GP-7413,12/03/2018,Oficios radicado ANI 2018-409-019209-2. Obras de Protección Redes de Hidrocarburos. Proyecto Girardot - Honda - Puerto Salgar. Contrato de Concesión 003 de 2014 - Concesión Alto Magdalena S.A.S.,15_04_Comunic_Recibidas/2018/CI004_GP-7413_070115_ANI_007742-1_PROT_REDES_HIDROCAR.pdf
2199,1,CONCESIÓN ALTO MAGDALENA S.A.S.,ALMA-2018-1083,CONSORCIO 4C,GP-7443,05/03/2018,Entrega Estudio Geotécnico K130+640 al K131+480 de la Unidad Funcional 5.1.,15_04_Comunic_Recibidas/2018/CI004_GP-7443_070107_CON_1083_ESTD_GEOTEC_K130.pdf
2196,1,CONCESIÓN ALTO MAGDALENA S.A.S.,ALMA-2018-2636,CONSORCIO 4C,GP-8307,11/07/2018,Diseño Mezcla Asfáltica en Caliente Tipo MDC-19.,15_04_Comunic_Recibidas/2018/CI004_GP-8307_070107_CON_2636_DISÑ_MEZCL_MDC-19.pdf
2203,1,CONCESIÓN ALTO MAGDALENA S.A.S.,ALMA-2018-3306,CONSORCIO 4C,GP-8609,23/08/2018,"Entrega de un (1) expediente predial de la unidad funcional 3 con componente Social, para revisión y aprobación.",15_04_Comunic_Recibidas/2018/CI004_GP-8609_070402_CON_3306_EXP_SOCIAL.pdf
2204,1,CONCESIÓN ALTO MAGDALENA S.A.S.,ALMA-2018-0700,CONSORCIO 4C,GP-7169,12/02/2018,"Respuesta a su comunicación CI.004/GP3806/18/7.1.9 Radicado interno ALMA-R-2018-0385, actualización anual Plan de Gestión Social Contractual",15_04_Comunic_Recibidas/2018/CI004_GP-7169_070109_CON_0700_ACT_GEST_SCIAL.pdf
2200,1,CONCESIÓN ALTO MAGDALENA S.A.S.,ALMA-2018-4385,CONSORCIO 4C,GP-9193,19/11/2018,Respuesta comunicación CI.004/GP4008/18/7.1.7 del 08 de marzo de 2018 (Radicado ALMA-R-2018-0799). Revisión Barrera Tráfico Puentes Menores UF5.4,15_04_Comunic_Recibidas/2018/CI004_GP-9193_070107_CON_4385_TRAFICO_PTES_MENORES.pdf
2202,4,CONCESIÓN ALTO MAGDALENA S.A.S.,ALMA-2018-0662,CONSORCIO 4C,GP-7205,07/02/2018,Respuesta a su comunicación Cl.004/GP3761/18/7.1.10 del 18 enero de 2018 (Radicado ALMA-R-2017-0217) Seguimiento a condiciones de seguridad UF 5 Semana 154.,15_04_Comunic_Recibidas/2018/CI004_GP-7205_070110_CON_0662_COND_SEG_UF5.pdf
2201,3,CONCESIÓN ALTO MAGDALENA S.A.S.,ALMA-2018-0849,CONSORCIO 4C,GP-7256,22/02/2018,Respuesta a comunicado Radicado ANI 2018 - 409-00-5652-2 del 19/01/2018 - Traslado queja proyecto Girardot -Honda - Pto Salgar - Contrato de concesión (Radicado Interno ALMA- R- 2018-0515 DEL 02/02/2018) identificada como PQRS UF2 2018 260 - Condominio Algarrobos.,15_04_Comunic_Recibidas/2018/CI004_GP-7256_070109-070103-070108_CON_0849_PQRS_ALGARROB.pdf
2207,4,AGENCIA NACIONAL DE INFRAESTRUCTURA,2018-604-021150-1,CONSORCIO 4C,GP-8255,09/07/2018,Proyecto de Concesión HONDA - GIRARDOT - PUERTO SALGAR - Contrato de Concesión No. 003 de fecha 9 de septiembre de 2014. Reiteración cumplimiento Ley 1673 de 2013 - Registro Abierto de Avaluador.,15_04_Comunic_Recibidas/2018/CI004_GP-8255_070406_ANI_021150-1_REITERA_CUMPLI_LEY-1673.pdf
2206,2,CONCESIÓN ALTO MAGDALENA S.A.S.,ALMA-2018-3782,CONSORCIO 4C,GP-8833,01/10/2018,Entrega del Formato ANI-GCSP-F-203 Informe Ejecutivo – septiembre de 2018,15_04_Comunic_Recibidas/2018/CI004_GP-8833_070109_CON_3782_FOR_GCSP_F-203_SEP.pdf
2212,3,CONCESIÓN ALTO MAGDALENA S.A.S.,ALMA-2018-1735,CONSORCIO 4C,GP-7729,02/05/2018,"Pendientes Actas de Terminación Unidades Funcionales 1, 2 y 4 - Apéndice Técnico 3.",15_04_Comunic_Recibidas/2018/CI004_GP-7729_090300_CON_1735_PDTS_APT3_UF1_2_4.pdf
2208,4,CONCESIÓN ALTO MAGDALENA S.A.S.,ALMA-2018-2438,CONSORCIO 4C,GP-8153,25/06/2018,"Respuesta a su comunicación CI.004/GP4371/18/7.1.3 del 04 de mayo de 2018 (Rad. Interno ALMA-R- 2018-1435 del 04 de mayo de 2018), Interrupción construcción K 130+710 – K130+870",15_04_Comunic_Recibidas/2018/CI004_GP-8153_070401_CON_2438_INTERRUP_CONSTRU_K130.pdf
2205,2,Agencia Nacional de Infraestructura,20183040073301,CONSORCIO 4C,GP-7346,07/03/2018,"Radicado ANI No. 20184090198972 del 27 de febrero de 2018. Remisión Subsane de Observaciones - Solicitud aclaración concepto técnico del permiso solicitado por el ALCANOS DE COLOMBIA S.A. E.S.P. con NIT.891.101.577-4/ Proyecto vial Girardot - Honda - Puerto Salgar. Al responder, citar el expediente No. 20163040280200459E",15_04_Comunic_Recibidas/2018/CI004_GP-7346_070114_ANI_007330-1_ALCANOS_S.A_E.S.P.pdf
2211,20,AGENCIA NACIONAL DE INFRAESTRUCTURA,2018-305-007736-1,CONSORCIO 4C,GP-7410,12/03/2018,Solicitud pronunciamiento decisión Panel de Amigable Composición del proyecto Girardot - Honda - Puerto Salgar - Contrato de Concesión No 003 de 2014 - Girardot - Honda - Puerto Salgar.,15_04_Comunic_Recibidas/2018/CI004_GP-7410_050300_ANI_007736-1_PANEL_AMIGABLE.pdf
2210,1,CONCESIÓN ALTO MAGDALENA S.A.S.,ALMA-2018-0732,CONSORCIO 4C,GP-7213,14/02/2018,Entrega Memorias de Cálculo y Planos Puentes P6G Y P7G – Unidad Funcional 3.,15_04_Comunic_Recibidas/2018/CI004_GP-7213_070107_CON_0732_MEMO_PTES_P6G_P7G.pdf
2209,1,CONCESIÓN ALTO MAGDALENA S.A.S.,ALMA-2018-1157,CONSORCIO 4C,GP-7439,14/03/2018,Entrega de un (1) expediente predial de la unidad funcional 4 para revisión del componente Social.,15_04_Comunic_Recibidas/2018/CI004_GP-7439_070402_CON_1157_EXP_SCIAL.pdf
2216,8,CONCESIÓN ALTO MAGDALENA S.A.S.,CI004.7.1.9,CONSORCIO 4C,GP-9332,07/12/2018,Solicitud Retiro cámara de foto multa ubicada en el Pr 30+000 de la ruta Nacional 4510 - Tramo Honda - Rio Ermitaño,15_04_Comunic_Recibidas/2018/CI004_GP-9332_070109_CON_4637_RETIRO_CAMARA_PR30.pdf
2213,1,CONCESIÓN ALTO MAGDALENA S.A.S.,ALMA-2018-4103,CONSORCIO 4C,GP-9035,25/10/2018,"Actualización planos muros 2 y 3 del ""Puente Burras"" UF 5.2.",15_04_Comunic_Recibidas/2018/CI004_GP-9035_070107_CON_4103_ACT_PLANOS_PTE_BURRAS.pdf
2218,1,CONCESIÓN ALTO MAGDALENA S.A.S.,ALMA-2017-5280,CONSORCIO 4C,GP-7013,18/12/2017,Entrega de un (1) expediente de la Unidad Funcional 3 para revisión en la etapa de expropiación.,15_04_Comunic_Recibidas/2018/CI004_GP-7013_070401_CON_5280_EXP_EXPROPI.pdf
2214,2,CONCESIÓN ALTO MAGDALENA S.A.S.,ALMA-2018-3973,CONSORCIO 4C,GP-8968,12/10/2018,Respuesta comunicación CI.004/GP5062/18/7.1.8 (Rad. ALMA-R-2018-2674 del 24 de agosto de 2018). Revisión Diseños Hidrosanitarios Área de Servicio UF3,15_04_Comunic_Recibidas/2018/CI004_GP-8968_070107_CON_3973_DISEÑ_AREA_SERV_UF3.pdf
2215,1,CONCESIÓN ALTO MAGDALENA S.A.S.,ALMA-2018-1714,CONSORCIO 4C,GP-7771,27/04/2018,"Respuesta comunicado CI.004/GP4315/18/7.4.1 de fecha 27 de marzo de 2018, con radicado interno ALMA-R-2018-1334 de fecha 24 de abril de 2018, se remiten tres (3) expedientes prediales de la unidad funcional 5.2 para aprobación.",15_04_Comunic_Recibidas/2018/CI004_GP-7771_070401_CON_1714_EXP_PREDIAL.pdf
2220,10,AGENCIA NACIONAL DE INFRAESTRUCTURA,2018-305-013883-1,CONSORCIO 4C,GP-7780,08/05/2018,Solicitud validación y concepto de informacion presentada por la Junta de Acción Comunal de la Vereda Campoalegre del municipio de Guataquí - Tarifa diferencial peaje de Guataquí - Contrato de Concesión No 003 de 2014 - Girardot - Honda - Puerto Salgar.,15_04_Comunic_Recibidas/2018/CI004_GP-7780_070109-070301_ANI_013883-1_INFO_TARIF_PEAJE.pdf
2221,2,CONCESIÓN ALTO MAGDALENA S.A.S.,ALMA-2018-3565,CONSORCIO 4C,GP-8767,12/09/2018,"Respuesta a sus oficios No. CI.004/GP4656/18/7.4.4 - Radicado interno No. ALMA-R-2018-1947 y CI.004/GP4570/18/7.4.4 - Radicado interno no. ALMA-R-2018-1807, relacionado con la entrega de cinco (5) expedientes de la Unidad Funcional 4 y 5 para revisión en la etapa de expropiación.",15_04_Comunic_Recibidas/2018/CI004_GP-8767_070404_CON_3565_EXP_EXPRO.pdf
2217,1,CONCESIÓN ALTO MAGDALENA S.A.S.,ALMA-2018-0845,CONSORCIO 4C,GP-7559,21/02/2018,Entrega de un (1) expediente para aprobación del Avalúo Comercial Corporativo de la unidad funcional 3.,15_04_Comunic_Recibidas/2018/CI004_GP-7559_070401_CON_0845_EXP_AVALUO.pdf
2224,1,CONCESIÓN ALTO MAGDALENA S.A.S.,ALMA-2018-0245,CONSORCIO 4C,GP-6979,16/01/2018,Entrega de un (1) expediente de la Unidad Funcional 2 para revisión en la etapa de expropiación.,15_04_Comunic_Recibidas/2018/CI004_GP-6979_070404_CON_0245_EXP_EXPRO.pdf
2219,7,CONCESIÓN ALTO MAGDALENA S.A.S.,ALMA-2018-3606,CONSORCIO 4C,GP-8758,14/09/2018,Cumplimiento Compensaciones Ambientales - Acuerdo No. 019 de 21 de junio de 2016.,15_04_Comunic_Recibidas/2018/CI004_GP-8758_070108_CON_3606_COMPENSA_AMB.pdf
2223,2,CONCESIÓN ALTO MAGDALENA S.A.S.,ALMA-2018-4026,CONSORCIO 4C,GP-8989,18/10/2018,Memoria Técnica Puentes P5G – P8G – P9G – P10G – P12G – P13 – P14G – P16G de la Unidad Funcional 3.,15_04_Comunic_Recibidas/2018/CI004_GP-8989_090300_CON_4026_MEMOTEC_PTES_UF3.pdf
2225,1,CONCESIÓN ALTO MAGDALENA S.A.S.,ALMA-2018-3478,CONSORCIO 4C,GP-8793,05/09/2018,Entrega de un expediente predial de la unidad funcional 5 para aprobación.,15_04_Comunic_Recibidas/2018/CI004_GP-8793_070401_CON_3478_EXP_PREDIAL.pdf
2222,1,CONCESIÓN ALTO MAGDALENA S.A.S.,ALMA-2018-3477,CONSORCIO 4C,GP-8792,05/09/2018,Entrega de un expediente predial de la unidad funcional 5 para aprobación.,15_04_Comunic_Recibidas/2018/CI004_GP-8792_070401_CON_3477_EXP_PREDIAL.pdf
2228,4,CONCESIÓN ALTO MAGDALENA S.A.S.,ALMA-2018-3789,CONSORCIO 4C,GP-8949,01/10/2018,Comunicación CI.004/GP5162/18/7.1.1 – Radicado ALMA-R-2018-2860 del 11 de septiembre de 2018. Observaciones ficha predial ALMA – 5 - 0012,15_04_Comunic_Recibidas/2018/CI004_GP-8949_070401-070109_CON_3789_EXP_PREDIAL.pdf
2226,11,CONCESIÓN ALTO MAGDALENA S.A.S.,ALMA-2018-1573,CONSORCIO 4C,GP-7664,23/04/2018,Respuesta comunicado CI.004/GP4255/18/5.3 Otorgamiento periodo de cura incumplimiento entrega de Estados Financieros. (Radicado interno Alma-2018-1203 del 12 de abril de 2018).,15_04_Comunic_Recibidas/2018/CI004_GP-7664_050300_CON_1573_PERIO_CURA_ESTD_FINA.pdf
2227,1,CONCESIÓN ALTO MAGDALENA S.A.S.,ALMA-2018-1769,CONSORCIO 4C,GP-8707,04/05/2018,Entrega de un (1) expediente de la Unidad Funcional 3 para revisión en la etapa de expropiación.,15_04_Comunic_Recibidas/2018/CI004_GP-8707_070404_CON_1769_EXP_EXPRO.pdf
2231,3,CONCESIÓN ALTO MAGDALENA S.A.S.,ALMA-2018-2515,CONSORCIO 4C,GP-8195,27/06/2018,Respuesta a su comunicación OBR-VCT-2290-18 / CAM-010 del 15 de mayo de 2018 (Rad. Interno ALMA-R-2018-1523 y PQR-UF5-2018-0386) - intervención predio No CPH-004-D,15_04_Comunic_Recibidas/2018/CI004_GP-8195_070401_CON_2515_RTA_PERMIS_ACCESO.pdf
2230,1,CONCESIÓN ALTO MAGDALENA S.A.S.,ALMA-2018-2648,CONSORCIO 4C,GP-8285,12/07/2018,Entrega de la Sabana Predial y Tira topográfica.,15_04_Comunic_Recibidas/2018/CI004_GP-8285_070401_CON_2648_SABAN_PREDIAL.pdf
2229,1,CONCESIÓN ALTO MAGDALENA S.A.S.,ALMA-2018-3180,CONSORCIO 4C,GP-8564,17/08/2018,"Respuesta a objeción de comunicado (ALMA-R-2018-1857) del 7 de junio 2018 por parte del propietario, de la unidad funcional 3.",15_04_Comunic_Recibidas/2018/CI004_GP-8564_070401_CON_3180_EXP_RTA_OBJECION.pdf
2235,1,CONCESIÓN ALTO MAGDALENA S.A.S.,ALMA-2018-1029,CONSORCIO 4C,GP-7417,06/03/2018,Entrega de un (1) expediente de la Unidad Funcional 2 para revisión en la etapa de expropiación.,15_04_Comunic_Recibidas/2018/CI004_GP-7417_070404_CON_1029_EXP_EXPRO.pdf
2233,1,CONCESIÓN ALTO MAGDALENA S.A.S.,ALMA-2018-0747,CONSORCIO 4C,GP-7219,15/02/2018,Registros Control Obra Puente Flandes sobre Río Magdalena – Unidad Funcional 1.,15_04_Comunic_Recibidas/2018/CI004_GP-7219_070103_CON_0747_REG_PTE_FALNDES.pdf
2234,1,CONCESIÓN ALTO MAGDALENA S.A.S.,ALMA-2018-2439,CONSORCIO 4C,GP-8146,25/06/2018,Entrega de expediente predial de la unidad funcional 4 para revisión del componente Social.,15_04_Comunic_Recibidas/2018/CI004_GP-8146_070402_CON_2439_EXP_SOCIAL.pdf
2239,1,CONCESIÓN ALTO MAGDALENA S.A.S.,ALMA-2018-2865,CONSORCIO 4C,GP-8417,27/07/2018,Respuesta a su comunicación Cl.004/GP3739/18/7.1.7 - 7.1.8 del 16 de enero de 2018 (Radicado interno ALMA-R-2018-0190 del 16 de enero de 2018). Revisión Ocupación Cauce Box K57+693 UF3.,15_04_Comunic_Recibidas/2018/CI004_GP-8417_070108_CON_2865_OCUP_CAUCE_BOX_K57.pdf
2232,9,CONCESIÓN ALTO MAGDALENA S.A.S.,ALMA-2018-0906,CONSORCIO 4C,GP-7311,27/02/2018,"Respuesta a sus comunicados CI.004/GP3851/18/7.3.3 Y CI.004/GP3907/18/7.3.3, con radicados de concesión ALMA-R-2018-0482 y ALMA-R-2018-0573. Medición Niveles de Servicio e Índices de Cumplimiento – Enero de 2018.",15_04_Comunic_Recibidas/2018/CI004_GP-7311_070303_CON_0906_NIVEL_SERVICIO_ENE.pdf
2240,1,CONCESIÓN ALTO MAGDALENA S.A.S.,ALMA-2018-0412,CONSORCIO 4C,GP-7152,26/01/2018,Entrega de un (1) expediente para aprobación del Avalúo Comercial Corporativo.,15_04_Comunic_Recibidas/2018/CI004_GP-7152_070401_CON_0412_EXP_AVALUO.pdf
2237,1,CONCESIÓN ALTO MAGDALENA S.A.S.,ALMA-2018-0241,CONSORCIO 4C,GP-6947,16/01/2018,Entrega de un (1) expediente para aprobación del Avalúo Comercial Corporativo de la unidad funcional 3.,15_04_Comunic_Recibidas/2018/CI004_GP-6947_070401_CON_0241_EXPD_AVALUO.pdf
2238,5,CONCESIÓN ALTO MAGDALENA S.A.S.,ALMA-2018-3804,CONSORCIO 4C,GP-8959,01/10/2018,Solicitud información sobre identificación jurídica de inmueble y de autorización de ingreso.,15_04_Comunic_Recibidas/2018/CI004_GP-8959_070401_CON_3804_INFO_JURIDI_INMUEBLE.pdf
2244,1,CONCESIÓN ALTO MAGDALENA S.A.S.,ALMA-2018-2576,CONSORCIO 4C,GP-8240,28/06/2018,Alcance a nuestra comunicación ALMA-2017-5115 del 07 de diciembre de 2017 - Monitoreos de calidad de agua en el puente (P16G) ubicado en el K69+550 de la Unidad Funcional 3.,15_04_Comunic_Recibidas/2018/CI004_GP-8240_070108_CON_2576_CALIDAD_AGUA_PTE_P16G.pdf
2243,44,JUZGADO PROMISCUO MUNICIPAL DE CHAGUANÍ CUNDINAMARCA,97,CONSORCIO 4C,GP-8541,09/08/2018,,15_04_Comunic_Recibidas/2018/CI004_GP-8541_050300_JCHAGUANI_97_ACCION_TUTELA_WHERRERA.pdf
2236,2,CONCESIÓN ALTO MAGDALENA S.A.S.,ALMA-2018-4287,CONSORCIO 4C,GP-9169,14/11/2018,Respuesta comunicación CI.004/GP3706/18/7.5 del 10 de enero de 2018 (Radicado ALMA-R-2018-0104). Revisión Memoria Técnica Marzo – 2017,15_04_Comunic_Recibidas/2018/CI004_GP-9169_070500_CON_4287_MEMOTEC_MAR.pdf
2245,4,INSTITUTO GEOGRAFICO AGUSTIN CODAZZI,8002018EE16650-O1,CONSORCIO 4C,GP-9105,01/11/2018,RESPUESTA A SOLICITUD COTIZACION AVALUOS COMERCIAL,15_04_Comunic_Recibidas/2018/CI004_GP-9105_070406_IGAC_5210_COTIZA_AVALUO.pdf
2242,1,Fiduciaria Bogotá,CSSA2018037871,CONSORCIO 4C,GP-9413,19/12/2018,INFORME MENSUAL DEL 1 AL 30 DE NOVIEMBRE DE 2018 FIDEICOMISO FIDUBOGOTA-CONCESION ALTO MAGDALENA 3-1 63664,15_04_Comunic_Recibidas/2018/CI004_GP-9413_070202_FBTA_037871_INF_MEN_NOV.pdf
2246,1,AGENCIA NACIONAL DE INFRAESTRUCTURA,2018-603-026616-1,CONSORCIO 4C,GP-8537,16/08/2018,Contrato de Concesión No. 003 de 2014 - Honda - Girardot - Puerto Salgar. Observación pronunciamiento Interventoría - Evento Eximente de Responsabilidad por presunto hallazgo arqueológico en la UF 4.2. Rad. ANI No. 20184090788072 de fecha 3 de agosto de 2018.,15_04_Comunic_Recibidas/2018/CI004_GP-8537_050300_ANI_026616-1_EER_HALLAZG_ARQUEO_UF4.2.pdf
2247,1,CONCESIÓN ALTO MAGDALENA S.A.S.,ALMA-2018-2533,CONSORCIO 4C,GP-8212,28/06/2018,"Respuesta a comunicado CI.004/GP4551/18/7.1.8 del 01 de junio de 2018 (Rad. Interno ALMA-R-2018-1763 del 01 de junio de 2018). Respuesta ALMA-2018-2052 / Obligaciones Pendientes Cierre Ambiental UF 1, 2 y 4.",15_04_Comunic_Recibidas/2018/CI004_GP-8212_090300-070108_CON_2533_PDTES_CIERR_UF1_AMB.pdf
2248,1,AGENCIA NACIONAL DE INFRAESTRUCTURA,2018-305-042446-1,CONSORCIO 4C,GP-9381,18/12/2018,Oficio radicado ANI 20184091289082 del 7 de diciembre de 2018. Saneamiento del incumplimiento relacionado con la entrega del estudio de tránsito que determine la cola máxima en el peaje de Brisas. Proyecto Girardot - Honda - Puerto Salgar. Contrato de Concesión 003 de 2014 - Concesión Alto Magdalena S.A.S.,15_04_Comunic_Recibidas/2018/CI004_GP-9381_050300_ANI_042446-1_SANEA_COLA_PEAJ_BRISAS.pdf
2249,3,AGENCIA NACIONAL DE INFRAESTRUCTURA,2018-305-019180-1,CONSORCIO 4C,GP-8125,20/06/2018,"Respuesta a oficio con radicado ANI No. 20184090561522 - No Objeción Plazo de cura incumplimiento en la seguridad vial por la señalización de la Interconexión Girardot, Flandes y Chicoral - Contrato de Concesión No 003 de 2014 - Girardot - Honda - Puerto Salgar.",15_04_Comunic_Recibidas/2018/CI004_GP-8125_050300_ANI_019180-1_PLAZO_CURA_SEÑALIZA.pdf
2250,1,CONCESIÓN ALTO MAGDALENA S.A.S.,ALMA-2018-2737,CONSORCIO 4C,GP-8315,17/07/2018,Respuesta comunicación CI004/GP4432/18/7.1.9 del 17 de mayo de 2018 (Rad. Interno ALMA-R-2018-1558) – Acta de Vecindad - Predio K 30 UF2.,15_04_Comunic_Recibidas/2018/CI004_GP-8315_070109-070103_CON_2737_ACTA_VECINDAD_K30.pdf
2253,6,CONCESIÓN ALTO MAGDALENA S.A.S.,ALMA-2018-1523,CONSORCIO 4C,GP-7652,17/04/2018,Respuesta a la solicitud contenida en el correo electrónico del 12 de abril de 2018 de la doctora Soraya Rodríguez (Comunicación interna de la Gerencia GIT de Defensa Judicial dirigida a la Gerencia GIT Predial).,15_04_Comunic_Recibidas/2018/CI004_GP-7652_070401_CON_1523_RTA_COMU_MAIL.pdf
2251,2,CONCESIÓN ALTO MAGDALENA S.A.S.,ALMA-2018-1832,CONSORCIO 4C,GP-7896,10/05/2018,"Respuesta comunicado CI.004/GP4199/18/7.4.1 de fecha 4 de abril de 2018, con radicado interno ALMA-R-2018-1124 de fecha 6 de abril de 2018, CI.004/GP4315/18/7.4.1 de fecha 27 de abril de 2018, Y CI.004/GP4315/18/7.4.1 de fecha 27 de abril de 2018, Y CI.004/GP3831/18/7.4.1 de fecha 31 de enero de 2018, con radicado interno ALMA-R-2018-0419 de fecha 1 de febrero de 2018. Se remiten seis (6) expedientes prediales de la unidad funcional 5.2 para aprobación.",15_04_Comunic_Recibidas/2018/CI004_GP-7896_070401_CON_1832_EXP_PREDIAL.pdf
2241,1,CONCESIÓN ALTO MAGDALENA S.A.S.,ALMA-2018-3076,CONSORCIO 4C,GP-8562,10/08/2018,Respuesta objeción comunicado (RAD Interno ALMA-R-2018-1550) del 17 de Mayo 2018.,15_04_Comunic_Recibidas/2018/CI004_GP-8562_070401_CON_3076_EXP_RTA_OBJECION.pdf
2252,1,CONCESIÓN ALTO MAGDALENA S.A.S.,ALMA-2018-0942,CONSORCIO 4C,GP-7333,28/02/2018,Entrega de un (1) expediente para aprobación del Avalúo Comercial Corporativo.,15_04_Comunic_Recibidas/2018/CI004_GP-7333_070401_CON_0942_EXP_AVALUO.pdf
2254,16,CONCESIÓN ALTO MAGDALENA S.A.S.,ALMA-2018-3986,CONSORCIO 4C,GP-8946,12/10/2018,Respuesta a la queja identificada como PQRS UF4 2018 435 - Contra Subcontratista Arquitecta Angélica Martinez.,15_04_Comunic_Recibidas/2018/CI004_GP-8946_070109-070110_CON_3986_QUEJA_CONTRA_AMARTINEZ.pdf
2257,1,CONCESIÓN ALTO MAGDALENA S.A.S.,ALMA-2018-1584,CONSORCIO 4C,GP-7716,23/04/2018,Entrega de un (1) expediente de la Unidad Funcional 2 para revisión en la etapa de expropiación.,15_04_Comunic_Recibidas/2018/CI004_GP-7716_070404_CON_1584_EXP_EXPRO.pdf
2260,3,CONCESIÓN ALTO MAGDALENA S.A.S.,ALMA-2018-0507,CONSORCIO 4C,GP-7101,02/02/2018,Alcance Registros Control Obra Puente Flandes sobre Rio Magdalena - Unidad Funcional 1.,15_04_Comunic_Recibidas/2018/CI004_GP-7101_070103_CON_0507_REGIST_PTE_UF1.pdf
2259,4,CONCESIÓN ALTO MAGDALENA S.A.S.,ALMA-2018-4446,CONSORCIO 4C,GP-9235,22/11/2018,"Respuesta comunicado CI.004/GP5188/18/7.3.1 - Comunicado ALMA-R-2018-2920 - Resultado Medición Niveles de Servicio E1, E2, E4 y E5 - Primer Semestre de 2018.",15_04_Comunic_Recibidas/2018/CI004_GP-9235_070303_CON_4446_NIVEL_SERV_E1_E2_E4_E5.pdf
2258,2,CONCESIÓN ALTO MAGDALENA S.A.S.,ALMA-2018-0905,CONSORCIO 4C,GP-7310,28/02/2017,Régimen de transición art. 193 ley 1819 de 2016 y decreto reglamentario 1950 de 2017,15_04_Comunic_Recibidas/2018/CI004_GP-7310_070201_CON_0905_REGIMEN_TRANSIC_CONTRA.pdf
2255,7,CONCESIÓN ALTO MAGDALENA S.A.S.,ALMA-2018-3060,CONSORCIO 4C,GP-8484,09/08/2018,"Respuesta comunicado identificado como PQRS UF2 2018-352, de fecha 08 de junio de 2018",15_04_Comunic_Recibidas/2018/CI004_GP-8484_070109_CON_3060_FAJAS_RETIRO_OBLIGATO.pdf
2256,1,CONCESIÓN ALTO MAGDALENA S.A.S.,ALMA-2018-3171,CONSORCIO 4C,GP-8540,17/08/2018,Entrega de la Sabana de Avalúos.,15_04_Comunic_Recibidas/2018/CI004_GP-8540_070401_CON_3171_SABANA_AVALUOS.pdf
2261,1,CONCESIÓN ALTO MAGDALENA S.A.S.,ALMA-2018-4104,CONSORCIO 4C,GP-9036,25/10/2018,Respuesta a su comunicación Cl.004/GP3368/17/7.1.3 del 03 de noviembre de 2017 (Radicado ALMA-R-2017-03900). Mal funcionamiento Obras Hidráulicas – UF4,15_04_Comunic_Recibidas/2018/CI004_GP-9036_070103_CON_4104_OBRAS_HIDRAU_UF4.pdf
2262,1,CONCESIÓN ALTO MAGDALENA S.A.S.,ALMA-2018-4008,CONSORCIO 4C,GP-9067,16/10/2018,"Entrega de un expediente predial ALMA-5-0012-1, para aprobación.",15_04_Comunic_Recibidas/2018/CI004_GP-9067_070401_CON_4008_EXP_PREDIAL.pdf
2263,1,CONCESIÓN ALTO MAGDALENA S.A.S.,ALMA-2018-1619,CONSORCIO 4C,GP-7692,24/04/2018,Entrega de un (1) expediente para aprobación del Avalúo Comercial Corporativo.,15_04_Comunic_Recibidas/2018/CI004_GP-7692_070406_CON_1619_EXP_AVALUO.pdf
2265,6,AGENCIA NACIONAL DE INFRAESTRUCTURA,2018-304-031440-1,CONSORCIO 4C,GP-8787,21/09/2018,Reiteración solicitud de concepto técnico para realizar mantenimiento correctivo de líneas de 33 y 115 kv para suministrar energía eléctrica ubicadas entre el PR 08+200 al PR29+800 en jurisdicción de los municipio de Honda (Tolima) y La Dorada (Caldas). Proyecto vial Girardot - Honda - Puerto Salgar.,15_04_Comunic_Recibidas/2018/CI004_GP-8787_070114_ANI_031440-1_MTTO_ELCTRIC_PR08.pdf
2270,2,Agencia Nacional de Infraestructura,2018-305-017988-1,CONSORCIO 4C,GP-8057,13/06/2018,Respuesta Notificación de Ejecución del 90% del valor estimado de Redes - Comunicación a su comunicación ALMA-2018-1473 con radicado ANI No 20184090373772 del 16 de abril de 2018 - Contrato de Concesión No 003 de 2014. Concesión Girardot - Honda - Puerto Salgar.,15_04_Comunic_Recibidas/2018/CI004_GP-8057_070203-070115_ANI_017988-1_90%SUBCTA_REDES.pdf
2266,1,CONCESIÓN ALTO MAGDALENA S.A.S.,ALMA-2018-0099,CONSORCIO 4C,GP-6888,09/01/2018,Entrega de tres (03) expedientes prediales de la Unidad Funcional 2 para aprobación.,15_04_Comunic_Recibidas/2018/CI004_GP-6888_070401_CON_0099_EXP_PREDIAL.pdf
2269,9,AGENCIA NACIONAL DE INFRAESTRUCTURA,20183050395571,CONSORCIO 4C,GP-9264,27/11/2018,Remisión de Acta previa aprobación de Redes No. 2 Contrato de Concesión No. 003 de 2014 Proyecto Girardot Honda Puerto Salgar. Alto Magdalena SAS.,15_04_Comunic_Recibidas/2018/CI004_GP-9264_070115-070201_ANI_039557-1_ACTA_REDES_N°2.pdf
2268,4,CONCESIÓN ALTO MAGDALENA S.A.S.,ALMA-2018-1877,CONSORCIO 4C,GP-7837,11/05/2018,Su comunicación Cl.004/GP4229/18/7.1.1 - Radicado ALMA-R-2018-1184 del 12 de abril de 2018. Seguimiento Plan de Obras Intersección Puente Actual Puerto Salgar (Costado Occidental) - Norcasia.,15_04_Comunic_Recibidas/2018/CI004_GP-7837_070101-070401_CON_1877_SEGUI_PTE_SALGAR.pdf
2272,1,CONCESIÓN ALTO MAGDALENA S.A.S.,ALMA-2018-1780,CONSORCIO 4C,GP-7768,07/05/2018,Entrega Informe Gerencial Mensual N° 42 - abril de 2018,15_04_Comunic_Recibidas/2018/CI004_GP-7768_070500_CON_1780_INF_MEN_N°42_ABR.pdf
2271,1,CONCESIÓN ALTO MAGDALENA S.A.S.,ALMA-2018-0640,CONSORCIO 4C,GP-7153,07/02/2018,Respuesta a su comunicación CI.004/GP3708/18/7.4.1 de fecha 09 de Enero de 2018. Entrega de un (1) expediente para aprobación del Avalúo Comercial Corporativo.,15_04_Comunic_Recibidas/2018/CI004_GP-7153_070401_CON_0640_EXP_AVALUO.pdf
2264,2,AGENCIA NACIONAL DE INFRAESTRUCTURA,2018-305-017986-1,CONSORCIO 4C,GP-8055,13/06/2018,Derrumbe PR5+600 UF2 - Proyecto Girardot - Honda - Puerto Salgar. Contrato de Concesión 003 de 2014 - Concesión Alto Magdalena S.A.S.,15_04_Comunic_Recibidas/2018/CI004_GP-8055_070303_ANI_017986-1_DERRUMBE_PR5_UF2.pdf
2267,1,CONCESIÓN ALTO MAGDALENA S.A.S.,ALMA-2018-4312,CONSORCIO 4C,GP-9179,14/11/2018,Diseño Estructural del Pavimento Aproches Puentes Menores Unidad Funcional 5.2.,15_04_Comunic_Recibidas/2018/CI004_GP-9179_070107_CON_4312_DISÑ_PTES_UF5.2.pdf
2274,3,CONCESION ALTO MAGDALENA S.A.S.,ALMA-2018-3254,CONSORCIO 4C,GP-9099,21/08/2018,Informe sobre los criterios para contabilizar Ingresos y Egresos por Unidad Funcional.,15_04_Comunic_Recibidas/2018/CI004_GP-9099_070201_CON_3254_INF_INGRE_EGRE_JUL.pdf
2275,1,CONCESIÓN ALTO MAGDALENA S.A.S.,ALMA-2018-4452,CONSORCIO 4C,GP-9245,23/11/2018,Entrega Informe Pasos Urbanos V1 y Presentación,15_04_Comunic_Recibidas/2018/CI004_GP-9245_050300_CON_4452_INF_PASOS_URBAN_V1.pdf
2277,3,Agencia Nacional de Infraestructura,20183050305551,CONSORCIO 4C,GP-8742,14/09/2018,"Solicitud aplicación de Plan de Contingencia al Cronograma de Obras Unidad Funcional 5 – Proyecto Girardot – Honda – Puerto Salgar, Contrato de Concesión 003 de 2014. Alto Magdalena S.A.S.",15_04_Comunic_Recibidas/2018/CI004_GP-8742_070101_ANI_030555-1_CONTIN_CRONOG_UF5.pdf
2276,1,CONCESIÓN ALTO MAGDALENA S.A.S.,ALMA-2018-2411,CONSORCIO 4C,GP-8220,22/06/2018,Respuesta a su comunicación CI.004/GP4655/18/7.4.1 del 14 de junio de 2018. (Rad. Interno ALMA-R-2018-1946). Entrega de un expediente predial de la unidad funcional 5 para aprobación.,15_04_Comunic_Recibidas/2018/CI004_GP-8220_070401_CON_2411_EXP_PREDIAL.pdf
2273,3,CONCESION ALTO MAGDALENA S.A.S.,ALMA-2018-3642,CONSORCIO 4C,GP-9150,17/09/2018,Consulta de Resoluciones de declaratoria de inminencia de riesgo de desplazamiento forzado,15_04_Comunic_Recibidas/2018/CI004_GP-9150_070401_CON_3642_RESOL_DESPLAZ_FORZADO.pdf
2278,2,Agencia Nacional de Infraestructura,20183050232691,CONSORCIO 4C,GP-8361,26/07/2018,Solicitud respuesta comunicación con radicados ANI No 20184090682132 y 20184090675082 - Wilson Leonardo Pedroza Gallego - Contrato de Concesión No 003 de 2014 - Girardot - Honda - Puerto Salgar.,15_04_Comunic_Recibidas/2018/CI004_GP-8361_070109_ANI_023269-1_AFECTA_PARADOR_LCENTRAL.pdf
2283,1,CONCESIÓN ALTO MAGDALENA S.A.S.,ALMA-2018-2201,CONSORCIO 4C,GP-8004,05/06/2018,"Entrega de un (1) expediente predial de la unidad funcional 3, para aprobación de ficha predial.",15_04_Comunic_Recibidas/2018/CI004_GP-8004_070401_CON_2201_EXP_PREDIAL.pdf
2280,4,CONCESIÓN ALTO MAGDALENA S.A.S.,ALMA-2018-4781,CONSORCIO 4C,GP-9420,24/12/2018,"Alcance respuesta PQRS UF3 2018 292- Atención situación ambiental Quebrada Regaderos, ubicada en el Km 82 entre Beltrán y Cambao.",15_04_Comunic_Recibidas/2018/CI004_GP-9420_070108_CON_4781_PQRS_ACORRALES.pdf
2279,2,CONCESIÓN ALTO MAGDALENA S.A.S.,ALMA-2018-0722,CONSORCIO 4C,GP-7232,13/02/2018,Entrega de expedientes prediales de la unidad funcional 3 para revisión del componente Social.,15_04_Comunic_Recibidas/2018/CI004_GP-7232_070402_CON_0722_EXP_SCIAL_UF3.pdf
2284,2,CONCESIÓN ALTO MAGDALENA S.A.S.,ALMA-2018-2699,CONSORCIO 4C,GP-8292,16/07/2018,"Respuesta Comunicación CI.004/GP4723/18/7.4.2. Entrega de un (1) expediente predial de la unidad funcional 5 con componente Social, para revisión y aprobación.",15_04_Comunic_Recibidas/2018/CI004_GP-8292_070402_CON_2699_EXP_SOCIAL.pdf
2282,6,CONCESIÓN ALTO MAGDALENA S.A.S.,ALMA-2018-1001,CONSORCIO 4C,GP-7349,05/03/2018,Solicitud de Restitución de Bienes de Uso Público.,15_04_Comunic_Recibidas/2018/CI004_GP-7349_070109_CON_1001_RESTIT_BIENES.pdf
2281,1,CONCESIÓN ALTO MAGDALENA S.A.S.,ALMA-2018-1338,CONSORCIO 4C,GP-7575,03/04/2018,"Respuesta a su comunicación, CI.004/GP3997/18/7.4.1 del 1 de marzo de 2018 (Rad. Interno ALMA-R-2018-0786), Entrega de dos (2) expedientes prediales de la unidad funcional 3 para aprobación de ficha predial.",15_04_Comunic_Recibidas/2018/CI004_GP-7575_070401_CON_1338_EXP_PREDIAL.pdf
2288,2,CONCESIÓN ALTO MAGDALENA S.A.S.,ALMA-2018-0580,CONSORCIO 4C,GP-7128,05/02/2018,Respuesta a oficio radicado ANI-2017-409-127338-2 de 29/11/2017 con radicado ALMA-R-2018-0172] Traslado derecho de petición. Proyecto Girardot-Honda-Puerto Salgar. Contrato de concesión 003 de 2014-Concesión Alto Magdalena S.A.S.,15_04_Comunic_Recibidas/2018/CI004_GP-7128_070109_CON_0580_DP_AESQUIVEL.pdf
2291,1,CONCESIÓN ALTO MAGDALENA S.A.S.,ALMA-2018-2366,CONSORCIO 4C,GP-8113,19/06/2018,Ajuste Plano de ITS Estación de Peaje Guataquí – Unidad Funcional 3.,15_04_Comunic_Recibidas/2018/CI004_GP-8113_070107_CON_2366_ITS_PEAJE_GUATAQ.pdf
2286,1,AGENCIA NACIONAL DE INFRAESTRUCTURA,2018-305-016233-1,CONSORCIO 4C,GP-7937,28/05/2018,Solicitud Informe Talud K5+600 Ruta 4508 - Unidad Funcional 2 - Contrato de Concesión No 003 de 2014 - Girardot - Honda - Puerto Salgar.,15_04_Comunic_Recibidas/2018/CI004_GP-7937_070104_ANI_016233-1_TALUD_K5_UF2.pdf
2292,2,CONCESIÓN ALTO MAGDALENA S.A.S.,ALMA-2018-3625,CONSORCIO 4C,GP-8779,17/09/2018,Cumplimiento obligaciones de la Licencia Ambiental Resolución N° 0660 del 20 de junio de 2016; Expediente N° LAV0004-00-2016.,15_04_Comunic_Recibidas/2018/CI004_GP-8779_070108_CON_3625_OBLIG_LICEN_AMB.pdf
2290,1,AGENCIA NACIONAL DE INFRAESTRUCTURA,2018-305-010282-1,CONSORCIO 4C,GP-7563,06/04/2018,Respuesta Notificación Ejecución del 90% del Valor Estimado de Redes - Rad ANI No 20184090266962 Contrato de Concesión No 003 de 2014 - Girardot - Honda - Puerto Salgar.,15_04_Comunic_Recibidas/2018/CI004_GP-7563_070115_ANI_010282-1_EJECU_90%_REDES.pdf
2287,4,Agencia Nacional de Infraestructura,20183040153011,CONSORCIO 4C,GP-7890,21/05/2018,"Radicado No. 20184090482322 del 16 de Mayo de 2018. Solicitud concepto técnico de permiso para el uso, la ocupación y la intervención temporal para realizar actividades de corte y empalme de la infraestructura de transporte de hidrocarburos poliducto Sebastopol - San José del Nus de 12"" debido a la reducción de diámetro en la tubería por ovalamiento, ubicada en el PR43+700 y PR43+925 ubicado en el municipio de Maceo en el departamento de Antioquia. Proyecto vial Girardot - Honda - Puerto Salgar. Al responder favor citar el expediente: 2 20183040280200172E.",15_04_Comunic_Recibidas/2018/CI004_GP-7890_070111_ANI_015301-1_PERMIS_ACTIV_HIDROC.pdf
2289,1,AGENCIA NACIONAL DE INFRAESTRUCTURA,2018-305-015012-1,CONSORCIO 4C,GP-7845,17/05/2018,Oficio radicado ANI 2018-409-045852-2. Diseño Glorieta Costado Oriental UF 5.1 Proyecto Girardot - Honda - Puerto Salgar. Contrato de Concesión 003 de 2014 - Concesión Alto Magdalena S.A.S.,15_04_Comunic_Recibidas/2018/CI004_GP-7845_070107_ANI_015012-1_DISEÑ_GLOR_UF5.1.pdf
2294,2,CONCESIÓN ALTO MAGDALENA S.A.S.,ALMA-2018-0534,CONSORCIO 4C,GP-7124,02/02/2018,"Respuesta a su comunicación CI.004/GP3715/18/7.1.9 Radicado interno ALMA-R-2018-0125, socialización peajes Guataquí y Puerto Salgar.",15_04_Comunic_Recibidas/2018/CI004_GP-7124_070109_CON_0534_SOCIAL_PEAJES.pdf
2293,3,CONCESIÓN ALTO MAGDALENA S.A.S.,ALMA-2018-1447,CONSORCIO 4C,GP-7624,12/04/2018,Presentación de los formatos establecidos en el Numeral 4.5 Literal (u) Parte general del Contrato.,15_04_Comunic_Recibidas/2018/CI004_GP-7624_070208_CON_1447_FOR_GCSP-F009_MAR.pdf
2298,1,CONCESIÓN ALTO MAGDALENA S.A.S.,ALMA-2018-2947,CONSORCIO 4C,GP-8893,30/07/2018,Entrega de un (1) expediente para aprobación del Avalúo Comercial Corporativo.,15_04_Comunic_Recibidas/2018/CI004_GP-8893_070406_CON_2947_EXP_AVALUO.pdf
2285,2,CONCESIÓN ALTO MAGDALENA S.A.S.,ALMA-2018-2661,CONSORCIO 4C,GP-8281,12/07/2018,"Entrega de un (1) expediente predial de la unidad funcional 4 con componente Social, para revisión y aprobación.",15_04_Comunic_Recibidas/2018/CI004_GP-8281_070402_CON_2661_EXP_SOCIAL.pdf
2295,1,CONCESIÓN ALTO MAGDALENA S.A.S.,ALMA-2018-1565,CONSORCIO 4C,GP-7677,20/04/2018,Entrega de un (1) expediente de la Unidad Funcional 2 para revisión en la etapa de expropiación.,15_04_Comunic_Recibidas/2018/CI004_GP-7677_070404_CON_1565_EXP_EXPRO.pdf
2297,1,CONCESIÓN ALTO MAGDALENA S.A.S.,ALMA-2018-3021,CONSORCIO 4C,GP-8469,08/08/2018,Entrega de un (1) expediente predial de la unidad funcional 3 para aprobación de título minero.,15_04_Comunic_Recibidas/2018/CI004_GP-8469_070401_CON_3021_EXP_PREDIAL.pdf
2296,1,CONCESIÓN ALTO MAGDALENA S.A.S.,ALMA-2018-3738,CONSORCIO 4C,GP-8808,26/09/2018,Entrega de un (1) expediente para aprobación de Ficha Predial y Estudio de Títulos.,15_04_Comunic_Recibidas/2018/CI004_GP-8808_070401_CON_3738_EXP_PREDIAL.pdf
2303,1,CONCESIÓN ALTO MAGDALENA S.A.S.,ALMA-2018-0466,CONSORCIO 4C,GP-7103,05/02/2018,Entrega de un (1) expediente para aprobación del Avalúo Comercial Corporativo.,15_04_Comunic_Recibidas/2018/CI004_GP-7103_070401_CON_0466_EXP_AVALUO.pdf
2299,1,CONCESIÓN ALTO MAGDALENA S.A.S.,ALMA-2018-3447,CONSORCIO 4C,GP-8726,04/09/2018,Entrega de (1) expediente predial de la unidad funcional 3 para aprobación de ficha predial.,15_04_Comunic_Recibidas/2018/CI004_GP-8726_070401_CON_3447_EXP_PREDIAL.pdf
2304,2,CONCESIÓN ALTO MAGDALENA S.A.S.,ALMA-2018-4251,CONSORCIO 4C,GP-9134,09/11/2018,Respuesta a su Oficio Nro. CI.004/GP5475/18/7.4.1 relacionado con observaciones al expediente ALMA-2-0157 de la UF 2.,15_04_Comunic_Recibidas/2018/CI004_GP-9134_070401_CON_4251_EXP_PREDIAL.pdf
2300,2,CONCESIÓN ALTO MAGDALENA S.A.S.,ALMA-2018-2608,CONSORCIO 4C,GP-8264,11/07/2018,Obras construidas. Permisos de ocupación de cauce. Unidades Funcionales 2 y 3.,15_04_Comunic_Recibidas/2018/CI004_GP-8264_070108_CON_2608_OCUP_CAUCE_UF2.pdf
2307,6,CONCESIÓN ALTO MAGDALENA S.A.S.,ALMA-2018-4505,CONSORCIO 4C,GP-9373,29/11/2018,Estados Financieros certificados al 30 de septiembre de 2018,15_04_Comunic_Recibidas/2018/CI004_GP-9373_070202_CON_4505_ESTAD_FINAN.pdf
2305,1,CONCESIÓN ALTO MAGDALENA S.A.S.,ALMA-2018-3787,CONSORCIO 4C,GP-8848,01/10/2018,Respuesta a comunicación CI.004/GP5225/18/7.1.8 - Radicado ALMA-R-2018-2957 del 20 de septiembre de 2018. Diseños Intersección el Korán / Lineamientos Resolución 1684 de 2015,15_04_Comunic_Recibidas/2018/CI004_GP-8848_070108_CON_3787_DISÑ_INTER_KORAN.pdf
2302,4,CONCESIÓN ALTO MAGDALENA S.A.S.,ALMA-2018-1450,CONSORCIO 4C,GP-8384,11/04/2018,"Solicitud de ocupación de cauce K129+150, Unidad Funcional 4.2.",15_04_Comunic_Recibidas/2018/CI004_GP-8384_070108_CON_1450_OCUPA_CAUCE_K129.pdf
2306,1,Agencia Nacional de Infraestructura,2018-305-009455-1,CONSORCIO 4C,GP-7504,26/03/2018,Oficio radicado ANI 2018-409-022155-2 de 02/03/2018. Seguimiento Obra Condiciones losa puente sobre Río Magdalena UF1. Proyecto Girardot - Honda - Puerto Salgar. Contrato de Concesión 003 de 2014 - Concesión Alto Magdalena S.A.S.,15_04_Comunic_Recibidas/2018/CI004_GP-7504_070103_ANI_009455-1_LOSA_PTE_UF1.pdf
2301,1,CONCESIÓN ALTO MAGDALENA S.A.S.,ALMA-2018-2336,CONSORCIO 4C,GP-8105,18/06/2018,"Resolución No. 1082 del 13 de junio de 2018 ""Por el cual se levanta de manera parcial la veda para especies de la flora silvestre y se toman otras determinaciones"".",15_04_Comunic_Recibidas/2018/CI004_GP-8105_070108_CON_2336_LEVANTA_VEDA.pdf
2312,1,Agencia Nacional de Infraestructura,2018-305-020581-1,CONSORCIO 4C,GP-8223,04/07/2018,Solicitud de Aclaración rad. 20184090630302 aprobación Hojas de Vida lnterventoría Consorcio 4C Reemplazo Abogado Especialista en Derecho Administrativo. Proyecto Girardot Honda Puerto Salgar. Contrato 003 de 2014.,15_04_Comunic_Recibidas/2018/CI004_GP-8223_020200_ANI_020581-1_HV_INTERV_ABOG.pdf
2308,4,AGENCIA NACIONAL DE INFRAESTRUCTURA,2018-305-036405-1,CONSORCIO 4C,GP-9063,31/10/2018,Respuesta a oficio con radicado ANI No. 201840901005132 del 27/09/2018 - No Objeción Plazo de cura otras obligaciones del proyecto - Estudio y Análisis completo de colas (según estudio de tránsito actualizado) de vehículos en el denominado Peaje de Brisas - Contrato de Concesión No 003 de 2014 - Girardot - Honda - Puerto Salgar.,15_04_Comunic_Recibidas/2018/CI004_GP-9063_050300_ANI_036405-1_CURA_COLAS.pdf
2311,1,CONCESIÓN ALTO MAGDALENA S.A.S.,ALMA-2018-1036,CONSORCIO 4C,GP-7925,06/03/2018,"Entrega de un (01) expediente predial de la Unidad Funcional 5.1, para aprobación de insumos prediales.",15_04_Comunic_Recibidas/2018/CI004_GP-7925_070401_CON_1036_EXP_PREDIAL.pdf
2310,11,CONCESIÓN ALTO MAGDALENA S.A.S.,ALMA-2018-4140,CONSORCIO 4C,GP-9012,29/10/2018,Respuesta comunicación CI.004/GP5435/18/5.3 (Radicado interno ALMA-R-2018-3310 del 24 de octubre de 2018.) Reunión ANI 08/10/2018 - Nivel de Servicio O5.,15_04_Comunic_Recibidas/2018/CI004_GP-9012_050300_CON_4140_NIVEL_SERV_O5.pdf
2309,1,CONCESIÓN ALTO MAGDALENA S.A.S.,ALMA-2018-0804,CONSORCIO 4C,GP-7229,21/02/2018,Respuesta a su comunicación CI.004/GP3752/18/7.4.1 de fecha 17 de enero de 2018. Entrega de un (1) expediente para aprobación del Avalúo Comercial Corporativo.,15_04_Comunic_Recibidas/2018/CI004_GP-7229_070401_CON_0804_EXP_AVALUO.pdf
2314,3,CONCESIÓN ALTO MAGDALENA S.A.S.,ALMA-2018-2898,CONSORCIO 4C,GP-8471,30/07/2018,"Entrega soportes pagos de seguridad social mes de mayo de 2018 y Pago de Salarios mes de abril de 2018, e ingreso de personal.",15_04_Comunic_Recibidas/2018/CI004_GP-8471_070110_CON_2898_PAG_SEGYSAL_MAY_ABR.pdf
2313,8,CONCESIÓN ALTO MAGDALENA S.A.S.,ALMA-2018-3751,CONSORCIO 4C,GP-8790,26/09/2018,Informe semanal Avance Gestión Predial Unidad Funcional 4 - Evento Eximente de Responsabilidad.,15_04_Comunic_Recibidas/2018/CI004_GP-8790_070401_CON_3751_INF_PREDIAL_UF4_EER.pdf
2315,5,CONCESIÓN ALTO MAGDALENA S.A.S.,ALMA-2018-0622,CONSORCIO 4C,GP-7177,07/02/2018,Respuesta a su comunicación CI.004/GP3743/18/7.1.10 del 16 de enero de 2018 (Rad. Interno ALMA-R-2018-0194) Seguimiento condiciones de seguridad UF 3 Semana 154.,15_04_Comunic_Recibidas/2018/CI004_GP-7177_070110_CON_0622_COND_SEG_UF3.pdf
2316,7,CONCESIÓN ALTO MAGDALENA S.A.S.,ALMA-2018-1873,CONSORCIO 4C,GP-7833,11/05/2018,Su comunicación CI.004/GP4222/18/7.1.3 - Radicado ALMA-R-2018-1164 del 10 de abril de 2018 - Deficiencias Puente Peatonal Nariño,15_04_Comunic_Recibidas/2018/CI004_GP-7833_070103_CON_1873_DEFIC_PTE_NARIÑO.pdf
2317,1,CONCESIÓN ALTO MAGDALENA S.A.S.,ALMA-2018-2107,CONSORCIO 4C,GP-7994,28/05/2018,"Respuesta al oficio CI.004/GP4341/18/7.4.1 de fecha 25 de abril de 2018, (Rad. Interno ALMA-R-2018-1363 de fecha 26 de abril de 2018); Entrega de dos (2) expedientes para aprobación del Concepto de Titulo Minero.",15_04_Comunic_Recibidas/2018/CI004_GP-7994_070401_CON_2107_EXP_PREDIAL.pdf
2319,2,CONCESIÓN ALTO MAGDALENA S.A.S.,ALMA-2018-0890,CONSORCIO 4C,GP-7290,26/02/2018,Entrega de expedientes prediales de la unidad funcional 3 para revisión del componente Social.,15_04_Comunic_Recibidas/2018/CI004_GP-7290_070402_CON_0890_EXP_SCIAL.pdf
2323,2,CONCESIÓN ALTO MAGDALENA S.A.S.,ALMA-2018-2842,CONSORCIO 4C,GP-8401,25/07/2018,Cambios de diseño de obras de drenaje UF3 Alcance CI.004/GP1226/16/7.1.8.,15_04_Comunic_Recibidas/2018/CI004_GP-8401_070108_CON_2842_DISEÑ_OBRAS_DRENAJ_UF3.pdf
2318,1,CONCESIÓN ALTO MAGDALENA S.A.S.,ALMA-2018-0110,CONSORCIO 4C,GP-6902,11/01/2018,Entrega de un (01) expediente predial de la Unidad Funcional 2 para aprobación.,15_04_Comunic_Recibidas/2018/CI004_GP-6902_070401_CON_0110_EXPD_PRDAL_UF2.pdf
2321,6,CONCESIÓN ALTO MAGDALENA S.A.S.,ALMA-2018-2689,CONSORCIO 4C,GP-8311,16/07/2018,Respuesta comunicado Interventoría Cl.004/GP4374/18/7.3.5 Radicado ALMA-R-2018-1437. (GP7741) – Índices de Cumplimiento febrero de 2018.,15_04_Comunic_Recibidas/2018/CI004_GP-8311_070303_CON_2689_INDIC_CUMPLI_FEB.pdf
2320,1,CONCESIÓN ALTO MAGDALENA S.A.S.,ALMA-2018-2586,CONSORCIO 4C,GP-8226,05/07/2018,Entrega de un (1) expediente para aprobación del Avalúo Comercial Corporativo.,15_04_Comunic_Recibidas/2018/CI004_GP-8226_070406_CON_2586_EXP_AVALUO.pdf
2322,1,CONCESIÓN ALTO MAGDALENA S.A.S.,ALMA-2018-1631,CONSORCIO 4C,GP-7734,24/04/2018,"Respuesta a su comunicación, CI.004/GP4308/18/7.4.6 del 20 de Abril de 2018 (Rad. Interno ALMA-R-2018-1311), Entrega de un (1) expedientes prediales de la unidad funcional 3, para aprobación de Avalúo comercial corporativo.",15_04_Comunic_Recibidas/2018/CI004_GP-7734_070406_CON_1631_EXP_AVALUO.pdf
2324,1,CONCESIÓN ALTO MAGDALENA S.A.S.,ALMA-2018-4652,CONSORCIO 4C,GP-9417,07/12/2018,"Entrega expediente predial ALMA-3-0063, para revisión y aprobación de componente social.",15_04_Comunic_Recibidas/2018/CI004_GP-9417_070402_CON_4652_EXP_SOCIAL.pdf
2325,1,CONCESIÓN ALTO MAGDALENA S.A.S.,ALMA-2018-0111,CONSORCIO 4C,GP-6926,10/01/2018,Respuesta comunicación con RADICACION: 20171211997-2-000,15_04_Comunic_Recibidas/2018/CI004_GP-6926_070108_CON_0111_RTA_RAD_20171211997-2-000.pdf
2326,1,CONCESIÓN ALTO MAGDALENA S.A.S.,ALMA-2018-1025,CONSORCIO 4C,GP-7367,05/03/2018,"Entrega de un (1) expediente predial de la unidad funcional 3, para aprobación de ficha predial.",15_04_Comunic_Recibidas/2018/CI004_GP-7367_070401_CON_1025_EXP_PREDIAL.pdf
2329,2,CONCESIÓN ALTO MAGDALENA S.A.S.,ALMA-2018-0470,CONSORCIO 4C,GP-7068,31/01/2018,Entrega Informes Anuales 2017,15_04_Comunic_Recibidas/2018/CI004_GP-7068_070500_CON_0470_INFO_ANUAL16.pdf
2328,1,CONCESIÓN ALTO MAGDALENA S.A.S.,ALMA-2018-1570,CONSORCIO 4C,GP-7681,20/04/2018,Entrega de un (1) expediente de la Unidad Funcional 2 para revisión en la etapa de expropiación.,15_04_Comunic_Recibidas/2018/CI004_GP-7681_070404_CON_1570_EXP_EXPRO.pdf
2330,6,CONCESIÓN ALTO MAGDALENA S.A.S.,ALMA-2018-2625,CONSORCIO 4C,GP-8304,12/07/2018,Respuesta Comunicado Cl.004/GP4746/18/7.5.3 (Radicado interno ALMA-R-2018-2125 del 29 de junio de 2018). Solicitud anexos EER Hallazgo arqueológico K130+720 UF 5.1.,15_04_Comunic_Recibidas/2018/CI004_GP-8304_050300_CON_2625_EER_ARQUEO_K130+720.pdf
2327,2,CONCESIÓN ALTO MAGDALENA S.A.S.,ALMA-2018-4185,CONSORCIO 4C,GP-9066,31/10/2018,Respuesta comunicaciones CI.004/GP4661/18/7.1.1 – ALMA-R-2018-1962 del 16 de junio de 2018. Predios Glorieta Puerto Bogotá,15_04_Comunic_Recibidas/2018/CI004_GP-9066_070101_CON_4185_PREDIOS_PTO_BGTA.pdf
2333,1,CONCESIÓN ALTO MAGDALENA S.A.S.,ALMA-2018-3951,CONSORCIO 4C,GP-8928,10/10/2018,"Respuesta a su comunicación, CI.004/GP5307/18/7.4.1 del 21 de Septiembre de 2018 (Rad. Interno ALMA-R-2018-2236, Entrega de (1) expediente predial ALMA-3-0115 para aprobación de ficha predial.",15_04_Comunic_Recibidas/2018/CI004_GP-8928_070401_CON_3951_EXP_PREDIAL.pdf
2335,2,CONCESIÓN ALTO MAGDALENA S.A.S.,ALMA-2018-4255,CONSORCIO 4C,GP-9118,13/11/2018,"Respuesta a su derecho de petición, identificado como PQR-UF5-2018-0537 del 23 de octubre de 2018.",15_04_Comunic_Recibidas/2018/CI004_GP-9118_070109_CON_4255_DP_JSANCHEZ.pdf
2339,6,AGENCIA NACIONAL DE INFRAESTRUCTURA,20183050255721,CONSORCIO 4C,GP-8492,09/08/2018,Estado Adquisición predial y recuperación espacio público UF 5,15_04_Comunic_Recibidas/2018/CI004_GP-8492_070109_ANI_025572-1_ESTAD_ADQUISI_PREDIAL.pdf
2331,1,CONCESIÓN ALTO MAGDALENA S.A.S.,ALMA-2018-3607,CONSORCIO 4C,GP-8759,17/09/2018,Respuesta a su comunicación CI.004/GP5018/18/9.3 del 22 de agosto de 2018 (Radicado ALMA-R-2018-2626 del 22 de agosto de 2018). - Informe Pendientes Especificaciones Técnicas UF4 Plazo 180 días.,15_04_Comunic_Recibidas/2018/CI004_GP-8759_090300_CON_3607_INF_PDTES_UF4.pdf
2332,2,CONCESIÓN ALTO MAGDALENA S.A.S.,ALMA-2018-4273,CONSORCIO 4C,GP-9161,14/11/2018,Respuesta comunicación CI.004/GP5020/18/7.1.3 del 22 de agosto de 2018 (Radicado ALMA-R-2018-2629). Inconsistencias durante la construcción del tablero sobre la estructura metálica del Puente Guarinó,15_04_Comunic_Recibidas/2018/CI004_GP-9161_070103_CON_4273_TABLER_PTE_GUARINO.pdf
2336,1,CONCESIÓN ALTO MAGDALENA S.A.S.,ALMA-2018-0528,CONSORCIO 4C,GP-7166,01/02/2018,Entrega de un (1) expediente para aprobación del Avalúo Comercial Corporativo de la unidad funcional 3.,15_04_Comunic_Recibidas/2018/CI004_GP-7166_070401_CON_0528_EXP_AVALUO_UF3.pdf
2337,1,CONCESIÓN ALTO MAGDALENA S.A.S.,ALMA-2018-0127,CONSORCIO 4C,GP-6967,11/01/2018,"Respuesta a su comunicación, CI.004/GP3671/18/7.4.1 del 4 de Enero de 2018 (Rad. Interno ALMA-R-2018-0038), Entrega de un (1) expediente predial de la unidad funcional 3 para aprobación de ficha predial.",15_04_Comunic_Recibidas/2018/CI004_GP-6967_070401_CON_0127_EXP_PREDIAL.pdf
2340,1,CONCESION ALTO MAGDALENA S.A.S.,ALMA-2018-0724,CONSORCIO 4C,GP-7330,13/02/2018,"Respuesta a su Oficio No. Cl.004/GP3839/18/7.4.4, relacionado con la entrega de un (1) expediente de la Unidad Funcional 3 para revisión en la etapa de expropiación.",15_04_Comunic_Recibidas/2018/CI004_GP-7330_070404_CON_0724_EXP_EXPRO.pdf
2338,2,CONCESIÓN ALTO MAGDALENA S.A.S.,ALMA-2018-2330,CONSORCIO 4C,GP-8127,14/06/2018,"Respuesta a su comunicación CI.004/GP4473/18/7.4.2 del 19 de mayo de 2018 (Rad. Interno ALMA-R- 2018-1615 del 19 de mayo de 2018), Manejo subcuenta predial-Gestión Socio predial.",15_04_Comunic_Recibidas/2018/CI004_GP-8127_070406-070201_CON_2330_MANEJ_SUBCTA_PREDIAL.pdf
2342,1,CONCESIÓN ALTO MAGDALENA S.A.S.,ALMA-2018-3611,CONSORCIO 4C,GP-8770,17/09/2018,"Respuesta al oficio CI.004/GP5174/18/7.4.1, con fecha 11 de septiembre de 2018 y radicado interno ALMA-R-2018-2879, con fecha 13 de septiembre de 2018.",15_04_Comunic_Recibidas/2018/CI004_GP-8770_070401_CON_3611_EXP_PREDIAL.pdf
2341,1,CONCESIÓN ALTO MAGDALENA S.A.S.,ALMA-2018-1620,CONSORCIO 4C,GP-7693,24/04/2018,Entrega de tres (3) expedientes para aprobación del Avalúo Comercial Corporativo.,15_04_Comunic_Recibidas/2018/CI004_GP-7693_070406_CON_1620_EXP_AVALUO.pdf
2343,2,CONCESIÓN ALTO MAGDALENA S.A.S.,ALMA-2018-0168,CONSORCIO 4C,GP-6934,12/01/2018,Envío Formulario de liquidación y declaración de regalías Cuarto Trimestre Año 2017 - Expediente: Autorización Temporal SAB-09421- “Rivera 2”.,15_04_Comunic_Recibidas/2018/CI004_GP-6934_070108_CON_0168_FOR_REGALIAS.pdf
2345,1,CONCESIÓN ALTO MAGDALENA S.A.S.,ALMA-2018-2538,CONSORCIO 4C,GP-8413,28/06/2018,Informe de Cumplimiento Ambiental N° 2 UF 5.3 - Expediente LAV0068-00-2015,15_04_Comunic_Recibidas/2018/CI004_GP-8413_070108_CON_2538_INF_CUMPLI_AMB.pdf
2346,6,,,CONSORCIO 4C,GP-8517,13/08/2018,PQR - Estancamiento agua box coulvert,15_04_Comunic_Recibidas/2018/CI004_GP-8517_070109_EPADILLA_SINNUMERO_ESTANCA_AGUA.pdf
2344,1,CONCESIÓN ALTO MAGDALENA S.A.S.,ALMA-2018-1367,CONSORCIO 4C,GP-7571,04/04/2018,Respuesta a su comunicación CI.004/GP2898/17/7.1.3 del 30 agosto de 2017 (Radicado ALMA-R-2017-02912) Solicitud Información Personal Equipos.,15_04_Comunic_Recibidas/2018/CI004_GP-7571_070103_CON_1367_INFO_PERSON_EQUI.pdf
2347,1,CONCESIÓN ALTO MAGDALENA S.A.S.,ALMA-2018-3446,CONSORCIO 4C,GP-8725,04/09/2018,Entrega de (1) expediente predial de la unidad funcional 3 para aprobación de ficha predial.,15_04_Comunic_Recibidas/2018/CI004_GP-8725_070401_CON_3446_EXP_PREDIAL.pdf
2351,10,CONCESIÓN ALTO MAGDALENA S.A.S.,ALMA-2018-2936,CONSORCIO 4C,GP-8506,31/07/2018,"Envío Formulario de liquidación y declaración de regalías segundo Trimestre Año 2018. Expediente: Autorización Temporal SCV-09031- ""Caicedo"".",15_04_Comunic_Recibidas/2018/CI004_GP-8506_070108_CON_2936_FOR_REGLIAS_SCV-09031.pdf
2349,1,CONCESIÓN ALTO MAGDALENA S.A.S.,ALMA-2018-2927,CONSORCIO 4C,GP-8889,31/07/2018,"Respuesta comunicación, CI.004/GP4806/18/7.4.6 del 05 Julio de 2018 (Rad. Interno ALMA-R-2018-2242), Entrega de un (1) expediente predial de la unidad funcional 2 para aprobación de Avalúo comercial corporativo.",15_04_Comunic_Recibidas/2018/CI004_GP-8889_070406_CON_2927_EXP_AVALUO.pdf
2334,3,CONCESIÓN ALTO MAGDALENA S.A.S.,ALMA-2018-1448,CONSORCIO 4C,GP-7625,12/04/2018,"Preserrtac\on de los formatos estalllec°lllo lll ll l l ll l il 111 ALMl\-2018-1448 REFERENCIA: Contrato de Concesión bajo esquema APP N° 003-2014 - ""Financiación, construcción, rehabilitación, mejoramiento, operación y mantenimiento del Corredor Honda - Puerto Salgar - Girardot, de acuerdo con el Apéndice Técnico 1 y demás apéndices del Contrato"". ASUNTO: Presentación de los formatos establecidos en el Numeral 4.5 Literal (u) Parte general del Contrato.",15_04_Comunic_Recibidas/2018/CI004_GP-7625_070200_CON_1448_FOR_GCSP-F001_MAR.pdf
2352,2,CONCESIÓN ALTO MAGDALENA S.A.S.,ALMA-2018-0861,CONSORCIO 4C,GP-7284,22/02/2018,Su comunicación CI.004/GP3815/17/7.1.3 - Radicado ALMA -R-2018-0400 del 31 de enero de 2018. Revisión Diseño Marshall Mezcla MSC-19 UF-1-UF2.,15_04_Comunic_Recibidas/2018/CI004_GP-7284_070103_CON_0861_DISEÑ_MSC19_UF1_2.pdf
2348,4,CONCESIÓN ALTO MAGDALENA S.A.S.,ALMA-2018-1420,CONSORCIO 4C,GP-7615,10/04/2018,Respuesta a Comunicado Cl.004/GP4089/18/7.1.8 del 20 de marzo de 2018 (Rad. Interno ALMA-R-2018-0932 del 20 de marzo de 2018). Impactos Ambientales Unidad Funcional 1.,15_04_Comunic_Recibidas/2018/CI004_GP-7615_070108_CON_1420_IMPACT_AMB_UF1.pdf
2350,4,CONCESIÓN ALTO MAGDALENA S.A.S.,ALMA-2018-2687,CONSORCIO 4C,GP-8283,13/07/2018,"Alcance al documento de Radicado ANI No. 20184090699062 “Notificación Evento Eximente de Responsabilidad como consecuencia de las graves afectaciones que ha tenido el Proyecto de Concesión Vial, objeto del Contrato No. 003 de 2014”",15_04_Comunic_Recibidas/2018/CI004_GP-8283_050300_CON_2687_EER_AFECT_PROYECT.pdf
2357,1,Agencia Nacional de Infraestructura,20183050329371,CONSORCIO 4C,GP-8861,01/10/2018,"Estado aplicación de Plan de Contingencia al Cronograma de Obras Unidad Funcional 5 – Proyecto Girardot – Honda – Puerto Salgar, Contrato de Concesión 003 de 2014. Alto Magdalena S.A.S.",15_04_Comunic_Recibidas/2018/CI004_GP-8861_070101_ANI_032937-1_PLAN_CONTING_UF5.pdf
2356,10,CONCESIÓN ALTO MAGDALENA S.A.S.,ALMA-2018-3987,CONSORCIO 4C,GP-8950,16/10/2018,Informe semanal Avance Gestión Predial Unidad Funcional 4 - Evento Eximente de Responsabilidad.,15_04_Comunic_Recibidas/2018/CI004_GP-8950_070401_CON_3987_INF_PREDIAL_UF4_EER.pdf
2353,1,CONCESIÓN ALTO MAGDALENA S.A.S.,ALMA-2018-1562,CONSORCIO 4C,GP-7701,19/04/2018,Su comunicación CI.004/GP4105/18/7.1.7 - Radicado ALMA-R-2018-0948 del 20 de marzo de 2018 - Memorias de Cálculo Carros de Avance Puente Nuevo De Puerto Salgar UF 5.4.,15_04_Comunic_Recibidas/2018/CI004_GP-7701_070103_CON_1562_MEMOR_PTE_PSALGAR.pdf
2355,1,CONCESIÓN ALTO MAGDALENA S.A.S.,ALMA-2018-1266,CONSORCIO 4C,GP-7513,23/03/2018,Registros Control Obra Puente Flandes sobre Río Magdalena – Unidad Funcional 1.,15_04_Comunic_Recibidas/2018/CI004_GP-7513_070103_CON_1266_REG_PTE_FLANDES.pdf
2361,1,CONCESIÓN ALTO MAGDALENA S.A.S.,ALMA-2018-1569,CONSORCIO 4C,GP-7680,20/04/2018,Entrega de un (1) expediente de la Unidad Funcional 2 para revisión en la etapa de expropiación.,15_04_Comunic_Recibidas/2018/CI004_GP-7680_070404_CON_1569_EXP_EXPRO.pdf
2354,2,CONCESIÓN ALTO MAGDALENA S.A.S.,ALMA-2018-3123,CONSORCIO 4C,GP-8547,15/08/2018,Reiteración Obligaciones Resolución N° 000374 del 06 de octubre de 2016 que modifica la Resolución No. 0020 del 26 de enero de 2016.,15_04_Comunic_Recibidas/2018/CI004_GP-8547_070108_CON_3123_OBLIG_RESOL_00374.pdf
2360,17,CONCESIÓN ALTO MAGDALENA S.A.S.,ALMA-2018-3778,CONSORCIO 4C,GP-8838,28/09/2018,"Respuesta a comunicado rad. PQRS UF2 2018 385, de fecha 10 de agosto de 2018.",15_04_Comunic_Recibidas/2018/CI004_GP-8838_070401-070109_CON_3778_PQR_PERSO_NARIÑO.pdf
2359,1,CONCESIÓN ALTO MAGDALENA S.A.S.,ALMA-2018-1371,CONSORCIO 4C,GP-7573,05/04/2018,Su comunicación CI.004/GP4175/18/7.1.10 – Radicado ALMA-R-2018-1075 del 03 de abril de 2018 – Información Accidente Izaje Vigas Nuevo Puente Salgar.,15_04_Comunic_Recibidas/2018/CI004_GP-7573_070110_CON_1371_IZAJ_PTE_SALGAR.pdf
2358,1,CONCESIÓN ALTO MAGDALENA S.A.S.,ALMA-2018-2906,CONSORCIO 4C,GP-8430,30/07/2018,Respuesta comunicación CI.004/GP4693/18/7.1.8 del 21 de junio de 2018 (radicado interno ALMA-R-2018-2002). Seguimiento marco normativo Resolución 1082 del 2018 / Levantamiento de veda UF 5.4.,15_04_Comunic_Recibidas/2018/CI004_GP-8430_070108_CON_2906_MARCO_NORMA_RESOL_1082.pdf
2365,1,CONCESIÓN ALTO MAGDALENA S.A.S.,ALMA-2018-0292,CONSORCIO 4C,GP-7066,22/01/2018,Respuesta a su comunicación CI.004/GP3632/17/7.4.1 de fecha 21 de Diciembre de 2017. Entrega de un (1) expediente para aprobación del Avalúo Comercial Corporativo.,15_04_Comunic_Recibidas/2018/CI004_GP-7066_070401_CON_0292_EXP_AVALUO.pdf
2364,1,CONCESIÓN ALTO MAGDALENA S.A.S.,ALMA-2018-1308,CONSORCIO 4C,GP-7525,27/03/2018,Alcance Registros Control Obra Puente Flandes sobre Río Magdalena – Unidad Funcional 1.,15_04_Comunic_Recibidas/2018/CI004_GP-7525_070103_CON_1308_REG_PTE_FLANDES.pdf
2367,1,CONCESIÓN ALTO MAGDALENA S.A.S.,ALMA-2018-0504,CONSORCIO 4C,GP-7118,02/02/2018,Protocolos Pruebas de Carga Puentes Unidad Funcional 3.,15_04_Comunic_Recibidas/2018/CI004_GP-7118_070103_CON_0504_PROTOCO_PTES_UF3.pdf
2366,1,CONCESIÓN ALTO MAGDALENA S.A.S.,ALMA-2018-0986,CONSORCIO 4C,GP-7423,05/03/2018,Entrega de un (1) expediente de la Unidad Funcional 3 para revisión en la etapa de expropiación.,15_04_Comunic_Recibidas/2018/CI004_GP-7423_070404_CON_0986_EXP_EXPRO.pdf
2362,1,CONCESIÓN ALTO MAGDALENA S.A.S.,ALMA-2018-2211,CONSORCIO 4C,GP-8080,05/06/2018,"Respuesta a su comunicación, Cl.004/GP4464/18/7.4.6 del 21 Mayo de 2018 (Rad. Interno ALMA-R-2018-1606), Entrega de un (1) expedientes predial de la unidad funcional 3 para aprobación de Avalúo comercial corporativo.",15_04_Comunic_Recibidas/2018/CI004_GP-8080_070406_CON_2211_EXP_AVALUO.pdf
2370,1,AGENCIA NACIONAL DE INFRAESTRUCTURA,2018-304-030765-1,CONSORCIO 4C,GP-8746,17/09/2018,Radicado ANI No. 20184090931962 del 11 de septiembre de 2018. Solicitud de Concepto de viabilidad técnica para ubicación de Estación de Servicio Balcones de la Ceiba S.A.S– Resolución 1361 de 2012. . Proyecto vial Girardot – Honda – Puerto Salgar. Al contestar cite por favor el expediente No. 20183040121100030E,15_04_Comunic_Recibidas/2018/CI004_GP-8746_070114_ANI_030765-1_CONCEP_EDS_LA_CEIBA.pdf
2363,1,CONCESIÓN ALTO MAGDALENA S.A.S.,ALMA-2018-0922,CONSORCIO 4C,GP-7320,28/02/2018,"Respuesta a su comunicación CI.004/GP3801/18/7.1.9 Radicado interno ALMA-R-2018-0381, Informe Responsabilidad Social y Ambiental",15_04_Comunic_Recibidas/2018/CI004_GP-7320_070109_CON_0922_INF_RESP_SYA.pdf
2373,2,CONCESIÓN ALTO MAGDALENA S.A.S.,ALMA-2018-1670,CONSORCIO 4C,GP-7726,24/04/2018,Su comunicación CI.004/GP4259/18/7.1.3 – Radicado ALMA-R-2018-1210 del 13 de abril de 2018. Terminación Construcción Estación de Peaje Cambao.,15_04_Comunic_Recibidas/2018/CI004_GP-7726_070103_CON_1670_TERMI_PEAJE_CAMBAO.pdf
2368,2,CONCESIÓN ALTO MAGDALENA S.A.S.,ALMA-2018-1064,CONSORCIO 4C,GP-7391,08/03/2018,Socializacion avance de actividades de obra. Etapa de Construcción del Corredor Vial Honda - Puerto Salgar - Girardot.,15_04_Comunic_Recibidas/2018/CI004_GP-7391_070109_CON_1064_SOCIAL_ETAP_CONSTRUC.pdf
2371,1,CONCESIÓN ALTO MAGDALENA S.A.S.,ALMA-2018-4528,CONSORCIO 4C,GP-9295,29/11/2018,Respuesta a su comunicación CI.004/GP2898/17/7.1.3 del 30 agosto de 2017 (Radicado ALMA-R-2017-02912) Solicitud Información Personal Equipos.,15_04_Comunic_Recibidas/2018/CI004_GP-9295_070103_CON_4528_INFO_PSONAL_EQUIP.pdf
2369,3,CONCESIÓN ALTO MAGDALENA S.A.S.,ALMA-2018-1142,CONSORCIO 4C,GP-7446,14/03/2018,Su Comunicación CI.004/GP2419/17/7.1.7 – Radicado ALMA -R-2017 -01824 del 02 de junio De 2017. Diseño Geotécnico Muro K10+750 de la UF2 Respuesta comunicación ALMA-2017-1813.,15_04_Comunic_Recibidas/2018/CI004_GP-7446_070107_CON_1142_DISÑ_MURO_UF2.pdf
2372,10,CONCESIÓN ALTO MAGDALENA S.A.S.,ALMA-2018-3944,CONSORCIO 4C,GP-8935,10/10/2018,Entrega de 245 Actas de Vecindad para validación y firma,15_04_Comunic_Recibidas/2018/CI004_GP-8935_070109_CON_3944_ACTAS_VECINDAD.pdf
2374,11,CONCESIÓN ALTO MAGDALENA S.A.S.,ALMA-2018-3379,CONSORCIO 4C,GP-8608,29/08/2018,"Alcance comunicación ANI20184090784242, Evento Eximente de Responsabilidad, Paso Urbano de Guataqui.",15_04_Comunic_Recibidas/2018/CI004_GP-8608_050300_CON_3379_EER_GUATAQUI.pdf
2375,1,CONCESIÓN ALTO MAGDALENA S.A.S.,ALMA-2017-5175,CONSORCIO 4C,GP-6896,11/12/2017,Entrega de un (1) expediente de la Unidad Funcional 4 para revisión en la etapa de expropiación.,15_04_Comunic_Recibidas/2018/CI004_GP-6896_070404_CON_5175_EXPEDIENTE_UF4_EXPROPIACION.pdf
2377,1,CONCESIÓN ALTO MAGDALENA S.A.S.,ALMA-2018-0645,CONSORCIO 4C,GP-7201,07/02/2018,"Entrega de dos (2) expedientes prediales de la unidad funcional 3, para aprobación de ficha predial (Título Minero).",15_04_Comunic_Recibidas/2018/CI004_GP-7201_070401_CON_0645_EXP_TITU_MINERO.pdf
2376,1,CONCESIÓN ALTO MAGDALENA S.A.S.,ALMA-2018-2805,CONSORCIO 4C,GP-8346,26/07/2018,Entrega de la Sabana Predial y Tira topográfica.,15_04_Comunic_Recibidas/2018/CI004_GP-8346_070401_CON_2805_SABAN_PREDIAL.pdf
2379,2,CONCESIÓN ALTO MAGDALENA S.A.S.,ALMA-2018-4787,CONSORCIO 4C,GP-9418,27/12/2018,"Entrega de resultados, Encuesta Anual de Evaluación del Impacto de la Estrategia de Medios.",15_04_Comunic_Recibidas/2018/CI004_GP-9418_070109_CON_4787_RESULT_ENCUEST_ANUAL.pdf
2378,4,CONCESIÓN ALTO MAGDALENA S.A.S.,ALMA-2018-4778,CONSORCIO 4C,GP-9430,27/12/2018,Seguimiento Compromisos Comité Predial noviembre 2018. Soporte factura registro predio ALMA-4-0059-1 Y ALMA-4-0032.,15_04_Comunic_Recibidas/2018/CI004_GP-9430_070401_CON_4778_COMPRO_COMITE_PREDIAL.pdf
2381,1,CONCESIÓN ALTO MAGDALENA S.A.S.,ALMA-2018-2033,CONSORCIO 4C,GP-7931,25/05/2018,Entrega de un (1) expediente para aprobación del Avalúo Comercial Corporativo.,15_04_Comunic_Recibidas/2018/CI004_GP-7931_070406_CON_2033_EXP_AVALUO.pdf
2382,13,CONCESIÓN ALTO MAGDALENA S.A.S.,ALMA-2018-1614,CONSORCIO 4C,GP-7739,24/04/2018,"Notificación Evento Eximente de Responsabilidad como consecuencia de la no entrega oportuna de la carpeta correspondiente al predio antes ALMA-4-0021, (expediente predial), con la respectiva Resolución de Expropiación, para iniciar los trámites de expropiación judicial dentro de los tiempos estipulados por la Ley.",15_04_Comunic_Recibidas/2018/CI004_GP-7739_050300_CON_1614_EER_PREDIO_ALMA-4-0021.pdf
2383,2,CONCESIÓN ALTO MAGDALENA S.A.S.,ALMA-2018-0123,CONSORCIO 4C,GP-6907,11/01/2018,Respuesta a su comunicación CI.004/GP03615/17/7.1.10.4 del 22 de diciembre de 2017 (Rad. Interno ALMA-R-2017-04457) identificado como PQRS UF4 2017 380 - Acciones tomadas frente a agresión física.,15_04_Comunic_Recibidas/2018/CI004_GP-6907_070110_CON_0123_RTA_PQRS_380.pdf
2380,1,CONCESIÓN ALTO MAGDALENA S.A.S.,ALMA-2018-2138,CONSORCIO 4C,GP-8001,31/05/2018,Su comunicación 2018-305-010619-1 fechada el 10 de abril de 2018 - Radicado ALMA-R-2018-1229 del 13 de abril de 2018. Oficio radicado ANI 2018-409-030046-2. Seguimiento Calidad Estación pesaje K9-UF2,15_04_Comunic_Recibidas/2018/CI004_GP-8001_070301_CON_2138_SEG_PESAJE_K9.pdf
2387,4,CONCESIÓN ALTO MAGDALENA S.A.S.,ALMA-2018-4586,CONSORCIO 4C,GP-9340,05/12/2018,GCSP-F-009 Informe Mensual Recaudo de Peajes del mes de Noviembre de 2018,15_04_Comunic_Recibidas/2018/CI004_GP-9340_070202_CON_4586_FOR_GCSP-F009_NOV.pdf
2384,1,CONCESIÓN ALTO MAGDALENA S.A.S.,ALMA-2018-0434,CONSORCIO 4C,GP-7050,29/01/2018,"Respuesta a su comunicación Cl.004/GP3750/18/7.4.1 de fecha 17 de Enero de 2018 (Rad-0204), Entrega de un (1) expediente para aprobación de Avalúo Comercial Corporativo.",15_04_Comunic_Recibidas/2018/CI004_GP-7050_070401_CON_0434_EXP_AVALUO.pdf
2385,3,CONCESIÓN ALTO MAGDALENA S.A.S.,ALMA-2018-1379,CONSORCIO 4C,GP-7584,06/04/2018,Respuesta a su comunicación CI.004/GP4067/18/7.1.10 del 14 marzo de 2018 (Radicado ALMA-R-2018-0875) del 14 de marzo del 2018. Condiciones de seguridad social UF4 Semana 160.,15_04_Comunic_Recibidas/2018/CI004_GP-7584_070110_CON_1379_CONDI_SEG_SCIAL.pdf
2386,1,CONCESIÓN ALTO MAGDALENA S.A.S.,ALMA-2018-2948,CONSORCIO 4C,GP-8894,30/07/2018,Entrega de un (1) expediente para aprobación del Avalúo Comercial Corporativo.,15_04_Comunic_Recibidas/2018/CI004_GP-8894_070406_CON_2948_EXP_AVALUO.pdf
2389,1,CONCESIÓN ALTO MAGDALENA S.A.S.,ALMA-2018-1431,CONSORCIO 4C,GP-8887,11/04/2018,Entrega de un (1) expediente para aprobación del Avalúo Comercial Corporativo de la unidad funcional 3.,15_04_Comunic_Recibidas/2018/CI004_GP-8887_070406_CON_1431_EXP_AVALUO.pdf
2388,2,AGENCIA NACIONAL DE INFRAESTRUCTURA,2018-604-004575-1,CONSORCIO 4C,GP-7217,14/02/2018,"Respuesta a propuesta para predios sujetos a cambio de nomenclatura por cambio de unidad funcional Rad 2017-409-132818-2 del 14/12/2017 - Contrato de Concesión 003 de 2014, Concesión Honda - Girardot - Puerto Salgar.",15_04_Comunic_Recibidas/2018/CI004_GP-7217_070401_ANI_004575-1_NOMENCL_PREDI.pdf
2393,1,CONCESIÓN ALTO MAGDALENA S.A.S.,ALMA-2018-1516,CONSORCIO 4C,GP-7806,16/04/2018,Entrega de un (1) expediente para aprobación del Avalúo Comercial Corporativo.,15_04_Comunic_Recibidas/2018/CI004_GP-7806_070406_CON_1516_EXP_AVALUO.pdf
2397,12,Comisión Nacional del Servicio Civil,20185000455421,CONSORCIO 4C,GP-8577,17/08/2018,Solicitud de información.,15_04_Comunic_Recibidas/2018/CI004_GP-8577_030000_CNSC_045542-1_SCTUD_INFO.pdf
2391,14,Superintendencia de Puertos y Transporte,20187101129061,CONSORCIO 4C,GP-9251,21/11/2018,CVN 31. Concesión Alto Magdalena S.A.S. Solicitud reporte de acciones requerimientos Inspección Nocturna.,15_04_Comunic_Recibidas/2018/CI004_GP-9251_070600_SPT_112906-1_REPORT_INSP_NOCT.pdf
2392,4,CONCESIÓN ALTO MAGDALENA S.A.S.,ALMA-2018-2999,CONSORCIO 4C,GP-8448,06/08/2018,"Solicitud de inspección y custodia de Bienes de Uso Público en el PR 20 + 000, Carril derecho sentido Honda - La Dorada, frente a la Hacienda El Aeropuerto.",15_04_Comunic_Recibidas/2018/CI004_GP-8448_070109_CON_2999_INSP_CUSTODIA_BIENES_PUB.pdf
2398,5,CONCESIÓN ALTO MAGDALENA S.A.S.,ALMA-2018-3615,CONSORCIO 4C,GP-8736,17/09/2018,Informe semanal Avance Gestión Predial Unidad Funcional 4 - Evento Eximente de Responsabilidad.,15_04_Comunic_Recibidas/2018/CI004_GP-8736_070401_CON_3615_INF_PREDIAL_EER_UF4.pdf
2390,1,CONCESIÓN ALTO MAGDALENA S.A.S.,ALMA-2018-3619,CONSORCIO 4C,GP-8818,17/09/2018,"Respuesta a su comunicación CI.004/GP5161/18/7.4.6 de fecha 10 de Septiembre de 2018, Rad- ALMA-R-2018-2859, Entrega de un (1) expediente para aprobación de Avalúo Comercial Corporativo.",15_04_Comunic_Recibidas/2018/CI004_GP-8818_070406_CON_3619_EXP_AVALUO.pdf
2399,4,CONCESIÓN ALTO MAGDALENA S.A.S.,ALMA-2018-4206,CONSORCIO 4C,GP-9083,01/11/2018,"Solicitud Prorroga Autorización Temporal No. SFT-08411. Expediente: Autorización Temporal SFT-08411 – ""La Argentina"".",15_04_Comunic_Recibidas/2018/CI004_GP-9083_070108_CON_4206_AUTO_TEMPO_SFT-08411.pdf
2396,3,CONCESIÓN ALTO MAGDALENA S.A.S.,ALMA-2018-2902,CONSORCIO 4C,GP-8427,30/07/2018,Respuesta a Comunicado CI.004/GP4737/18/7.1.8 del 28 de junio de 2018 (Radicado interno ALMA-R-2018-2092 del 28 de junio de 2018). Impactos cruces cuerpos de agua UF 5.4.,15_04_Comunic_Recibidas/2018/CI004_GP-8427_070108_CON_2902_IMPAC_CRUCES_AGUA_UF5.4.pdf
2395,1,CONCESIÓN ALTO MAGDALENA S.A.S.,ALMA-2018-1089,CONSORCIO 4C,GP-7406,12/03/2018,"Remisión Acta de Cálculo de Compensación Especial de las Unidades Funcionales 1 y 2, y Acta de Cálculo de Retribución de la Unidad Funcional 4, suscritas por la Concesión Alto Magdalena S.A.S. y la Interventoría Consorcio 4C.",15_04_Comunic_Recibidas/2018/CI004_GP-7406_060200_CON_1089_ACTAS_CALCULO_UF1_2_4.pdf
2400,1,CONCESIÓN ALTO MAGDALENA S.A.S.,ALMA-2018-1840,CONSORCIO 4C,GP-7797,10/05/2018,Estructura de Pavimento Rígido Peaje Guataquí - UF3. Alcance ALMA-2018-1725.,15_04_Comunic_Recibidas/2018/CI004_GP-7797_070107_CON_1840_PAVI_PEAJE_GUATAQUI.pdf
2394,1,CONCESIÓN ALTO MAGDALENA S.A.S.,ALMA-2018-1972,CONSORCIO 4C,GP-7869,18/05/2018,Su comunicación CI.004/GP4390/18/7.1.7 - Radicado ALMA-R-2018-1476 del 08 de mayo de 2018. Cambio Pilotes Puente Guarinó de UF5.,15_04_Comunic_Recibidas/2018/CI004_GP-7869_070107_CON_1972_PILOT_PTE_GUARINO.pdf
2405,3,CONCESIÓN ALTO MAGDALENA S.A.S.,ALMA-2018-3308,CONSORCIO 4C,GP-8603,23/08/2018,Comunicación CI.004/GP4862/18/7.1.1. - Radicado ALMA-R-2018-2335 del 24 de julio de 2018. Seguimiento Plan de Obras – Área de Servicio.,15_04_Comunic_Recibidas/2018/CI004_GP-8603_070101_CON_3308_SEGUI_AREA_SERV.pdf
2403,1,CONCESIÓN ALTO MAGDALENA S.A.S.,ALMA-2018-2900,CONSORCIO 4C,GP-8412,30/07/2018,Respuesta comunicación CI.004/GP4510/18/7.1.9 del 28 de mayo de 2018 (Rad. Interno ALMA-R-2018-1693) - Entrega relación de traslados temporales de unidades sociales.,15_04_Comunic_Recibidas/2018/CI004_GP-8412_070402-070109_CON_2900_TRASL_TEMP_UNID_SCIAL.pdf
2402,5,CONCESIONARIA SAN RAFAEL S.A.,GIC-BG-2018-0146,CONSORCIO 4C,GP-7067,30/01/2018,"Respuesta al oficio C.1082/GC4114/18/7.1.11, recibido con radicado el 23 de enero de 2018 – Observaciones PMT- ALMA",15_04_Comunic_Recibidas/2018/CI004_GP-7067_070111_SRAFAEL_0146_OBS_PMT_ALMA.pdf
2404,2,CONCESIÓN ALTO MAGDALENA S.A.S.,ALMA-2018-1480,CONSORCIO 4C,GP-7633,13/04/2018,Sus comunicaciones CI.004/GP4081/18/7.1.3 – Radicado ALMA-R-2018-0888 del 15 de marzo de 2018. Procesos Constructivos Box Culvert UF 5.4 y CI.004/GP4073/18/7.1.3 – Radicado ALMA-R-2018-0881 del 14 de marzo de 2018. Seguimiento Calidad Procesos Constructivos Alcantarillas UF 5.4,15_04_Comunic_Recibidas/2018/CI004_GP-7633_070103_CON_1480_CALI_ALCAN_UF5.4.pdf
2401,6,Agencia Nacional de Infraestructura,20183050274461,CONSORCIO 4C,GP-8585,23/08/2018,Respuesta a petición del día 10 de julio de 2018.,15_04_Comunic_Recibidas/2018/CI004_GP-8585_070109_ANI_027446-1_DP_WPEDROZA.pdf
2406,1,Fiduciaria Bogotá,CSSA2018012571,CONSORCIO 4C,GP-7735,24/04/2018,INFORME MES DE MARZO DE 2018 3-1-63664 FIDEICOMISO PA ALTO MAGDALENA,15_04_Comunic_Recibidas/2018/CI004_GP-7735_070202_FBTA_012571_INF_MAR_18.pdf
2409,3,CONCESIÓN ALTO MAGDALENA S.A.S.,ALMA-2018-2607,CONSORCIO 4C,GP-8263,11/07/2018,Obras construidas. Permisos de ocupación de cauce. Unidad Funcional 3.,15_04_Comunic_Recibidas/2018/CI004_GP-8263_070108_CON_2607_OCUP_CAUCE_UF3.pdf
2410,1,CONCESIÓN ALTO MAGDALENA S.A.S.,ALMA-2018-1649,CONSORCIO 4C,GP-7973,25/04/2018,"Respuesta a su comunicación, Cl.004/GP4096/18/7.4.1 del 16 de Marzo de 2018 (Rad. Interno ALMA-R-2018-0939), Entrega de un (1) expediente predial de la unidad funcional 3 para aprobación de ficha predial.",15_04_Comunic_Recibidas/2018/CI004_GP-7973_070401_CON_1649_EXP_PREDIAL.pdf
2407,2,CONCESIÓN ALTO MAGDALENA S.A.S.,ALMA-2018-2326,CONSORCIO 4C,GP-8054,13/06/2018,Comunicaciones CI.004/GP4153/18/7.1.1 – Radicado ALMA-R-2018-1039 del 28 de marzo de 2018 y CI.004/GP4575/18/7.1.1 – Radicado ALMA-R-2018-1824 del 05 de junio de 2018. Seguimiento al Plan de Obras Manifestación de Atraso Actividades Constructivas UF 5.,15_04_Comunic_Recibidas/2018/CI004_GP-8054_070101_CON_2326_SEGUI_ATRAS_ACTIV.pdf
2414,1,CONCESIÓN ALTO MAGDALENA S.A.S.,ALMA-2018-1512,CONSORCIO 4C,GP-7648,16/04/2018,"Modlncaclon Supereslruc!ura Puente P13G lll ll l l ALMA-2018-1512 REFERENCIA: Contrato de Concesión bajo esquema APP N° 003-2014 - ""Financiación, construcción, rehabilitación, mejoramiento, operación y mantenimiento del Corredor Honda - Puerto Salgar- Girardot, de acuerdo con el Apéndice Técnico 1 y demás apéndices del Contrato"". ASUNTO: Modificación Superestructura Puente P13G - Unidad Funcional 3.",15_04_Comunic_Recibidas/2018/CI004_GP-7648_070103_CON_1512_PTE_P13G_UF3.pdf
2412,1,CONCESIÓN ALTO MAGDALENA S.A.S.,ALMA-2018-0206,CONSORCIO 4C,GP-6958,17/01/2018,Respuesta a su comunicación Cl.004/GP3690/18/7.4.1 de fecha 05 de enero de 2018. Entrega de tres (3) expedientes para aprobación del Avalúo Comercial Corporativo.,15_04_Comunic_Recibidas/2018/CI004_GP-6958_070401_CON_0206_EXP_AVALUO.pdf
2413,1,AGENCIA NACIONAL DE INFRAESTRUCTURA,2018-305-023274-1,CONSORCIO 4C,GP-8363,26/07/2018,"Oficios con radicados ANI 20184090722922 y 20184090722892. Saneamiento del incumplimiento relacionado con la certificación de los pagos realizados derivados de la adquisición de predios, contemplada en el literal (c) de la Sección 8.3 del Apéndice Técnico 7 del Contrato de Concesión y Saneamiento del incumplimiento relacionado con la actualización de la Sabana Predial en todos y cada uno de los ítems que la componen, contemplada en el literal (a) de la Sección 5.12 del apéndice técnico 7 del Contratos de Concesión. Proyecto Girardot - Honda - Puerto Salgar. Contrato de Concesión 003 de 2014 - Concesión Alto Magdalena S.A.S.",15_04_Comunic_Recibidas/2018/CI004_GP-8363_050300_ANI_023274-1_SANEA_SABAN_PREDIAL.pdf
2411,2,CONCESIÓN ALTO MAGDALENA S.A.S.,ALMA-2018-2683,CONSORCIO 4C,GP-8325,13/07/2018,Entrega de tres (3) expedientes prediales UF2 para revisión de componente social.,15_04_Comunic_Recibidas/2018/CI004_GP-8325_070402_CON_2683_EXP_SOCIAL.pdf
2408,1,CONCESIÓN ALTO MAGDALENA S.A.S.,ALMA-2018-1767,CONSORCIO 4C,GP-7748,03/05/2018,Respuesta a su comunicación CI.004/GP4308/18/7.4.6 de fecha 20 de Abril de 2018. Entrega de un (1) expediente para aprobación del Avalúo Comercial Corporativo.,15_04_Comunic_Recibidas/2018/CI004_GP-7748_070406_CON_1767_EXP_AVALUO.pdf
2415,1,CONCESIÓN ALTO MAGDALENA S.A.S.,ALMA-2018-1481,CONSORCIO 4C,GP-7634,13/04/2018,Estudio Geotécnico K130+640 – K131+480 Unidad Funcional 5.1 – Su comunicación CI.004/GP2019/17/7.0.0 – Radicado ALMA-R-2017-00921 del 17 de marzo de 2017 – Actividades en tramo Taludes de Corte en Puerto Bogotá.,15_04_Comunic_Recibidas/2018/CI004_GP-7634_070107_CON_1481_TALUD_PTO_BGTA.pdf
2416,1,CONCESIÓN ALTO MAGDALENA S.A.S.,ALMA-2018-0863,CONSORCIO 4C,GP-7714,22/02/2018,Respuesta a su comunicación CI.004/GP3929/18/7.4.1 del 19 de febrero de 2018. (Rad. Interno ALMA-R-2018-0631). Entrega de un expediente predial de la unidad funcional 5 para aprobación.,15_04_Comunic_Recibidas/2018/CI004_GP-7714_070401_CON_0863_EXP_PREDIAL.pdf
2420,1,CONCESIÓN ALTO MAGDALENA S.A.S.,ALMA-2018-3775,CONSORCIO 4C,GP-8846,28/09/2018,Respuesta a su comunicación CI.004/GP3702/18/7.1.7 - Radicado ALMA-R-2018-0100 del 10 de enero de 2018. Implantación Puente Peatonal Guataquí UF3.,15_04_Comunic_Recibidas/2018/CI004_GP-8846_070107_CON_3775_IMPLANT_PTE_PEATON_UF3.pdf
2418,2,CONCESIÓN ALTO MAGDALENA S.A.S.,ALMA-2018-1045,CONSORCIO 4C,GP-7377,06/03/2018,"Remitir copia autentica de la Resolución 317 del 22 de febrero de 2018, ""Por medio de la cual se modifica la Resolución N° 1876 del 16 de noviembre de 2016 proferida por el Vicepresidente de Planeación, Riesgos y Entorno de la Agencia nacional de Infraestructura, con el fin de efectuar un ajuste de franja de terreno del proyecto vial Girardot- Honda- Puerto Salgar, en cumplimiento del Artículo 58 literal e) de la Ley 388 de 1997referente a la declaratoria de utilidad pública e interés social"", para su conocimiento.",15_04_Comunic_Recibidas/2018/CI004_GP-7377_050300_CON_1045_RESOL_N°317.pdf
2419,1,CONCESIÓN ALTO MAGDALENA S.A.S.,ALMA-2018-2758,CONSORCIO 4C,GP-8375,23/07/2018,Comunicación 2018-305-017991-1 (13-06-2018) – Radicado ALMA-R-2018-1979 (20-06-2018). Oficio radicado ANI 20184090560852. Seguimiento concepto de afectación PTAP K31+900 – UF2.,15_04_Comunic_Recibidas/2018/CI004_GP-8375_070107_CON_2758_AFECTA_PTAP_K31.pdf
2417,1,CONCESIÓN ALTO MAGDALENA S.A.S.,ALMA-2018-0757,CONSORCIO 4C,GP-7216,15/02/2018,"Respuesta a su Oficio No. CI.004/GP3882/18/7.4.4, relacionado con la entrega de un (1) expediente de la Unidad Funcional 2 para revisión en la etapa de expropiación.",15_04_Comunic_Recibidas/2018/CI004_GP-7216_070401_CON_0757_EXP_UF2_EXPRO.pdf
2423,2,CONCESIÓN ALTO MAGDALENA S.A.S.,ALMA-2018-2587,CONSORCIO 4C,GP-8245,05/07/2018,Respuesta a sus comunicaciones: CI.004/GP3381/17/7.1.7-7.1.8 del 07 de noviembre de 2017 (Rad. Interno ALMA-R-2017-03922 del 07 de noviembre de 2017). Revisión Ocupación de Cauce Box K82+415 UF3 Comunicación ALMA-2017-1539 y CI.004/GP3387/17/7.1.7-7.1.8 del 08 de noviembre de 2017 (Rad. Interno ALMA-R-2017-03930 del 08 de noviembre de 2017). Desistimiento del Box K42+566 REV 1 – UF 3 Respuesta ALMA-2017-1273.,15_04_Comunic_Recibidas/2018/CI004_GP-8245_070107-070108_CON_2587_OCUP_CAUCE_UF3.pdf
2421,2,CONCESIÓN ALTO MAGDALENA S.A.S.,ALMA-2018-4187,CONSORCIO 4C,GP-9075,31/10/2018,Soporte de pago por concepto de visita de seguimiento del expediente LAV0068-00-2015,15_04_Comunic_Recibidas/2018/CI004_GP-9075_070108_CON_4187_SOPORT_PAG_VISITA.pdf
2422,1,AGENCIA NACIONAL DE INFRAESTRUCTURA,2018-603-019886-1,CONSORCIO 4C,GP-8154,26/06/2018,"Contrato de Concesión No. 003 de 2014 Honda - Girardot - Puerto Salgar. Comunicaciones con Rad. ANI No. 20184090536872 y 20184090579722 - Solicitud Interventoría, anexos presunto Evento Eximente de Responsabilidad por hallazgo arqueológico UF 5.1.",15_04_Comunic_Recibidas/2018/CI004_GP-8154_050300_ANI_019886-1_EER_HALLAZG_UF5.1.pdf
2424,2,CONCESIÓN ALTO MAGDALENA S.A.S.,ALMA-2018-4400,CONSORCIO 4C,GP-9226,20/11/2018,Cumplimiento literal Q del numeral 1 del artículo quinto de la Resolución 1685 de 2015. Expediente LAV0063-00-2015.,15_04_Comunic_Recibidas/2018/CI004_GP-9226_070108_CON_4400_ART_5_RESOL_1685.pdf
2428,3,CONCESIÓN ALTO MAGDALENA S.A.S.,ALMA-2018-0261,CONSORCIO 4C,GP-7032,18/01/2018,"Comunicaciones CI.004/GP3735/18/9.3 UF1, CI.004/GP3736/18/9.3 UF 2 y CI.004/GP3737/18/9.3, de la Interventoría Consorcio 4C (Con radicados ANI 2018-409-003250-2, 2018-409-003247-2 y 2018-409-003244-2 y radicados ALMA 2018-0178, ALMA 2018-0179 y ALMA-2018-0187, del 16 de enero de 2018, respectivamente). Remisión de los Informes de la Interventoría sobre Terminación de la Etapa Preoperativa de las Unidades Funcionales 1,2 y 4.",15_04_Comunic_Recibidas/2018/CI004_GP-7032_050300_CON_0261_INF_TERMIN_UF1_2_4.pdf
2425,5,CONCESIÓN ALTO MAGDALENA S.A.S.,ALMA-2018-3144,CONSORCIO 4C,GP-8550,15/08/2018,"Recurso de reposición contra la Resolución número 2018 – 1537 del 27 de junio de 2018, notificada el 31 de julio de 2018.",15_04_Comunic_Recibidas/2018/CI004_GP-8550_070108_CON_3144_REPOSI_RESOL_1537.pdf
2427,2,AGENCIA NACIONAL DE INFRAESTRUCTURA,2018-305-010489-1,CONSORCIO 4C,GP-7579,09/04/2018,Respuesta al oficio con radicado ANI No. 20184090266182 del 15 de marzo 2018 - No Objeción Plazo de cura Presunto Incumplimiento Estados Financieros - Contrato de Concesión No 003 de 2014 - Girardot - Honda - Puerto Salgar.,15_04_Comunic_Recibidas/2018/CI004_GP-7579_050300_ANI_010489-1_PLAZO_CURA_FINANC.pdf
2429,3,CONCESIÓN ALTO MAGDALENA S.A.S.,ALMA-2017-5199,CONSORCIO 4C,GP-6851,12/12/2017,Respuesta a su comunicación CI.004/GP3497/17/7.1.10 del 30 de noviembre de 2017 (Rad. Interno ALMA-R-2017-04180) Condiciones Trabajo Espacio Confinado UF3.,15_04_Comunic_Recibidas/2018/CI004_GP-6851_070110_CON_5199_ESPAC_CONFINAD_UF3.pdf
2426,6,CONCESIÓN ALTO MAGDALENA S.A.S.,ALMA-2018-2508,CONSORCIO 4C,GP-8164,27/06/2018,Cierre a los compromisos de PQRS UF3-2018-204 de fecha de 16 marzo de 2018. Información del proceso de adquisición predial e inventario de Especies.,15_04_Comunic_Recibidas/2018/CI004_GP-8164_070402_CON_2508_CIERRE_PQR_SPEREIRA.pdf
2430,1,CONCESIÓN ALTO MAGDALENA S.A.S.,ALMA-2017-4710,CONSORCIO 4C,GP-7484,26/03/2017,Respuesta a su comunicación CI.004/GP3265/17/7.4.1 (ALMA-R-2017-03623) del 13 de octubre de 2017. Entrega de siete (07) expedientes prediales finales de la Unidad Funcional 2.,15_04_Comunic_Recibidas/2018/CI004_GP-7484_070401_CON_4710_EXP_FINAL.pdf
2431,3,CONCESIÓN ALTO MAGDALENA S.A.S.,ALMA-2018-1127,CONSORCIO 4C,GP-7730,14/03/2018,"Entrega de soportes de los correspondientes Pagos de Seguridad Social para el mes de enero de 2018 y Pago de Salarios del mes de diciembre de 2017, e ingreso de personal.",15_04_Comunic_Recibidas/2018/CI004_GP-7730_070110_CON_1127_PAGYSAL_ENE_DIC.pdf
2432,1,CONCESIÓN ALTO MAGDALENA S.A.S.,ALMA-2018-0154,CONSORCIO 4C,GP-6995,12/01/2018,"Respuesta a su comunicación, CI.004/GP3633/17/7.4.1 del 26 de Diciembre de 2017 (Rad. Interno ALMA-R-2017-4492), Entrega de un (1) expediente predial de la unidad funcional 3 para aprobación de ficha predial.",15_04_Comunic_Recibidas/2018/CI004_GP-6995_070401_CON_0154_EXP_PREDIAL.pdf
2434,2,CONCESIÓN ALTO MAGDALENA S.A.S.,ALMA-2018-4149,CONSORCIO 4C,GP-9021,29/10/2018,Respuesta nueva reclamación de la petición identificada con el consecutivo interno PQRS-UF2-2017-0143 del 02 de octubre de 2018.,15_04_Comunic_Recibidas/2018/CI004_GP-9021_070401-070109_CON_4149_DP_SFIGUEROA.pdf
2437,1,CONCESIÓN ALTO MAGDALENA S.A.S.,ALMA-2018-1942,CONSORCIO 4C,GP-7863,18/05/2018,PMT Cierre Temporal de Vía del Km 5+000 y el Km 7+000 de la Ruta 4509 en la Unidad Funcional 4.,15_04_Comunic_Recibidas/2018/CI004_GP-7863_070111_CON_1942_PMT_CIERRE_TEMPO_UF4.pdf
2436,1,CONCESIÓN ALTO MAGDALENA S.A.S.,ALMA-2018-2542,CONSORCIO 4C,GP-8250,28/06/2018,"Entrega de un (1) expediente predial de la unidad funcional 4 con componente Social, para revisión y aprobación.",15_04_Comunic_Recibidas/2018/CI004_GP-8250_070406_CON_2542_EXP_SOCIAL.pdf
2433,16,CONCESIÓN ALTO MAGDALENA S.A.S.,ALMA-2018-4444,CONSORCIO 4C,GP-9222,22/11/2018,"Adjunto Resolución VSC No 001161 del 9 de noviembre de 2018, ""Por medio de la cual se resuelve una solicitud de prórroga de la Autorización Temporal SCV-09031 y se toma otras determinaciones"".",15_04_Comunic_Recibidas/2018/CI004_GP-9222_070108_CON_4444_RESOL_VSC_001161.pdf
2435,1,CONCESIÓN ALTO MAGDALENA S.A.S.,ALMA-2018-1168,CONSORCIO 4C,GP-7449,14/03/2018,Entrega de expediente predial de la unidad funcional 3 para revisión del componente Social.,15_04_Comunic_Recibidas/2018/CI004_GP-7449_070402_CON_1168_EXP_SCIAL.pdf
2440,1,CONCESIÓN ALTO MAGDALENA S.A.S.,ALMA-2018-0522,CONSORCIO 4C,GP-7151,02/02/2018,Entrega de un (1) expediente para aprobación del Avalúo Comercial Corporativo de la unidad funcional 3.,15_04_Comunic_Recibidas/2018/CI004_GP-7151_070401_CON_0522_EXP_AVALUO.pdf
2439,1,CONCESIÓN ALTO MAGDALENA S.A.S.,ALMA-2018-0112,CONSORCIO 4C,GP-6914,10/01/2018,"Respuesta al Comunicado Cl.004/GP3465/17/7.1.8 del 22 de noviembre del 2017 con radicado interno (ALMA-R-2017-04089 del 23 de noviembre de 2017), Observaciones Informe Trimestral 12 Respuesta ALMA -2017-4671",15_04_Comunic_Recibidas/2018/CI004_GP-6914_070108_CON_0112_OBS_INFOR_TRIMESTRAL_12.pdf
2441,1,CONCESIÓN ALTO MAGDALENA S.A.S.,ALMA-2018-3794,CONSORCIO 4C,GP-8870,01/10/2018,"Respuesta a los oficios: CI.004/GP5174/18/7.4.1 radicado interno ALMA-R-2018-2879 (13/09/2018) y CI.004/GP5160/18/7.4.1 radicado interno ALMA-R-2018-2856 (11/09/2018), predio ALMA-5-0264.",15_04_Comunic_Recibidas/2018/CI004_GP-8870_070401_CON_3794_EXP_PREDIAL.pdf
2445,5,CONCESIÓN ALTO MAGDALENA S.A.S.,ALMA-2018-3145,CONSORCIO 4C,GP-8552,15/08/2018,"Recurso de reposición contra la Resolución número 2018 – 1536 del 27 de junio de 2018, notificada el 31 de julio de 2018.",15_04_Comunic_Recibidas/2018/CI004_GP-8552_070108_CON_3145_REPOSI_RESOL_1536.pdf
2442,2,CONCESIÓN ALTO MAGDALENA S.A.S.,ALMA-2018-1057,CONSORCIO 4C,GP-7387,05/03/2018,"Remitir Copia Autentica de la Resolucion 317 del 22 de febrero de 2018, ""Por medio de la cual se modifica la Resolución N° 1876 del 16 de noviembre de 2016 proferida por el Vicepresidente de Planeación, Riesgos y Entorno de la Agencia nacional de Infraestructura, con el fin de efectuar un ajuste de franja de terreno del proyecto vial Girardot- Honda- Puerto Salgar, en cumplimiento del Artículo 58 literal e) de la Ley 388 de 1997referente a la declaratoria de utilidad pública e interés social"", para su conocimiento.",15_04_Comunic_Recibidas/2018/CI004_GP-7387_050300_CON_1057_RESOL_N°317.pdf
2443,1,CONCESIÓN ALTO MAGDALENA S.A.S.,ALMA-2018-0474,CONSORCIO 4C,GP-7145,30/01/2018,Entrega de expedientes prediales de la unidad funcional 3 para revisión del componente Social.,15_04_Comunic_Recibidas/2018/CI004_GP-7145_070402_CON_0474_EXP_SCIAL_UF3.pdf
2446,3,CONCESIÓN ALTO MAGDALENA S.A.S.,ALMA-2018-1177,CONSORCIO 4C,GP-7478,14/03/2018,Respuesta a comunicado CI .004/GP3940/18/7.1.9 del 21 de febrero de 208 radicado interno ALMA- 2018-0646 identificado como PQRS UF4 2018 302 -. Cumplimiento a compromisos Sra. Sandra Patiño.,15_04_Comunic_Recibidas/2018/CI004_GP-7478_070109_CON_1177_PQRS_SPATIÑO.pdf
2495,2,AGENCIA NACIONAL DE INFRAESTRUCTURA,2018-305-033478-1,CONSORCIO 4C,GP-8878,05/10/2018,"Remisión comunicación S-2018-014094-DITRA-TELEM-3.1 de fecha 19 de septiembre de 2018 - Proyecto Girardot - Honda - Puerto Salgar, Contrato de Concesión 003 de 2014. Alto Magdalena S.A.S.",15_04_Comunic_Recibidas/2018/CI004_GP-8878_070303_ANI_033478-1_CAMARA_VIGILANCIA.pdf
2494,1,CONCESIÓN ALTO MAGDALENA S.A.S.,ALMA-2018-4184,CONSORCIO 4C,GP-9056,01/11/2018,Entrega de la Sabana Predial y Tira topográfica.,15_04_Comunic_Recibidas/2018/CI004_GP-9056_070401_CON_4184_SABANA_PREDIAL.pdf
2493,1,CONCESIÓN ALTO MAGDALENA S.A.S.,ALMA-2018-0953,CONSORCIO 4C,GP-7301,28/02/2018,"Respuesta a su comunicación, CI.004/GP3805/18/7.4.1 del 30 de Enero de 2018 (Rad. Interno ALMA-R-2018-0384), Entrega de un (1) expediente predial de la unidad funcional 3 para aprobación de ficha predial.",15_04_Comunic_Recibidas/2018/CI004_GP-7301_070401_CON_0953_EXP_PREDIAL.pdf
2496,1,CONCESIÓN ALTO MAGDALENA S.A.S.,ALMA-2018-0862,CONSORCIO 4C,GP-7272,22/02/2018,Respuesta a su comunicación CI.004/GP3938/18/7.4.1 del 20 de febrero de 2018. (Rad. Interno ALMA-2018-0637). Entrega de un expediente predial de la unidad funcional 5 para aprobación.,15_04_Comunic_Recibidas/2018/CI004_GP-7272_070401_CON_0862_EXP_PREDIAL.pdf
2497,1,CONCESIÓN ALTO MAGDALENA S.A.S.,ALMA-2018-1571,CONSORCIO 4C,GP-7682,20/04/2018,Entrega de un (1) expediente de la Unidad Funcional 2 para revisión en la etapa de expropiación.,15_04_Comunic_Recibidas/2018/CI004_GP-7682_070404_CON_1571_EXP_EXPRO.pdf
2499,4,CONCESIÓN ALTO MAGDALENA S.A.S.,ALMA-2018-0791,CONSORCIO 4C,GP-7245,19/02/2018,Su comunicación CI.004/GP/3377/17/7.1.3 – Radicado ALMA-R-2017-03919 del 07 de noviembre de 2017 – Observaciones Terminación Obras Puentes UF4.,15_04_Comunic_Recibidas/2018/CI004_GP-7245_070103_CON_0791_OBS_PTES_UF4.pdf
2501,1,CONCESIÓN ALTO MAGDALENA S.A.S.,ALMA-2018-0985,CONSORCIO 4C,GP-8524,05/03/2018,Respuesta a su Oficio No. CI.004/GP3839/18/7.4.4 relacionado con la entrega de un (1) expediente de la Unidad Funcional 3 para revisión en la etapa de expropiación.,15_04_Comunic_Recibidas/2018/CI004_GP-8524_070404_CON_0985_EXP_EXPRO.pdf
2498,2,CONCESIÓN ALTO MAGDALENA S.A.S.,ALMA-2018-3133,CONSORCIO 4C,GP-8548,13/08/2018,"Estado de cuentas por concepto de Visita de Control y Seguimiento Expediente LAV0063-00-2015, Expediente LAV0004-00-2016 y Expediente LAV0068-00-2015",15_04_Comunic_Recibidas/2018/CI004_GP-8548_070108_CON_3133_OTORG_LICE_AMB.pdf
2500,5,CONCESIÓN ALTO MAGDALENA S.A.S.,ALMA-2018-3761,CONSORCIO 4C,GP-8800,26/09/2018,Necesidad de aclaración al Otrosí 7 del Contrato de Concesión No.03 de 2014,15_04_Comunic_Recibidas/2018/CI004_GP-8800_050200_CON_3761_ACLAR_OTROSI_7.pdf
2504,1,CONCESIÓN ALTO MAGDALENA S.A.S.,ALMA-2018-0083,CONSORCIO 4C,GP-6998,05/01/2018,Entrega de un (1) expediente predial de la unidad funcional 2 para revisión del componente Social.,15_04_Comunic_Recibidas/2018/CI004_GP-6998_070402_CON_0083_EXP_SCIAL.pdf
2502,21,CONCESIÓN ALTO MAGDALENA S.A.S.,ALMA-2018-2236,CONSORCIO 4C,GP-8129,08/06/2018,Respuesta a requerimiento con radicado ANI 2018-606-015061-1 del 17 de mayo de 2018.,15_04_Comunic_Recibidas/2018/CI004_GP-8129_070401-070109_CON_2236_PAG_PREDIO_MPATIÑO.pdf
2503,2,CONCESIÓN ALTO MAGDALENA S.A.S.,ALMA-2018-1324,CONSORCIO 4C,GP-7546,02/04/2018,Respuesta Auto GSC ZC No 000148 del 22 de febrero de 2018. Expediente: Autorización Temporal QBN-15031.,15_04_Comunic_Recibidas/2018/CI004_GP-7546_070108_CON_1324_RTA_AUTO_GSC_ZC148.pdf
2505,1,CONCESIÓN ALTO MAGDALENA S.A.S.,ALMA-2018-1816,CONSORCIO 4C,GP-7808,07/05/2018,Entrega de un (1) expediente para aprobación del Avalúo Comercial Corporativo.,15_04_Comunic_Recibidas/2018/CI004_GP-7808_070406_CON_1816_EXP_AVALUO.pdf
2507,1,CONCESIÓN ALTO MAGDALENA S.A.S.,ALMA-2018-0527,CONSORCIO 4C,GP-7165,02/02/2018,Entrega de un (1) expediente para aprobación del Avalúo Comercial Corporativo de la unidad funcional 3.,15_04_Comunic_Recibidas/2018/CI004_GP-7165_070401_CON_0527_EXP_AVALUO_UF3.pdf
2508,2,CONCESIÓN ALTO MAGDALENA S.A.S.,ALMA-2018-0935,CONSORCIO 4C,GP-7344,02/03/2018,Entrega de expedientes prediales de la Unidad Funcional 2 para revisión del componente Social.,15_04_Comunic_Recibidas/2018/CI004_GP-7344_070402_CON_0935_EXP_SCIAL.pdf
2511,1,CONCESIÓN ALTO MAGDALENA S.A.S.,ALMA-2018-0749,CONSORCIO 4C,GP-7357,16/02/2018,"Respuesta a su comunicación CI.004/GP3880/18/7.4.1 de fecha 09 de Febrero de 2018 (Rad-0546), Entrega de un (1) expedientes para aprobación de Avalúo Comercial Corporativo.",15_04_Comunic_Recibidas/2018/CI004_GP-7357_070401_CON_0749_EXP_AVALUO.pdf
2510,3,CONCESIÓN ALTO MAGDALENA S.A.S.,ALMA-2018-2934,CONSORCIO 4C,GP-8504,31/07/2018,"Envío Formularios de liquidación y declaración de regalías Segundo Trimestre Año 2018. Expediente: Autorización Temporal SAV-08571 - ""Lote Oriental 2"".",15_04_Comunic_Recibidas/2018/CI004_GP-8504_070108_CON_2934_FOR_REGLIAS_SAV-08571.pdf
2509,1,CONCESIÓN ALTO MAGDALENA S.A.S.,ALMA-2018-4380,CONSORCIO 4C,GP-9392,19/11/2018,Informe de Cumplimiento Ambiental N°3. Expediente N° LAV0068-00-2015.,15_04_Comunic_Recibidas/2018/CI004_GP-9392_070108_CON_4380_INF_CUMPLI_AMB_N°3.pdf
2512,1,Agencia Nacional de Infraestructura,2018-305-043267-1,CONSORCIO 4C,GP-9414,26/12/2018,Remisión Derecho de Petición Amanda Lucia Jiménez Sanz- Contrato de Concesión No 003 de 2014. Concesión Girardot - Honda - Puerto Salgar.,15_04_Comunic_Recibidas/2018/CI004_GP-9414_070109_ANI_043267-1_DP_AJIMENEZ.pdf
2518,35,CONCESIÓN ALTO MAGDALENA S.A.S.,ALMA-2018-1912,CONSORCIO 4C,GP-7861,17/05/2018,Su comunicación CI.004/GP4402/18/7.1.1 recibida el 15 de mayo de 2018. (Radicado Interno ALMA-R-2018-1520)– Revisión plan de obras V6R2.,15_04_Comunic_Recibidas/2018/CI004_GP-7861_070101_CON_1912_PLAN_OBRAS_V6R3.pdf
2517,1,CONCESIÓN ALTO MAGDALENA S.A.S.,ALMA-2018-1726,CONSORCIO 4C,GP-7756,30/04/2018,Concepto Talud Eje 14 Puente Puerto Salgar sobre Río Magdalena UF 5.4.,15_04_Comunic_Recibidas/2018/CI004_GP-7756_070107_CON_1726_TALUD_PTE_SALGAR.pdf
2514,1,CONCESIÓN ALTO MAGDALENA S.A.S.,ALMA-2018-3362,CONSORCIO 4C,GP-8663,28/08/2018,Informe de Cumplimiento Ambiental No. 4. Expediente N° LAV0063-00-2015,15_04_Comunic_Recibidas/2018/CI004_GP-8663_070108_CON_3362_INF_CUMPLI_AMB_N°4.pdf
2519,1,CONCESIÓN ALTO MAGDALENA S.A.S.,ALMA-2018-4618,CONSORCIO 4C,GP-9353,06/12/2018,Entrega de documentos para izaje de vigas en los puentes 6 y 7 UF 5.2,15_04_Comunic_Recibidas/2018/CI004_GP-9353_070110_CON_4618_IZAJ_VIGAS_PTES_UF5.2.pdf
2516,1,CONCESIÓN ALTO MAGDALENA S.A.S.,ALMA-2018-4386,CONSORCIO 4C,GP-9194,19/11/2018,Respuesta comunicación CI.004/GP4006/18/7.1.7 del 08 de marzo de 2018 (Radicado ALMA-R-2018-0797). Revisión Barrera Trafico Nuevo Puente Puerto Salgar UF5.4,15_04_Comunic_Recibidas/2018/CI004_GP-9194_070107_CON_4386_TRAFICO_NUEV_PTE_SALGAR.pdf
2506,2,CONCESIÓN ALTO MAGDALENA S.A.S.,ALMA-2018-2461,CONSORCIO 4C,GP-8179,26/06/2018,"Respuesta a sus comunicaciones Cl.004/GP1475/16/7.1.3 del 20 de noviembre de 2016, Cl.004/GP1494/16/7.1.7 del 24 de noviembre de 2016, Cl.004/GP1619/16/7.1.8 del 17 de diciembre de 2016. (Rad. Interno ALMA-R-2016-0003087 del 21 de noviembre de 2016, ALMA-R-2016-0003128 del 24 de noviembre de 2016, ALMA-R-2016-0003436 de 19 de diciembre de 2016). Revisión de modificaciones a diseños hidráulicos de las Unidades Funcionales 2, 3 y 4.",15_04_Comunic_Recibidas/2018/CI004_GP-8179_070108-070107_CON_2461_DISEÑ_HIDRAU_UF2.pdf
2520,1,CONCESIÓN ALTO MAGDALENA S.A.S.,ALMA-2018-4418,CONSORCIO 4C,GP-9190,20/11/2018,Entrega del expediente ALMA-2-0098-1 para aprobación del Avalúo Comercial Corporativo.,15_04_Comunic_Recibidas/2018/CI004_GP-9190_070406_CON_4418_EXP_AVALUO.pdf
2513,1,CONCESIÓN ALTO MAGDALENA S.A.S.,ALMA-2018-0312,CONSORCIO 4C,GP-7370,23/01/2018,Entrega de un (1) expediente de la Unidad Funcional 2 para revisión en la etapa de expropiación.,15_04_Comunic_Recibidas/2018/CI004_GP-7370_070404_CON_0312_EXP_EXPRO.pdf
2524,2,CONCESIÓN ALTO MAGDALENA S.A.S.,ALMA-2018-1428,CONSORCIO 4C,GP-7595,11/04/2018,Respuesta a su Oficio No. CI.004/GP4136/18/7.4.4 relacionado con la entrega de un (1) expediente de la Unidad Funcional 3 para revisión en la etapa de expropiación.,15_04_Comunic_Recibidas/2018/CI004_GP-7595_070404_CON_1428_EXP_EXPRO.pdf
2515,2,CONCESIÓN ALTO MAGDALENA S.A.S.,ALMA-2018-1056,CONSORCIO 4C,GP-7386,06/03/2018,"Remitir copia autentica de la Resolución 317 del 22 de febrero de 2018, “Por medio de la cual se modifica la Resolución N° 1876 del 16 de noviembre de 2016 proferida por el Vicepresidente de Planeación, Riesgos y Entorno de la Agencia nacional de Infraestructura, con el fin de efectuar un ajuste de franja de terreno del proyecto vial Girardot- Honda- Puerto Salgar, en cumplimiento del Artículo 58 literal e) de la Ley 388 de 1997referente a la declaratoria de utilidad pública e interés social”, para su conocimiento.",15_04_Comunic_Recibidas/2018/CI004_GP-7386_050300_CON_1056_RESOL_N°317.pdf
2525,5,AGENCIA NACIONAL DE INFRAESTRUCTURA,20183050254031,CONSORCIO 4C,GP-8491,08/08/2018,Requerimiento - Seguimiento Calidad de Procesos Constructivos Losa Aproximación Puente K3+400 - UF 5.4,15_04_Comunic_Recibidas/2018/CI004_GP-8491_070103_ANI_025403-1_SEGUI_LOSA_PTE_K3.pdf
2523,3,CONCESIÓN ALTO MAGDALENA S.A.S.,ALMA-2018-4057,CONSORCIO 4C,GP-8993,22/10/2018,Respuesta al comunicado CI.004/GP5224/18/7.1.8 del 20 de septiembre de 2018 (Radicado interno ALMA-R-2018-2956). Seguimiento y control Resolución 355 de 2016 Permiso de Ocupación de Cauce Quebrada Burras.,15_04_Comunic_Recibidas/2018/CI004_GP-8993_070108_CON_4057_OCUP_CAUCE_QBURRAS.pdf
2526,2,CONCESIÓN ALTO MAGDALENA S.A.S.,ALMA-2018-1043,CONSORCIO 4C,GP-7375,06/03/2018,"Remitir copia autentica de la Resolución 317 del 22 de febrero de 2018, ""Por medio de la cual se modifica la Resolución N° 1876 del 16 de noviembre de 2016 proferida por el Vicepresidente de Planeación, Riesgos y Entorno de la Agencia nacional de Infraestructura, con el fin de efectuar un ajuste de franja de terreno del proyecto vial Girardot- Honda- Puerto Salgar, en cumplimiento del Artículo 58 literal e) de la Ley 388 de 1997referente a la declaratoria de utilidad pública e interés social"", para su conocimiento.",15_04_Comunic_Recibidas/2018/CI004_GP-7375_050300_CON_1043_RESOL_N°317.pdf
2528,1,CONCESIÓN ALTO MAGDALENA S.A.S.,ALMA-2018-0508,CONSORCIO 4C,GP-7121,02/02/2018,Documentos y Registros - Puente Guarinó UF5.,15_04_Comunic_Recibidas/2018/CI004_GP-7121_070103_CON_0508_REGIST_PTE_GUARINO.pdf
2522,1,CONCESIÓN ALTO MAGDALENA S.A.S.,ALMA-2018-0895,CONSORCIO 4C,GP-7286,26/02/2018,"Respuesta a su comunicación CI.004/GP3465/17/7.1.8 Radicado interno ALMA-R-2017-04089, Observaciones Informe Trimestral Socio Ambiental 12",15_04_Comunic_Recibidas/2018/CI004_GP-7286_070109_CON_0895_OBS_INF_TRIME12.pdf
2521,1,CONCESIÓN ALTO MAGDALENA S.A.S.,ALMA-2018-2534,CONSORCIO 4C,GP-8234,28/06/2018,Respuesta al comunicado CI.004/GP4487/18/7.1.8 del 23 de mayo del 2018 (Rad. interno ALMA-R-2018-1662 del 24 de mayo de 2018). Respuesta ALMA-2018-1845 / Observaciones Informe Trimestral Socio Ambiental 14.,15_04_Comunic_Recibidas/2018/CI004_GP-8234_070108_CON_2534_OBS_INF_TRIMES_N14.pdf
2530,1,CONCESIÓN ALTO MAGDALENA S.A.S.,ALMA-2018-1893,CONSORCIO 4C,GP-7857,16/05/2018,Su comunicación CI.004/GP4370/18/7.1.3 - Radicado ALMA-R-2018-1434 del 04 de mayo de 2018. Seguimiento Calidad Procesos Constructivos e Informe Pavimentos Unidad Funcional 5.,15_04_Comunic_Recibidas/2018/CI004_GP-7857_070107_CON_1893_SEGUI_PAVI_UF5.pdf
2532,1,CONCESIÓN ALTO MAGDALENA S.A.S.,ALMA-2018-2055,CONSORCIO 4C,GP-7943,28/05/2018,Su Comunicación CI.004/GP4469/18/7.1.2 - Radicado ALMA -R-2018 -1611 del 21 de mayo de 2018. Incumplimiento compromisos del Concesionario - Reunión de calidad 09 de abril de 2018.,15_04_Comunic_Recibidas/2018/CI004_GP-7943_070102_CON_2055_COMPRO_REUNION_CALID.pdf
2531,5,CONCESIÓN ALTO MAGDALENA S.A.S.,ALMA-2018-4668,CONSORCIO 4C,GP-9350,12/12/2018,Respuesta comunicación CI.004/GP5596/18/5.3 - Radicado ALMA-R-2018-3603 del 21 de noviembre de 2018 – “Cumplimiento Faja de Exclusión UF2-UF3-UF5.1.,15_04_Comunic_Recibidas/2018/CI004_GP-9350_050300-070401_CON_4668_FAJA_EXCLUS.pdf
2535,1,CONCESIÓN ALTO MAGDALENA S.A.S.,ALMA-2018-0045,CONSORCIO 4C,GP-6893,04/01/2018,Entrega de un (1) expediente para aprobación del Avalúo comercial Corporativo,15_04_Comunic_Recibidas/2018/CI004_GP-6893_070401_CON_0045_EXP_AVALUO.pdf
2533,1,CONCESIÓN ALTO MAGDALENA S.A.S.,ALMA-2018-1803,CONSORCIO 4C,GP-7811,07/05/2018,Respuesta a su comunicación CI.004/GP4308/18/7.4.6 de fecha 20 de Abril de 2018. Entrega de un (1) expediente para aprobación de Avalúo Comercial Corporativo.,15_04_Comunic_Recibidas/2018/CI004_GP-7811_070406_CON_1803_EXP_AVALUO.pdf
2536,1,CONCESIÓN ALTO MAGDALENA S.A.S.,ALMA-2018-1370,CONSORCIO 4C,GP-7572,05/04/2018,Su comunicación CI.004/GP4036/18/7.1.7 – Radicado ALMA-R-2018-0843 del 13 de marzo de 2018 – Ajuste Diseño Geométrico Glorieta Costado Oriental – UF5.1.,15_04_Comunic_Recibidas/2018/CI004_GP-7572_070107_CON_1370_DISÑ_GLORIE_UF5.1.pdf
2527,2,CONCESIÓN ALTO MAGDALENA S.A.S.,ALMA-2018-2595,CONSORCIO 4C,GP-8279,09/07/2018,"Respuesta a su comunicación, CI.004/GP4655/18/7.4.1 del 14 de junio de 2018 (Rad. Interno ALMA-R-2018-1946), Entrega de tres (3) expedientes prediales de la unidad funcional 3 para aprobación de Actualización de Estudio de titulos.",15_04_Comunic_Recibidas/2018/CI004_GP-8279_070401_CON_2595_EXP_PREDIAL.pdf
2534,1,CONCESIÓN ALTO MAGDALENA S.A.S.,ALMA-2018-4642,CONSORCIO 4C,GP-9309,07/12/2018,"Entrega Indicadores Apéndice Técnico 4 – E3: Fisuras y E10: Drenajes superficiales, longitudinal y transversal; Unidad Funcional 3.",15_04_Comunic_Recibidas/2018/CI004_GP-9309_070303_CON_4642_INDICA_APT4_UF3.pdf
2529,1,CONCESIÓN ALTO MAGDALENA S.A.S.,ALMA-2018-3838,CONSORCIO 4C,GP-8875,04/10/2018,"Entrega de expedientes ALMA-5-0267, ALMA-5-0268, ALMA-5-0269, ALMA-5-0270, ALMA-5-0271, ALMA-5-0272, ALMA-5-0044, ALMA-5-0049, ALMA-5-0056, ALMA-5-0057 Y ALMA-5-0048",15_04_Comunic_Recibidas/2018/CI004_GP-8875_070401_CON_3838_EXP_PREDIAL.pdf
2541,1,CONCESIÓN ALTO MAGDALENA S.A.S.,ALMA-2018-4581,CONSORCIO 4C,GP-9276,04/12/2018,Comunicación CI.004/GP5227/18/7.4.1 - Radicado ALMA-R-2018-2959 del 20 de septiembre de 2018. Tiempos muertos - Gestión Predial.,15_04_Comunic_Recibidas/2018/CI004_GP-9276_070401_CON_4581_TIEMPOS_MUERTOS.pdf
2540,4,AGENCIA NACIONAL DE INFRAESTRUCTURA,2018-305-013196-1,CONSORCIO 4C,GP-7752,02/05/2018,Oficio radicado ANI 2018-409-039658-2. Respuesta a comunicación ALMA_2018_1177 Proyecto Girardot - Honda - Puerto Salgar. Contrato de Concesión 003 de 2014 - Concesión Alto Magdalena S.A.S.,15_04_Comunic_Recibidas/2018/CI004_GP-7752_070109_ANI_013196-1_ACCE_PREDIO_S-ISABEL.pdf
2537,1,CONCESIÓN ALTO MAGDALENA S.A.S.,ALMA-2018-0723,CONSORCIO 4C,GP-7329,13/02/2018,"Respuesta a su Oficio No. CI.004/GP3777/18/7.4.4, relacionado con la entrega de un (1) expediente de la Unidad Funcional 3 para revisión en la etapa de expropiación.",15_04_Comunic_Recibidas/2018/CI004_GP-7329_070404_CON_0723_EXP_EXPRO.pdf
2542,1,AGENCIA NACIONAL DE INFRAESTRUCTURA,2018-305-019592-1,CONSORCIO 4C,GP-8149,25/06/2018,Oficio radicado ANI 20184090612952 y 20184090612992. Seguimiento Calidad Ciclo Ruta – UF2.Proyecto Girardot – Honda – Puerto Salgar. Contrato de Concesión 003 de 2014 – Concesión Alto Magdalena S.A.S.,15_04_Comunic_Recibidas/2018/CI004_GP-8149_070103-090300_ANI_019592-1_SEGUI_CICLO_RUTA.pdf
2539,2,AGENCIA NACIONAL DE INFRAESTRUCTURA,2018-310-024890-1,CONSORCIO 4C,GP-8515,06/08/2018,"Respuesta a la comunicación con radicado ANI No. 2017-409-108909-2 del 11/10/2017 -Solicitud de reintegro de recursos de Contingencia de Redes - Contrato de Concesión No. 003 de 2014, Proyecto Girardot - Honda Puerto Salgar",15_04_Comunic_Recibidas/2018/CI004_GP-8515_070115-050300_ANI_024890-1_REINTEG_RECUR_REDES.pdf
2538,58,CONCESIÓN ALTO MAGDALENA S.A.S.,ALMA-2018-0858,CONSORCIO 4C,GP-7283,21/02/2018,"Respuesta a su comunicados CI.004/GP3429/17/7.3.2 y CI.004/GP3790/18/7.3.5, con radicados de concesión ALMA-R-2017-04016 y ALMA-R-2018-00337. Medición Servicio octubre y noviembre 2017.",15_04_Comunic_Recibidas/2018/CI004_GP-7283_070303_CON_0858_MEDIC_SERV_OCT_NOV.pdf
2545,1,CONCESIÓN ALTO MAGDALENA S.A.S.,ALMA-2018-4259,CONSORCIO 4C,GP-9155,13/11/2018,Respuesta comunicación 2018-305-036405-1 (Rad ALMA-R-2018-3507 del 7/11/2018) - Oficio radicado ANI No. 201840901005132 del 27/09/2018 – No Objeción Plazo de cura-Estudio y Análisis completo de colas de vehículos Peaje de Brisas.,15_04_Comunic_Recibidas/2018/CI004_GP-9155_050300_CON_4259_ANALIS_COLAS_PEAJ_UF5.pdf
2543,4,CONCESIÓN ALTO MAGDALENA S.A.S.,ALMA-2018-3120,CONSORCIO 4C,GP-8546,15/08/2018,"Recurso de reposición contra la Resolución número 2018 – 1535 del 27 de junio de 2018, notificada el 31 de julio de 2018.",15_04_Comunic_Recibidas/2018/CI004_GP-8546_070108_CON_3120_REPO_RESOL_1535.pdf
2544,1,CONCESIÓN ALTO MAGDALENA S.A.S.,ALMA-2018-2756,CONSORCIO 4C,GP-8374,17/07/2018,Primer informe semestral de Levantamiento de Veda establecido en la Resolución 0817 del 24 de mayo de 2016.,15_04_Comunic_Recibidas/2018/CI004_GP-8374_070108_CON_2756_INF_LEV_VEDA.pdf
2546,7,CONCESIÓN ALTO MAGDALENA S.A.S.,ALMA-2018-1221,CONSORCIO 4C,GP-7481,09/03/2018,"Respuesta comunicado Cl.004/GP3950/18/7.4.2. Del 22 de Febrero de 2018, radicado bajo consecutivo ALMA-R-2018-0667 el 22 de Febrero de 2018.",15_04_Comunic_Recibidas/2018/CI004_GP-7481_070402-070404_CON_1221_COMPEN_PREDI.pdf
2550,3,CONCESIÓN ALTO MAGDALENA S.A.S.,ALMA-2018-2629,CONSORCIO 4C,GP-8269,12/07/2018,Respuesta oficio CI.004/G4628/18/7.1.9 con radicado ALMA-R-2018-1913 adjunto a la PQRS-UF4-2017-334 del 31 de octubre de 2017 - Solicitud trazabilidad al caso del señor Willington Herrera. PQRS UF4 398,15_04_Comunic_Recibidas/2018/CI004_GP-8269_070109_CON_2629_PQRS_WHERRERA.pdf
2549,1,CONCESIÓN ALTO MAGDALENA S.A.S.,ALMA-2018-1210,CONSORCIO 4C,GP-8898,20/03/2018,Entrega de un (1) expediente para aprobación del Avalúo Comercial Corporativo de la unidad funcional 3.,15_04_Comunic_Recibidas/2018/CI004_GP-8898_070406_CON_1210_EXP_AVALUO.pdf
2552,1,CONCESIÓN ALTO MAGDALENA S.A.S.,ALMA-2018-0523,CONSORCIO 4C,GP-7149,02/02/2018,Entrega de un (1) expediente para aprobación del Avalúo Comercial Corporativo de la unidad funcional 3.,15_04_Comunic_Recibidas/2018/CI004_GP-7149_070401_CON_0523_EXP_AVALUO.pdf
2551,1,CONCESIÓN ALTO MAGDALENA S.A.S.,ALMA-2018-1845,CONSORCIO 4C,GP-7795,10/05/2018,Entrega Informe Trimestral Ambiental N° 14,15_04_Comunic_Recibidas/2018/CI004_GP-7795_070108_CON_1845_INF_TRIMES_AMB14.pdf
2548,5,CONCESIÓN ALTO MAGDALENA S.A.S.,ALMA-2018-4789,CONSORCIO 4C,GP-9421,27/12/2018,"Remisión Garantía Única de Seguros de Cumplimiento en favor de Entidades Estatales, Póliza No. GU062068. Respuesta a su comunicado CI004/GP5650/18/5.3, de fecha 30 de noviembre de 2018. Renovación Pólizas 2018 RCE-CUMPLIMIENTO-TODO RIESGO CONSTRUCCIÓN.",15_04_Comunic_Recibidas/2018/CI004_GP-9421_050300_CON_4789_RENOVA_POLIZAS.pdf
2547,1,CONCESIÓN ALTO MAGDALENA S.A.S.,ALMA-2018-4696,CONSORCIO 4C,GP-9398,17/12/2018,Donación de materiales provenientes de actividades de operación y mantenimiento vial.,15_04_Comunic_Recibidas/2018/CI004_GP-9398_070108_CON_4696_DONA_MATERIAL.pdf
2558,3,CONCESIÓN ALTO MAGDALENA S.A.S.,ALMA-2018-0946,CONSORCIO 4C,GP-7298,28/02/2018,Informe de gestión restitución espacio público Peatonal Guataquí.,15_04_Comunic_Recibidas/2018/CI004_GP-7298_070109_CON_0946_INF_RESTITU_GUATAQU.pdf
2553,1,CONCESIÓN ALTO MAGDALENA S.A.S.,ALMA-2018-3566,CONSORCIO 4C,GP-8724,12/09/2018,"Entrega de un (1) expediente predial de la unidad funcional 3 con componente Social, para revisión y aprobación.",15_04_Comunic_Recibidas/2018/CI004_GP-8724_070402_CON_3566_EXP_SOCIAL.pdf
2554,1,AGENCIA NACIONAL DE INFRAESTRUCTURA,2018-305-007450-1,CONSORCIO 4C,GP-7364,08/03/2018,"Oficios radicado ANI 2018-409-016081-2, 2018-409-016085-2, 2018-409-018134-2. Solicitud atención Observaciones Implementación PMT Proyecto Girardot -- Honda -- Puerto Salgar. Contrato de Concesión 003 de 2014 -- Concesión Alto Magdalena S.A.S.",15_04_Comunic_Recibidas/2018/CI004_GP-7364_070111_ANI_007450-1_OBS_PMT.pdf
2556,1,CONCESIÓN ALTO MAGDALENA S.A.S.,ALMA-2018-0832,CONSORCIO 4C,GP-7255,19/02/2018,Entrega de un (1) expediente para aprobación del Avalúo Comercial Corporativo de la unidad funcional 3.,15_04_Comunic_Recibidas/2018/CI004_GP-7255_070401_CON_0832_EXP_AVALUO.pdf
2555,7,CONCESIÓN ALTO MAGDALENA S.A.S.,ALMA-2018-2334,CONSORCIO 4C,GP-8104,15/06/2018,"Respuesta oficio CI.004/GP4582/18/5.3 (ALMA-R-2018-1834) - 06 de junio de 2018. Solicitud de No Objeción Plazo de Cura Incumplimiento Seguridad Vial Interconexión Girardot, Flandes y Chicoral.",15_04_Comunic_Recibidas/2018/CI004_GP-8104_050300_CON_2334_PLAZO_CURA_SEÑALIZA.pdf
2557,2,CONCESIÓN ALTO MAGDALENA S.A.S.,ALMA-2018-4788,CONSORCIO 4C,GP-9419,27/12/2018,"Entrega de resultados, encuesta 2do semestre - evaluación al Sistema de Atención al Usuario.",15_04_Comunic_Recibidas/2018/CI004_GP-9419_070109_CON_4788_RESULT_2do_SEMESTRE.pdf
2559,35,AGENCIA NACIONAL DE INFRAESTRUCTURA,2018-305-016214-1,CONSORCIO 4C,GP-7936,28/05/2018,Radicado ANI 2018-409-049128-2. Informe Condiciones Actuales PTAP vereda el Porvenir Proyecto Girardot – Honda – Puerto Salgar. Contrato de Interventoría 145 de 2014 - Consorcio 4C.,15_04_Comunic_Recibidas/2018/CI004_GP-7936_070109_ANI_016214-1_INFO_PTAP_PORVENIR.pdf
2562,1,Agencia Nacional de Infraestructura,20183050373851,CONSORCIO 4C,GP-9132,08/11/2018,Revisión procesos constructivos para andenes UF 5.2,15_04_Comunic_Recibidas/2018/CI004_GP-9132_070103_ANI_037385-1_ANDENES_UF5.2.pdf
2564,1,CONCESIÓN ALTO MAGDALENA S.A.S.,ALMA-2018-0316,CONSORCIO 4C,GP-7401,23/01/2018,Entrega de un (1) expediente de la Unidad Funcional 2 para revisión en la etapa de expropiación.,15_04_Comunic_Recibidas/2018/CI004_GP-7401_070404_CON_0316_EXP_EXPRO.pdf
2563,1,CONCESIÓN ALTO MAGDALENA S.A.S.,ALMA-2018-0651,CONSORCIO 4C,GP-7204,08/02/2018,"Entrega de un (1) expediente predial de la unidad funcional 3, para aprobación de ficha predial (Titulo Minero).",15_04_Comunic_Recibidas/2018/CI004_GP-7204_070401_CON_0651_EXP_TITU_MINERO.pdf
2560,1,CONCESIÓN ALTO MAGDALENA S.A.S.,ALMA-2018-2105,CONSORCIO 4C,GP-8084,30/05/2018,Entrega de un (1) expediente de la Unidad Funcional 2 para aprobación ficha predial y estudio de títulos.,15_04_Comunic_Recibidas/2018/CI004_GP-8084_070401_CON_2105_EXP_PREDIAL.pdf
2561,10,CONCESIÓN ALTO MAGDALENA S.A.S.,ALMA-2018-3636,CONSORCIO 4C,GP-8781,18/09/2018,Respuesta comunicación CI.004/GP5043/18/7.1.10 del 23 de Agosto de 2018 (Radicado ALMA-R-2018-2653) Condiciones de Seguridad Contratistas Redes JGP.,15_04_Comunic_Recibidas/2018/CI004_GP-8781_070110_CON_3636_CONDI_SEG_REDES_JGP.pdf
2566,4,CONCESIÓN ALTO MAGDALENA S.A.S.,ALMA-2018-0782,CONSORCIO 4C,GP-7263,19/02/2018,Remisión soportes requerimientos visita fiscalización 29 de noviembre de 2017. Expediente: QBN-15031.,15_04_Comunic_Recibidas/2018/CI004_GP-7263_070108_CON_0782_SOP_EXP_QBN-15031.pdf
2568,7,CONCESIÓN ALTO MAGDALENA S.A.S.,ALMA-2018-4153,CONSORCIO 4C,GP-9016,29/10/2018,Informe semanal Avance Gestión Predial Unidad Funcional 4 - Evento Eximente de Responsabilidad.,15_04_Comunic_Recibidas/2018/CI004_GP-9016_070401_CON_4153_INF_PREDIAL_UF4_EER.pdf
2570,3,CONCESIÓN ALTO MAGDALENA S.A.S.,ALMA-2018-4194,CONSORCIO 4C,GP-9079,31/10/2018,Respuesta comunicación Cl.004/GP5319/18/7.1.3 del 04 de octubre de 2018 (Radicado ALMA-R-2018-3123). Seguimiento constructivo Pesaje y Peaje UF 5.4.,15_04_Comunic_Recibidas/2018/CI004_GP-9079_070103_CON_4194_SEGUI_PESAJ_PEAJ_UF5.pdf
2569,1,CONCESIÓN ALTO MAGDALENA S.A.S.,ALMA-2018-0285,CONSORCIO 4C,GP-7018,22/01/2018,Su comunicación CI.004/GP3006/17/7.1.7 – Radicado ALMA-R-2017-03106 del 13 de septiembre de 2017. Construcción Box Culvert K69+882 UF3,15_04_Comunic_Recibidas/2018/CI004_GP-7018_070107_CON_0285_BOX_K69_UF3.pdf
2571,3,Agencia Nacional de Infraestructura,2018-305-033238-1,CONSORCIO 4C,GP-8860,05/10/2018,"Respuesta a oficio con radicado ANI No. 20184090997232 del 27 de septiembre de 2018- No Objeción Plazo de cura otras obligaciones del proyecto - ""Listas Blancas"" - Contrato de Concesión No 003 de 2014 - Girardot - Honda - Puerto Salgar.",15_04_Comunic_Recibidas/2018/CI004_GP-8860_050300_ANI_033238-1_PLAZO_CURA_LIST_BLANC.pdf
2572,1,CONCESIÓN ALTO MAGDALENA S.A.S.,ALMA-2018-0146,CONSORCIO 4C,GP-7024,11/01/2018,Entrega de un (1) expediente de la Unidad Funcional 3 para revisión en la etapa de expropiación.,15_04_Comunic_Recibidas/2018/CI004_GP-7024_070404_CON_0146_EXPD_EXPROP.pdf
2574,1,CONCESIÓN ALTO MAGDALENA S.A.S.,ALMA-2018-3361,CONSORCIO 4C,GP-8662,28/08/2018,Respuesta a su comunicación 2018-305-016826-1 del 01 de junio de 2018 (Radicado ALMA-R-2018-1877 del 08 de junio de 2018). Seguimiento Obras Unidad Funcional 5 - Plan de Obras.,15_04_Comunic_Recibidas/2018/CI004_GP-8662_070101_CON_3361_SEGUI_OBRA_UF5.pdf
2565,7,CONCESIÓN ALTO MAGDALENA S.A.S.,ALMA-2018-4046,CONSORCIO 4C,GP-8990,22/10/2018,Respuesta comunicación CI.004/GP3544/17/7.1.10 del 19 diciembre de 2017 (Radicado ALMA-R-2017-04415) Solicitudes pago seguridad Social Septiembre y Salarios de Agosto 2017.,15_04_Comunic_Recibidas/2018/CI004_GP-8990_070110_CON_4046_SEGYSAL_SEP-AGO.pdf
2567,1,CONCESIÓN ALTO MAGDALENA S.A.S.,ALMA-2018-3193,CONSORCIO 4C,GP-8559,17/08/2018,Ajuste Planos de Construcción Puente P14 – Unidad Funcional 3.,15_04_Comunic_Recibidas/2018/CI004_GP-8559_070107_CON_3193_PLANOS_PTE_P14.pdf
2578,1,CONCESIÓN ALTO MAGDALENA S.A.S.,ALMA-2018-3880,CONSORCIO 4C,GP-9084,08/10/2018,Entrega de (1) expediente predial ALMA-3-0119-1 para aprobación de ficha predial.,15_04_Comunic_Recibidas/2018/CI004_GP-9084_070401_CON_3880_EXP_PREDIAL.pdf
2573,1,CONCESIÓN ALTO MAGDALENA S.A.S.,ALMA-2018-0431,CONSORCIO 4C,GP-7254,29/01/2018,"Respuesta a su comunicación Cl.004/GP3749/18/7.4.1 de fecha 09 de Enero de 2018 (Rad-0203), Entrega de un (1) expediente para aprobación de Avalúo Comercial Corporativo.",15_04_Comunic_Recibidas/2018/CI004_GP-7254_070401_CON_0431_EXP_AVALUO.pdf
2577,1,CONCESIÓN ALTO MAGDALENA S.A.S.,ALMA-2017-5252,CONSORCIO 4C,GP-6908,13/12/2017,Entrega de un (1) expediente predial de la unidad funcional 4 para revisión del componente Social.,15_04_Comunic_Recibidas/2018/CI004_GP-6908_070402_CON_5252_EXP_SOCIAL_UF4.pdf
2575,1,CONCESIÓN ALTO MAGDALENA S.A.S.,ALMA-2018-1741,CONSORCIO 4C,GP-7772,02/05/2018,"Entrega de un (1) expediente predial de la unidad funcional 3, para aprobación de ficha predial.",15_04_Comunic_Recibidas/2018/CI004_GP-7772_070401_CON_1741_EXP_PREDIAL.pdf
2580,1,CONCESIÓN ALTO MAGDALENA S.A.S.,ALMA-2018-0361,CONSORCIO 4C,GP-7043,24/01/2018,Informes Prueba de Carga Puentes 7 y 11 – Unidad Funcional 4.,15_04_Comunic_Recibidas/2018/CI004_GP-7043_070103_CON_0361_PRUEB_PTES_UF4.pdf
2576,1,CONCESIÓN ALTO MAGDALENA S.A.S.,ALMA-2018-0442,CONSORCIO 4C,GP-7075,30/01/2018,Entrega de la Sabana Predial y Tira topográfica.,15_04_Comunic_Recibidas/2018/CI004_GP-7075_070401_CON_0442_SABAN_PREDI.pdf
2579,1,CONCESIÓN ALTO MAGDALENA S.A.S.,ALMA-2018-2682,CONSORCIO 4C,GP-8282,13/07/2018,"Entrega de dos (2) expedientes prediales de la unidad funcional 4 con componente Social, para revisión y aprobación.",15_04_Comunic_Recibidas/2018/CI004_GP-8282_070402_CON_2682_EXP_SOCIAL.pdf
2582,4,AGENCIA NACIONAL DE INFRAESTRUCTURA,20183050380741,CONSORCIO 4C,GP-9182,15/11/2018,Reclamación intervenciones Glorieta Cambao (K01+367 - K01+169) - comunicación radicado ANI No 20184091177902 - Contrato de Concesión No 003 de 2014 - Girardot - Honda - Puerto Salgar.,15_04_Comunic_Recibidas/2018/CI004_GP-9182_070107_ANI_038074-1_INTER_GLORIETA_CAMBAO.pdf
2581,1,CONCESIÓN ALTO MAGDALENA S.A.S.,ALMA-2018-2035,CONSORCIO 4C,GP-8037,25/05/2018,Entrega de un (1) expediente para aprobación del Avalúo Comercial Corporativo.,15_04_Comunic_Recibidas/2018/CI004_GP-8037_070406_CON_2035_EXP_AVALUO.pdf
2590,2,CONSORCIO 4C,GP-4080,AGENCIA NACIONAL DE INFRAESTRUCTURA - ANI,2018-409-027872-2,15/03/2018,"Contrato de Concesión 003 de 2014 Concesión Honda - Girardot - Puerto Salgar Observaciones Resoluciones de Expropiación Predios No. ALMA-3-0102, ALMA-3-0103-1 y ALMA-3-0110",15_01_Cartas_Enviadas/RADICADAS/2018/CI004_408018_070404_ANI_RESOL_EXPRO_ALMA-2018-0723-0724-0725.pdf
2589,9,CONSORCIO 4C,GP-4521,CONCESIÓN ALTO MAGDALENA S.A.S,ALMA-R-2018-1700,24/05/2018,Otorgamiento Plazo Cura,15_01_Cartas_Enviadas/RADICADAS/2018/CI004_452118_050300_CON_OTOR_PLAZO-CURA_SABPRE.pdf
2587,3,CONSORCIO 4C,GP-4031,CONCESIÓN ALTO MAGDALENA S.A.S.,ALMA-R-2018-0822,09/03/2018,PERMANENCIA OFICINA SATELITE UF 1 Y 2,15_01_Cartas_Enviadas/RADICADAS/2018/CI004_403118_070109_CON_OFSATELITE_UF1-2.pdf
2588,3,CONSORCIO 4C,GP-4535,CONCESIÓN ALTO MAGDALENA S.A.S.,ALMA-R-2018-1731,29/05/2018,Contrato de Concesión 003 de 2014 Concesión Honda - Girardot - Puerto Salgar Ajuste Resolución 0000842 abril de 2014,15_01_Cartas_Enviadas/RADICADAS/2018/CI004_453518_070301_CON_AJUSTE_CATEGO-II_RES-842.pdf
2586,3,CONSORCIO 4C,GP-4110,CONCESIÓN ALTO MAGDALENA S.A.S.,ALMA-R-2018-0962,21/03/2018,"Contrato de Concesión 003 de 2014 Concesión Honda - Girardot - Puerto Salgar. Revisión Fichas Sociales - Respuesta a comunicaciones ALMA-2018-0960, ALMA-2018-0948, ALMA-2018-0890, ALMA-2018-0613 y ALMA-2018-0896",15_01_Cartas_Enviadas/RADICADAS/2018/CI004_411018_070402_CON_FICHAS_SOCIALES.pdf
2585,3,CONSORCIO 4C,GP-4359,CONCESIÓN ALTO MAGDALENA S.A.S,ALMA-R-2018-1416,03/05/2018,"MEMORIA TECNICA FEBRERO DE 2018, OBRA",15_01_Cartas_Enviadas/RADICADAS/2018/CI004_435918_070500_CON_REVISION_MEMOTEC_FEBRERO.pdf
2583,4,CONSORCIO 4C,GP-3859,ALCALDÍA MUNICIPAL DE LA DORADA,200 4L B,08/02/2018,Contrato de Concesión 003 de 2014 Concesión Honda - Girardot - Puerto Salgar. Derecho de petición - Restitución de espacio publico,15_01_Cartas_Enviadas/RADICADAS/2018/CI004_385918_070109_ALC-LADORADA_DP-RESITUCION_ESP-PUBLICO1.pdf
2584,7,CONSORCIO 4C,GP-5662,AGENCIA NACIONAL DE INFRAESTRUCTURA - ANI,ALMA-R-2018-3788,07/12/2018,Contrato de Concesión 003 de 2014 Concesión Honda - Girardot - Puerto Salgar. Estado correcciones/complementos UF4.,15_01_Cartas_Enviadas/RADICADAS/2018/CI004_566218_050300_ANI_ESTADO_PENDIENTES_UF4.pdf
2596,3,CONSORCIO 4C,GP-5509,CONCESIÓN ALTO MAGDALENA S.A.S.,ALMA-R-2018-3485,02/11/2018,Contrato de Concesión 003 de 2014 Concesión Honda - Girardot - Puerto Salgar Seguimiento Calidad Andenes UF 5.2,15_01_Cartas_Enviadas/RADICADAS/2018/CI004_550918_070103_CON_DEFICIE_ANDENES_UF5.2 (1).pdf
2592,8,CONSORCIO 4C,GP-5131,CONCESIÓN ALTO MAGDALENA S.A.S.,ALMA-R-2018-2800,06/09/2018,HALLAZGOS RECORRIDO NOCTURNO VERIFICACION,15_01_Cartas_Enviadas/RADICADAS/2018/CI004_513118_070304_RECORRIDO_NOCTURNO_23.08.2018.pdf
2591,3,CONSORCIO 4C,GP-5094,CONCESIÓN ALTO MAGDALENA S.A.S.,ALMA-R-2018-2818,05/09/2018,SEGUIMIENTO PLAN DE OBRAS INTERSECCION LA MELISA UF5,15_01_Cartas_Enviadas/RADICADAS/2018/CI004_509418_070101_CON_AVA-OBRA_MELISA (1).pdf
2597,3,CONSORCIO 4C,GP-5683,CONCESIÓN ALTO MAGDALENA S.A.S,ALMA-R-2018-3794,11/12/2018,Reintegro Gastos Bancarios Subcuenta Aportes ANI USD,15_01_Cartas_Enviadas/RADICADAS/2018/CI004_568318_060100_CON_REINTEGRO_GASTO-BANCA_ANI-USD.pdf
2595,3,CONSORCIO 4C,GP-4717,CONCESIÓN ALTO MAGDALENA S.A.S.,ALMA-R-2018-2854,27/06/2018,INTERSECCION PUERTO SALGAR,15_01_Cartas_Enviadas/RADICADAS/2018/CI004_471718_070115_CON_INT_PURT_SALG (1).pdf
2598,3,CONSORCIO 4C,GP-0371,AGENCIA NACIONAL DE INFRAESTRUCTURA,20184090925802,10/09/2018,Contrato de Interventoría 145 de 2014 Concesión Vial Girardot – Puerto Salgar Actualización Pólizas de Garantía y Seguro,15_01_Cartas_Enviadas/RADICADAS/2018/CI004_037118_010000_ANI_MODIFICACION POLIZAS-CUMPLIMIENTO_RCE_DEF.pdf
2594,3,CONSORCIO 4C,GP-5578,CONCESIÓN ALTO MAGDALENA S.A.S.,ALMA-R-2018-3582,16/11/2018,Contrato de Concesión 003 de 2014 Concesión Honda - Girardot - Puerto Salgar Rta. ALMA-2018-4140. Nivel de Servicio O5 - Índices Cumplimiento febrero y marzo de 2018.,15_01_Cartas_Enviadas/RADICADAS/2018/CI004_557818_070303_CON_O5_INDICES_FEBRERO_MARZO_2018.pdf
2593,16,CONSORCIO 4C,GP-4460,CONCESIÓN ALTO MAGDALENA S.A.S,ALMA-R-2018-1597,19/05/2018,Contrato de Concesión 003 de 2014 Concesión Honda – Girardot – Puerto Salgar Observaciones Memoria Técnica febrero 2018 / Respuesta comunicado ALMA-2018-1478,15_01_Cartas_Enviadas/RADICADAS/2018/CI004_446018_070500_CON_OBS_MEM_TEC_FEB.pdf
2603,2,CONSORCIO 4C,GP-5245,AGENCIA NACIONAL DE INFRAESTRUCTURA - ANI,20184090994052,25/09/2018,Contrato de Concesión 003 de 2014 Concesión Honda – Girardot – Puerto Salgar. Remisión de Informe Especial No. 3 Pendientes UF3 y UF5.,15_01_Cartas_Enviadas/RADICADAS/2018/CI004_524518_091000_ANI_INF_ESP_03 VF.pdf
2602,3,CONSORCIO 4C,GP-5386,CONCESIÓN ALTO MAGDALENA S.A.S,ALMA-R-2018-3237,17/10/2018,Contrato de Concesión 003 de 2014 Concesión Honda - Girardot - Puerto Salgar Diseño Geométrico Corredor Férreo Sector Purnio Unidad Funcional 5.4.,15_01_Cartas_Enviadas/RADICADAS/2018/CI004_538618_070107_CON_DIS-VARIAN-FERREA_PURNIO_ALMA-2018-0974 (2).pdf
2600,7,CONSORCIO 4C,GP-4184,CONCESIÓN ALTO MAGDALENA S.A.S.,ALMA-R-2018-1104,05/04/2018,INCUMPLIMIENTO PMT UF2- SEMANA 163,15_01_Cartas_Enviadas/RADICADAS/2018/CI004_418418_050300_070111_CON_FORMATO_PMT_S163_UF2.pdf
2604,4,CONSORCIO 4C,GP-5357,CONCESIÓN ALTO MAGDALENA S.A.S.,ALMA-R-2018-3187,10/10/2018,Contrato de Concesión 003 de 2014 Concesión Honda - Girardot - Puerto Salgar. Observaciones Fichas Prediales UF 5,15_01_Cartas_Enviadas/RADICADAS/2018/CI004_535718_070401_CON_OBS_ALMA-3611.pdf
2599,3,CONSORCIO 4C,GP-4938,CONCESIÓN ALTO MAGDALENA S.A.S,ALMA-R-2018-2464,02/08/2018,Contrato de Concesión 003 de 2014 Concesión Honda – Girardot – Puerto Salgar Prueba Carga Puente Río Magdalena UF1,15_01_Cartas_Enviadas/RADICADAS/2018/CI004_493818_070107_CON_PRUEBA-CARGA_PTE-FLANDES_ALMA2405 (1).pdf
2608,2,CONSORCIO 4C,GP-5456,CONCESIÓN ALTO MAGDALENA S.A.S.,ALMA-R-2018-3388,30/10/2018,Solicitud Informe Tutela Sr Ricardo Barragán - UF 3,15_01_Cartas_Enviadas/RADICADAS/2018/CI004_545618_070109_CON_TUTELA_RBARRAGAN.pdf
2607,4,CONSORCIO 4C,GP-5011,AGENCIA NACIONAL DE INFRAESTRUCTURA – ANI,2018-409-084993-2,17/08/2018,Fideicomiso Fidubogotá —Alto Magdalena 3-1-63664 Rendimientos mes de julio de 2018,15_01_Cartas_Enviadas/RADICADAS/2018/CI004_501118_070202_ANI_REMI_FOR_GCSP-F-207_REN_SUBCUENTAS_JULIO2018.pdf
2606,20,CONSORCIO 4C,GP-5524,CONCESIÓN ALTO MAGDALENA S.A.S,ALMA-R-2018-3506,07/11/2018,Contrato de Concesión 003 de 2014 Concesión Honda – Girardot – Puerto Salgar Memoria Técnica agosto 2018 / Respuesta comunicado ALMA-2018-3624,15_01_Cartas_Enviadas/RADICADAS/2018/CI004_552418_070500_CON_MEMOTECNICA_AGOSTO_2018 (2).pdf
2605,3,CONSORCIO 4C,GP-5691,CONCESIÓN ALTO MAGDALENA S.A.S.,ALMA-R-2018-3800,11/12/2018,CONTROL RIESGOS COMUNIDAD PUERTO BOGOTÁ,15_01_Cartas_Enviadas/RADICADAS/2018/CI004_569118_070109-070108_CON_CONTROL_RIESGO_NIÑOS (2).pdf
2609,4,CONSORCIO 4C,GP-5324,CONCESIÓN ALTO MAGDALENA S.A.S,ALMA-R-2018-3138,04/10/2018,Contrato de Concesión 003 de 2014 Concesión Honda - Girardot - Puerto Salgar. Seguimiento y Control Resolución 355 de 2016 Seguimiento Resolución 355 de 2016 / Ocupación de Cauce Quebrada Burras,15_01_Cartas_Enviadas/RADICADAS/2018/CI004_532418_070108_SEG_RES_355_OC2.pdf
2610,5,CONSORCIO 4C,GP-3881,CONCESIÓN ALTO MAGDALENA S.A.S.,ALMA-R-2018-0547,07/02/2018,Contrato de Concesión 003 de 2014 Concesión Honda – Girardot – Puerto Salgar Observaciones Resolución de Expropiación UF5,15_01_Cartas_Enviadas/RADICADAS/2018/CI004_388118_070404_CON_RES_EXP_ALMA-2018-0460-0477-0476.pdf
2613,3,CONSORCIO 4C,GP-4095,CONCESIÓN ALTO MAGDALENA S.A.S,ALMA-R-2018-0938,20/03/2018,Contrato de Concesión 003 de 2014 Concesión Honda - Girardot - Puerto Salgar Seguimiento Calidad Procesos Constructivos Alcantarilla -K8+573 - UF5.4,15_01_Cartas_Enviadas/RADICADAS/2018/CI004_409518_070103_CON_PROCE-CONSTRUCTIVO_ALCK8+573_UF5.4.pdf
2611,3,CONSORCIO 4C,GP-4197,CONCESIÓN ALTO MAGDALENA S.A.S.,ALMA-R-2018-1122,06/04/2018,Observaciones informe avance Gestión Predial.,15_01_Cartas_Enviadas/RADICADAS/2018/CI004_419718_070401_CON_OBS_INFO-GEST-PRED_ALMA-1208.pdf
2612,5,CONSORCIO 4C,GP-4979,CONCESIÓN ALTO MAGDALENA S.A.S,ALMA-R-2018-2525,10/08/2018,OBLIGACIONES PENDIENTES UF4.1 / Respuesta ALMA-2018-2840,15_01_Cartas_Enviadas/RADICADAS/2018/CI004_497918_070108_CON_PEND_UF4.1_ALMA-2018-2840.pdf
2618,6,CONSORCIO 4C,GP-4707,CONCESIÓN ALTO MAGDALENA S.A.S,ALMA-R-2018-2039,26/06/2018,Observaciones Revisión Avalúos UF4,15_01_Cartas_Enviadas/RADICADAS/2018/CI004_470718_070401_CON_OBS_ALMA-2018-2025-2296 (1).pdf
2614,3,CONSORCIO 4C,GP-5098,CONCESIÓN ALTO MAGDALENA S.A.S.,ALMA-R-2018-2821,05/09/2018,Seguimiento Plan de Obras -Estación de Pesaje UF5.4,15_01_Cartas_Enviadas/RADICADAS/2018/CI004_509818_070101_CON_INTERV-PREDIOS_AVA-OBRA_PESAJE (2).pdf
2621,3,CONSORCIO 4C,GP-3701,CONCESIÓN ALTO MAGDALENA S.A.S,ALMA-R-2018-0099,10/01/2018,ENTREGA DISEÑO ARQUITECTONICO Y ESTRUCTURAL DEL ÁREA DE SERVICIO K80 UF3,15_01_Cartas_Enviadas/RADICADAS/2018/CI004_370118_070107_CON_ALMA-5331_DIS-ARQ-EST_AREA-SERVICIO-UF3.pdf
2616,3,CONSORCIO 4C,GP-4322,CONCESIÓN ALTO MAGDALENA S.A.S.,ALMA-R-2018-1345,25/04/2018,Revisión Fichas Sociales - Respuesta a comunicación ALMA-2018-1095,15_01_Cartas_Enviadas/RADICADAS/2018/CI004_432218_070402_CON_FICHAS_SOCIALES_RTAALMA-1095.pdf
2619,2,CONSORCIO 4C,GP-4967,CONCESIÓN ALTO MAGDALENA S.A.S,ALMA-R-2018-2589,08/08/2018,ACTIVIDADES PENDIENTES UF4,15_01_Cartas_Enviadas/RADICADAS/2018/CI004_496718_070103_CON_CRONOGRA_PENDIENTES_UF4-.pdf
2615,9,CONSORCIO 4C,GP-5630,CONCESIÓN ALTO MAGDALENA S.A.S.,ALMA-R-2018-3694,29/11/2018,ASPECTOS E IMPACTOS AMBIENTALES UF 5.4,15_01_Cartas_Enviadas/RADICADAS/2018/CI004_563018_070108_CON_ASP_IMP_UF 5.4 (1).pdf
2617,5,CONSORCIO 4C,GP-4921,AGENCIA NACIONAL DE INFRAESTRUCTURA - ANI,20184090766062,31/07/2018,Contrato de Concesión 003 de 2014 Concesión Honda – Girardot – Puerto Salgar. Gestión Predial ALMA-2-0004-1 y ALMA-2-0006,15_01_Cartas_Enviadas/RADICADAS/2018/CI004_492118_070401_ANI_PREDIOS_CERRO-COLOR_UF2.pdf
2620,3,CONSORCIO 4C,GP-4992,CONCESIÓN ALTO MAGDALENA S.A.S.,ALMA-R-2018-2540,10/08/2018,"Revisión Fichas Sociales - Respuesta a Comunicaciones ALMA-2018-2686, ALMA-2018-2711, ALMA-2018-2440",15_01_Cartas_Enviadas/RADICADAS/2018/CI004_499218_070402_CON_FICHAS_SOCIALES_ALMA-2686-2711-2440 (1).pdf
2622,3,CONSORCIO 4C,GP-4733,CONCESIÓN ALTO MAGDALENA S.A.S.,ALMA-R-2018-2089,28/06/2018,REVISION DISEÑOS MUROS CONTECION - UF 5,15_01_Cartas_Enviadas/RADICADAS/2018/CI004_473318_070107_CON_DISE_MUROS_ALMA1514 (1).pdf
2625,4,CONSORCIO 4C,GP-4295,CONCESIÓN ALTO MAGDALENA S.A.S,ALMA-R-2018-1278,18/04/2018,REVISION 23 OBRAS SUPRIMIDAS - UF2,15_01_Cartas_Enviadas/RADICADAS/2018/CI004_429518_ 070107_CON_23ODT_SUPRIMIDAS_UF2.pdf
2624,2,CONSORCIO 4C,GP-4450,CONCESIÓN ALTO MAGDALENA S.A.S.,ALMA-R-2018-1580,18/05/2018,SOLICITUD PROCEDIMIENTOS ANDENES Y BAN,15_01_Cartas_Enviadas/RADICADAS/2018/CI004_445018_070110_CON_SOL_PROCED_ANDENUF1.pdf
2623,3,CONSORCIO 4C,GP-5317,CONCESIÓN ALTO MAGDALENA S.A.S.,ALMA-R-2018-3121,04/10/2018,OBSERVACIONES INFORME AVANCE GESTION PREDIAL,15_01_Cartas_Enviadas/RADICADAS/2018/CI004_531718_070401_CON_OBS_INFOGP_ALMA-3448.pdf
2629,22,CONSORCIO 4C,GP-5425,AGENCIA NACIONAL DE INFRAESTRUCTURA - ANI,20184091103322,23/10/2018,Pronunciamiento comunicación ALMA 2018-3947.,15_01_Cartas_Enviadas/RADICADAS/2018/CI004_542518_050300_ANI_EER_HALLAZGOARQ_PTOBOGOTA.pdf
2630,3,CONSORCIO 4C,GP-4678,AGENCIA NACIONAL DE INFRAESTRUCTURA – ANI,ALMA-R-2018-1990,20/06/2018,Contrato de Concesión 003 de 2014 Concesión Honda – Girardot – Puerto Salgar Proyección - Etapa Preoperativa,15_01_Cartas_Enviadas/RADICADAS/2018/CI004_467818_050300_ANI_PROYECCIÓN_FIN_ETAPA_PREOP.pdf
2627,9,CONSORCIO 4C,GP-4772,CONCESIÓN ALTO MAGDALENA S.A.S.,ALMA-R-2018-2168,05/07/2018,Contrato de Concesión 003 de 2014 Concesión Honda – Girardot – Puerto Salgar. Atención solicitud – Condominio Entreverdes,15_01_Cartas_Enviadas/RADICADAS/2018/CI004_477218_070109_CON_PQRS_CONDOMINIO_ENTREVERDES..pdf
2628,4,CONSORCIO 4C,GP-5320,CONCESIÓN ALTO MAGDALENA S.A.S.,ALMA-R-2018-3124,04/10/2018,ASPECTOS IMPACTOS AMBIENTALES PUENTE GUARINÓ,15_01_Cartas_Enviadas/RADICADAS/2018/CI004_532018_070108_CON_ASP_IMP_GUAR_UF5.2.pdf
2636,6,CONSORCIO 4C,GP-4420,CONCESIÓN ALTO MAGDALENA S.A.S.,ALMA-R-2018-1514,11/05/2018,Ref. Contrato de Concesión 003 de 2014 Concesión Honda - Girardot - Puerto Salgar Diseño Andén Paso Urbano La Dorada UF5,15_01_Cartas_Enviadas/RADICADAS/2018/CI004_442018_070107_CON_DISEÑ_ANDEN_INTERSECCIONES-UF5.pdf
2632,7,CONSORCIO 4C,GP-5426,CONCESIÓN ALTO MAGDALENA S.A.S.,ALMA-R-2018-3289,19/10/2018,"Contrato de Concesión 003 de 2014 Concesión Honda - Girardot - Puerto Salgar Observaciones Resolución de Expropiación UF 1, 2 y 4",15_01_Cartas_Enviadas/RADICADAS/2018/CI004_542618_070404_CON_RES_EXP_ALMA-3974-3958-3829.pdf
2635,2,CONSORCIO 4C,GP-4167,AGENCIA NACIONAL DE INFRAESTRUCTURA - ANI,2018-409-032401-2,28/03/2018,Contrato de Concesión 003 de 2014 Concesión Honda - Girardot - Puerto Salgar. Informe Terminación Etapa UF1 (Alcance).,15_01_Cartas_Enviadas/RADICADAS/2018/CI004_416718_090300_ANI_INFORME_TERMINAC_F1_ALCAN.pdf
2634,2,CONSORCIO 4C,GP-5233,CONCESIÓN ALTO MAGDALENA S.A.S.,ALMA-R-2018-2984,21/09/2018,RESPUESTA COMUNICACION ALMA-2018-3282,15_01_Cartas_Enviadas/RADICADAS/2018/CI004_523318_070109_CON_RTA_ALMA-3282_EERK130+720_UF5.1.pdf
2631,3,CONSORCIO 4C,GP-4244,CONCESIÓN ALTO MAGDALENA S.A.S.,ALMA-R-2018-1233,12/04/2018,Contrato de Concesión 003 de 2014 Concesión Honda - Puerto Salgar. Seguimiento Condiciones Seguridad UF 3 Semana 166,15_01_Cartas_Enviadas/RADICADAS/2018/CI004_424418_070110_CON_SEGSISO_UF3_SEM166.pdf
2633,3,CONSORCIO 4C,GP-4038,CONCESIÓN ALTO MAGDALENA S.A.S.,ALMA-R-2018-0845,13/03/2018,IZAJE DE VIGAS NUEVO PUENTE SALGAR,15_01_Cartas_Enviadas/RADICADAS/2018/CI004_403818_070110_CON_IZAJE_VIGAS_UF5.pdf
2640,7,CONSORCIO 4C,GP-5752,CONCESIÓN ALTO MAGDALENA S.A.S.,ALMA-R-20190051,20/12/2018,ALCANCE - OBSERVACIONES FICHAS PREDIALES UF 5,15_01_Cartas_Enviadas/RADICADAS/2018/CI004_575218_070401_CON_OBS_ALMA-4619.pdf
2639,3,CONSORCIO 4C,GP-5176,AGENCIA NACIONAL DE INFRAESTRUCTURA - ANI,20184090946232,13/09/2018,Contrato de Concesión 003 de 2014 Concesión Honda - Girardot - Puerto Salgar Acta Parcial de Obra 09,15_01_Cartas_Enviadas/RADICADAS/2018/CI004_517618_070115_ANI_DESEMB_ACT_RED09.pdf
2638,2,CONSORCIO 4C,GP-4013,CONCESIÓN ALTO MAGDALENA S.A.S.,ALMA-R-2018-0804,08/03/2018,INFORMACION ACCIDENTE K69+720 UF3,15_01_Cartas_Enviadas/RADICADAS/2018/CI004_401318_070307_ACCIDENTE_K69+720-UF3_INFORMACION.pdf
2626,3,CONSORCIO 4C,GP-5044,CONCESIÓN ALTO MAGDALENA S.A.S,ALMA-R-2018-2654,23/08/2018,INCUMPLIMIENTO USO PERNERAS CONTRATISTA MECO,15_01_Cartas_Enviadas/RADICADAS/2018/CI004_504418_070110_CON_INCUMP_USO_PERNERAS (3).pdf
2637,3,CONSORCIO 4C,GP-5396,CONCESIÓN ALTO MAGDALENA S.A.S.,ALMA-R-2018-3246,17/10/2018,"Contrato de Concesión 003 de 2014 Concesión Honda - Girardot - Puerto Salgar. Revisión Fichas Sociales - Respuesta a comunicaciones ALMA-2018-3922, ALMA-2018-3923, ALMA-2018-2949 y ALMA-2018-3924",15_01_Cartas_Enviadas/RADICADAS/2018/CI004_539618_070402_CON_FICH_SOCIAL_ALMA-3922-3923-2949-3924.pdf
2642,7,CONSORCIO 4C,GP-5019,CONCESIÓN ALTO MAGDALENA S.A.S.,ALMA-R-2018-2627,22/08/2018,INCUMPLIMIENTO PMT UF3-SEMANA 185,15_01_Cartas_Enviadas/RADICADAS/2018/CI004_501918_050300-070111FORMATO_PMT_S185_UF3.pdf
2641,6,CONSORCIO 4C,GP-4929,CONCESIÓN ALTO MAGDALENA S.A.S,ALMA-R-2018-2455,02/08/2018,Seguimiento Marco Normativo UF 4.2 / Respuesta ALMA-2018-2052,15_01_Cartas_Enviadas/RADICADAS/2018/CI004_492918_070108_CON_MARCO-NORM_UF4.2_ALMA-2018-2052.pdf
2644,4,CONSORCIO 4C,GP-5468,CONCESIÓN ALTO MAGDALENA S.A.S.,ALMA-R-2018-3435,31/10/2018,ASPECTO E IMPACTROS AMBIENTALES UF 4.,15_01_Cartas_Enviadas/RADICADAS/2018/CI004_546818_070108_CON_ASP_IMP_UF_4.2.pdf
2645,2,CONSORCIO 4C,GP-4853,CONCESIÓN ALTO MAGDALENA S.A.S.,ALMA-R-2018-2304,19/07/2018,REVISION FICHAS SOCIALES,15_01_Cartas_Enviadas/RADICADAS/2018/CI004_485318_070402_CON_FICHAS_SOCIALES_ALMA-2-163.pdf
2646,3,CONSORCIO 4C,GP-4543,AGENCIA NACIONAL DE INFRAESTRUCTURA – ANI,20184090545032,31/05/2018,Contrato de Concesión 003 de 2014 Concesión Honda – Girardot – Puerto Salgar Directriz Solicitud Concesionario Informes Interventoría,15_01_Cartas_Enviadas/RADICADAS/2018/CI004_454318_090200_ANI_AUTORIENVIO_INFOMENSUAL_CONCESIONARIO.pdf
2643,2,CONSORCIO 4C,GP-4884,CONCESIÓN ALTO MAGDALENA S.A.S.,ALMA-R-2018-2365,26/07/2018,Contrato de Concesión 003 de 2014 Concesión Honda - Girardot - Puerto Salgar. Revisión Fichas Sociales,15_01_Cartas_Enviadas/RADICADAS/2018/CI004_488418_070402_CON_FICHAS_SOCIALES_ALMA-2018-2439.pdf
2649,6,CONSORCIO 4C,GP-4675,CONCESIÓN ALTO MAGDALENA S.A.S,ALMA-R-2018-1988,20/06/2018,Contrato de Concesión 003 de 2014 Concesión Honda - Girardot - Puerto Salgar Respuesta a su comunicado ALMA-2018-2302,15_01_Cartas_Enviadas/RADICADAS/2018/CI004_467518_070103_CON_ALMA-2302.pdf
2601,3,CONSORCIO 4C,GP-5096,CONCESIÓN ALTO MAGDALENA S.A.S.,ALMA-R-2018-2814,05/09/2018,Contrato de Concesión 003 de 2014 Concesión Honda - Girardot - Puerto Salgar Seguimiento Plan de Obras - Gestión Predial Intersección Puente Actual Puerto Salgar (Costado Occidental) Ruta 45CLA Vía Norcasia,15_01_Cartas_Enviadas/RADICADAS/2018/CI004_509618_070101_CON_INTERV-PREDIOS_AVA-OBRA_NORCASIA-UF5.pdf
2648,7,CONSORCIO 4C,GP-3951,CONCESIÓN ALTO MAGDALENA S.A.S,ALMA-R-2018-0668,22/02/2018,OBSERVACIONES REVISION AVALUOS UF 2 Y 3,15_01_Cartas_Enviadas/RADICADAS/2018/CI004_395118_070401_CON_OBS_ALMA-0429-0608.pdf
2650,9,CONSORCIO 4C,GP-4857,AGENCIA NACIONAL DE INFRAESTRUCTURA – ANI,ALMA-R-2018-2568,19/07/2018,CONCEPTO AFECTACION PTAP K31+900 - UF2,15_01_Cartas_Enviadas/RADICADAS/2018/CI004_485718_070107_ANI_PTAP_PORVENIR_UF2_R1 (4).pdf
2653,6,CONSORCIO 4C,GP-3853,AGENCIA NACIONAL DE INFRAESTRUCTURA - ANI,20184090128082,08/02/2018,Contrato de Concesión 003 de 2014 Concesión Honda – Girardot – Puerto Salgar Actualización IPC Pólizas 2018 RE-GU-OC,15_01_Cartas_Enviadas/RADICADAS/2018/CI004_385318_050300_ANI_ACTULIZACION _POLIZA_TODO-RIESGO-18.pdf
2651,2,CONSORCIO 4C,GP-5237,CONCESIÓN ALTO MAGDALENA S.A.S.,ALMA-R-2018-2988,21/09/2018,DISEÑO DRENAJE PASO URBANO GUATAQUI,15_01_Cartas_Enviadas/RADICADAS/2018/CI004_523718_070103_CON_DISEÑO_DRENAJE_URBANO_UF3.pdf
2647,4,CONSORCIO 4C,GP-4459,CONCESIÓN ALTO MAGDALENA S.A.S.,ALMA-R-2018-1596,19/05/2018,Contrato de Concesión 003 de 2014 Concesión Honda - Girardot - Puerto Salgar. Personal Gestión Predial,15_01_Cartas_Enviadas/RADICADAS/2018/CI004_445918_070401_CON_PERS_PREDIAL.pdf
2652,4,CONSORCIO 4C,GP-5104,CONCESIÓN ALTO MAGDALENA S.A.S.,ALMA-R-2018-2771,05/09/2018,Contrato de Concesión 003 de 2014 Concesión Honda - Girardot - Puerto Salgar. Cumplimiento Resolución 716,15_01_Cartas_Enviadas/RADICADAS/2018/CI004_510418_070115_CON_CUMP_RES-716_CODENSA (1).pdf
2657,2,CONSORCIO 4C,GP-5052,CONCESIÓN ALTO MAGDALENA S.A.S.,ALMA-R-2018-2664,24/08/2018,Contrato de Concesión 003 de 2014 Concesión Honda - Girardot - Puerto Salgar Seguimiento Plan de Obras - Construcción de Andenes (3km),15_01_Cartas_Enviadas/RADICADAS/2018/CI004_505218_070101_CON_INTERV-PREDIOS_AVA-OBRA_ANDENES-5.2.pdf
2656,3,CONSORCIO 4C,GP-4480,CONCESIÓN ALTO MAGDALENA S.A.S.,ALMA-R-2018-1656,23/05/2018,Contrato de Concesión 003 de 2014 Concesión Honda - Girardot - Puerto Salgar Estructura Pavimento Rígido Peaje Guataquí UF3,15_01_Cartas_Enviadas/RADICADAS/2018/CI004_448018_070107_CON_REV_PAVIMENT_PEAJE_UF3_R2.pdf
2655,6,CONSORCIO 4C,GP-4372,CONCESIÓN ALTO MAGDALENA S.A.S,ALMA-R-2018-1436,04/05/2018,REVISION USO MEZCLA MSC25 COMO CAPA,15_01_Cartas_Enviadas/RADICADAS/2018/CI004_437218_070107_CON_MARSHAL_MSC25-UF5.4_ALCANCE-GP4285.pdf
2660,4,CONSORCIO 4C,GP-5708,AGENCIA NACIONAL DE INFRAESTRUCTURA – ANI,2018-409-132355-2,13/12/2018,Fideicomiso Fidubogotá — Alto Magdalena 3-1-63664,15_01_Cartas_Enviadas/RADICADAS/2018/CI004_570818_070202_ANI_REM_FOR_GCSP-F-001_MBUP_NOV18.pdf
2661,1,CONSORCIO 4C,GP-4814,AGENCIA NACIONAL DE INFRAESTRUCTURA – ANI,2018-409-071486-2,16/07/2018,Contrato de Concesión 003 de 2014 Concesión Honda – Girardot – Puerto Salgar. Remisión Formato GCSP-F-007 Informe de Ejecución de Recursos Públicos – Junio 2018,15_01_Cartas_Enviadas/RADICADAS/2018/CI004_481418_070202_ANI_REMI_FOR_GCSP-F-007_JUNIO2018.pdf
2662,3,CONSORCIO 4C,GP-5496,CONCESIÓN ALTO MAGDALENA S.A.S.,ALMA-R-2018-3461,31/10/2018,Contrato de Concesión 003 de 2014 Concesión Honda-Girardot-Puerto Salgar Cambio Piezas Dañadas Estación de Pesaje San Lorenzo Km 9+300 UF1,15_01_Cartas_Enviadas/RADICADAS/2018/CI004_549618_070301 _MANTENIMIENTO_PESAJE_SAN-LORENZO (1).pdf
2654,3,CONSORCIO 4C,GP-4621,CONCESIÓN ALTO MAGDALENA S.A.S.,ALMA-R-2018-1983,13/06/2018,Contrato de Concesión 003 de 2014 Concesión Honda - Girardot - Puerto Salgar. Solicitud Copia Informes Interventoría,15_01_Cartas_Enviadas/RADICADAS/2018/CI004_462118_090200_CON_RTA_SOLIC_COPIAINFORMES_INTERV.pdf
2659,3,CONSORCIO 4C,GP-4240,AGENCIA NACIONAL DE INFRAESTRUCTURA - ANI,20184090370732,12/04/2018,Contrato de Concesión 003 de 2014 Concesión Honda – Girardot – Puerto Salgar Aplicación Expropiaciones - Ley 1882 de 2018,15_01_Cartas_Enviadas/RADICADAS/2018/CI004_424018_050300_070401_ANI_APLICA_LEY_1882.pdf
2658,5,CONSORCIO 4C,GP-3691,CONCESIÓN ALTO MAGDALENA S.A.S,ALMA-R-2018-0071,05/01/2018,Contrato de Concesión 003 de 2014 Concesión Honda – Girardot – Puerto Salgar. Observaciones Revisión Avalúos UF 4,15_01_Cartas_Enviadas/RADICADAS/2018/CI004_369118_070401_CON_OBS_ALMA-5235.pdf
2667,5,CONSORCIO 4C,GP-4794,CONCESIÓN ALTO MAGDALENA S.A.S.,ALMA-R-2018-2236,12/07/2018,Ref. Contrato de Concesión 003 de 2014 Concesión Honda - Girardot - Puerto Salgar. Observaciones Fichas Prediales UF 3 y 5,15_01_Cartas_Enviadas/RADICADAS/2018/CI004_479418_070401_CON_OBS_ALMA-2018-2411-1951 (1).pdf
2666,4,CONSORCIO 4C,GP-5263,CONCESIÓN ALTO MAGDALENA S.A.S.,ALMA-R-2018-3041,27/09/2018,MANEJO INADECUADO DE RCD UF 5 / Incumplimiento Resolución 0472 de 2017,15_01_Cartas_Enviadas/RADICADAS/2018/CI004_526318_070108_CON_MAN_INAD_RCD_UF5.pdf
2665,7,CONSORCIO 4C,GP-4142,CONCESIÓN ALTO MAGDALENA S.A.S.,ALMA-R-2018-1027,27/03/2018,OBSERVACIONES AVANCE GESTION PREDIAL,15_01_Cartas_Enviadas/RADICADAS/2018/CI004_414218_070400_CON_AVANCE_PREDIAL_260318.pdf
2664,5,CONSORCIO 4C,GP-4738,CONCESIÓN ALTO MAGDALENA S.A.S,ALMA-R-2018-2100,27/06/2018,Contrato de Concesión 003 de 2014 Concesión Honda - Girardot - Puerto Salgar. Observaciones Revisión Avalúo UF4,15_01_Cartas_Enviadas/RADICADAS/2018/CI004_473818_070401_CON_OBS_ALMA-2018-2184.pdf
2671,6,CONSORCIO 4C,GP-3749,CONCESIÓN ALTO MAGDALENA S.A.S,ALMA-R-2018-0203,09/01/2018,Contrato de Concesión 003 de 2014 Concesión Honda - Girardot - Puerto Salgar. Observaciones Revisión Avalúos UF 3,15_01_Cartas_Enviadas/RADICADAS/2018/CI004_374918_070401_CON_OBS_ALMA-4812-4818.pdf
2669,3,CONSORCIO 4C,GP-4759,CONCESIÓN ALTO MAGDALENA S.A.S.,ALMA-R-2018-2149,04/07/2018,Inyección Componentes Postensados Nuevo Puente Puerto Salgar,15_01_Cartas_Enviadas/RADICADAS/2018/CI004_475918_070103_CON_INYECCION-PTE SALGAR.pdf
2668,3,CONSORCIO 4C,GP-4087,CONCESIÓN ALTO MAGDALENA S.A.S.,ALMA-R-2018-0930,20/03/2018,Contrato de Concesión 003 de 2014 Concesión Honda - Girardot - Puerto Salgar Construcción Alcantarilla K8+381 - UF 5.4,15_01_Cartas_Enviadas/RADICADAS/2018/CI004_408718_070107_CON_CONSTR_ALCK8+381_UF5.4.pdf
2670,7,CONSORCIO 4C,GP-5255,CONCESIÓN ALTO MAGDALENA S.A.S,ALMA-R-2018-3028,26/09/2018,PREDIALES BODEGUITAS ALMA-4-0062 Y A,15_01_Cartas_Enviadas/RADICADAS/2018/CI004_525518_070401_CON_PREDIOS_ALMA-4-0062-63.pdf
2674,13,CONSORCIO 4C,GP-3670,CONCESIÓN ALTO MAGDALENA S.A.S,ALMA-R-2018-0037,04/01/2018,OBSERVACIONES REVISION AVALUOS UF 5,15_01_Cartas_Enviadas/RADICADAS/2018/CI004_367018_070401_CON_OBS_ALMA-5225-5226-5227-5228-5229-5230-5099.pdf
2673,5,CONSORCIO 4C,GP-4192,CONCESIÓN ALTO MAGDALENA S.A.S,ALMA-R-2018-1111,05/04/2018,Observaciones Revisión Avalúos UF2,15_01_Cartas_Enviadas/RADICADAS/2018/CI004_419218_070406_CON_OBS_ALMA-2018-1096.pdf
2675,4,CONSORCIO 4C,GP-4177,CONCESIÓN ALTO MAGDALENA S.A.S.,ALMA-R-2018-1085,02/04/2018,Contrato de Concesión 003 de 2014 Concesión Honda – Girardot – Puerto Salgar. Observaciones Fichas Prediales UF 3,15_01_Cartas_Enviadas/RADICADAS/2018/CI004_417718_070401_CON_OBS_ALMA-1027.pdf
2672,3,CONSORCIO 4C,GP-3863,CONCESIÓN ALTO MAGDALENA S.A.S.,ALMA-R-2018-0503,09/02/2018,Contrato de Concesión 003 de 2014 Concesión Honda - Girardot - Puerto Salgar Incumplimiento Art 801-07 - UF4.,15_01_Cartas_Enviadas/RADICADAS/2018/CI004_386318_070104_CON_ROCERIA_UF4.pdf
2677,3,CONSORCIO 4C,GP-4390,CONCESIÓN ALTO MAGDALENA S.A.S,ALMA-R-2018-1476,08/05/2018,Contrato de Concesión 003 de 2014 Concesión Honda – Girardot – Puerto Salgar Cambio Pilotes Puente Guarinó de UF5,15_01_Cartas_Enviadas/RADICADAS/2018/CI004_439018_070107_CON_PTE-GUARINO_PILOTES_ALMA3918.pdf
2681,13,CONSORCIO 4C,GP-4648,CONCESIÓN ALTO MAGDALENA S.A.S,ALMA-R-2018-1938,15/06/2018,OBSERVACIONES MEMORIA TENICA (UF 5.4),15_01_Cartas_Enviadas/RADICADAS/2018/CI004_464818_070500_CON_SEG_MEMOTECNICA_ABRIL-2018-UF5.4.pdf
2663,3,CONSORCIO 4C,GP-5744,CONCESIÓN ALTO MAGDALENA S.A.S,ALMA-R-2018-3898,20/12/2018,INFORME SEGUIMIENTO MONITOREO N°2 RE,15_01_Cartas_Enviadas/RADICADAS/2018/CI004_574418_CON_RESP_ALMA-2018-4486.pdf
2676,3,CONSORCIO 4C,GP-4911,CONCESIÓN ALTO MAGDALENA S.A.S.,ALMA-R-2018-2402,27/07/2018,"AUDITORIAS. APENDICE TENICO 6, NUMERAL 4.1, literal (d) / Alcance comunicado CI.004/GP3296/18/7.1.8",15_01_Cartas_Enviadas/RADICADAS/2018/CI004_491118_070108_CON_REIT_SOLIC_INF_AUD_AMB (1).pdf
2683,4,CONSORCIO 4C,GP-4770,CONCESIÓN ALTO MAGDALENA S.A.S.,ALMA-R-2018-2166,05/07/2018,Contrato de Concesión 003 de 2014 Concesión Honda - Girardot - Puerto Salgar Revisión Diseños Pesaje UF5.4.,15_01_Cartas_Enviadas/RADICADAS/2018/CI004_477018_070107_CON_RESP-ALMA-2022_OBSERVA_PESAJE-UF5.4.pdf
2680,2,CONSORCIO 4C,GP-5739,AGENCIA NACIONAL DE INFRAESTRUCTURA - ANI,20184091347242,20/12/2018,Contrato de Concesión 003 de 2014 Concesión Honda – Girardot – Puerto Salgar. Remisión Informe Especial No. 14 Pendientes UF3 y UF5.,15_01_Cartas_Enviadas/RADICADAS/2018/CI004_573918_091000_ANI_INF_ESP_14.pdf
2684,3,CONSORCIO 4C,GP-3700,CONCESIÓN ALTO MAGDALENA S.A.S.,ALMA-R-2018-0897,10/01/2018,Contrato de Concesión 003 de 2014 Concesión Honda - Girardot - Puerto Salgar Ajuste Diseño Geométrico Paso Urbano Beltrán Unidad Funcional 3,15_01_Cartas_Enviadas/RADICADAS/2018/CI004_370018_070107_CON_AJUSTE_PASO-URBANO-BELTRAN_ALMA-4988.pdf
2679,2,CONSORCIO 4C,GP-4915,CONCESIÓN ALTO MAGDALENA S.A.S.,ALMA-R-2018-2406,27/07/2018,Contrato de Concesión 003 de 2014 Concesión Honda - Girardot - Puerto Salgar Actualización de Listas Blancas,15_01_Cartas_Enviadas/RADICADAS/2018/CI004_491518_070301_CON_ACTUALI_LISTA-BLANC_SOFWAR (1).pdf
2682,7,CONSORCIO 4C,GP-4922,AGENCIA NACIONAL DE INFRAESTRUCTURA - ANI,20184090766512,31/07/2018,Contrato de Concesión 003 de 2014 Concesión Honda – Girardot – Puerto Salgar Medición Nivel de Servicio O5.,15_01_Cartas_Enviadas/RADICADAS/2018/CI004_492218_050300_070303_ANI_DIFERENCIA_APLICACION_INDICADOR-O5.pdf
2678,2,CONSORCIO 4C,GP-4993,AGENCIA NACIONAL DE INFRAESTRUCTURA - ANI,2018-409-081895-2,10/08/2018,Contrato de Concesión 003 de 2014 Concesión Honda - Girardot - Puerto Salgar Resoluciones de Expropiación,15_01_Cartas_Enviadas/RADICADAS/2018/CI004_499318_070404_ANI_RESOL_EXPROPIACION.pdf
2685,4,CONSORCIO 4C,GP-4883,CONCESIÓN ALTO MAGDALENA S.A.S,ALMA-R-2018-2364,26/07/2018,OBSERVACIONES PAGO SEGURIDAD SOCIAL,15_01_Cartas_Enviadas/RADICADAS/2018/CI004_488318_070110_CON_ALCSEG_SOC_MARFEB2018.pdf
2688,5,CONSORCIO 4C,GP-5123,CONCESIÓN ALTO MAGDALENA S.A.S,ALMA-R-2018-2792,06/09/2018,Contrato de Concesión 003 de 2014 Concesión Honda - Girardot - Puerto Salgar. Observaciones Pago Seguridad Social Mayo de 2018 y Salarios de Abril de 2018,15_01_Cartas_Enviadas/RADICADAS/2018/CI004_512318_070110_CON_SEG_SOC_MAYABR2018.pdf
2689,7,CONSORCIO 4C,GP-4012,CONCESIÓN ALTO MAGDALENA S.A.S.,ALMA-R-2018-0803,08/03/2018,MEDICION NIVELES SERVICIO FEBRERO 2018,15_01_Cartas_Enviadas/RADICADAS/2018/CI004_401218_070303_CON_MEDICION_INDICADORES_FEBRERO-2018.pdf
2687,2,CONSORCIO 4C,GP-3759,CONCESIÓN ALTO MAGDALENA S.A.S.,ALMA-R-2018-0215,18/01/2018,Contrato de Concesión 003 de 2014 Concesión Honda - Girardot - Puerto Salgar. Cancelación Arriendo y Manutención Sr. Alirio Salguero Urquijo - Traslado Temporal,15_01_Cartas_Enviadas/RADICADAS/2018/CI004_375918_070109_CON_ATENCION_SEÑOR_SALGERO.pdf
2686,3,CONSORCIO 4C,GP-4072,CONCESIÓN ALTO MAGDALENA S.A.S.,ALMA-R-2018-0880,14/03/2018,SEGUIMIENTOS COMPROMISOS SRA. MARY PATIÑO,15_01_Cartas_Enviadas/RADICADAS/2018/CI004_407218_070109_CON_SEG_COMPROMISOS_MARY_PATIÑO.pdf
2693,8,CONSORCIO 4C,GP-4023,CONCESIÓN ALTO MAGDALENA S.A.S.,ALMA-R-2018-0816,08/03/2018,Contrato de Concesión 003 de 2014 Concesión Honda - Girardot - Puerto Salgar. Respuesta Comunicación ALMA-2018-0401 y Alcance Comunicación CI.004/GP3425/17/7.1.8-7.1.9,15_01_Cartas_Enviadas/RADICADAS/2018/CI004_402318_070108_070109_CON_ALMA-2018-0401_PRED-GIBRALT_UF5.4.pdf
2692,2,CONSORCIO 4C,GP-4396,AGENCIA NACIONAL DE INFRAESTRUCTURA - ANI,20184090461192,09/05/2018,Contrato de Concesión 003 de 2014 Concesión Honda – Girardot – Puerto Salgar. Informe Socioambiental 30 Versión 00,15_01_Cartas_Enviadas/RADICADAS/2018/CI004_439618_090200_ANI_INFORME_SOCIOAMBIENTAL_ABRIL_2018.pdf
2696,14,CONSORCIO 4C,GP-5090,AGENCIA NACIONAL DE INFRAESTRUCTURA,ALMA-R-2018-2815,05/09/2018,Comunicado ANI No 2018-305-026977-1,15_01_Cartas_Enviadas/RADICADAS/2018/CI004_509018_050300_ANI_ACLARACION_O5 (1).pdf
2697,4,CONSORCIO 4C,GP-4077,CONCESIÓN ALTO MAGDALENA S.A.S.,ALMA-R-2018-0885,14/03/2018,Contrato de Concesión 003 de 2014 Concesión Honda - Girardot - Puerto Salgar. Condiciones Seguridad UF 1 y 2 Semana 161,15_01_Cartas_Enviadas/RADICADAS/2018/CI004_407718_070110_CON_SEGSISO_UF1y2_SEM161.pdf
2694,4,CONSORCIO 4C,GP-5341,CONCESIÓN ALTO MAGDALENA S.A.S,ALMA-R-2018-3171,11/10/2018,SEGUIMIENTO PLAN DE OBRAS - GESTIÓN PREDIAL K11+820 al K13+500 de la UF 5.4.,15_01_Cartas_Enviadas/RADICADAS/2018/CI004_534118_070101_CON_ALMA-2018-3790_K11+820-K13+500.pdf
2691,3,CONSORCIO 4C,GP-4721,CONCESIÓN ALTO MAGDALENA S.A.S,ALMA-R-2018-2058,26/06/2018,Contrato de Concesión 003 de 2014 Concesión Honda – Girardot – Puerto Salgar. Requerimiento Seguimiento Predios Solicitud Desenglobe Catastral,15_01_Cartas_Enviadas/RADICADAS/2018/CI004_472118_070401_CON_SOLIC_DESENGLOBE_CATASTRAL.pdf
2690,4,CONSORCIO 4C,GP-4959,CONCESIÓN ALTO MAGDALENA S.A.S,ALMA-R-2018-2488,03/08/2018,Contrato de Concesión 003 de 2014 Concesión Honda - Girardot - Puerto Salgar. Obligaciones pendientes UF1 / Respuesta ALMA-2018-2837,15_01_Cartas_Enviadas/RADICADAS/2018/CI004_495918_070108_CON_OBLIG_PEND_UF1_RESP_ALMA-2018-2837.pdf
2699,5,CONSORCIO 4C,GP-4238,CONCESIÓN ALTO MAGDALENA S.A.S,ALMA-R-2018-1193,12/04/2018,"Contrato de Concesión 003 de 2014 Concesión Honda – Girardot – Puerto Salgar. Respuesta ALMA-2018-1080 / Observaciones Informe Cierre Ambiental Unidades Funcionales 1, 2 y 4",15_01_Cartas_Enviadas/RADICADAS/2018/CI004_423818_070108_CON_ALMA-2018-1080 CIERRE_AMB.pdf
2695,5,CONSORCIO 4C,GP-5682,CONCESIÓN ALTO MAGDALENA S.A.S,ALMA-R-2018-3785,10/12/2018,Contrato de Concesión 003 de 2014 Concesión Honda - Girardot - Puerto Salgar. Observaciones Revisión de Avalúo UF3,15_01_Cartas_Enviadas/RADICADAS/2018/CI004_568218_070406_CON_OBS_ALMA-2018-4416-.pdf
2703,4,CONSORCIO 4C,GP-5434,CONCESIÓN ALTO MAGDALENA S.A.S.,ALMA-R-2018-3306,23/10/2018,SEGURIDAD VIAL - REHABILITACION UF 5.2,15_01_Cartas_Enviadas/RADICADAS/2018/CI004_543418_CON_REHABILITACIÓN_UF5.2_SEGURIDAD-VIAL.pdf
2698,3,CONSORCIO 4C,GP-4219,CONCESIÓN ALTO MAGDALENA S.A.S.,ALMA-R-2018-1162,10/04/2018,Revisión Fichas Sociales - Respuesta a comunicación ALMA-2018-0607,15_01_Cartas_Enviadas/RADICADAS/2018/CI004_421918_070402_CON_FICHAS_SOCIALES_ALMA-0607.pdf
2702,5,CONSORCIO 4C,GP-3956,CONCESIÓN ALTO MAGDALENA S.A.S,ALMA-R-2018-0673,21/02/2018,Contrato de Concesión 003 de 2014 Concesión Honda – Girardot – Puerto Salgar. Observaciones Revisión Avalúos UF3,15_01_Cartas_Enviadas/RADICADAS/2018/CI004_395618_070401_CON_OBS_ALMA-0529.pdf
2709,5,CONSORCIO 4C,GP-4423,CONCESIÓN ALTO MAGDALENA S.A.S,ALMA-R-2018-1518,10/05/2018,OBSERVACIONES REVISIONES AVALÚOS UF 2,15_01_Cartas_Enviadas/RADICADAS/2018/CI004_442318_070406_CON_OBS_ALMA-2018-1767.pdf
2700,2,CONSORCIO 4C,GP-4107,CONCESIÓN ALTO MAGDALENA S.A.S.,ALMA-R-2018-0959,21/03/2018,Actualización Plan Compensaciones Socioeconómicas,15_01_Cartas_Enviadas/RADICADAS/2018/CI004_410718_070402_CON_PCSE_RTA_ALMA_0956.pdf
2706,3,CONSORCIO 4C,GP-5062,CONCESIÓN ALTO MAGDALENA S.A.S.,ALMA-R-2018-2674,24/08/2018,REVISION DISEÑOS HIDROSANITARIOS AREA,15_01_Cartas_Enviadas/RADICADAS/2018/CI004_506218_070107_CON_REV_HIDRO_AREASERVICIOS-UF3 (1).pdf
2707,2,CONSORCIO 4C,GP-5689,CONCESIÓN ALTO MAGDALENA S.A.S.,ALMA-R-2018-3811,11/12/2018,Revisión Fichas Sociales - Respuesta a comunicación ALMA-2018-4607,15_01_Cartas_Enviadas/RADICADAS/2018/CI004_568918_070402_CON_FSOCIALES_ALMA-4607 (2).pdf
2708,5,CONSORCIO 4C,GP-5526,CONCESIÓN ALTO MAGDALENA S.A.S,ALMA-R-2018-3510,06/11/2018,Contrato de Concesión 003 de 2014 Concesión Honda – Girardot – Puerto Salgar. Observaciones Revisión de Avalúo UF3,15_01_Cartas_Enviadas/RADICADAS/2018/CI004_552618_070406_CON_OBS_ALMA-2018-4049 (1).pdf
2705,12,CONSORCIO 4C,GP-4144,CONCESIÓN ALTO MAGDALENA S.A.S,ALMA-R-2018-1029,27/03/2018,REGIMEN DE TRANSICION ART. 193 LEY 1.819,15_01_Cartas_Enviadas/RADICADAS/2018/CI004_414418_070103_CON_REGI-TRANS_ART193-LEY1.819-IVA (1).pdf
2701,8,CONSORCIO 4C,GP-4309,CONCESIÓN ALTO MAGDALENA S.A.S.,ALMA-R-2018-1312,20/04/2018,Observaciones Resolución de Expropiaciones UF 3,15_01_Cartas_Enviadas/RADICADAS/2018/CI004_430918_070404_CON_RES_EXP_ALMA-2018-1430-1428-1429-1441-1440 (2).pdf
2704,5,CONSORCIO 4C,GP-4602,AGENCIA NACIONAL DE INFRAESTRUCTURA - ANI,2018-409-041649-2,07/06/2018,"Contrato de Concesión 003 de 2014 Concesión Honda – Girardot – Puerto Salgar Formato GCSP-F-196 versión 002. Alcaldía de La Dorada, Caldas. Instalación Sistema Semafórico PR32+220 Ruta Nacional 4510 Variante La Dorada. Radicado ANI 2018-409-041649-2. No. Expediente 20183040280200153E",15_01_Cartas_Enviadas/RADICADAS/2018/CI004_460218_070114_ANI_PERMISO_SEMAFOROS_LA-DORADA.pdf
2710,3,CONSORCIO 4C,GP-4076,CONCESIÓN ALTO MAGDALENA S.A.S.,ALMA-R-2018-0884,14/03/2018,SEGUIMIENTO CUMPLIMIENTO PAGO SALARIAL,15_01_Cartas_Enviadas/RADICADAS/2018/CI004_407618_070110_CON_SEGCUMP_PAGO_SALARIOS.pdf
2711,2,CONSORCIO 4C,GP-3940,CONCESIÓN ALTO MAGDALENA S.A.S.,ALMA-R-2018-0646,21/02/2018,SEGUIMIENTO CUMPLIMIENTO COMPROMISOS,15_01_Cartas_Enviadas/RADICADAS/2018/CI004_394018_070109_CON_ PQR-UF4-2017-302_SANDRA_PATIÑO.pdf
2715,2,CONSORCIO 4C,GP-3728,CONCESIÓN ALTO MAGDALENA S.A.S.,ALMA-R-2018-0137,11/01/2018,SOLICITUD INFORME AUDITORIAS INTEGRALES SST,15_01_Cartas_Enviadas/RADICADAS/2018/CI004_372818_070110_CON_SOL_AUDI_INTEGRALES.pdf
2713,2,CONSORCIO 4C,GP-5380,AGENCIA NACIONAL DE INFRAESTRUCTURA - ANI,20184091078862,17/10/2018,Contrato de Concesión 003 de 2014 Concesión Honda – Girardot – Puerto Salgar. Desvinculación laboral.,15_01_Cartas_Enviadas/RADICADAS/2018/CI004_538018_0202000_ANI_INF_LABOR.pdf
2716,2,CONSORCIO 4C,GP-4232,CONCESIÓN ALTO MAGDALENA S.A.S,ALMA-R-2018-1187,12/04/2018,SOLICITUD CRONOGRAMA INTERVENCION PUENTES CONTRACTUALES UNIDAD FUNCIONAL 5.2,15_01_Cartas_Enviadas/RADICADAS/2018/CI004_423218_070101_CON_SOLICT_CRONOGRAMA-BURRAS-DORA-GALL.pdf
2714,3,CONSORCIO 4C,GP-4726,CONCESIÓN ALTO MAGDALENA S.A.S.,ALMA-R-2018-2062,27/06/2018,Contrato de Concesión 003 de 2014 Concesión Honda - Girardot - Puerto Salgar Seguimiento Plan de Obras - Gestión Predial Intersección Puente Actual Puerto Salgar (Costado Occidental) Ruta 45CLA Vía Norcasia,15_01_Cartas_Enviadas/RADICADAS/2018/CI004_472618_070101_CON_INTERV-PREDIOS_AVA-OBRA_NORCASIA-UF5.pdf
2712,4,CONSORCIO 4C,GP-4748,CONCESIÓN ALTO MAGDALENA S.A.S.,ALMA-R-2018-2128,29/06/2018,Contrato de Concesión 003 de 2014 Concesión Honda – Girardot – Puerto Salgar. Seguimiento Condiciones Seguridad UF 3 Semana 177 y 178,15_01_Cartas_Enviadas/RADICADAS/2018/CI004_474818_070110_CON_SEGSISO_UF3_SEM177.pdf
2720,3,CONSORCIO 4C,GP-5522,CONCESIÓN ALTO MAGDALENA S.A.S.,ALMA-R-2018-3496,02/11/2018,ENTREGA UF3- VERIFICACION DE INDICADOR,15_01_Cartas_Enviadas/RADICADAS/2018/CI004_552218_090300_VERIFICA_INDIC-MINI_UF3-2018.pdf
2719,4,CONSORCIO 4C,GP-4899,CONCESIÓN ALTO MAGDALENA S.A.S.,ALMA-R-2018-2390,11/07/2018,Contrato de Concesión 003 de 2014 Concesión Honda – Girardot – Puerto Salgar Observaciones Resolución de Expropiación UF4,15_01_Cartas_Enviadas/RADICADAS/2018/CI004_489918_070404_CON_OBS_RES_EXP_ALMA-2018-2628 (1).pdf
2717,4,CONSORCIO 4C,GP-5693,CONCESIÓN ALTO MAGDALENA S.A.S.,ALMA-R-2018-3803,11/12/2018,Contrato de Concesión 003 de 2014 Concesión Honda - Girardot - Puerto Salgar. Gestión Predial UF2,15_01_Cartas_Enviadas/RADICADAS/2018/CI004_569318_070400_CON_EXP_UF2 (1).pdf
2726,3,CONSORCIO 4C,GP-4062,CONCESIÓN ALTO MAGDALENA S.A.S,ALMA-R-2018-0870,14/03/2018,Certificación Pagos Fideicomiso de la Transacción,15_01_Cartas_Enviadas/RADICADAS/2018/CI004_406218_070202_CON_CERTIFICACION_TRANSACCION_MARZO18.pdf
2718,5,CONSORCIO 4C,GP-4585,AGENCIA NACIONAL DE INFRAESTRUCTURA – ANI,ALMA-R-2018-1837,06/06/2018,Contrato de Concesión 003 de 2014 Concesión Honda – Girardot – Puerto Salgar Concepto Afectación PTAP K31+900 - UF2,15_01_Cartas_Enviadas/RADICADAS/2018/CI004_458518_070107_ANI_PTAP_PORVENIR_UF2.pdf
2725,16,CONSORCIO 4C,GP-5610,AGENCIA NACIONAL DE INFRAESTRUCTURA - ANI,ALMA-R-2018-3643,23/11/2018,Ref. Contrato de Concesión 003 de 2014 Concesión Honda - Girardot - Puerto Salgar Solicitud de No Objeción para Otorgar Plazo de Cura al Concesionario por Incumplimiento en la implementación del PMT en la UF3 y UF5.,15_01_Cartas_Enviadas/RADICADAS/2018/CI004_561018_050300_070111_ANI_NO-OBJEC_CURA_PMT.pdf
2724,6,CONSORCIO 4C,GP-4747,CONCESIÓN ALTO MAGDALENA S.A.S,ALMA-R-2018-2127,29/06/2018,Contrato de Concesión 003 de 2014 Concesión Honda - Girardot - Puerto Salgar. Observaciones Pago de Seguridad Social Marzo y Salarios de Febrero/2018.,15_01_Cartas_Enviadas/RADICADAS/2018/CI004_474718_070110_CON_RTASEG_SOC_MARFEB2018.pdf
2723,7,CONSORCIO 4C,GP-3815,CONCESIÓN ALTO MAGDALENA S.A.S.,ALMA-R-2018-0400,31/01/2018,REVISION DISEÑO MARSHALL MEZCLA MSC 19,15_01_Cartas_Enviadas/RADICADAS/2018/CI004_381518_070113_CON_MARSHALL_MSC19MOD-UF1-2.pdf
2722,6,CONSORCIO 4C,GP-4339,CONCESIÓN ALTO MAGDALENA S.A.S.,ALMA-R-2018-1362,26/04/2018,DEFICIENCIAS CONSTRUCCION DOVELAS N°2 VOLADIZOS N°3 Y N°4,15_01_Cartas_Enviadas/RADICADAS/2018/CI004_433918_070103_CON_HALLAZGOS_DOV2-VOL3-4_PTESALGAR.pdf
2721,3,CONSORCIO 4C,GP-5033,CONCESIÓN ALTO MAGDALENA S.A.S,ALMA-R-2018-2642,23/08/2018,REVISIÓN PLANOS NUEVO PUENTE PUERTO SALGAR UF5.4,15_01_Cartas_Enviadas/RADICADAS/2018/CI004_503318_070107_CON_REVISIÓN_PLANOS_PTESALGAR (1).pdf
2729,6,CONSORCIO 4C,GP-5023,CONCESIÓN ALTO MAGDALENA S.A.S,ALMA-R-2018-2632,13/08/2018,Observaciones Revisión Avalúos UF3 y 4,15_01_Cartas_Enviadas/RADICADAS/2018/CI004_502318_070406_CON_OBS_ALMA-2018-1234-2653.pdf
2728,3,CONSORCIO 4C,GP-4812,CONCESIÓN ALTO MAGDALENA S.A.S.,ALMA-R-2018-2248,13/07/2018,Contrato de Concesión 003 de 2014 Concesión Honda – Girardot – Puerto Salgar Observaciones Resolución de Expropiación UF1 y UF2,15_01_Cartas_Enviadas/RADICADAS/2018/CI004_481218_070404_CON_OBS_RES_EXP_ALMA-2389-2316.pdf
2730,3,CONSORCIO 4C,GP-5575,CONCESIÓN ALTO MAGDALENA S.A.S,ALMA-R-2018-3577,16/11/2018,Ref. Contrato de Concesión 003 de 2014 Concesión Honda - Girardot - Puerto Salgar Informe Semestral de Seguimiento y Monitoreo N°1 / Respuesta ALMA-2018-4190,15_01_Cartas_Enviadas/RADICADAS/2018/CI004_557518_070108_CON_INFO-TRIM_ALMA-2018-4190.pdf
2727,3,CONSORCIO 4C,GP-3971,CONCESIÓN ALTO MAGDALENA S.A.S.,ALMA-R-2018-0693,23/02/2018,CONDICIONES PUENTE PEATONAL NARIÑO UF,15_01_Cartas_Enviadas/RADICADAS/2018/CI004_397118_070103_CON_FUNCIONAL_PEATONAL_NARINO.pdf
2734,3,CONSORCIO 4C,GP-5403,AGENCIA NACIONAL DE INFRAESTRUCTURA – ANI,2018-409-108878-2,17/10/2018,Fideicomiso Fidubogotá - Alto Magdalena 3-1-63664,15_01_Cartas_Enviadas/RADICADAS/2018/CI004_540318_070202_ANI_REMI_FOR_GCSP-F-001_MAN_BUP_SEPT18.pdf
2733,2,CONSORCIO 4C,GP-4654,CONCESIÓN ALTO MAGDALENA S.A.S.,ALMA-R-2018-1945,18/06/2018,Contrato de Concesión 003 de 2014 Concesión Honda - Girardot - Puerto Salgar Respuesta a comunicación ALMA-2018-2074,15_01_Cartas_Enviadas/RADICADAS/2018/CI004_465418_070109_CON_ACTA_VECIND_ALMA-2074.pdf
2732,2,CONSORCIO 4C,GP-3794,CONCESIÓN ALTO MAGDALENA S.A.S.,ALMA-R-2018-0340,25/01/2018,"Anexos Actas Terminación UF1, 2 y 4.",15_01_Cartas_Enviadas/RADICADAS/2018/CI004_379418_090300_CON_ACTAS_TERMINACION_ANEXOS (1).pdf
2731,3,CONSORCIO 4C,GP-5507,CONCESIÓN ALTO MAGDALENA S.A.S,ALMA-R-2018-3483,02/11/2018,RASANTE PUENTE PRINCIPAL NUEVO PUENTE,15_01_Cartas_Enviadas/RADICADAS/2018/CI004_550718_070107_CON_RASANTE_PUENTE_SALGAR.pdf
2737,3,CONSORCIO 4C,GP-5473,CONCESIÓN ALTO MAGDALENA S.A.S.,ALMA-R-2018-3440,31/10/2018,Contrato de Concesión 003 de 2014 Concesión Honda - Girardot - Puerto Salgar. Observaciones Fichas Prediales UF 5,15_01_Cartas_Enviadas/RADICADAS/2018/CI004_547318_070401_CON_OBS_ALMA-2018-3976.pdf
2739,13,CONSORCIO 4C,GP-4528,CONCESIÓN ALTO MAGDALENA S.A.S.,ALMA-R-2018-1724,29/05/2018,MANTENIMIENTO VÍA,15_01_Cartas_Enviadas/RADICADAS/2018/CI004_452818_070104_070303_CON_MANTENIMIENTO_ROCERIA2_2018.pdf
2736,4,CONSORCIO 4C,GP-5264,CONCESIÓN ALTO MAGDALENA S.A.S,ALMA-R-2018-3042,27/09/2018,Contrato de Concesión 003 de 2014 Concesión Honda - Girardot - Puerto Salgar. Resolución 0472 del 28 de febrero de 2017,15_01_Cartas_Enviadas/RADICADAS/2018/CI004_526418_070108_CON_OBLIG_RES_0472.pdf
2735,7,CONSORCIO 4C,GP-4840,CONCESIÓN ALTO MAGDALENA S.A.S.,ALMA-R-2018-2291,17/07/2018,OBSERVACIONES FICHAS PREDIALES UF 3,15_01_Cartas_Enviadas/RADICADAS/2018/CI004_484018_070401_CON_OBS_ALMA-2484.pdf
2740,2,CONSORCIO 4C,GP-5338,SUPERINTENDENCIA DE PUERTOS Y TRANSPORTE,20185604178522,10/10/2018,"CONTR O ATO DE CONCES OWOOD DE,614— NF ORME MI Fecha ad. 7/ 0/201 1 15 Radicador: j ogeescandon Oestin 70 - Supednte dencia D legada Concesiones e Infraestri Remltente: CONSORC 4C aiww.su &transportara .co Calle 153 No. 9 a - 45 9oaotá D.0 3521 Consorcio 4C C1.004/GP5338/18/9.2 Girardot — CND, 10 de octubre de 2018",15_01_Cartas_Enviadas/RADICADAS/2018/CI004_533818_090200_SIPT_INFO_MENTEC47_SOCIAM35_V00.pdf
2738,6,CONSORCIO 4C,GP-5447,CONCESIÓN ALTO MAGDALENA S.A.S,ALMA-R-2018-3335,17/10/2018,Contrato de Concesión 003 de 2014 Concesión Honda - Girardot - Puerto Salgar. Observaciones Revisión Avalúos UF 3 y 4,15_01_Cartas_Enviadas/RADICADAS/2018/CI004_544718_070406_CON_OBS_ALMA-2018-3957-3968 (2).pdf
2741,2,CONSORCIO 4C,GP-4997,CONCESIÓN ALTO MAGDALENA S.A.S,ALMA-R-2018-2562,14/08/2018,SOLICITUD INFORMACION ESTADO PROCESOS EXPROPIACION JUDICIAL,15_01_Cartas_Enviadas/RADICADAS/2018/CI004_499718_070404_CON_INFOR_DEMAN_EXPROP (1).pdf
2744,3,CONSORCIO 4C,GP-4073,CONCESIÓN ALTO MAGDALENA S.A.S.,ALMA-R-2018-0881,14/03/2018,SEGUIMIENTO CALIDAD PROCESOS CONSTRUCTIVOS ALCANTARILLAS UF 5.4,15_01_Cartas_Enviadas/RADICADAS/2018/CI004_407318_070103_CON_SEGUI_ALCANTARILLAS_UF5.4 (1).pdf
2742,3,CONSORCIO 4C,GP-5202,CONCESIÓN ALTO MAGDALENA S.A.S,ALMA-R-2018-2936,19/09/2018,REVISION DISEÑO ESTRUCTURAL AREA DE PEAJE,15_01_Cartas_Enviadas/RADICADAS/2018/CI004_520218_070107_CON_OBSER-ESTRUCTURAL_AREA-PEAJE-UF5.pdf
2743,20,CONSORCIO 4C,GP-4700,AGENCIA NACIONAL DE INFRAESTRUCTURA – ANI,20184090623152,22/06/2018,Concepto Interventoría sobre notificación presunto Evento Eximente de Responsabilidad mediante comunicación con radicado ALMA-2018-2114,15_01_Cartas_Enviadas/RADICADAS/2018/CI004_470018_0503000_ANI_EER_ALMA-2-0004-2_CABI-LINDEROS.pdf
2745,3,CONSORCIO 4C,GP-4906,CONCESIÓN ALTO MAGDALENA S.A.S.,ALMA-R-2018-2397,27/07/2018,Contrato de Concesión 003 de 2014 Concesión Honda - Girardot - Puerto Salgar Seguimiento Plan de Obras -Estación de Peaje UF5.4,15_01_Cartas_Enviadas/RADICADAS/2018/CI004_490618_070101_CON_INTERV-PREDIOS_AVA-OBRA_PEAJE.docx (2) (1).pdf
2747,13,CONSORCIO 4C,GP-5601,AGENCIA NACIONAL DE INFRAESTRUCTURA – ANI,ALMA-R-20190123,22/11/2018,RECLAMACION GLORIETA CAMBAO - ICCU,15_01_Cartas_Enviadas/RADICADAS/2018/CI004_560118_050300_ANI_RECLAMO_CAMBAO_ICCU.pdf
2746,10,CONSORCIO 4C,GP-4427,AGENCIA NACIONAL DE INFRAESTRUCTURA – ANI,2018-409-049663-2,17/05/2018,RENDIMIENTOS MES DE ABRIL DE 2018 P.A. ALTO MAGDALENA 3-1-63664,15_01_Cartas_Enviadas/RADICADAS/2018/CI004_442718_070202_ANI_REMI_FOR_GCSP-F-207_RS_ABRIL_2018.pdf
2751,5,CONSORCIO 4C,GP-4089,CONCESIÓN ALTO MAGDALENA S.A.S,ALMA-R-2018-0932,20/03/2018,ASPECTOS E IMPACTOS UNIDAD FUNCIONAL 1,15_01_Cartas_Enviadas/RADICADAS/2018/CI004_408918_070108_CON_ASP_IMP_UF1.pdf
2752,4,CONSORCIO 4C,GP-3721,AGENCIA NACIONAL DE INFRAESTRUCTURA – ANI,20184090021722,11/01/2018,Contrato de Concesión 003 de 2014 Concesión Honda – Girardot – Puerto Salgar Estructura Tarifaria Peaje Cambao,15_01_Cartas_Enviadas/RADICADAS/2018/CI004_372118_070207_ANI_TARIFAS_PEAJE_CAMBAO.pdf
2748,5,CONSORCIO 4C,GP-4965,AGENCIA NACIONAL DE INFRAESTRUCTURA - ANI,20184090796102,03/08/2018,Contrato de Concesión 003 de 2014 Concesión Honda – Girardot – Puerto Salgar. Gestión Predial ALMA-2-0004-2 y ALMA-2-0006,15_01_Cartas_Enviadas/RADICADAS/2018/CI004_496518_070401_ANI_PREDIOS_CERRO-COLOR_UF2-2.pdf
2750,3,CONSORCIO 4C,GP-4098,CONCESION ALTO MAGDALENA S.A.S,ALMA-R-2018-0941,20/03/2018,Contrato de Concesión 003 de 2014 Concesión Honda - Girardot - Puerto Salgar Póliza Todo Riesgo Construcción,15_01_Cartas_Enviadas/RADICADAS/2018/CI004_409818_050300_CON_POLIZA_TODO-RIESGO_CONSTRUCCION-18.pdf
2758,2,CONSORCIO 4C,GP-4251,CONCESIÓN ALTO MAGDALENA S.A.S,ALMA-R-2018-1230,12/04/2018,Acta de Retribución UF 4 y Compensación Especial Uf 1 y 2 Por medio de la presente nos permitimos devolver debidamente firmada por el Consorcio 4C un ejemplar de Acta No 1 de Retribución Unidad Funcional No 4 y Acta de Compensación Especial No 1 de las Unidades Funcionales 1 y 2 las cuales remplazan las remitidas por el Concesionario a la AN I en su comunicación ALMA-2018-1089 con radicado ANI el 13 de marzo del 2018.,15_01_Cartas_Enviadas/RADICADAS/2018/CI004_425118_060200_CON_ACTA_RETRIB_UF4_COMPEN_UF1.pdf
2749,3,CONSORCIO 4C,GP-4354,CONCESIÓN ALTO MAGDALENA S.A.S,ALMA-R-2018-1410,03/05/2018,REVISION MANEJO HIDRAULICO SUPERFICIAL,15_01_Cartas_Enviadas/RADICADAS/2018/CI004_435418_070107_CON_REV_CUNETAS_K47_UF3.pdf
2755,4,CONSORCIO 4C,GP-5742,CONCESIÓN ALTO MAGDALENA S.A.S,ALMA-R-2018-3894,20/12/2018,INFORME N° RESOLUCION 1928 DE 2015,15_01_Cartas_Enviadas/RADICADAS/2018/CI004_574218_070108_CON_RESP_ALMA-2018-4577.pdf
2753,6,CONSORCIO 4C,GP-4781,CONCESIÓN ALTO MAGDALENA S.A.S,ALMA-R-2018-2191,05/07/2018,Contrato de Concesión 003 de 2014 Concesión Honda – Girardot – Puerto Salgar. Observaciones Revisión Avalúos UF 5,15_01_Cartas_Enviadas/RADICADAS/2018/CI004_478118_070406_CON_OBS_ALMA-2018-1863-2349.pdf
2756,11,CONSORCIO 4C,GP-0014,AGENCIA NACIONAL DE INFRAESTRUCTURA,2018-409-004404-2,16/01/2018,Contrato de Interventoría 145 de 2014 Interventoría Concesión Vial Girardot – Honda – Puerto Salgar Envío Pago de Interventoría 38,15_01_Cartas_Enviadas/RADICADAS/2018/CI004_001418_020100_ANI_PAGO MENSUAL 38_20171201-20171231_FV 40.pdf
2754,17,CONSORCIO 4C,GP-4677,AGENCIA NACIONAL DE INFRAESTRUCTURA - ANI,2018-409-064240-2,25/06/2018,Contrato de Concesión 003 de 2014 Concesión Honda - Girardot - Puerto Salgar Actas de Calculo Retribución UF4,15_01_Cartas_Enviadas/RADICADAS/2018/CI004_467718_060200_ANI_ACTAS_CAL_RETRI_UF4..pdf
2757,4,CONSORCIO 4C,GP-3745,CONCESIÓN ALTO MAGDALENA S.A.S,ALMA-R-2018-0196,16/01/2018,"cierre ambiental uf 1, 2 y 4",15_01_Cartas_Enviadas/RADICADAS/2018/CI004_374518_070108_CIERRE_AMBIENTAL.pdf
2762,3,CONSORCIO 4C,GP-4174,CONCESIÓN ALTO MAGDALENA S.A.S,ALMA-R-2018-1874,02/04/2018,Contrato de Concesión 003 de 2014 Concesión Honda - Girardot - Puerto Salgar Procedimiento Izaje Vigas Postensadas Puentes de la UF5,15_01_Cartas_Enviadas/RADICADAS/2018/CI004_417418_070107_CON_CONCEPTO_INYECCION_VIGAS (1) (1).pdf
2761,2,CONSORCIO 4C,GP-5734,CONCESIÓN ALTO MAGDALENA S.A.S.,ALMA-R-2018-3891,19/12/2018,Contrato de Concesión 003 de 2014 Concesión Honda - Girardot - Puerto Salgar Medición Indicador E15-UF4.,15_01_Cartas_Enviadas/RADICADAS/2018/CI004_573418_070303_MEDICIÓN_INDICADOR_E15_UF4.pdf
2765,3,CONSORCIO 4C,GP-5363,CONCESIÓN ALTO MAGDALENA S.A.S,ALMA-R-2018-3193,11/10/2018,REQUERIMIENTOS AUTOS DRAM 0527 Y 0979,15_01_Cartas_Enviadas/RADICADAS/2018/CI004_536318_070108_REQ_AUTO_DRAM_0527_0979.pdf
2759,4,CONSORCIO 4C,GP-4446,CONCESIÓN ALTO MAGDALENA S.A.S.,ALMA-R-2018-1576,18/05/2018,Contrato de Concesión 003 de 2014 Concesión Honda – Girardot – Puerto Salgar. Seguimiento condiciones de seguridad UF 1 y 2. Semana 170,15_01_Cartas_Enviadas/RADICADAS/2018/CI004_444618_070110_CON_SEGSISO_UF1-2_SEM170.pdf
2766,4,CONSORCIO 4C,GP-4709,CONCESIÓN ALTO MAGDALENA S.A.S.,ALMA-R-2018-2041,26/06/2018,GESTION AMBIENTAL INTERSECCION COSTADO OCCIDENTAL NUEVO PUENTE DE HONDA / Alcance comunicado CI.004/GP4557/18/7.1.8,15_01_Cartas_Enviadas/RADICADAS/2018/CI004_470918_070108_CON_INT_COST_OCCI_UF5.2.pdf
2760,4,CONSORCIO 4C,GP-5286,AGENCIA NACIONAL DE INFRAESTRUCTURA - ANI,20184091005222,28/09/2018,"Contrato de Concesión 003 de 2014 Concesión Honda – Girardot – Puerto Salgar Respuesta a comunicado ANI-2018305030597-1. Frecuencia máxima medición de Indicadores Apéndice Técnico No. 4 – E1, E2, E4, E5, E11 y E12.",15_01_Cartas_Enviadas/RADICADAS/2018/CI004_528618_070303_ANI_NIVELES-SERVICIO_ALTO_RENDIMIENTO.pdf
2764,3,CONSORCIO 4C,GP-4356,CONCESIÓN ALTO MAGDALENA S.A.S.,ALMA-R-2018-1412,03/05/2018,Contrato de Concesión 003 de 2014 Concesión Honda - Girardot - Puerto Salgar Resolución de Expropiación UF2,15_01_Cartas_Enviadas/RADICADAS/2018/CI004_435618_070404_CON_NOOBJ_RESOL_EXPRO_ALMA-2018-1595-1598-1565.pdf
2763,3,CONSORCIO 4C,GP-4478,CONCESIÓN ALTO MAGDALENA S.A.S.,ALMA-R-2018-1654,23/05/2018,COMPORTAMIENTO ESTRUCTURAL DOVELAS Nuevo Puente Puerto Salgar UF 5.4,15_01_Cartas_Enviadas/RADICADAS/2018/CI004_447818_070103_CON_COMPORTAMIENTO_DOVELAS_PUENTE-SALGAR.pdf
2772,3,CONSORCIO 4C,GP-3948,CONCESIÓN ALTO MAGDALENA S.A.S,ALMA-R-2018-0653,21/02/2018,Contrato de Concesión 003 de 2014 Concesión Honda - Girardot - Puerto Salgar Verificación Normatividad Intervención Intersección La Melisa - UF5.2.,15_01_Cartas_Enviadas/RADICADAS/2018/CI004_394818_070103_070107_CON_NORMATIVIDAD_EDS-LA-MELISA_UF5.pdf
2771,3,CONSORCIO 4C,GP-4007,CONCESIÓN ALTO MAGDALENA S.A.S.,ALMA-R-2018-0798,08/03/2018,REVISION BARRERA TRAFICO PUENTES CONTF,15_01_Cartas_Enviadas/RADICADAS/2018/CI004_400718_070107_CON_BARRERA_TRANSITO-PETONAL_PTESCONTRACTUALES.pdf
2770,9,CONSORCIO 4C,GP-4357,CONCESIÓN ALTO MAGDALENA S.A.S.,ALMA-R-2018-1413,02/05/2018,OBSERVACIONE RESOLUCIONES DE EXPROPIA,15_01_Cartas_Enviadas/RADICADAS/2018/CI004_435718_070404_CON_RES0_EXPR_ALMA-1569-1571-1564-1566-1570-1568.pdf
2773,8,CONSORCIO 4C,GP-4743,CONCESIÓN ALTO MAGDALENA S.A.S.,ALMA-R-2018-2122,29/06/2018,Contrato de Concesión 003 de 2014 Concesión Honda - Girardot - Puerto Salgar Avance Obras - Gestión Predial UF 5,15_01_Cartas_Enviadas/RADICADAS/2018/CI004_474318_070101_CON_INTERV-PREDIOS_AVA-OBRA_UF5.pdf
2767,3,CONSORCIO 4C,GP-3753,AGENCIA NACIONAL DE INFRAESTRUCTURA – ANI,,17/01/2018,Contrato de Concesión 003 de 2014 Concesión Honda - Girardot - Puerto Salgar. Cumplimiento Requisitos Lonja Propiedad Raíz del Oriente,15_01_Cartas_Enviadas/RADICADAS/2018/CI004_375318_070401_ANI_REVISION_LONJA-ORIENTE_ALMA-5365.pdf
2769,6,CONSORCIO 4C,GP-4873,CONCESIÓN ALTO MAGDALENA S.A.S,ALMA-R-2018-2347,25/07/2018,Contrato de Concesión 003 de 2014 Concesión Honda - Girardot - Puerto Salgar Seguimiento Marco Normativo UF2 / Respuesta ALMA-2018-2052,15_01_Cartas_Enviadas/RADICADAS/2018/CI004_487318_070108_CON_MARCO-NORM_UF2_ALMA-2018-2052 (1).pdf
2776,3,CONSORCIO 4C,GP-4200,CONCESIÓN ALTO MAGDALENA S.A.S.,ALMA-R-2018-1125,06/04/2018,Contrato de Concesión 003 de 2014 Concesión Honda - Girardot - Puerto Salgar. Revisión Fichas Sociales - Respuesta a,15_01_Cartas_Enviadas/RADICADAS/2018/CI004_420018_070402_CON_FICHAS_SOCIALES_RTA-1156.pdf
2775,5,CONSORCIO 4C,GP-5356,CONCESIÓN ALTO MAGDALENA S.A.S,ALMA-R-2018-3186,05/10/2018,OBSERVACIONES REVISION AVALUO UF3,15_01_Cartas_Enviadas/RADICADAS/2018/CI004_535618_070401_CON_OBS_ALMA-2018-3619.pdf
2774,5,CONSORCIO 4C,GP-3751,CONCESIÓN ALTO MAGDALENA S.A.S.,ALMA-R-2018-0205,16/01/2018,Contrato de Concesión 003 de 2014 Concesión Honda - Girardot - Puerto Salgar. Observaciones Fichas Prediales UF5,15_01_Cartas_Enviadas/RADICADAS/2018/CI004_375118_070401_CON_OBS_ALMA-5325-4952.pdf
2777,3,CONSORCIO 4C,GP-3949,CONCESIÓN ALTO MAGDALENA S.A.S.,ALMA-R-2018-0654,21/02/2018,Contrato de Concesión 003 de 2014 Concesión Honda – Girardot – Puerto Salgar Seguimiento Control Calidad Construcción y Diseños Pavimentos UF5.4.,15_01_Cartas_Enviadas/RADICADAS/2018/CI004_394918_070103_070107_CON_ENSAYO-PLACA_UF5.4_CBR.pdf
2779,3,CONSORCIO 4C,GP-4862,CONCESIÓN ALTO MAGDALENA S.A.S.,ALMA-R-2018-2335,24/07/2018,Contrato de Concesión 003 de 2014 Concesión Honda - Girardot - Puerto Salgar Seguimiento Plan de Obras -Área de Servicio,15_01_Cartas_Enviadas/RADICADAS/2018/CI004_486218_070101_CON_INTERV-PREDIOS_AVA-OBRA_AREA-SERVICIOS (1).pdf
2778,9,CONSORCIO 4C,GP-5147,CONCESIÓN ALTO MAGDALENA S.A.S,ALMA-R-2018-2829,06/09/2018,REVISION USO MEZCLA MDC-19 CON ASFAL,15_01_Cartas_Enviadas/RADICADAS/2018/CI004_514718_070113_CON_MARSHAL-MDC-19-60-70-UF5.2_ALMA-2636.pdf
2783,3,CONSORCIO 4C,GP-5727,CONCESIÓN ALTO MAGDALENA S.A.S,ALMA-R-2018-3838,14/12/2018,Contrato de Concesión 003 de 2014 Concesión Honda - Girardot - Puerto Salgar Respuesta ALMA-2018-4486 / Informe de Seguimiento y Monitoreo N°2 Resolución 2129 de 2015,15_01_Cartas_Enviadas/RADICADAS/2018/CI004_572718_CON_RESP_ALMA-2018-4486.pdf
2781,3,CONSORCIO 4C,GP-5407,CONCESIÓN ALTO MAGDALENA S.A.S.,ALMA-R-2018-3252,18/10/2018,Conceptos Interferencia Red Férrea UF5,15_01_Cartas_Enviadas/RADICADAS/2018/CI004_540718_070107_CON_INTERFERENCIAS_RED-FÉRREA_UF5.pdf
2782,4,CONSORCIO 4C,GP-5014,AGENCIA NACIONAL DE INFRAESTRUCTURA – ANI,2018-409-084997-2,17/08/2018,Contrato de Concesión 003 de 2014 Concesión Honda – Girardot – Puerto Salgar. Remisión Formato GCSP-F-009 Informe Mensual Recaudo de Peajes – Julio 2018,15_01_Cartas_Enviadas/RADICADAS/2018/CI004_501418_070202_ANI_REMI_FOR_GCSP-F-009_INFO_MEN_RECAUDO_PEAJES_JULIO2018.pdf
2780,3,CONSORCIO 4C,GP-5491,CONCESIÓN ALTO MAGDALENA S.A.S.,ALMA-R-2018-3456,31/10/2018,Contrato de Concesión 003 de 2014 Concesión Honda – Girardot – Puerto Salgar Implantación y Diseños Obras de Drenaje Intersecciones Unidad Funcional 5.2 y 5.4,15_01_Cartas_Enviadas/RADICADAS/2018/CI004_549118_070107_CON_DISEÑ_DRENAJE_INTERSECCIONES-UF5.2-5.4 (1).pdf
2784,7,CONSORCIO 4C,GP-4263,CONCESIÓN ALTO MAGDALENA S.A.S,ALMA-R-2018-1215,12/04/2018,Observaciones Revisión Avalúos UF5,15_01_Cartas_Enviadas/RADICADAS/2018/CI004_426318_070406_CON_OBS_ALMA-2018-1286 (1).pdf
2787,3,CONSORCIO 4C,GP-4111,CONCESIÓN ALTO MAGDALENA S.A.S.,ALMA-R-2018-0963,21/03/2018,Revisión Fichas Sociales - Comunicación ALMA-2018-0935,15_01_Cartas_Enviadas/RADICADAS/2018/CI004_411118_070402_CON_FICHAS_SOCIALES_ALMA-935.pdf
2786,8,CONSORCIO 4C,GP-5480,CONCESIÓN ALTO MAGDALENA S.A.S,ALMA-R-2018-3447,31/10/2018,SEGUIMIENTO CALIDAD PROCESOS CONTRUC Nivelación capa Intermedia Estructura Pavimento Unidad Funcional 5.4.,15_01_Cartas_Enviadas/RADICADAS/2018/CI004_548018_070103_CON_NIVELACIÓN_CAPA_INTERMEDIA-UF5.4 (1).pdf
2789,6,CONSORCIO 4C,GP-3708,CONCESIÓN ALTO MAGDALENA S.A.S,ALMA-R-2018-0106,09/01/2018,Contrato de Concesión 003 de 2014 Concesión Honda - Girardot - Puerto Salgar. Observaciones Revisión Avalúos UF 4 y 5,15_01_Cartas_Enviadas/RADICADAS/2018/CI004_370818_070401_CON_OBS_ALMA-5232-5236 (1).pdf
2785,6,CONSORCIO 4C,GP-5592,CONCESIÓN ALTO MAGDALENA S.A.S,ALMA-R-2018-3652,20/11/2018,Contrato de Concesión 003 de 2014 Concesión Honda - Girardot - Puerto Salgar Seguimiento Derecho Petición Claudia Leonor Corrales / Quebrada Regaderos,15_01_Cartas_Enviadas/RADICADAS/2018/CI004_559218_070108_CON_DER_PET_K82+415.pdf
2788,3,CONSORCIO 4C,GP-5125,AGENCIA NACIONAL DE INFRAESTRCUTURA,20184090921772,06/09/2018,Contrato de Concesión 003 de 2014 Concesión Honda – Girardot – Puerto Salgar. Seguimiento Compromisos Sra. Mary Patiño,15_01_Cartas_Enviadas/RADICADAS/2018/CI004_512518_070109_ ANI_SEG_COMPROM_MARY-PATIÑO.pdf
2792,2,CONSORCIO 4C,GP-4235,CONCESIÓN ALTO MAGDALENA S.A.S,ALMA-R-2018-1190,12/04/2018,Solicitud Cronograma Intervención Interconexión El Korán Unidad Funcional 5.4,15_01_Cartas_Enviadas/RADICADAS/2018/CI004_423518_070101_CON_SOLICT_CRONOGRAMA-KORAN.pdf
2790,2,CONSORCIO 4C,GP-5694,CONCESIÓN ALTO MAGDALENA S.A.S.,ALMA-R-2018-3804,11/12/2018,Contrato de Concesión 003 de 2014 Concesión Honda - Girardot - Puerto Salgar. Informe EER Gestión Predial UF3,15_01_Cartas_Enviadas/RADICADAS/2018/CI004_569418_070401_CON_OBS_INFEER_UF3 (1).pdf
2796,2,CONSORCIO 4C,GP-5106,CONCESIÓN ALTO MAGDALENA S.A.S.,ALMA-R-2018-2773,05/09/2018,Contrato de Concesión 003 de 2014 Concesión Honda - Girardot - Puerto Salgar Rta. ALMA-2018-2744. PMT Construcción Puente Burras UF5.2.,15_01_Cartas_Enviadas/RADICADAS/2018/CI004_510618_070111_CON_CONCEPTO_PMT-BURRAS_APROBADO.pdf
2793,9,CONSORCIO 4C,GP-5736,CONCESIÓN ALTO MAGDALENA S.A.S,ALMA-R-2018-3892,20/12/2018,OBLIGACIONES PENDIENTES UF4,15_01_Cartas_Enviadas/RADICADAS/2018/CI004_573618_070108_CON_ACTUALIZ_PENDIENTES_UF4.pdf
2795,12,CONSORCIO 4C,GP-4308,CONCESIÓN ALTO MAGDALENA S.A.S,ALMA-R-2018-1311,20/04/2018,"Contrato de Concesión 003 de 2014 Concesión Honda - Girardot - Puerto Salgar. Observaciones Revisión Avalúos UF 2, 3, 4 y 5",15_01_Cartas_Enviadas/RADICADAS/2018/CI004_430818_070401_CON_OBS_ALMA-2018-0939-0941-1348-1392-0730 (1).pdf
2794,3,CONSORCIO 4C,GP-5557,CONCESIÓN ALTO MAGDALENA S.A.S.,ALMA-R-2018-3563,16/11/2018,Contrato de Concesión 003 de 2014 Concesión Honda - Girardot - Puerto Salgar. Observaciones PAGA Operación y Mantenimiento,15_01_Cartas_Enviadas/RADICADAS/2018/CI004_555718_070108_CON_RESP_ALMA-2018-4132 (1).pdf
2797,10,CONSORCIO 4C,GP-5654,CONCESIÓN ALTO MAGDALENA S.A.S.,ALMA-R-2018-3728,27/11/2018,Contrato de Concesión 003 de 2014 Concesión Honda - Girardot - Puerto Salgar. Observaciones Fichas Prediales UF 5,15_01_Cartas_Enviadas/RADICADAS/2018/CI004_565418_070401_CON_OBS__ALMA-4247 (2).pdf
2798,5,CONSORCIO 4C,GP-3673,CONCESIÓN ALTO MAGDALENA S.A.S,ALMA-R-2018-0051,02/01/2018,Observaciones Revisión Avalúos UF 2,15_01_Cartas_Enviadas/RADICADAS/2018/CI004_367318_070401_CON_OBS_ALMA-5219 (1).pdf
2791,3,CONSORCIO 4C,GP-4105,CONCESIÓN ALTO MAGDALENA S.A.S.,ALMA-R-2018-0948,20/03/2018,MEMORIAS CALCULO CARROS AVANCE PUEN,15_01_Cartas_Enviadas/RADICADAS/2018/CI004_410518_070107_CON_MEMORIAS_CARROS_PUERTOSALGAR.pdf
2803,19,CONSORCIO 4C,GP-4341,CONCESIÓN ALTO MAGDALENA S.A.S.,ALMA-R-2018-1363,25/04/2018,Observaciones Fichas Prediales UF4 y UF5,15_01_Cartas_Enviadas/RADICADAS/2018/CI004_434118_070401_CON_OBS_ALMA-1386-1538-1394-1509.pdf
2802,2,CONSORCIO 4C,GP-5048,AGENCIA NACIONAL DE INFRAESTRUCTURA - ANI,2018-603-02661-1,23/08/2018,Contrato de Concesión 003 de 2014 Respuesta oficio ANI 2018-603-02661-1 EER UF 4.2- K 125+880,15_01_Cartas_Enviadas/RADICADAS/2018/CI004_504818_070109_ANI_RTA_20186030266161_EER-4.2.pdf
2806,4,CONSORCIO 4C,GP-3757,CONCESIÓN ALTO MAGDALENA S.A.S,ALMA-R-2018-0213,18/01/2018,Contrato de Concesión 003 de 2014 Concesión Honda - Girardot - Puerto Salgar. Resolución 0472 de 28 de febrero de 2017,15_01_Cartas_Enviadas/RADICADAS/2018/CI004_375718_070108_CON_OBLIG_RES_0472.pdf
2800,2,CONSORCIO 4C,GP-3713,CONCESIÓN ALTO MAGDALENA S.A.S.,ALMA-R-2018-0122,11/01/2018,REITERACION COMPROMISOS PACTADOS SR. ALBERTO LEIVA ESPINOZA (PREDIO GIBRALTAR UF.5),15_01_Cartas_Enviadas/RADICADAS/2018/CI004_371318_070109_CON_REITERAC_ALBERTO_LEIVA.pdf
2804,6,CONSORCIO 4C,GP-5577,CONCESIÓN ALTO MAGDALENA S.A.S.,ALMA-R-2018-3581,16/11/2018,Aspectos e Impactos Ambientales UF 5.4 / Respuesta ALMA-2018-4133,15_01_Cartas_Enviadas/RADICADAS/2018/CI004_557718_070108_CON_RESP_ALMA-2018-4133 (1).pdf
2801,5,CONSORCIO 4C,GP-4367,CONCESIÓN ALTO MAGDALENA S.A.S.,ALMA-R-2018-1431,04/05/2018,Contrato de Concesión 003 de 2014 Concesión Honda - Girardot - Puerto Salgar Resolución de Expropiación UF2,15_01_Cartas_Enviadas/RADICADAS/2018/CI004_436718_070404_CON_NOOBJ_RESOL_EXPRO_ALMA-2018-1594-1591.pdf
2799,5,CONSORCIO 4C,GP-5620,CONCESIÓN ALTO MAGDALENA S.A.S.,ALMA-R-2018-3666,27/11/2018,OBSERVACIONES FICHAS PREDIALES UF 3,15_01_Cartas_Enviadas/RADICADAS/2018/CI004_562018_070401_CON_OBS_ALMA-3949-3950.pdf
2808,2,CONSORCIO 4C,GP-5604,CONCESIÓN ALTO MAGDALENA S.A.S.,ALMA-R-2018-3628,22/11/2018,Revisión Fichas Sociales,15_01_Cartas_Enviadas/RADICADAS/2018/CI004_560418_070402_CON_FICHAS_SOCIALES_RTA-ALMA-4253 (2).pdf
2807,4,CONSORCIO 4C,GP-4430,AGENCIA NACIONAL DE INFRAESTRUCTURA – ANI,2018-409-049677-2,17/05/2018,Contrato de Concesión 003 de 2014 Concesión Honda – Girardot – Puerto Salgar. Remisión Formato GCSP-F-009 Informe Mensual Recaudo de Peajes – Abril 2018,15_01_Cartas_Enviadas/RADICADAS/2018/CI004_443018_070200_ANI_REMI_FORMATO_GCSP-F-009_INFO_MEN_RACUDO_PEAJES_ABRIL2018.pdf
2810,4,CONSORCIO 4C,GP-4963,CONCESIÓN ALTO MAGDALENA S.A.S.,ALMA-R-2018-2492,03/08/2018,ACCESOS VOLQUETAS UF 1 PR2+050 EJE 1-1,15_01_Cartas_Enviadas/RADICADAS/2018/CI004_496318_070114_ACCESO-UF1_PR2+050-E1.1.pdf
2811,7,CONSORCIO 4C,GP-4255,CONCESIÓN ALTO MAGDALENA S.A.S,ALMA-R-2018-1203,12/04/2018,Contrato de Concesión 003 de 2014 Concesión Honda - Girardot - Puerto Salgar Otorgamiento Período Cura Incumplimiento Entrega Estados Financieros.,15_01_Cartas_Enviadas/RADICADAS/2018/CI004_425518_050300_CON_PERIODO_CURA_ESTADOS_FINANCI.pdf
2809,3,CONSORCIO 4C,GP-4217,CONCESIÓN ALTO MAGDALENA S.A.S.,ALMA-R-2018-1160,10/04/2018,Programación Reuniones Extraordinarias Comunidad Autoridades Locales UF.5.,15_01_Cartas_Enviadas/RADICADAS/2018/CI004_421718_070109_CON_REUNIONES_AUTORID-LOCAL-UF5 (1).pdf
2815,3,CONSORCIO 4C,GP-4658,CONCESIÓN ALTO MAGDALENA S.A.S.,ALMA-R-2018-1949,18/06/2018,Contrato de Concesión 003 de 2014 Concesión Honda - Girardot - Puerto Salgar Pendientes Peaje Cambao,15_01_Cartas_Enviadas/RADICADAS/2018/CI004_465818_090300_CON_PENDIENTES_PEAJE_CAMBAO.pdf
2814,4,CONSORCIO 4C,GP-5442,CONCESIÓN ALTO MAGDALENA S.A.S,ALMA-R-2018-3371,26/10/2018,Contrato de Concesión 003 de 2014 Concesión Honda - Girardot - Puerto Salgar. Observaciones Revisión de Avalúo UF3,15_01_Cartas_Enviadas/RADICADAS/2018/CI004_544218_070406_CON_OBS_ALMA-2018-2929 (2).pdf
2813,3,CONSORCIO 4C,GP-4334,CONCESIÓN ALTO MAGDALENA S.A.S,ALMA-R-2018-1357,25/04/2018,CALIDAD PROCESOS CONSTRUCTIVOS ALCANTARILLAS Y BOX CULVERT UF 5.4 – RESPUESTA ALMA-2018-1480,15_01_Cartas_Enviadas/RADICADAS/2018/CI004_433418_070103_CON_RESP-ALMA-2018-1480_BOX-ALC-UF5.4.pdf
2812,4,CONSORCIO 4C,GP-4517,CONCESIÓN ALTO MAGDALENA S.A.S.,ALMA-R-2018-1698,28/05/2018,REUBICACION SEÑALIZACION VERTICAL - UF 4 y 5,15_01_Cartas_Enviadas/RADICADAS/2018/CI004_451718_070304_CON_REUBICACION_SEÑALIZACION_UF4-5.pdf
2816,2,CONSORCIO 4C,GP-4434,CONCESIÓN ALTO MAGDALENA S.A.S.,ALMA-R-2018-1560,17/05/2018,Contrato de Concesión 003 de 2014 Concesión Honda - Puerto Salgar. Gestión Puerto Bogotá - Comunidad Carrera 1,15_01_Cartas_Enviadas/RADICADAS/2018/CI004_443418_070109_CON_GESTION_PTOBOGOTA.pdf
2819,7,CONSORCIO 4C,GP-4708,CONCESIÓN ALTO MAGDALENA S.A.S.,ALMA-R-2018-2040,26/06/2018,Contrato de Concesión 003 de 2014 Concesión Honda – Girardot – Puerto Salgar Observaciones Resolución de Expropiación UF2,15_01_Cartas_Enviadas/RADICADAS/2018/CI004_470818_070404_CON_RES_EXP_ALMA-2018-2311-2314-2315-2317.pdf
2817,3,CONSORCIO 4C,GP-5177,CONCESIÓN ALTO MAGDALENA S.A.S.,ALMA-R-2018-2883,13/09/2018,Contrato de Concesión 003 de 2014 Concesión Honda - Girardot - Puerto Salgar Acta Parcial de Obra 09 Redes,15_01_Cartas_Enviadas/RADICADAS/2018/CI004_517718_070115_CON_APROB_DESMB_ACTA09 (3).pdf
2820,9,CONSORCIO 4C,GP-5315,CONCESIÓN ALTO MAGDALENA S.A.S,ALMA-R-2018-3119,04/10/2018,OBSERVACIONES REVICION AVALUO UF 3 Y 4,15_01_Cartas_Enviadas/RADICADAS/2018/CI004_531518_070406_CON_ALMA-3414-2921-2922-2262.pdf
2818,3,CONSORCIO 4C,GP-5585,CONCESIÓN ALTO MAGDALENA S.A.S.,ALMA-R-2018-3588,20/11/2018,Contrato de Concesión 003 de 2014 Concesión Honda - Girardot - Puerto Salgar. Obligaciones Prediales del Concesionario.,15_01_Cartas_Enviadas/RADICADAS/2018/CI004_558518_070401_CON_OBL_PRE_CERUF2 (1).pdf
2821,3,CONSORCIO 4C,GP-5653,CONCESIÓN ALTO MAGDALENA S.A.S.,ALMA-R-2018-3727,30/11/2018,PROTECCION AL TALUD DE ACCESO M.I DEL E,15_01_Cartas_Enviadas/RADICADAS/2018/CI004_565318_070103_CON_PROTECCION-TALUD_PTE-BURRAS-UF5.2 (2).pdf
2824,4,CONSORCIO 4C,GP-5288,CONCESIÓN ALTO MAGDALENA S.A.S.,ALMA-R-2018-3083,28/09/2018,Observaciones Fichas Prediales UF 5,15_01_Cartas_Enviadas/RADICADAS/2018/CI004_528818_070401_CON_OBS_ALMA-3232.pdf
2825,3,CONSORCIO 4C,GP-4407,CONCESIÓN ALTO MAGDALENA S.A.S.,ALMA-R-2018-1584,10/05/2018,SEGUIMIENTO PLAN OBRAS MANIFESTACION ATRASO ACTIVIDADES CONSTRUCTIVAS UF 5,15_01_Cartas_Enviadas/RADICADAS/2018/CI004_440718_070101_CON_ATRASO_PLAN_OBRAS_UF5.pdf
2823,2,CONSORCIO 4C,GP-4928,AGENCIA NACIONAL DE INFRAESTRUCTURA - ANI,20184090791422,02/08/2018,Contrato de Concesión 003 de 2014 Concesión Honda – Girardot – Puerto Salgar Cronograma Actividades Ejecutadas y Programadas Peaje Cambao,15_01_Cartas_Enviadas/RADICADAS/2018/CI004_492818_070301_ANI_CRONOGRAMA_AUDITORIA_PEAJE.pdf
2822,6,CONSORCIO 4C,GP-4806,CONCESIÓN ALTO MAGDALENA S.A.S,ALMA-R-2018-2242,11/07/2018,OBSERVACIONES REVISION AVALUO UF 2 Y U1,15_01_Cartas_Enviadas/RADICADAS/2018/CI004_480618_070401_CON_OBS_ALMA-2018-2261-2200.pdf
2827,3,CONSORCIO 4C,GP-5410,CONCESIÓN ALTO MAGDALENA S.A.S.,ALMA-R-2018-3255,18/10/2018,RESPUESTA COMUNICACION ALMA-2018-2714,15_01_Cartas_Enviadas/RADICADAS/2018/CI004_541018_070115_CON_FAJA_GLOR-PTOSALGAR_2018-2714.pdf
2828,2,CONSORCIO 4C,GP-5006,AGENCIA NACIONAL DE INFRAESTRUCTURA - ANI,2018-409-085344-2,15/08/2018,Contrato de Concesión 003 de 2014 Concesión Honda - Girardot - Puerto Salgar Resoluciones Expropiación,15_01_Cartas_Enviadas/RADICADAS/2018/CI004_500618_070404_ANI_RESOLUCIONES_EXPROPIACIÓN.pdf
2826,3,CONSORCIO 4C,GP-4324,CONCESIÓN ALTO MAGDALENA S.A.S.,ALMA-R-2018-1354,25/04/2018,CUMPLIMIENTO PMT UF2-SEMANA 168,15_01_Cartas_Enviadas/RADICADAS/2018/CI004_432418_050300_070111_CON_FORMATO_PMT_S168-UF2.pdf
2829,3,CONSORCIO 4C,GP-4735,CONCESIÓN ALTO MAGDALENA S.A.S.,ALMA-R-2018-2091,28/06/2018,CONSTRUCCION BASCULA Y PEAJES DE BRISAS,15_01_Cartas_Enviadas/RADICADAS/2018/CI004_473518_070107_CON_FUNCIO_BASCU-PEAJE_BRISAS (1).pdf
2834,4,CONSORCIO 4C,GP-3705,CONCESIÓN ALTO MAGDALENA S.A.S.,ALMA-R-2018-0103,03/01/2018,Observaciones Fichas Prediales UF2,15_01_Cartas_Enviadas/RADICADAS/2018/CI004_370518_070401_CON_OBS_ALMA-5221.pdf
2830,2,CONSORCIO 4C,GP-4702,CONCESIÓN ALTO MAGDALENA S.A.S.,ALMA-R-2018-2034,26/06/2018,Contrato de Concesión 003 de 2014 Concesión Honda – Girardot – Puerto Salgar Niveles Servicio abril 2018 Tiempo Corrección,15_01_Cartas_Enviadas/RADICADAS/2018/CI004_470218_070303_CON_NIVEL-SERVICIO_ABRIL18_CORRECC.pdf
2832,2,CONSORCIO 4C,GP-4198,CONCESIÓN ALTOMAGDALENA S.A.S,ALMA-R-2018-1123,06/04/2018,Contrato de Concesión 003 de 2014 Concesión Honda – Girardot – Puerto Salgar Plan de Gestión Social Contractual – PGSC,15_01_Cartas_Enviadas/RADICADAS/2018/CI004_419818_070109_CON_APROBACION_ACT_PGSC_ALMA_1265.pdf
2831,4,CONSORCIO 4C,GP-4880,CONCESIÓN ALTO MAGDALENA S.A.S.,ALMA-R-2018-2361,26/07/2018,ACCESOS VEHICULARES UF 5.2,15_01_Cartas_Enviadas/RADICADAS/2018/CI004_488018_070103_ACCESOS_TIPO1-2-3_UF5.2.pdf
2835,4,CONSORCIO 4C,GP-3893,CONCESIÓN ALTO MAGDALENA S.A.S,ALMA-R-2018-0609,15/02/2018,"Contrato de Concesión 003 de 2014 Concesión Honda - Girardot - Puerto Salgar. Respuesta ALMA-2018-0345 / Observaciones Informe Cierre Ambiental Unidades Funcionales 1, 2 y 4",15_01_Cartas_Enviadas/RADICADAS/2018/CI004_389318_070108_CON_ALMA-2018-0345_INFO-CIERRE_AMB.pdf
2838,5,CONSORCIO 4C,GP-4732,CONCESIÓN ALTO MAGDALENA S.A.S.,ALMA-R-2018-2088,28/06/2018,Daños Vigas Postensadas Puente 1 - K3+413 UF5.4,15_01_Cartas_Enviadas/RADICADAS/2018/CI004_473218_070103_CON_DAÑO_VIGAS-K3+413_UF5.4.pdf
2837,2,CONSORCIO 4C,GP-3692,CONCESIÓN ALTO MAGDALENA S.A.S,ALMA-R-2018-0072,05/01/2018,Solicitud Usuario SICC ANI,15_01_Cartas_Enviadas/RADICADAS/2018/CI004_369218_070303_CON_USUARIO_ANI_SICC (1).pdf
2833,6,CONSORCIO 4C,GP-5252,CONCESIÓN ALTO MAGDALENA S.A.S.,ALMA-R-2018-3023,18/09/2018,Contrato de Concesión 003 de 2014 Concesión Honda - Girardot - Puerto Salgar Observaciones Resolución de Expropiación UF4,15_01_Cartas_Enviadas/RADICADAS/2018/CI004_525218_070404_CON_RES_EXP_ALMA-2018-3489.pdf
2805,7,CONSORCIO 4C,GP-4577,AGENCIA NACIONAL DE INFRAESTRUCTURA – ANI,ALMA-R-2018-1822,05/06/2018,Contrato de Concesión 003 de 2014 Concesión Honda – Girardot – Puerto Salgar Negación No Objeción para Otorgar Plazo de Cura Puente sobre el Río Magdalena UF1,15_01_Cartas_Enviadas/RADICADAS/2018/CI004_457718_050300_ANI_NEGACION_NOOBJECION_PLAZOCURA-PUENTE-UF1 (1).pdf
2839,9,CONSORCIO 4C,GP-4389,CONCESIÓN ALTO MAGDALENA S.A.S,ALMA-R-2018-1475,08/05/2018,Contrato de Concesión 003 de 2014 Concesión Honda - Girardot - Puerto Salgar Observaciones Obras Complementarias Puente P3G K26+030 UF2,15_01_Cartas_Enviadas/RADICADAS/2018/CI004_438918_070103_CON_OBSERVACIONES_PTE-P3G_UF2.pdf
2836,3,CONSORCIO 4C,GP-5188,CONCESIÓN ALTO MAGDALENA S.A.S.,ALMA-R-2018-2920,18/09/2018,"Contrato de Concesión 003 de 2014 Concesión Honda - Girardot - Puerto Salgar Resultado Medición Niveles de Servicio E1, E2, E4 y E5 - Primer Semestre de 2018",15_01_Cartas_Enviadas/RADICADAS/2018/CI004_518818_070303_CON_NIVELES_SERVICIO_E1-E2-E4-E5-2018.pdf
2842,4,CONSORCIO 4C,GP-4026,CONCESIÓN ALTO MAGDALENA S.A.S.,ALMA-R-2018-0814,08/03/2018,TERMINADOS CONCRETO INTEGRIDAD ACERO PUENTES UF 5,15_01_Cartas_Enviadas/RADICADAS/2018/CI004_402618_070103_CON_CALIDAD_CONCRETO_ACERO-PUENTESUF5.pdf
2840,4,CONSORCIO 4C,GP-5533,CONCESIÓN ALTO MAGDALENA S.A.S.,ALMA-R-2018-3522,07/11/2018,Contrato de Concesión 003 de 2014 Concesión Honda - Girardot - Puerto Salgar. Observaciones Fichas Prediales UF 2,15_01_Cartas_Enviadas/RADICADAS/2018/CI004_553318_070401_CON_OBS_ALMA-4127 (1).pdf
2841,11,CONSORCIO 4C,GP-5206,CONCESIÓN ALTO MAGDALENA S.A.S.,ALMA-R-2018-2940,19/09/2018,Contrato de Concesión 003 de 2014 Concesión Honda - Girardot - Puerto Salgar Informe Final Obras Hidráulicas UF2.,15_01_Cartas_Enviadas/RADICADAS/2018/CI004_520618_070108_CON_INFORME_FINAL-ODT_UF2.pdf
2846,4,CONSORCIO 4C,GP-5312,CONCESIÓN ALTO MAGDALENA S.A.S.,ALMA-R-2018-3117,04/10/2018,Contrato de Concesión 003 de 2014 Concesión Honda - Girardot - Puerto Salgar. Observaciones Fichas Prediales UF 3,15_01_Cartas_Enviadas/RADICADAS/2018/CI004_531218_070401_CON_OBS_ALMA-3655.pdf
2844,6,CONSORCIO 4C,GP-5373,CONCESIÓN ALTO MAGDALENA S.A.S.,ALMA-R-2018-3210,12/10/2018,IRREGULARIDADES CONCRETOS PUENTE GUA,15_01_Cartas_Enviadas/RADICADAS/2018/CI004_537318_070103_CON_CALIDAD_CONCRETOS_GUARINO (1).pdf
2843,8,CONSORCIO 4C,GP-0210,AGENCIA NACIONAL DE INFRAESTRUCTURA – ANI,2018-409-063032-2,15/06/2018,Contrato de Interventoría 145 de 2014 Concesión Honda – Girardot – Puerto Salgar. Reemplazo Profesional Aseguramiento y Gestión Calidad,15_01_Cartas_Enviadas/RADICADAS/2018/CI004_021018_020200_ANI_HV_REEMP_PROF_ASEG_GEST_CALIDAD.pdf
2848,2,CONSORCIO 4C,GP-5292,AGENCIA NACIONAL DE INFRAESTRUCTURA - ANI,20184091022412,02/10/2018,Contrato de Concesión 003 de 2014 Concesión Honda – Girardot – Puerto Salgar. Remisión de Informe Especial No. 4 Pendientes UF3 y UF5.,15_01_Cartas_Enviadas/RADICADAS/2018/CI004_529218_091000_ANI_INF_ESP_04 VF.pdf
2845,3,CONSORCIO 4C,GP-5277,CONCESIÓN ALTO MAGDALENA S.A.S.,ALMA-R-2018-3057,27/09/2018,Contrato de Concesión 003 de 2014 Concesión Honda - Girardot - Puerto Salgar. Incumplimiento Condiciones Seguridad UF 5 Semana 187,15_01_Cartas_Enviadas/RADICADAS/2018/CI004_527718_070110_CON_SEGSISO_UF5_SEM187.pdf
2854,10,CONSORCIO 4C,GP-5470,CONCESIÓN ALTO MAGDALENA S.A.S,ALMA-R-2018-3437,31/10/2018,SEGUIMIENTO Y CONTROL OCUPACIONES DE CAUCE UF3,15_01_Cartas_Enviadas/RADICADAS/2018/CI004_547018_070108_CON_OCUP_CAUCE_UF3.pdf
2851,5,CONSORCIO 4C,GP-4919,CONCESIÓN ALTO MAGDALENA S.A.S,ALMA-R-2018-2410,24/07/2018,Observaciones Revisión Avalúos UF4,15_01_Cartas_Enviadas/RADICADAS/2018/CI004_491918_070406_CON_OBS_ALMA-2018-2644.pdf
2847,4,CONSORCIO 4C,GP-5441,CONCESIÓN ALTO MAGDALENA S.A.S.,ALMA-R-2018-3331,26/10/2018,RTA. COMUNICADO ALMA-2018-3825 (GP8858) Niveles de Servicio julio de 2018,15_01_Cartas_Enviadas/RADICADAS/2018/CI004_544118_070303_INDICADORES_DEFENSAS_JULIO18.pdf
2855,5,CONSORCIO 4C,GP-5133,CONCESIÓN ALTO MAGDALENA S.A.S,ALMA-R-2018-2802,03/09/2018,Contrato de Concesión 003 de 2014 Concesión Honda – Girardot – Puerto Salgar. Observaciones Revisión de Avalúo UF5,15_01_Cartas_Enviadas/RADICADAS/2018/CI004_513318_070406_CON_OBS_ALMA-2018-3151.pdf
2850,4,CONSORCIO 4C,GP-4132,CONCESIÓN ALTO MAGDALENA S.A.S.,ALMA-R-2018-0995,22/03/2018,Contrato de Concesión 003 de 2014 Concesión Honda – Girardot – Puerto Salgar Observaciones Resolución de Expropiación UF2,15_01_Cartas_Enviadas/RADICADAS/2018/CI004_413218_070401_CON_OBS_RES_EXP_ALMA-2018-0316 (1).pdf
2853,8,CONSORCIO 4C,GP-5505,CONCESIÓN ALTO MAGDALENA S.A.S.,ALMA-R-2018-3481,02/11/2018,ASPECTOS E IMPACTOS AMBIENTALES PUENTES UF3,15_01_Cartas_Enviadas/RADICADAS/2018/CI004_550518_070108_CON_IMPAC_AMBIE_PTES-UF3.pdf
2849,3,CONSORCIO 4C,GP-5219,CONCESIÓN ALTO MAGDALENA S.A.S,ALMA-R-2018-2951,20/09/2018,PLAN MITIGACION ATRASO PUENTES MENOR,15_01_Cartas_Enviadas/RADICADAS/2018/CI004_521918_070101_CON_ATRASO_PTES-MENORES-UF5 (2).pdf
2852,5,CONSORCIO 4C,GP-5329,CONCESIÓN ALTO MAGDALENA S.A.S.,ALMA-R-2018-3142,04/10/2018,Contrato de Concesión 003 de 2014 Concesión Honda - Girardot - Puerto Salgar Seguimiento Calidad Andenes del K1+710 al K2+060 UF 5.2,15_01_Cartas_Enviadas/RADICADAS/2018/CI004_532918_070103_CON_SEGUI-ANDENES-UF5.2 (1).pdf
2856,3,CONSORCIO 4C,GP-4067,CONCESIÓN ALTO MAGDALENA S.A.S.,ALMA-R-2018-0875,14/03/2018,CONDICIONES DE SEGURIDAD UF 4 SEMNA 160,15_01_Cartas_Enviadas/RADICADAS/2018/CI004_406718_070110_CON_SEGSISO_UF4_SEM160.pdf
2862,6,CONSORCIO 4C,GP-5706,CONCESIÓN ALTO MAGDALENA S.A.S.,ALMA-R-2018-3820,12/12/2018,OBSERVACIONES FICHAS PREDIALES UF 3 Y 5,15_01_Cartas_Enviadas/RADICADAS/2018/CI004_570618_070401_CON_OBS_ALMA-4513-4467-4529.pdf
2861,6,CONSORCIO 4C,GP-4358,CONCESIÓN ALTO MAGDALENA S.A.S,ALMA-R-2018-1415,02/05/2018,Observaciones Revisión Avalúos UF 5,15_01_Cartas_Enviadas/RADICADAS/2018/CI004_435818_070406_CON_ALMA-2018-1384-1358.pdf
2860,4,CONSORCIO 4C,GP-3755,CONCESIÓN ALTO MAGDALENA S.A.S,ALMA-R-2018-0211,18/01/2018,Contrato de Concesión 003 de 2014 Concesión Honda - Girardot - Puerto Salgar. Resolución 0660 de 2016 / Aspectos e Impactos Operación Planta de Asfalto,15_01_Cartas_Enviadas/RADICADAS/2018/CI004_375518_070108_CON_ASP_IMPAC_OPER_PLANT_ASFALTO.pdf
2859,6,CONSORCIO 4C,GP-5487,AGENCIA NACIONAL DE INFRAESTRUCTURA - ANI,Rta ANI-2018304033585-1,31/10/2018,Ref. Contrato de Concesión 003 de 2014 Concesión Honda - Girardot - Puerto Salgar Rta ANI-2018304033585-1. No. De expediente 20183040280200067E. Permiso de Ocupación Temporal del Derecho de Vía TGI S.A. ESP.,15_01_Cartas_Enviadas/RADICADAS/2018/CI004_548718_070114_ANI_PERMISO_TGI-S.A._ESP_.pdf
2858,4,CONSORCIO 4C,GP-5402,AGENCIA NACIONAL DE INFRAESTRUCTURA - ANI,2018-409-108874-2,17/10/2018,Fideicomiso Fidubogotá —Alto Magdalena 3-1-63664 Rendimientos mes de septiembre de 2018,15_01_Cartas_Enviadas/RADICADAS/2018/CI004_540218_070202_ANI_REMI_FOR_GCSP-F-207_RS_SEP2018.pdf
2864,3,CONSORCIO 4C,GP-5209,CONCESIÓN ALTO MAGDALENA S.A.S.,ALMA-R-2018-2943,19/09/2018,PERMISO OCUPACION CAUCE K9+395 UF2,15_01_Cartas_Enviadas/RADICADAS/2018/CI004_520918_070108_CON_POC_K9 395_UF2.pdf
2865,4,CONSORCIO 4C,GP-3865,CONCESIÓN ALTO MAGDALENA S.A.S,ALMA-R-2018-0505,09/02/2018,Contrato de Concesión 003 de 2014 Concesión Honda - Girardot - Puerto Salgar Implantación Puente Peatonal UF4,15_01_Cartas_Enviadas/RADICADAS/2018/CI004_386518_070107_CON_PEATONAL_PTO-BOGOTA_ALMA0479.pdf
2866,9,CONSORCIO 4C,GP-3866,CONCESIÓN ALTO MAGDALENA S.A.S.,ALMA-R-2018-0506,08/02/2018,Contrato de Concesión 003 de 2014 Concesión Honda - Girardot - Puerto Salgar. Observaciones Fichas Prediales UF 2 y 5,15_01_Cartas_Enviadas/RADICADAS/2018/CI004_386618_070401_CON_OBS_ALMA-0280-0296.pdf
2867,3,CONSORCIO 4C,GP-4127,CONCESIÓN ALTO MAGDALENA S.A.S,ALMA-R-2018-0976,22/03/2018,PROCESO PREDIO LA ALBAHACA ALMA-4-0057,15_01_Cartas_Enviadas/RADICADAS/2018/CI004_412718_070401_CON_PREDIO_ALBAHACA_ALMA-0874.pdf
2863,6,CONSORCIO 4C,GP-3856,CONCESIÓN ALTO MAGDALENA S.A.S.,ALMA-R-2018-0494,07/02/2018,Observaciones Resolución Expropiación UF2 y 3,15_01_Cartas_Enviadas/RADICADAS/2018/CI004_385618_070401_CON_RES_EXP_ALMA-2018-0460-0478-0472.pdf
2869,5,CONSORCIO 4C,GP-4719,CONCESIÓN ALTO MAGDALENA S.A.S,ALMA-R-2018-2856,22/06/2018,Contrato de Concesión 003 de 2014 Concesión Honda - Girardot - Puerto Salgar. Observaciones Revisión Avalúo UF5,15_01_Cartas_Enviadas/RADICADAS/2018/CI004_471918_070401_CON_OBS_ALMA-2018-2180.pdf
2868,9,CONSORCIO 4C,GP-4595,CONCESIÓN ALTO MAGDALENA S.A.S,ALMA-R-2018-1848,06/06/2018,OBSERVACIONES DISEÑO MARSHALL MSC-25 - Ingeniería de Vías Respuesta ALMA-2018-1982 Unidad Funcional 5.2 Y 5.4,15_01_Cartas_Enviadas/RADICADAS/2018/CI004_459518_070103_CON_RES-ALMA-2018-1982_DISEÑO-MARSHAL-UF5.pdf
2872,3,CONSORCIO 4C,GP-4950,CARMEN CASTILLO,20184090795962,02/08/2018,Contrato de Concesión 003 de 2014 Concesión Honda - Girardot - Puerto Salgar. Respuesta Derecho de Petición,15_01_Cartas_Enviadas/RADICADAS/2018/CI004_495018_070109_TER_RTA-DP_CARMEN_CASTILLO.pdf
2873,6,CONSORCIO 4C,GP-4991,CONCESIÓN ALTO MAGDALENA S.A.S,ALMA-R-2018-2539,08/08/2018,Contrato de Concesión 003 de 2014 Concesión Honda - Girardot - Puerto Salgar. Observaciones Revisión Avalúos UF5,15_01_Cartas_Enviadas/RADICADAS/2018/CI004_499118_070406_CON_OBS_ALMA-2018-2885 (3).pdf
2870,7,CONSORCIO 4C,GP-4566,CONCESIÓN ALTO MAGDALENA S.A.S.,ALMA-R-2018-1803,31/05/2018,Contrato de Concesión 003 de 2014 Concesión Honda – Girardot – Puerto Salgar. Observaciones Fichas Prediales UF3 y UF4,15_01_Cartas_Enviadas/RADICADAS/2018/CI004_456618_070401_CON_OBS_ALMA-1652-1948-1872.pdf
2874,3,CONSORCIO 4C,GP-5532,CONCESIÓN ALTO MAGDALENA S.A.S.,ALMA-R-2018-3521,08/11/2018,Contrato de Concesión 003 de 2014 Concesión Honda – Girardot – Puerto Salgar. Complementos/Correcciones Pendientes UF2,15_01_Cartas_Enviadas/RADICADAS/2018/CI004_553218_050300_CON_ESTADO_PENDIENTES_UF2.pdf
2871,3,CONSORCIO 4C,GP-5754,CONCESIÓN ALTO MAGDALENA S.A.S.,ALMA-R-2018-3909,21/12/2018,TERMINACION SUPERFICIE PASOS PEATONAL,15_01_Cartas_Enviadas/RADICADAS/2018/CI004_575418_070103_CON_ANDENES_PTES-CONTRACTUALES_UF5.2.pdf
2875,6,CONSORCIO 4C,GP-5498,CONCESIÓN ALTO MAGDALENA S.A.S.,ALMA-R-2018-3469,01/11/2018,ASPECTOS E IMPACTOS AMBIENTALES UF 5.4,15_01_Cartas_Enviadas/RADICADAS/2018/CI004_549818_070108_CON_ASPE_IMPAC_UF5.4.pdf
2877,5,CONSORCIO 4C,GP-3775,CONCESIÓN ALTO MAGDALENA S.A.S.,ALMA-R-2018-0312,24/01/2018,Contrato de Concesión 003 de 2014 Concesión Honda – Girardot – Puerto Salgar. Observaciones Fichas Prediales UF5,15_01_Cartas_Enviadas/RADICADAS/2018/CI004_377518_070401_CON_OBS_ALMA-5433.pdf
2880,3,CONSORCIO 4C,GP-3920,CONCESIÓN ALTO MAGDALENA S.A.S.,ALMA-R-2018-0593,16/02/2018,CONDICIONES ANDEN Y NEW JERSEY PUENTE RÍO MAGDALENA UF1,15_01_Cartas_Enviadas/RADICADAS/2018/CI004_392018_070107_CON_ANDEN_MAGDALENA_UF1-2 (1).pdf
2881,3,CONSORCIO 4C,GP-4699,CONCESIÓN ALTO MAGDALENA S.A.S,ALMA-R-2018-2015,22/06/2018,"CORRECCIONES/COMPLEMENTOS UF 1, UF 2,",15_01_Cartas_Enviadas/RADICADAS/2018/CI004_469918_090300_CON_PENDIENTES_UF124_R3.pdf
2879,7,CONSORCIO 4C,GP-5418,CONCESIÓN ALTO MAGDALENA S.A.S.,ALMA-R-2018-3274,18/10/2018,Contrato de Concesión 003 de 2014 Concesión Honda – Girardot – Puerto Salgar Observaciones Resolución de Expropiación UF4,15_01_Cartas_Enviadas/RADICADAS/2018/CI004_541818_070404_CON_OBS_RES_EXP_ALMA-2018-3830-3831 (1).pdf
2878,6,CONSORCIO 4C,GP-4994,CONCESIÓN ALTO MAGDALENA S.A.S.,ALMA-R-2018-2541,08/08/2018,OBSERVACIONES RESOLUCION DE EXPROPIACION UF2,15_01_Cartas_Enviadas/RADICADAS/2018/CI004_499418_070404_CON_OBS_RESO_EXPR_ALMA-2018-2867-2875-2312 (1).pdf
2884,5,CONSORCIO 4C,GP-4835,CONCESIÓN ALTO MAGDALENA S.A.S.,ALMA-R-2018-2287,18/07/2018,Contrato de Concesión 003 de 2014 Concesión Honda - Girardot - Puerto Salgar. Observaciones Fichas Prediales UF 5,15_01_Cartas_Enviadas/RADICADAS/2018/CI004_483518_070401_CON_OBS_ALMA-2018-2412-2110.pdf
2882,5,CONSORCIO 4C,GP-4839,CONCESIÓN ALTO MAGDALENA S.A.S,ALMA-R-2018-2290,19/07/2018,Contrato de Concesión 003 de 2014 Concesión Honda – Girardot – Puerto Salgar. Observaciones Revisión Avalúos UF2,15_01_Cartas_Enviadas/RADICADAS/2018/CI004_483918_070401_CON_OBS_ALMA-2018-2585.pdf
2883,3,CONSORCIO 4C,GP-4939,CONCESIÓN ALTO MAGDALENA S.A.S.,ALMA-R-2018-2475,02/08/2018,Niveles Cabezal Eje N° 7 Zona Apoyo Vigas Postensadas,15_01_Cartas_Enviadas/RADICADAS/2018/CI004_493918_070103_CON_NIVELES_CABEZAL-EJE7_PTESALGAR (1).pdf
2887,6,CONSORCIO 4C,GP-4990,CONCESIÓN ALTO MAGDALENA S.A.S.,ALMA-R-2018-2538,03/08/2018,Observaciones Expedientes Finales Prediales,15_01_Cartas_Enviadas/RADICADAS/2018/CI004_499018_070401_CON_OBS_ALMA-2553.pdf
2888,3,CONSORCIO 4C,GP-4376,CONCESIÓN ALTO MAGDALENA S.A.S,ALMA-R-2018-1463,08/05/2018,ESTUDIO GEOTÉCNICO K130+640 AL K131+480,15_01_Cartas_Enviadas/RADICADAS/2018/CI004_437618_070107_CON_DIS_GEOTEC_K130+640-K131+480-UF5.1.pdf
2886,3,CONSORCIO 4C,GP-4833,CONCESIÓN ALTO MAGDALENA S.A.S.,ALMA-R-2018-2285,19/07/2018,ACTUALIZACION SABANA PREDIAL Y TIRA TO,15_01_Cartas_Enviadas/RADICADAS/2018/CI004_483318_070400_CON_ACT_SABANA_TIRATOPO.pdf
2876,1,CONSORCIO 4C,GP-3885,AGENCIA NACIONAL DE INFRAESTRUCTURA – ANI,2018-409-016794-2,15/02/2018,"Contrato de Concesión 003 de 2014 Concesión Honda – Girardot – Puerto Salgar. Remisión Anexo Propiedad, Planta y Equipo - Formato NICSP 32 Modelo Pasivo Financiero",15_01_Cartas_Enviadas/RADICADAS/2018/CI004_388518_070202_ANI_REMIS_FORM_NICSP 32 ANEXO PPYE DIC DE 2017OK1.pdf
2885,4,CONSORCIO 4C,GP-3922,CONCESIÓN ALTO MAGDALENA S.A.S.,ALMA-R-2018-0595,16/02/2018,Contrato de Concesión 003 de 2014 Concesión Honda - Girardot - Puerto Salgar. Condiciones de Diseño Ventana de Inspección Puente Sobre Río Magdalena UF1.,15_01_Cartas_Enviadas/RADICADAS/2018/CI004_392218_070107_CON_VENTANA_INSPECCION_RIOMAGDALEANUF1.pdf
2892,4,CONSORCIO 4C,GP-5500,CONCESIÓN ALTO MAGDALENA S.A.S.,ALMA-R-2018-3472,01/11/2018,Contrato de Concesión 003 de 2014 Concesión Honda - Girardot - Puerto Salgar. Traslado PQRS - Sra. Yolanda Monrroy,15_01_Cartas_Enviadas/RADICADAS/2018/CI004_550018_070109_CON_PQRS_GRUA_YMONRROY.pdf
2893,1,CONSORCIO 4C,GP-3845,AGENCIA NACIONAL DE INFRAESTRUCTURA - ANI,2018-409-013641-2,07/02/2018,Contrato de Concesión 003 de 2014 Concesión Honda - Girardot - Puerto Salgar. Informe Mensual Técnico 39 Versión 00.,15_01_Cartas_Enviadas/RADICADAS/2018/CI004_384517_090200_INFORME_MENSUAL_ENER_20181.pdf
2891,6,CONSORCIO 4C,GP-5077,CONCESIÓN ALTO MAGDALENA S.A.S.,ALMA-R-2018-2721,30/08/2018,Contrato de Concesión 003 de 2014 Concesión Honda – Girardot – Puerto Salgar. Evento Eximente Responsabilidad Redes Guataquí,15_01_Cartas_Enviadas/RADICADAS/2018/CI004_507718_050300_CON_COMPLEMENTO_EER-REDES_GUATAQUI-2P.pdf
2890,7,CONSORCIO 4C,GP-4409,CONCESIÓN ALTO MAGDALENA S.A.S.,ALMA-R-2018-1506,09/05/2018,Observaciones Fichas Prediales UF 4 y 5,15_01_Cartas_Enviadas/RADICADAS/2018/CI004_440918_070401_CON_OBS_ALMA-1632.pdf
2894,4,CONSORCIO 4C,GP-4304,CONCESIÓN ALTO MAGDALENA S.A.S,ALMA-R-2018-1308,20/04/2018,Seguimiento Obligaciones Compensaciones Ambientales,15_01_Cartas_Enviadas/RADICADAS/2018/CI004_430418_070108_CON_SEGUIM_COMPENS_.pdf
2895,3,CONSORCIO 4C,GP-4125,CONCESIÓN ALTO MAGDALENA S.A.S.,ALMA-R-2018-1011,26/03/2018,Contrato de Concesión 003 de 2014 Concesión Honda - Girardot - Puerto Salgar Respuesta comunicación ALMA 2018 - 1062,15_01_Cartas_Enviadas/RADICADAS/2018/CI004_412518_070115_CON_PROGRAMA_RED-HIDROCARBURO_ALMA_1062.pdf
2889,8,CONSORCIO 4C,GP-5516,AGENCIA NACIONAL DE INFRAESTRUCTURA – ANI,ALMA-R-2018-3541,02/11/2018,Solicitud No objeción Plazo de Cura.,15_01_Cartas_Enviadas/RADICADAS/2018/CI004_551618_050300_ANI_NOOBJECION_CURA_INFORMACION (1).pdf
2901,4,CONSORCIO 4C,GP-5013,AGENCIA NACIONAL DE INFRAESTRUCTURA - ANI,2018-409-084988-2,17/08/2018,", de rnanera atenla. nos perrnilinros inforrrrar los rend¡nrentos acurr¡ulados a junio de 2018 y los rendinrientos generados para el petiorlo del mes de julio de 2018 en el l'rderconliso Alto Mag¡dalerrc. asi: Subcuenta General - Pilncipal t§ubcuenta Genüral - PrinctPai Subcuenta General - Prrncr¡ral ,Srr.u*""t, General - Pn¡cipal t__ I lsuncuenta General - Pnncrpal i---- Subcuenta General - Predios I A isubcuenta General - Preclros lSubcuenta General ' Prec|cs isubcuenta General - ;CornDensaciones Ambienlales : :Subcuenla General - Sancolombra Cta Aho 03 1 -327625-02 FiC nDUCoE 1090020017.l602 -?rc rrijüoóa r 0900200 1 7820 1 I 8Co oósótt cta Á¡ro óoo- ' ?8857'r - '3co Occrdente Cta Aho 230483 1 26 Eanááicnrnra Cta Aho--* -"" '131-327638-0,| i-,-nDúGob 1090020017r601 8co Bóóota Cra ntro ooÓ. :e359? tsancolonrbia Cta Ahc 031-327641-73 FIC FIOUGOB 'r 0900200 r 71 600 i 'tsr-¡ B^oota cta. Aho ooo. 2a6605 Bancolombra Cla Alto :l-?1.32765j:e0 FIC FIDUGOB l_o-s 0 ! 1,,,,,,,,,,,,,,,, 0 0 r i r 5 $ 8üo BDgotá Cta. Aho tJ00- .:e 8553 r1122500t 1 :?? ¡ rru.Jir{ r:,i.i u- ,Compu:::aciones Ambrentales ¡- Subcuenla G€neral - ,Compensaciorres An)bienlales Subcuenla General - Inleruentona y Supervrsrón Subcuenta General - lnlervenlora .'i Sr¡pervrsron isutrcuenta Gr:ncrai . InlOrveDio!ra v Supervrston , _j2¿l¡4.§z§,81i I -5,1?9.812 e4l I 2,52a,64 ?51 I r 0.3.¡gl 1i_¡.g_oi_ -. 5 22q Iq_qi- 2 476 r_73 690 4-7i _ 3-9- 4-B-7 032 8Sl 5 878. I SO 773 2§i ""---**-t- ?83:?0-6,q¡¡,,g,ir_ 5,897 558 75'i r 269 986 692 00. gl s.¡s6 l'26 9ii I ,r s¡s.szo rsl-t' ?r 338.357.803 00i 43 182 555 00 .l I 7r ri4 ll2 00 -7.i 086.¿75 00 ' ./' ffi wCalle67No.7.37Piso3.Bogotá.Colombia.(57,t)3485400.rvww.fidubogota'con] (' --l I ! ,l I I 'lI ¡so 9001 4112,221, Fiduciaria Bogotá (3 SirOcuente Re~ en re595 Bco Bogotá Cla Aho 000- 292805 • 13C0 Bogotá Cta. Aho.000- 2.92847 2.162.629,140 00 255.243 691 00 291.479175.0 Subcuenta IDC en pesos 134,879,007.00 2 319.54100 5,791,339.0 tetat'Bensilmlentos 2149s;12325-1;3 5754297,660 ' 1.1:3.671.165.01 Saldo Saldo Acumulado Rendimientos Rendimientos Acumulado ie Rendimntos a Junio d 2018 s a ::. Junto da 2018 ndlmiento - Juni o de 2018LIS ' unto de 2018, . en Pesos USO . *Cifras en COP l - Traslado , Rendimientos generados en : Mayo 2018 - 'Cifras en CO? Subcuenta USO LOANS PROCEEDS o Citibank SUIZGACCOUNT ' • 49 r.an 61 7 723 74313' k Subcuenta USD IDC SUBACCOUN1 BeocIa 1442L' Subcuenta USO CT DEBT SERVICE Bco RESERVE ACCOUNT 116311 22 282 35, 3 237 235 815 Boo de Subcuenta Apodes ANI UF 1 - Porción Borcota Pananta 51042' 100.68.17459 Beodo Subcuenta Apodes ANI UF 2 • Porción Bogo:a 1 sn dólares Panama 303: 111 100-68-17400, Bco de Subcuenta Aportes Mil UF Porcion Bogara 19 787.035 401 en dólares Panarna .1 001 0: 110968.175011 • De acuerdo a lo indicado en el oirosi No 3, los rendimientos gei;orados en las Subcuentas de desembolso del crédito en dólares. reserva en dólares y Subcuenta IDC en de. tres, serán transferidos en cada fecha de lransferencias hacia la Subcuenta balance, dado lo anterior. la Fiduciar,a procedió a realizar la monetización de los recursos de dólares a pesos con TRM negociada de $2.882.40. tenierrto en cuenta que la Subcuenta balance es una cuenta en pesos Cabe aclarar que los rendimientos que se generan en las Subcuentas Apc ''e ANI principal cuenta de ahorros banco de Bogotá 000-288613 y Subcuenta Recaudo Peaje principal cuenta de MIDA i1d No 000-288514, mensualmente se trasladan ) cad Subpueble respectiva por Unidad funcional de acuerdo a los norcenlajes cortesponclientes /„. C C Claudia Castillo P Representante Legal - Concesión Alto Magdalena S.A $ - Calle 102 N. 47-30 Barrio Pasadena C.C. Carlos Alberto Avenaneda Castellanos - Director Interventoria - Consorcio 4C - Calle 95 Ni 5 - 47 piso 6 en dolares 9 233 2 1•1 275 911 Widt6 MÓNICA LOZANO-ROJAS Coordinadora de Fiducia Pública Elaboro 1PFD, . TRM 03 de julio de 2018 52 930 80 -. Calculo rendirmentOS en pesos Sub-cuentea financiation en atuaies • TRM 30 de Junio de 2018 57 875 72 - Calculo rendimientos en pesos Subcuentas Apodes AN1 en tinlaTes T‘zsi Calle 67 No. 7-37 Piso 3 • Bogotá • Colombia • (571) 3485400 • www.fidubogota.com — I 'Net —",15_01_Cartas_Enviadas/RADICADAS/2018/CI004_501318_070202_ANI_REMI_FOR_GCSP-F-007_INFO_EJEC_RP_JULIO2018.pdf
2900,4,CONSORCIO 4C,GP-4683,CONCESIÓN ALTO MAGDALENA S.A.S,ALMA-R-2018-1992,20/06/2018,Seguimiento Calidad Ciclorruta-UF2,15_01_Cartas_Enviadas/RADICADAS/2018/CI004_468318_070103_CON_CALIDAD_CICLORUTA_UF2_R2.pdf
2896,5,CONSORCIO 4C,GP-5430,CONCESIÓN ALTO MAGDALENA S.A.S,ALMA-R-2018-3308,22/10/2018,Contrato de Concesión 003 de 2014 Concesión Honda - Girardot - Puerto Salgar. Observaciones Revisión Avalúo UF 3,15_01_Cartas_Enviadas/RADICADAS/2018/CI004_543018_070406_CON_OBS_ALMA-2018-1210.pdf
2899,4,CONSORCIO 4C,GP-5065,CONCESIÓN ALTO MAGDALENA S.A.S.,ALMA-R-2018-2677,24/08/2018,Contrato de Concesión 003 de 2014 Concesión Honda - Girardot - Puerto Salgar Incumplimiento PMT UF4- Semana 185.,15_01_Cartas_Enviadas/RADICADAS/2018/CI004_506518_070111_CON_FORMATO_PMT-S185_UF4.pdf
2904,4,CONSORCIO 4C,GP-3817,CONCESIÓN ALTO MAGDALENA S.A.S.,ALMA-R-2018-0402,31/01/2018,"PUENTE VEHICULAR GUARINO UF5, PR10+100",15_01_Cartas_Enviadas/RADICADAS/2018/CI004_381718_070103_BARANDA_PUENTE_GUARINO.pdf
2903,4,CONSORCIO 4C,GP-5021,CONCESIÓN ALTO MAGDALENA S.A.S.,ALMA-R-2018-2638,22/08/2018,REVISION DISEÑO PUENTE PEATONAL DE PUERTO BOGOTÁ,15_01_Cartas_Enviadas/RADICADAS/2018/CI004_502118_070107_CON_PTE_PEATO_PTO-BOGOTA_ALMA-2743.pdf
2907,13,CONSORCIO 4C,GP-0190,AGENCIA NACIONAL DE INFRAESTRUCTURA – ANI,2018-409-059538-2,13/06/2018,Contrato de Concesión 003 de 2014 Concesión Honda – Girardot – Puerto Salgar Respuesta a su comunicado 2017-305-036236-1 Reemplazo Profesional Financiero.,15_01_Cartas_Enviadas/RADICADAS/2018/CI004_019018_020200_ANI_ALCAN_PROF_FINANCIERO_DEDIC.pdf
2912,2,CONSORCIO 4C,GP-5289,AGENCIA NACIONAL DE INFRAESTRUCTURA - ANI,2018-409-102085-2,28/09/2018,Contrato de Concesión 003 de 2014 Concesión Honda - Girardot - Puerto Salgar Resoluciones de Expropiación,15_01_Cartas_Enviadas/RADICADAS/2018/CI004_528918_070400_ANI_RESOLUCIONES_EXPROPIACION.pdf
2917,7,CONSORCIO 4C,GP-4378,AGENCIA NACIONAL DE INFRAESTRUCTURA – ANI,20184090455452,08/05/2018,Contrato de Concesión 003 de 2014 Concesión Honda – Girardot – Puerto Salgar Concepto PQR. Conjunto Algarrobos del Magdalena Municipio Nariño - UF2,15_01_Cartas_Enviadas/RADICADAS/2018/CI004_437818_070109_ANI_DP_ALGARROBOS_UF2 (2).pdf
2936,10,CONSORCIO 4C,GP-0503,AGENCIA NACIONAL DE INFRAESTRUCTURA – ANI,2018-409-122203-2,20/11/2018,Contrato de Interventoría 145 de 2014 Concesión Honda – Girardot – Puerto Salgar. Alcance comunicación CI.004/0331/18/2.2,15_01_Cartas_Enviadas/RADICADAS/2018/CI004_050318_020200_ANI_ALCANCE_COM_CI004-0331-18-2.2.pdf
2947,11,CONSORCIO 4C,GP-4014,CONCESIÓN ALTO MAGDALENA S.A.S,ALMA-R-2018-0805,08/03/2018,OBSERVACION REVISION AVALUOS UF 2 Y 3,15_01_Cartas_Enviadas/RADICADAS/2018/CI004_401418_070406_CON_ALMA-2018-0603-0804-0430-0796-0805-0803.pdf
2949,3,CONSORCIO 4C,GP-4049,CONCESIÓN ALTO MAGDALENA S.A.S,ALMA-R-2018-0842,13/03/2018,Contrato de Concesión 003 de 2014 Concesión Honda - Girardot - Puerto Salgar Afectación Titulo Minero Alma-4-0061 (Vicon),15_01_Cartas_Enviadas/RADICADAS/2018/CI004_404918_070404_CON_ANALISIS_TITULO-MINER_VICON.pdf
2946,3,CONSORCIO 4C,GP-4301,CONCESIÓN ALTO MAGDALENA S.A.S.,ALMA-R-2018-1293,20/04/2018,Estructura Pavimento Rígido Peaje Guataquí UF3,15_01_Cartas_Enviadas/RADICADAS/2018/CI004_430118_070107_CON_PAVIMENT-R1_PEAJE_UF3.pdf
2948,4,CONSORCIO 4C,GP-4647,CONCESIÓN ALTO MAGDALENA S.A.S.,ALMA-R-2018-1937,14/06/2018,Contrato de Concesión 003 de 2014 Concesión Honda – Girardot – Puerto Salgar Observaciones Resolución de Expropiación UF2,15_01_Cartas_Enviadas/RADICADAS/2018/CI004_464718_070404_CON_OBS_RES_EXP_ALMA-2018-1991.pdf
2950,5,CONSORCIO 4C,GP-4718,CONCESIÓN ALTO MAGDALENA S.A.S.,ALMA-R-2018-2055,22/06/2018,Observaciones Fichas Prediales UF 5,15_01_Cartas_Enviadas/RADICADAS/2018/CI004_471818_070401_CON_OBS_ALMA-2018-2107.pdf
2956,2,CONSORCIO 4C,GP-4252,AGENCIA NACIONAL DE INFRAESTRUCTURA,20184090364392,12/04/2018,valores actas de compensación especial y retribución.,15_01_Cartas_Enviadas/RADICADAS/2018/CI004_425218_060200_ANI_ACTA_RETRIB_UF4_COMPEN_UF1_2.pdf
2952,4,CONSORCIO 4C,GP-4306,AGENCIA NACIONAL DE INFRAESTRUCTURA - ANI,20184090395472,20/04/2018,Contrato de Concesión 003 de 2014 Concesión Honda - Girardot - Puerto Salgar Seguimiento Peaje Brisas UF 5.4,15_01_Cartas_Enviadas/RADICADAS/2018/CI004_430618_050300_ANI_CAMBIO_PEAJE_BRISAS.pdf
2955,3,CONSORCIO 4C,GP-5146,CONCESIÓN ALTO MAGDALENA S.A.S.,ALMA-R-2018-2828,06/09/2018,Contrato de Concesión 003 de 2014 Concesión Honda - Girardot - Puerto Salgar Seguimiento Proceso Constructivo Puente P14 UF3.,15_01_Cartas_Enviadas/RADICADAS/2018/CI004_514618_070103_CON_SEG_PUENTE_P14_UF3.pdf
2959,3,CONSORCIO 4C,GP-5100,CONCESIÓN ALTO MAGDALENA S.A.S.,ALMA-R-2018-2812,05/09/2018,Contrato de Concesión 003 de 2014 Concesión Honda - Girardot - Puerto Salgar Seguimiento Plan de Obras - Rehabilitación Honda La Dorada.,15_01_Cartas_Enviadas/RADICADAS/2018/CI004_510018_070101_CON_INTERV-PREDIOS_AVA-OBRA_REHABILITACION.pdf
2963,1,CONSORCIO 4C,GP-3846,AGENCIA NACIONAL DE INFRAESTRUCTURA - ANI,2018-409-013645-2,07/02/2018,Contrato de Concesión 003 de 2014 Concesión Honda – Girardot – Puerto Salgar. Informe Socioambiental 27 Versión 00.,15_01_Cartas_Enviadas/RADICADAS/2018/CI004_384618_090200_INFORME_SOCIOAMBIE_ENERO_20181.pdf
2967,3,CONSORCIO 4C,GP-4175,CONCESIÓN ALTO MAGDALENA S.A.S.,ALMA-R-2018-1075,02/04/2018,Contrato de Concesión 003 de 2014 Concesión Honda - Girardot - Puerto Salgar. Información Accidente Izaje Vigas Nuevo Puente Salgar,15_01_Cartas_Enviadas/RADICADAS/2018/CI004_417518_070110_CON_ACCIDENTE-VIGAS_COMENTARIOS-INFORME_UF5 (1).pdf
2968,3,CONSORCIO 4C,GP-4668,AGENCIA NACIONAL DE INFRAESTRUCTURA – ANI,2018-409-060965-2,18/06/2018,Fideicomiso Fidubogotá - Alto Magdalena 3-1-63664,15_01_Cartas_Enviadas/RADICADAS/2018/CI004_466818_070202_ANI_REMI_FOR_GCSP-F-001_MBU_MAYO_2018.pdf
2958,9,CONSORCIO 4C,GP-3662,CONCESIÓN ALTO MAGDALENA S.A.S.,ALMA-R-2018-0021,03/01/2018,AVANCE OBRAS GESTIO PREDIAL UF3,15_01_Cartas_Enviadas/RADICADAS/2018/CI004_366218_070103_CON_INTERV_PREDIOS_UF3-22DIC..pdf
2966,4,CONSORCIO 4C,GP-5443,CONCESIÓN ALTO MAGDALENA S.A.S.,ALMA-R-2018-3332,26/10/2018,Contrato de Concesión 003 de 2014 Concesión Honda - Girardot - Puerto Salgar. Observaciones Fichas Prediales UF 3,15_01_Cartas_Enviadas/RADICADAS/2018/CI004_544318_070401_CON_OBS_ALMA-3879-.pdf
2965,3,CONSORCIO 4C,GP-5042,AGENCIA NACIONAL DE INFRAESTRUCTURA – ANI,20184090860922,23/08/2018,Contrato de Concesión 003 de 2014 Concesión Honda – Girardot – Puerto Salgar Evento Eximente Responsabilidad Redes Guataquí,15_01_Cartas_Enviadas/RADICADAS/2018/CI004_504218_050300_ANI_CONCEP_EER_GUATAQUI-REDES.pdf
2964,4,CONSORCIO 4C,GP-4996,CONCESION ALTO MAGDALENA SAS,ALMA-R-2018-2560,14/08/2018,Contrato de Concesión 003 de 2014 Concesión Honda - Girardot - Puerto Salgar Pólizas Contrato de Concesión respuesta ALMA-2018-2375.,15_01_Cartas_Enviadas/RADICADAS/2018/CI004_499618_050300_CON_ACTULIZ_POLIZAS_TODORIESGO (1).pdf
2973,2,CONSORCIO 4C,GP-5197,CONCESIÓN ALTO MAGDALENA S.A.S.,ALMA-R-2018-2931,19/09/2018,Actualización Plan Compensaciones Socioeconómicas,15_01_Cartas_Enviadas/RADICADAS/2018/CI004_519718_070402_CON_PLAN_COMP-SOC__ALMA_2649.pdf
2971,3,CONSORCIO 4C,GP-4323,CONCESIÓN ALTO MAGDALENA S.A.S.,ALMA-R-2018-1346,25/04/2018,Contrato de Concesión 003 de 2014 Concesión Honda - Girardot - Puerto Salgar Implementación PMT UF3- Semana 168,15_01_Cartas_Enviadas/RADICADAS/2018/CI004_432318_050300_070111_CON_FORMATO_PMT_S168_UF3.pdf
2972,6,CONSORCIO 4C,GP-5267,CONCESIÓN ALTO MAGDALENA S.A.S,ALMA-R-2018-3045,27/09/2018,Contrato de Concesión 003 de 2014 Concesión Honda - Girardot - Puerto Salgar. Seguimiento Resoluciones 1684 de 2015 y 975 de 2018 / Explotación Utilización Materiales Pétreos,15_01_Cartas_Enviadas/RADICADAS/2018/CI004_526718_070108_CON_RESOL_1684_975_MATER-PETR.pdf
2970,5,CONSORCIO 4C,GP-4754,CONCESIÓN ALTO MAGDALENA S.A.S.,ALMA-R-2018-2146,03/07/2018,Observaciones Fichas Prediales UF 2,15_01_Cartas_Enviadas/RADICADAS/2018/CI004_475418_070401_CON_OBS_ALMA-2018-2105-2106.pdf
2969,3,CONSORCIO 4C,GP-4483,CONCESIÓN ALTO MAGDALENA S.A.S,ALMA-R-2018-1658,23/05/2018,Contrato de Concesión 003 de 2014 Concesión Honda – Girardot – Puerto Salgar Observaciones Resoluciones de Expropiaciones,15_01_Cartas_Enviadas/RADICADAS/2018/CI004_448318_070404_CON_OBS_RES_EXP1.pdf
2974,3,CONSORCIO 4C,GP-4149,CONCESIÓN ALTO MAGDALENA S.A.S.,ALMA-R-2018-1033,27/03/2018,SOLICITUD INFORMACION SIPULCO PUENTE YEGUAS UF5,15_01_Cartas_Enviadas/RADICADAS/2018/CI004_414918_070103_CON_SOLICITUD_SIPUCOL_YEGUAS.pdf
2976,3,CONSORCIO 4C,GP-5351,CONCESIÓN ALTO MAGDALENA S.A.S.,ALMA-R-2018-3179,11/10/2018,Perdida Banca Margen Derecha Puente Burras (K12+935) - UF5.2,15_01_Cartas_Enviadas/RADICADAS/2018/CI004_535118_070103_CON_PERDIDA_BANCA_PTE-BURRAS-5.2.pdf
2975,10,CONSORCIO 4C,GP-5463,CONCESIÓN ALTO MAGDALENA S.A.S.,ALMA-R-2018-3415,30/10/2018,INTERSECCION NUEVO PUENTE A HONDS CO,15_01_Cartas_Enviadas/RADICADAS/2018/CI004_546318_070108_CON_RESP-ALMA-2018-3893.pdf
2977,6,CONSORCIO 4C,GP-4090,CONCESIÓN ALTO MAGDALENA S.A.S.,ALMA-R-2018-0933,20/03/2018,ASPECTOS E IMPACTOS AMBIENTALES UNIDAD FUNCIONAL 2,15_01_Cartas_Enviadas/RADICADAS/2018/CI004_409018_070108_CON_ASP_IMP_UF2.pdf
2981,2,CONSORCIO 4C,GP-3768,CONCESIÓN ALTO MAGDALENA S.A.S.,ALMA-R-2018-0222,18/01/2018,Contrato de Concesión 003 de 2014 Concesión Honda-Girardot-Puerto Salgar Observaciones Estados Financieros Noviembre 2017,15_01_Cartas_Enviadas/RADICADAS/2018/CI004_376818_070201_CON_OBSERVAC_FIDUCIA_NOV-17.pdf
2978,2,CONSORCIO 4C,GP-4512,AGENCIA NACIONAL DE INFRAESTRUCTURA - ANI,2018-409-054080-2,28/05/2018,Contrato de Concesión 003 de 2014 Concesión Honda - Girardot - Puerto Salgar Resoluciones de Expropiación,15_01_Cartas_Enviadas/RADICADAS/2018/CI004_451218_070404_ANI_RESOL_EXPROPIACION.pdf
2979,27,CONSORCIO 4C,GP-5605,CONCESIÓN ALTO MAGDALENA S.A.S,ALMA-R-2018-3638,23/11/2018,Contrato de Concesión 003 de 2014 Concesión Honda - Girardot - Puerto Salgar Memoria Técnica septiembre 2018,15_01_Cartas_Enviadas/RADICADAS/2018/CI004_560518_070500_CON_MEMORIA_TECNICA_SEPT2018.pdf
2980,2,CONSORCIO 4C,GP-4701,AGENCIA NACIONAL DE INFRAESTRUCTURA – ANI,ANI 2018-409-062315-2,26/06/2018,Contrato de Concesión APP No. 003 de 2014 Concesión Honda – Girardot – Puerto Salgar Alcance Comunicación CI.004/GP4700/18/5.3 Radicado ANI 2018-409-062315-2,15_01_Cartas_Enviadas/RADICADAS/2018/CI004_470118_050300_ANI_ALCANCE-GP4700-EER.pdf
2982,4,CONSORCIO 4C,GP-4940,CONCESIÓN ALTO MAGDALENA S.A.S,ALMA-R-2018-2467,02/08/2018,DISEÑOS PUENTE PEATONAL UF 5.2 LA DORADA,15_01_Cartas_Enviadas/RADICADAS/2018/CI004_494018_070107_CON_DISENOS_PEATONAL_LA-DORADA (1).pdf
2984,6,CONSORCIO 4C,GP-4989,CONCESIÓN ALTO MAGDALENA S.A.S.,ALMA-R-2018-2537,03/08/2018,Observaciones Expedientes Finales Prediales,15_01_Cartas_Enviadas/RADICADAS/2018/CI004_498918_070401_CON_OBS_ALMA-2547 (1).pdf
2983,4,CONSORCIO 4C,GP-5114,CONCESIÓN ALTO MAGDALENA S.A.S.,ALMA-R-2018-2781,05/09/2018,Ref. Contrato de Concesión 003 de 2014 Concesión Honda - Girardot - Puerto Salgar. Infraestructura de Hidrocarburos UF-5,15_01_Cartas_Enviadas/RADICADAS/2018/CI004_511418_070115_CON_PASO-PROV_INFRAESTR_RED-HIDROC (2).pdf
2988,19,CONSORCIO 4C,GP-5258,AGENCIA NACIONAL DE INFRAESTRUCTURA – ANI,20184091007402,26/09/2018,Contrato de Concesión 003 de 2014 Concesión Honda – Girardot – Puerto Salgar. Alerta Temprana Procuraduría Avalúos UF5–La Dorada,15_01_Cartas_Enviadas/RADICADAS/2018/CI004_525818_070406_ANI_ALERTA-TEMP_AVAL_MELISA_1.pdf
2989,3,CONSORCIO 4C,GP-4751,CONCESIÓN ALTO MAGDALENA S.A.S.,ALMA-R-2018-2140,03/07/2018,Logística Colocación Concreto Dovelas Nuevo Puente Puerto Salgar,15_01_Cartas_Enviadas/RADICADAS/2018/CI004_475118_070103_CON_LOGISTICA_CONCRETO_PTESALGAR.pdf
2986,3,CONSORCIO 4C,GP-3876,CONCESIÓN ALTO MAGDALENA S.A.S.,ALMA-R-2018-0542,14/02/2018,MEDICION DE INDICADORES FEBRERO 2018,15_01_Cartas_Enviadas/RADICADAS/2018/CI004_387618_070303_MEDICIÓN_INDICADORES_FEBRERO-18.pdf
2990,3,CONSORCIO 4C,GP-3727,CONCESIÓN ALTO MAGDALENA S.A.S.,ALMA-R-2018-0136,11/01/2018,REVISION OCUPACION CAUCE BOX K72+640,15_01_Cartas_Enviadas/RADICADAS/2018/CI004_372718_070107_070108_CON_HIDRAUL_BOXK72+640_ALMA-1973.pdf
2985,8,CONSORCIO 4C,GP-5174,CONCESIÓN ALTO MAGDALENA S.A.S.,ALMA-R-2018-2879,11/09/2018,OBSERVACIONES FICHAS PREDIALES UF 4 Y 5,15_01_Cartas_Enviadas/RADICADAS/2018/CI004_517418_070401_CON_ALMA-3241-3315-3365-3228-3240.pdf
2987,4,CONSORCIO 4C,GP-5624,CONCESIÓN ALTO MAGDALENA S.A.S.,ALMA-R-2018-3674,27/11/2018,Contrato de Concesión 003 de 2014 Concesión Honda - Girardot - Puerto Salgar. Observaciones Fichas Prediales UF 3,15_01_Cartas_Enviadas/RADICADAS/2018/CI004_562418_070401_CON_OBS__ALMA-3879.pdf
2991,5,CONSORCIO 4C,GP-4190,AGENCIA NACIONAL DE INFRAESTRUCTURA - ANI,20184090335462,05/04/2018,Contrato de Concesión 003 de 2014 Concesión Honda – Girardot – Puerto Salgar Gestiones Alcaldía Guaduas Cundinamarca,15_01_Cartas_Enviadas/RADICADAS/2018/CI004_419018_070115_ANI_GES_ALC_GUADDUAS.pdf
2992,3,CONSORCIO 4C,GP-5080,CONCESIÓN ALTO MAGDALENA S.A.S.,ALMA-R-2018-2737,31/08/2018,SECTORES CRITICOS ACCIDENTALIDAD 2ª TRIMESTRE 2018,15_01_Cartas_Enviadas/RADICADAS/2018/CI004_508018_070304_CON_SECTORES_CRITICOS_SEGU-TRIMES-2018 (1).pdf
2993,3,CONSORCIO 4C,GP-5489,CONCESIÓN ALTO MAGDALENA S.A.S.,ALMA-R-2018-3454,31/10/2018,Contrato de Concesión 003 de 2014 Concesión Honda – Girardot – Puerto Salgar Seguimiento Calidad Canal K11+500 UF 5.4,15_01_Cartas_Enviadas/RADICADAS/2018/CI004_548918_070103_CON_CANAL_K11+500_UF5.4 (1).pdf
2995,5,CONSORCIO 4C,GP-5319,CONCESIÓN ALTO MAGDALENA S.A.S.,ALMA-R-2018-3123,04/10/2018,SEGUIMIENTO CONSTRUCTIVO PESAJE Y PAS,15_01_Cartas_Enviadas/RADICADAS/2018/CI004_531918_070103_CON_SEGUI_PEAJE-PESAJE_UF5.4.pdf
2999,3,CONSORCIO 4C,GP-4160,CONCESIÓN ALTO MAGDALENA S.A.S,ALMA-R-2018-1046,28/03/2018,Relación personal Interventoría Ingreso áreas / Seguimiento Actividades Cumplimiento Permisos Levantamiento de Veda,15_01_Cartas_Enviadas/RADICADAS/2018/CI004_416018_070108_CON_REQUERI_FORMAL (1).pdf
2994,3,CONSORCIO 4C,GP-5411,CONCESIÓN ALTO MAGDALENA S.A.S.,ALMA-R-2018-3256,18/10/2018,DEFENSAS METÁLICAS UF 5.2,15_01_Cartas_Enviadas/RADICADAS/2018/CI004_541118_070107_CON_SEGUI_DEFENSAS-METALICAS_UF5.2.pdf
2996,3,CONSORCIO 4C,GP-5091,AGENCIA NACIONAL DE INFRAESTRUCTURA – ANI,20184090907612,05/09/2018,Contrato de Concesión 003 de 2014 Concesión Honda – Girardot – Puerto Salgar Concepto de Centros Urbanos,15_01_Cartas_Enviadas/RADICADAS/2018/CI004_509118_070401_ANI_INFORMAC_CENTR_URBA.pdf
3000,9,CONSORCIO 4C,GP-4860,AGENCIA NACIONAL DE INFRAESTRUCTURA - ANI,ANI-20183040162621,23/07/2018,Contrato de Concesión 003 de 2014 Concesión Honda – Girardot – Puerto Salgar Rta ANI-20183040162621. No. De expediente 20183040280200067E. Permiso de Ocupación Temporal del Derecho De Vía. – TGI S.A. ESP.,15_01_Cartas_Enviadas/RADICADAS/2018/CI004_486018_070114_ANI_TGI-S.A.-ESP_.pdf
2998,3,CONSORCIO 4C,GP-4066,CONCESIÓN ALTO MAGDALENA S.A.S.,ALMA-R-2018-0874,14/03/2018,CONDICIONES SEGURIDAD UF3 SEMANA 160,15_01_Cartas_Enviadas/RADICADAS/2018/CI004_406618_070110_CON_SEGSISO_UF3_SEM160.pdf
3005,3,CONSORCIO 4C,GP-4347,CONCESIÓN ALTO MAGDALENA S.A.S.,ALMA-R-2018-1403,03/05/2018,ATRASO CONSTRUCCION PUENTE RIO MAGAD,15_01_Cartas_Enviadas/RADICADAS/2018/CI004_434718_070103_CON_ATRASO_PTE_RIOMAGDALENA-UF1.pdf
2997,5,CONSORCIO 4C,GP-3750,CONCESIÓN ALTO MAGDALENA S.A.S,ALMA-R-2018-0204,17/01/2018,Observaciones Revisión Avalúos UF 3,15_01_Cartas_Enviadas/RADICADAS/2018/CI004_375018_070401_CON_OBS_ALMA-4931.pdf
3001,3,CONSORCIO 4C,GP-5623,CONCESIÓN ALTO MAGDALENA S.A.S.,ALMA-R-2018-3673,28/11/2018,CONCEPTOS INTERFERENCIA RED FÉRREA UF5,15_01_Cartas_Enviadas/RADICADAS/2018/CI004_562318_070107_INTERFERENCIAS_RED-FÉRREA_ALMA-2018-4284 (1).pdf
3004,1,CONSORCIO 4C,GP-4968,AGENCIA NACIONAL DE INFRAESTRUCTURA - ANI,2018-409-081906-2,10/08/2018,Contrato de Concesión 003 de 2014 Concesión Honda - Girardot - Puerto Salgar. Registro Fílmico Informe Mensual Técnico 45,15_01_Cartas_Enviadas/RADICADAS/2018/CI004_496818_090200_ANI_REG_FIL_INFO_MEN_TECNICO45.pdf
3006,12,CONSORCIO 4C,GP-4261,CONCESIÓN ALTO MAGDALENA S.A.S.,ALMA-R-2018-1212,11/04/2018,Contrato de Concesión 003 de 2014 Concesión Honda - Girardot - Puerto Salgar. Observaciones Expedientes Finales Prediales,15_01_Cartas_Enviadas/RADICADAS/2018/CI004_426118_070401_CON_OBS_ALMA-4514-5018.pdf
3002,3,CONSORCIO 4C,GP-3967,CONCESIÓN ALTO MAGDALENA S.A.S.,ALMA-R-2018-0689,23/02/2018,SOLICITUD ACTA OARCIAL DE OBRA 7,15_01_Cartas_Enviadas/RADICADAS/2018/CI004_396718_070115_CON_SOLIC_ACTA_PARCIAL_7.pdf
3010,5,CONSORCIO 4C,GP-4218,CONCESIÓN ALTO MAGDALENA S.A.S.,ALMA-R-2018-1161,06/04/2018,Contrato de Concesión 003 de 2014 Concesión Honda - Girardot - Puerto Salgar. Observaciones Fichas Prediales UF 3,15_01_Cartas_Enviadas/RADICADAS/2018/CI004_421818_070401_CON_OBS_ALMA-1294-1295.pdf
3003,5,CONSORCIO 4C,GP-5614,CONCESIÓN ALTO MAGDALENA S.A.S.,ALMA-R-2018-3660,26/11/2018,Observaciones Fichas Prediales UF 3,15_01_Cartas_Enviadas/RADICADAS/2018/CI004_561418_070401_CON_OBS_ALMA-4260-4219.pdf
3008,3,CONSORCIO 4C,GP-4101,CONCESIÓN ALTO MAGDALENA S.A.S,ALMA-R-2018-0944,20/03/2018,Contrato de Concesión 003 de 2014 Concesión Honda - Girardot - Puerto Salgar Seguimiento Calidad Procesos Constructivos Nivelación capa Intermedia MSC-25 Estructura Pavimento Unidad Funcional 5.4.,15_01_Cartas_Enviadas/RADICADAS/2018/CI004_410118_070103_CON_NIVELACIÓN_CAPA_INTERMEDIA-UF5.4 (1).pdf
3007,4,CONSORCIO 4C,GP-4977,CONCESIÓN ALTO MAGDALENA S.A.S.,ALMA-R-2018-2523,10/08/2018,Contrato de Concesión 003 de 2014 Concesión Honda - Girardot - Puerto Salgar. Aspectos e Impactos Ambientales UF 5.4,15_01_Cartas_Enviadas/RADICADAS/2018/CI004_497718_070108_CON_ASP_IMP_UF5.4.pdf
3011,4,CONSORCIO 4C,GP-4737,CONCESIÓN ALTO MAGDALENA S.A.S.,ALMA-R-2018-2892,28/06/2018,IMPACTOS CRUCES CUERPOS DE AGUA UF 5.4,15_01_Cartas_Enviadas/RADICADAS/2018/CI004_473718_070108_CON_IMPACTOS_HIDRICOS_UF5.4 (1).pdf
3009,4,CONSORCIO 4C,GP-4930,CONCESIÓN ALTO MAGDALENA S.A.S.,ALMA-R-2018-2456,02/08/2018,Contrato de Concesión 003 de 2014 Concesión Honda – Girardot – Puerto Salgar. Seguimiento Condiciones Seguridad UF 3 Semana 182,15_01_Cartas_Enviadas/RADICADAS/2018/CI004_493018_070110_CON_SEGSISO_UF3_SEM182 (2).pdf
3013,5,CONSORCIO 4C,GP-4374,CONCESIÓN ALTO MAGDALENA S.A.S.,ALMA-R-2018-1437,04/05/2018,RESPUESTA ALMA-2018-1102 (GP7741) - Índices de Cumplimiento febrero de 2018.,15_01_Cartas_Enviadas/RADICADAS/2018/CI004_437418_070305_CON_RTA_ALMA20181102_NSE7E10O5_FEBRERO2018 (1).pdf
3014,3,CONSORCIO 4C,GP-5012,AGENCIA NACIONAL DE INFRAESTRUCTURA – ANI,2018-409-084989-2,17/08/2018,Fideicomiso Fidubogotá — Alto Magdalena 3-1-63664,15_01_Cartas_Enviadas/RADICADAS/2018/CI004_501218_070200_ANI_REMI_FORM_GCSP-F-001_BUP_JULIO18.pdf
3012,8,CONSORCIO 4C,GP-4655,CONCESIÓN ALTO MAGDALENA S.A.S.,ALMA-R-2018-1946,14/06/2018,OBSERVACIONES FICHAS PREDIALES UF 3 Y 5,15_01_Cartas_Enviadas/RADICADAS/2018/CI004_465518_070401_CON_OBS_ALMA-1958-1834-1650-1649-1647.pdf
3015,4,CONSORCIO 4C,GP-3837,CONCESIÓN ALTO MAGDALENA S.A.S.,ALMA-R-2018-0424,01/02/2018,Contrato de Concesión 003 de 2014 Concesión Honda - Girardot - Puerto Salgar Señales Informativas Servicios.,15_01_Cartas_Enviadas/RADICADAS/2018/CI004_383718_070104_SEÑAL_INFORMACIÓN_SERVICIOS.pdf
3022,16,CONSORCIO 4C,GP-5335,AGENCIA NACIONAL DE INFRAESTRUCTURA – ANI,ALMA-R-2018-3145,08/10/2018,"Contrato de Concesión 003 de 2014 Concesión Honda – Girardot – Puerto Salgar Concepto Otrosí 9, modificación anchura faja de retiro obligatorio UF2, UF3 y UF5.",15_01_Cartas_Enviadas/RADICADAS/2018/CI004_533518_050200_ANI_OTROSI_9_PASOURBANO (1).pdf
3019,4,CONSORCIO 4C,GP-4933,CONCESIÓN ALTO MAGDALENA S.A.S,ALMA-R-2018-2459,02/08/2018,Contrato de Concesión 003 de 2014 Concesión Honda - Girardot - Puerto Salgar Seguimiento Calidad Procesos Constructivos Losa Aproximación Puente K5+279 UF 5.4,15_01_Cartas_Enviadas/RADICADAS/2018/CI004_493318_070103_CON_LOSA_APROXIMACIÓN_K5+279-UF5.4 (1).pdf
3021,2,CONSORCIO 4C,GP-4121,AGENCIA NACIONAL DE INFRAESTRUCTURA - ANI,2018-409-032958-2,22/03/2018,Contrato de Concesión 003 de 2014 Concesión Honda - Girardot - Puerto Salgar. Remisión Formato GCSP-F-007 Informe de Ejecución de Recursos Públicos - Febrero 2018,15_01_Cartas_Enviadas/RADICADAS/2018/CI004_412118_070200_ANI_REMISION_FORMATO_GCSP-F-007 INFORME EJECUCION RECURSOS PUBLICOS FEBRERO.pdf
3018,8,CONSORCIO 4C,GP-3800,CONCESIÓN ALTO MAGDALENA S.A.S,ALMA-R-2018-0378,29/01/2018,Contrato de Concesión 003 de 2014 Concesión Honda - Girardot - Puerto Salgar. Observaciones Revisión Avalúos UF3,15_01_Cartas_Enviadas/RADICADAS/2018/CI004_380018_070401_CON_OBS_ALMA-0325.pdf
3020,6,CONSORCIO 4C,GP-4145,AGENCIA NACIONAL DE INFRAESTRUCTURA - ANI,2018-409-031838-2,27/03/2018,Contrato de Concesión 003 de 2014 Concesión Honda – Girardot – Puerto Salgar Acta de Entrega de Infraestructura,15_01_Cartas_Enviadas/RADICADAS/2018/CI004_414518_050200_ANI_ACTA_ENTREGA_INFRAESTRUCTURA.pdf
3017,3,CONSORCIO 4C,GP-4279,AGENCIA NACIONAL DE INFRAESTRUCTURA - ANI,ALMA-R-2018-1255,13/04/2018,Solicitud No Objeción Plazo de Cura.,15_01_Cartas_Enviadas/RADICADAS/2018/CI004_427918_050300_ANI_NO-OBJECION_PLAZO-CURA_PREFIDU2.pdf
3016,7,CONSORCIO 4C,GP-5571,AGENCIA NACIONAL DE INFRAESTRUCTURA- ANI,20184091208182,16/11/2018,Contrato de Concesión 003 de 2014 Concesión Honda – Girardot – Puerto Salgar. Mesa de trabajo – Expropiaciones,15_01_Cartas_Enviadas/RADICADAS/2018/CI004_557118_070401_ANI_MESA_EXPROPIAC.pdf
3023,2,CONSORCIO 4C,GP-4027,CONCESIÓN ALTO MAGDALENA S.A.S.,ALMA-R-2018-0815,08/03/2018,REVISION FICHAS SOCIALES,15_01_Cartas_Enviadas/RADICADAS/2018/CI004_402718_070402_CON_FICHAS_SOCIALES_ALMA-0722.pdf
3024,13,CONSORCIO 4C,GP-4136,CONCESIÓN ALTO MAGDALENA S.A.S.,ALMA-R-2018-1014,23/03/2018,Contrato de Concesión 003 de 2014 Concesión Honda - Girardot - Puerto Salgar Observaciones Resolución de Expropiaciones UF2 y 3,15_01_Cartas_Enviadas/RADICADAS/2018/CI004_413618_070404_CON_ALMA-0244-1035-1028-1029-1030-0984-0979-0988-0986.pdf
3027,2,CONSORCIO 4C,GP-4611,AGENCIA NACIONAL DE INFRAESTRUCTURA - ANI,2018-409-058323-2,12/06/2018,Contrato de Concesión 003 de 2014 Concesión Honda - Girardot - Puerto Salgar Resoluciones de Expropiación,15_01_Cartas_Enviadas/RADICADAS/2018/CI004_461118_050300_ANI_OBSERV_RESOL_EXPRO_ALMA-2018-15811.pdf
3026,4,CONSORCIO 4C,GP-5117,CONCESIÓN ALTO MAGDALENA S.A.S.,ALMA-R-2018-2784,13/08/2018,Contrato de Concesión 003 de 2014 Concesión Honda - Girardot - Puerto Salgar. Observaciones Expedientes Finales Prediales,15_01_Cartas_Enviadas/RADICADAS/2018/CI004_511718_070401_CON_OBS_ALMA-2545 (1).pdf
3025,17,CONSORCIO 4C,GP-4280,CONCESIÓN ALTO MAGDALENA S.A.S.,ALMA-R-2018-1256,17/04/2018,OBLIGACIONES DEL CONCESIONARIO: OPERACIÓN Y MANTENIMIENTO DE LA ILUMINACIÓN.,15_01_Cartas_Enviadas/RADICADAS/2018/CI004_428018_050300_CON_MANTENIM_ILUMINACION_ALMA-5356.pdf
3031,4,CONSORCIO 4C,GP-3899,CONCESIÓN ALTO MAGDALENA S.A.S,ALMA-R-2018-0565,15/02/2018,REVISION OBRAS SUPRIMIDAS-UF3,15_01_Cartas_Enviadas/RADICADAS/2018/CI004_389918_ 070107_CON_ODT_SUPRIMIDAS_UF3.pdf
3029,7,CONSORCIO 4C,GP-5613,CONCESIÓN ALTO MAGDALENA S.A.S.,ALMA-R-2018-3659,26/11/2018,Observaciones Fichas Prediales UF 3 y 5,15_01_Cartas_Enviadas/RADICADAS/2018/CI004_561318_070401_CON_OBS_ALMA-4199-4218.pdf
3030,11,CONSORCIO 4C,GP-5651,AGENCIA NACIONAL DE INFRAESTRUCTURA - ANI,2018-409-126810-2,30/11/2018,Contrato de Concesión 003 de 2014 Concesión Honda - Girardot - Puerto Salgar Actas de Calculo VPIP Septiembre y Octubre 2018.,15_01_Cartas_Enviadas/RADICADAS/2018/CI004_565118_070208_CON_ACTA_VPIP_ACUM-SEPT-OCT-2018.pdf
3028,3,CONSORCIO 4C,GP-4847,CONCESIÓN ALTO MAGDALENA S.A.S.,ALMA-R-2018-2298,19/07/2018,Contrato de Concesión 003 de 2014 Concesión Honda - Girardot - Puerto Salgar. Conceptos Interferencia Red Férrea UF5,15_01_Cartas_Enviadas/RADICADAS/2018/CI004_484718_070107_CONCEPTO_INTERFERENCIAS_RED-FÉRREA-UF5.pdf
3034,2,CONSORCIO 4C,GP-4599,CONCESIÓN ALTO MAGDALENA S.A.S.,ALMA-R-2018-1863,07/06/2018,SOLICITUD ANEXOS EER HALLAZGO ARQUEOLÓGICO K130+720 UF 5.1,15_01_Cartas_Enviadas/RADICADAS/2018/CI004_459918_050300_CON_ANEXOS_EERHALLAZGO_UF5.1.pdf
3035,3,CONSORCIO 4C,GP-4362,CONCESIÓN ALTO MAGDALENA S.A.S,ALMA-R-2018-1419,03/05/2018,Contrato de Concesión 003 de 2014 Concesión Honda - Girardot - Puerto Salgar Seguimiento Plan Obras Conexión Vía Honda - La Dorada Ruta 4510 Con La Vía Puerto Salgar - El Korán Ruta 4510,15_01_Cartas_Enviadas/RADICADAS/2018/CI004_436218_070101_CON_ATRASO_VARIANTE_PTO-SALGAR.pdf
3033,4,CONSORCIO 4C,GP-5707,AGENCIA NACIONAL DE INFRAESTRUCTURA – ANI,2018-409-132360-2,13/12/2018,Contrato de Concesión 003 de 2014 Concesión Honda – Girardot – Puerto Salgar. Remisión Formato GCSP-F-009 Informe Mensual Recaudo de Peajes – Noviembre 2018,15_01_Cartas_Enviadas/RADICADAS/2018/CI004_570718_070202_ANI_REMI_FORGCSP-F-009_IMRP_NOV18.pdf
3032,8,CONSORCIO 4C,GP-5331,AGENCIA NACIONAL DE INFRAESTRUCTURA - ANI,2018-305-013883-1,05/10/2018,Contrato de Concesión 003 de 2014 Concesión Honda - Girardot - Puerto Salgar. Tarifa Diferencial Peaje Guataquí Oficio ANI N°2018-305-013883-1,15_01_Cartas_Enviadas/RADICADAS/2018/CI004_533118_070109_ANI_TDIFERENCIAL_GUATAQUI.pdf
3036,14,CONSORCIO 4C,GP-3831,CONCESIÓN ALTO MAGDALENA S.A.S.,ALMA-R-2018-0419,31/01/2018,OBSERVACIONES FICHAS PREDIALES UF 4 Y 5,15_01_Cartas_Enviadas/RADICADAS/2018/CI004_383118_070401_CON_OBS_ALMA-0082-0211.pdf
3037,3,CONSORCIO 4C,GP-4966,AGENCIA NACIONAL DE INFRAESTRUCTURA - ANI,ALMA-R-2018-2508,08/08/2018,LISTADO DE CORRECCIONES Y COMPLEMENTOS UF1,15_01_Cartas_Enviadas/RADICADAS/2018/CI004_496618_090300_ANI_PENDIENTES_UF1-.pdf
3042,4,CONSORCIO 4C,GP-5199,CONCESIÓN ALTO MAGDALENA S.A.S.,ALMA-R-2018-2933,19/09/2018,PERMISO OCUPACION CAUCE K18+705. UF2,15_01_Cartas_Enviadas/RADICADAS/2018/CI004_519918_070108_CON_POC_K18 705_UF2.pdf
3039,6,CONSORCIO 4C,GP-5383,CONCESIÓN ALTO MAGDALENA S.A.S,ALMA-R-2018-3249,17/10/2018,Contrato de Concesión 003 de 2014 Concesión Honda - Girardot - Puerto Salgar. Observaciones Revisión Avalúos UF 3,15_01_Cartas_Enviadas/RADICADAS/2018/CI004_538318_070406_CON_OBS_ALMA-2018-1431-2923.pdf
3038,5,CONSORCIO 4C,GP-4539,CONCESIÓN ALTO MAGDALENA S.A.S,ALMA-R-2018-1735,28/05/2018,Observaciones Revisión Avalúos UF4,15_01_Cartas_Enviadas/RADICADAS/2018/CI004_453918_070401_CON_OBS_ALMA-2018-1959.pdf
3043,4,CONSORCIO 4C,GP-4408,CONCESIÓN ALTO MAGDALENA S.A.S.,ALMA-R-2018-1505,09/05/2018,Contrato de Concesión 003 de 2014 Concesión Honda – Girardot – Puerto Salgar. Observaciones Fichas Prediales UF 5,15_01_Cartas_Enviadas/RADICADAS/2018/CI004_440818_070401_CON_OBS_ALMA-0863.pdf
3044,4,CONSORCIO 4C,GP-4171,CONCESIÓN ALTO MAGDALENA S.A.S.,ALMA-R-2018-1057,28/03/2018,Contrato de Concesión 003 de 2014 Concesión Honda - Girardot - Puerto Salgar Calidad Procesos Constructivos Cunetas UF 5.4,15_01_Cartas_Enviadas/RADICADAS/2018/CI004_417118_070103_CON_SEGUI_CUNETAS_UF5 (2).pdf
3040,5,CONSORCIO 4C,GP-5611,CONCESIÓN ALTO MAGDALENA S.A.S.,ALMA-R-2018-3644,23/11/2018,Contrato de Concesión 003 de 2014 Concesión Honda - Girardot - Puerto Salgar Incumplimiento Condiciones Seguridad UF 5 Semana 198 y 199,15_01_Cartas_Enviadas/RADICADAS/2018/CI004_561118_070110_CON_SEGSISO_UF5_SEM198199 (1).pdf
3041,6,CONSORCIO 4C,GP-4215,CONCESIÓN ALTO MAGDALENA S.A.S.,ALMA-R-2018-1159,10/04/2018,CALIDAD CONCRETOS TERMINADOS INTEGRIDAD ACERO REFUERZO PUENTES UF 5,15_01_Cartas_Enviadas/RADICADAS/2018/CI004_421518_070103_CON_CALIDAD_CONCRETO_ACERO-PUENTESUF5.pdf
3046,4,CONSORCIO 4C,GP-4247,CONCESIÓN ALTO MAGDALENA S.A.S.,ALMA-R-2018-1198,12/04/2018,SEGUIMIENTO CONDICIONES DE SEGURIDAD L,15_01_Cartas_Enviadas/RADICADAS/2018/CI004_424718_070110_CON_SEGSISO_UF5_SEM166.pdf
3051,6,CONSORCIO 4C,GP-5735,CONCESIÓN ALTO MAGDALENA S.A.S,ALMA-R-20190054,19/12/2018,Contrato de Concesión 003 de 2014 Concesión Honda - Girardot - Puerto Salgar. Observaciones Revisión Avalúos UF 3,15_01_Cartas_Enviadas/RADICADAS/2018/CI004_573518_070406_CON_OBS_ALMA-2018-2769-4509-1.pdf
3045,6,CONSORCIO 4C,GP-4377,CONCESIÓN ALTO MAGDALENA S.A.S.,ALMA-R-2018-1464,08/05/2018,Contrato de Concesión 003 de 2014 Concesión Honda - Girardot - Puerto Salgar Seguimiento Actividades Constructivas Glorieta Purnio UF 5.4,15_01_Cartas_Enviadas/RADICADAS/2018/CI004_437718_070108_CON_GLOR_PURNIO_UF5.4.pdf
3049,3,CONSORCIO 4C,GP-5156,CONCESIÓN ALTO MAGDALENA S.A.S,ALMA-R-2018-2850,11/09/2018,Revisión Contraflechas Puentes Menores Nuevos UF5.4,15_01_Cartas_Enviadas/RADICADAS/2018/CI004_515618_070107_CON_REVISIÓN_CONTRAFLECHA_PUENTES-UF5.4.pdf
3050,7,CONSORCIO 4C,GP-3889,CONCESIÓN ALTO MAGDALENA S.A.S,ALMA-R-2018-0606,13/02/2018,Contrato de Concesión 003 de 2014 Concesión Honda – Girardot – Puerto Salgar. Observaciones Revisión Avalúos UF3,15_01_Cartas_Enviadas/RADICADAS/2018/CI004_388918_070401_CON_OBS_ALMA-4827.pdf
3052,3,CONSORCIO 4C,GP-4506,CONCESIÓN ALTO MAGDALENA S.A.S.,ALMA-R-2018-1689,28/05/2018,Contrato de Concesión 003 de 2014 Concesión Honda - Girardot - Puerto Salgar Seguimiento Plan Obras - Gestión Predial Peaje y Báscula UF 5.4,15_01_Cartas_Enviadas/RADICADAS/2018/CI004_450618_070103_CON_INTERV-PREDIOS_AVA-OBRA_PEAJE-UF5.pdf
3054,3,CONSORCIO 4C,GP-3816,CONCESIÓN ALTO MAGDALENA S.A.S,ALMA-R-2018-0401,31/01/2018,Contrato de Concesión 003 de 2014 Concesión Honda - Girardot - Puerto Salgar. Revisión Análisis Estabilidad Talud K37+500 UF2,15_01_Cartas_Enviadas/RADICADAS/2018/CI004_381618_ 070107_CON_TALUDK37_UF2.pdf
3048,5,CONSORCIO 4C,GP-5265,CONCESIÓN ALTO MAGDALENA S.A.S,ALMA-R-2018-3043,27/09/2018,Contrato de Concesión 003 de 2014 Concesión Honda - Girardot - Puerto Salgar Obligaciones Pendientes UF4,15_01_Cartas_Enviadas/RADICADAS/2018/CI004_526518_070108_CON_OBLIG-PEND_UF4_ALMA-3607.pdf
3047,8,CONSORCIO 4C,GP-5616,CONCESIÓN ALTO MAGDALENA S.A.S.,ALMA-R-2018-3662,26/11/2018,Contrato de Concesión 003 de 2014 Concesión Honda - Girardot - Puerto Salgar Observaciones Resolución Expropiación UF4 y 5,15_01_Cartas_Enviadas/RADICADAS/2018/CI004_561618_070404_CON_OBS_RES_EXP_ALMA-2018-4254 (1).pdf
3053,5,CONSORCIO 4C,GP-3875,CONCESIÓN ALTO MAGDALENA S.A.S,ALMA-R-2018-0541,09/02/2018,OBSERVACIONES REVISION AVALUOS UF3,15_01_Cartas_Enviadas/RADICADAS/2018/CI004_387518_070401_CON_OBS_ALMA-0434 (2).pdf
3059,5,CONSORCIO 4C,GP-4852,CONCESIÓN ALTO MAGDALENA S.A.S.,ALMA-R-2018-2303,19/07/2018,BLOQUES ZONA LATERAL-K5+700 UF 2,15_01_Cartas_Enviadas/RADICADAS/2018/CI004_485218_070304_CON_BLOQUES_BORDEVIA_UF2.pdf
3058,2,CONSORCIO 4C,GP-4205,CONCESIÓN ALTO MAGDALENA S.A.S.,ALMA-R-2018-1128,06/04/2018,Contrato de Concesión 003 de 2014 Concesión Honda - Girardot - Puerto Salgar. Seguimiento Obra Construcción Andenes Puente Sobre Río Magdalena UF1.,15_01_Cartas_Enviadas/RADICADAS/2018/CI004_420518_070103_CON_PROTOC-TENSADO_CONTINUIDAD_RIOMAGDALENAUF1.pdf
3055,4,CONSORCIO 4C,GP-3805,CONCESIÓN ALTO MAGDALENA S.A.S.,ALMA-R-2018-0384,30/01/2018,Observaciones Fichas Prediales UF3,15_01_Cartas_Enviadas/RADICADAS/2018/CI004_380518_070401_CON_OBS_ALMA-5337.pdf
3056,3,CONSORCIO 4C,GP-3939,CONCESIÓN ALTO MAGDALENA S.A.S.,ALMA-R-2018-0645,21/02/2018,TARIFAS PEAJE CAMBAO,15_01_Cartas_Enviadas/RADICADAS/2018/CI004_393918_070301_CON_TARIFA_CAMBAO_MICROBUSE.pdf
3057,2,CONSORCIO 4C,GP-5179,AGENCIA NACIONAL DE INFRAESTRUCTURA - ANI,2018-409-095514-2,13/09/2018,Contrato de Concesión 003 de 2014 Concesión Honda — Girardot — Puerto Salgar Resoluciones de Expropiación,15_01_Cartas_Enviadas/RADICADAS/2018/CI004_517918_070404_ANI_RESOLUCIONES_EXPROPIACION.pdf
3063,4,CONSORCIO 4C,GP-5119,CONCESIÓN ALTO MAGDALENA S.A.S,ALMA-R-2018-2786,06/09/2018,SEGUIMIENTO AL PLAN DE OBRAS - GESTION,15_01_Cartas_Enviadas/RADICADAS/2018/CI004_511918_070101-070401_CON_ALMA-2018-3199_NORCASIA_UF5.2.pdf
3060,5,CONSORCIO 4C,GP-4710,CONCESIÓN ALTO MAGDALENA S.A.S,ALMA-R-2018-2042,26/06/2018,Contrato de Concesión 003 de 2014 Concesión Honda - Girardot - Puerto Salgar. Seguimiento y Marco Normativo UF 5.4 / Respuesta ALMA-2018-2052 y Alcance Comunicado CI.004/GP3226/17/7.1.8,15_01_Cartas_Enviadas/RADICADAS/2018/CI004_471018_070108_CON_ALMA-2018-2052_UF5.4.pdf
3062,3,CONSORCIO 4C,GP-4523,CONCESIÓN ALTO MAGDALENA S.A.S.,ALMA-R-2018-1702,28/05/2018,Contrato de Concesión 003 de 2014 Concesión Honda - Girardot - Puerto Salgar Estructura Profesionales Ejecución obras Nuevo Puente Puerto Salgar,15_01_Cartas_Enviadas/RADICADAS/2018/CI004_452318_070103_CON_PERSONAL_PUENTE_PTO-SALGAR.pdf
3061,5,CONSORCIO 4C,GP-4509,CONCESIÓN ALTO MAGDALENA S.A.S.,ALMA-R-2018-1692,28/05/2018,Contrato de Concesión 003 de 2014 Concesión Honda - Girardot - Puerto Salgar. Afectación Red Energía UF-2,15_01_Cartas_Enviadas/RADICADAS/2018/CI004_450918_070115_CON_AFECT_RED_ENR.pdf
3065,8,CONSORCIO 4C,GP-4185,CONCESIÓN ALTO MAGDALENA S.A.S.,ALMA-R-2018-1105,05/04/2018,Incumplimiento PMT UF3- Semana 163.,15_01_Cartas_Enviadas/RADICADAS/2018/CI004_418518_050300_070111_CON_FORMATO_PMT_S163_UF3.pdf
3064,3,CONSORCIO 4C,GP-5136,CONCESIÓN ALTO MAGDALENA S.A.S.,ALMA-R-2018-2804,06/09/2018,IMPLEMENTACION PMT INSTALACION FIBRA OPTICA,15_01_Cartas_Enviadas/RADICADAS/2018/CI004_513618_070111_CON_PMT_FIBRA-OPTICA_UF5-.pdf
3068,3,CONSORCIO 4C,GP-4277,CONCESIÓN ALTO MAGDALENA S.A.S,ALMA-R-2018-1253,17/04/2018,Contrato de Concesión 003 de 2014 Concesión Honda – Girardot – Puerto Salgar Respuesta ALMA-2018-1276 / Observaciones Diseño Geométrico Glorieta La Melissa UF5.2,15_01_Cartas_Enviadas/RADICADAS/2018/CI004_427718_070108_CON_LAMELISSA_ALMA_2018_1276.pdf
3067,7,CONSORCIO 4C,GP-3790,CONCESIÓN ALTO MAGDALENA S.A.S.,ALMA-R-2018-0337,25/01/2018,Contrato de Concesión 003 de 2014 Concesión Honda - Girardot - Puerto Salgar Medición Niveles Servicio Noviembre 2017,15_01_Cartas_Enviadas/RADICADAS/2018/CI004_379018_070305_CON_NIVELES_SERVICIO_11-2017.pdf
3066,4,CONSORCIO 4C,GP-3764,CONCESIÓN ALTO MAGDALENA S.A.S.,ALMA-R-2018-0224,18/01/2018,Contrato de Concesión 003 de 2014 Concesión Honda - Girardot - Puerto Salgar. Observaciones Cronograma Gestión Predial.,15_01_Cartas_Enviadas/RADICADAS/2018/CI004_376418_070401_CON_CRONOGR-_PREDIAL_ALMA-0044.pdf
3070,3,CONSORCIO 4C,GP-4353,CONCESIÓN ALTO MAGDALENA S.A.S,ALMA-R-2018-1409,03/05/2018,"REVISION FRANJA PEATONAL, PUENTE RIO M",15_01_Cartas_Enviadas/RADICADAS/2018/CI004_435318_070107_CON_PEATON_PTE_RÍOMAGDALENA_UF1.pdf
3069,7,CONSORCIO 4C,GP-4429,AGENCIA NACIONAL DE INFRAESTRUCTURA – ANI,2018-409-049672-2,17/05/2018,RENDIMIENTOS MES DE ABRIL DE 2018 P.A. ALTO MAGDALENA 3-1-63664,15_01_Cartas_Enviadas/RADICADAS/2018/CI004_442918_070202_ANI_REMI_FORMATO_GCSP-F-007_INFO_EJEC_RP_ABRIL_2018.pdf
3076,2,CONSORCIO 4C,GP-4804,CONCESIÓN ALTO MAGDALENA S.A.S.,ALMA-R-2018-2240,13/07/2018,Faltante Fondeo No 6 Compensaciones Ambientales - Julio 2017.,15_01_Cartas_Enviadas/RADICADAS/2018/CI004_480418_070201_CON_MENOR-VALOR_FONDEADO_ COMPENS-AMB.pdf
3073,6,CONSORCIO 4C,GP-5151,AGENCIA NACIONAL DE INFRAESTRCUTURA,20184090918542,07/09/2018,Contrato de Concesión 003 de 2014 Concesión Honda – Girardot – Puerto Salgar. Aclaración concepto EER UF 5.1 – K130+450,15_01_Cartas_Enviadas/RADICADAS/2018/CI004_515118_05030_ANI_ACLARACIÓN_CONCEPTO_EER_K130+450.pdf
3072,3,CONSORCIO 4C,GP-3720,CONCESIÓN ALTO MAGDALENA S.A.S.,ALMA-R-2018-0130,11/01/2018,CONSTRUCCION ALUMBRADO PUBLICO,15_01_Cartas_Enviadas/RADICADAS/2018/CI004_372018_070107_CON_DISEÑOS_ILUMINACION_UF-1-2-4.pdf
3074,2,CONSORCIO 4C,GP-4292,CONCESIÓN ALTO MAGDALENA S.A.S.,ALMA-R-2018-1277,18/04/2018,Contrato de Interventoría 145 de 2014 Interventoría Concesión Vial Girardot - Honda - Puerto Salgar. Entrega Manual de Marca vigente Concesión.,15_01_Cartas_Enviadas/RADICADAS/2018/CI004_429218_070110_CON_MANUAL_MARCA_VIGENTE.pdf
3077,4,CONSORCIO 4C,GP-5057,CONCESIÓN ALTO MAGDALENA S.A.S.,ALMA-R-2018-2669,24/08/2018,Contrato de Concesión 003 de 2014 Concesión Honda - Girardot - Puerto Salgar. Cronograma EER Genérico Predial UF4,15_01_Cartas_Enviadas/RADICADAS/2018/CI004_505718_070401_CON_CRONO_UF4_ALMA-2964 (1).pdf
3081,3,CONSORCIO 4C,GP-4731,CONCESIÓN ALTO MAGDALENA S.A.S.,ALMA-R-2018-2096,28/06/2018,Contrato de Concesión 003 de 2014 Concesión Honda - Girardot - Puerto Salgar. Respuesta comunicación ALMA 2018-2320 - fichas sociales ALMA - 2 - 0160,15_01_Cartas_Enviadas/RADICADAS/2018/CI004_473118_070402_CON_ALMA-2320_FICHA-SOCIAL_ALMA-2-0160 (1).pdf
3083,6,CONSORCIO 4C,GP-3907,CONCESIÓN ALTO MAGDALENA S.A.S.,ALMA-R-2018-0573,16/02/2018,ÍNDICES CUMPLIMIENTO ENERO 2018,15_01_Cartas_Enviadas/RADICADAS/2018/CI004_390718_070303_CON_INDICE-CUMPLI_ENERO-2018.pdf
3088,2,CONSORCIO 4C,GP-4786,AGENCIA NACIONAL DE INFRAESTRUCTURA - ANI,20184090685002,10/07/2018,Contrato de Concesión 003 de 2014 Concesión Honda – Girardot – Puerto Salgar. Informe Socioambiental 32 Versión 00.,15_01_Cartas_Enviadas/RADICADAS/2018/CI004_478618_090200_INF_SOCIOAMBIENTAL_JUNIO_2018.pdf
3091,3,CONSORCIO 4C,GP-4201,CONCESIÓN ALTO MAGDALENA S.A.S.,ALMA-R-2018-1126,06/04/2018,Contrato de Concesión 003 de 2014 Concesión Honda - Girardot - Puerto Salgar. Revisión Fichas Sociales - Respuesta a comunicación ALMA-2018-1157,15_01_Cartas_Enviadas/RADICADAS/2018/CI004_420118_070402_CON_FICHAS_SOCIALES_RTA-1157.pdf
3092,7,CONSORCIO 4C,GP-5270,CONCESIÓN ALTO MAGDALENA S.A.S,ALMA-R-2018-3050,27/09/2018,Contrato de Concesión 003 de 2014 Concesión Honda - Girardot - Puerto Salgar Resolución 0660 del 2016 Plan Compensación Pérdida Biodiversidad,15_01_Cartas_Enviadas/RADICADAS/2018/CI004_527018_070108_CON_SEG_RES_0660_PCPB.pdf
3093,3,CONSORCIO 4C,GP-3717,CONCESIÓN ALTO MAGDALENA S.A.S,ALMA-R-2018-0127,11/01/2018,Seguimiento Trámites Ambientales / Permisos Ocupación de Cauce,15_01_Cartas_Enviadas/RADICADAS/2018/CI004_371718_070108_CON_SEGUIM_TRAM_AMB.pdf
3095,2,CONSORCIO 4C,GP-5697,CONCESIÓN ALTO MAGDALENA S.A.S.,20184091321652,13/12/2018,Contrato de Concesión 003 de 2014 Concesión Honda – Girardot – Puerto Salgar. Revisión Fichas Sociales,15_01_Cartas_Enviadas/RADICADAS/2018/CI004_569718_070402_CON_FSOCIALES_ALMA-4607.pdf
3097,1,CONSORCIO 4C,GP-4118,AGENCIA NACIONAL DE INFRAESTRUCTURA – ANI,2018-409-029744-2,22/03/2018,Contrato de Concesión 003 de 2014 Concesión Honda – Girardot – Puerto Salgar Respuesta comunicado ANI 2018-409-008207-1 Envío de videos Informe Mensual Interventoría 40.,15_01_Cartas_Enviadas/RADICADAS/2018/CI004_411818_070200_ANI_RTA_VIDEOS1.pdf
3101,2,CONSORCIO 4C,GP-5732,CONCESIÓN ALTO MAGDALENA S.A.S.,ALMA-R-2018-3880,19/12/2018,Contrato de Concesión 003 de 2014 Concesión Honda - Girardot - Puerto Salgar Actas de Vecindad,15_01_Cartas_Enviadas/RADICADAS/2018/CI004_573218_070109_CON_ACTAS_VECINDAD_ALMA-4473.pdf
3106,3,CONSORCIO 4C,GP-4650,CONCESIÓN ALTO MAGDALENA S.A.S,ALMA-R-2018-1941,18/06/2018,VIVIENDAS REQUERIDAS,15_01_Cartas_Enviadas/RADICADAS/2018/CI004_465018_070104_070107_070109_CON_PREDI-REQUER_UF5_ALMA-2133 (1).pdf
3112,3,CONSORCIO 4C,GP-4502,CONCESIÓN ALTO MAGDALENA S.A.S.,ALMA-R-2018-1685,28/05/2018,SEGUIMIENTO PLAN DE OBRAS - GESTION PREDIAL,15_01_Cartas_Enviadas/RADICADAS/2018/CI004_450218_070103_CON_INTERV-PREDIOS_AVA-OBRA_INT-PTO-SALGAR-UF5.pdf
3107,5,CONSORCIO 4C,GP-5166,CONCESIÓN ALTO MAGDALENA S.A.S,ALMA-R-2018-2869,11/09/2018,Concesión Honda - Girardot - Puerto Salgar. Observaciones Revisión de Avalúo UF3,15_01_Cartas_Enviadas/RADICADAS/2018/CI004_516618_070406_CON_OBS_ALMA-2018-3385 (1).pdf
3110,2,CONSORCIO 4C,GP-5553,CONCESIÓN ALTO MAGDALENA S.A.S.,ALMA-R-2018-3551,15/11/2018,COMPROMISOS -OTRO SÍ N° 9,15_01_Cartas_Enviadas/RADICADAS/2018/CI004_555318_070401_070402_CON_COMPROM_REUNION_22-OCT-18 (2).pdf
3141,4,CONSORCIO 4C,GP-5120,CONCESIÓN ALTO MAGDALENA S.A.S.,ALMA-R-2018-2787,06/09/2018,ACLARACION DISEÑOS INTERSECCION EL KORAN UF5.4,15_01_Cartas_Enviadas/RADICADAS/2018/CI004_512018_070107-070108_CON_DIS_INTER-KORÁN_UF5.4 (1).pdf
3142,2,CONSORCIO 4C,GP-3772,CONCESIÓN ALTO MAGDALENA S.A.S.,ALMA-R-2018-0308,24/01/2018,seguimiento derecho de peticion senor ja,15_01_Cartas_Enviadas/RADICADAS/2018/CI004_377218_070109_CON_SEGUIMIENTO-DP_JANER_PERDOMO-.pdf
3149,2,CONSORCIO 4C,GP-4532,CONCESIÓN ALTO MAGDALENA S.A.S.,ALMA-R-2018-1728,29/05/2018,Contrato de Concesión 003 de 2014 Concesión Honda - Girardot - Puerto Salgar. Incumplimiento Compromisos Convenio SENA,15_01_Cartas_Enviadas/RADICADAS/2018/CI004_453218_070109_CON_COMPROMISOS_CONVENIO_SENA.pdf
3152,3,CONSORCIO 4C,GP-3998,AGENCIA NACIONAL DE INFRAESTRUCTURA – ANI,20184090219402,02/03/2018,Contrato de Concesión 003 de 2014 Concesión Honda – Girardot – Puerto Salgar Seguimiento Bimestral-Plan de Obras Corte al 02-mar/2018.,15_01_Cartas_Enviadas/RADICADAS/2018/CI004_399818_070101_ANI_BIMESTRAL_PLANOBRAS_03-2018.pdf
3155,5,CONSORCIO 4C,GP-5632,CONCESIÓN ALTO MAGDALENA S.A.S.,ALMA-R-2018-3696,29/11/2018,CONDICIONES DE OPERACIONES EN PEAJE DE GUATAQUI Y CCO.- UF3,15_01_Cartas_Enviadas/RADICADAS/2018/CI004_563218_0701031_CON_DEFICIEN_PEAJE-CCO_GUATAQUI.pdf
3202,4,CONSORCIO 4C,GP-4082,CONCESIÓN ALTO MAGDALENA S.A.S.,ALMA-R-2018-0889,14/03/2018,OBSERVACIONES RESOLUSION EXPROPIACION,15_01_Cartas_Enviadas/RADICADAS/2018/CI004_408218_070404_CON_OBS_RES_EXP_ALMA-2018-0639.pdf
3253,6,CONSORCIO 4C,GP-5603,CONCESIÓN ALTO MAGDALENA S.A.S,ALMA-R-2018-3629,22/11/2018,OBSERVACIONES PAGO SEGURIDAD SOCIAL,15_01_Cartas_Enviadas/RADICADAS/2018/CI004_560318_070110_CON_SEG_SOC_AGOJUL2018.pdf
3260,5,CONSORCIO 4C,GP-3895,CONCESIÓN ALTO MAGDALENA S.A.S,ALMA-R-2018-0611,15/02/2018,Contrato de Concesión 003 de 2014 Concesión Honda - Girardot - Puerto Salgar Distribución Arquitectónica en Planta del Área de Oficinas y Parqueaderos del Peaje de 10+200 UF5.4.,15_01_Cartas_Enviadas/RADICADAS/2018/CI004_389517_070107_CON_ALMA-2018-001_DIS-ARQ-OFIC-PARQ-PEAJE-UF5.pdf
3261,3,CONSORCIO 4C,GP-4426,CONCESIÓN ALTO MAGDALENA S.A.S.,ALMA-R-2018-1557,17/05/2018,RESPUESTAS A COMUNICACIONES ALMA-20,15_01_Cartas_Enviadas/RADICADAS/2018/CI004_442618_070402_CON_FICHAS_SOCIALES_1433-1524-500-1485.pdf
