ÍTEM,DEL FOLIO/PAGINAS,RAZON SOCIAL REMITENTE,No. RADICADO REMITENTE,RAZON SOCIAL DESTINATARIO,No. RADICADO DESTINATARIO,FECHA (DD/MM/AAAA),ASUNTO / TIPO DOCUMENTAL,UBICACION_ARCHIVO
1,4,CONCESION ALTO MAGDALENA S.A.S.,,CONSORCIO 4C,GP-14982,12/11/2021,Cumplimiento obligación pago servicio de seguimiento y control ambiental. Auto DRAM 0889 del 18/08/2021 (Rad. Int. ALMA-R-2021-1250 del 01/09/2021). Expediente 51841,15_04_Comunic_Recibidas/2021/CI004_GP-14982_070108_CON_1677_SEG_AUTO_DRAM_0889_EXP_51841.pdf
3,4,CONCESION ALTO MAGDALENA S.A.S.,,CONSORCIO 4C,GP-14378,09/06/2021,Cierre PQRS-UF5-2021-1073 – Intervenciones de adecuaciones de mobiliario en el sector de la Variante del municipio de La Dorada.,15_04_Comunic_Recibidas/2021/CI004_GP-14378_070109_CON_0885_ADECUA_MOBILIARIO.pdf
2,4,,,CONSORCIO 4C,GP-14985,12/11/2021,Cumplimiento obligación pago servicio de seguimiento y control ambiental. Auto DRAM 0916 del 23/08/2021 (Rad. Int. ALMA-R-2021-1248 del 01/09/2021). Expediente 60697,15_04_Comunic_Recibidas/2021/CI004_GP-14985_070108_CON_1680_SEG_AUTO_DRAM_0916_EXP_60697.pdf
4,1,Agencia Nacional de Infraestructura,,CONSORCIO 4C,GP-14056,16/03/2021,Solicitud concepto Interventoría para la modificación de Apéndice Técnico 2 - Condiciones para la Operación y Mantenimiento-sección 3.3.9.2 Entrega de Bienes a la Policía de Carreteras del Contrato de Concesión 003 de 2014. Contrato de Interventoría No. 145 de 2014 - Proyecto Girardot – Honda – Puerto Salgar.,15_04_Comunic_Recibidas/2021/CI004_GP-14056_050300_ANI_007669-1_MODIFI_APT_2_O&M.pdf
5,4,CONCESION ALTO MAGDALENA S.A.S.,,CONSORCIO 4C,GP-14618,17/08/2021,Respuesta comunicación CI.004/GP9308/21/7.4.1 – Radicado ALMA-R-2021-1070 del 3 de agosto de 2021 - Seguimiento Disponibilidad Predial,15_04_Comunic_Recibidas/2021/CI004_GP-14618_070401_CON_1201_SEG_DISPONIBI_PREDIAL.pdf
6,4,CONCESION ALTO MAGDALENA S.A.S.,,CONSORCIO 4C,GP-14661,27/08/2021,"Acciones en relación a la adecuación y funcionamiento del centro de bienestar animal, según lo estipulado por la Ley 2054 de 2020.",15_04_Comunic_Recibidas/2021/CI004_GP-14661_070109_CON_1251_CENTRO_BIENES_ANIMAL.pdf
7,1,CONCESION ALTO MAGDALENA S.A.S.,,CONSORCIO 4C,GP-14126,07/04/2021,Estados financieros auditados y sus revelaciones al 31 de diciembre de 2020.,15_04_Comunic_Recibidas/2021/CI004_GP-14126_070202_CON_0539_ESTAD_FINAN_AUDIT_DIC20.pdf
8,2,CONCESIÓN ALTO MAGDALENA S.A.S.,,CONSORCIO 4C,GP-15096,07/12/2021,Cumplimiento obligación pago servicio de seguimiento y control ambiental. Auto DRAM 03216001138 del 05/10/2021 (Rad. Int. ALMA-R-2021-1511 del 12/10/2021). Expediente 51906,15_04_Comunic_Recibidas/2021/CI004_GP-15096_070108_CON_1810_PAG_SERV_AMB_EXP_51906.pdf
11,1,,,CONSORCIO 4C,GP-13919,04/02/2021,Certificado de Retribución Enero 2021 y Retribución acumulada,15_04_Comunic_Recibidas/2021/CI004_GP-13919_070201_FBTA_SINNUMERO_CERT_RETRIBU_ENE21.pdf
10,1,CONCESION ALTO MAGDALENA S.A.S.,,CONSORCIO 4C,GP-13961,18/02/2021,Remisión de Actas de retribución de UF 1 a la UF5 mes de enero de 2021.,15_04_Comunic_Recibidas/2021/CI004_GP-13961_070210_CON_0292_ACTAS_RETRIBU_UF1_2_3_4_5.pdf
9,2,CONCESION ALTO MAGDALENA S.A.S.,,CONSORCIO 4C,GP-14111,31/03/2021,Respuesta comunicado CI.004/GP8983/21/7.3.1. (Rad. Int. ALMA-R-2021-0325). Solicitud cumplimiento requerimientos SUPERTRANSPORTE,15_04_Comunic_Recibidas/2021/CI004_GP-14111_070301_CON_0528_CUMPLI_REQUERI_SUPER.pdf
12,2,CONCESION ALTO MAGDALENA S.A.S.,,CONSORCIO 4C,GP-13920,04/02/2021,Entrega resultados Encuesta Anual de Evaluación del Impacto de la Estrategia de Medios para el año 2020.,15_04_Comunic_Recibidas/2021/CI004_GP-13920_070109_CON_0222_ENTREG_RESULT_ENCUEST_ANUAL.pdf
13,2,SOCIEDAD CONCESIÓN ALTO MAGDALENA S.A.S.,,CONSORCIO 4C,GP-14330,24/05/2021,"Radicados No. 20214090530442 del 12 de mayo de 2021 y No. 20214090555112 del 20 de mayo de 2021 - Solicitud de concepto técnico de permiso de uso, ocupación y la intervención temporal de la infraestructura vial - Proyecto vial Girardot – Honda – Puerto Salgar.",15_04_Comunic_Recibidas/2021/CI004_GP-14330_070114_ANI_015525-1_PERMI_USO_LMONTAÑA.pdf
14,2,Agencia Nacional de Infraestructura,,CONSORCIO 4C,GP-15062,30/11/2021,Comunicado No. CI.004/GP9409/21/5.3 con radicado ANI No. 20214091023992 – Cumplimiento del Concesionario y cierre del Plazo de Cura por entrega de información relacionada con el manejo de recursos Subcuenta Compensaciones Ambientales. Contrato de Concesión 003 de 2014 – Proyecto Girardot-Honda-Puerto Salgar. Concesión Alto Magdalena S.A.S.,15_04_Comunic_Recibidas/2021/CI004_GP-15062_050300-070201_ANI_037711-1_PLAZ_CURA_SUBCTA_AMB.pdf
15,2,,,CONSORCIO 4C,GP-14381,09/06/2021,Comunicado INVIAS SF 24245 – Solicitud aval de la Interventoría en las consignaciones por concepto de Seguridad Vial – FOSEVI por parte de las Concesiones – Contrato de Concesión No 003/2014 – Proyecto Girardot – Honda – Puerto Salgar.,15_04_Comunic_Recibidas/2021/CI004_GP-14381_070208_ANI_017366-1_AVAL_INTERV_FOSEVI.pdf
17,2,,,CONSORCIO 4C,GP-15061,01/12/2021,"Traslado de Derecho de Petición del Señor Ramón Quintero con radicado ANI No. 20214091381742 de 26 de noviembre del 2021. - Proyecto Girardot – Honda – Puerto Salgar, Contrato de Concesión 003 de 2014 y Contrato de Interventoría 145-2014. Concesión Alto Magdalena S.A.S y Consorcio 4C.",15_04_Comunic_Recibidas/2021/CI004_GP-15061_070114_ANI_037846-1_DP_RAMON_QUINTERO.pdf
16,1,,,CONSORCIO 4C,GP-14810,03/10/2021,"Remisión comunicado No. CI.004/GP9480/21/7.3.7 con radicado ANI No. 20214091137632 - Accidente con víctima fatal en la Unidad Funcional 2, PR1+430, Ruta Nacional 4508. Contrato de Concesión 003 de 2014 – Proyecto Girardot – Honda – Puerto Salgar. Concesión Alto Magdalena S.A.S.",15_04_Comunic_Recibidas/2021/CI004_GP-14810_070307_ANI_030812-1_ACCIDENT_FATAL_PR1+430.pdf
18,2,CONCESIÓN ALTO MAGDALENA S.A.S.,,CONSORCIO 4C,GP-14000,03/03/2021,Respuesta comunicaciones CI.004/GP8927/21/5.3 (Rad. Int. ALMA-R-2021-0223). Estado Pólizas Etapa de Operación y Mantenimiento.,15_04_Comunic_Recibidas/2021/CI004_GP-14000_050300_CON_0344_POLIZAS_ETAPA_O&M.pdf
19,2,CONCESIÓN ALTO MAGDALENA S.A.S.,,CONSORCIO 4C,GP-14998,19/11/2021,Alcance radicado CAR 20211206370 (Rad. Int. ALMA-2021-1684 - 17-11-2021). Solicitud permiso aprovechamiento forestal emergencia sitio crítico localizado en el PR 66+820 UF 3 Ruta Nacional 45-08 vía Beltrán – Guataquí.,15_04_Comunic_Recibidas/2021/CI004_GP-14998_070108_CON_1701_APROVE_FOREST_PR66+820_UF3.pdf
20,6,CONCESIONARIO AUTO MAGDALENA S.A.S.,,CONSORCIO 4C,GP-15160,20/12/2021,Informe Semanal del 13 al 17 de diciembre de 2021 - Eventos eximentes de responsabilidad reconocidos mediante actas del 6 de septiembre y 23 de noviembre de 2021.,15_04_Comunic_Recibidas/2021/CI004_GP-15160_050300-070400_CON_1872_EER_PREDIAL.pdf
22,8,Fiduciaria Bogotá S.A.,,CONSORCIO 4C,GP-15170,24/12/2021,Notificación pago fondo de seguridad vial FOSEVI mes de noviembre 2021.,15_04_Comunic_Recibidas/2021/CI004_GP-15170_070208_FBTA_SINNUMERO_FOSEVI_NOV21.pdf
21,2,CONCESIÓN ALTO MAGDALENA S.A.S.,,CONSORCIO 4C,GP-15099,07/12/2021,Cumplimiento obligación pago servicio de seguimiento y control autorización ocupación de cauce. Auto DRMC 07216000918 del 06/10/2021 (Rad. Interno ALMA-R-2021-1570 del 22/10/2021). Expediente 51499,15_04_Comunic_Recibidas/2021/CI004_GP-15099_070108_CON_1813_PAG_SERV_AMB_EXP_51499.pdf
23,2,,,CONSORCIO 4C,GP-14762,16/09/2021,Respuesta a su comunicado No. CI.004/GP9404/21/5.3 con radicado ANI No. 20214091015442 - Informe de incumplimiento cercado de predios UF 3 y UF4. Contrato de Interventoría No. 145 de 2014 – Proyecto Girardot – Honda – Puerto Salgar. Consorcio 4C.,15_04_Comunic_Recibidas/2021/CI004_GP-14762_050300-070401_ANI_028818-1_INF_INCUM_CERCAS_UF3_4.pdf
24,4,CONCESION ALTO MAGDALENA S.A.S.,,CONSORCIO 4C,GP-13879,27/01/2021,"Respuesta comunicado CI.004/GP8670/20/9.3 (RAD INT: ALMA-R-2020-2155) ""Estado de entrega de planos record unidades funcionales""",15_04_Comunic_Recibidas/2021/CI004_GP-13879_090300_CON_0162_PLANOS_RECORD_UF5.pdf
26,2,CONCESIÓN ALTO MAGDALENA S.A.S.,,CONSORCIO 4C,GP-13820,12/01/2021,Cierre PQRS-UF4-2020-0561 del 19/12/2020 (Rad. Int. ALMA-R-2020-2342) – Levantamiento medida de oferta formal de compra al predio denominado “Vereda San Juan de Remolino – Hacienda Primavera”,15_04_Comunic_Recibidas/2021/CI004_GP-13820_070109_CON_0062_OFERTA_COMPRA_PRIMAVERA.pdf
28,2,CONCESION ALTO MAGDALENA S.A.S.,,CONSORCIO 4C,GP-14727,10/09/2021,Informe criterios para contabilizar Ingresos y Egresos por Unidad Funcional.,15_04_Comunic_Recibidas/2021/CI004_GP-14727_070201_CON_1361_INF_ING_EGRE_AGO21.pdf
27,2,CONCESIÓN ALTO MAGDALENA S.A.S.,,CONSORCIO 4C,GP-14088,25/03/2021,"Respuesta comunicación recibida el 8 de marzo de 2021, con radicado interno ALMA-R-2021-0274, pronunciamiento Oferta Formal de Compra OFC-602-2021",15_04_Comunic_Recibidas/2021/CI004_GP-14088_070406_CON_0496_OFERTA_COMPRA_OFC-602-2021.pdf
25,1,Agencia Nacional de Infraestructura,,CONSORCIO 4C,GP-14647,25/08/2021,Comunicado No. CI.004/GP9368/21/7.1.4 con radicado ANI No. 20214090962792 - Reiteración requerimiento Estudios & Diseños Atención Sitio Crítico PR66+820 - UF3. Contrato de Concesión 003 de 2014 – Proyecto Girardot – Honda – Puerto Salgar. Concesión Alto Magdalena S.A.S.,15_04_Comunic_Recibidas/2021/CI004_GP-14647_070104_ANI_025918-1_ESTUD_DISEÑ_PR66.pdf
29,12,ALTO MAGDALENA S.A.S,,CONSORCIO 4C,GP-14542,07/07/2021,ACTA DE LIQUIDACIÓN BILATERAL DEL CONVENIO DE COOPERACIÓN SUSCRITO ENTRE LA CONCESIÓN ALTO MAGDALENA S.A.S Y LA POLICÍA NACIONAL DE COLOMBIA,15_04_Comunic_Recibidas/2021/CI004_GP-14542_100400_CON_SINNUMERO_ACTA_LIQUIDA.pdf
32,1,,,CONSORCIO 4C,GP-14349,31/05/2021,"Remisión respuesta INVIAS frente a las observaciones del Nuevo Puente de Honda, con radicado ANI No. 20214090575892 - Proyecto Girardot – Puerto Salgar, Contrato de Interventoría 145 de 2014. Consorcio 4C",15_04_Comunic_Recibidas/2021/CI004_GP-14349_050300_ANI_016299-1_RTA_INVIAS_OBS_NPH.pdf
30,2,Concesión Alto Magdalena S.A.S,,CONSORCIO 4C,GP-14669,27/08/2021,"Respuesta a su comunicado No. ALMA-2021-1161 con radicado ANI No. 20214090906402 – Informe Gerencial No. 81, correspondiente al mes de julio de 2021- Proyecto Girardot – Honda – Puerto Salgar, Contrato de Concesión 003 de 2014. Alto Magdalena S.A.S.",15_04_Comunic_Recibidas/2021/CI004_GP-14669_070500_ANI_026492-1_INF_GERENCIAL_81.pdf
31,10,,,CONSORCIO 4C,GP-15109,10/12/2021,Respuesta a su comunicado No. CI.004/GP9552/21/5.3 con radicado ANI No. 20214091321952 del 12 de noviembre de 2021 – No objeción Plazo de Cura por el presunto incumplimiento de los principios de operación del Proyecto contenidos en el numeral 3.1 del Apéndice Técnico 2 - Inundación de la calzada PR81+850 UF3 Contrato de Interventoría No. 145 de 2014 – Proyecto Girardot – Honda – Puerto Salgar.,15_04_Comunic_Recibidas/2021/CI004_GP-15109_050300-070300_ANI_038985-1_PLAZ_CURA_INUNDA_PR81+850.pdf
34,1,Fiduciaria Bogotá,CSSA2021001192,CONSORCIO 4C,GP-13983,23/02/2021,SOPORTES DE INTERVENTORIA DE LOS MESES DE NOVIEMBRE 2020 A ENERO 2021.,15_04_Comunic_Recibidas/2021/CI004_GP-13983_070201_FBTA_001192_SOPORT_INTERV_NOV_DIC_ENE.pdf
33,4,MINISTERIO DE DEFENSA NACIONAL - POLICÍA NACIONAL - DIRECCIÓN DE TRÁNSITO Y TRANSPORTE,GS-2021-009468,CONSORCIO 4C,GP-14382,08/06/2021,respuesta Radicado ANI No.: 20213050150931 de fecha 19-05-2021,15_04_Comunic_Recibidas/2021/CI004_GP-14382_050300_PONAL_009468_RTA_INCUMPLI_RESOL_6805.pdf
36,2,CONCESIÓN ALTO MAGDALENA S.A.S.,,CONSORCIO 4C,GP-14355,02/06/2021,Respuesta PQRS UFS 2020 1068 del 28/04/2021 - Pago de liquidación de contratos.,15_04_Comunic_Recibidas/2021/CI004_GP-14355_070109_CON_0852_PAGO_LIQ_CONTRATOS.pdf
35,1,,,CONSORCIO 4C,GP-14632,17/08/2021,"Remisión comunicado No. CI.004/GP9343/21/7.3.7 con radicado ANI No. 20214090930552 - Accidente con víctima fatal en la Unidad Funcional 2, PR4+750, Ruta Nacional 4508. Contrato 003 de 2014 – Proyecto Girardot – Honda – Puerto Salgar.",15_04_Comunic_Recibidas/2021/CI004_GP-14632_070307_ANI_025069-1_ACCID_VICTIMA_FATAL_UF2.pdf
38,6,CONCESION ALTO MAGDALENA S.A.S.,,CONSORCIO 4C,GP-15079,06/12/2021,Siembra compensaciones. Expediente 87638.,15_04_Comunic_Recibidas/2021/CI004_GP-15079_070108_CON_1801_SIEMBRA_COMPENSA_EXP_87638.pdf
37,4,,,CONSORCIO 4C,GP-14594,06/08/2021,"Solicitud concepto sobre el comunicado No. ALMA-2021-1096 con radicado ANI No. 20214090848912 – Solicitud cierre plazo de cura y suscripción Otrosí modificatorio de la sección 12.8 de la Parte General, literal (a), Seguro de daño contra todo riesgo de obras civiles – Contrato de Interventoría 145 de 2014 - Proyecto Girardot - Honda - Puerto Salgar. Consorcio 4C.",15_04_Comunic_Recibidas/2021/CI004_GP-14594_050300_ANI_024017-1_PLAZO_CURA_SEG_DAÑOS.pdf
39,4,CONCESION ALTO MAGDALENA S.A.S.,,CONSORCIO 4C,GP-14175,22/04/2021,Respuesta requerimiento Auto DRBM No. 0968 del 28 de diciembre de 2020. Expediente 52052,15_04_Comunic_Recibidas/2021/CI004_GP-14175_070108_CON_0629_REQUE_DRBM_0968.pdf
40,4,CONCESION ALTO MAGDALENA S.A.S,,CONSORCIO 4C,GP-14804,05/10/2021,"Acceso ubicado en el Km 2+600 sector Caracolí. Ruta Nacional 4510 Honda – La Dorada, por condición de cambio de actividad económica.",15_04_Comunic_Recibidas/2021/CI004_GP-14804_070109_CON_1474_ACCESO_K2+600_CARACOLI.pdf
41,4,CONCESION ALTO MAGDALENA S.A.S.,,CONSORCIO 4C,GP-14839,12/10/2021,Pagos FONSECON Ley 1106 de 2016 - septiembre 2021.,15_04_Comunic_Recibidas/2021/CI004_GP-14839_070201_CON_1511_PAGO_FONSECON_SEP21.pdf
42,4,CONCESION ALTO MAGDALENA S.A.S.,,CONSORCIO 4C,GP-13812,08/01/2021,Urgencia intervenciones patologías sobre carpeta rodadura Nuevo Puente de HONDA PR 3+600 RN 50CN04 - Contrato No. 1796 de 2015.,15_04_Comunic_Recibidas/2021/CI004_GP-13812_050300_CON_0058_PATOLOGIAS_NPH.pdf
43,2,Agencia Nacional de Infraestructura – ANI,,CONSORCIO 4C,GP-14454,23/06/2021,"Comunicado No. ALMA-2021-0913 con radicado ANI No. 20214090676142; Evasión Peaje Guataquí. - Proyecto Girardot – Honda – Puerto Salgar, Contrato de Concesión 003 de 2014.",15_04_Comunic_Recibidas/2021/CI004_GP-14454_070301_ANI_018940-1_EVASION_PEAJ_GUATAQ.pdf
44,2,CONCESION ALTO MAGDALENA S.A.S.,,CONSORCIO 4C,GP-15184,30/12/2021,"Respuesta comunicaciones CI.004/GP9552/21/5.3 (ALMA-R-2021-1682) y CI.004/GP9657/21/5.3-7.3 (ALMA-R-2021-1937) ""Otorgamiento Plazo de Cura por el incumplimiento de los principios de operación del Proyecto contenidos en el numeral 3.1 del Apéndice Técnico 2 – Inundación de la calzada PR81+850 UF3""",15_04_Comunic_Recibidas/2021/CI004_GP-15184_050300-070300_CON_1906_PLAZ_CURA_PR81+850_UF3.pdf
45,2,,,CONSORCIO 4C,GP-14811,03/10/2021,Respuesta a su comunicado No. CI.004/GP9448/21/5.3 con radicado ANI No. 20214091080762 - Informe de incumplimiento cercado de predios UF5. Contrato de Interventoría No. 145 de 2014 – Proyecto Girardot – Honda – Puerto Salgar. Consorcio 4C,15_04_Comunic_Recibidas/2021/CI004_GP-14811_050300_ANI_030809-1_INF_INCUMP_CERCA_UF5.pdf
46,17,CONCESION ALTO MAGDALENA S.A.S.,,CONSORCIO 4C,GP-14517,19/07/2021,"Acuerdo colaboración suscrito entre CENIT y la Concesión Alto Magdalena S.A.S. - Cama Anódica URPC los Naranjos – Parámetros de Cumplimiento técnico al Suministro de Rectificador de Protección catódica, potencia de salida DC hasta 5000 W.",15_04_Comunic_Recibidas/2021/CI004_GP-14517_070115_CON_1061_CAMA_ANODICA_URPC.pdf
47,4,CONCESIÓN ALTO MAGDALENA S.A.S.,,CONSORCIO 4C,GP-15093,07/12/2021,Cumplimiento obligación pago servicio seguimiento y control ambiental. Auto DRAM 03216000547 del 11/06/2021 (Rad. Int. ALMA-R-2021-0998 del 21/07/2021). Expediente 60604,15_04_Comunic_Recibidas/2021/CI004_GP-15093_070108_CON_1807_PAG_SERV_AMB_EXP_60604.pdf
48,6,Agencia Nacional de Infraestructura,,CONSORCIO 4C,GP-14463,25/06/2021,Respuesta final a solicitud de reunión virtual – Acceso ALMA-2-0098-1 – Radicado No. 20214090404662 del 14 de abril de 2021 – Contrato de Concesión APP No 003 de 2014 – Proyecto Vial Concesión Honda – Puerto Salgar – Girardot.,15_04_Comunic_Recibidas/2021/CI004_GP-14463_050300_ANI_019159-1_RTA_REUNION_VIRTUAL.pdf
51,1,CONCESION ALTO MAGDALENA S.A.S,,CONSORCIO 4C,GP-14509,15/07/2021,Radicación Informe de Responsabilidad Social y Ambiental 2020,15_04_Comunic_Recibidas/2021/CI004_GP-14509_070500_CON_1057_INF_RESPON_SOCIAMB_20.pdf
49,6,,,CONSORCIO 4C,GP-14205,27/04/2021,"Respuesta a su comunicado No. CI.004/GP8866/21/5.3-7.1.4 con radicado ANI No 20214090111472 del 2 de febrero de 2021 – Solicitud de No Objeción a un Plazo de Cura, por el incumplimiento de la obligación relacionada con la entrega de información exigida por la ANI y/o la Interventoría (incumplimiento al que hace alusión el literal “(h)” de la Sección 6.1 de la Parte Especial del Contrato de Concesión No 145 de 2014-Proyecto – Girardot – Honda – Puerto Salgar.",15_04_Comunic_Recibidas/2021/CI004_GP-14205_050300_ANI_012372-1_PLAZO_CURA_PAVI_UF4.pdf
50,2,CONCESION ALTO MAGDALENA S.A.S.,,CONSORCIO 4C,GP-14372,08/06/2021,Cumplimiento obligación de pago seguimiento ambiental. Auto DRMC 0295 del 5 de mayo de 2021 (Rad. Interno ALMA-R-2021-0609) Expediente 51531,15_04_Comunic_Recibidas/2021/CI004_GP-14372_070108_CON_0874_SEG_AMB_DRAM_0295.pdf
55,1,CONCESION ALTO MAGDALENA S.A.S.,CI.009/7.4.1,CONSORCIO 4C,GP-15044,11/11/2021,Informe ejecutivo avance ejecución predial y sabana de avalúos octubre 2021.,15_04_Comunic_Recibidas/2021/CI004_GP-15044_070401_CON_1633_IN_PREDIAL_OCT21.pdf
52,1,,,CONSORCIO 4C,GP-15066,01/12/2021,Respuesta a sus comunicados No CI.004/0534/21/1 y CI.004/0402/21/1 con los radicados ANI No. 20214091383792 y 20214091045972 – Actualización Póliza de Cumplimiento – Contrato de Interventoría 145 de 2014 - Proyecto Girardot - Honda - Puerto Salgar.,15_04_Comunic_Recibidas/2021/CI004_GP-15066_010000_ANI_037852-1_ACTUAL_POLIZAS_CUMPLIMIENT.pdf
53,1,,,CONSORCIO 4C,GP-13874,26/01/2021,Respuesta comunicación CI.004/GP8824/21/7.4.6 (Rad. Int. ALMA-R-2021-0075 del 18/01/2021) Entrega del expediente predial (Físico) ALMA-5-0013 para aprobación definitiva del Avalúo Comercial Corporativo.,15_04_Comunic_Recibidas/2021/CI004_GP-13874_070406_CON_0155_EXP_AVALUO.pdf
54,2,CONCESIÓN ALTO MAGDALENA S.A.S.,ALMA-2021-0212,CONSORCIO 4C,GP-13916,03/02/2021,"Entrega del soporte de pago por concepto de seguimiento a la autorización de ocupación de cauce, en cumplimiento a la obligación establecida en el Auto DRBM 0955 del 24 de diciembre de 2020.",15_04_Comunic_Recibidas/2021/CI004_GP-13916_070108_CON_0212_SOPORT_PAG_AUTO_DRAM_0955.pdf
56,18,CONCESION ALTO MAGDALENA S.A.S.,,CONSORCIO 4C,GP-15076,06/12/2021,CVN.31 Concesión Alto Magdalena S.A.S. Observaciones inspección específica de Control al Sobrepeso. Plan de Acción de Mejora.,15_04_Comunic_Recibidas/2021/CI004_GP-15076_070300_CON_1799_OBS_INSPE_CTROL_SOBREPESO.pdf
57,1,CONCESION ALTO MAGDALENA S.A.S,,CONSORCIO 4C,GP-14139,08/04/2021,Entrega expediente predial ALMA-5-0255 para aprobación de Actualización de insumos.,15_04_Comunic_Recibidas/2021/CI004_GP-14139_070401_CON_0549_EXP_PREDIAL_5-0255.pdf
59,2,,,CONSORCIO 4C,GP-14539,23/07/2021,"Traslado de Derecho de Petición ANI No. 20214090790292 interpuesto por parte del Condominio Algarrobos del Magdalena - Proyecto Girardot - Honda – Puerto Salgar, Contrato de Concesión 003 de 2014. Alto Magdalena S.A.S.",15_04_Comunic_Recibidas/2021/CI004_GP-14539_070109_ANI_022195-1_DP_ALGARROBOS.pdf
58,1,Fiduciaria Bogotá,,CONSORCIO 4C,GP-14024,10/03/2021,ESTADOS FINANCIEROS AUDITADOS Y LAS REVELACIONES AL 31 DE DICIEMBRE DE 2020 FIDEICOMISO FIDUBOGOTA–CONCESION ALTO MAGDALENA 3-1-63664,15_04_Comunic_Recibidas/2021/CI004_GP-14024_070202_FBTA_001802_ESTAD_FINAN_AUDITADOS.pdf
60,2,CONCESION ALTO MAGDALENA S.A.S.,CI.0154,CONSORCIO 4C,GP-15146,16/12/2021,Cumplimiento obligación artículo primero del Auto DRAM No. 0668 del 12/07/2021 (Rad. Interno ALMA-R-2021-1827) Expediente 52175,15_04_Comunic_Recibidas/2021/CI004_GP-15146_070108_CON_1853_CUMPLI_OBLIG_AUTO_DRAM_0668.pdf
62,1,CONCESION ALTO MAGDALENA S.A.S.,,CONSORCIO 4C,GP-13925,04/02/2021,Remisión de Actas de retribución de UF 1 a la UF5 mes de diciembre de 2020,15_04_Comunic_Recibidas/2021/CI004_GP-13925_070210_CON_0224_ACTAS_RETRIBU_UF1-UF5_DIC20.pdf
61,1,CONCESION ALTO MAGDALENA S.A.S.,,CONSORCIO 4C,GP-15169,29/11/2021,Informe ejecutivo avance ejecución predial y sabana de avalúos noviembre del año 2021.,15_04_Comunic_Recibidas/2021/CI004_GP-15169_070400_CON_1759_INF_PREDIAL_NOV21.pdf
63,1,CONCESION ALTO MAGDALENA S.A.S.,,CONSORCIO 4C,GP-13800,06/01/2021,"Cumplimiento obligaciones ambientales primero, segundo y tercer seguimiento ambiental al proyecto. Expediente: LAV0063-00-2015",15_04_Comunic_Recibidas/2021/CI004_GP-13800_070108_CON_0016_CUMPLI_OBLIG_AMB.pdf
66,1,CONCESION ALTO MAGDALENA S.A.S.,,CONSORCIO 4C,GP-14422,17/06/2021,GCSTP-F-001 Informe de Mantenimiento Bienes de uso Público Mayo de 2021.,15_04_Comunic_Recibidas/2021/CI004_GP-14422_070202_CON_0919_FOR_GCSTP_F001_MAY.pdf
64,2,,,CONSORCIO 4C,GP-14634,20/08/2021,Cumplimiento obligación de pago por el seguimiento y control ambiental. Auto DRAM 0503 del 3/06/2021 (Rad. Int. ALMA-R-2021-0973 del 15/07/2021). Expediente 60698,15_04_Comunic_Recibidas/2021/CI004_GP-14634_070108_CON_1216_OBLIGA_PAG_DRAM_0503.pdf
65,2,CONCESION ALTO MAGDALENA S.A.S.,,CONSORCIO 4C,GP-14854,15/10/2021,Cumplimiento obligación artículo primero del Auto DRAM No. 0794 del 30/07/2021 (Rad. Int. ALMA-R-2021-1262) Expediente 51729,15_04_Comunic_Recibidas/2021/CI004_GP-14854_070108_CON_1519_AUTO_DRAM_0794_EXP_51729.pdf
67,1,,,CONSORCIO 4C,GP-15059,01/12/2021,"Respuesta a sus comunicados No CI.004/GP9570/21/9.2, CI.004/GP9571/21/9.2 y CI.004/GP9588/21/9.2 con los radicados ANI No. 20214091312632 y No. 20214091312722 del 10 de noviembre de 2021 y No. 20214091331682 del 16 de noviembre de 2021 - Aprobación Informe de Interventoría No. 84 correspondiente al 01 al 31 octubre de 2021 – Contrato de Interventoría 145 de 2014 - Proyecto Girardot - Honda - Puerto Salgar.",15_04_Comunic_Recibidas/2021/CI004_GP-15059_090300_ANI_037833-1_APROBA_INF_N84.pdf
68,1,SOCIEDAD CONCESIÓN ALTO MAGDALENA S.A.S.,,CONSORCIO 4C,GP-14776,22/09/2021,"Radicado No. 20214090528452 del 12 de mayo de 2021 – Segunda solicitud de concepto técnico de permiso de uso, ocupación y la intervención temporal de la infraestructura vial - Proyecto vial Girardot – Honda – Puerto Salgar. Al responder, favor citar Expediente: 20213040280200192E.",15_04_Comunic_Recibidas/2021/CI004_GP-14776_070114_ANI_029384-1_PERM_USO_TEMPO.pdf
69,1,Corporación Autónoma Regional de Caldas - CORPOCALDAS,,CONSORCIO 4C,GP-13942,10/02/2021,"Solicitud información comunicado Corpocaldas 2021-IE-00002453 y radicado ANI No. 20214090119852. Contrato de Concesión bajo esquema APP N° 003-2014, proyecto Honda – Puerto Salgar – Girardot.",15_04_Comunic_Recibidas/2021/CI004_GP-13942_070108_ANI_003539-1_SCTUD_INFO_CORPOCALDAS.pdf
70,20,CONCESIÓN ALTO MAGDALENA S.A.S.,,CONSORCIO 4C,GP-14255,12/05/2021,"DESCARGOS Auto DRAM 0324 del 23 de abril de 2021, «por el cual se formulan cargos y se adoptan otras determinaciones», correspondiente al permiso de ocupación de cauce otorgado mediante Resolución 2427 del 11 de septiembre de 2017",15_04_Comunic_Recibidas/2021/CI004_GP-14255_070108_CON_0715_DESCARG_AUTO_DRAM_0324.pdf
71,2,CONCESION ALTO MAGDALENA S.A.S.,,CONSORCIO 4C,GP-13822,12/01/2021,Entrega soportes correspondientes a Pagos de Seguridad Social agosto y Salarios julio de 2020.,15_04_Comunic_Recibidas/2021/CI004_GP-13822_070110_CON_0067_PAG_SEGYSAL_AGO_JUL.pdf
72,1,CONCESIÓN ALTO MAGDALENA S.A.S.,ALMA-2021-0254,CONSORCIO 4C,GP-13996,11/02/2021,Entrega del expediente predial ALMA-2-0159 para aprobación de Concepto Técnico por afectación del DRMI.,15_04_Comunic_Recibidas/2021/CI004_GP-13996_070401_CON_0254_EXP_PREDIAL.pdf
73,1,CONCESION ALTO MAGDALENA S.A.S.,,CONSORCIO 4C,GP-14125,05/04/2021,Entrega Informe Gerencial Mensual N° 77 – Marzo 2021,15_04_Comunic_Recibidas/2021/CI004_GP-14125_070500_CON_0538_INF_MEN_N77_MAR21.pdf
76,4,,,CONSORCIO 4C,GP-14213,,,15_04_Comunic_Recibidas/2021/CI004_GP-14213_090300_CON_0658_ENTREG_PLANOS_RECORD.pdf
77,1,,,CONSORCIO 4C,GP-14452,,,15_04_Comunic_Recibidas/2021/CI004_GP-14452_070104-070109_ANI_018903-1_DP_SBARRERA.pdf
75,34,,,CONSORCIO 4C,GP-15161,,,15_04_Comunic_Recibidas/2021/CI004_GP-15161_070108_CON_1778_CUMPLI_AMB_ACTA_REUN_N70.pdf
78,1,,,CONSORCIO 4C,GP-14532,,,15_04_Comunic_Recibidas/2021/CI004_GP-14532_070202_CON_1078_FOR_SEPG-067_IIBIM_21.pdf
79,1,,,CONSORCIO 4C,GP-14259,,,15_04_Comunic_Recibidas/2021/CI004_GP-14259_070103_CON_0713_OBRAS_DRENAJE_UF2.pdf
81,1,,,CONSORCIO 4C,GP-13803,,,15_04_Comunic_Recibidas/2021/CI004_GP-13803_070108_CON_0023_COPIA_EXP_OCUPA_CAUCE.pdf
80,2,,,CONSORCIO 4C,GP-13778,,,15_04_Comunic_Recibidas/2021/CI004_GP-13778_070108_CON_3225_ACCESO_PREDIO_LAGUNA_COCO.pdf
74,4,CONCESION ALTO MAGDALENA S.A.S.,CI.014/660,CONSORCIO 4C,GP-14660,27/08/2021,"Acciones en relación a la adecuación y funcionamiento del centro de bienestar animal, según lo estipulado por la Ley 2054 de 2020.",15_04_Comunic_Recibidas/2021/CI004_GP-14660_070109_CON_1250_CENTRO_BIENES_ANIMAL.pdf
82,2,,,CONSORCIO 4C,GP-13885,,,15_04_Comunic_Recibidas/2021/CI004_GP-13885_070403_CON_0175_CESION_ART_36_LEY_1682.pdf
84,2,,,CONSORCIO 4C,GP-13915,,,15_04_Comunic_Recibidas/2021/CI004_GP-13915_070108_CON_0211_SOPORT_PAG_AUTO_DRAM_0945.pdf
83,10,,,CONSORCIO 4C,GP-13888,,,15_04_Comunic_Recibidas/2021/CI004_GP-13888_070108_CON_0170_SEG_PERMI_OTORG_EXP_51527.pdf
85,4,,,CONSORCIO 4C,GP-14108,,,15_04_Comunic_Recibidas/2021/CI004_GP-14108_070110_CON_0520_SOPORT_SEGYSAL_DIC_NOV.pdf
86,2,,,CONSORCIO 4C,GP-14945,,,15_04_Comunic_Recibidas/2021/CI004_GP-14945_070108_CON_1625_AUTO_DRAM_0800_EXP_51840.pdf
88,8,,,CONSORCIO 4C,GP-14280,,,15_04_Comunic_Recibidas/2021/CI004_GP-14280_070108_CON_0739_EXCLUS_OBLIG_DRAM_0231.pdf
89,28,,,CONSORCIO 4C,GP-14058,,,15_04_Comunic_Recibidas/2021/CI004_GP-14058_070104_CON_0453_PROG_ACTIV_O&M_2021.pdf
87,1,,,CONSORCIO 4C,GP-14723,,,15_04_Comunic_Recibidas/2021/CI004_GP-14723_070500_ANI_028238-1_INF_ALMA_N81_JUL21.pdf
90,10,,,CONSORCIO 4C,GP-14621,,,15_04_Comunic_Recibidas/2021/CI004_GP-14621_070208_FBTA_SINNUMERO_FONDO_SEG_FOSEVI.pdf
92,4,,,CONSORCIO 4C,GP-14888,,,15_04_Comunic_Recibidas/2021/CI004_GP-14888_070100_ADDEC_SINNUMERO_PERMI_PASO_SZY899.pdf
91,4,,,CONSORCIO 4C,GP-14500,,,15_04_Comunic_Recibidas/2021/CI004_GP-14500_070108_CON_1044_OCUPA_CAUCE_PR12+680.pdf
93,2,,,CONSORCIO 4C,GP-14269,,,15_04_Comunic_Recibidas/2021/CI004_GP-14269_070108_CON_0731_SIEMB_COMPENS_EXP_61526.pdf
97,1,CONCESION ALTO MAGDALENA S.A.S.,,CONSORCIO 4C,GP-15179,27/12/2021,Entrega Informe de Cumplimiento Ambiental No. 2. Expediente 69612.,15_04_Comunic_Recibidas/2021/CI004_GP-15179_070108_CON_1877_ENTREGA_ICA_N02_EXP_69612.pdf
94,2,,,CONSORCIO 4C,GP-14921,05/11/2021,Cumplimiento obligación artículo primero Auto DRAM No. 0801 del 2/08/2021 (Rad. Interno ALMA-R-2021-1253) Expediente 51780,15_04_Comunic_Recibidas/2021/CI004_GP-14921_070108_CON_1600_AUTO_DRAM_N0801_EXP_51780.pdf
95,4,CONCESION ALTO MAGDALENA S.A.S.,,CONSORCIO 4C,GP-14493,12/07/2021,Respuesta comunicación CI.004/GP9128/21/7.5 (Rad. Interno ALMA-R-2021-0648 - 20/05/2021). Revisión Memoria Técnica Marzo 2021.,15_04_Comunic_Recibidas/2021/CI004_GP-14493_070500_CON_1032_MEMOTEC_MAR21.pdf
96,2,CONCESIÓN ALTO MAGDALENA S.A.S.,ALMA-2021-0205,CONSORCIO 4C,GP-13909,03/02/2021,"Entrega soporte de pago por concepto de seguimiento y control ambiental para el 2019 y 2020, en cumplimiento a la obligación establecida en el Auto DRAM 1231 del 10 de diciembre de 2020. Expediente 61525",15_04_Comunic_Recibidas/2021/CI004_GP-13909_070108_CON_0205_SOPORT_PAG_AUTO_DRAM_1231.pdf
98,4,CONCESIÓN ALTO MAGDALENA S.A.S.,,CONSORCIO 4C,GP-14980,12/11/2021,Cumplimiento obligación de pago servicio de seguimiento y control ambiental. Auto DRAM 0826 del 09/08/2021 (Rad. Int. ALMA-R-2021-1247 del 01/09/2021). Expediente 61526,15_04_Comunic_Recibidas/2021/CI004_GP-14980_070108_CON_1675_SEG_AUTO_DRAM_0826_EXP_61526.pdf
100,2,,,CONSORCIO 4C,GP-14412,17/06/2021,Comunicación No. CI.004/GP9183/21/7.1.3 con radicado ANI No. 20214090661382 – Reiteración Protección Taludes PR38 Unidad Funcional 3. Contrato de Concesión 003 de 2014 – Proyecto Girardot-Honda-Puerto Salgar. Alto Magdalena S.A.S.,15_04_Comunic_Recibidas/2021/CI004_GP-14412_070103_ANI_018150-1_PROTE_TALUD_PR38.pdf
99,1,CONCESION ALTO MAGDALENA S.A.S.,,CONSORCIO 4C,GP-13797,06/01/2021,Solicitud certificación del valor de la Vivienda de Interés Social Prioritario.,15_04_Comunic_Recibidas/2021/CI004_GP-13797_070402_CON_0047_CERT_VALOR_VIVIENDA.pdf
101,1,,,CONSORCIO 4C,GP-13898,01/02/2021,Radicación Actualización Plan de Gestión Social Contractual Versión No.11. (2021 - 2022),15_04_Comunic_Recibidas/2021/CI004_GP-13898_070109_CON_0190_ACTUAL_PLAN_GEST_SCIAL.pdf
103,1,CONCESION ALTO MAGDALENA S.A.S.,,CONSORCIO 4C,GP-14496,14/07/2021,Solicitud pronunciamiento sobre recurso de reposición - Exp.: 80891.,15_04_Comunic_Recibidas/2021/CI004_GP-14496_070108_CON_1039_RECUR_REPOSI_80891.pdf
102,2,,,CONSORCIO 4C,GP-14807,05/10/2021,Solicitud concepto – Comunicado No. ALMA-2021-1424 con radicado ANI No. 20214091110052 - Acuerdo mitigación de la pandemia del Covid-19 - Cobro Peajes.- Contrato de Interventoría 145 de 2014 - Proyecto Girardot - Honda - Puerto Salgar. Consorcio 4C.,15_04_Comunic_Recibidas/2021/CI004_GP-14807_050300_ANI_030789-1_ACUERDO_COBRO_PEAJES.pdf
104,1,Agencia Nacional de Infraestructura,,CONSORCIO 4C,GP-15164,24/12/2021,Remisión Circular - Plazos de entrega formatos e informes a ser reportados en el proceso contable para el cierre de la vigencia fiscal 2021 y vigencia fiscal 2022 de la Agencia Nacional de Infraestructura. – Proyecto Girardot – Honda – Puerto Salgar. - Circular No. 2021500000714– Contrato de Interventoría No. 145 del 2014. Consorcio 4C.,15_04_Comunic_Recibidas/2021/CI004_GP-15164_070202_ANI_040464-1_FOR_CIERRE_CONTABLE_21.pdf
105,18,CONCESION ALTO MAGDALENA S.A.S.,,CONSORCIO 4C,GP-14361,02/06/2021,Entrega segundo informe de compensaciones en cumplimiento del Auto DRMC 0200 del 31 de marzo de 2021 (Rad. Interno ALMA-R-2021-0438). Expediente 51970,15_04_Comunic_Recibidas/2021/CI004_GP-14361_070108_CON_0857_COMPENSA_EXP_51970.pdf
107,4,CONCESION ALTO MAGDALENA S.A.S.,,CONSORCIO 4C,GP-14758,16/09/2021,Entrega de soportes de pago.,15_04_Comunic_Recibidas/2021/CI004_GP-14758_070108_CON_1388_ENTREG_SOPORTES_PAGOS.pdf
108,1,CONCESIÓN ALTO MAGDALENA S.A.S.,ALMA-2021-1668,CONSORCIO 4C,GP-15007,12/11/2021,Solicitud sello Acuerdos Reconocimientos de Compensaciones Socioeconómicos.,15_04_Comunic_Recibidas/2021/CI004_GP-15007_070402_CON_1668_SCTUD_SELLO_ACUERDOS.pdf
106,42,CONCESION ALTO MAGDALENA S.A.S.,,CONSORCIO 4C,GP-14615,17/08/2021,"DESCARGOS Auto DRBM 04216000615 del 26 de julio de 2021, «por la cual se formulan cargos y se toman otras determinaciones». Expediente sancionatorio: 84699 (65312-51995)",15_04_Comunic_Recibidas/2021/CI004_GP-14615_070108_CON_1199_DESCARG_DRBM_04216000615.pdf
109,8,,,CONSORCIO 4C,GP-14028,11/03/2021,Respuesta Derecho de Petición- Radicado No. 20214090226672 del 1 de marzo de 2021 – Contrato de Concesión APP No 003 de 2014 – Proyecto Vial Concesión Honda – Puerto Salgar – Girardot.,15_04_Comunic_Recibidas/2021/CI004_GP-14028_070109-070400_ANI_007137-1_DP_MLEAL.pdf
111,1,CONCESION ALTO MAGDALENA S.A.S.,,CONSORCIO 4C,GP-14894,28/10/2021,Reporte aprovechamiento forestal árboles aislados Autorización 035 del 10 de septiembre 2021. Expediente 87638,15_04_Comunic_Recibidas/2021/CI004_GP-14894_070108_CON_1577_APROVE_FORESTAL_EXP_87638.pdf
110,4,CONCESIÓN ALTO MAGDALENA S.A.S.,,CONSORCIO 4C,GP-14150,14/04/2021,Respuesta a su comunicado CI.004/GP89380/21/7.3.1. (con radicado int. ALMA-R-2021-0239) Solicitud ajuste informes de Tráfico y Recaudo.,15_04_Comunic_Recibidas/2021/CI004_GP-14150_070301_CON_0571_AJUSTE_INF_TRAFICO.pdf
113,1,ALTO MAGDALENA S.A.S,ALMA-2021-0780,CONSORCIO 4C,GP-14327,24/05/2021,Remisión lista de chequeo y hoja de control del expediente ALMA-1-0012,15_04_Comunic_Recibidas/2021/CI004_GP-14327_070401_CON_0790_LISTA_CHEQUEO_PREDIAL.pdf
112,2,CONCESION ALTO MAGDALENA S.A.S.,,CONSORCIO 4C,GP-14572,03/08/2021,Cumplimiento obligación pago Auto DRBM 0531 del 30 de junio de 2021 (Rad. Interno ALMA-R-2021-0883 del 1/07/2021). Expediente 62026,15_04_Comunic_Recibidas/2021/CI004_GP-14572_070108_CON_1130_PAGO_DRBM_0531.pdf
114,1,,,CONSORCIO 4C,GP-15166,22/12/2021,Remisión Circular - Plazos de entrega formatos e informes a ser reportados en el proceso contable para el cierre de la vigencia fiscal 2021 y vigencia fiscal 2022 de la Agencia Nacional de Infraestructura. – Proyecto Girardot – Honda – Puerto Salgar. - Circular No. 202115000000724 – Contrato de Concesión No. 003 del 2014. Concesión Alto Magdalena S.A.S.,15_04_Comunic_Recibidas/2021/CI004_GP-15166_070202_ANI_040465-1_PLAZO_ENTREG_FORMAT.pdf
116,2,CONCESION ALTO MAGDALENA S.A.S.,,CONSORCIO 4C,GP-14922,05/11/2021,Cumplimiento obligación artículo primero Auto DRAM No. 0810 del 4/08/2021 (Rad. Interno ALMA-R-2021-1254) Expediente 51741,15_04_Comunic_Recibidas/2021/CI004_GP-14922_070108_CON_1602_AUTO_DRAM_0810_EXP_51741.pdf
117,8,CONCESION ALTO MAGDALENA S.A.S.,,CONSORCIO 4C,GP-15120,13/12/2021,Respuesta comunicado CI.004/GP9581/21/7.3.3 (Rad. Int. ALMA-R-2021-1707 – 12/11/2021). Aplicación norma NTC4201 - barandas y pasamanos del Proyecto.,15_04_Comunic_Recibidas/2021/CI004_GP-15120_070303_CON_1832_NORMA_NTC4201_BARANDAS.pdf
115,2,CONCESION ALTO MAGDALENA S.A.S.,,CONSORCIO 4C,GP-14134,12/04/2021,"Entrega soporte pago seguimiento 2021, en cumplimiento del artículo primero del Auto ANLA 01443 del 16 de marzo de 2021. Expediente LAV0063-00-2015.",15_04_Comunic_Recibidas/2021/CI004_GP-14134_070108_CON_0557_SOPORT_PAG_ANLA_01443.pdf
120,1,CONCESION ALTO MAGDALENA S.A.S.,,CONSORCIO 4C,GP-14469,01/07/2021,Remisión Acta VPIP mayo de 2021.,15_04_Comunic_Recibidas/2021/CI004_GP-14469_070209_CON_0987_ACTA_VPIP_MAY21.pdf
119,2,CONCESION ALTO MAGDALENA S.A.S.,,CONSORCIO 4C,GP-14387,15/06/2021,Cumplimiento obligación de pago por los servicios de seguimiento ambiental Auto DRAM 0381 del 10 de mayo de 2021 (Rad. Int. ALMA-R-2021-0653). Expediente 51701,15_04_Comunic_Recibidas/2021/CI004_GP-14387_070108_CON_0892_PAG_DRAM_0381_EXP_51701.pdf
118,2,,,CONSORCIO 4C,GP-14906,02/11/2021,Comunicado No. CI.004/GP9370/21/5.3-7.1.15 con radicado ANI No. 20214090962142 – Cierre Plazo de cura derivado del cumplimiento del Concesionario relacionado con la entrega del Acta Parcial de Obra 17 de protección y traslado de Redes de servicios públicos. Contrato de Concesión 003 de 2014 – Proyecto Girardot-Honda-Puerto Salgar. Concesión Alto Magdalena S.A.S.,15_04_Comunic_Recibidas/2021/CI004_GP-14906_050300_ANI_034247-1_CIERRE_PLAZ_CURA_ACTA_17_REDES.pdf
121,2,,,CONSORCIO 4C,GP-14408,16/06/2021,Remisión Circular por medio de la cual se indica la manera en que debe reportarse la información desagregada de tráfico en ANIscopio – Pendientes. Proyecto Girardot – Honda – Puerto Salgar – Radicado ANI No 20216010000224 de 12 de abril de 2021 – Contrato de Concesión No 003/2014 – Proyecto Girardot – Honda – Puerto Salgar.,15_04_Comunic_Recibidas/2021/CI004_GP-14408_070301_ANI_018038-1_INFO_TRAFICO_ANISCOPIO.pdf
123,2,CONCESION ALTO MAGDALENA S.A.S.,,CONSORCIO 4C,GP-14258,12/05/2021,Alcance comunicado ALMA-2020-2331. Tableros de Mensajes Variables.,15_04_Comunic_Recibidas/2021/CI004_GP-14258_070104_CON_0717_TABLEROS_MENSAJES.pdf
122,1,CONCESION ALTO MAGDALENA S.A.S.,,CONSORCIO 4C,GP-14457,24/06/2021,"Aclaración informe semestral 8 permiso levantamiento parcial de veda, Resolución 2284 del 3 de noviembre de 2015 - UF 5.3 - Exp.: LAV0068-00-2015 - ATV0247",15_04_Comunic_Recibidas/2021/CI004_GP-14457_070108_CON_0956_LEV_VEDA_RESOL_2284.pdf
124,4,CONCESIÓN ALTO MAGDALENA S.A.S.,CI004,CONSORCIO 4C,GP-14986,12/11/2021,Cumplimiento obligación pago servicio de seguimiento y control ambiental. Auto DRAM 0919 del 23/08/2021 (Rad. Int. ALMA-R-2021-1272 del 03/09/2021). Expediente 52168,15_04_Comunic_Recibidas/2021/CI004_GP-14986_070108_CON_1681_SEG_AUTO_DRAM_0919_EXP_52168.pdf
125,4,CONCESION ALTO MAGDALENA S.A.S.,,CONSORCIO 4C,GP-15033,25/11/2021,Solicitud control salida animales en la vía Pública entre el km 28 + 000 y el km 29+000 vía Nariño - Guataquí Ruta Nacional 4508.,15_04_Comunic_Recibidas/2021/CI004_GP-15033_070109_CON_1732_CTROL_ANIMALES_KM28_KM29.pdf
126,1,CONCESION ALTO MAGDALENA S.A.S.,,CONSORCIO 4C,GP-15034,25/11/2021,Entrega concepto técnico capacidad estructural incumplimientos reportados en el indicador E16 unidad funcional 3.,15_04_Comunic_Recibidas/2021/CI004_GP-15034_070303_CON_1731_CONCEPTO_TEC_E16_UF3.pdf
128,2,Fiducia Pública - Vicepresidencia de Gestión Fiduciaria y Proyectos,,CONSORCIO 4C,GP-14027,12/03/2021,ESTADOS FINANCIEROS MES DE FEBRERO DE 2021 | PA 63664 ALTO MAGDALENA,15_04_Comunic_Recibidas/2021/CI004_GP-14027_070202_FBTA_SINNUMERO_ESTAD_FINAN_FEB21.pdf
127,1,CONCESION ALTO MAGDALENA S.A.S.,CI0046P94812417.4.1,CONSORCIO 4C,GP-14789,30/08/2021,Informe ejecutivo de avance de ejecución predial y sabana de avalúos del mes de agosto del año 2021.,15_04_Comunic_Recibidas/2021/CI004_GP-14789_070401_CON_1263_INF_PREDIAL_AGO21.pdf
129,2,CONCESION ALTO MAGDALENA S.A.S.,,CONSORCIO 4C,GP-13903,02/02/2021,Respuesta comunicación CI.004/GP8815/21/7.1.10 (Rad. Int. ALMA-R-2021-0057) del 15/01/2020 Revisión soportes Seguridad Social octubre y salarios septiembre 2020.,15_04_Comunic_Recibidas/2021/CI004_GP-13903_070110_CON_0197_SOPORT_PAG_SEGYSAL_OCT_NOV.pdf
130,4,CONCESIÓN ALTO MAGDALENA S.A.S.,,CONSORCIO 4C,GP-13971,18/02/2021,Respuesta requerimientos Auto DRAM 1075 del 6/11/2020. Expediente: 60604,15_04_Comunic_Recibidas/2021/CI004_GP-13971_070108_CON_0285_REQUERI_AUTO_1075_EXP_60604.pdf
132,4,CONCESIÓN ALTO MAGDALENA S.A.S.,,CONSORCIO 4C,GP-14790,08/09/2021,Respuesta comunicación CI.004/GP9378/21/5.3 (ALMA-R-2021-1207) - solicitud Suscripción Convenio de Cooperación con la Policía Nacional.,15_04_Comunic_Recibidas/2021/CI004_GP-14790_050300_CON_1337_SCTUD_CONVENIO_PONAL.pdf
133,6,CONCESION ALTO MAGDALENA S.A.S.,,CONSORCIO 4C,GP-14309,24/05/2021,Respuesta a su comunicación CI.004/GP9095/21/5.3 (Rad. Interno ALMA-2021-0597) - Otorgamiento Plazo de Cura – Póliza de Todo Riesgo Obra Civil.,15_04_Comunic_Recibidas/2021/CI004_GP-14309_050300_CON_0783_PLAZO_CURA_POLIZAS.pdf
131,4,CONCESIÓN ALTO MAGDALENA S.A.S.,,CONSORCIO 4C,GP-14662,27/08/2021,"Acciones en relación a la adecuación y funcionamiento del centro de bienestar animal, según lo estipulado por la Ley 2054 de 2020.",15_04_Comunic_Recibidas/2021/CI004_GP-14662_070109_CON_1252_CENTRO_BIENES_ANIMAL.pdf
134,4,CONCESION ALTO MAGDALENA S.A.S.,,CONSORCIO 4C,GP-13807,07/01/2021,"Incumplimiento ley 1228 del 2008, artículo 8 Prohibición de vallas y publicidad fija.",15_04_Comunic_Recibidas/2021/CI004_GP-13807_070109_CON_0051_INCUMP_LEY_1228.pdf
135,2,CONCESION ALTO MAGDALENA S.A.S,,CONSORCIO 4C,GP-13847,18/01/2021,Respuesta comunicación CI.004/GP8802/21/7.4.1 (Rad. Int. ALMA-R-2021-0040). - Seguimiento a Cronograma Expedientes Finales.,15_04_Comunic_Recibidas/2021/CI004_GP-13847_070401_CON_0095_CRONOG_EXP_FINALES.pdf
136,2,Agencia Nacional de Infraestructura,,CONSORCIO 4C,GP-14154,14/04/2021,Cambio y presentación de personal de Interventoría. Fase de Operación. Para el cargo de Topógrafo. Radicado ANI No. 20214090328682 de fecha 24 de marzo del 2021. Contrato de Interventoría 145 del 2014. Contrato de Concesión Vial No. 003 de 2014 Concesión Girardot Honda Puerto Salgar.,15_04_Comunic_Recibidas/2021/CI004_GP-14154_020200_ANI_010551-1_APROBA_HV_TOPOGRAFO.pdf
138,6,,,CONSORCIO 4C,GP-14109,30/03/2021,Solicitud de información Seguimiento Valoración Obligaciones Contingentes. Contrato de Concesión No. 003 de 2014 – Proyecto Girardot – Honda – Puerto Salgar,15_04_Comunic_Recibidas/2021/CI004_GP-14109_070201_ANI_009152-1_SEG_OBLIGA_CONTINGENTES.pdf
137,3,Superintendencia de Transporte,,CONSORCIO 4C,GP-14484,09/07/2021,"La Ley Estatutaria 1618 de 2013 establece las disposiciones para garantizar el pleno ejercicio de los derechos de las personas con discapacidad. En relación con lo que nos corresponde, expresamente se dispuso que el servicio público del transporte deberá ser accesible a todas las personas con discapacidad y que todos los sistemas, medios y modos deberán ajustarse a los postulados del diseño universal. También se estableció que las normas de accesibilidad no pueden pasar inadvertidas en el diseño de aquellas infraestructuras del transporte que estuvieran pendientes por construir, mientras que, en relación con las existentes, se deben adoptar planes integrales que permitan avanzar y alcanzar, en el 2023, niveles que superen el 80% de la accesibilidad total. Para la Superintendencia de Transporte las aspiraciones y los derechos de las personas con discapacidad son una prioridad y los postulados que procuran su movilidad con la mayor independencia posible no son un tema menor. Es por esto que el próximo 28 de julio a las 10:00 a.m. abordaremos en directo estos y otros temas de especial interés para aquellos sujetos obligados a dar cumplimiento a la normatividad del sector transporte, en esta ocasión, en lo que tiene que ver exclusivamente con la infraestructura.",15_04_Comunic_Recibidas/2021/CI004_GP-14484_070104_WSALAZAR_SINNUMERO_DERECHO_DISCAPA.pdf
139,4,CONCESIÓN ALTO MAGDALENA S.A.S.,,CONSORCIO 4C,GP-14962,11/11/2021,Cumplimiento obligación pago servicio de seguimiento y control ambiental. Auto DRAM 0803 del 02/08/2021 (Rad. Int. ALMA-R-2021-1252 del 02/09/2021). Expediente 51734,15_04_Comunic_Recibidas/2021/CI004_GP-14962_070108_CON_1650_SEG_AUTO_DRAM_0803_EXP_51734.pdf
140,1,CONCESION ALTO MAGDALENA S.A.S.,,CONSORCIO 4C,GP-14877,19/10/2021,Respuesta comunicación CI.004/GP9462/21/7.1.8 (Rad. Int. ALMA-R-2021-1412 - 27/09/2021) - Entrega Informe Trimestral N° 27 mayo-julio 2021.,15_04_Comunic_Recibidas/2021/CI004_GP-14877_070108_CON_1536_INF_TRIM_AMB_N27_.pdf
141,8,CONCESION ALTO MAGDALENA S.A.S.,,CONSORCIO 4C,GP-14153,15/04/2021,Respuesta comunicación CI.004/GP9000/21/5.3 25/03/2021 (ALMA-R-2021-0365). Informe de multa por el Incumplimiento al que hace alusión el literal (g) de la Sección 6.1 de la Parte Especial / Vencimiento de Plazo de Cura otorgado la elaboración y actualización de ocho (8) expedientes prediales.,15_04_Comunic_Recibidas/2021/CI004_GP-14153_050300_CON_0580_PLAZO_CURA_EXP_PREDIALES.pdf
144,1,CONCESION ALTO MAGDALENA S.A.S.,,CONSORCIO 4C,GP-14673,24/08/2021,Remisión Acta VPIP julio de 2021.,15_04_Comunic_Recibidas/2021/CI004_GP-14673_070209_CON_1230_ACTA_VPIP_JUL21.pdf
143,1,CONCESIÓN ALTO MAGDALENA S.A.S.,,CONSORCIO 4C,GP-13906,22/01/2021,Respuesta a comunicación CI.004/GP8771/20/7.4.1 de fecha 29 de diciembre de 2020 y radicado ALMA-R-2020-2333. Observaciones Expediente Finales Prediales.,15_04_Comunic_Recibidas/2021/CI004_GP-13906_070401_CON_0130_OBS_EXP_FINAL.pdf
142,2,CONCESION ALTO MAGDALENA S.A.S.,ALMA-2021-0782,CONSORCIO 4C,GP-14832,08/10/2021,Respuesta Comunicado No CI.004/GP9094/21/5.3 (Rad. Int. ALMA-R-2021-0596) y entrega del plan de reparaciones de incumplimientos por capacidad estructural UF4,15_04_Comunic_Recibidas/2021/CI004_GP-14832_070110-070303_CON_1498_REPARA_INCUMP_UF4.pdf
145,2,CONCESION ALTO MAGDALENA S.A.S.,,CONSORCIO 4C,GP-14470,01/07/2021,Respuesta derecho de petición del 16/06/2021 – Afectación causada a...,15_04_Comunic_Recibidas/2021/CI004_GP-14470_070109_CON_0989_AFECTA_PREDIO_LOTE7.pdf
148,1,CONCESION ALTO MAGDALENA S.A.S.,CI004/GP9210/21/9.2.9,CONSORCIO 4C,GP-14406,15/06/2021,"Remisión de Actas de retribución de la UF 1, UF 3 y UF 4 del mes de abril de 2021.",15_04_Comunic_Recibidas/2021/CI004_GP-14406_070210_CON_0889_ACTA_RETRIBU_UF1_3_4_ABR.pdf
147,1,CONCESIÓN ALTO MAGDALENA S.A.S.,GP14087,CONSORCIO 4C,GP-14087,25/03/2021,Respuesta comunicación 07212000725 - Remisión estudio títulos Predio Dinamarca corregido en cumplimiento de la Resolución DGEN 0901 del 3 de agosto de 2020. Expediente 51539 y 62448,15_04_Comunic_Recibidas/2021/CI004_GP-14087_070108_CON_0488_CUMPLI_RESOL_DGEN_0901.pdf
146,2,Agencia Nacional de Seguridad Vial,20214090492472,CONSORCIO 4C,GP-14251,07/05/2021,"Traslado del comunicado por parte de la Agencia Nacional de Seguridad Vial a esta Agencia con radicado ANI N° 20214090492472 – Alcaldía Nariño, Cundinamarca; Solicitud a la Concesión Alto Magdalena de retiro de reductores de velocidad en la vía Girardot – Nariño. – Proyecto Girardot – Honda – Puerto Salgar – Contrato de Concesión No 003/2014.",15_04_Comunic_Recibidas/2021/CI004_GP-14251_070104_ANI_013827-1_RETIRO_REDUCTORES.pdf
149,2,,,CONSORCIO 4C,GP-14277,13/05/2021,"Resultado Medición Niveles de Servicio – abril de 2021 – Índices de Cumplimiento - Proyecto Girardot – Honda – Puerto Salgar, Contrato de Concesión 003 de 2014.",15_04_Comunic_Recibidas/2021/CI004_GP-14277_070303_ANI_014547-1_NIVEL_SERV_ABR21.pdf
150,2,CONCESION ALTO MAGDALENA S.A.S.,,CONSORCIO 4C,GP-13951,15/02/2021,Respuesta comunicado CI.004/GP8750/20/7.3.3 (RAD INT: ALMA-R-2020-2290) Acciones correctivas cargadas al SICC para el Nivel de Servicio E16.,15_04_Comunic_Recibidas/2021/CI004_GP-13951_070303_CON_0269_ACCION_SICC_NIVEL_SERV_E16.pdf
152,2,,,CONSORCIO 4C,GP-14033,11/03/2021,Traslado sugerencia con radicado ANI No. 20214090202522 – Sugerencia instalación señal de tránsito. Contrato de Concesión No. 003 de 2014 - Girardot-Honda-Puerto Salgar. No. de radicado al que responde: 20214090202522.,15_04_Comunic_Recibidas/2021/CI004_GP-14033_070104_ANI_007148-1_INSTALA_SEÑAL_TRANSITO.pdf
151,2,CONCESION ALTO MAGDALENA S.A.S,,CONSORCIO 4C,GP-14190,14/04/2021,Respuesta comunicación CI.004/GP9000/21/5.3 – 25/03/2021; Entrega del Expediente Final del predio ALMA-1-0012.,15_04_Comunic_Recibidas/2021/CI004_GP-14190_070401_CON_0575_EXP_FINAL_1-0012.pdf
156,2,,,CONSORCIO 4C,GP-14194,,,15_04_Comunic_Recibidas/2021/CI004_GP-14194_070115_GEO_C4C-001-2021_LIQUIDA_CONTRAT.pdf
157,7,,,CONSORCIO 4C,GP-14589,,,15_04_Comunic_Recibidas/2021/CI004_GP-14589_050300-070303_ANI_023678-1_PLAZO_CURA_SICC.pdf
158,4,,,CONSORCIO 4C,GP-13801,,,15_04_Comunic_Recibidas/2021/CI004_GP-13801_070108_CON_0019_CIERRE_PDTES_AMB_UF5.pdf
159,4,,,CONSORCIO 4C,GP-14588,,,15_04_Comunic_Recibidas/2021/CI004_GP-14588_050300_ANI_023677-1_PLAZO_CURA_SUBCTA_REDES.pdf
160,1,,,CONSORCIO 4C,GP-14508,,,15_04_Comunic_Recibidas/2021/CI004_GP-14508_070108_CON_1054_INF_TEC_AMB_52057.pdf
161,2,,,CONSORCIO 4C,GP-13837,,,15_04_Comunic_Recibidas/2021/CI004_GP-13837_070202_FBTA_SINNUMERO_ESTAD_FINANCI_DIC20.pdf
162,2,,,CONSORCIO 4C,GP-14923,,,15_04_Comunic_Recibidas/2021/CI004_GP-14923_070108_CON_1603_AUTO_DRAM_0889_EXP_51841.pdf
163,1,,,CONSORCIO 4C,GP-14094,,,15_04_Comunic_Recibidas/2021/CI004_GP-14094_070110_CON_0501_PAG_SEGYSAL_ENE_DIC.pdf
164,4,,,CONSORCIO 4C,GP-14658,,,15_04_Comunic_Recibidas/2021/CI004_GP-14658_070109_CON_1248_CENTRO_BIENES_ANIMAL.pdf
165,2,,,CONSORCIO 4C,GP-13864,,,15_04_Comunic_Recibidas/2021/CI004_GP-13864_070208_CON_0143_FONDO_CONTINGENCIAS.pdf
153,2,CONCESION ALTO MAGDALENA S.A.S.,,CONSORCIO 4C,GP-14895,28/10/2021,"Entrega medidas de manejo de epifitas vasculares Resolución No.1928 del 02 de septiembre de 2015 UF 2. Expediente ATV 0268. Ref: Contrato de Concesión bajo esquema APP N° 003-2014 “La financiación, construcción, rehabilitación, mejoramiento, operación y mantenimiento del corredor Honda – Puerto Salgar – Girardot, de acuerdo con el Apéndice Técnico 1 y demás Apéndices del Contrato.”",15_04_Comunic_Recibidas/2021/CI004_GP-14895_070108_CON_1576_MANEJ_EPIFITAS_RESOL_1928.pdf
166,4,,,CONSORCIO 4C,GP-14781,,,15_04_Comunic_Recibidas/2021/CI004_GP-14781_070115_CON_1413_RECUPE_CAMA_ANODICA.pdf
168,2,,,CONSORCIO 4C,GP-14183,,,15_04_Comunic_Recibidas/2021/CI004_GP-14183_070103_ANI_011766-1_DP_SSALAMANCA.pdf
167,4,,,CONSORCIO 4C,GP-14835,,,15_04_Comunic_Recibidas/2021/CI004_GP-14835_070202_CON_1505_FOR_GCSP_F208_SEP21.pdf
155,1,CONCESION ALTO MAGDALENA S.A.S.,,CONSORCIO 4C,GP-14074,10/03/2021,"Entrega del expediente predial ALMA-5-0013, para revisión y aprobación del componente social.",15_04_Comunic_Recibidas/2021/CI004_GP-14074_070402_CON_0417_EXP_SOCIAL.pdf
171,22,,,CONSORCIO 4C,GP-15116,,,15_04_Comunic_Recibidas/2021/CI004_GP-15116_070109_CON_1826_PROG_CAPACITA_IISEM21.pdf
170,1,,,CONSORCIO 4C,GP-14426,,,15_04_Comunic_Recibidas/2021/CI004_GP-14426_090200_ANI_018382-1_INFO_SEG_PREDIAL.pdf
169,1,,,CONSORCIO 4C,GP-14481,,,15_04_Comunic_Recibidas/2021/CI004_GP-14481_070108_CON_1009_AUTO_EXP_QBN_15031.pdf
154,4,CONCESIÓN ALTO MAGDALENA S.A.S.,,CONSORCIO 4C,GP-14358,02/06/2021,Observaciones comunicación del Consorcio 4C – No.CI.004/GP9139/21/7.3.3 (Rta ALMA-R-2021-0679),15_04_Comunic_Recibidas/2021/CI004_GP-14358_050300_CON_0865_OBS_O&M_NPH.pdf
173,2,,,CONSORCIO 4C,GP-14577,,,15_04_Comunic_Recibidas/2021/CI004_GP-14577_070108_CON_1135_PAGO_DRBM_0538.pdf
174,1,,,CONSORCIO 4C,GP-13970,,,15_04_Comunic_Recibidas/2021/CI004_GP-13970_070108_CON_0286_SCTUD_EXP_PERMI_OCUP_CAUCE.pdf
175,32,,,CONSORCIO 4C,GP-14302,,,15_04_Comunic_Recibidas/2021/CI004_GP-14302_070108_CON_0761_EXCLUS_AUTO_DRAM_0232.pdf
172,6,,,CONSORCIO 4C,GP-14284,,,15_04_Comunic_Recibidas/2021/CI004_GP-14284_070202_CON_0727_FOR_GCSP_F009_ABR_21.pdf
176,2,,,CONSORCIO 4C,GP-14271,,,15_04_Comunic_Recibidas/2021/CI004_GP-14271_070108_CON_0733_SIEMB_COMPENS_EXP_62377.pdf
177,2,,,CONSORCIO 4C,GP-14640,,,15_04_Comunic_Recibidas/2021/CI004_GP-14640_070108_CON_1222_OBLIGA_PAG_DRAM_0652.pdf
178,16,,,CONSORCIO 4C,GP-14222,,,15_04_Comunic_Recibidas/2021/CI004_GP-14222_070108_CON_0672_INF_COMPENSA_EXP_52183.pdf
179,2,,,CONSORCIO 4C,GP-14045,,,15_04_Comunic_Recibidas/2021/CI004_GP-14045_070108_CON_0443_SOPORTE_PAGO_EXP_52003.pdf
180,1,,,CONSORCIO 4C,GP-13966,,,15_04_Comunic_Recibidas/2021/CI004_GP-13966_070108_CON_0281_SCTUD_EXP_51981_51989_51999_52050.pdf
183,4,,,CONSORCIO 4C,GP-14713,,,15_04_Comunic_Recibidas/2021/CI004_GP-14713_070109_CON_1339_INF_CUMPLI_OBLIG.pdf
181,1,,,CONSORCIO 4C,GP-15172,,,15_04_Comunic_Recibidas/2021/CI004_GP-15172_070109_CON_1881_FOR_SEG_PQRS_UF4.pdf
182,3,,,CONSORCIO 4C,GP-14482,,,15_04_Comunic_Recibidas/2021/CI004_GP-14482_070403_ANI_020499-1_ENTREG_FRANJA_PRED.pdf
185,4,,,CONSORCIO 4C,GP-13813,,,15_04_Comunic_Recibidas/2021/CI004_GP-13813_070207_CON_0060_ESTRUCTU_TARIFA_PEAJES.pdf
187,2,,,CONSORCIO 4C,GP-14030,,,15_04_Comunic_Recibidas/2021/CI004_GP-14030_050300-070115_ANI_007151-1_PLAZO_CURA_REDES.pdf
184,4,,,CONSORCIO 4C,GP-14991,,,15_04_Comunic_Recibidas/2021/CI004_GP-14991_070201_CON_1692_SOPORTES_SUBCTA_JUL-OCT21.pdf
186,2,,,CONSORCIO 4C,GP-14636,,,15_04_Comunic_Recibidas/2021/CI004_GP-14636_070108_CON_1218_OBLIGA_PAG_DRAM_0505.pdf
188,2,,,CONSORCIO 4C,GP-13910,,,15_04_Comunic_Recibidas/2021/CI004_GP-13910_070108_CON_0206_SOPORT_PAG_AUTO_DRAM_1234.pdf
189,10,,,CONSORCIO 4C,GP-15185,,,15_04_Comunic_Recibidas/2021/CI004_GP-15185_070111_CON_1910_SEG_VIAL_PR66+820_UF3.pdf
190,1,,,CONSORCIO 4C,GP-14418,,,15_04_Comunic_Recibidas/2021/CI004_GP-14418_070108_CON_0921_INF_TRIM_AMB_N26.pdf
191,4,,,CONSORCIO 4C,GP-14960,,,15_04_Comunic_Recibidas/2021/CI004_GP-14960_070108_CON_1648_SEG_AUTO_DRAM_0801_EXP_51780.pdf
192,10,,,CONSORCIO 4C,GP-14089,,,15_04_Comunic_Recibidas/2021/CI004_GP-14089_050300_CON_0489_CIERRE_PDTES_UF5_APT2.pdf
194,8,,,CONSORCIO 4C,GP-14009,,,15_04_Comunic_Recibidas/2021/CI004_GP-14009_050300_CON_0353_EER_PREDIO_ALMA-5-0266.pdf
195,1,,,CONSORCIO 4C,GP-14042,,,15_04_Comunic_Recibidas/2021/CI004_GP-14042_070108_CON_0427_INF_N03_RESOL_2602_UF5.pdf
193,4,,,CONSORCIO 4C,GP-14920,,,15_04_Comunic_Recibidas/2021/CI004_GP-14920_070109_CON_1596_DP_MARTHA_FONNEGRA.pdf
196,1,,,CONSORCIO 4C,GP-14066,,,15_04_Comunic_Recibidas/2021/CI004_GP-14066_070109_CON_0470_SCTUD_CTROL_VIAL.pdf
197,1,,,CONSORCIO 4C,GP-13796,,,15_04_Comunic_Recibidas/2021/CI004_GP-13796_070402_CON_0046_CERT_VALOR_VIVIENDA.pdf
198,4,,,CONSORCIO 4C,GP-14694,,,15_04_Comunic_Recibidas/2021/CI004_GP-14694_070109_CON_1295_SCTUD_COMPAREND_POLI_PR27+400.pdf
199,2,,,CONSORCIO 4C,GP-15024,,,15_04_Comunic_Recibidas/2021/CI004_GP-15024_070108_CON_1720_PAG_AUTO_DRMC_0799_EXP_51486.pdf
201,4,,,CONSORCIO 4C,GP-14558,,,15_04_Comunic_Recibidas/2021/CI004_GP-14558_070301_CON_1116_REGLA_SISTEM_PEAJES.pdf
202,1,,,CONSORCIO 4C,GP-14304,,,15_04_Comunic_Recibidas/2021/CI004_GP-14304_070108_CON_0721_COMPENSA_DRMC_0203.pdf
203,8,,,CONSORCIO 4C,GP-14765,,,15_04_Comunic_Recibidas/2021/CI004_GP-14765_070208_FBTA_SINNUMERO_FOSEVI_AGO21.pdf
200,2,,,CONSORCIO 4C,GP-14739,,,15_04_Comunic_Recibidas/2021/CI004_GP-14739_070108_CON_1368_SEG_AMB_AUTO_ANLA_06471.pdf
204,14,,,CONSORCIO 4C,GP-15049,,,15_04_Comunic_Recibidas/2021/CI004_GP-15049_070108_CON_1749_SCTUD_INF_TEC_0839_EXP_51859.pdf
206,2,,,CONSORCIO 4C,GP-15047,,,15_04_Comunic_Recibidas/2021/CI004_GP-15047_070108_CON_1747_FOR_REGALIAS_SCV-09031.pdf
205,1,,,CONSORCIO 4C,GP-15176,,,15_04_Comunic_Recibidas/2021/CI004_GP-15176_070108_CON_1897_ENTREGA_ICA_N17.pdf
207,1,,,CONSORCIO 4C,GP-14138,,,15_04_Comunic_Recibidas/2021/CI004_GP-14138_070406_CON_0238_EXP_AVALUO.pdf
208,1,,,CONSORCIO 4C,GP-14449,,,15_04_Comunic_Recibidas/2021/CI004_GP-14449_070109_CON_0949_SCTUD_GLORIETA_LAMELISA.pdf
209,2,,,CONSORCIO 4C,GP-13886,,,15_04_Comunic_Recibidas/2021/CI004_GP-13886_070403_CON_0176_CESION_ART_36_LEY_1682.pdf
211,2,,,CONSORCIO 4C,GP-14914,,,15_04_Comunic_Recibidas/2021/CI004_GP-14914_070500_ANI_034447-1_INF_MEN_N83_SEP21.pdf
210,2,,,CONSORCIO 4C,GP-13955,,,15_04_Comunic_Recibidas/2021/CI004_GP-13955_070114_ANI_004188-1_PERMI_OCUPA_PARROQUIA.pdf
213,1,,,CONSORCIO 4C,GP-14475,,,15_04_Comunic_Recibidas/2021/CI004_GP-14475_070202_CON_0995_FOR_GCSP_F203_JUN21.pdf
212,2,,,CONSORCIO 4C,GP-13773,,,15_04_Comunic_Recibidas/2021/CI004_GP-13773_050300_ANI_040212-1_TERMINA_CONTRATO.pdf
215,2,,,CONSORCIO 4C,GP-14317,,,15_04_Comunic_Recibidas/2021/CI004_GP-14317_070108_CON_0775_SOPORT_PAG_DRMC_0278.pdf
214,10,,,CONSORCIO 4C,GP-14097,,,15_04_Comunic_Recibidas/2021/CI004_GP-14097_070401_CON_0514_EXP_FINAL.pdf
216,2,,,CONSORCIO 4C,GP-14188,,,15_04_Comunic_Recibidas/2021/CI004_GP-14188_070201_ANI_011807-1_APROB_FONDOS_SUBCTA.pdf
217,16,,,CONSORCIO 4C,GP-14602,,,15_04_Comunic_Recibidas/2021/CI004_GP-14602_070201_CON_1170_FOR_GCSP_F208_ENE-JUL21.pdf
218,2,,,CONSORCIO 4C,GP-14705,,,15_04_Comunic_Recibidas/2021/CI004_GP-14705_070109_CON_1325_RECUPERA_ESPACIO_PUB_AGO21.pdf
219,1,,,CONSORCIO 4C,GP-14565,,,15_04_Comunic_Recibidas/2021/CI004_GP-14565_070402_CON_1122_EXP_SOCIAL.pdf
222,8,CONCESION ALTO MAGDALENA S.A.S,,CONSORCIO 4C,GP-14567,03/08/2021,Respuesta comunicación CI.004/GP9276/21/7.3. – (Rad. Int. ALMA-R-2021-1007-21/07/2021) – Elusión del peaje Guataquí.,15_04_Comunic_Recibidas/2021/CI004_GP-14567_070109_CON_1123_ELUSION_PEAJE_GUATAQUI.pdf
221,8,CONCESION ALTO MAGDALENA S.A.S.,,CONSORCIO 4C,GP-14533,22/07/2021,Respuesta comunicado CI.004/GP9223/21/7.1.10 (Rad. Int. ALMA-R-2021-0869) del 29/06/2021 Fallas de control condiciones SST,15_04_Comunic_Recibidas/2021/CI004_GP-14533_070110_CON_1079_FALLAS_CONTROL_SST.pdf
223,1,,,CONSORCIO 4C,GP-13873,26/01/2021,Respuesta comunicación CI.004/GP8834/21/7.4.6 (Rad. Int. ALMA-R-2021-0093 del 22/01/2021) Entrega del expediente predial (Físico) ALMA-2-122-1 para aprobación definitiva del Avalúo Comercial Corporativo.,15_04_Comunic_Recibidas/2021/CI004_GP-13873_070406_CON_0154_EXP_AVALUO.pdf
220,3,ANI - Agencia Nacional de Infraestructura,,CONSORCIO 4C,GP-14859,14/10/2021,Respuesta a su comunicado No. ALMA-2021-1426 con radicado ANI No. 20214091124192 – Solicitud de información Derecho de petición señor José Ignacio Barragán predio ALMA-5-0193. Contrato de Concesión 003 de 2014 – Proyecto Girardot – Honda – Puerto Salgar. Concesión Alto Magdalena S.A.S.,15_04_Comunic_Recibidas/2021/CI004_GP-14859_070401_ANI_032270-1_DP_JOSE_BARRAGAN.pdf
225,1,CONCESION ALTO MAGDALENA S.A.S,,CONSORCIO 4C,GP-14191,20/04/2021,Entrega Expediente Prediales Finales predios ALMA-5-0232 y ALMA-5-0233,15_04_Comunic_Recibidas/2021/CI004_GP-14191_070401_CON_0602_EXP_FINALES.pdf
226,12,CONCESION ALTO MAGDALENA S.A.S.,,CONSORCIO 4C,GP-14616,17/08/2021,"DESCARGOS Auto DRBM 04216000614 del 26 de julio de 2021, «por la cual se formulan cargos y se toman otras determinaciones»",15_04_Comunic_Recibidas/2021/CI004_GP-14616_070108_CON_1200_DESCARG_DRBM_04216000614.pdf
227,2,Agencia Nacional de Infraestructura,,CONSORCIO 4C,GP-14704,07/09/2021,"Respuesta a su comunicado No. ALMA-2021-1164 con radicado ANI No. 20214090909032 - Acuerdo mitigación de la pandemia del Covid-19 – Cobro Peajes - Proyecto Girardot – Honda – Puerto Salgar, Contrato de Concesión 003 de 2014.",15_04_Comunic_Recibidas/2021/CI004_GP-14704_050300_ANI_027641-1_ACUERD_COVID19_COBR_PEAJ.pdf
228,1,CONCESION ALTO MAGDALENA S.A.S.,,CONSORCIO 4C,GP-14093,25/03/2021,Respuesta comunicado S-2021-024287-DETOL-SETRA-SOAPO 3.1. Remisión fichas técnicas componente de comunicación,15_04_Comunic_Recibidas/2021/CI004_GP-14093_050300_CON_0487_REMISI_FICHAS_TECNICAS.pdf
229,1,CONCESIÓN ALTO MAGDALENA S.A.S.,,CONSORCIO 4C,GP-14566,02/07/2021,"Entrega Expedientes Finales de los Predios ALMA-5-0079, ALMA-5-0080-1 Y ALMA-5-0080-2 para revisión.",15_04_Comunic_Recibidas/2021/CI004_GP-14566_070401_CON_0998_EXP_FINAL.pdf
224,3,CONCESIÓN ALTO MAGDALENA S.A.S.,,CONSORCIO 4C,GP-14978,12/11/2021,Cumplimiento obligación pago servicio de seguimiento y control ambiental. Auto DRAM 0809 del 04/08/2021 (Rad. Int. ALMA-R-2021-1255 del 02/09/2021). Expediente 51829,15_04_Comunic_Recibidas/2021/CI004_GP-14978_070108_CON_1673_SEG_AUTO_DRAM_0809_EXP_51829.pdf
230,2,,,CONSORCIO 4C,GP-14838,08/10/2021,"Respuesta a su comunicación CI.004/GP9476/21/2.2 'Personal Interventoría', Cambio y presentación de Ingeniero Residente Técnico. Fase de Operación y Mantenimiento. Radicado ANI No. 20214091150712 de fecha 05 de octubre de 2021. Contrato de Interventoría 145 del 2014. Proyecto Girardot-Honda-Puerto Salgar. Consorcio 4C",15_04_Comunic_Recibidas/2021/CI004_GP-14838_020200_ANI_031630-1_APROB_HV_R_TECNICO.pdf
231,1,CONCESIÓN ALTO MAGDALENA S.A.S.,ALMA-2021-0133,CONSORCIO 4C,GP-13852,22/01/2021,Información sobre oficina para turismo ubicada en las áreas de servicio del Concesionario Km 18+500 y Km 80+500.,15_04_Comunic_Recibidas/2021/CI004_GP-13852_070104_CON_0133_OFICINA_TURISMO_K18+500_K80+500.pdf
232,2,CONCESIÓN ALTO MAGDALENA S.A.S.,ALMA-2021-0210,CONSORCIO 4C,GP-13914,03/02/2021,"Entrega soporte de pago por concepto de seguimiento a la autorización de ocupación de cauce, en cumplimiento a la obligación establecida en el Auto DRBM 0944 del 24 de diciembre de 2020.",15_04_Comunic_Recibidas/2021/CI004_GP-13914_070108_CON_0210_SOPORT_PAG_AUTO_DRAM_0944.pdf
234,4,Agencia Nacional de Infraestructura,,CONSORCIO 4C,GP-14797,29/09/2021,Respuesta a reclamación PQRS – ALMA-5-0193 – Rad 20214090997062 del 1 de septiembre de 2021 – Contrato de Concesión APP No 003 de 2014 – Proyecto de Infraestructura Vial Concesión Honda – Puerto Salgar – Girardot.,15_04_Comunic_Recibidas/2021/CI004_GP-14797_070401_ANI_030416-1_RTA_PQRS_JBARRAGAN.pdf
233,1,CONCESION ALTO MAGDALENA S.A.S.,,CONSORCIO 4C,GP-14990,18/11/2021,Respuesta Oficio DIV-C073-2021 - PQRS-UFS-2021-1123 del 17/11/2021 – Solicitud donación de refrigerios o regalos para los niños doradenses.,15_04_Comunic_Recibidas/2021/CI004_GP-14990_070109_CON_1693_SCTUD_DONA_REGALOS_NIÑOS.pdf
235,1,Logistica Movitram SAS,,CONSORCIO 4C,GP-14898,02/11/2021,SOLICITUD DE PASO UVP809,15_04_Comunic_Recibidas/2021/CI004_GP-14898_070300_MOVITRAM_SINNUMERO_SCTUD_PASO.pdf
236,2,CONCESION ALTO MAGDALENA S.A.S.,,CONSORCIO 4C,GP-14603,10/08/2021,Acuerdo mitigación de la pandemia del Covid-19 – Cobro Peajes.,15_04_Comunic_Recibidas/2021/CI004_GP-14603_070201_CON_1164_ACUERD_MITIGA_COVID19.pdf
238,6,CONCESION ALTO MAGDALENA S.A.S,,CONSORCIO 4C,GP-14173,22/04/2021,GCSP-F-009 Informe Mensual Recaudo de Peajes marzo de 2021.,15_04_Comunic_Recibidas/2021/CI004_GP-14173_070202_CON_0627_FOR_GCSP_F009_MAR21.pdf
237,2,CONCESION ALTO MAGDALENA S.A.S.,,CONSORCIO 4C,GP-14201,30/04/2021,"Entrega del soporte de pago por concepto del servicio de seguimiento y control a la autorización de ocupación de cauce, en cumplimiento a la obligación establecida en el Auto DRMC No. 0213 del 05 de abril de 2021. Expediente 51494.",15_04_Comunic_Recibidas/2021/CI004_GP-14201_070108_CON_0655_SOPORT_PAG_DRMC_0213.pdf
239,2,CONCESION ALTO MAGDALENA S.A.S.,,CONSORCIO 4C,GP-14135,12/04/2021,"Entrega soporte de pago permisos de cruce aéreo, otorgado mediante la Resolución 0016 del 21 de enero de 2016 y la Resolución 0021 del 29 de enero de 2016 de CORMAGDALENA.",15_04_Comunic_Recibidas/2021/CI004_GP-14135_070108_CON_0558_SOPORT_PAG_CRUCE_AEREO.pdf
240,2,Fiduciaria Bogotá S.A.,,CONSORCIO 4C,GP-14779,23/09/2021,INFORME MENSUAL- AGOSTO 2021 P.A. ALTO MAGDALENA 3-1 63664,15_04_Comunic_Recibidas/2021/CI004_GP-14779_070202_FBTA_SINNUMERO_INF_MEN_AGO21.pdf
241,1,CONCESION ALTO MAGDALENA S.A.S.,,CONSORCIO 4C,GP-13894,27/01/2021,GCSP-F-008 Informe Semestral de Inversión de Capital Privado Modo Carretero Segundo Semestre 2020.,15_04_Comunic_Recibidas/2021/CI004_GP-13894_070201_CON_0165_FOR_GCSP-F008_II_SEMEST.pdf
242,2,,,CONSORCIO 4C,GP-14202,30/04/2021,ESTADOS FINANCIEROS MES DE MARZO DE 2021 | PA 63664 ALTO MAGDALENA firmados,15_04_Comunic_Recibidas/2021/CI004_GP-14202_070202_FBTA_SINNUMERO_ESTAD_FINAN_MAR21.pdf
243,1,,,CONSORCIO 4C,GP-14195,28/04/2021,Derecho de Petición,15_04_Comunic_Recibidas/2021/CI004_GP-14195_070402_PMONTERO_SINNUMERO_DP_COMPRA.pdf
244,38,CONCESIONALTO MAGDALENA S.A.S.,,CONSORCIO 4C,GP-14886,26/10/2021,Respuesta comunicado CI.004/GP9502/21/7.1.9 (ALMA-R-2021-1520). Invasión espacio público por ocupantes irregulares en el sector de la Glorieta Purnio La Dorada–Caldas.,15_04_Comunic_Recibidas/2021/CI004_GP-14886_070109_CON_1565_INVASI_ESP_PUB_GLORIET_PURNIO.pdf
246,6,CONCESIÓN ALTO MAGDALENA S.A.S.,,CONSORCIO 4C,GP-14013,05/03/2021,"Reiterada solicitud retiro vendedores estacionarios, ubicadas en bienes de uso público en la vereda Camelias e Inspección de Guarinocito.",15_04_Comunic_Recibidas/2021/CI004_GP-14013_070109_CON_0394_RETIRO_VENDED_BIENES_USO_PUB.pdf
247,4,CONCESION ALTO MAGDALENA S.A.S.,,CONSORCIO 4C,GP-14738,15/09/2021,"Pagos FONSECON Ley 1106 de 2016, correspondiente al mes de agosto 2021.",15_04_Comunic_Recibidas/2021/CI004_GP-14738_070201_CON_1381_PAGOS_FONSECON_AGO21.pdf
245,4,CONCESION ALTO MAGDALENA S.A.S.,,CONSORCIO 4C,GP-14295,19/05/2021,"Respuesta Radicado ANI N° 20213050138271 – (Rad. Int. ALMA-R-2021-0599 - 11/05/2021) - Traslado comunicado Agencia Nacional de Seguridad Vial con radicado ANI N° 20214090492472 – Alcaldía Nariño, Cundinamarca.",15_04_Comunic_Recibidas/2021/CI004_GP-14295_070104_CON_0756_DP_ALCALDIA_NARIÑO.pdf
248,4,CONCESION ALTO MAGDALENA S.A.S.,,CONSORCIO 4C,GP-14782,23/09/2021,"Identificación realización eventos deportivos en el PR 2+00 RN 40 TL06 Vereda Topacio Municipio de Flandes, sin autorización del Instituto Nacional de Vías – INVIAS y la Agencia Nacional de Infraestructura-ANI.",15_04_Comunic_Recibidas/2021/CI004_GP-14782_070109_CON_1416_EVENT_DEPORTIV_PR2+00.pdf
249,4,CONCESION ALTO MAGDALENA S.A.S.,,CONSORCIO 4C,GP-13882,27/01/2021,Respuesta requerimientos Auto – DRAM No. 1065 del 3 de noviembre del 2020. Expediente: 60748,15_04_Comunic_Recibidas/2021/CI004_GP-13882_070108_CON_0169_AUTO_DRAM_1065_EXP_60748.pdf
251,1,Agencia Nacional de Infraestructura,2021603000067305,CONSORCIO 4C,GP-15031,25/11/2021,Invitación a capacitación de Arqueología: Versión 4 del modelo de datos para Programas de Arqueología Preventiva,15_04_Comunic_Recibidas/2021/CI004_GP-15031_070109_ANI_000069-4_CAPACITA_ARQUEOLOGIA.pdf
250,2,Agencia Nacional de Infraestructura,CI004/1690612415.3,CONSORCIO 4C,GP-14071,17/03/2021,"Notificación Periodo de Cura – Presunto Incumplimiento de la Obligación relacionada con el cercado de áreas adquiridas para el proyecto, contemplada en el literal (d) de la sección 3.1 – Apéndice Técnico 7 del Contrato de Concesión 003-2014. Contrato de Interventoría No. 145 de 2014 – Proyecto Girardot – Honda – Puerto Salgar.",15_04_Comunic_Recibidas/2021/CI004_GP-14071_050300_ANI_007811-1_PLAZO_CURA_CERCAS_PROYEC.pdf
252,1,CONCESION ALTO MAGDALENA S.A.S.,,CONSORCIO 4C,GP-14459,24/06/2021,Entrega del Informe semestral 4 de la Resolución 1082 del 13 de junio de 2018 UF 5.3 - Expediente LAV0068-00-2015 – ATV0788,15_04_Comunic_Recibidas/2021/CI004_GP-14459_070108_CON_0955_INF_SEM_N4_RESOL_1082.pdf
254,2,CONCESION ALTO MAGDALENA S.A.S.,,CONSORCIO 4C,GP-14578,04/08/2021,Cumplimiento obligación de pago Auto DRBM 0539 del 30 de junio de 2021 (Rad. Int. ALMA-R-2021-0885 del 1/07/2021). Expediente 52020,15_04_Comunic_Recibidas/2021/CI004_GP-14578_070108_CON_1136_PAGO_DRBM_0539.pdf
255,4,CONCESION ALTO MAGDALENA S.A.S.,,CONSORCIO 4C,GP-14238,06/05/2021,Queja por presencia de material granular proveniente de la escombrera del municipio de Girardot ubicada en el PR3+850 de la RN 4508,15_04_Comunic_Recibidas/2021/CI004_GP-14238_070109_CON_0689_MATERIAL_GRANULAR_PR3+850.pdf
253,2,CONCESIÓN ALTO MAGDALENA S.A.S.,,CONSORCIO 4C,GP-14751,08/09/2021,"Respuesta comunicación CI.004/GP9345/21/7.4.2 – (Rad. Int. ALMA-R-2021-1160) – 18/08/2021). Entrega expediente predial ALMA-4-0076, para revisión y aprobación de componente social.",15_04_Comunic_Recibidas/2021/CI004_GP-14751_070402_CON_1331_ENTREG_EXP_SOCIAL.pdf
256,8,CONCESION ALTO MAGDALENA S.A.S.,,CONSORCIO 4C,GP-15175,28/12/2021,Informe Semanal del 27 al 31 de diciembre de 2021 Eventos eximentes de responsabilidad reconocidos mediante actas del 6 de septiembre y 23 de noviembre de 2021.,15_04_Comunic_Recibidas/2021/CI004_GP-15175_050300-070400_CON_1891_INF_SEM_27-31_DIC_21_EER.pdf
257,1,Agencia Nacional de Infraestructura - ANI,,CONSORCIO 4C,GP-14420,21/06/2021,"Derecho de Petición ANI No. 20214090667602 - Tarifa Diferencial Peaje Guataquí - Proyecto Girardot – Honda – Puerto Salgar, Contrato de Interventoría 145 de 2014. Consorcio 4C.",15_04_Comunic_Recibidas/2021/CI004_GP-14420_070109-070301_ANI_018278-1_TARIF_PEAJ_GUATAQUI.pdf
258,2,Instituto Colombiano Agropecuario - ICA,,CONSORCIO 4C,GP-14911,03/11/2021,Traslado solicitud Instituto Colombiano Agropecuario – Radicado ANI 20214091232782 - Contrato de Concesión No 003 de 2014 – Proyecto Girardot-Honda-Puerto Salgar. Concesión Alto Magdalena S.A.S.,15_04_Comunic_Recibidas/2021/CI004_GP-14911_070109_ANI_034466-1_TRASLAD_SCTUD_ICA.pdf
260,4,CONCESIÓN ALTO MAGDALENA S.A.S.,,CONSORCIO 4C,GP-13978,22/02/2021,Informe Estado actual predios Municipio de Guaduas,15_04_Comunic_Recibidas/2021/CI004_GP-13978_070401_CON_0304_ESTAD_PREDIOS_GUADUAS.pdf
262,1,CONCESION ALTO MAGDALENA S.A.S.,,CONSORCIO 4C,GP-14641,20/08/2021,Entrega Informe de Cumplimiento Ambiental Biótico 15. Exp.: LAV0004-00-2016,15_04_Comunic_Recibidas/2021/CI004_GP-14641_070108_CON_1224_ICA_BIOTICO_15.pdf
261,2,CONCESION ALTO MAGDALENA S.A.S.,,CONSORCIO 4C,GP-14049,15/03/2021,Solicitud Cierre Plazo de Cura y respuesta comunicación CI.004/GP8959/21/5.3 (Rad. Int. ALMA-R-2021-0283 – 09/03/2021),15_04_Comunic_Recibidas/2021/CI004_GP-14049_050300_CON_0448_CIERRE_PLAZO_CURA.pdf
263,2,CONCESION ALTO MAGDALENA S.A.S.,,CONSORCIO 4C,GP-13943,11/02/2021,Respuesta Oficio CI.004/GP8873/21/5.3 - 04/02/2021 - Gestiones adelantadas en relación con el predio ALMA-4-0030.,15_04_Comunic_Recibidas/2021/CI004_GP-13943_070109-070404_CON_0253_GEST_PREDIO_4-0030.pdf
265,4,Agencia Nacional de Infraestructura,,CONSORCIO 4C,GP-14591,09/08/2021,Invitación a revisión de reclamaciones relacionadas con costos ociosos en virtud del acuerdo suscrito entre la Agencia Nacional de Infraestructura y los Concesionarios del modo de transporte carretero. Contrato 003 de 2014 – Proyecto Girardot – Honda – Puerto Salgar. Concesión Alto Magdalena S.A.S.,15_04_Comunic_Recibidas/2021/CI004_GP-14591_050300_ANI_024123-1_RECLAMA_COSTOS_OCIOSOS.pdf
264,1,CONCESION ALTO MAGDALENA S.A.S.,,CONSORCIO 4C,GP-14397,15/06/2021,Entrega segundo informe de compensaciones en cumplimiento del Auto DRMC 0210 del 5 de abril de 2021 (Rad. Int. ALMA-R-2021-0438). Expediente 62274,15_04_Comunic_Recibidas/2021/CI004_GP-14397_070108_CON_0898_CUMPLI_DRMC_0210_EXP_62274.pdf
259,1,CONCESION ALTO MAGDALENA S.A.S.,,CONSORCIO 4C,GP-14113,31/03/2021,Respuesta comunicado Radicado ANI No. 20213040019141 (rad. Int. ALMA-R-2021-0108). Solicitud Acta de Suspensión Resol. No. 387 del 11/03/2019.,15_04_Comunic_Recibidas/2021/CI004_GP-14113_070114_CON_0521_ACTA_SUSPEN_RESOL_387.pdf
266,14,CONCESION ALTO MAGDALENA S.A.S.,,CONSORCIO 4C,GP-14167,20/04/2021,"Respuesta comunicados ALMA-R-2020-1904, ALMA-R-2021-0142, ALMA-R-2020-1817, ALMA-R-2020-1858 y ALMA-R-2020-1499, requerimiento Mantenimiento de Áreas Contractuales (Estaciones Peaje y Pesaje)",15_04_Comunic_Recibidas/2021/CI004_GP-14167_070104_CON_0598_MANTENI_AREAS_CONTRACT.pdf
268,2,CONCESIÓN ALTO MAGDALENA S.A.S.,,CONSORCIO 4C,GP-14857,13/10/2021,Cumplimiento obligación artículo primero Auto DRAM No. 0977 del 2/09/2021 (Rad. Int. ALMA-R-2021-1445) Expediente 51843,15_04_Comunic_Recibidas/2021/CI004_GP-14857_070108_CON_1522_AUTO_DRAM_0977_EXP_51843.pdf
267,10,CONCESION ALTO MAGDALENA S.A.S.,,CONSORCIO 4C,GP-14098,29/03/2021,"Respuesta oficio CORPOCALDAS 2021-IE-00002453 (Rad. Int. ALMA-R-2021-0149 - 3/02/2021), atención PQR 20202-EI-00017162 caso 34712020, vereda Purnio – Kilometro 1 – sector la Humareda, municipio de La Dorada.",15_04_Comunic_Recibidas/2021/CI004_GP-14098_070108_CON_0515_PQR_VEREDA_PURNIO.pdf
269,1,,,CONSORCIO 4C,GP-14827,05/10/2021,"Remisión comunicado No. CI.004/GP9479/21/7.3.7 con radicado ANI No. 20214091147772 - Accidente con víctima fatal en la Unidad Funcional 2, PR8+752, Ruta Nacional 4508. Contrato de Concesión 003 de 2014 – Proyecto Girardot – Honda – Puerto Salgar. Concesión Alto Magdalena S.A.S.",15_04_Comunic_Recibidas/2021/CI004_GP-14827_070307_ANI_030988-1_ACCID_VICTIM_FATAL_PR8+752.pdf
270,2,,,CONSORCIO 4C,GP-15000,18/11/2021,"Respuesta a su comunicación CI.004/GP0482/21/2.2 'Personal Interventoría', Cambio y presentación de Director de Interventoría. Fase de Operación y Mantenimiento. Radicado ANI No. 20214091294942 de fecha 05 de noviembre de 2021. Contrato de Interventoría 145 del 2014. Proyecto Girardot-Honda-Puerto Salgar. Consorcio 4C",15_04_Comunic_Recibidas/2021/CI004_GP-15000_020200_ANI_036364-1_APROBA_HV_DIRECT_FMO.pdf
271,1,CONCESION ALTO MAGDALENA S.A.S.,,CONSORCIO 4C,GP-14164,05/04/2021,Informe ejecutivo avance ejecución predial y sabana de avalúos marzo 2021.,15_04_Comunic_Recibidas/2021/CI004_GP-14164_070401_CON_0530_INF_PREDIAL_MAR21.pdf
272,2,CONCESION ALTO MAGDALENA S.A.S.,,CONSORCIO 4C,GP-14390,15/06/2021,Remisión comprobante de pago intereses de mora liquidados al 28 de mayo de 2021 del permiso de cruce aéreo Resolución 0021 del 29 de enero de 2016.,15_04_Comunic_Recibidas/2021/CI004_GP-14390_070108_CON_0895_PERMISO_CRUCE_AEREO.pdf
273,1,CONCESIÓN ALTO MAGDALENA S.A.S.,,CONSORCIO 4C,GP-13872,22/01/2021,Respuesta comunicación CI.004/GP8769/20/7.4.6 (Rad. interno ALMA-R-2020-2341 del 29/12/2020) Entrega del expediente predial (Físico) ALMA-5-0107 para aprobación definitiva del Avalúo Comercial Corporativo.,15_04_Comunic_Recibidas/2021/CI004_GP-13872_070406_CON_0129_EXP_AVALUO.pdf
274,1,CONCESION ALTO MAGDALENA S.A.S.,,CONSORCIO 4C,GP-14882,25/10/2021,"Solicitud resultados indicadores de alto rendimiento (E1, E2, E4 y E5) primer y segundo semestre de 2020.",15_04_Comunic_Recibidas/2021/CI004_GP-14882_070303_CON_1556_INDICA_ALTO_RENDIMI_I_II_SEM.pdf
276,6,CONCESION ALTO MAGDALENA S.A.S.,,CONSORCIO 4C,GP-14569,03/08/2021,Cronograma entrega ITS – UF 5,15_04_Comunic_Recibidas/2021/CI004_GP-14569_050300_CON_1125_CRONOG_ENTREGA_ITS_UF5.pdf
275,1,CONCESIONARIA ALTO MAGDALENA S.A.S.,,CONSORCIO 4C,GP-14753,08/08/2021,"Respuesta comunicación CI.004/GP9379/21/7.4.1 - 25/08/2021 (Rad. Int. ALMA-R-2021-1218). Observaciones Expedientes Finales Prediales. Predios ALMA-5-0079, ALMA-5-0080-1 y ALMA-5-0080-2.",15_04_Comunic_Recibidas/2021/CI004_GP-14753_070401_CON_1333_EXP_FINAL.pdf
278,2,CONCESION ALTO MAGDALENA S.A.S.,,CONSORCIO 4C,GP-13785,06/01/2020,Entrega Registro consolidado de recuperación de espacio público a Diciembre de 2020.,15_04_Comunic_Recibidas/2021/CI004_GP-13785_070109_CON_0018_CONSOLID_RECUPE_ESPACIO_PUB.pdf
277,1,CONCESION ALTO MAGDALENA S.A.S.,,CONSORCIO 4C,GP-14846,08/10/2021,"Respuesta comunicación CI.004/GP9492/21/7.4.1 - 06/10/2021 (Rad. Int. ALMA-R-2021-1483). Observaciones Expedientes Finales Prediales ALMA-5-0079, ALMA-5-0080-1 y ALMA-5-0080-2.",15_04_Comunic_Recibidas/2021/CI004_GP-14846_070401_CON_1500_OBS_EXP_FINALES.pdf
279,2,CONCESION ALTO MAGDALENA S.A.S,,CONSORCIO 4C,GP-14003,04/03/2021,Entrega Registro consolidado de recuperación de espacio público Febrero 2021.,15_04_Comunic_Recibidas/2021/CI004_GP-14003_070109_CON_0345_RECUPE_ESPAC_PUB_FEB21.pdf
281,1,,,CONSORCIO 4C,GP-15074,,,15_04_Comunic_Recibidas/2021/CI004_GP-15074_070202_CON_1779_FOR_GCSP-F203_NOV21.pdf
282,2,,,CONSORCIO 4C,GP-14370,,,15_04_Comunic_Recibidas/2021/CI004_GP-14370_070109_CON_0841_EXP_SOCIAL.pdf
283,2,,,CONSORCIO 4C,GP-14215,,,15_04_Comunic_Recibidas/2021/CI004_GP-14215_070404_CON_0662_GEST_PREDIO_4-0030.pdf
284,1,,,CONSORCIO 4C,GP-13900,,,15_04_Comunic_Recibidas/2021/CI004_GP-13900_070500_CON_0194_INF_ANUALES_2020.pdf
286,2,,,CONSORCIO 4C,GP-14485,,,15_04_Comunic_Recibidas/2021/CI004_GP-14485_070104_ST_046793-1_INSPEC_NOCT_SETA.pdf
285,2,,,CONSORCIO 4C,GP-14039,,,15_04_Comunic_Recibidas/2021/CI004_GP-14039_070108_CON_0422_SIEMB_COMPENSA_EXP_62026.pdf
289,2,,,CONSORCIO 4C,GP-14904,,,15_04_Comunic_Recibidas/2021/CI004_GP-14904_070300_ANI_034213-1_SCTUD_INFO_QUEJA_RIOTAX.pdf
288,4,,,CONSORCIO 4C,GP-14413,,,15_04_Comunic_Recibidas/2021/CI004_GP-14413_070301_CON_0913_EVASION_PEAJ_GUATAQUI.pdf
287,1,,,CONSORCIO 4C,GP-14841,,,15_04_Comunic_Recibidas/2021/CI004_GP-14841_070109_CON_1506_FOR_SEG_PQRS_UF1.pdf
291,2,,,CONSORCIO 4C,GP-14429,,,15_04_Comunic_Recibidas/2021/CI004_GP-14429_070108_CON_0931_SIEMBRA_COMPENSA_62721.pdf
290,1,,,CONSORCIO 4C,GP-14869,,,15_04_Comunic_Recibidas/2021/CI004_GP-14869_070108_CON_1543_ENTREG_ICA_N9.pdf
292,2,,,CONSORCIO 4C,GP-13772,,,15_04_Comunic_Recibidas/2021/CI004_GP-13772_070115_ANI_039963-1_SOLICITUD_CENIT.pdf
295,2,,,CONSORCIO 4C,GP-15148,,,15_04_Comunic_Recibidas/2021/CI004_GP-15148_070108_CON_1855_CUMPLI_OBLIG_AUTO_DRAM_0681.pdf
294,4,,,CONSORCIO 4C,GP-14488,,,15_04_Comunic_Recibidas/2021/CI004_GP-14488_070300_CON_1013_INTERV_PAVI_UF4.pdf
293,6,,,CONSORCIO 4C,GP-14185,,,15_04_Comunic_Recibidas/2021/CI004_GP-14185_070108_ANI_011710-1_DESMANTELA_LA_CAJITA.pdf
297,2,,,CONSORCIO 4C,GP-15152,,,15_04_Comunic_Recibidas/2021/CI004_GP-15152_070108_CON_1865_ENTREG_INF_N6_RESOL_1082.pdf
296,2,,,CONSORCIO 4C,GP-14876,,,15_04_Comunic_Recibidas/2021/CI004_GP-14876_070202_FBTA_SINNUMERO_ALC_ESTAD_FINAN_SEP21.pdf
298,4,,,CONSORCIO 4C,GP-14979,,,15_04_Comunic_Recibidas/2021/CI004_GP-14979_070108_CON_1674_SEG_AUTO_DRAM_0810_EXP_51741.pdf
299,2,,,CONSORCIO 4C,GP-14805,,,15_04_Comunic_Recibidas/2021/CI004_GP-14805_050300_CON_1475_SEG_DAÑOS_TODO_RIESG.pdf
301,2,,,CONSORCIO 4C,GP-15057,,,15_04_Comunic_Recibidas/2021/CI004_GP-15057_070201-070401_CON_1758_MAYOR_VALOR_PAGADOS.pdf
300,4,,,CONSORCIO 4C,GP-14708,,,15_04_Comunic_Recibidas/2021/CI004_GP-14708_070500_CON_1335_REV_INF_MEN_JUL21.pdf
302,1,,,CONSORCIO 4C,GP-13880,,,15_04_Comunic_Recibidas/2021/CI004_GP-13880_090300_CON_0167_INF_TERMINA_UF5.pdf
303,1,ANI - Agencia Nacional de Infraestructura,,CONSORCIO 4C,GP-14540,25/07/2021,Respuesta a su comunicado No. ALMA-2021-1011 con radicado ANI No. 20214090816122 - Entrega Informe Gerencial Mensual N° 80 - Junio de 2021 - Contrato de Concesión 003 de 2014 - Proyecto Girardot - Honda - Puerto Salgar.,15_04_Comunic_Recibidas/2021/CI004_GP-14540_070500_ANI_022396-1_INF_MEN_N80_JUN21.pdf
304,1,CONCESIÓN ALTO MAGDALENA S.A.S.,,CONSORCIO 4C,GP-13795,06/01/2021,Solicitud certificación del valor de la Vivienda de Interés Social Prioritario.,15_04_Comunic_Recibidas/2021/CI004_GP-13795_070402_CON_0045_CERT_VALOR_VIVIENDA.pdf
306,1,CONCESION ALTO MAGDALENA S.A.S.,,CONSORCIO 4C,GP-14414,17/06/2021,Entrega Informe de Cumplimiento Ambiental Biótico 15. Expediente: LAV0004-00-2016.,15_04_Comunic_Recibidas/2021/CI004_GP-14414_070108_CON_0915_INF_CUMPLI_AMB_BIOTICO15.pdf
305,4,CONCESION ALTO MAGDALENA S.A.S.,,CONSORCIO 4C,GP-14598,10/08/2021,Informe de Mantenimiento Bienes de uso Público - GCSTP-F-001 Julio de 2021.,15_04_Comunic_Recibidas/2021/CI004_GP-14598_070202_CON_1165_FOR_GCSP-F001_JUL21.pdf
307,1,CONCESION ALTO MAGDALENA S.A.S.,,CONSORCIO 4C,GP-15163,22/12/2021,Solicitud protección bienes de uso público Km 0+980 y Km 2+010 Ruta Nacional 4510 Honda – La Dorada.,15_04_Comunic_Recibidas/2021/CI004_GP-15163_070109_CON_1875_PROT_BIEN_USO_PUB_DORADA.pdf
280,6,CONCESIÓN ALTO MAGDALENA S.A.S.,,CONSORCIO 4C,GP-14717,09/09/2021,GCSP-F-009 Informe Mensual Recaudo de Peajes del mes de agosto de 2021,15_04_Comunic_Recibidas/2021/CI004_GP-14717_070202_CON_1343_FOR_GCSP_F009_AGO21.pdf
310,2,CONCESION ALTO MAGDALENA S.A.S.,,CONSORCIO 4C,GP-14706,08/09/2021,Cierre compromisos PQRS-UFS-2020-0995 – reparación cercado predio Finca la Ponderosa.,15_04_Comunic_Recibidas/2021/CI004_GP-14706_070109_CON_1329_REPARA_CERCA_LA_PONDEROSA.pdf
308,1,,,CONSORCIO 4C,GP-14072,,,15_04_Comunic_Recibidas/2021/CI004_GP-14072_070401_CON_0469_EXP_FINAL.pdf
309,1,,,CONSORCIO 4C,GP-14935,,,15_04_Comunic_Recibidas/2021/CI004_GP-14935_070500_CON_1615_MEMOTEC_SEP21.pdf
311,6,,,CONSORCIO 4C,GP-13841,,,15_04_Comunic_Recibidas/2021/CI004_GP-13841_070108_CON_0109_REPOSI_AUTO_DRAM_1219.pdf
313,1,,,CONSORCIO 4C,GP-15106,,,15_04_Comunic_Recibidas/2021/CI004_GP-15106_070300_ANI_038935-1_ACTUAL_EVALUA_USUARIO.pdf
312,1,,,CONSORCIO 4C,GP-14100,,,15_04_Comunic_Recibidas/2021/CI004_GP-14100_050300_ANI_008701-1_PLAZO_CURA_SICC.pdf
315,2,,,CONSORCIO 4C,GP-14468,,,15_04_Comunic_Recibidas/2021/CI004_GP-14468_070108_CON_0975_APROVE_FORESTAL_PR47.pdf
314,1,,,CONSORCIO 4C,GP-14386,,,15_04_Comunic_Recibidas/2021/CI004_GP-14386_070111_VRF_SINNUMERO_SCTUD_PERMISO.pdf
319,4,,,CONSORCIO 4C,GP-14423,,,15_04_Comunic_Recibidas/2021/CI004_GP-14423_070201_CON_0909_PAGOS_FONSECON_MAY21.pdf
317,3,,,CONSORCIO 4C,GP-14026,,,15_04_Comunic_Recibidas/2021/CI004_GP-14026_070401_JPEDRAZA_SINNUMERO_DP_LEVANT_CAUTELAR.pdf
318,6,,,CONSORCIO 4C,GP-13907,,,15_04_Comunic_Recibidas/2021/CI004_GP-13907_090300_CON_0215_VIAS_INDUSTRIALES_UF5.4.pdf
321,4,,,CONSORCIO 4C,GP-14395,,,15_04_Comunic_Recibidas/2021/CI004_GP-14395_070109_CON_0902_PROTEC_FAJAS_PR48+00.pdf
320,4,,,CONSORCIO 4C,GP-14551,,,15_04_Comunic_Recibidas/2021/CI004_GP-14551_050300_CON_1096_PLAZO_CURA_SEG_DAÑOS.pdf
322,2,,,CONSORCIO 4C,GP-14319,,,15_04_Comunic_Recibidas/2021/CI004_GP-14319_070108_CON_0777_SOPORT_PAG_DRMC_0281.pdf
316,22,,,CONSORCIO 4C,GP-14502,,,15_04_Comunic_Recibidas/2021/CI004_GP-14502_070110_CON_1046_ACTUAL_PROTOCOLO.pdf
323,1,,,CONSORCIO 4C,GP-13846,,,15_04_Comunic_Recibidas/2021/CI004_GP-13846_070402_RMARTINEZ_SINNUMERO_DP_RAD_9120301677.pdf
325,2,,,CONSORCIO 4C,GP-14692,,,15_04_Comunic_Recibidas/2021/CI004_GP-14692_070108_CON_1299_AUTO_DRAM_0700_EXP_52132.pdf
326,4,,,CONSORCIO 4C,GP-14181,,,15_04_Comunic_Recibidas/2021/CI004_GP-14181_070401_ANI_011735-1_TRANSFERE_AREAS_REQ.pdf
324,1,,,CONSORCIO 4C,GP-15065,,,15_04_Comunic_Recibidas/2021/CI004_GP-15065_050300_ANI_037850-1_EER_E3_E6_NPH.pdf
327,1,,,CONSORCIO 4C,GP-14398,,,15_04_Comunic_Recibidas/2021/CI004_GP-14398_070108_CON_0899_CUMPLI_DRMC_0212_EXP_51955.pdf
328,1,,,CONSORCIO 4C,GP-13928,,,15_04_Comunic_Recibidas/2021/CI004_GP-13928_070401_CON_0221_EXP_PREDIAL.pdf
329,2,,,CONSORCIO 4C,GP-14380,,,15_04_Comunic_Recibidas/2021/CI004_GP-14380_070109_CON_0887_RECUPE_ESPACIO_PUB.pdf
330,2,,,CONSORCIO 4C,GP-13949,,,15_04_Comunic_Recibidas/2021/CI004_GP-13949_050300_CON_0266_OBS_POLIZAS.pdf
331,1,,,CONSORCIO 4C,GP-14256,,,15_04_Comunic_Recibidas/2021/CI004_GP-14256_070108_CON_0716_OCUPA_CAUCE_EXP_52291.pdf
332,1,,,CONSORCIO 4C,GP-14812,,,15_04_Comunic_Recibidas/2021/CI004_GP-14812_070300_MOVITRAM_SINNUMERO_SCTUD_PASO_VEHICULO.pdf
334,3,,,CONSORCIO 4C,GP-14037,,,15_04_Comunic_Recibidas/2021/CI004_GP-14037_070104-070109_JGONZALEZ_SINNUMERO_REUBICA_H.pdf
333,4,,,CONSORCIO 4C,GP-14884,,,15_04_Comunic_Recibidas/2021/CI004_GP-14884_070108_CON_1563_RTA_ANLA_2021221959-2-000.pdf
336,1,,,CONSORCIO 4C,GP-13806,,,15_04_Comunic_Recibidas/2021/CI004_GP-13806_070109_CON_0053_RECTIFI_INFO_NOTICIA.pdf
338,2,,,CONSORCIO 4C,GP-13811,,,15_04_Comunic_Recibidas/2021/CI004_GP-13811_050300_CON_3134_POLIZA_TODO_RIESG.pdf
337,2,,,CONSORCIO 4C,GP-14899,,,15_04_Comunic_Recibidas/2021/CI004_GP-14899_070114_ANI_033948-1_PERMISO_USO_UFINET.pdf
335,4,,,CONSORCIO 4C,GP-15149,,,15_04_Comunic_Recibidas/2021/CI004_GP-15149_070108_CON_1856_ASPECT_IMPAC_AMB_O&M.pdf
339,2,,,CONSORCIO 4C,GP-14689,,,15_04_Comunic_Recibidas/2021/CI004_GP-14689_070104_CON_1305_URG_INTERV_PATOLOG_NPH.pdf
342,4,,,CONSORCIO 4C,GP-14286,,,15_04_Comunic_Recibidas/2021/CI004_GP-14286_070109_CON_0753_PROTE_BIENES_USO_PUB_PR29.pdf
340,2,,,CONSORCIO 4C,GP-14896,,,15_04_Comunic_Recibidas/2021/CI004_GP-14896_090200_ANI_033629-1_APROBA_INF_N83.pdf
341,1,,,CONSORCIO 4C,GP-14931,,,15_04_Comunic_Recibidas/2021/CI004_GP-14931_070108_CON_1614_LEV_TOPO_DINAMARCA.pdf
343,2,,,CONSORCIO 4C,GP-14332,,,15_04_Comunic_Recibidas/2021/CI004_GP-14332_070104_CON_0795_ESPACIO_PUB_PR00+000.pdf
345,1,,,CONSORCIO 4C,GP-14913,,,15_04_Comunic_Recibidas/2021/CI004_GP-14913_010000_ANI_034483-1_REMISION_OTROSI_N6.pdf
344,4,,,CONSORCIO 4C,GP-14951,,,15_04_Comunic_Recibidas/2021/CI004_GP-14951_070202_CON_1642_FOR_GCSP_F208_OCT21.pdf
346,1,,,CONSORCIO 4C,GP-14392,,,15_04_Comunic_Recibidas/2021/CI004_GP-14392_070109_ANI_017918-1_DP_FBRAVO.pdf
347,2,CONCESION ALTO MAGDALENA S.A.S.,,CONSORCIO 4C,GP-14925,05/11/2021,Cumplimiento obligación artículo primero Auto DRAM No. 0894 del 18/08/2021 (Rad. Int. ALMA-R-2021-1249) Expediente 51862,15_04_Comunic_Recibidas/2021/CI004_GP-14925_070108_CON_1604_AUTO_DRAM_0894_EXP_51862.pdf
349,1,CONCESION ALTO MAGDALENA S.A.S.,,CONSORCIO 4C,GP-14761,16/09/2021,Respuesta oficio ANLA No. 2021180279-2-000 (Radicado interno ALMA-R-2021-1211 del 28/08/2021). Ajuste información geográfica del Informe de Cumplimiento Ambiental ICA No. 7. Expediente LAV0068-00-2015.,15_04_Comunic_Recibidas/2021/CI004_GP-14761_070108_CON_1389_INF_GEOGRAFICA_ICA_N07_.pdf
348,6,,,CONSORCIO 4C,GP-14203,29/04/2021,Respuesta a comunicado No. CI.004/GP8923/21/5.3 con radicado ANI No. 20214090207362 – Solicitud solución controversia tramos viales entregados – Contrato de Interventoría 145 de 2014 - Proyecto Girardot - Honda - Puerto Salgar.,15_04_Comunic_Recibidas/2021/CI004_GP-14203_070104_ANI_012612-1_TRAMOS_VIALES.pdf
350,2,CONCESION ALTO MAGDALENA S.A.S.,,CONSORCIO 4C,GP-14257,12/05/2021,Respuesta comunicado Radicado ANI No. 20213050136081 (Rad. Int. ALMA-R-2021-0587). Traslado del comunicado No. 32954 por parte del INVIAS a la ANI – Pbro. Carlos Omar Barreto Sandoval – Solicitud Informe de Accidentes de Tránsito del 10 de marzo de 2020 No. C-001091929.,15_04_Comunic_Recibidas/2021/CI004_GP-14257_070104_CON_0710_DP_CBARRETO.pdf
351,1,CONCESION ALTO MAGDALENA S.A.S.,,CONSORCIO 4C,GP-14379,09/06/2021,Entrega Informe Gerencial Mensual N° 79 - Mayo de 2021,15_04_Comunic_Recibidas/2021/CI004_GP-14379_070500_CON_0886_INF_MEN_N79_MAY21.pdf
353,1,CONCESIONARIO ALTO MAGDALENA S.A.S.,,CONSORCIO 4C,GP-14448,23/06/2021,"Respuesta Comunicado No. CI.004/GP9145/21/7.3.3 (rad. Int. ALMA-R-2021-0697). Visita de Inspección Superintendencia de Puertos y Transporte 19, 20 y 21 de mayo de 2021.",15_04_Comunic_Recibidas/2021/CI004_GP-14448_070303_CON_0947_VISITA_INSPEC_SUPER.pdf
352,2,,,CONSORCIO 4C,GP-14605,09/08/2021,Solicitud estado de cargue información desagregada de tráfico en la plataforma ANISCOPIO. Contrato 003 de 2014 – Proyecto Girardot – Honda – Puerto Salgar. Concesión Alto Magdalena S.A.S.,15_04_Comunic_Recibidas/2021/CI004_GP-14605_070301_ANI_024234-1_CARG_INFO_ANISCOPIO.pdf
354,40,CONCESION ALTO MAGDALENA S.A.S.,,CONSORCIO 4C,GP-14794,30/09/2021,Remisión Póliza de responsabilidad Civil Extracontractual No. 802011852 vigencia 30-09-2021 a 30-09-2022.,15_04_Comunic_Recibidas/2021/CI004_GP-14794_050300_CON_1464_REMIS_POLIZA_RCE.pdf
355,4,AgroTransportar S.A.S.,,CONSORCIO 4C,GP-14934,06/11/2021,AUTORIZACION DE PASO DE CAMBAO A GIRARDOT,15_04_Comunic_Recibidas/2021/CI004_GP-14934_070300_AGROTRANSPORTAR_SINNUMERO_SCTUD_PASO.pdf
358,2,CONCESION ALTO MAGDALENA S.A.S.,CI004/ep9680/21/7.1-4.10,CONSORCIO 4C,GP-15138,16/12/2021,Entrega soportes correspondientes a Pagos de Seguridad Social octubre 2021 y Pago de Salarios septiembre de 2021.,15_04_Comunic_Recibidas/2021/CI004_GP-15138_070110_CON_1846_PAG_SEGYSAL_OCT_SEP.pdf
357,1,CONCESION ALTO MAGDALENA S.A.S.,,CONSORCIO 4C,GP-13867,20/01/2020,Respuesta comunicado CI.004/GP8792/21/7.1.10 (Rad. Int. ALMA-R-2021-0026 del 8/01/2021) Solicitud de Información / Seguridad Social agosto y salarios julio 2020.,15_04_Comunic_Recibidas/2021/CI004_GP-13867_070110_CON_0107_INFO_SEGYSAL_AGO_JUL.pdf
356,12,CONCESION ALTO MAGDALENA S.A.S.,,CONSORCIO 4C,GP-14184,26/04/2021,Respuesta comunicado CI.004/GP8984/21/5.3 (Rad. Int. ALMA-R-2021-0330). Solicitud No objeción Plazo de Cura. Incumplimiento relacionado con las Especificaciones Técnicas de la Unidad Funcional 3.,15_04_Comunic_Recibidas/2021/CI004_GP-14184_050300_CON_0633_PLAZO_CURA_ESP_TEC_UF3.pdf
359,1,Agencia Nacional de Infraestructura,,CONSORCIO 4C,GP-14651,25/08/2021,"Respuesta a su comunicado No. ALMA-2021-1204, con radicado ANI No. 20214090939362 - Comunicado No. CI.004/GP9374/21/5.3 con radicado ANI No. 20214090939362 - Actualización Póliza Todo Riesgo Obra Civil. Respuesta ALMA-2021-1204. - Proyecto Girardot – Honda – Puerto Salgar, Contrato de Concesión 003 de 2014. Alto Magdalena S.A.S.",15_04_Comunic_Recibidas/2021/CI004_GP-14651_050300_ANI_026108-1_ACTUAL_POLIZA_TODO_RIESG.pdf
361,4,CONCESION ALTO MAGDALENA S.A.S.,,CONSORCIO 4C,GP-13921,08/02/2021,Respuesta Oficio del 21/01/2021 – “Solicitud de respuesta al derecho de petición con radicado No 9120301677 del 25 de agosto de 2020”,15_04_Comunic_Recibidas/2021/CI004_GP-13921_070109_CON_0232_RTA_DP_RMARTINEZ.pdf
360,2,,,CONSORCIO 4C,GP-14826,05/10/2021,"Respuesta a su comunicación CI.004/9427/21/2.2 'Personal Interventoría', Cambio y presentación de Profesional Predial. Fase de Operación y Mantenimiento. Radicado ANI No. 2021-409-106095-2 de fecha 15 de septiembre de 2021. Contrato de Interventoría 145 del 2014. Proyecto Girardot Honda Puerto Salgar. Consorcio 4C",15_04_Comunic_Recibidas/2021/CI004_GP-14826_020200_ANI_030987-1_APROBA_HV_PROF_PREDIAL.pdf
362,2,,,CONSORCIO 4C,GP-15060,01/12/2021,Comunicado ALMA-2021-1738 con radicado ANI No. 20214091389882 – Instalación de cercas en Pasos Urbanos y Centros Poblados – Contrato de Interventoría 145 de 2014 - Proyecto Girardot - Honda - Puerto Salgar. Consorcio 4C.,15_04_Comunic_Recibidas/2021/CI004_GP-15060_050300-070401_ANI_037854-1_CERCAS_PASOS_URBAN.pdf
363,4,CONCESION ALTO MAGDALENA S.A.S.,CI00469350217.2.2,CONSORCIO 4C,GP-14599,10/08/2021,GCSP-F-009 Informe Mensual Recaudo de Peajes del mes de julio de 2021,15_04_Comunic_Recibidas/2021/CI004_GP-14599_070202_CON_1166_FOR_GCSP_F009_JUL21.pdf
364,1,CONCESION ALTO MAGDALENA S.A.S.,,CONSORCIO 4C,GP-14977,16/11/2021,Estados financieros no auditados y sus revelaciones con corte al 30 de Septiembre de 2021.,15_04_Comunic_Recibidas/2021/CI004_GP-14977_070202_CON_1687_ESTAD_FINAN_NO_AUDITA_SEP21.pdf
365,2,CONCESION ALTO MAGDALENA S.A.S.,,CONSORCIO 4C,GP-14041,12/03/2021,Aclaración comunicación ALMA-2020-2905 radicado CAR 20211003198 del 15/01/2021 y solicitud de visita técnica al área de siembra de obligación ambiental compensatoria. Expediente 51981,15_04_Comunic_Recibidas/2021/CI004_GP-14041_070108_CON_0424_SIEMB_COMPENSA_EXP_51981.pdf
367,1,CONCESION ALTO MAGDALENA S.A.S.,CI004/GP94341217.2-10,CONSORCIO 4C,GP-14712,08/09/2021,"Remisión de Actas de retribución de la UF 1, UF 3 y UF 4 del mes de julio de 2021.",15_04_Comunic_Recibidas/2021/CI004_GP-14712_070201_CON_1338_ACT_RETRIB_UF1_3_4_JUL21.pdf
366,1,,,CONSORCIO 4C,GP-14623,19/08/2021,"Remisión comunicado No. CI.004/GP9342/21/7.3.7 con radicado ANI No. 20214090930482 - Accidente con víctima fatal en la Unidad Funcional 3, PR63+130, Ruta Nacional 4508, Contrato de Concesión 003 de 2014 – Proyecto Girardot – Honda – Puerto Salgar. Concesión Alto Magdalena S.A.S.",15_04_Comunic_Recibidas/2021/CI004_GP-14623_070307_ANI_025068-1_ACCID_VICTIMA_FATAL_UF3.pdf
369,1,CONCESIÓN ALTO MAGDALENA S.A.S.,,CONSORCIO 4C,GP-13854,22/01/2021,Información sobre oficina para turismo ubicada en las áreas de servicio del Concesionario Km 18+500 y Km 80+500.,15_04_Comunic_Recibidas/2021/CI004_GP-13854_070104_CON_0135_OFICINA_TURISMO_K18+500_K80+500.pdf
368,4,Agencia Nacional de Infraestructura,,CONSORCIO 4C,GP-14099,25/03/2021,Respuesta a su comunicado No. CI.004/GP8478/20/5.3 con radicado ANI No 2020409040152 del 25 de septiembre de 2020 – “No Objeción Plazo de Cura” por el presunto incumplimiento de la obligación relacionada con la calidad de los Avalúos Comerciales Corporativos. Incumplimiento a que hace alusión al literal “(g)” de la Sección 6.1 de la Parte Especial del Contrato de Concesión. Contrato de Interventoría No. 145 de 2014 – Proyecto Girardot – Honda – Puerto Salgar.,15_04_Comunic_Recibidas/2021/CI004_GP-14099_050300_ANI_008650-1_PLAZO_CURA_AVALUOS.pdf
370,1,CONCESION ALTO MAGDALENA S.A.S.,,CONSORCIO 4C,GP-14604,11/08/2021,Informe trimestral Socio - Ambiental 27 - Componente Social,15_04_Comunic_Recibidas/2021/CI004_GP-14604_070109_CON_1173_INF_TRIM_SOCIAL_N27.pdf
371,2,CONCESION ALTO MAGDALENA S.A.S.,,CONSORCIO 4C,GP-14855,15/10/2021,Cumplimiento obligación artículo primero Auto DRAM No. 0895 del 18/08/2021 (Rad. Int. ALMA-R-2021-1271) Expediente 51852,15_04_Comunic_Recibidas/2021/CI004_GP-14855_070108_CON_1520_AUTO_DRAM_0895_EXP_51852.pdf
372,2,CONCESION ALTO MAGDALENA S.A.S.,,CONSORCIO 4C,GP-14347,28/05/2021,"Solicitud modificación obligación ambiental Resolución 0193 del 20 de junio de 2018, modificada con Resolución 0202 del 28 de junio de 2018. Expediente: 68855",15_04_Comunic_Recibidas/2021/CI004_GP-14347_070108_CON_0838_MODIF_OBLIG_AMB_EXP_68855.pdf
374,1,CONCESION ALTO MAGDALENA S.A.S.,,CONSORCIO 4C,GP-13979,22/02/2021,"Alcance certificado radicado el 10 de febrero 2021, GCSP-F-001 Informe de Mantenimiento de Bienes de uso Público del mes de Enero de 2021.",15_04_Comunic_Recibidas/2021/CI004_GP-13979_070202_CON_0305_ALC_FOR_GCSP_F001_ENE21.pdf
373,1,Agencia Nacional de Infraestructura,,CONSORCIO 4C,GP-15072,01/12/2021,"Remisión comunicado INVIAS No. SGI 62374 con radicado ANI No. 20214091317792 – Respuesta comunicados No. ALMA-2021-1320 del 6 de septiembre de 2021 y No. ALMA-2021-1083 del pasado 22 de julio de 2021, en el cual manifiestan fallas en equipos receptores de información provenientes de la instrumentación del Nuevo Puente de Honda. Contrato de Concesión 003 de 2014 – Proyecto Girardot – Honda – Puerto Salgar. Concesión Alto Magdalena S.A.S.",15_04_Comunic_Recibidas/2021/CI004_GP-15072_070104_ANI_037970-1_INSTRUMENTA_NPH.pdf
375,1,Fiscalía General de la Nación,,CONSORCIO 4C,GP-14368,03/06/2021,Solicitud videos cámaras de seguridad. Referencia: 110016101412202009257.,15_04_Comunic_Recibidas/2021/CI004_GP-14368_070300_EOCHOA_056-2021_SCTUD_VIDEOS.pdf
376,1,ANI - Agencia Nacional de Infraestructura,,CONSORCIO 4C,GP-13825,08/01/2021,"Segunda solicitud concepto técnico para el permiso de uso, la ocupación y la intervención temporal de la infraestructura vial presentado por ALCANOS DE COLOMBIA S.A. E.S.P. Proyecto vial Girardot – Honda – Puerto Salgar.",15_04_Comunic_Recibidas/2021/CI004_GP-13825_070114_ANI_000530-1_SCTUD_PERMI_ALCANOS.pdf
378,1,Fiduciaria Bogotá,,CONSORCIO 4C,GP-15026,22/11/2021,SOPORTES DE INTERVENTORIA DEL PRIMER SEMESTRE DE 2021. FIDEICOMISO FIDUBOGOTA–CONCESION ALTO MAGDALENA 3-1-63664,15_04_Comunic_Recibidas/2021/CI004_GP-15026_070201_FBTA_006531_SOPORTES_INTERV_ISEM_21.pdf
379,2,,,CONSORCIO 4C,GP-14648,25/08/2021,Solicitud actualización de Pólizas Contrato de Interventoría – Contrato de Interventoría 145 de 2014 - Proyecto Girardot - Honda - Puerto Salgar. Consorcio 4C.,15_04_Comunic_Recibidas/2021/CI004_GP-14648_010400_ANI_026109-1_ACTUALIZA_POLIZAS.pdf
377,4,Freyssinet Tierra Armada S.A.S,,CONSORCIO 4C,GP-14254,09/05/2021,Comunicado por parte de la Empresa Freyssinet Tierra Armada S.A.S con radicado ANI N° 20214090496962 – Solicitud a la Concesión Alto Magdalena la respuesta al acta de liquidación contrato D-073-2016. – Proyecto Girardot – Honda – Puerto Salgar – Contrato de Concesión No 003/2014.,15_04_Comunic_Recibidas/2021/CI004_GP-14254_050300_ANI_013878-1_ACTA_LIQUIDA_D-073-2016.pdf
380,1,,,CONSORCIO 4C,GP-14543,24/07/2021,Comunicado No. CI.004/GP9277/21/7.1.4 con radicado ANI No. 20214090806562; Requerimiento Estudios & Diseños Obras estabilización PR66+820 - UF3.- Contrato de Concesión 003 de 2014 - Proyecto Girardot - Honda - Puerto Salgar.,15_04_Comunic_Recibidas/2021/CI004_GP-14543_070104_ANI_022394-1_ESTUD_DISEÑ_PR66+820.pdf
382,1,CONCESIÓN ALTO MAGDALENA S.A.S.,,CONSORCIO 4C,GP-13793,06/01/2021,Solicitud certificación del valor de la Vivienda de Interés Social Prioritario.,15_04_Comunic_Recibidas/2021/CI004_GP-13793_070402_CON_0043_CERT_VALOR_VIVIENDA.pdf
381,8,CONCESIONARIO ALTO MAGDALENA S.A.S.,,CONSORCIO 4C,GP-14273,14/05/2021,"Respuesta comunicado CI.004/GP9098/21/7.3.3, con radicado interno No... ALMA-R-2021-0600 'Resultados de medición de niveles de Servicio abril de 2021'",15_04_Comunic_Recibidas/2021/CI004_GP-14273_070303_CON_0735_NIVEL_SERV_ABR21.pdf
383,1,ANI - Agencia Nacional de Infraestructura,,CONSORCIO 4C,GP-14458,24/06/2021,"Segundo solicitud concepto técnico para el permiso de uso, la ocupación y la intervención temporal de la infraestructura vial presentado por LUIS GUILLERMO MONTAÑA. Proyecto vial Girardot – Honda – Puerto Salgar. Al responder, favor citar Expediente: 20213040280200193E.",15_04_Comunic_Recibidas/2021/CI004_GP-14458_070114_ANI_019016-1_PERM_OCUP_LMONTAÑA.pdf
384,1,,,CONSORCIO 4C,GP-14341,31/05/2021,Solicitud remisión concepto integral frente la solicitud de la Concesión Alto Magdalena S.A.S en referencia al Evento Eximente de Responsabilidad por imposibilidad de la elaboración de insumos de cuatro predios en el Municipio de Guaduas. Contrato de Interventoría No. 145 de 2014 – Proyecto Girardot – Honda – Puerto Salgar.,15_04_Comunic_Recibidas/2021/CI004_GP-14341_050300_ANI_015920-1_EER_PREDIOS_GUADUAS.pdf
385,1,CONCESIONARIO ALTO MAGDALENA S.A.S.,,CONSORCIO 4C,GP-13993,01/03/2021,Entrega Formato ANI-GCSP-F-203 Informe Ejecutivo – febrero de 2021,15_04_Comunic_Recibidas/2021/CI004_GP-13993_070201-070109_CON_0335_FOR_GCSP_F203_FEB21.pdf
386,1,CONCESION ALTO MAGDALENA S.A.S,,CONSORCIO 4C,GP-13968,18/02/2021,"Respuesta oficio 04212000276 (Rad. Int. ALMA-R-2021-0154 del 5/02/2021). Solicitud copias expedientes 61460, 70404, 70405 y 70407",15_04_Comunic_Recibidas/2021/CI004_GP-13968_070108_CON_0283_SCTUD_EXP_61460_70404_70405_70407.pdf
387,2,CONCESION ALTO MAGDALENA S.A.S.,,CONSORCIO 4C,GP-15087,06/12/2021,Cumplimiento obligación pago servicio de seguimiento y control ambiental. Auto DRAM 03216000976 del 02/09/2021 (Rad. Int. ALMA-R-2021-1450 del 04/10/2021). Expediente 51848,15_04_Comunic_Recibidas/2021/CI004_GP-15087_070108_CON_1790_PAG_SERV_AMB_EXP_51848.pdf
388,2,Agencia Nacional de Infraestructura,,CONSORCIO 4C,GP-14809,03/10/2021,Solicitud concepto sobre el comunicado No. ALMA-2021-1464 con radicado ANI No. 20214091133162 – Remisión Póliza de responsabilidad Civil Extracontractual No. 802011852 vigencia 30-09-2021 a 30-09-2022. – Contrato de Interventoría 145 de 2014 - Proyecto Girardot - Honda - Puerto Salgar. Consorcio 4C.,15_04_Comunic_Recibidas/2021/CI004_GP-14809_050300_ANI_030811-1_REMIS_POLIZA_RCE.pdf
389,4,CONCESION ALTO MAGDALENA S.A.S.,,CONSORCIO 4C,GP-14018,05/03/2021,"Respuesta cuadro VERIFICACIÓN DEL CUMPLIMIENTO AL APÉNDICE TÉCNICO 5 – INTERFERENCIA CON REDES # 17 Entrega final de las redes trasladadas y/o protegidas a los respectivos operadores, cumpliendo con los procedimientos establecidos y se cierren los convenios, para recibir paz y salvo de las empresas.",15_04_Comunic_Recibidas/2021/CI004_GP-14018_070115_CON_0401_VERIFI_APT_5_REDES.pdf
390,2,CONCESION ALTO MAGDALENA S.A.S.,,CONSORCIO 4C,GP-14272,14/05/2021,Siembra compensaciones. Expediente 62378,15_04_Comunic_Recibidas/2021/CI004_GP-14272_070108_CON_0734_SIEMB_COMPENS_EXP_62378.pdf
391,2,CONCESION ALTO MAGDALENA S.A.S.,,CONSORCIO 4C,GP-14718,09/09/2021,"Respuesta oficio Interventoría CI.004/GP9316/21/7.2.2 (Rad.ALMA-R-2021-1076) Entrega de Información aclaratoria Pagos Subcuenta Compensaciones Ambientales, corte a jun/2021, y CI.004/9409/21/5.3 (Rad ALMA-R-2021-1307) Incumplimiento Obligación entrega Información aclaratoria pagos subcuenta compensaciones ambientales.",15_04_Comunic_Recibidas/2021/CI004_GP-14718_070202_CON_1341_INF_ACLARA_PAG_SUBCTA_AMB.pdf
392,6,CONCESION ALTO MAGDALENA S.A.S.,,CONSORCIO 4C,GP-15113,10/12/2021,"Informe Semanal del 6 al 10 de diciembre de 2021 - Evento eximente de responsabilidad predios ALMA-5-0253, ALMA-5-0254, ALMA-5-0258 y ALMA-5-0259",15_04_Comunic_Recibidas/2021/CI004_GP-15113_050300-070400_CON_1823_EER_PREDIOS.pdf
393,4,Agencia Nacional de Infraestructura,,CONSORCIO 4C,GP-13947,11/02/2021,Respuesta solicitud Radicadoo 20214090119262 - Contrato de Concesión APP No. 003 de 2014 – Proyecto Vial Honda – Puerto Salgar – Girardot.,15_04_Comunic_Recibidas/2021/CI004_GP-13947_070401_ANI_003743-1_RTA_RAD_20214090119262.pdf
394,1,ALTO MAGDALENA S.A.S,,CONSORCIO 4C,GP-14242,03/05/2021,"Respuesta comunicación CI.004/GP9067/207.4.1 (Rad. interno ALMA-R-2021-0511 del 27/04/2021). Entrega de los expedientes ALMA-2-0158, ALMA-4-0062 Y ALMA-5-0255 para aprobación de Actualización insumos prediales.",15_04_Comunic_Recibidas/2021/CI004_GP-14242_070401_CON_0660_EXP_PREDIAL.pdf
396,1,CONCESION ALTO MAGDALENA S.A.S.,,CONSORCIO 4C,GP-14695,03/08/2021,Memoria Técnica Mes de julio de 2021,15_04_Comunic_Recibidas/2021/CI004_GP-14695_070500_CON_1311_MEMOTEC_JUL21.pdf
395,2,CONCESIÓN ALTO MAGDALENA S.A.S.,,CONSORCIO 4C,GP-14760,16/09/2021,Comunicación gestión de predios y proyección de inicio de compensaciones ambientales de la Unidad Funcional 1. Expediente ANLA LAV0063-00-2015,15_04_Comunic_Recibidas/2021/CI004_GP-14760_070108_CON_1385_INICIO_COMPENSA_AMB_UF1.pdf
398,1,CONCESIÓN ALTO MAGDALENA S.A.S.,,CONSORCIO 4C,GP-13857,22/01/2021,Información sobre oficina para turismo ubicada en las áreas de servicio del Concesionario Km 18+500 y Km 80+500.,15_04_Comunic_Recibidas/2021/CI004_GP-13857_070104_CON_0139_OFICINA_TURISMO_K18+500_K80+500.pdf
397,2,CONCESION ALTO MAGDALENA S.A.S.,,CONSORCIO 4C,GP-14887,26/10/2021,Respuesta PQRS UF4 2021 588 - 08/10/2021 - Queja por mal proceso atención vehículo recalentado de placas JCR 691 en evento ocurrido el 17/09/2021.,15_04_Comunic_Recibidas/2021/CI004_GP-14887_070109_CON_1560_QUEJA_VEHICULO_JCR691.pdf
400,1,CONCESION ALTO MAGDALENA S.A.S.,,CONSORCIO 4C,GP-13843,20/01/2021,GCSP-F-001 Informe de Mantenimiento de Bienes de uso Público Dic. 2020.,15_04_Comunic_Recibidas/2021/CI004_GP-13843_070202_CON_0118_FOR_GCSP-F001_DIC20.pdf
402,2,CONCESION ALTO MAGDALENA S.A.S.,,CONSORCIO 4C,GP-14237,06/05/2021,Solicitud inicio proceso administrativo por material particulado proveniente de las plantas de materiales MINPRECO.,15_04_Comunic_Recibidas/2021/CI004_GP-14237_070109_CON_0688_PROCESO_ADMIN_MINPRECO.pdf
399,4,CONCESIÓN ALTO MAGDALENA S.A.S.,,CONSORCIO 4C,GP-14106,30/03/2021,"Respuesta comunicado CI.004/GP8919/21/5.3-9.3 (Rad. Int. ALMA-R-2021-0212) - Estado Correcciones y Complementos Pendientes UF5 Revisión 2"" Cierre pendientes por elementos de contención, accesos, pasos peatonales y andenes Unidad Funcional 5.2 y 5.4.",15_04_Comunic_Recibidas/2021/CI004_GP-14106_050300-090300_CON_0517_ESTAD_PDTES_UF5.pdf
401,1,CONCESIÓN ALTO MAGDALENA S.A.S.,,CONSORCIO 4C,GP-13808,07/01/2021,"Respuesta Oficio CI.004/GP8778/20/7.4.1, (rad. Int. ALMA-R-2020-2356 del 30/12/2020) - Provisión de Servicios Públicos ALMA-2-0116 (PQRS-UF2-2020-476)",15_04_Comunic_Recibidas/2021/CI004_GP-13808_070401_CON_0052_PROVI_SERV_PUB_2-0116.pdf
404,2,,,CONSORCIO 4C,GP-14292,,,15_04_Comunic_Recibidas/2021/CI004_GP-14292_070108_CON_0751_SOPORT_PAG_DRMC_0291.pdf
406,4,,,CONSORCIO 4C,GP-14411,,,15_04_Comunic_Recibidas/2021/CI004_GP-14411_070109_CON_0912_RECUPERA_ESPACIO_PUB.pdf
405,1,,,CONSORCIO 4C,GP-14025,,,15_04_Comunic_Recibidas/2021/CI004_GP-14025_070401_CON_0409_EXP_FINALES.pdf
409,4,,,CONSORCIO 4C,GP-14749,,,15_04_Comunic_Recibidas/2021/CI004_GP-14749_070104_CON_1383_REITERA_EST_DISEÑ_PR66+820.pdf
407,2,,,CONSORCIO 4C,GP-14907,,,15_04_Comunic_Recibidas/2021/CI004_GP-14907_070103_ANI_034248-1_SCTUD_INFO_CEVE_ING.pdf
408,2,,,CONSORCIO 4C,GP-13992,,,15_04_Comunic_Recibidas/2021/CI004_GP-13992_070202_FBTA_SINNUMERO_ESTAD_FINAN_ENE21.pdf
403,1,,,CONSORCIO 4C,GP-15028,,,15_04_Comunic_Recibidas/2021/CI004_GP-15028_070114_ANI_036670-1_PERMI_USO_LUIS_MONTAÑA.pdf
410,1,,,CONSORCIO 4C,GP-15078,,,15_04_Comunic_Recibidas/2021/CI004_GP-15078_050300_CON_1804_SCTUD_INFO_COSTOS_OCIOSOS.pdf
411,1,,,CONSORCIO 4C,GP-14360,,,15_04_Comunic_Recibidas/2021/CI004_GP-14360_070108_CON_0861_INF_8_RESOL_2284.pdf
412,2,,,CONSORCIO 4C,GP-14974,,,15_04_Comunic_Recibidas/2021/CI004_GP-14974_070108_CON_1686_CUMPLI_RESOL_038_EXP_52291.pdf
413,10,,,CONSORCIO 4C,GP-14885,,,15_04_Comunic_Recibidas/2021/CI004_GP-14885_070108_CON_1564_CTROL_SEG_AMB_N442.pdf
414,1,,,CONSORCIO 4C,GP-13824,,,15_04_Comunic_Recibidas/2021/CI004_GP-13824_070103_CON_0069_PRUEBA_CARGA_PTES_PEATON.pdf
417,2,,,CONSORCIO 4C,GP-14128,,,15_04_Comunic_Recibidas/2021/CI004_GP-14128_070108_CON_0544_RTA_AUTO_GSC_ZC_000471.pdf
416,1,,,CONSORCIO 4C,GP-14628,,,15_04_Comunic_Recibidas/2021/CI004_GP-14628_050300_ANI_025081-1_POLIZA_TODO_RIESG.pdf
415,2,,,CONSORCIO 4C,GP-14526,,,15_04_Comunic_Recibidas/2021/CI004_GP-14526_070500_ANM_SINNUMERO_INF_MEN_N80_JUN21.pdf
418,2,,,CONSORCIO 4C,GP-15094,,,15_04_Comunic_Recibidas/2021/CI004_GP-15094_070108_CON_1808_PAG_SERV_AMB_EXP_60749.pdf
419,1,,,CONSORCIO 4C,GP-13848,,,15_04_Comunic_Recibidas/2021/CI004_GP-13848_070402_RMARTINEZ_SINNUMERO_PQRS_UF2-2020-476.pdf
421,2,,,CONSORCIO 4C,GP-15145,,,15_04_Comunic_Recibidas/2021/CI004_GP-15145_070108_CON_1852_CUMPLI_OBLIG_AUTO_DRAM_0660.pdf
420,1,,,CONSORCIO 4C,GP-15114,,,15_04_Comunic_Recibidas/2021/CI004_GP-15114_070500_CON_1824_INF_MEN_NOV21.pdf
422,4,,,CONSORCIO 4C,GP-14389,,,15_04_Comunic_Recibidas/2021/CI004_GP-14389_070108_CON_0894_PAG_DRAM_0388_EXP_51714.pdf
423,6,,,CONSORCIO 4C,GP-15119,,,15_04_Comunic_Recibidas/2021/CI004_GP-15119_070202_CON_1829_FOR_GCSP_F009_NOV21.pdf
424,1,,,CONSORCIO 4C,GP-14434,,,15_04_Comunic_Recibidas/2021/CI004_GP-14434_070108_CON_0933_POLIZAS_RESOL_021_016_020.pdf
425,22,,,CONSORCIO 4C,GP-14703,,,15_04_Comunic_Recibidas/2021/CI004_GP-14703_070104_CON_1321_INSP_SEG_VIAL_GLORIETAS_UF5.pdf
428,1,,,CONSORCIO 4C,GP-14674,,,15_04_Comunic_Recibidas/2021/CI004_GP-14674_070406_CON_1258_APROBA_ALMA-5-0012-1.pdf
427,2,,,CONSORCIO 4C,GP-14875,,,15_04_Comunic_Recibidas/2021/CI004_GP-14875_070104_ANI_032878-1_DP_NOHORA_CARDONA.pdf
429,2,,,CONSORCIO 4C,GP-15151,,,15_04_Comunic_Recibidas/2021/CI004_GP-15151_070108_CON_1864_ENTREG_INF_N9_RESOL_2284.pdf
426,4,,,CONSORCIO 4C,GP-14659,,,15_04_Comunic_Recibidas/2021/CI004_GP-14659_070109_CON_1249_CENTRO_BIENES_ANIMAL.pdf
430,2,,,CONSORCIO 4C,GP-14073,,,15_04_Comunic_Recibidas/2021/CI004_GP-14073_070402_CON_0450_EXP_SOCIAL.pdf
433,4,,,CONSORCIO 4C,GP-14354,,,15_04_Comunic_Recibidas/2021/CI004_GP-14354_070109_CON_0850_PROTEC_FAJAS_RETIRO.pdf
431,6,,,CONSORCIO 4C,GP-14937,,,15_04_Comunic_Recibidas/2021/CI004_GP-14937_070104_CON_1622_SCTUD_ARREGLO_BACHES.pdf
432,2,,,CONSORCIO 4C,GP-14601,,,15_04_Comunic_Recibidas/2021/CI004_GP-14601_070201_CON_1169_INF_ING_EGRE_JUL21.pdf
435,2,,,CONSORCIO 4C,GP-14313,,,15_04_Comunic_Recibidas/2021/CI004_GP-14313_070108_CON_0771_SOPORT_PAG_DRBM_0355.pdf
436,1,,,CONSORCIO 4C,GP-14224,,,15_04_Comunic_Recibidas/2021/CI004_GP-14224_070402_ANI_013105-1_DP_RMARTINEZ.pdf
434,18,,,CONSORCIO 4C,GP-14147,,,15_04_Comunic_Recibidas/2021/CI004_GP-14147_070108_CON_0567_OCUPA_CAUCE_EXP_80890.pdf
437,4,,,CONSORCIO 4C,GP-14657,,,15_04_Comunic_Recibidas/2021/CI004_GP-14657_070109_CON_1247_CENTRO_BIENES_ANIMAL.pdf
438,6,,,CONSORCIO 4C,GP-14801,,,15_04_Comunic_Recibidas/2021/CI004_GP-14801_070108_CON_1421_OCUPA_CAUCE_PR23+587.pdf
439,2,,,CONSORCIO 4C,GP-14293,,,15_04_Comunic_Recibidas/2021/CI004_GP-14293_070108_CON_0752_SOPORT_PAG_DRMC_0292.pdf
440,2,,,CONSORCIO 4C,GP-14189,,,15_04_Comunic_Recibidas/2021/CI004_GP-14189_050300_ANI_010695-1_CALCULO_MAYOR_VALOR.pdf
441,2,,,CONSORCIO 4C,GP-14143,,,15_04_Comunic_Recibidas/2021/CI004_GP-14143_050300-070202_CON_0561_PAG_SUBCTA_REDES.pdf
443,2,CONCESIÓN ALTO MAGDALENA S.A.S.,,CONSORCIO 4C,GP-14512,19/07/2021,Informe criterios para contabilizar Ingresos y Egresos por Unidad Funcional.,15_04_Comunic_Recibidas/2021/CI004_GP-14512_070201_CON_1060_INF_ING_EGRE_JUN21.pdf
445,1,CONCESION ALTO MAGDALENA S.A.S.,,CONSORCIO 4C,GP-14973,16/11/2021,"Remisión de Actas de retribución del mes de septiembre de UF1,UF2,UF3,UF4.",15_04_Comunic_Recibidas/2021/CI004_GP-14973_070201_CON_1683_ACTAS_RETRIBU_SEP_21.pdf
444,1,CONCESION ALTO MAGDALENA S.A.S.,,CONSORCIO 4C,GP-14417,17/06/2021,Entrega segundo informe de compensaciones en cumplimiento del Auto DRMC 0214 del 5 de abril de 2021 (Rad. Interno ALMA-R-2021-0438). Expediente 51972,15_04_Comunic_Recibidas/2021/CI004_GP-14417_070108_CON_0916_INF_DRMC_0214_EXP_51972.pdf
442,1,CONCESION ALTO MAGDALENA S.A.S.,,CONSORCIO 4C,GP-14843,12/10/2021,Alcance radicado ANLA 202102135-1-000 (Rad. Int. ALMA-2021-1384 - 20/09/2021). Entrega Plan de Compensación por Pérdida de Biodiversidad Licencia ambiental otorgada por la Resolución ANLA 1685 de 2015. Exp. LAV0063-00-2015,15_04_Comunic_Recibidas/2021/CI004_GP-14843_070108_CON_1508_PERDID_BIODIVER_ANLA_1685.pdf
447,4,CONCESION ALTO MAGDALENA S.A.S.,,CONSORCIO 4C,GP-13842,20/01/2021,Respuesta comunicado CI.004/GP8221/20/7.5 (Rad. Int. ALMA-R-2020-1420) 'Certificados de liberación de las intervenciones UF5',15_04_Comunic_Recibidas/2021/CI004_GP-13842_090300_CON_0116_CERTIFI_INTERV_UF5.pdf
448,8,CONCESION ALTO MAGDALENA S.A.S.,,CONSORCIO 4C,GP-14002,03/03/2021,Respuesta comunicado CI.004/GP8920/7.1.9 Observaciones-actualización anual del Plan de Gestión Social Contractual ALMA 2021-0190,15_04_Comunic_Recibidas/2021/CI004_GP-14002_070109_CON_0341_OBS_PLAN_GEST_SOCIAL.pdf
449,1,CONCESION ALTO MAGDALENA S.A.S.,,CONSORCIO 4C,GP-14759,16/09/2021,Entrega Plan por Pérdida de Biodiversidad Licencia ambiental otorgada por la Resolución ANLA 1685 de 2015. Expediente LAV0063-00-2015,15_04_Comunic_Recibidas/2021/CI004_GP-14759_070108_CON_1384_PLAN_PERDID_BIODIVE_ANLA_1685.pdf
446,8,CONCESION ALTO MAGDALENA S.A.S.,,CONSORCIO 4C,GP-15126,13/12/2021,Acuerdo 019 del 21 de junio de 2016 modificado por el Acuerdo 016 de 21 mayo de 2019- Sustracción 7.04 ha DMI Cuchilla de San Antonio y la Laguna del Coco.,15_04_Comunic_Recibidas/2021/CI004_GP-15126_070108_CON_1839_ACUERDO_016_21-MAY-19.pdf
450,1,CONCESION ALTO MAGDALENA S.A.S.,,CONSORCIO 4C,GP-14487,08/07/2021,Entrega Informe Gerencial Mensual N° 80 - Junio de 2021,15_04_Comunic_Recibidas/2021/CI004_GP-14487_070500_CON_1011_INF_MEN_N80_JUN21.pdf
451,1,CONCESION ALTO MAGDALENA S.A.S.,,CONSORCIO 4C,GP-14078,15/03/2021,"Entrega Informe Trimestral Ambiental N° 25, correspondiente a noviembre, diciembre del año 2020 y enero del año 2021.",15_04_Comunic_Recibidas/2021/CI004_GP-14078_070108_CON_0436_INF_TRIM_N25.pdf
452,4,CONCESION ALTO MAGDALENA S.A.S.,,CONSORCIO 4C,GP-15118,10/12/2021,GCSP-F-208 Informe Ingresos por Explotación Comercial Noviembre de 2021.,15_04_Comunic_Recibidas/2021/CI004_GP-15118_070202_CON_1828_FOR_GCSP_F208_NOV21.pdf
453,1,CONCESION ALTO MAGDALENA S.A.S.,,CONSORCIO 4C,GP-13792,06/01/2021,Solicitud certificación del valor de la Vivienda de Interés Social Prioritario.,15_04_Comunic_Recibidas/2021/CI004_GP-13792_070402_CON_0042_CERT_VALOR_VIVIENDA.pdf
455,2,CONCESIÓN ALTO MAGDALENA S.A.S.,,CONSORCIO 4C,GP-13905,02/02/2021,"Entrega resultados, Encuesta Semestral de Evaluación al Sistema de Atención al Usuario de Concesión Alto Magdalena para el segundo semestre del año 2020.",15_04_Comunic_Recibidas/2021/CI004_GP-13905_070109_CON_0198_EVALUA_ATENC_USUARIO.pdf
454,2,CONCESION ALTO MAGDALENA S.A.S,,CONSORCIO 4C,GP-14967,12/11/2021,Alcance comunicado ALMA-2021-1620 (Rad. Int. ALMA-R-2021-1081) - Requerimiento Inicio Medidas temporales de emergencia para el Control de Erosión PR66+820. Entrega de diseños geotécnicos para sector crítico PR 66+820.,15_04_Comunic_Recibidas/2021/CI004_GP-14967_070105_CON_1664_ALC_MEDIDAS_TEMPO_PR66+820.pdf
457,2,CONCESION ALTO MAGDALENA S.A.S.,,CONSORCIO 4C,GP-15019,22/11/2021,Cumplimiento obligación pago servicio seguimiento y control ambiental. Auto DRMC 0793 del 06/09/2021 (Rad. Int. ALMA-R-2021-1335 del 13/09/2021). Expediente 51954,15_04_Comunic_Recibidas/2021/CI004_GP-15019_070108_CON_1715_PAG_AUTO_DRMC_0793_EXP_51954.pdf
456,1,Agencia Nacional de Infraestructura,,CONSORCIO 4C,GP-15165,24/12/2021,"Respuesta a su comunicado No. ALMA-2021-0485 con radicado ANI No. 20214090338252 – Remisión Acta Evento Eximente de Responsabilidad debidamente suscrita sobre los predios ALMA-5-0253, ALMA-5-0254, ALMA-5-0258 y ALMA-5-0259 - Proyecto Girardot – Honda – Puerto Salgar, Contrato de Concesión 003 de 2014.",15_04_Comunic_Recibidas/2021/CI004_GP-15165_050300-070400_ANI_040383-1_ACTA_EER_PREDIOS_UF5.pdf
458,1,CONCESION ALTO MAGDALENA S.A.S.,,CONSORCIO 4C,GP-14953,11/11/2021,Informe trimestral Socio - Ambiental 28 – Componente Social,15_04_Comunic_Recibidas/2021/CI004_GP-14953_070109_CON_1639_INF_TRIM_SCIAL_28.pdf
459,2,CONCESION ALTO MAGDALENA S.A.S.,,CONSORCIO 4C,GP-15147,16/12/2021,Cumplimiento obligación artículo primero del Auto DRAM No. 0680 del 13/07/2021 (Rad. Interno ALMA-R-2021-1824) Expediente 51891,15_04_Comunic_Recibidas/2021/CI004_GP-15147_070108_CON_1854_CUMPLI_OBLIG_AUTO_DRAM_0680.pdf
460,1,CONCESIÓN ALTO MAGDALENA S.A.S,,CONSORCIO 4C,GP-13836,18/01/2021,Entrega del expediente Predial ALMA-4-0073 para sellos.,15_04_Comunic_Recibidas/2021/CI004_GP-13836_070401_CON_0094_EXP_PREDIAL.pdf
462,1,CONCESIÓN ALTO MAGDALENA S.A.S.,,CONSORCIO 4C,GP-14140,09/04/2021,Entrega expediente predial ALMA-2-0158 aprobación Actualización de insumos.,15_04_Comunic_Recibidas/2021/CI004_GP-14140_070401_CON_0551_EXP_PREDIAL_2-0158.pdf
461,2,,,CONSORCIO 4C,GP-14211,30/04/2021,Respuesta a su comunicado No. CMAB-1-476-0438-21 con radicado ANI No. 20214090472352 - Seguimiento Presunta elusión Peaje Chicoral - Predio El Limón. Proyecto Girardot – Honda - Puerto Salgar. Contrato de Concesión 003 – 2014.,15_04_Comunic_Recibidas/2021/CI004_GP-14211_070104_ANI_012919-1_ELUSION_PEAJE_CHICORAL.pdf
463,1,,,CONSORCIO 4C,GP-14734,16/09/2021,Estado financiero 63664 Alto Magdalena Agosto 2021,15_04_Comunic_Recibidas/2021/CI004_GP-14734_070202_FBTA_SINNUMERO_ESTAD_FINAN_AGO21.pdf
465,1,CONCESION ALTO MAGDALENA S.A.S.,1.5 SFP 2021,CONSORCIO 4C,GP-14733,13/09/2021,Estados financieros auditados a 30 de junio de 2021.,15_04_Comunic_Recibidas/2021/CI004_GP-14733_070202_CON_1364_ESTAD_FINAN_AUDITA_JUN21.pdf
466,12,CONCESION ALTO MAGDALENA S.A.S.,,CONSORCIO 4C,GP-14735,15/09/2021,Actualización inventario de activos.,15_04_Comunic_Recibidas/2021/CI004_GP-14735_070500_CON_1376_ACTUAL_INVENTA_ACTIVOS.pdf
464,1,,,CONSORCIO 4C,GP-15101,09/12/2021,"Remisión Comunicado – Invitación Desarrollada para el Taller Participativo, Formulación del Plan Departamental de Seguridad Vial del Tolima. – Proyecto Girardot – Honda – Puerto Salgar – Circular No.012. – Contrato de Concesión No. 003 del 2014.",15_04_Comunic_Recibidas/2021/CI004_GP-15101_070300_ANI_038817-1_INVITA_TALLER_SEG_VIAL.pdf
467,1,CONCESION ALTO MAGDALENA S.A.S.,,CONSORCIO 4C,GP-15127,13/12/2021,Respuesta oficios ANLA No. 2021244507-2-000 (Rad. Int. ALMA-R-2021-1673 del 11/11/2021) y ANLA No. 2021267884-2-000 (Rad. Int. ALMA-R-2021-1855 del 10/12/2021). Complemento Informe de Cumplimiento Ambiental ICA No. 15. Expediente LAV0004-00-2016.,15_04_Comunic_Recibidas/2021/CI004_GP-15127_070108_CON_1838_COMPLEMENTO_ICA_N15.pdf
468,2,Fiducia Pública - Vicepresidencia de Gestión Fiduciaria y Proyectos,,CONSORCIO 4C,GP-14780,23/09/2021,Estado financiero firmado 63664 Alto Magdalena Agosto 2021,15_04_Comunic_Recibidas/2021/CI004_GP-14780_070202_FBTA_SINNUMERO_ESTAD_FINAN_AGO21.pdf
470,1,CONCESION ALTO MAGDALENA S.A.S.,,CONSORCIO 4C,GP-13791,06/01/2021,Solicitud certificación del valor de la Vivienda de Interés Social Prioritario.,15_04_Comunic_Recibidas/2021/CI004_GP-13791_070402_CON_0041_CERT_VALOR_VIVIENDA.pdf
469,6,Agencia Nacional de Infraestructura - ANI,,CONSORCIO 4C,GP-14404,16/06/2021,POR MEDIO DE LA CUAL SE INDICA LA MANERA EN QUE DEBE REPORTARSE LA INFORMACIÓN SOBRE CONTROL Y SEGUIMIENTO PREDIAL DE LA INTERVENTORÍA EN PROYECTOS A CARGO DE LA ANI (INSTRUCTIVO / GCSP-I-025 - VERSIÓN 2),15_04_Comunic_Recibidas/2021/CI004_GP-14404_090200_ANI_000035-4_INFO_SEG_PREDIAL.pdf
471,1,CONCESION ALTO MAGDALENA S.A.S.,,CONSORCIO 4C,GP-14207,30/04/2021,Entrega del Formato ANI-GCSP-F-203 Informe Ejecutivo – abril de 2021,15_04_Comunic_Recibidas/2021/CI004_GP-14207_070201-070109_CON_0643_FOR_GCSP_F203_ABR21.pdf
472,2,Fiducia Pública - Vicepresidencia de Gestión Fiduciaria y Proyectos,,CONSORCIO 4C,GP-14477,07/05/2021,ESTADOS FINANCIEROS MES DE MAYO DE 2021 | PA 63664 ALTO MAGDALENA,15_04_Comunic_Recibidas/2021/CI004_GP-14477_070202_FBTA_SINNUMERO_ESTAD_FINAN_MAY21.pdf
473,1,CONCESION ALTO MAGDALENA S.A.S.,,CONSORCIO 4C,GP-14510,02/07/2021,Informe ejecutivo de avance de ejecución predial y sabana de avalúos del mes de junio del año 2021.,15_04_Comunic_Recibidas/2021/CI004_GP-14510_070401_CON_0994_INF_PREDIAL_JUN21.pdf
474,8,CONCESIÓN ALTO MAGDALENA S.A.S.,,CONSORCIO 4C,GP-15029,24/11/2021,Aviso Actividades de intervención a realizar por gestión de riesgo en el sitio crítico localizado en el PR 66+820 UF 3 Ruta Nacional 45-08.,15_04_Comunic_Recibidas/2021/CI004_GP-15029_070105-070108_CON_1727_SITIO_CRITICO_PR66+820.pdf
475,2,Fiducia Pública - Vicepresidencia de Gestión Fiduciaria y Proyectos,,CONSORCIO 4C,GP-14163,19/04/2021,ESTADOS FINANCIEROS MES DE MARZO DE 2021 | PA 63664 ALTO MAGDALENA,15_04_Comunic_Recibidas/2021/CI004_GP-14163_070202_FBTA_SINNUMERO_ESTAD_FINAN_MAR21.pdf
476,6,CONCESION ALTO MAGDALENA S.A.S.,,CONSORCIO 4C,GP-14158,16/04/2021,GCSTP-F-001 Informe de Mantenimiento de Bienes de uso Público del mes de Marzo de 2021.,15_04_Comunic_Recibidas/2021/CI004_GP-14158_070202_CON_0584_FOR_GCSP_F001_MAR21.pdf
477,2,Agencia Nacional de Infraestructura,CIRCULAR No. 20213100000174,CONSORCIO 4C,GP-14082,22/03/2021,"CUMPLIMIENTO DE LA LEY 1106 DE 2006 | CONCESIONES VIALES, PORTUARIAS Y AEROPORTUARIAS",15_04_Comunic_Recibidas/2021/CI004_GP-14082_070202_ANI_000017-4_CUMPLI_LEY_1106_2006.pdf
478,4,CONCESION ALTO MAGDALENA S.A.S.,,CONSORCIO 4C,GP-14068,18/03/2021,Alcance Comunicados CI.004/GP8797/21/7.3.3 y CI.004/GP8879/21/7.3.3 Resultados de medición de niveles de Servicio diciembre 2020 y enero de 2021,15_04_Comunic_Recibidas/2021/CI004_GP-14068_070303_CON_0462_NIVEL_SERV_DIC20_ENE21.pdf
481,2,Fiduciaria Bogotá,,CONSORCIO 4C,GP-13782,06/01/2021,Contribución 2.5 mes de diciembre 2020 *Certificado de Retribución*,15_04_Comunic_Recibidas/2021/CI004_GP-13782_070210_FBTA_SINNUMERO_CERTI_RETRIBUCION.pdf
479,8,CONCESIÓN ALTO MAGDALENA S.A.S.,,CONSORCIO 4C,GP-15171,27/12/2021,Solicitud permiso de ocupación de cauce por gestión de riesgo en el sitio crítico localizado en el PR 66+820 Unidad Funcional 3 Ruta Nacional 45-08 vía Beltrán – Guataquí.,15_04_Comunic_Recibidas/2021/CI004_GP-15171_070108_CON_1876_PERMI_OCUPA_CAUCE_PR66+820.pdf
483,6,,,CONSORCIO 4C,GP-14968,,,15_04_Comunic_Recibidas/2021/CI004_GP-14968_070201_CON_1672_PAG_FONSECON_OCT21.pdf
480,1,CONCESION ALTO MAGDALENA S.A.S.,,CONSORCIO 4C,GP-15009,22/11/2021,"Respuesta oficio ANLA No. 2021228580-2-000 (Rad. Int. ALMA-R-2021-1581) - 22/10/2021, Ajuste información geográfica Informe de Cumplimiento Ambiental ICA No. 7. Expediente LAV0068-00-2015.",15_04_Comunic_Recibidas/2021/CI004_GP-15009_070108_CON_1723_INF_GEOGRAFICA_ICA_N7.pdf
486,2,,,CONSORCIO 4C,GP-14288,,,15_04_Comunic_Recibidas/2021/CI004_GP-14288_070108_CON_0747_SOPORT_PAG_DRMC_0286.pdf
485,2,,,CONSORCIO 4C,GP-13989,,,15_04_Comunic_Recibidas/2021/CI004_GP-13989_070110_CON_0310_PAG_SEGYSAL_NOV20.pdf
484,2,,,CONSORCIO 4C,GP-14701,,,15_04_Comunic_Recibidas/2021/CI004_GP-14701_070114_ANI_027292-1_PERM_USO_TEMPO.pdf
488,1,,,CONSORCIO 4C,GP-13821,,,15_04_Comunic_Recibidas/2021/CI004_GP-13821_070500_CON_0064_INF_MEN_N74_DIC20.pdf
487,2,,,CONSORCIO 4C,GP-13946,,,15_04_Comunic_Recibidas/2021/CI004_GP-13946_070210_FBTA_SINNUMERO_CERT_RETRIBU_.pdf
489,2,,,CONSORCIO 4C,GP-14538,,,15_04_Comunic_Recibidas/2021/CI004_GP-14538_070500_CON_1093_OBS_INF_MEN_MAR_ABR_MAY.pdf
490,2,,,CONSORCIO 4C,GP-14117,,,15_04_Comunic_Recibidas/2021/CI004_GP-14117_050300_ANI_009431-1_CONCEPT_EER_PREDIAL_NPH.pdf
491,2,,,CONSORCIO 4C,GP-13911,,,15_04_Comunic_Recibidas/2021/CI004_GP-13911_070108_CON_0207_SOPORT_PAG_AUTO_DRAM_1235.pdf
492,8,,,CONSORCIO 4C,GP-14792,,,15_04_Comunic_Recibidas/2021/CI004_GP-14792_070401_CON_1426_DP_JOSE_BARRAGAN.pdf
482,1,Fiduciaria Bogotá,,CONSORCIO 4C,GP-14519,21/07/2021,SOPORTES DE INTERVENTORIA DE LOS MESES DE FEBRERO 2021 A JUNIO 2021.,15_04_Comunic_Recibidas/2021/CI004_GP-14519_070201_FBTA_004139_SOPORT_OPERA_FEB-JUN.pdf
493,2,,,CONSORCIO 4C,GP-14785,,,15_04_Comunic_Recibidas/2021/CI004_GP-14785_070401_CON_1407_OBS_EXP_FINAL.pdf
495,2,,,CONSORCIO 4C,GP-15056,,,15_04_Comunic_Recibidas/2021/CI004_GP-15056_070201-070401_CON_1757_PAG_SABANA_PREDIAL.pdf
496,1,,,CONSORCIO 4C,GP-14244,,,15_04_Comunic_Recibidas/2021/CI004_GP-14244_070401_CON_0676_EXP_PREDIAL.pdf
494,4,,,CONSORCIO 4C,GP-15158,,,15_04_Comunic_Recibidas/2021/CI004_GP-15158_070108-070109_CON_1873_INF_FINAL_REASENTA.pdf
497,2,,,CONSORCIO 4C,GP-14584,,,15_04_Comunic_Recibidas/2021/CI004_GP-14584_070108_CON_1142_PAGO_DRBM_0545.pdf
499,4,,,CONSORCIO 4C,GP-14711,,,15_04_Comunic_Recibidas/2021/CI004_GP-14711_070108_CON_1326_OBS_ICA_N15.pdf
498,6,,,CONSORCIO 4C,GP-13935,,,15_04_Comunic_Recibidas/2021/CI004_GP-13935_070500_CON_0244_REV_MEMOTEC_OCT20.pdf
500,14,,,CONSORCIO 4C,GP-14152,,,15_04_Comunic_Recibidas/2021/CI004_GP-14152_070109_CON_0579_ACTA_REUNION_PTO_BGTA.pdf
501,4,,,CONSORCIO 4C,GP-14984,,,15_04_Comunic_Recibidas/2021/CI004_GP-14984_070108_CON_1679_SEG_AUTO_DRAM_0895_EXP_51852.pdf
502,2,,,CONSORCIO 4C,GP-14553,,,15_04_Comunic_Recibidas/2021/CI004_GP-14553_070300_CON_1109_REITERA_HALLAZG_SPT.pdf
503,1,,,CONSORCIO 4C,GP-14265,,,15_04_Comunic_Recibidas/2021/CI004_GP-14265_070210_CON_0725_ACTAS_RETRIBU_UF1_2_3_4.pdf
504,2,,,CONSORCIO 4C,GP-14670,,,15_04_Comunic_Recibidas/2021/CI004_GP-14670_050300_ANI_026293-1_ACUERD_MITIGA_COVID19.pdf
505,6,,,CONSORCIO 4C,GP-14652,,,15_04_Comunic_Recibidas/2021/CI004_GP-14652_070201_ANI_026208-1_SEG_OBLIG_CONTINGEN.pdf
508,2,,,CONSORCIO 4C,GP-14768,,,15_04_Comunic_Recibidas/2021/CI004_GP-14768_050300_ANI_028815-1_RECLAMA_COSTOS_OCIOSOS.pdf
507,1,,,CONSORCIO 4C,GP-14560,,,15_04_Comunic_Recibidas/2021/CI004_GP-14560_070109_CON_1114_PROTEC_BIENES_USO_PUB.pdf
506,2,,,CONSORCIO 4C,GP-14741,,,15_04_Comunic_Recibidas/2021/CI004_GP-14741_070108_CON_1370_SEG_CTROL_AMB_DRAM_0699.pdf
509,1,,,CONSORCIO 4C,GP-14607,,,15_04_Comunic_Recibidas/2021/CI004_GP-14607_050300_ANI_024457-1_ACTAS_RETRIBU_MAY21.pdf
512,34,,,CONSORCIO 4C,GP-14217,,,15_04_Comunic_Recibidas/2021/CI004_GP-14217_070500_CON_0665_MEMOTEC_FEB21.pdf
510,1,,,CONSORCIO 4C,GP-13929,,,15_04_Comunic_Recibidas/2021/CI004_GP-13929_070401_CON_0220_EXP_PREDIAL.pdf
511,12,,,CONSORCIO 4C,GP-14092,,,15_04_Comunic_Recibidas/2021/CI004_GP-14092_050300_CON_0500_RTA_OFICIO_SRN_9678.pdf
515,1,,,CONSORCIO 4C,GP-14357,,,15_04_Comunic_Recibidas/2021/CI004_GP-14357_070209_CON_0848_ACTA_VPIP_OCT_MAR_ABR.pdf
516,2,,,CONSORCIO 4C,GP-14017,5 de marzo de 2021,,15_04_Comunic_Recibidas/2021/CI004_GP-14017_070113_CON_0400_VERIFI_BASCULAS_OAVM.pdf
514,8,,,CONSORCIO 4C,GP-14374,,,15_04_Comunic_Recibidas/2021/CI004_GP-14374_050300_CON_0872_VISITA_PREDIO_2-0098-1.pdf
517,2,,,CONSORCIO 4C,GP-14688,,,15_04_Comunic_Recibidas/2021/CI004_GP-14688_070108_CON_1302_APROVE_FORESTAL_PR13_PR9.pdf
519,4,,,CONSORCIO 4C,GP-14220,,,15_04_Comunic_Recibidas/2021/CI004_GP-14220_070500_CON_0670_MEMOTEC_ENE21.pdf
513,4,,,CONSORCIO 4C,GP-14702,,,15_04_Comunic_Recibidas/2021/CI004_GP-14702_070109_CON_1322_INUNDA_ALGARROBOS.pdf
520,14,,,CONSORCIO 4C,GP-15050,,,15_04_Comunic_Recibidas/2021/CI004_GP-15050_070108_CON_1750_SCTUD_INF_TEC_0842_EXP_51843.pdf
521,8,,,CONSORCIO 4C,GP-15168,,,15_04_Comunic_Recibidas/2021/CI004_GP-15168_050300_ANI_040723-1_APROBA_POLIZA.pdf
522,6,,,CONSORCIO 4C,GP-14447,,,15_04_Comunic_Recibidas/2021/CI004_GP-14447_070401_CON_0957_ACTUAL_OLYMPUS.pdf
518,6,CONCESION ALTO MAGDALENA S.A.S.,,CONSORCIO 4C,GP-14209,30/04/2021,Respuesta comunicados CI.004/8574/20/7.1.15 (Rad. Int. ALMA-R-2020-2000 – 23/10/2020) y CI.004/GP9047/21/7.1.15 (Rad. Int. ALMA-R-2021-0473 – 15/04/2021) –Observaciones del Acta de Obra 16. Interferencia con redes de servicio público.,15_04_Comunic_Recibidas/2021/CI004_GP-14209_070115_CON_0647_OBS_ACTA_N16_REDES.pdf
523,1,CONCESION ALTO MAGDALENA S.A.S.,,CONSORCIO 4C,GP-15162,21/12/2021,"Remisión listado formatos seguimientos PQRS UF3, para su respectiva revisión.",15_04_Comunic_Recibidas/2021/CI004_GP-15162_070109_CON_1874_FOR_SEGUI_PQRS_UF3.pdf
524,1,CONCESION ALTO MAGDALENA S.A.S.,,CONSORCIO 4C,GP-15177,29/12/2021,Entrega Informe Cumplimiento Ambiental No. 18. Exp. LAV0004-00-2016.,15_04_Comunic_Recibidas/2021/CI004_GP-15177_070108_CON_1898_ENTREGA_ICA_N18.pdf
526,1,CONCESION ALTO MAGDALENA S.A.S.,,CONSORCIO 4C,GP-14394,15/06/2021,Respuesta comunicación CI.004/GP8997/21/7.1.8 (Rad. Int.) ALMA-R-2021-0375 del 29/03/2021). Observaciones Informe Trimestral Ambiental N° 25 / Componente Ambiental,15_04_Comunic_Recibidas/2021/CI004_GP-14394_070108_CON_0901_OBS_INF_TRIM_AMB_N25.pdf
525,2,CONCESION ALTO MAGDALENA S.A.S.,,CONSORCIO 4C,GP-14208,30/04/2021,Respuesta comunicación CI.004/GP9052/21/7.1.10 (Rad. Int. ALMA-R-2021-0477 del 16/04/2021) Revisión soportes Seguridad Social enero de 2021 y salarios diciembre 2020.,15_04_Comunic_Recibidas/2021/CI004_GP-14208_070110_CON_0646_SOPORT_SEGYSAL_DIC_ENE.pdf
527,1,,,CONSORCIO 4C,GP-14122,,,15_04_Comunic_Recibidas/2021/CI004_GP-14122_070402_CON_0511_EXP_PREDIAL_2-0122-1.pdf
528,1,,,CONSORCIO 4C,GP-15043,,,15_04_Comunic_Recibidas/2021/CI004_GP-15043_070201_FBTA_006667_SOPORTES_INTERV_JUL-OCT21.pdf
530,4,,,CONSORCIO 4C,GP-15035,,,15_04_Comunic_Recibidas/2021/CI004_GP-15035_050300_ANI_037258-1_SCTUD_INFO_COSTOS_OCIOSOS.pdf
529,24,,,CONSORCIO 4C,GP-15038,,,15_04_Comunic_Recibidas/2021/CI004_GP-15038_050300_CON_1736_ALC_EER_O&M_NPH.pdf
531,1,,,CONSORCIO 4C,GP-14996,,,15_04_Comunic_Recibidas/2021/CI004_GP-14996_070114_ANI_036131-1_PERMISO_USO_LUIS_MONTAÑA.pdf
533,2,,,CONSORCIO 4C,GP-15132,,,15_04_Comunic_Recibidas/2021/CI004_GP-15132_070202_ANI_000071-4_FOR_CIERRE_CONTABLE_21.pdf
532,2,,,CONSORCIO 4C,GP-14943,,,15_04_Comunic_Recibidas/2021/CI004_GP-14943_070108_CON_1623_AUTO_DRAM_0791_EXP_51731.pdf
534,18,,,CONSORCIO 4C,GP-14148,,,15_04_Comunic_Recibidas/2021/CI004_GP-14148_070108_CON_0568_OCUPA_CAUCE_EXP_80891.pdf
535,1,,,CONSORCIO 4C,GP-13859,,,15_04_Comunic_Recibidas/2021/CI004_GP-13859_070104_CON_0141_OFICINA_TURISMO_K18+500_K80+500.pdf
537,10,,,CONSORCIO 4C,GP-14008,,,15_04_Comunic_Recibidas/2021/CI004_GP-14008_050300_CON_0352_ALC_EER_OFERTA_PREDIO_2-0122.pdf
536,6,,,CONSORCIO 4C,GP-14048,,,15_04_Comunic_Recibidas/2021/CI004_GP-14048_070202_CON_0447_FOR_GCSP_F009_FEB21.pdf
538,6,,,CONSORCIO 4C,GP-14619,,,15_04_Comunic_Recibidas/2021/CI004_GP-14619_070202_CON_1202_ESTAD_FINAN_AUDITA_JUN21.pdf
539,2,,,CONSORCIO 4C,GP-14995,,,15_04_Comunic_Recibidas/2021/CI004_GP-14995_070109_CON_1696_REHABI_MANTENI_RUTA_4510.pdf
541,1,,,CONSORCIO 4C,GP-14516,,,15_04_Comunic_Recibidas/2021/CI004_GP-14516_070209_CON_1065_ACTA_VPIP_JUN21.pdf
542,2,,,CONSORCIO 4C,GP-14124,,,15_04_Comunic_Recibidas/2021/CI004_GP-14124_070109_CON_0537_RECUPERA_ESPAC_PUB_MAR21.pdf
540,2,,,CONSORCIO 4C,GP-14262,,,15_04_Comunic_Recibidas/2021/CI004_GP-14262_070401_CON_0719_CRONOG_AVALUOS.pdf
543,1,,,CONSORCIO 4C,GP-14938,,,15_04_Comunic_Recibidas/2021/CI004_GP-14938_070104_CON_1621_EQUIPOS_IMPRES_BASCULAS.pdf
545,1,,,CONSORCIO 4C,GP-14197,,,15_04_Comunic_Recibidas/2021/CI004_GP-14197_070104_ANI_012587-1_RETIRO_CONTENEDOR_UF5.pdf
546,4,,,CONSORCIO 4C,GP-13810,,,15_04_Comunic_Recibidas/2021/CI004_GP-13810_070207_CON_0055_ESTRUCTU_TARIFA_PEAJES.pdf
544,8,,,CONSORCIO 4C,GP-13958,,,15_04_Comunic_Recibidas/2021/CI004_GP-13958_050300_CON_0301_EER_PREDIO_ALMA-5-0266.pdf
547,56,,,CONSORCIO 4C,GP-15032,,,15_04_Comunic_Recibidas/2021/CI004_GP-15032_050300-090300_CON_1734_PDTES_UF5.pdf
549,1,,,CONSORCIO 4C,GP-15178,,,15_04_Comunic_Recibidas/2021/CI004_GP-15178_070108_CON_1899_AJUSTE_ICA_N06.pdf
550,1,,,CONSORCIO 4C,GP-14777,,,15_04_Comunic_Recibidas/2021/CI004_GP-14777_070114_ANI_029127-1_CIERR_PERM_TEMP_EDS_GUATAQUI.pdf
548,6,,,CONSORCIO 4C,GP-14433,,,15_04_Comunic_Recibidas/2021/CI004_GP-14433_050300_CON_0935_ALC_RUTAS_5008_4510.pdf
554,2,,,CONSORCIO 4C,GP-14971,,,15_04_Comunic_Recibidas/2021/CI004_GP-14971_070202_FBTA_SINNUMERO_INF_MEN_OCT21.pdf
552,1,,,CONSORCIO 4C,GP-15130,,,15_04_Comunic_Recibidas/2021/CI004_GP-15130_070300_MOVITRAM_SINNUMERO_SCTUD_PASO.pdf
551,2,,,CONSORCIO 4C,GP-14314,,,15_04_Comunic_Recibidas/2021/CI004_GP-14314_070108_CON_0772_SOPORT_PAG_DRAM_0325.pdf
553,1,,,CONSORCIO 4C,GP-14829,,,15_04_Comunic_Recibidas/2021/CI004_GP-14829_070109_CON_1446_NOTIC_ALMA_AL_DIA_N26.pdf
555,1,,,CONSORCIO 4C,GP-13937,,,15_04_Comunic_Recibidas/2021/CI004_GP-13937_070201_CON_0245_INF_ING_EGRE_ENE21.pdf
556,1,,,CONSORCIO 4C,GP-14305,,,15_04_Comunic_Recibidas/2021/CI004_GP-14305_070108_CON_0722_COMPENSA_DRMC_0204.pdf
559,6,,,CONSORCIO 4C,GP-14438,,,15_04_Comunic_Recibidas/2021/CI004_GP-14438_070108_CON_0936_EXTRA_MATERIAL_MALAMBO.pdf
558,14,,,CONSORCIO 4C,GP-14471,,,15_04_Comunic_Recibidas/2021/CI004_GP-14471_070208_FBTA_SINNUMERO_FOSEVI_MAY21.pdf
557,8,,,CONSORCIO 4C,GP-14725,,,15_04_Comunic_Recibidas/2021/CI004_GP-14725_050300_CON_1358_PLAZO_CURA_SICC.pdf
563,1,,,CONSORCIO 4C,GP-14515,,,15_04_Comunic_Recibidas/2021/CI004_GP-14515_070201_CON_1064_ACTAS_RETRIBU_UF1_UF3_UF4.pdf
560,4,,,CONSORCIO 4C,GP-14146,,,15_04_Comunic_Recibidas/2021/CI004_GP-14146_070108_CON_0569_ASPEC_IMPACT_AMB_O&M.pdf
562,1,,,CONSORCIO 4C,GP-13950,,,15_04_Comunic_Recibidas/2021/CI004_GP-13950_070202_CON_0268_FOR_GCSP-_F301.pdf
561,2,,,CONSORCIO 4C,GP-14371,,,15_04_Comunic_Recibidas/2021/CI004_GP-14371_070108_CON_0873_SEG_AMB_DRAM_0237.pdf
567,6,,,CONSORCIO 4C,GP-15045,,,15_04_Comunic_Recibidas/2021/CI004_GP-15045_070202_CON_1745_ALC_FOR_GCSP_F001_OCT21.pdf
566,2,,,CONSORCIO 4C,GP-14267,,,15_04_Comunic_Recibidas/2021/CI004_GP-14267_070108_CON_0729_SIEMB_COMPENS_EXP_60703.pdf
565,1,,,CONSORCIO 4C,GP-13967,,,15_04_Comunic_Recibidas/2021/CI004_GP-13967_070108_CON_0282_SCTUD_EXP_51989_52005_52061_65312.pdf
564,4,,,CONSORCIO 4C,GP-13779,,,15_04_Comunic_Recibidas/2021/CI004_GP-13779_070108_CON_0002_REITERA_PETICION_PRORROGA.pdf
568,1,,,CONSORCIO 4C,GP-13770,,,15_04_Comunic_Recibidas/2021/CI004_GP-13770_070210_CON_3209_ACTA_RETRIB_SEP_UF5_OCT_1_2_3_4_5.pdf
569,1,,,CONSORCIO 4C,GP-14473,,,15_04_Comunic_Recibidas/2021/CI004_GP-14473_070500_ANI_019861-1_INF_MEN_CON_N79.pdf
570,1,,,CONSORCIO 4C,GP-14090,,,15_04_Comunic_Recibidas/2021/CI004_GP-14090_070401_CON_0493_ACTUA_TABLAS_AVALUOS.pdf
571,2,,,CONSORCIO 4C,GP-14754,,,15_04_Comunic_Recibidas/2021/CI004_GP-14754_070401_CON_1391_DP_JOSE_BARRAGAN.pdf
572,30,,,CONSORCIO 4C,GP-14338,,,15_04_Comunic_Recibidas/2021/CI004_GP-14338_070108_CON_0833_EXCLUS_AUTO_DRAM_0247.pdf
575,6,,,CONSORCIO 4C,GP-13902,,,15_04_Comunic_Recibidas/2021/CI004_GP-13902_050300_CON_0195_OBS_MINUTA_FID_MERCANT_7116.pdf
574,1,,,CONSORCIO 4C,GP-13798,,,15_04_Comunic_Recibidas/2021/CI004_GP-13798_070402_CON_0048_CERT_VALOR_VIVIENDA.pdf
573,4,,,CONSORCIO 4C,GP-13878,,,15_04_Comunic_Recibidas/2021/CI004_GP-13878_090300_CON_0161_CIERRE_PDTES_UF5.pdf
577,2,,,CONSORCIO 4C,GP-14427,,,15_04_Comunic_Recibidas/2021/CI004_GP-14427_070108_CON_0929_SIEMBRA_COMPENSA_51499.pdf
578,2,,,CONSORCIO 4C,GP-14806,,,15_04_Comunic_Recibidas/2021/CI004_GP-14806_050300_ANI_030810-1_PLAZ_CURA_CONVENIO_PONAL.pdf
576,2,,,CONSORCIO 4C,GP-14878,,,15_04_Comunic_Recibidas/2021/CI004_GP-14878_070104_ANI_033158-1_DP_ALC_LADORADA.pdf
579,1,,,CONSORCIO 4C,GP-14595,,,15_04_Comunic_Recibidas/2021/CI004_GP-14595_070500_CON_1158_MEMOTEC_JUN21.pdf
580,4,,,CONSORCIO 4C,GP-13884,,,15_04_Comunic_Recibidas/2021/CI004_GP-13884_070403_CON_0174_CESION_ART_36_LEY_1682.pdf
582,2,,,CONSORCIO 4C,GP-14586,,,15_04_Comunic_Recibidas/2021/CI004_GP-14586_070104_CON_1145_ESTUD_DISEÑ_PR66.pdf
581,1,,,CONSORCIO 4C,GP-14752,,,15_04_Comunic_Recibidas/2021/CI004_GP-14752_070402_CON_1332_EXP_SOCIAL_5-0261.pdf
583,1,,,CONSORCIO 4C,GP-15102,,,15_04_Comunic_Recibidas/2021/CI004_GP-15102_070500_CON_1814_MEMOTEC_OCT21.pdf
584,6,,,CONSORCIO 4C,GP-14992,,,15_04_Comunic_Recibidas/2021/CI004_GP-14992_070108_CON_1662_ACTA_REUNI_SEG_AMB_N141.pdf
586,1,,,CONSORCIO 4C,GP-14308,,,15_04_Comunic_Recibidas/2021/CI004_GP-14308_090200_ANI_015356-1_APROBA_INF_N78.pdf
587,4,,,CONSORCIO 4C,GP-14963,,,15_04_Comunic_Recibidas/2021/CI004_GP-14963_070108_CON_1651_SEG_AUTO_DRAM_0808_EXP_51739.pdf
585,2,,,CONSORCIO 4C,GP-14949,,,15_04_Comunic_Recibidas/2021/CI004_GP-14949_090200_ANI_035373-1_SCTUD_COMPO_RIESG_INF_MEN.pdf
591,1,,,CONSORCIO 4C,GP-14121,,,15_04_Comunic_Recibidas/2021/CI004_GP-14121_070401_CON_0425_EXP_PREDIAL.pdf
590,4,,,CONSORCIO 4C,GP-14770,,,15_04_Comunic_Recibidas/2021/CI004_GP-14770_050300-070304_CON_1399_SANEA_INCUMP_DEFENS.pdf
588,2,,,CONSORCIO 4C,GP-14709,,,15_04_Comunic_Recibidas/2021/CI004_GP-14709_070201_CON_1327_INF_PAG_SUBCTA_PREDIAL.pdf
589,1,,,CONSORCIO 4C,GP-14942,,,15_04_Comunic_Recibidas/2021/CI004_GP-14942_070201_CON_1599_ACTAS_RETRIBU_UF2_MAR-AGO.pdf
593,4,,,CONSORCIO 4C,GP-14666,,,15_04_Comunic_Recibidas/2021/CI004_GP-14666_070109_CON_1256_CENTRO_BIENES_ANIMAL.pdf
596,14,,,CONSORCIO 4C,GP-15124,,,15_04_Comunic_Recibidas/2021/CI004_GP-15124_070108_CON_1836_SCTUD_INF_TEC_N0882_EXP_51848.pdf
595,2,,,CONSORCIO 4C,GP-13789,,,15_04_Comunic_Recibidas/2021/CI004_GP-13789_070303_CON_0049_MANTENI_PAVIMENT_NPH.pdf
592,1,,,CONSORCIO 4C,GP-14053,,,15_04_Comunic_Recibidas/2021/CI004_GP-14053_070202_CON_0446_FOR_GCSP_F001_FEB21.pdf
594,2,,,CONSORCIO 4C,GP-14639,,,15_04_Comunic_Recibidas/2021/CI004_GP-14639_070108_CON_1221_OBLIGA_PAG_DRAM_0636.pdf
597,8,,,CONSORCIO 4C,GP-14535,,,15_04_Comunic_Recibidas/2021/CI004_GP-14535_050300_CON_1083_OBS_INFO_INVIAS_UF5.pdf
599,2,,,CONSORCIO 4C,GP-14964,,,15_04_Comunic_Recibidas/2021/CI004_GP-14964_090300_CON_1653_OBS_PLANOS_RECORD.pdf
600,1,,,CONSORCIO 4C,GP-14823,,,15_04_Comunic_Recibidas/2021/CI004_GP-14823_070500_CON_1494_INF_MEN_N83_SEP21.pdf
598,19,,,CONSORCIO 4C,GP-14155,,,15_04_Comunic_Recibidas/2021/CI004_GP-14155_070108_CON_0589_PRORROGA_APROV_FOREST.pdf
603,1,,,CONSORCIO 4C,GP-13866,,,15_04_Comunic_Recibidas/2021/CI004_GP-13866_070110_CON_0106_SOPORT_SEGYSAL_SEP_AGO.pdf
601,4,,,CONSORCIO 4C,GP-14612,,,15_04_Comunic_Recibidas/2021/CI004_GP-14612_070208_CON_1196_PAGOS_FONSECON_LEY_1106.pdf
604,2,,,CONSORCIO 4C,GP-15144,,,15_04_Comunic_Recibidas/2021/CI004_GP-15144_070108_CON_1851_CUMPLI_OBLIG_AUTO_DRAM_0659.pdf
605,4,,,CONSORCIO 4C,GP-13862,,,15_04_Comunic_Recibidas/2021/CI004_GP-13862_070104_CON_0071_PRESTA_SERVI_AREA_SERVICIO.pdf
602,1,,,CONSORCIO 4C,GP-13788,,,15_04_Comunic_Recibidas/2021/CI004_GP-13788_070108_CON_0026_VISITA_PREDIO_LOS_ALPES.pdf
606,4,,,CONSORCIO 4C,GP-13991,,,15_04_Comunic_Recibidas/2021/CI004_GP-13991_090300_CON_0331_PDTES_APT3_UF5.pdf
607,2,,,CONSORCIO 4C,GP-13895,,,15_04_Comunic_Recibidas/2021/CI004_GP-13895_070402_CON_0187_EXP_SOCIAL.pdf
608,1,,,CONSORCIO 4C,GP-14064,,,15_04_Comunic_Recibidas/2021/CI004_GP-14064_070110_JRCI_SINNUMERO_NOTIFI_DICTAMEN.pdf
609,16,,,CONSORCIO 4C,GP-14364,,,15_04_Comunic_Recibidas/2021/CI004_GP-14364_070108_CON_0860_CUMPLI_DRMC_0208.pdf
610,2,,,CONSORCIO 4C,GP-14808,,,15_04_Comunic_Recibidas/2021/CI004_GP-14808_070303_ANI_030788-1_ATEN_HALLAZG_SPT.pdf
611,2,,,CONSORCIO 4C,GP-14755,,,15_04_Comunic_Recibidas/2021/CI004_GP-14755_050300_CON_1395_PLAZO_CURA_SICC.pdf
612,2,CONCESION ALTO MAGDALENA S.A.S.,,CONSORCIO 4C,GP-14696,03/09/2021,"Respuesta Oficio ANI No. 20213050250961 - (Rad. Int. ALMA-R-2021-1176 del 20/08/2021), Traslado derecho de petición de la señora Martha Fonnegra de Muro de Nadal, predio ALMA-1-0005.",15_04_Comunic_Recibidas/2021/CI004_GP-14696_070109_CON_1315_DP_MFONNEGRA.pdf
614,6,CONCESION ALTO MAGDALENA S.A.S.,,CONSORCIO 4C,GP-15112,10/12/2021,"Informe Semanal del 6 al 10 de diciembre de 2021 Evento eximente de responsabilidad de los predios ALMA-2-0163, ALMA-5-0013-1 y ALMA-5-0266.",15_04_Comunic_Recibidas/2021/CI004_GP-15112_050300-070400_CON_1822_EER_PREDIOS.pdf
613,71,CONCESION ALTO MAGDALENA S.A.S.,,CONSORCIO 4C,GP-14545,27/07/2021,Respuesta comunicación RA202020201-2-000 (Rad Int. ALMA-R-2020-2107 del 17/11/2020). Requerimientos cumplimiento ambiental Auto 10765 del 11 de noviembre de 2020. Expediente: LAV0068-00-2015,15_04_Comunic_Recibidas/2021/CI004_GP-14545_070108_CON_1095_CUMPLI_AMB_AUTO_10765.pdf
615,2,CONCESION ALTO MAGDALENA S.A.S.,,CONSORCIO 4C,GP-14816,06/10/2021,Solicitud Estados Financieros Auditados I Semestre de 2021. Respuesta a su comunicación CI.004/GP9455/21/7.2.2 (Rad. Int. ALMA-R-2021-1403).,15_04_Comunic_Recibidas/2021/CI004_GP-14816_070202_CON_1478_SCTUD_ESTAD_FINAN_ISEMEST.pdf
616,4,Agencia Nacional de Infraestructura,,CONSORCIO 4C,GP-14223,05/05/2021,Acciones Estratégicas y de Contingencias por Situación de Orden Público a Nivel Nacional,15_04_Comunic_Recibidas/2021/CI004_GP-14223_070104_ANI_000028-4_ACCIONES_ORDEN_PUB.pdf
617,10,Fiduciaria Bogotá S.A.,,CONSORCIO 4C,GP-14518,21/07/2021,Notificación pago fondo de seguridad vial FOSEVI mes de junio 2021.,15_04_Comunic_Recibidas/2021/CI004_GP-14518_070208_FBTA_SINNUMERO_FOSEVI_JUN21.pdf
618,6,CONCESION ALTO MAGDALENA S.A.S.,,CONSORCIO 4C,GP-14230,05/05/2021,Respuesta comunicado No CI.004/GP9073/21/5.3-7.3.3 (Rad. Int. ALMA-R-2021-0533) - Requerimiento formal para Sanear incumplimientos indicadores UF4,15_04_Comunic_Recibidas/2021/CI004_GP-14230_050300-070303_CON_0680_SANEAR_INDICAD_UF4.pdf
619,14,CONCESIÓN ALTO MAGDALENA S.A.S.,,CONSORCIO 4C,GP-14161,15/04/2021,Solicitud copia de documentos.,15_04_Comunic_Recibidas/2021/CI004_GP-14161_070108_CON_0587_SCTUD_COPIA_DCTOS.pdf
621,4,CONCESIÓN ALTO MAGDALENA S.A.S.,,CONSORCIO 4C,GP-13926,05/02/2021,Derecho de Petición.,15_04_Comunic_Recibidas/2021/CI004_GP-13926_070109_CON_0228_DERECHO_PETICION.pdf
620,33,CONCESION ALTO MAGDALENA S.A.S.,,CONSORCIO 4C,GP-14552,28/07/2021,Respuesta comunicado CI.004/GP9183/21/7.1.3 – (Rad. Int. ALMA-R-2021-0769) - “Reiteración Protección Taludes PR 38 Unidad Funcional 3”,15_04_Comunic_Recibidas/2021/CI004_GP-14552_070103_CON_1100_REITERA_TALUDES_PR38_UF3.pdf
622,1,CONCESION ALTO MAGDALENA S.A.S.,,CONSORCIO 4C,GP-14442,08/06/2021,Informe ejecutivo avance ejecución predial y sabana de avalúos mayo 2021.,15_04_Comunic_Recibidas/2021/CI004_GP-14442_070401_CON_0879_INF_PREDIAL_MAY_21.pdf
623,8,CONCESION ALTO MAGDALENA S.A.S.,614610,CONSORCIO 4C,GP-14610,12/08/2021,Envío Formulario liquidación y declaración regalías Autorización Temporal QBN-15031,15_04_Comunic_Recibidas/2021/CI004_GP-14610_070108_CON_1192_FOR_REGALIAS_QBN-15031.pdf
624,1,CONCESIONARIO ALTO MAGDALENA S.A.S.,,CONSORCIO 4C,GP-13899,01/02/2021,Entrega Decimo segunda Actualización Plan de Compensaciones enero 2021,15_04_Comunic_Recibidas/2021/CI004_GP-13899_070402-070202_CON_0191_ACT_PLAN_COMPENSA_ENE21.pdf
626,2,CONCESIONARIA ALTO MAGDALENA S.A.S.,,CONSORCIO 4C,GP-14162,16/04/2021,Solicitud reprogramación visita Auto DRAM 0234 del 29 de marzo de 2021. Expediente 61526.,15_04_Comunic_Recibidas/2021/CI004_GP-14162_070108_CON_0591_VISITA_AUTO_DRAM_0234.pdf
625,1,CONCESIÓN ALTO MAGDALENA S.A.S.,,CONSORCIO 4C,GP-13805,06/01/2021,"Solicitud copia expedientes 70404, 70405, 70406, 70407, 52048 y 61460 que corresponden a permisos de ocupación de cauce.",15_04_Comunic_Recibidas/2021/CI004_GP-13805_070108_CON_0025_COPIA_EXP_OCUPA_CAUCE.pdf
627,1,CONCESIÓN ALTO MAGDALENA S.A.S.,ALMA-2020-3219,CONSORCIO 4C,GP-13775,31/12/2020,Entrega Formato ANI-GCSP-F-203 Informe Ejecutivo – Diciembre de 2020,15_04_Comunic_Recibidas/2021/CI004_GP-13775_070109-070202_CON_3219_FOR_GCSP-F203_DIC20.pdf
628,1,,,CONSORCIO 4C,GP-14369,04/06/2021,daños de predio puerto bogota,15_04_Comunic_Recibidas/2021/CI004_GP-14369_070109_JBEDOYA_SINNUMERO_DP_DAÑO_PREDIO.pdf
630,28,CONCESION ALTO MAGDALENA S.A.S.,,CONSORCIO 4C,GP-14034,10/03/2021,Respuesta comunicación CI.004/GP8906/21/7.4.6 – (Rad. Int. ALMA-R-2021-0189) – 12/02/2021 – actualización informe avalúos otrosí 9.,15_04_Comunic_Recibidas/2021/CI004_GP-14034_070406_CON_0419_ACT_INF_AVALUOS_OTROSI_9.pdf
629,1,CONCESIÓN ALTO MAGDALENA S.A.S.,,CONSORCIO 4C,GP-13818,06/01/2021,Respuesta comunicación CI.004/GP8742/20/7.4.1 (Rad. Int. ALMA-R-2020-2278 del 16/12/2020) Entrega del expediente ALMA-2-0158 para aprobación de Actualización insumos prediales.,15_04_Comunic_Recibidas/2021/CI004_GP-13818_070401_CON_0036_EXP_PREDIAL.pdf
631,2,Agencia Nacional de Infraestructura,,CONSORCIO 4C,GP-14350,31/05/2021,"Comunicado No. ALMA-2021-0792 con radicado ANI No. 20214090577692 - Remisión de soportes para intermediación ante INVIAS para hacer efectiva Póliza del Nuevo Puente de HONDA PR 3+600 RN 50CN04 – Contrato No. 1796 de 2015.Proyecto Girardot – Honda – Puerto Salgar, Contrato de Concesión 003 de 2014. Concesión Alto Magdalena S.A.S.",15_04_Comunic_Recibidas/2021/CI004_GP-14350_050300_ANI_016286-1_POLIZA_NPH_PR3+600.pdf
632,1,Agencia Nacional de Infraestructura,,CONSORCIO 4C,GP-14103,26/03/2021,Remisión comunicado con radicado ANI No. 20214090340082; Invitación Recorrido al Proyecto por parte del Concejo de Guaduas. Contrato de Concesión No. 003 de 2014 – Proyecto Girardot – Honda – Puerto Salgar.,15_04_Comunic_Recibidas/2021/CI004_GP-14103_070109_ANI_008931-1_INVITA_CONSEJ_GUADUAS.pdf
633,14,CONCESIÓN ALTO MAGDALENA S.A.S.,,CONSORCIO 4C,GP-14160,16/04/2021,Solicitud copia de documentos.,15_04_Comunic_Recibidas/2021/CI004_GP-14160_070108_CON_0586_SCTUD_COPIA_DCTOS.pdf
634,2,CONCESION ALTO MAGDALENA S.A.S.,,CONSORCIO 4C,GP-13974,19/02/2021,Resultados proceso de verificación básculas camioneras por parte de OAVM según resolución 77506 de 2016 Superintendencia de Industria y Comercio (SIC),15_04_Comunic_Recibidas/2021/CI004_GP-13974_070104_CON_0302_VERIFI_BASCULAS_CAMION.pdf
635,6,CONCESIÓN ALTO MAGDALENA S.A.S.,,CONSORCIO 4C,GP-13827,15/01/2020,Respuesta comunicación Rad ANI 20203050361701 (Rad Interno ALMA-R-2020-2173) - Reclamación incidencias generadas por el cambio de tipología en la operación y mantenimiento del Nuevo Puente de Honda.,15_04_Comunic_Recibidas/2021/CI004_GP-13827_050300_CON_0079_CAMBIO_TIPO_O&M_NPH.pdf
636,4,CONCESIÓN ALTO MAGDALENA S.A.S.,,CONSORCIO 4C,GP-13839,20/01/2021,"Solicitud protección bienes de uso público, por posible ocupación de espacio público en el Pr 38+780, Ruta Nacional 4508, vía Girardot – Cambao, costado derecho.",15_04_Comunic_Recibidas/2021/CI004_GP-13839_070104-070109_CON_0108_PROTE_BIENES_USO_PUB.pdf
637,2,CONCESIÓN ALTO MAGDALENA S.A.S.,,CONSORCIO 4C,GP-14871,19/10/2021,"Respuesta comunicación CI.004/GP9450/21/7.4.2 – (Rad. Int. ALMA-R-2021-1380 - 21/08/2021). Entrega expediente predial ALMA-4-0076, para revisión y aprobación del componente social.",15_04_Comunic_Recibidas/2021/CI004_GP-14871_070402_CON_1526_EXP_SOCIAL_4-0076.pdf
638,1,CONCESION ALTO MAGDALENA S.A.S.,,CONSORCIO 4C,GP-14010,05/03/2021,Entrega Informe Gerencial Mensual N° 76 – Febrero 2021,15_04_Comunic_Recibidas/2021/CI004_GP-14010_070500_CON_0398_INF_MEN_N76_FEB21.pdf
639,2,,,CONSORCIO 4C,GP-14180,22/04/2021,Remisión comunicación Radicado ANI No. 20214000029713 de fecha 04 de febrero de 2021 – Consolidación de información - Proyecto Girardot-Honda-Puerto Salgar. Contrato de Concesión No. 003 de 2014.,15_04_Comunic_Recibidas/2021/CI004_GP-14180_070104_ANI_011650-1_CONSOLIDA_INFO.pdf
640,4,CONCESIÓN ALTO MAGDALENA S.A.S.,,CONSORCIO 4C,GP-14503,14/07/2021,Cumplimiento obligación de pago seguimiento ambiental. Auto DRAM 0291 del 16 de abril de 2021 (Rad. Interno ALMA-R-2021-0795) Expediente 52168,15_04_Comunic_Recibidas/2021/CI004_GP-14503_070108_CON_1049_OBLIGA_PAG_EXP_52168.pdf
641,1,CONCESION ALTO MAGDALENA S.A.S.,,CONSORCIO 4C,GP-14562,02/08/2021,"Respuesta comunicación CI.004/GP9293/21/7.3 – 5.3 (Rad.int. ALMA-R-2021-1040) - 'Conectividad CCO infraestructura de tecnología de la información, postes S.O.S, Sistemas de Control de Tráfico, estaciones de Pesaje y Peajes'",15_04_Comunic_Recibidas/2021/CI004_GP-14562_070300_CON_1119_CONECTIVIDAD_CCO.pdf
644,1,,,CONSORCIO 4C,GP-13856,,,15_04_Comunic_Recibidas/2021/CI004_GP-13856_070104_CON_0137_OFICINA_TURISMO_K18+500_K80+500.pdf
645,12,,,CONSORCIO 4C,GP-14993,,,15_04_Comunic_Recibidas/2021/CI004_GP-14993_050300-070300_CON_1694_ALC_DEFEN_METALICAS.pdf
646,1,,,CONSORCIO 4C,GP-15041,,,15_04_Comunic_Recibidas/2021/CI004_GP-15041_070401_CON_1738_INST_CERCAS_PASOS_URBAN.pdf
642,1,,,CONSORCIO 4C,GP-14403,15/06/2021,"Comunicación No. CI.004/GP9145/21/7.3.3 con radicado ANI No. 20214090589992 – Visita de Inspección Superintendencia de Puertos y Transporte 19, 20 y 21 de mayo de 2021. Contrato de Concesión 003 de 2014 – Proyecto Girardot-Honda-Puerto Salgar. Alto Magdalena S.A.S.",15_04_Comunic_Recibidas/2021/CI004_GP-14403_070104_ANI_017930-1_VISITA_SST_MAY21.pdf
643,2,CONCESIÓN ALTO MAGDALENA S.A.S.,,CONSORCIO 4C,GP-14316,24/05/2021,Entrega soporte de pago servicio de seguimiento y control Auto DRMC 0277 del 30/04/2021. (Rad Int. ALMA-R-2021-0566 del 06/05/2021). Expediente 51479,15_04_Comunic_Recibidas/2021/CI004_GP-14316_070108_CON_0774_SOPORT_PAG_DRMC_0277.pdf
647,2,,,CONSORCIO 4C,GP-14554,,,15_04_Comunic_Recibidas/2021/CI004_GP-14554_070401_ANI_022812-1_MOD_PREDIAL_ANISCOPIO.pdf
648,14,,,CONSORCIO 4C,GP-14511,,,15_04_Comunic_Recibidas/2021/CI004_GP-14511_070108_CON_1063_DESCARGOS_DRBM_0511.pdf
649,2,,,CONSORCIO 4C,GP-14112,,,15_04_Comunic_Recibidas/2021/CI004_GP-14112_070301_CON_0522_INSTA_SEÑAL_CARRIL.pdf
650,18,,,CONSORCIO 4C,GP-15108,,,15_04_Comunic_Recibidas/2021/CI004_GP-15108_070108_CON_1831_RESOL_DJUR_50207101109_EXP_81886.pdf
654,4,,,CONSORCIO 4C,GP-14501,,,15_04_Comunic_Recibidas/2021/CI004_GP-14501_070108_CON_1045_ASPECT_IMPAC_AMB.pdf
651,2,,,CONSORCIO 4C,GP-14199,,,15_04_Comunic_Recibidas/2021/CI004_GP-14199_070108_CON_0653_SOPORT_PAG_DRMC_0206.pdf
652,1,,,CONSORCIO 4C,GP-14600,,,15_04_Comunic_Recibidas/2021/CI004_GP-14600_050300_CON_1167_SUSCRIP_OTROSI_N11.pdf
653,2,,,CONSORCIO 4C,GP-14693,,,15_04_Comunic_Recibidas/2021/CI004_GP-14693_070108_CON_1300_AUTO_DRAM_0713_EXP_51906.pdf
655,2,,,CONSORCIO 4C,GP-14001,,,15_04_Comunic_Recibidas/2021/CI004_GP-14001_050300_ANI_000006-4_ACUERDOS_COVID-19.pdf
658,2,,,CONSORCIO 4C,GP-14263,,,15_04_Comunic_Recibidas/2021/CI004_GP-14263_070104_CON_0720_SALID_NO_AUTORIZADAS.pdf
657,4,,,CONSORCIO 4C,GP-14346,,,15_04_Comunic_Recibidas/2021/CI004_GP-14346_070109_CON_0837_BIENES_USO_PUB_K13+600.pdf
656,6,,,CONSORCIO 4C,GP-14527,,,15_04_Comunic_Recibidas/2021/CI004_GP-14527_070401_CON_1072_ACTUALIZA_OLYMPUS.pdf
659,2,,,CONSORCIO 4C,GP-14687,,,15_04_Comunic_Recibidas/2021/CI004_GP-14687_070108_CON_1301_APROVE_FORESTAL_PR1_PR29.pdf
662,4,,,CONSORCIO 4C,GP-15036,,,15_04_Comunic_Recibidas/2021/CI004_GP-15036_070401_ANI_037211-1_DP_LUIS_SANABRIA.pdf
661,1,,,CONSORCIO 4C,GP-14060,,,15_04_Comunic_Recibidas/2021/CI004_GP-14060_050300_CON_0457_ACUERD_COVID-19_COBRO_PEAJES.pdf
660,4,,,CONSORCIO 4C,GP-14656,,,15_04_Comunic_Recibidas/2021/CI004_GP-14656_070109_CON_1246_CENTRO_BIENES_ANIMAL.pdf
665,1,,,CONSORCIO 4C,GP-14179,,,15_04_Comunic_Recibidas/2021/CI004_GP-14179_050300_ANI_011641-1_SUSCRIPCION_OTROSI_11.pdf
663,4,,,CONSORCIO 4C,GP-14686,,,15_04_Comunic_Recibidas/2021/CI004_GP-14686_070104_CON_1296_SEÑAL_DETEC_ELECTR_PR23-PR26+200.pdf
664,1,,,CONSORCIO 4C,GP-13816,,,15_04_Comunic_Recibidas/2021/CI004_GP-13816_070110_CON_0013_PAG_SEGYSAL_OCT_SEP.pdf
666,1,,,CONSORCIO 4C,GP-13840,,,15_04_Comunic_Recibidas/2021/CI004_GP-13840_050300_CON_0110_PLAZO_CURA_POLIZAS.pdf
667,2,,,CONSORCIO 4C,GP-14266,,,15_04_Comunic_Recibidas/2021/CI004_GP-14266_070108_CON_0728_SIEMB_COMPENS_EXP_60699.pdf
670,2,,,CONSORCIO 4C,GP-14946,,,15_04_Comunic_Recibidas/2021/CI004_GP-14946_070108_CON_1626_AUTO_DRAM_0802_EXP_51738.pdf
669,2,,,CONSORCIO 4C,GP-13786,,,15_04_Comunic_Recibidas/2021/CI004_GP-13786_070108_CON_0020_INF_SEM_N07_RESOL_2284.pdf
668,1,,,CONSORCIO 4C,GP-15052,,,15_04_Comunic_Recibidas/2021/CI004_GP-15052_070108_CON_1744_ENTREGA_ICA_N8.pdf
671,1,,,CONSORCIO 4C,GP-14624,,,15_04_Comunic_Recibidas/2021/CI004_GP-14624_070109_CON_1210_SCTUD_REUNION_GUADUAS.pdf
674,2,,,CONSORCIO 4C,GP-14351,,,15_04_Comunic_Recibidas/2021/CI004_GP-14351_050300_ANI_016278-1_POLIZA_NPH_PR3+600.pdf
672,1,,,CONSORCIO 4C,GP-14337,,,15_04_Comunic_Recibidas/2021/CI004_GP-14337_070304_CON_0802_FICHAS_TECNICAS.pdf
675,2,,,CONSORCIO 4C,GP-15139,,,15_04_Comunic_Recibidas/2021/CI004_GP-15139_070108_CON_1857_SOPORT_PAG_AUTO_ANLA_07998.pdf
673,6,,,CONSORCIO 4C,GP-14772,,,15_04_Comunic_Recibidas/2021/CI004_GP-14772_050300-070304_CON_1402_SANEA_INCUMP_DEFENS.pdf
679,4,,,CONSORCIO 4C,GP-14959,,,15_04_Comunic_Recibidas/2021/CI004_GP-14959_070108_CON_1647_SEG_AUTO_DRAM_0800_EXP_51840.pdf
678,2,,,CONSORCIO 4C,GP-15001,,,15_04_Comunic_Recibidas/2021/CI004_GP-15001_020200_ANI_036359-1_APROBA_HV_ESP_PAV_GEOTEC.pdf
680,2,,,CONSORCIO 4C,GP-14722,,,15_04_Comunic_Recibidas/2021/CI004_GP-14722_070201_CON_1357_VALORA_OBLIG_CONTING_JUL21.pdf
681,3,,,CONSORCIO 4C,GP-15073,,,15_04_Comunic_Recibidas/2021/CI004_GP-15073_070108_CON_1776_OBLIG_AUTO_DRBM_04216001041.pdf
676,3,,,CONSORCIO 4C,GP-14243,,,15_04_Comunic_Recibidas/2021/CI004_GP-14243_070402_CON_0663_EXP_SOCIAL.pdf
682,1,,,CONSORCIO 4C,GP-14645,,,15_04_Comunic_Recibidas/2021/CI004_GP-14645_070307_ANI_025752-1_ACCID_VICTIMA_FATAL_UF1.pdf
677,4,,,CONSORCIO 4C,GP-14407,,,15_04_Comunic_Recibidas/2021/CI004_GP-14407_050300-070303_ANI_018139-1_SANEA_INCUMPLI_SICC.pdf
683,38,,,CONSORCIO 4C,GP-14062,,,15_04_Comunic_Recibidas/2021/CI004_GP-14062_050300-090300_CON_0460_PDTES_UF5.pdf
684,2,Fiducia Pública,,CONSORCIO 4C,GP-13976,22/02/2021,ESTADOS FINANCIEROS MES DE ENERO DE DE 2021 | PA 63664 ALTO MAGDALENA,15_04_Comunic_Recibidas/2021/CI004_GP-13976_070202_FBTA_SINNUMERO_ESTAD_FINAN_ENE21.pdf
685,2,CONCESIÓN ALTO MAGDALENA S.A.S.,,CONSORCIO 4C,GP-14587,04/08/2021,Entrega Registro consolidado de recuperación de espacio público Julio 2021.,15_04_Comunic_Recibidas/2021/CI004_GP-14587_070109_CON_1147_RECUPERA_ESPACI_PUB_JUL21.pdf
686,2,CONCESION ALTO MAGDALENA S.A.S.,,CONSORCIO 4C,GP-14079,23/03/2021,Cuenta de Cobro No.4 - Aportes Contingencia Subcuenta Redes,15_04_Comunic_Recibidas/2021/CI004_GP-14079_050300-070115_CON_0480_CTA_COBRO_N04.pdf
687,1,ANI,,CONSORCIO 4C,GP-14453,23/06/2021,Comunicado No. ALMA-2021-0913 con radicado ANI No. 20214090676142; Evasión Peaje Guataquí – Contrato de Interventoría 145 de 2014 - Proyecto Girardot - Honda - Puerto Salgar. Consorcio 4C.,15_04_Comunic_Recibidas/2021/CI004_GP-14453_070301_ANI_018936-1_EVASION_PEAJE_GUATAQUI.pdf
688,1,CONCESION ALTO MAGDALENA S.A.S.,,CONSORCIO 4C,GP-14750,18/08/2021,"Entrega expediente predial ALMA-5-0012-1, para revisión y aprobación de componente social.",15_04_Comunic_Recibidas/2021/CI004_GP-14750_070402_CON_1203_ENTREG_EXP_SOCIAL.pdf
689,3,,,CONSORCIO 4C,GP-14345,,,15_04_Comunic_Recibidas/2021/CI004_GP-14345_070109_ANI_016070-1_DP_NAGASI_SAS.pdf
690,2,,,CONSORCIO 4C,GP-14451,,,15_04_Comunic_Recibidas/2021/CI004_GP-14451_070111_ANI_018807-1_IMPLEMENT_PMT_UF3_UF4.pdf
691,1,,,CONSORCIO 4C,GP-14844,,,15_04_Comunic_Recibidas/2021/CI004_GP-14844_070108_CON_1509_PAG_LEV_TOPO_DINAMARCA.pdf
693,2,,,CONSORCIO 4C,GP-15014,,,15_04_Comunic_Recibidas/2021/CI004_GP-15014_070108_CON_1709_PAG_AUTO_DRMC_0787_EXP_51493.pdf
694,2,,,CONSORCIO 4C,GP-14954,,,15_04_Comunic_Recibidas/2021/CI004_GP-14954_070500_CON_1641_REV_MEMOTEC_JUL21.pdf
692,4,,,CONSORCIO 4C,GP-14299,,,15_04_Comunic_Recibidas/2021/CI004_GP-14299_070115-070201_ANI_015022-1_APROB_SCTA_REDES.pdf
695,1,,,CONSORCIO 4C,GP-13893,,,15_04_Comunic_Recibidas/2021/CI004_GP-13893_070109_CON_0186_INF_RECUPE_ESPAC_PUB_K24+950.pdf
696,31,,,CONSORCIO 4C,GP-14339,,,15_04_Comunic_Recibidas/2021/CI004_GP-14339_070108_CON_0834_EXCLUS_AUTO_DRAM_1065.pdf
697,2,,,CONSORCIO 4C,GP-14200,,,15_04_Comunic_Recibidas/2021/CI004_GP-14200_070108_CON_0654_SOPORT_PAG_DRMC_0209.pdf
698,1,,,CONSORCIO 4C,GP-14052,,,15_04_Comunic_Recibidas/2021/CI004_GP-14052_070401_CON_0319_INF_PREDIAL_FEB21.pdf
699,4,,,CONSORCIO 4C,GP-14324,,,15_04_Comunic_Recibidas/2021/CI004_GP-14324_050300_CON_0792_POLIZA_NPH_PR3+600.pdf
700,4,,,CONSORCIO 4C,GP-14757,,,15_04_Comunic_Recibidas/2021/CI004_GP-14757_070109_CON_1397_FAJAS_RETIRO_LEY_1228.pdf
701,6,,,CONSORCIO 4C,GP-14151,,,15_04_Comunic_Recibidas/2021/CI004_GP-14151_070300_CON_0572_DEFICI_SISTEM_POSTES_SOS.pdf
702,6,,,CONSORCIO 4C,GP-14120,,,15_04_Comunic_Recibidas/2021/CI004_GP-14120_050300_ANI_009459-1_PLAZ_CURA_CAÑO_GRANDE.pdf
703,2,,,CONSORCIO 4C,GP-14221,,,15_04_Comunic_Recibidas/2021/CI004_GP-14221_050300_CON_0671_INFO_OBLIGA_CONTINGENTES.pdf
704,1,,,CONSORCIO 4C,GP-13940,,,15_04_Comunic_Recibidas/2021/CI004_GP-13940_070202-070208_CON_0248_FOR_GCSP_F009_ENE21.pdf
705,2,,,CONSORCIO 4C,GP-14047,,,15_04_Comunic_Recibidas/2021/CI004_GP-14047_070201_CON_0445_INF_ING_EGRE_FEB21.pdf
706,1,,,CONSORCIO 4C,GP-13972,,,15_04_Comunic_Recibidas/2021/CI004_GP-13972_070108_CON_0287_SCTUD_PERMI_OCUP_CAUCE.pdf
707,2,,,CONSORCIO 4C,GP-14825,,,15_04_Comunic_Recibidas/2021/CI004_GP-14825_070109_ANI_030888-1_PQRS_DANIEL_BEDOYA.pdf
708,4,,,CONSORCIO 4C,GP-14698,,,15_04_Comunic_Recibidas/2021/CI004_GP-14698_050300_CON_1320_FALLAS_EQUIPOS_RECEPTORES.pdf
709,2,,,CONSORCIO 4C,GP-14924,,,15_04_Comunic_Recibidas/2021/CI004_GP-14924_070108_CON_1601_AUTO_DRAM_0803_EXP_51734.pdf
710,4,,,CONSORCIO 4C,GP-14300,,,15_04_Comunic_Recibidas/2021/CI004_GP-14300_050300_ANI_015094-1_PDTES_NPH.pdf
711,8,,,CONSORCIO 4C,GP-14331,,,15_04_Comunic_Recibidas/2021/CI004_GP-14331_070108_CON_0796_REPOSI_DRAM_0416.pdf
712,4,,,CONSORCIO 4C,GP-14919,,,15_04_Comunic_Recibidas/2021/CI004_GP-14919_070202_CON_1595_ESTAD_FINAN_JUN21.pdf
713,8,,,CONSORCIO 4C,GP-14570,,,15_04_Comunic_Recibidas/2021/CI004_GP-14570_050300-070401_ANI_023588-1_PLAZ_CURA_CERCAS_UF2.pdf
714,4,,,CONSORCIO 4C,GP-14714,,,15_04_Comunic_Recibidas/2021/CI004_GP-14714_070104_CON_1340_INUNDA_CALZADA_PR81+740.pdf
715,4,,,CONSORCIO 4C,GP-15167,,,15_04_Comunic_Recibidas/2021/CI004_GP-15167_070109_FGUTIERREZ_SINNUMERO_DERECHO_PETICION.pdf
716,6,,,CONSORCIO 4C,GP-14441,,,15_04_Comunic_Recibidas/2021/CI004_GP-14441_070107_CON_0948_ESTUD_HIDRAU_PR19+950.pdf
717,2,,,CONSORCIO 4C,GP-15010,,,15_04_Comunic_Recibidas/2021/CI004_GP-15010_070108_CON_1706_PAG_AUTO_DRBM_0797_EXP_60234.pdf
718,1,,,CONSORCIO 4C,GP-14728,,,15_04_Comunic_Recibidas/2021/CI004_GP-14728_070402_ANI_028237-1_DP_JOSE_BARRAGAN.pdf
719,4,,,CONSORCIO 4C,GP-14775,,,15_04_Comunic_Recibidas/2021/CI004_GP-14775_070108_CON_1410_OCUPA_CAUCE_PR12+680_UF4.pdf
720,2,,,CONSORCIO 4C,GP-15055,,,15_04_Comunic_Recibidas/2021/CI004_GP-15055_050300-070401_CON_1756_SCTUD_INF_SEM_EER_PREDIAL.pdf
721,2,,,CONSORCIO 4C,GP-14743,,,15_04_Comunic_Recibidas/2021/CI004_GP-14743_070108_CON_1372_SEG_CTROL_AMB_DRAM_0713.pdf
722,10,,,CONSORCIO 4C,GP-14611,,,15_04_Comunic_Recibidas/2021/CI004_GP-14611_070108_CON_1193_RESOL_VSC_000649.pdf
723,4,,,CONSORCIO 4C,GP-14744,,,15_04_Comunic_Recibidas/2021/CI004_GP-14744_070108_CON_1373_SEG_CTROL_AMB_DRAM_0858.pdf
724,1,,,CONSORCIO 4C,GP-14298,,,15_04_Comunic_Recibidas/2021/CI004_GP-14298_070401_CON_0642_INF_PREDIAL_ABR_21.pdf
725,2,,,CONSORCIO 4C,GP-15070,,,15_04_Comunic_Recibidas/2021/CI004_GP-15070_010000_ANI_037971-1_ENTREGA_ARCHIVO.pdf
726,1,,,CONSORCIO 4C,GP-13833,,,15_04_Comunic_Recibidas/2021/CI004_GP-13833_070202-070208_CON_0093_FOR_GCSP-F009_DIC20.pdf
727,2,,,CONSORCIO 4C,GP-14472,,,15_04_Comunic_Recibidas/2021/CI004_GP-14472_050300_ANI_019867-1_PLAZ_CURA_CUENT_REDES.pdf
728,2,,,CONSORCIO 4C,GP-14107,,,15_04_Comunic_Recibidas/2021/CI004_GP-14107_070201-070109_CON_0519_FOR_GCSP_F203_MAR21.pdf
729,2,,,CONSORCIO 4C,GP-14667,,,15_04_Comunic_Recibidas/2021/CI004_GP-14667_020200_ANI_026323-1_APROBA_HV_INTERV.pdf
730,2,,,CONSORCIO 4C,GP-14818,,,15_04_Comunic_Recibidas/2021/CI004_GP-14818_070109_CON_1484_RECUPERA_ESPAC_PUB_SEP21.pdf
731,2,,,CONSORCIO 4C,GP-14851,,,15_04_Comunic_Recibidas/2021/CI004_GP-14851_070104_ANI_032074-1_PATOLOGIAS_NPH.pdf
732,2,,,CONSORCIO 4C,GP-14635,,,15_04_Comunic_Recibidas/2021/CI004_GP-14635_070108_CON_1217_OBLIGA_PAG_DRAM_0504.pdf
733,2,,,CONSORCIO 4C,GP-14486,,,15_04_Comunic_Recibidas/2021/CI004_GP-14486_070201_FBTA_INTV0111_TRASLAD_FONDOS.pdf
734,1,CONCESION ALTO MAGDALENA S.A.S.,,CONSORCIO 4C,GP-14169,20/04/2021,Remisión de Actas de retribución de UF 1 a la UF5 mes de febrero de 2021.,15_04_Comunic_Recibidas/2021/CI004_GP-14169_070210_CON_0618_ACTAS_RETRIB_UF1-UF5_FEB21.pdf
735,2,CONCESIÓN ALTO MAGDALENA S.A.S.,,CONSORCIO 4C,GP-15154,16/12/2021,Respuesta Auto DRAM No. 03216001565 del 6 de diciembre de 2021. Expediente 69115.,15_04_Comunic_Recibidas/2021/CI004_GP-15154_070108_CON_1867_AUTO_DRAM_03216001565.pdf
737,1,CONCESIÓN ALTO MAGDALENA S.A.S.,ALMA-2021-0708,CONSORCIO 4C,GP-14253,11/05/2021,Informe trimestral Socio - Ambiental 26 - Componente Social,15_04_Comunic_Recibidas/2021/CI004_GP-14253_070109_CON_0708_INF_TRIM_SCIAL_26.pdf
736,6,CONCESION ALTO MAGDALENA S.A.S.,,CONSORCIO 4C,GP-14773,21/09/2021,Respuesta PQRS-UFS-2021-1097 - 31/08/2021 – Solicitud instalación señalización y dispositivos de control de velocidad sector Carrera 15 entre calle 21 y 22 variante de La Dorada.,15_04_Comunic_Recibidas/2021/CI004_GP-14773_070304_CON_1406_INSTALA_DISPOSI_VELOCID.pdf
738,4,CONCESION ALTO MAGDALENA S.A.S,,CONSORCIO 4C,GP-14326,25/05/2021,"Respuesta comunicado CI.004/GP9118/7.1.9 (radicado interno ALMA-R-0634). Observaciones informe Trimestral Socio – Ambiental 26, componente social.",15_04_Comunic_Recibidas/2021/CI004_GP-14326_070109_CON_0794_OBS_INF_TRIM_SOCIAL_26.pdf
741,2,CONCESION ALTO MAGDALENA S.A.S.,,CONSORCIO 4C,GP-13932,10/02/2021,Situación Puente Honda de cara al cumplimiento de obligaciones del Concesionario.,15_04_Comunic_Recibidas/2021/CI004_GP-13932_050300_CON_0251_SITUACION_PTE_HONDA.pdf
739,1,,,CONSORCIO 4C,GP-14548,27/07/2021,Respuesta a su radicado No CI.004/GP9251/21/9.2 y CI.004/GP9252/21/9.2 con los radicados ANI No. 20214090762262 y No. 20214090764732 del 09 de julio de 2021 - Aprobación Informe de Interventoría No. 80 correspondiente al 01 al 30 de junio de 2021 - Contrato de Interventoría 145 de 2014 - Proyecto Girardot - Honda - Puerto Salgar.,15_04_Comunic_Recibidas/2021/CI004_GP-14548_090300_ANI_022656-1_APROB_INF_N80.pdf
740,2,Agencia Nacional de Infraestructura - ANI,,CONSORCIO 4C,GP-14261,12-05-2021,"Solicitud respuesta Derecho de Petición con radicado ANI No. 20214090132842 - Proyecto Girardot – Honda – Puerto Salgar, Contrato de Concesión 003 de 2014. Alto Magdalena S.A.S.",15_04_Comunic_Recibidas/2021/CI004_GP-14261_070109_ANI_014324-1_DP_OALZATE.pdf
742,1,CONCESION ALTO MAGDALENA S.A.S.,,CONSORCIO 4C,GP-14597,09/08/2021,Entrega Informe Gerencial Mensual N° 81 - Julio de 2021,15_04_Comunic_Recibidas/2021/CI004_GP-14597_070500_CON_1161_INF_MEN_N81_JUL21.pdf
744,2,CONCESION ALTO MAGDALENA S.A.S.,CI004/7.1.9,CONSORCIO 4C,GP-14936,08/11/2021,Entrega Registro consolidado recuperación de espacio público octubre 2021.,15_04_Comunic_Recibidas/2021/CI004_GP-14936_070109_CON_1617_RECUPE_ESPACIO_PUB_OCT21.pdf
743,2,,,CONSORCIO 4C,GP-14902,02/11/2021,Remisión comunicado No. ALMA-2021-1570 con radicado ANI No. 20214091264182 – Recibo de Pago Póliza RCE No. 802011852 Anexo 17567 – Contrato de Interventoría 145 de 2014 - Proyecto Girardot - Honda - Puerto Salgar. Consorcio 4C.,15_04_Comunic_Recibidas/2021/CI004_GP-14902_050300_ANI_034186-1_PAGO_POLIZA_RCE_802011852.pdf
745,2,CONCESIÓN ALTO MAGDALENA S.A.S.,,CONSORCIO 4C,GP-15022,22/11/2021,Cumplimiento obligación pago servicio de seguimiento y control ambiental. Auto DRMC 0797 del 06/09/2021 (Rad. Int. ALMA-R-2021-1337 del 13/09/2021). Expediente 51533,15_04_Comunic_Recibidas/2021/CI004_GP-15022_070108_CON_1718_PAG_AUTO_DRMC_0797_EXP_51533.pdf
747,1,CONCESION ALTO MAGDALENA S.A.S.,,CONSORCIO 4C,GP-14520,19/07/2021,"Respuesta comunicación CI.004/GP9235/21/5.3, (Rad. int ALMA-R-2021-0915) Requerimiento formal – presentación informe semanal de avance y gestión – Evento Eximente de Responsabilidad Conexión ITS de la UFS",15_04_Comunic_Recibidas/2021/CI004_GP-14520_050300_CON_1062_EER_CONEXION_ITS_UF5.pdf
746,14,CONCESION ALTO MAGDALENA S.A.S.,,CONSORCIO 4C,GP-15048,29/11/2021,Respuesta oficio CAR 03212010012 (Rad. Int. ALMA-R-2021-1713 - 17/11/2021). Solicito copia Informe Técnico No. 0785 del 17 de noviembre de 2021. Expediente 62374.,15_04_Comunic_Recibidas/2021/CI004_GP-15048_070108_CON_1748_SCTUD_INF_TEC_0785_EXP_62374.pdf
748,4,CONCESION ALTO MAGDALENA S.A.S.,,CONSORCIO 4C,GP-14536,23/07/2021,"Respuesta oficio Interventoría CI.004/GP9225/21/5.3 (Rad.ALMA-R-2021-0901) Solicitud No objeción Plazo de Cura, CI.004/GP9058/21/5.3 (Rad. ALMA-R-2021-0483) Pagos Subcuenta Redes.",15_04_Comunic_Recibidas/2021/CI004_GP-14536_070202_CON_1092_PAG_SUBCTA_REDES.pdf
749,2,CONCESION ALTO MAGDALENA S.A.S.,,CONSORCIO 4C,GP-15180,29/12/2021,"Respuesta observaciones comunicado CI.004-GP9614-21-7.1.7 - (Rad. Int.: ALMA-R-2021-1775 – 29/11/2021) - “CONCEPTO TECNICO DE LA SOLUCIÓN A LA PROBLEMÁTICA DE INUNDACIÓN EN EL SECTOR PR81+826 - PR82+415, UNIDAD FUNCIONAL 3”",15_04_Comunic_Recibidas/2021/CI004_GP-15180_070107_CON_1901_INUNDA_PR_81+826_UF3.pdf
751,2,CONCESIÓN ALTO MAGDALENA S.A.S.,,CONSORCIO 4C,GP-14270,14/05/2021,Siembra compensaciones. Expediente 61893,15_04_Comunic_Recibidas/2021/CI004_GP-14270_070108_CON_0732_SIEMB_COMPENS_EXP_61893.pdf
750,24,CONCESIÓN ALTO MAGDALENA S.A.S.,,CONSORCIO 4C,GP-14564,03/08/2021,"RECURSO DE REPOSICIÓN contra el Auto DRAM 03216000547 del 11 de junio de 2021, «Por medio del cual se ordena un cobro y se adoptan otras determinaciones» (Rad. Interna ALMA-R-2021-0998 del 21 de julio de 2021)",15_04_Comunic_Recibidas/2021/CI004_GP-14564_070108_CON_1124_REPOSI_DRAM_03216000547.pdf
752,2,CONCESIÓN ALTO MAGDALENA S.A.S.,ALMA-2021-0204,CONSORCIO 4C,GP-13908,03/02/2021,"Entrega soporte de pago por concepto de seguimiento y control ambiental para el año 2020, en cumplimiento a la obligación establecida en el Auto DRAM 1229 del 10 de diciembre de 2020. Expediente 60750",15_04_Comunic_Recibidas/2021/CI004_GP-13908_070108_CON_0204_SOPORT_PAG_AUTO_DRAM_1229.pdf
753,4,,,CONSORCIO 4C,GP-14016,08/03/2021,Pronunciamiento respecto a la Oferta Formal Compra – PREDIO No. ALMA -2-0122-1. Referencia.- Oficio OFC-602-2021.,15_04_Comunic_Recibidas/2021/CI004_GP-14016_070401_OZARTA_SINNUMERO_PRONUNCIA_OFERTA.pdf
754,2,CONCESION ALTO MAGDALENA S.A.S.,,CONSORCIO 4C,GP-15086,06/12/2021,Cumplimiento obligación pago servicio seguimiento y control ambiental. Auto DRAM 03216000975 del 02/09/2021 (Rad. Int. ALMA-R-2021-1451 del 04/10/2021). Expediente 51884,15_04_Comunic_Recibidas/2021/CI004_GP-15086_070108_CON_1789_PAG_SERV_AMB_EXP_51884.pdf
755,2,CONCESIÓN ALTO MAGDALENA S.A.S.,,CONSORCIO 4C,GP-14710,08/09/2021,"Entrega Acta No. 17 - Ejecución obras de protección, traslado o reubicación de Redes Eléctricas, Acueducto, Alcantarillado e Hidrocarburos.",15_04_Comunic_Recibidas/2021/CI004_GP-14710_070115_CON_1334_ACTA_N17_REDES.pdf
758,6,,,CONSORCIO 4C,GP-14972,,,15_04_Comunic_Recibidas/2021/CI004_GP-14972_050300-070300_ANI_035696-1_PLAZ_CURA_PTES_PEATON.pdf
756,2,CONCESION ALTO MAGDALENA S.A.S.,,CONSORCIO 4C,GP-14561,30/07/2021,Publicación Global Reporting Initiative - GRI y pagina Web Concesión Informe Responsabilidad Social Ambiental-2020.,15_04_Comunic_Recibidas/2021/CI004_GP-14561_070109_CON_1115_INF_RESP_SOCIOAMB_20.pdf
760,2,,,CONSORCIO 4C,GP-14580,,,15_04_Comunic_Recibidas/2021/CI004_GP-14580_070108_CON_1138_PAGO_DRBM_0541.pdf
761,1,,,CONSORCIO 4C,GP-14861,,,15_04_Comunic_Recibidas/2021/CI004_GP-14861_070108-070109_CON_1525_INF_FINAL_PLAN_REASENTA.pdf
762,18,,,CONSORCIO 4C,GP-15107,,,15_04_Comunic_Recibidas/2021/CI004_GP-15107_070108_CON_1830_RESOL_DJUR_50207101107_EXP_81887.pdf
763,2,,,CONSORCIO 4C,GP-13995,,,15_04_Comunic_Recibidas/2021/CI004_GP-13995_070104_CON_0338_IMPLEMENTA_SEÑAL_PR0+000.pdf
764,2,,,CONSORCIO 4C,GP-14774,,,15_04_Comunic_Recibidas/2021/CI004_GP-14774_070108_CON_1404_INF_N08_RESOL_2601_UF4.pdf
765,2,,,CONSORCIO 4C,GP-14022,,,15_04_Comunic_Recibidas/2021/CI004_GP-14022_070108_CON_0410_AUTO_TEMPO_SCV-09031.pdf
766,6,,,CONSORCIO 4C,GP-14529,,,15_04_Comunic_Recibidas/2021/CI004_GP-14529_070108_CON_1073_GEST_RIESG_DESAST_PR66+850.pdf
767,4,,,CONSORCIO 4C,GP-14340,,,15_04_Comunic_Recibidas/2021/CI004_GP-14340_070401_ANI_016163-1_PREDIO_AUTO_0025.pdf
768,2,,,CONSORCIO 4C,GP-15088,,,15_04_Comunic_Recibidas/2021/CI004_GP-15088_070108_CON_1791_PAG_SERV_AMB_EXP_51843.pdf
769,2,,,CONSORCIO 4C,GP-14581,,,15_04_Comunic_Recibidas/2021/CI004_GP-14581_070108_CON_1139_PAGO_DRBM_0542.pdf
770,2,,,CONSORCIO 4C,GP-14787,,,15_04_Comunic_Recibidas/2021/CI004_GP-14787_050300_CON_1424_ACUERDO_EFECT_COVID-19.pdf
759,2,CONCESION ALTO MAGDALENA S.A.S.,,CONSORCIO 4C,GP-13834,18/01/2021,Entrega soportes Pagos de Seguridad Social de noviembre y Salarios de octubre de 2020.,15_04_Comunic_Recibidas/2021/CI004_GP-13834_070110_CON_0084_PAG_SEGYSAL_NOV_OCT.pdf
757,1,Agencia Nacional de Infraestructura,,CONSORCIO 4C,GP-15064,01/12/2021,Respuesta a su comunicado ALMA-2021-1632 con radicado ANI No. 20214091371232 – Informe Gerencial No. 84. - Proyecto Girardot – Honda – Puerto Salgar. Contrato de Concesión 003 de 2014. Concesión Alto Magdalena S.A.S.,15_04_Comunic_Recibidas/2021/CI004_GP-15064_070500_ANI_037845-1_INF_MEN_N84.pdf
773,20,,,CONSORCIO 4C,GP-14462,,,15_04_Comunic_Recibidas/2021/CI004_GP-14462_070104_CON_0970_ACT_PLAN_GEST_RIESG.pdf
771,2,,,CONSORCIO 4C,GP-13835,,,15_04_Comunic_Recibidas/2021/CI004_GP-13835_070108_CON_0092_FIRMA_PREDIO_LA-ESPERANZA.pdf
774,1,,,CONSORCIO 4C,GP-14969,,,15_04_Comunic_Recibidas/2021/CI004_GP-14969_070109_MDORADA_DIV-C-073-2021_SCTUD_DONACION.pdf
772,2,,,CONSORCIO 4C,GP-14860,,,15_04_Comunic_Recibidas/2021/CI004_GP-14860_070202_FBTA_SINNUMERO_INF_MEN_SEP21.pdf
776,2,,,CONSORCIO 4C,GP-14700,,,15_04_Comunic_Recibidas/2021/CI004_GP-14700_070104_ANI_027247-1_SANEA_DEFENSAS_METALICAS.pdf
775,1,,,CONSORCIO 4C,GP-14643,,,15_04_Comunic_Recibidas/2021/CI004_GP-14643_090200_ANI_025487-1_APROBA_INF_N81.pdf
778,2,,,CONSORCIO 4C,GP-15083,,,15_04_Comunic_Recibidas/2021/CI004_GP-15083_070108_CON_1786_PAG_SERV_AMB_EXP_62374.pdf
777,2,,,CONSORCIO 4C,GP-14864,,,15_04_Comunic_Recibidas/2021/CI004_GP-14864_070108_CON_1529_AUTO_DRAM_0955_EXP_51703.pdf
779,1,,,CONSORCIO 4C,GP-15159,,,15_04_Comunic_Recibidas/2021/CI004_GP-15159_070300_MOVITRAM_SINNUMERO_SCTUD_PASO.pdf
780,4,,,CONSORCIO 4C,GP-14970,,,15_04_Comunic_Recibidas/2021/CI004_GP-14970_070110_CON_1669_RECLA_LABORAL_ACABALLERO.pdf
781,2,,,CONSORCIO 4C,GP-14391,,,15_04_Comunic_Recibidas/2021/CI004_GP-14391_070108_CON_0896_PAG_SEG_AMB_RESOL_2218.pdf
782,1,,,CONSORCIO 4C,GP-14176,,,15_04_Comunic_Recibidas/2021/CI004_GP-14176_070202_CON_0626_SEPG_F067_ITRIM_21.pdf
783,1,,,CONSORCIO 4C,GP-13981,,,15_04_Comunic_Recibidas/2021/CI004_GP-13981_070402_CON_0312_ACTUAL_PLAN_COMPENSA.pdf
784,2,,,CONSORCIO 4C,GP-14642,,,15_04_Comunic_Recibidas/2021/CI004_GP-14642_050300_ANI_025328-1_ACTUALIZA_POLIZA.pdf
785,1,,,CONSORCIO 4C,GP-14165,,,15_04_Comunic_Recibidas/2021/CI004_GP-14165_070108_CON_0595_OBS_INF_TRIM_AMB_N24.pdf
786,1,,,CONSORCIO 4C,GP-13826,3 de diciembre de 2020,,15_04_Comunic_Recibidas/2021/CI004_GP-13826_070108_CON_3165_ENVIO_FORMULA_REGALIAS.pdf
787,4,,,CONSORCIO 4C,GP-14231,,,15_04_Comunic_Recibidas/2021/CI004_GP-14231_070303_CON_0681_ELUSION_PEAJE_CHICORAL.pdf
788,2,,,CONSORCIO 4C,GP-15097,,,15_04_Comunic_Recibidas/2021/CI004_GP-15097_070108_CON_1811_PAG_SERV_AMB_EXP_51526.pdf
789,1,,,CONSORCIO 4C,GP-15100,,,15_04_Comunic_Recibidas/2021/CI004_GP-15100_010000_ANI_038224-1_ACT_POLIZA_RCE.pdf
790,1,,,CONSORCIO 4C,GP-14166,,,15_04_Comunic_Recibidas/2021/CI004_GP-14166_070104_CON_0597_MODIFI_SEÑAL_INFO_UF1_UF2.pdf
791,14,,,CONSORCIO 4C,GP-14494,,,15_04_Comunic_Recibidas/2021/CI004_GP-14494_070109_CON_1037_COMPRO_PTO_BGTA.pdf
792,2,,,CONSORCIO 4C,GP-14228,,,15_04_Comunic_Recibidas/2021/CI004_GP-14228_070108_CON_0677_CUMPLI_COMPENSA_AMB.pdf
793,4,,,CONSORCIO 4C,GP-14004,,,15_04_Comunic_Recibidas/2021/CI004_GP-14004_070109_CON_0347_INCONSISTENCIAS_SICC.pdf
794,4,,,CONSORCIO 4C,GP-14664,,,15_04_Comunic_Recibidas/2021/CI004_GP-14664_070109_CON_1254_CENTRO_BIENES_ANIMAL.pdf
795,1,,,CONSORCIO 4C,GP-13823,,,15_04_Comunic_Recibidas/2021/CI004_GP-13823_090300_CON_0068_PLANOS_RECORD.pdf
796,36,,,CONSORCIO 4C,GP-14216,,,15_04_Comunic_Recibidas/2021/CI004_GP-14216_070500_CON_0664_MEMOTEC_DIC20.pdf
797,40,,,CONSORCIO 4C,GP-14889,,,15_04_Comunic_Recibidas/2021/CI004_GP-14889_070109_CON_1567_INVASI_ESP_PUB_ELUSI_PEAJ_GUATAQUI.pdf
798,2,,,CONSORCIO 4C,GP-14858,,,15_04_Comunic_Recibidas/2021/CI004_GP-14858_070104_ANI_032211-1_EYD_PR66+820_UF3.pdf
799,2,,,CONSORCIO 4C,GP-15075,,,15_04_Comunic_Recibidas/2021/CI004_GP-15075_070108_CON_1783_PAG_SERV_AMB_EXP_89971.pdf
800,2,,,CONSORCIO 4C,GP-15150,,,15_04_Comunic_Recibidas/2021/CI004_GP-15150_070108_CON_1863_ENTREG_INF_N10_RESOL_2280.pdf
801,8,,,CONSORCIO 4C,GP-14246,,,15_04_Comunic_Recibidas/2021/CI004_GP-14246_070402_CON_0699_DP_PMONTERO.pdf
802,2,,,CONSORCIO 4C,GP-14531,,,15_04_Comunic_Recibidas/2021/CI004_GP-14531_070110_CON_1077_PAG_SEGYSAL_MAR_FEB.pdf
803,2,,,CONSORCIO 4C,GP-14699,,,15_04_Comunic_Recibidas/2021/CI004_GP-14699_070104_ANI_027251-1_DP_COMUNID_CRA15_DORADA.pdf
804,2,,,CONSORCIO 4C,GP-14862,,,15_04_Comunic_Recibidas/2021/CI004_GP-14862_070104-070109_CON_1534_SCTUD_ADECUA_BAHIA.pdf
805,1,,,CONSORCIO 4C,GP-14803,,,15_04_Comunic_Recibidas/2021/CI004_GP-14803_050300_CON-1461_POLIZAS_EER_PREDIAL.pdf
806,4,,,CONSORCIO 4C,GP-15140,,,15_04_Comunic_Recibidas/2021/CI004_GP-15140_070108_CON_1858_CUMPLI_OBLIG_AUTO_DRBM_04216001048.pdf
807,1,,,CONSORCIO 4C,GP-13877,,,15_04_Comunic_Recibidas/2021/CI004_GP-13877_050300-070303_CON_0160_MAL_FUNCIONA_SICC.pdf
808,1,,,CONSORCIO 4C,GP-14430,,,15_04_Comunic_Recibidas/2021/CI004_GP-14430_070108_CON_0932_NOTIFI_EXP_62373.pdf
809,1,,,CONSORCIO 4C,GP-14764,,,15_04_Comunic_Recibidas/2021/CI004_GP-14764_070301_IEDNFEDERMAN_105-21_SCTUD_COSTO_PEAJE.pdf
810,2,,,CONSORCIO 4C,GP-14187,,,15_04_Comunic_Recibidas/2021/CI004_GP-14187_070104_ANI_011988-1_ELUSION_PEAJE_CHICORAL.pdf
811,2,,,CONSORCIO 4C,GP-15013,,,15_04_Comunic_Recibidas/2021/CI004_GP-15013_070108_CON_1708_PAG_AUTO_DRBM_0803_EXP_62041.pdf
812,1,,,CONSORCIO 4C,GP-14450,,,15_04_Comunic_Recibidas/2021/CI004_GP-14450_070500_ANI_018946-1_INF_MENSUAL_N77.pdf
813,4,,,CONSORCIO 4C,GP-13799,,,15_04_Comunic_Recibidas/2021/CI004_GP-13799_070109_CON_0015_ACTAS_ARQUEO_N°5640.pdf
814,2,,,CONSORCIO 4C,GP-14439,,,15_04_Comunic_Recibidas/2021/CI004_GP-14439_070111_ANI_018808-1_IMPLEMENT_PMT_UF3_UF4.pdf
815,6,,,CONSORCIO 4C,GP-14294,,,15_04_Comunic_Recibidas/2021/CI004_GP-14294_070201_CON_0755_FONSECON_LEY_1106_ABR21.pdf
816,1,,,CONSORCIO 4C,GP-15003,,,15_04_Comunic_Recibidas/2021/CI004_GP-15003_070401_CON_1616_EXP_FINALES_5-0054_5-0055_5-0096.pdf
818,1,,,CONSORCIO 4C,GP-14104,,,15_04_Comunic_Recibidas/2021/CI004_GP-14104_070109_ANI_008933-1_INVITA_REUN_GUADUAS.pdf
817,2,,,CONSORCIO 4C,GP-14084,,,15_04_Comunic_Recibidas/2021/CI004_GP-14084_070108_CON_0482_SOPORT_PAG_SEG_AMB.pdf
819,4,,,CONSORCIO 4C,GP-14726,,,15_04_Comunic_Recibidas/2021/CI004_GP-14726_050300_CON_1359_RECIBOS_PAGO_POLIZAS.pdf
820,4,,,CONSORCIO 4C,GP-13998,,,15_04_Comunic_Recibidas/2021/CI004_GP-13998_050300_ANI_005939-1_PLAZO_CURA_MAYOR_VALOR.pdf
821,4,,,CONSORCIO 4C,GP-15082,,,15_04_Comunic_Recibidas/2021/CI004_GP-15082_070108_CON_1785_PAG_SERV_AMB_EXP_51721.pdf
822,2,,,CONSORCIO 4C,GP-14690,,,15_04_Comunic_Recibidas/2021/CI004_GP-14690_070108_CON_1297_AUTO_DRAM_0698_EXP_52181.pdf
823,2,,,CONSORCIO 4C,GP-13868,,,15_04_Comunic_Recibidas/2021/CI004_GP-13868_070202_ANI_001720-1_SCTUD_INFO_FOR_GCSP_F301.pdf
824,2,,,CONSORCIO 4C,GP-14023,,,15_04_Comunic_Recibidas/2021/CI004_GP-14023_050300_CON_0413_RTA_SCTUD_LIQUIDA.pdf
825,14,,,CONSORCIO 4C,GP-14880,,,15_04_Comunic_Recibidas/2021/CI004_GP-14880_070108_CON_1553_SCTUD_INFO_TEC_N660.pdf
826,4,,,CONSORCIO 4C,GP-14756,,,15_04_Comunic_Recibidas/2021/CI004_GP-14756_070109_CON_1396_OBS_REUNI_PTO_BGTA.pdf
827,1,,,CONSORCIO 4C,GP-13964,,,15_04_Comunic_Recibidas/2021/CI004_GP-13964_070108_CON_0278_PRORROGA_OBLIG_AMB.pdf
828,22,,,CONSORCIO 4C,GP-14721,,,15_04_Comunic_Recibidas/2021/CI004_GP-14721_050300_CON_1353_ESTUD_DISEÑ_PTE_PR28+960_UF5.pdf
829,2,,,CONSORCIO 4C,GP-14127,,,15_04_Comunic_Recibidas/2021/CI004_GP-14127_070402_CON_0541_PDTES_FICHAS_SCIALES_UF3.pdf
830,4,,,CONSORCIO 4C,GP-14994,,,15_04_Comunic_Recibidas/2021/CI004_GP-14994_070303_CON_1695_REITERA_HALLAZG_SPT.pdf
831,18,,,CONSORCIO 4C,GP-14174,,,15_04_Comunic_Recibidas/2021/CI004_GP-14174_070202_CON_0628_ACTUALIZA_INVENTARIO.pdf
832,2,,,CONSORCIO 4C,GP-13830,,,15_04_Comunic_Recibidas/2021/CI004_GP-13830_070108_CON_0089_NOTIFI_AUTO_DRAM_1229.pdf
833,2,,,CONSORCIO 4C,GP-14563,,,15_04_Comunic_Recibidas/2021/CI004_GP-14563_070500_CON_1121_OBS_INFO_JUN_21.pdf
834,1,,,CONSORCIO 4C,GP-14813,,,15_04_Comunic_Recibidas/2021/CI004_GP-14813_070201_CON_1476_ACTAS_RETRIBU_UF1_3_4_AGO21.pdf
835,1,,,CONSORCIO 4C,GP-13927,,,15_04_Comunic_Recibidas/2021/CI004_GP-13927_070500_CON_0231_MEMOTEC_DIC20.pdf
836,1,,,CONSORCIO 4C,GP-14798,,,15_04_Comunic_Recibidas/2021/CI004_GP-14798_070108_ANI_030459-1_PREPARA_ALISTA_2T_LLUVIAS.pdf
837,2,,,CONSORCIO 4C,GP-14040,,,15_04_Comunic_Recibidas/2021/CI004_GP-14040_070108_CON_0423_SIEMB_COMPENSA_EXP_62025.pdf
839,4,,,CONSORCIO 4C,GP-15181,,,15_04_Comunic_Recibidas/2021/CI004_GP-15181_070303_CON_1905_NIVEL_SERV_CICLORUTA_NOV21.pdf
838,6,,,CONSORCIO 4C,GP-14834,,,15_04_Comunic_Recibidas/2021/CI004_GP-14834_070202_CON_1504_FOR_GCSP_F009_SEP21.pdf
840,4,,,CONSORCIO 4C,GP-14054,,,15_04_Comunic_Recibidas/2021/CI004_GP-14054_070104_CON_0451_REITERA_MEDID_SER_AMB_S.A_E.S.P.pdf
841,6,,,CONSORCIO 4C,GP-14736,,,15_04_Comunic_Recibidas/2021/CI004_GP-14736_050300_CON_1378_PLAZ_CURA_PAGO_POLIZAS.pdf
842,2,,,CONSORCIO 4C,GP-14874,,,15_04_Comunic_Recibidas/2021/CI004_GP-14874_070108_CON_1547_AUTO_SRAM_01043_EXP_51886.pdf
843,1,,,CONSORCIO 4C,GP-14168,,,15_04_Comunic_Recibidas/2021/CI004_GP-14168_070210_CON_0619_ACTA_RETRIBU_UF3_FEB20.pdf
844,24,,,CONSORCIO 4C,GP-14784,,,15_04_Comunic_Recibidas/2021/CI004_GP-14784_050300_CON_1417_INF_INCUMP_CERCAS_UF3_4.pdf
845,36,,,CONSORCIO 4C,GP-14348,,,15_04_Comunic_Recibidas/2021/CI004_GP-14348_070108_CON_0840_CUMPLI_RESOL_0641.pdf
846,1,,,CONSORCIO 4C,GP-14870,,,15_04_Comunic_Recibidas/2021/CI004_GP-14870_070108_CON_1533_ENTREG_ICA_N10.pdf
847,4,,,CONSORCIO 4C,GP-14957,,,15_04_Comunic_Recibidas/2021/CI004_GP-14957_070108_CON_1645_SEG_AUTO_DRAM_0793_EXP_51730.pdf
848,2,,,CONSORCIO 4C,GP-14767,,,15_04_Comunic_Recibidas/2021/CI004_GP-14767_050300_ANI_028802-1_EER_PREDIAL_UF5.pdf
849,2,,,CONSORCIO 4C,GP-13924,,,15_04_Comunic_Recibidas/2021/CI004_GP-13924_070109_CON_0227_REGISTRO_RECUPE_ESPACIO_PUB.pdf
850,8,,,CONSORCIO 4C,GP-15103,,,15_04_Comunic_Recibidas/2021/CI004_GP-15103_070109_CON_1815_DP_RAMON_QUINTERO.pdf
851,6,CONCESIÓN ALTO MAGDALENA S.A.S.,,CONSORCIO 4C,GP-15129,13/12/2021,Respuesta oficio CAR 07212005894 (Rad. Int. ALMA-R-2021-1706 del 16-11-2021). Solicitud permiso de ocupación de cauce PR 12+680 Unidad Funcional 4 Sub sector 2 Ruta 45-09 quebrada “Tamarindo”,15_04_Comunic_Recibidas/2021/CI004_GP-15129_070108_CON_1841_PERMI_OCUPA_CAUCE_PR12+680_UF4.pdf
854,2,Fiduciaria Bogotá,,CONSORCIO 4C,GP-14653,27/08/2021,Estado financiero firmado 63664 Alto Magdalena julio 2021,15_04_Comunic_Recibidas/2021/CI004_GP-14653_070202_FBTA_SINNUMERO_ESTAD_FINAN_JUL21.pdf
852,6,CONCESIÓN ALTO MAGDALENA S.A.S.,,CONSORCIO 4C,GP-14609,12/08/2021,Solicitud permiso ocupación de cauce PR23+587 Unidad Funcional 4 Sub sector 2 Ruta Nacional 45-09 quebrada Madrigal,15_04_Comunic_Recibidas/2021/CI004_GP-14609_070108_CON_1191_OCUPA_CAUCE_PR23+587.pdf
853,2,,,CONSORCIO 4C,GP-14402,15/06/2021,"Comunicación No. GS-221-009468 con radicado ANI No. 202114090635792; Resolución INVIAS No. 6805 del 13 de diciembre de 2019; por medio de la cual se restringe el paso de vehículos de carga por el puente ferroviario entre los municipios de La Dorada y Puerto Salgar - Proyecto Girardot – Honda – Puerto Salgar, Contrato de Concesión 003 de 2014. Alto Magdalena S.A.S.",15_04_Comunic_Recibidas/2021/CI004_GP-14402_070111_ANI_017932-1_RESOL_INVIAS_6805.pdf
857,4,CONCESION ALTO MAGDALENA S.A.S.,,CONSORCIO 4C,GP-14275,14/05/2021,GCSTP-F-001 Informe Mantenimiento Bienes de uso Público Abril de 2021.,15_04_Comunic_Recibidas/2021/CI004_GP-14275_070202_CON_0741_FOR_GCSP_F001_ABR_21.pdf
856,4,CONCESION ALTO MAGDALENA S.A.S.,,CONSORCIO 4C,GP-13987,25/02/2021,Solicitud de permiso o actividad no portuaria (Cruce aéreo),15_04_Comunic_Recibidas/2021/CI004_GP-13987_070105_CON_0324_SCTUD_PERMISO_PORTUARIO.pdf
855,16,,,CONSORCIO 4C,GP-15110,10/12/2021,Respuesta a su comunicado No. CI.004/GP9528/21/5.3 con radicados ANI No. 20214091237582 del 22 de octubre de 2021 – No objeción Plazo de Cura por el incumplimiento de lo contenido en el numeral 6.3.3.1 del Apéndice Técnico 2 en la totalidad de las defensas metálicas de la Unidad Funcional 1. Contrato de Interventoría No. 145 de 2014 – Proyecto Girardot – Honda – Puerto Salgar. Consorcio 4C.,15_04_Comunic_Recibidas/2021/CI004_GP-15110_050300-070300_ANI_038983-1_PLAZ_CURA_DEFENS_METAL.pdf
858,1,CONCESION ALTO MAGDALENA S.A.S.,,CONSORCIO 4C,GP-15104,07/10/2021,"Alcance comunicación ALMA-2021-1731 ""Entrega de concepto técnico de capacidad estructural para los incumplimientos reportados en el indicador E16 unidad funcional 3""",15_04_Comunic_Recibidas/2021/CI004_GP-15104_070303_CON_1817_CONCEPT_TEC_INCUMP_E16_UF3.pdf
859,4,CONCESION ALTO MAGDALENA S.A.S.,,CONSORCIO 4C,GP-14961,11/11/2021,Cumplimiento obligación pago servicio de seguimiento y control ambiental. Auto DRAM 0802 del 02/08/2021 (Rad. Interno ALMA-R-2021-1258 del 02/09/2021). Expediente 51738,15_04_Comunic_Recibidas/2021/CI004_GP-14961_070108_CON_1649_SEG_AUTO_DRAM_0802_EXP_51738.pdf
860,2,Alcaldía Municipal de Honda,,CONSORCIO 4C,GP-14912,03/11/2021,"Solicitud concepto planteamiento vial Propuesta Plan Parcial El Cortijo, Alcaldía Municipal de Honda con radicado ANI No. 20214091211992. - Proyecto Girardot – Honda – Puerto Salgar, Contrato de Concesión 003 de 2014. Alto Magdalena S.A.S.",15_04_Comunic_Recibidas/2021/CI004_GP-14912_070114_ANI_034461-1_PLANTEAMI_VIAL_CORTIJO.pdf
862,2,CONCESION ALTO MAGDALENA S.A.S.,,CONSORCIO 4C,GP-14865,19/10/2021,Cumplimiento obligación artículo primero del Auto DRAM No. 0975 del 2/09/2021 (Rad. Interno ALMA-R-2021-1451) Expediente 51884,15_04_Comunic_Recibidas/2021/CI004_GP-14865_070108_CON_1530_AUTO_DRAM_0975_EXP_51884.pdf
861,12,CONCESION ALTO MAGDALENA S.A.S.,,CONSORCIO 4C,GP-14083,24/03/2021,Notificación Evento Eximente de Responsabilidad como consecuencia de la imposibilidad de la elaboración de los insumos de cuatro (4) predios de propiedad del Municipio de Guaduas ubicado en la Unidad Funcional 5.1 del Proyecto.,15_04_Comunic_Recibidas/2021/CI004_GP-14083_050300_CON_0485_EER_PREDIOS_GUADUAS.pdf
863,4,CONCESIONARIO ALTO MAGDALENA S.A.S.,,CONSORCIO 4C,GP-13890,28/01/2021,Método y constantes de cálculo para la obtención del parámetro deflexión característica (Dc) en el Sistema Informático de contabilización y control,15_04_Comunic_Recibidas/2021/CI004_GP-13890_050300-070303_CON_0181_CALCULO_DC_SICC.pdf
864,2,CONCESION ALTO MAGDALENA S.A.S.,,CONSORCIO 4C,GP-14268,14/05/2021,Siembra compensaciones. Expediente 60749,15_04_Comunic_Recibidas/2021/CI004_GP-14268_070108_CON_0730_SIEMBRA_COMPENSA_EXP_60749.pdf
866,1,,,CONSORCIO 4C,GP-140,18/03/2021,Reclamación arreglo talue y cercas faltante,15_04_Comunic_Recibidas/2021/CI004_GP-14077_070109-070104_OROJAS_SINNUMERO_ARREG_TALUD.pdf
865,1,CONCESIÓN ALTO MAGDALENA S.A.S.,,CONSORCIO 4C,GP-13892,29/01/2021,Remisión estudio títulos Predio Dinamarca en cumplimiento de la Resolución DGEN 0901 del 3 de agosto de 2020. Expediente 51539 y 62448,15_04_Comunic_Recibidas/2021/CI004_GP-13892_070108_CON_0185_ESTUDIO_PREDIO_RESOL_DGEN_0901.pdf
867,7,,,CONSORCIO 4C,GP-14620,17/08/2021,Derecho de petición por impacto ocasionado a la gestión predial,15_04_Comunic_Recibidas/2021/CI004_GP-14620_070109_RMARTINEZ_SINNUMERO_DP_GEST_PREDIAL.pdf
868,2,CONCESION ALTO MAGDALENA S.A.S.,,CONSORCIO 4C,GP-15023,22/11/2021,Cumplimiento obligación pago servicio de seguimiento y control ambiental. Auto DRMC 0798 del 06/09/2021 (Rad. Int. ALMA-R-2021-1342 del 14/09/2021). Expediente 51527,15_04_Comunic_Recibidas/2021/CI004_GP-15023_070108_CON_1719_PAG_AUTO_DRMC_0798_EXP_51527.pdf
870,1,CONCESION ALTO MAGDALENA S.A.S.,,CONSORCIO 4C,GP-13794,06/01/2021,Solicitud certificación del valor de la Vivienda de Interés Social Prioritario.,15_04_Comunic_Recibidas/2021/CI004_GP-13794_070402_CON_0044_CERT_VALOR_VIVIENDA.pdf
869,2,CONCESIÓN ALTO MAGDALENA S.A.S.,,CONSORCIO 4C,GP-15081,06/12/2021,"Contrato de Concesión bajo esquema APP 003-2014, «Financiación, construcción, rehabilitación, mejoramiento, operación y mantenimiento del corredor Honda – Puerto Salgar – Girardot», de acuerdo con el Apéndice Técnico 1 y demás Apéndices del contrato. Cumplimiento obligación pago servicio seguimiento y control ambiental. Auto DRAM 0256 del 06/04/2021 (Rad. Int. ALMA-R-2021-1453 del 04/10/2021). Expediente 51860",15_04_Comunic_Recibidas/2021/CI004_GP-15081_070108_CON_1784_PAG_SERV_AMB_EXP_51860.pdf
871,2,,,CONSORCIO 4C,GP-14031,11/03/2021,Respuesta a su comunicado No. CI.004/GP8701/20/5.3 con radicado ANI No. 20204091221212 - Proceso sancionatorio por el incumplimiento en la entrega y actualización de 8 Expedientes Finales. Contrato de Interventoría No. 145 de 2014 – Proyecto Girardot – Honda – Puerto Salgar.,15_04_Comunic_Recibidas/2021/CI004_GP-14031_050300-070401_ANI_007190-1_ACT_EXP_FINALES.pdf
872,1,CONCESION ALTO MAGDALENA S.A.S.,,CONSORCIO 4C,GP-14521,19/07/2021,Entrega Informe de Cumplimiento Ambiental N°7. Expediente: LAV0068-00-2015.,15_04_Comunic_Recibidas/2021/CI004_GP-14521_070108_CON_1066_ICA_N7.pdf
875,6,,,CONSORCIO 4C,GP-14376,,,15_04_Comunic_Recibidas/2021/CI004_GP-14376_070109_CON_0882_COMPRO_PTO_BGTA.pdf
876,2,,,CONSORCIO 4C,GP-15098,,,15_04_Comunic_Recibidas/2021/CI004_GP-15098_070108_CON_1812_PAG_SERV_AMB_EXP_60683.pdf
873,4,CONCESION ALTO MAGDALENA S.A.S.,,CONSORCIO 4C,GP-15039,25/11/2021,Respuesta oficio CI.004/GP9590/21/7.1.9 (Rad. Int. ALMA-R-2021-1716) Observaciones Informe Trimestral Socio – Ambiental 28,15_04_Comunic_Recibidas/2021/CI004_GP-15039_070109_CON_1737_OBS_INF_TRIM_SOCIAL_N28.pdf
877,1,,,CONSORCIO 4C,GP-14678,,,15_04_Comunic_Recibidas/2021/CI004_GP-14678_070108_CON_1271_CUMPLI_AUTO_DRAM_0636.pdf
878,2,,,CONSORCIO 4C,GP-14668,,,15_04_Comunic_Recibidas/2021/CI004_GP-14668_050300_ANI_026453-1_SEÑALIZA_BELTRAN.pdf
879,2,,,CONSORCIO 4C,GP-13997,,,15_04_Comunic_Recibidas/2021/CI004_GP-13997_070401_CON_0313_EXP_FINAL.pdf
882,2,,,CONSORCIO 4C,GP-15133,,,15_04_Comunic_Recibidas/2021/CI004_GP-15133_070201_FBTA_SINNUMERO_INF_MEN_NOV21.pdf
880,14,,,CONSORCIO 4C,GP-15121,,,15_04_Comunic_Recibidas/2021/CI004_GP-15121_070108_CON_1833_SCTUD_INF_TEC_N0850_EXP_51729.pdf
881,1,,,CONSORCIO 4C,GP-14118,,,15_04_Comunic_Recibidas/2021/CI004_GP-14118_090200_ANI_009430-1_APROBA_INF_INTERV_N76.pdf
883,1,,,CONSORCIO 4C,GP-14614,,,15_04_Comunic_Recibidas/2021/CI004_GP-14614_070110_CON_1194_PAG_SEGYSAL_MAR21.pdf
885,5,,,CONSORCIO 4C,GP-14952,,,15_04_Comunic_Recibidas/2021/CI004_GP-14952_070202_CON_1643_FOR_GCSP_F009_OCT21.pdf
884,1,,,CONSORCIO 4C,GP-13784,,,15_04_Comunic_Recibidas/2021/CI004_GP-13784_070109_CON_0014_DAÑOS_VIVIENDA_CRA_2_27-12.pdf
888,2,,,CONSORCIO 4C,GP-15142,,,15_04_Comunic_Recibidas/2021/CI004_GP-15142_070108_CON_1860_CUMPLI_OBLIG_AUTO_DRBM_04216001056.pdf
886,4,,,CONSORCIO 4C,GP-15077,,,15_04_Comunic_Recibidas/2021/CI004_GP-15077_050300_CON_1800_POLIZAS_O&M_EER_OTROSI_11.pdf
887,1,CONCESIÓN ALTO MAGDALENA S.A.S.,,CONSORCIO 4C,GP-13984,25/02/2021,Respuesta comunicación CI.004/GP8832/21/7.4.1 – (Rad. Int. ALMA-R-2021- 0091 del 22-01-2021) – Requerimiento instalación de cercas Unidad Funcional 5.,15_04_Comunic_Recibidas/2021/CI004_GP-13984_050300_CON_0317_INSTALA_CERCAS_UF5.pdf
874,10,CONCESION ALTO MAGDALENA S.A.S.,,CONSORCIO 4C,GP-14005,04/03/2021,Notificación Evento Eximente de Responsabilidad como consecuencia de la imposibilidad de inscribir la oferta formal de compra del predio ALMA-5-0013-1 ubicado en la Unidad Funcional 5.,15_04_Comunic_Recibidas/2021/CI004_GP-14005_050300_CON_0349_EER_PREDIO_ALMA-5-0013-1.pdf
889,1,CONCESIÓN ALTO MAGDALENA S.A.S.,,CONSORCIO 4C,GP-14617,10/08/2021,Respuesta comunicación CI.004/GP9309/21/7.4.1 - 03/08/2021 (Rad. Int. ALMA-R-2021-1071). Requerimiento Formal entrega de tres (3) expedientes prediales Finales.,15_04_Comunic_Recibidas/2021/CI004_GP-14617_070401_CON_1183_EXP_FINALES.pdf
890,1,CONCESIÓN ALTO MAGDALENA S.A.S.,,CONSORCIO 4C,GP-15037,03/11/2021,Entrega expediente ALMA-3-0056 para aprobación de actualización de estudio de títulos.,15_04_Comunic_Recibidas/2021/CI004_GP-15037_070401_CON_1611_EXP_PREDIAL.pdf
892,4,CONCESION ALTO MAGDALENA S.A.S.,,CONSORCIO 4C,GP-14958,11/11/2021,Cumplimiento obligación de pago servicio de seguimiento y control ambiental. Auto DRAM 0794 del 30/07/2021 (Rad. Interno ALMA-R-2021-1262 del 02/09/2021). Expediente 51729,15_04_Comunic_Recibidas/2021/CI004_GP-14958_070108_CON_1646_SEG_AUTO_DRAM_0794_EXP_51729.pdf
891,2,,,CONSORCIO 4C,GP-13771,30/12/2020,Cierre compromisos PQRS-UF2-2019-0428 y PQRS-UF2-2019-0446 – Pago de compensaciones económicas.,15_04_Comunic_Recibidas/2021/CI004_GP-13771_070402_CON_3214_PAGO_COMPENSA_ECONO.pdf
893,1,,,CONSORCIO 4C,GP-13963,,,15_04_Comunic_Recibidas/2021/CI004_GP-13963_070401_CON_0296_REPORTE_INFO_NIIF.pdf
894,2,,,CONSORCIO 4C,GP-14909,,,15_04_Comunic_Recibidas/2021/CI004_GP-14909_070300_MOVITRAM_SINNUMERO_SCTUD_PASO.pdf
895,1,,,CONSORCIO 4C,GP-13860,,,15_04_Comunic_Recibidas/2021/CI004_GP-13860_070104_CON_0142_OFICINA_TURISMO_K18+500_K80+500.pdf
896,1,,,CONSORCIO 4C,GP-13871,,,15_04_Comunic_Recibidas/2021/CI004_GP-13871_070406_CON_0039_EXP_AVALUO.pdf
897,2,,,CONSORCIO 4C,GP-14210,,,15_04_Comunic_Recibidas/2021/CI004_GP-14210_070201_CON_0651_INF_DETALLADO_PREDIOS.pdf
898,8,,,CONSORCIO 4C,GP-14178,,,15_04_Comunic_Recibidas/2021/CI004_GP-14178_070108_CON_0632_EXCLUSION_DRAM_1028.pdf
899,2,,,CONSORCIO 4C,GP-14436,,,15_04_Comunic_Recibidas/2021/CI004_GP-14436_070201_CON_0941_REITERA_MAYOR_VALOR.pdf
900,69,,,CONSORCIO 4C,GP-14229,,,15_04_Comunic_Recibidas/2021/CI004_GP-14229_070109_CON_0678_RECUPERA_ESPACIO_PUB.pdf
901,2,,,CONSORCIO 4C,GP-14076,,,15_04_Comunic_Recibidas/2021/CI004_GP-14076_070202_FBTA_SINNUMERO_ESTAD_FINAN_FEB.pdf
902,1,,,CONSORCIO 4C,GP-14478,,,15_04_Comunic_Recibidas/2021/CI004_GP-14478_070401_CON_0891_EXP_PREDIAL.pdf
903,1,,,CONSORCIO 4C,GP-15008,,,15_04_Comunic_Recibidas/2021/CI004_GP-15008_070108_CON_1722_INF_GEOGRAFICA_ICA_N6.pdf
904,2,,,CONSORCIO 4C,GP-14320,,,15_04_Comunic_Recibidas/2021/CI004_GP-14320_070108_CON_0778_SOPORT_PAG_DRMC_0282.pdf
905,1,,,CONSORCIO 4C,GP-13819,,,15_04_Comunic_Recibidas/2021/CI004_GP-13819_070401_CON_0040_APROBA_INSUMOS_PREDIALES.pdf
906,2,,,CONSORCIO 4C,GP-14252,,,15_04_Comunic_Recibidas/2021/CI004_GP-14252_070104_ANI_013615-1_INF_ACCIDENT_TRANSITO.pdf
907,1,,,CONSORCIO 4C,GP-14283,,,15_04_Comunic_Recibidas/2021/CI004_GP-14283_070114_ANI_014725-1_SCTUD_PERMISO_RUTA79.pdf
908,6,,,CONSORCIO 4C,GP-14547,,,15_04_Comunic_Recibidas/2021/CI004_GP-14547_070109_CON_1006_INTERPOSI_QUERELLA.pdf
909,4,,,CONSORCIO 4C,GP-15125,,,15_04_Comunic_Recibidas/2021/CI004_GP-15125_070201_CON_1842_PAG_FONSECON_NOV21.pdf
910,1,,,CONSORCIO 4C,GP-13863,,,15_04_Comunic_Recibidas/2021/CI004_GP-13863_070209_CON_0111_ACTA_VPIP_DIC20.pdf
911,1,,,CONSORCIO 4C,GP-13939,,,15_04_Comunic_Recibidas/2021/CI004_GP-13939_070202-070208_CON_0247_FOR_GCSP_F001_ENE21.pdf
912,4,,,CONSORCIO 4C,GP-14981,,,15_04_Comunic_Recibidas/2021/CI004_GP-14981_070108_CON_1676_SEG_AUTO_DRAM_0886_EXP_60700.pdf
913,1,,,CONSORCIO 4C,GP-14873,,,15_04_Comunic_Recibidas/2021/CI004_GP-14873_070209_CON_1548_ACTA_VPIP_SEP21.pdf
914,1,,,CONSORCIO 4C,GP-14105,,,15_04_Comunic_Recibidas/2021/CI004_GP-14105_050300_ANI_009147-1_INVITA_REUN_PTO_BGTA.pdf
915,2,,,CONSORCIO 4C,GP-14929,,,15_04_Comunic_Recibidas/2021/CI004_GP-14929_070108_CON_1608_ENTREG_RESOL_CAR_50207101109.pdf
916,1,,,CONSORCIO 4C,GP-13832,,,15_04_Comunic_Recibidas/2021/CI004_GP-13832_070201_CON_0091_INF_ING_EGRE_DIC20.pdf
917,1,,,CONSORCIO 4C,GP-14707,,,15_04_Comunic_Recibidas/2021/CI004_GP-14707_070500_CON_1330_INF_MEN_N82_AGO21.pdf
918,2,,,CONSORCIO 4C,GP-14415,,,15_04_Comunic_Recibidas/2021/CI004_GP-14415_070201_CON_0918_INF_ING_EGRE_MAY21.pdf
919,2,,,CONSORCIO 4C,GP-15090,,,15_04_Comunic_Recibidas/2021/CI004_GP-15090_070108_CON_1793_PAG_SERV_AMB_EXP_62377.pdf
921,1,,,CONSORCIO 4C,GP-14385,,,15_04_Comunic_Recibidas/2021/CI004_GP-14385_070111_LHS_SINNUMERO_SCTUD_PERMISO.pdf
920,12,,,CONSORCIO 4C,GP-13844,,,15_04_Comunic_Recibidas/2021/CI004_GP-13844_050300_ANI_000582-1_PLAZO_CURA_SICC.pdf
922,8,,,CONSORCIO 4C,GP-14279,,,15_04_Comunic_Recibidas/2021/CI004_GP-14279_070108_CON_0738_EXCLUS_OBLIG_DRAM_0230.pdf
923,4,,,CONSORCIO 4C,GP-13780,,,15_04_Comunic_Recibidas/2021/CI004_GP-13780_070110_CON_3220_AUMENTO_CASOS_POSITIVOS.pdf
924,1,,,CONSORCIO 4C,GP-14080,,,15_04_Comunic_Recibidas/2021/CI004_GP-14080_070402_OZARTA_SINNUMERO_RECHAZO_COMPRA.pdf
925,4,,,CONSORCIO 4C,GP-14795,,,15_04_Comunic_Recibidas/2021/CI004_GP-14795_070201_CON_1427_MANEJO_SUBCTA_REDES.pdf
926,4,,,CONSORCIO 4C,GP-14206,,,15_04_Comunic_Recibidas/2021/CI004_GP-14206_070401_CON_0657_TITULA_PREDIO_5-0253.pdf
927,2,,,CONSORCIO 4C,GP-14196,,,15_04_Comunic_Recibidas/2021/CI004_GP-14196_050300_ANI_012589-1_ENTREG_INFO_CONTRATO.pdf
928,4,,,CONSORCIO 4C,GP-14086,,,15_04_Comunic_Recibidas/2021/CI004_GP-14086_070202_FBTA_SINNUMERO_ESTAD_FINAN_FEB.pdf
929,2,,,CONSORCIO 4C,GP-13887,,,15_04_Comunic_Recibidas/2021/CI004_GP-13887_070403_CON_0177_CESION_ART_36_LEY_1682.pdf
930,8,,,CONSORCIO 4C,GP-14012,,,15_04_Comunic_Recibidas/2021/CI004_GP-14012_090300_CON_0393_CIERRE_PDTES_UF5.pdf
931,2,,,CONSORCIO 4C,GP-14333,,,15_04_Comunic_Recibidas/2021/CI004_GP-14333_070114_ANI_015905-1_SCTUD_PERMISO_TEMPO.pdf
932,4,,,CONSORCIO 4C,GP-13977,,,15_04_Comunic_Recibidas/2021/CI004_GP-13977_050300_ANI_004691-1_POLIZAS_ETAP_O&M.pdf
933,1,,,CONSORCIO 4C,GP-13876,,,15_04_Comunic_Recibidas/2021/CI004_GP-13876_070104_CON_0159_RETIRO_CONTENEDOR_UF5.2.pdf
934,6,,,CONSORCIO 4C,GP-14745,,,15_04_Comunic_Recibidas/2021/CI004_GP-14745_070108_CON_1367_ATENC_QUEJA_INUNDA_PREDIO.pdf
935,4,,,CONSORCIO 4C,GP-15141,,,15_04_Comunic_Recibidas/2021/CI004_GP-15141_070108_CON_1859_CUMPLI_OBLIG_AUTO_DRBM_04216001049.pdf
936,1,,,CONSORCIO 4C,GP-14353,,,15_04_Comunic_Recibidas/2021/CI004_GP-14353_050300_ANI_016276-1_PLAZO_CURA_POLIZAS.pdf
937,1,,,CONSORCIO 4C,GP-14461,,,15_04_Comunic_Recibidas/2021/CI004_GP-14461_050300_ANI_019097-1_ENTREG_BIEN_POLICIA.pdf
938,2,,,CONSORCIO 4C,GP-14682,,,15_04_Comunic_Recibidas/2021/CI004_GP-14682_070108_CON_1289_SEG_OCUPA_CAUCE_EXP_52039.pdf
939,1,,,CONSORCIO 4C,GP-14625,,,15_04_Comunic_Recibidas/2021/CI004_GP-14625_070201-070401_CON_1211_PAG_SUBCTA_PREDIAL.pdf
940,2,,,CONSORCIO 4C,GP-15025,,,15_04_Comunic_Recibidas/2021/CI004_GP-15025_070108_CON_1721_PAG_AUTO_DRMC_0800_EXP_51483.pdf
941,1,,,CONSORCIO 4C,GP-14236,,,15_04_Comunic_Recibidas/2021/CI004_GP-14236_070500_CON_0685_MEMOTEC_MAR_21.pdf
942,1,,,CONSORCIO 4C,GP-14383,,,15_04_Comunic_Recibidas/2021/CI004_GP-14383_070109_CON_0823_REVISTA_ALMA_NOTICIAS.pdf
943,1,,,CONSORCIO 4C,GP-14791,,,15_04_Comunic_Recibidas/2021/CI004_GP-14791_090200_ANI_030001-1_APROBA_INF_INTERV_N81.pdf
945,1,,,CONSORCIO 4C,GP-14384,,,15_04_Comunic_Recibidas/2021/CI004_GP-14384_070401_CON_0797_EXP_FINAL.pdf
946,4,,,CONSORCIO 4C,GP-14435,,,15_04_Comunic_Recibidas/2021/CI004_GP-14435_070201_FBTA_SINNUMERO_OBS_INF_FINAN_ABR21.pdf
944,6,,,CONSORCIO 4C,GP-14799,,,15_04_Comunic_Recibidas/2021/CI004_GP-14799_050300_ANI_030510-1_PLAZO_CURA_CAÑO_GRANDE.pdf
947,1,,,CONSORCIO 4C,GP-15058,,,15_04_Comunic_Recibidas/2021/CI004_GP-15058_070108_CON_1764_COMPLEMENTO_ICA_N10.pdf
948,1,,,CONSORCIO 4C,GP-14193,,,15_04_Comunic_Recibidas/2021/CI004_GP-14193_090200_ANI_012302-1_APROBA_INF_INTERV_77.pdf
949,2,,,CONSORCIO 4C,GP-14856,,,15_04_Comunic_Recibidas/2021/CI004_GP-14856_070108_CON_1521_AUTO_DRAM_0971_EXP_51859.pdf
950,2,,,CONSORCIO 4C,GP-14240,,,15_04_Comunic_Recibidas/2021/CI004_GP-14240_070109_CON_0691_PROCESO_ADMIN_SARI_GROUP.pdf
951,6,,,CONSORCIO 4C,GP-14281,,,15_04_Comunic_Recibidas/2021/CI004_GP-14281_070108_CON_0740_EXCLUS_OBLIG_DRAM_0234.pdf
952,2,,,CONSORCIO 4C,GP-14322,,,15_04_Comunic_Recibidas/2021/CI004_GP-14322_070108_CON_0780_SOPORT_PAG_DRMC_0284.pdf
953,2,,,CONSORCIO 4C,GP-13814,,,15_04_Comunic_Recibidas/2021/CI004_GP-13814_050300_ANI_000167-1_COSTOS_OCIOSOS.pdf
954,2,,,CONSORCIO 4C,GP-14491,,,15_04_Comunic_Recibidas/2021/CI004_GP-14491_070109_CON_1029_REG_RECUPERA_PUB_JUN21.pdf
955,6,,,CONSORCIO 4C,GP-14513,,,15_04_Comunic_Recibidas/2021/CI004_GP-14513_070202_CON_1059_FOR_GCSP_F001_JUN21.pdf
956,10,,,CONSORCIO 4C,GP-14006,,,15_04_Comunic_Recibidas/2021/CI004_GP-14006_050300_CON_0350_EER_PREDIO_ALMA-2-0163.pdf
957,44,,,CONSORCIO 4C,GP-14836,,,15_04_Comunic_Recibidas/2021/CI004_GP-14836_070500_CON_1501_REV_MEMOTEC_MAY21.pdf
958,1,,,CONSORCIO 4C,GP-14393,,,15_04_Comunic_Recibidas/2021/CI004_GP-14393_070108_CON_0900_OBS_INF_CIERRE_AMB_UF5.pdf
959,1,,,CONSORCIO 4C,GP-14050,,,15_04_Comunic_Recibidas/2021/CI004_GP-14050_050300_CON_0414_ENTREG_BIENES_POLICIA.pdf
960,5,,,CONSORCIO 4C,GP-13936,,,15_04_Comunic_Recibidas/2021/CI004_GP-13936_070109_RMARTINEZ_SINNUMERO_PASO_MANGUERA.pdf
961,1,,,CONSORCIO 4C,GP-13945,,,15_04_Comunic_Recibidas/2021/CI004_GP-13945_050400_CON_0257_SCTUD_INFO_INVERSION.pdf
962,1,,,CONSORCIO 4C,GP-14102,,,15_04_Comunic_Recibidas/2021/CI004_GP-14102_070104-070108_ANI_008929-1_ALISTA_1TEMPO_LLUVIAS.pdf
963,1,,,CONSORCIO 4C,GP-14867,,,15_04_Comunic_Recibidas/2021/CI004_GP-14867_070108_CON_1537_OBS_INF_TRIM_AMB_N25.pdf
964,16,,,CONSORCIO 4C,GP-15123,,,15_04_Comunic_Recibidas/2021/CI004_GP-15123_070108_CON_1835_SCTUD_INF_TEC_N0873_EXP_51884.pdf
965,2,,,CONSORCIO 4C,GP-14842,,,15_04_Comunic_Recibidas/2021/CI004_GP-14842_070108_CON_1507_ESTUD_DISEÑ_ARENALES.pdf
966,1,,,CONSORCIO 4C,GP-14679,,,15_04_Comunic_Recibidas/2021/CI004_GP-14679_070108_CON_1270_CUMPLI_AUTO_DRAM_0625.pdf
967,2,,,CONSORCIO 4C,GP-14683,,,15_04_Comunic_Recibidas/2021/CI004_GP-14683_070401_CON_1290_CARGUE_ACTUALIZA_ANISCOPIO.pdf
969,1,,,CONSORCIO 4C,GP-14965,,,15_04_Comunic_Recibidas/2021/CI004_GP-14965_070300_CON_1658_SCTUD_INFO_QUEJA_RIOTAX.pdf
968,2,,,CONSORCIO 4C,GP-14897,,,15_04_Comunic_Recibidas/2021/CI004_GP-14897_050300_ANI_033841-1_CIERR_SANCION_RECIB_PAG_POLIZA.pdf
970,2,,,CONSORCIO 4C,GP-14646,,,15_04_Comunic_Recibidas/2021/CI004_GP-14646_050300_ANI_025706-1_CIERRE_PLAZ_CURA_POLIZA.pdf
971,6,,,CONSORCIO 4C,GP-14975,,,15_04_Comunic_Recibidas/2021/CI004_GP-14975_070108_CON_1684_APROV_FORESTAL_PR66+820.pdf
972,6,,,CONSORCIO 4C,GP-14226,,,15_04_Comunic_Recibidas/2021/CI004_GP-14226_050300_ANI_013005-1_POLIZAS_O&M.pdf
973,2,,,CONSORCIO 4C,GP-14123,,,15_04_Comunic_Recibidas/2021/CI004_GP-14123_070111_CON_0536_IMPLEMENTA_PMT_UF5.pdf
974,16,,,CONSORCIO 4C,GP-14681,,,15_04_Comunic_Recibidas/2021/CI004_GP-14681_050300_CON_1286_PLAZO_CURA_OCUPA_CAUCE.pdf
975,4,,,CONSORCIO 4C,GP-14136,,,15_04_Comunic_Recibidas/2021/CI004_GP-14136_050300_ANI_010070-1_SCTUD_CESION_PREDIOS_UF5.pdf
976,2,,,CONSORCIO 4C,GP-14915,,,15_04_Comunic_Recibidas/2021/CI004_GP-14915_070104_ANI_034465-1_INSTRUMENTACION_NPH.pdf
977,22,CONCESION ALTO MAGDALENA S.A.S.,,CONSORCIO 4C,GP-14819,07/10/2021,Respuesta solicitud de información inmueble identificado folio de matrícula Inmobiliaria 162-9620 Oficina de Registro de Instrumentos Públicos de Guaduas.,15_04_Comunic_Recibidas/2021/CI004_GP-14819_070109_CON_1489_INF_FOLIO_162-9620.pdf
978,2,CONCESION ALTO MAGDALENA S.A.S.,,CONSORCIO 4C,GP-14260,12/05/2021,Respuesta PQRS UFS 2020 1067 del 27/04/2021- Solicitud vinculación personal local Obras Infraestructura,15_04_Comunic_Recibidas/2021/CI004_GP-14260_070109_CON_0714_VINCULA_PERSONAL_LOCAL.pdf
979,4,CONCESION ALTO MAGDALENA S.A.S.,,CONSORCIO 4C,GP-14608,10/08/2021,Estado entrega de paz y salvos y cierre de convenios con operadores de redes públicas.,15_04_Comunic_Recibidas/2021/CI004_GP-14608_070115_CON_1189_ENTREG_PAZ_SALVO_RED_PUB.pdf
980,12,CONCESION ALTO MAGDALENA S.A.S.,CI004[689029]21|S3,CONSORCIO 4C,GP-13957,19/02/2021,Notificación Evento Eximente de Responsabilidad como consecuencia de la imposibilidad de inscribir la oferta formal de compra de dos (2) predios identificados como ALMA-5-0013-1 y ALMA-2-0163,15_04_Comunic_Recibidas/2021/CI004_GP-13957_050300_CON_0300_EER_PREDIOS_5-0013-1_2-0163.pdf
982,1,CONCESION ALTO MAGDALENA S.A.S.,,CONSORCIO 4C,GP-13938,10/02/2021,Entrega Informe Gerencial Mensual N° 75 – Enero de 2021,15_04_Comunic_Recibidas/2021/CI004_GP-13938_070500_CON_0246_INF_MEN_N75_ENE21.pdf
981,1,CONCESION ALTO MAGDALENA S.A.S.,,CONSORCIO 4C,GP-14171,21/04/2021,Respuesta CI.004/GP9035/21/7.1.9 Entrega plan de capacitaciones a la comunidad aledaña al proyecto,15_04_Comunic_Recibidas/2021/CI004_GP-14171_070109_CON_0621_ENTREG_PLAN_CAPACITA.pdf
983,1,CONCESION ALTO MAGDALENA S.A.S.,,CONSORCIO 4C,GP-13934,10/02/2021,"Respuesta comunicado CI.004/GP8845/21/9.3 (RAD INT: ALMA-R-2021-0106) ""Estado de entrega de planos record unidades funcionales""",15_04_Comunic_Recibidas/2021/CI004_GP-13934_090300_CON_0243_ENTREG_PLANOS_RECORD.pdf
984,2,CONCESION ALTO MAGDALENA S.A.S,CI004/GP892712153,CONSORCIO 4C,GP-13923,05/02/2021,Actualización IPC Garantías de Responsabilidad Civil Extracontractual y Todo Riesgo Construcción.,15_04_Comunic_Recibidas/2021/CI004_GP-13923_050300_CON_0226_ACTUALIZA_IPC_POLIZAS.pdf
985,2,ANI - Agencia Nacional de Infraestructura,,CONSORCIO 4C,GP-14343,27/05/2021,"Solicitud de certificación sobre la existencia o no de planes, programas o proyectos de infraestructura (viales, aeropuertos, etc.) en ejecución o proyectados en el Área de los Proyectos para el desarrollo de Granjas Solares Empresa AGSA S.A.S - Proyecto Girardot – Honda – Puerto Salgar, Contrato de Concesión 003 de 2014",15_04_Comunic_Recibidas/2021/CI004_GP-14343_050300_ANI_016066-1_CERTIFI_EXISTENCIA.pdf
986,2,CONCESIÓN ALTO MAGDALENA S.A.S.,CI.0-14444,CONSORCIO 4C,GP-14444,24/06/2021,"Cumplimiento obligación pago por seguimiento autorización de ocupación de cauce, según el Auto DRBM 0394 del 21 de mayo de 2021 (Rad. Interno ALMA-R-2021-0687) - Expediente 58464",15_04_Comunic_Recibidas/2021/CI004_GP-14444_070108_CON_0951_OBLIGA_PAGO_DRBM_0394.pdf
987,10,CONCESION ALTO MAGDALENA S.A.S.,,CONSORCIO 4C,GP-14399,15/06/2021,Respuesta comunicación CI.004/GP9104/21/5.3-7.4.1 – Rad. Int. ALMA-R-2021-0606 del 13 de mayo de 2021 – Otorgamiento plazo de cura cercas.,15_04_Comunic_Recibidas/2021/CI004_GP-14399_050300-070401_CON_0904_PLAZO_CURA_CERCAS.pdf
988,2,,,CONSORCIO 4C,GP-14032,11/03/2021,Respuesta a su comunicado No. CI.004/GP8674/20/5.3 con radicado ANI No. 20204091188432 - Consulta acerca de la entrega de información a la ANI al término del Contrato. Contrato de Interventoría No. 145 de 2014 – Proyecto Girardot – Honda – Puerto Salgar.,15_04_Comunic_Recibidas/2021/CI004_GP-14032_050300_ANI_007163-1_ENTREG_INFO_ANI_PROY.pdf
989,1,,,CONSORCIO 4C,GP-14622,18/08/2021,Respuesta comunicado CI.004/GP9282/21/5.3.(ALMA-R-2021-1016) – Actualización Póliza Todo Riesgo Obra Civil.,15_04_Comunic_Recibidas/2021/CI004_GP-14622_050300_CON_1204_ACTUALIZA_POLIZA.pdf
991,2,CONCESIÓN ALTO MAGDALENA S.A.S.,,CONSORCIO 4C,GP-14198,30/04/2021,"Entrega del soporte de pago por concepto de seguimiento a la autorización de ocupación de cauce, en cumplimiento a la obligación establecida en el Auto DRBM No. 0272 del 15 de abril de 2021. Expediente 52018.",15_04_Comunic_Recibidas/2021/CI004_GP-14198_070108_CON_0652_SOPORT_PAG_DRMC_0272.pdf
992,10,CONCESION ALTO MAGDALENA S.A.S.,CI004/GP8967/21/5.3,CONSORCIO 4C,GP-13956,19/02/2021,"Notificación Evento Eximente de Responsabilidad como consecuencia de la imposibilidad de inscribir la oferta formal de compra de un (1) predio identificado como ALMA-2-0122, de propiedad de la Junta de acción Comunal de Vereda Porvenir Municipio de Guataquí ubicado en la Unidad Funcional 2 del Proyecto.",15_04_Comunic_Recibidas/2021/CI004_GP-13956_050300_CON_0299_EER_OFERTA_PREDIO_2-0122.pdf
990,4,CONCESION ALTO MAGDALENA S.A.S.,,CONSORCIO 4C,GP-14035,09/03/2021,Solicitud retiro ventas ambulantes ubicadas en Bienes de Uso Público en la vía Puerto Bogotá – Honda PR 0+610 de la RN 50 CN 04,15_04_Comunic_Recibidas/2021/CI004_GP-14035_070109_CON_0429_BIENES_USO_PUB_PR0+610.pdf
995,2,,,CONSORCIO 4C,GP-14933,,,15_04_Comunic_Recibidas/2021/CI004_GP-14933_070112_CON_1620_MEDIDAS_TEMPO_PR66+820.pdf
994,2,,,CONSORCIO 4C,GP-14742,,,15_04_Comunic_Recibidas/2021/CI004_GP-14742_070108_CON_1371_SEG_CTROL_AMB_DRAM_0700.pdf
996,14,,,CONSORCIO 4C,GP-15122,,,15_04_Comunic_Recibidas/2021/CI004_GP-15122_070108_CON_1834_SCTUD_INF_TEC_N0851_EXP_51703.pdf
998,1,,,CONSORCIO 4C,GP-14814,,,15_04_Comunic_Recibidas/2021/CI004_GP-14814_050300_CON_1473_REMISION_POLIZAS_OTROSI_N11.pdf
997,1,,,CONSORCIO 4C,GP-14941,,,15_04_Comunic_Recibidas/2021/CI004_GP-14941_070202_CON_1610_FOR_GCSP_F203_OCT21.pdf
1001,1,,,CONSORCIO 4C,GP-13954,,,15_04_Comunic_Recibidas/2021/CI004_GP-13954_070401_CON_0152_INF_PREDIAL_ENE21.pdf
1000,2,,,CONSORCIO 4C,GP-14788,,,15_04_Comunic_Recibidas/2021/CI004_GP-14788_070108_ANI_029571-1_CONCEPT_PLAZO_CURA_UF4.pdf
999,2,,,CONSORCIO 4C,GP-14637,,,15_04_Comunic_Recibidas/2021/CI004_GP-14637_070108_CON_1219_OBLIGA_PAG_DRAM_0533.pdf
1002,4,,,CONSORCIO 4C,GP-14840,,,15_04_Comunic_Recibidas/2021/CI004_GP-14840_070202_CON_1512_FOR_GCSP_F001_SEP21.pdf
1004,2,,,CONSORCIO 4C,GP-14514,,,15_04_Comunic_Recibidas/2021/CI004_GP-14514_070301_ ABBI_SINNUMERO_ANTICIPO_PEAJES.pdf
1003,12,,,CONSORCIO 4C,GP-14571,,,15_04_Comunic_Recibidas/2021/CI004_GP-14571_070109_CON_1129_CIERRE_ACCESO_PR45+350.pdf
993,1,Agencia Nacional de Infraestructura - ANI,,CONSORCIO 4C,GP-14069,17/03/2021,Traslado Derecho de Petición Señor Rafael Zambrano Hernández. Contrato de Concesión No. 003 de 2014 - Girardot-Honda-Puerto Salgar. No. de radicado al que responde: 20214090280012.,15_04_Comunic_Recibidas/2021/CI004_GP-14069_070104-070109_ANI_007802-1_DP_RZAMBRANO.pdf
1005,2,,,CONSORCIO 4C,GP-14901,,,15_04_Comunic_Recibidas/2021/CI004_GP-14901_050300_ANI_034134-1_CIERR_SANCION_RECIB_PAG_POLIZA.pdf
1007,1,,,CONSORCIO 4C,GP-13959,,,15_04_Comunic_Recibidas/2021/CI004_GP-13959_070209_CON_0293_ACTA_VPIP_ENE21.pdf
1008,1,,,CONSORCIO 4C,GP-14401,,,15_04_Comunic_Recibidas/2021/CI004_GP-14401_070111_ANI_017936-1_INTERV_PAVIME_UF4.pdf
1006,14,,,CONSORCIO 4C,GP-14133,,,15_04_Comunic_Recibidas/2021/CI004_GP-14133_050300_CON_0556_INCUMP_PREDIOS_UF3_UF4.pdf
1009,1,,,CONSORCIO 4C,GP-14824,,,15_04_Comunic_Recibidas/2021/CI004_GP-14824_070108_CON_1365_ICA_BIOTICO_15.pdf
1010,2,,,CONSORCIO 4C,GP-14740,,,15_04_Comunic_Recibidas/2021/CI004_GP-14740_070108_CON_1369_SEG_CTROL_AMB_DRAM_0698.pdf
1011,1,,,CONSORCIO 4C,GP-14075,,,15_04_Comunic_Recibidas/2021/CI004_GP-14075_070109_CON_0372_REVISTA_ALMA_N24.pdf
1012,1,,,CONSORCIO 4C,GP-14063,,,15_04_Comunic_Recibidas/2021/CI004_GP-14063_050300-070202_CON_0459_APROB_SUBCTA_REDES_N6.pdf
1013,18,,,CONSORCIO 4C,GP-14863,,,15_04_Comunic_Recibidas/2021/CI004_GP-14863_070108_CON_1527_CTROL_SEG_AMB_N158.pdf
1014,4,,,CONSORCIO 4C,GP-14671,,,15_04_Comunic_Recibidas/2021/CI004_GP-14671_070109_CON_1265_DP_ROSAURA_MARTINEZ.pdf
1015,2,,,CONSORCIO 4C,GP-14893,,,15_04_Comunic_Recibidas/2021/CI004_GP-14893_070110_CON_1571_PAG_SEGYSAL_JUL_JUN.pdf
1016,1,,,CONSORCIO 4C,GP-14821,,,15_04_Comunic_Recibidas/2021/CI004_GP-14821_070500_CON_1491_MEMOTEC_AGO_21.pdf
1017,1,,,CONSORCIO 4C,GP-14218,,,15_04_Comunic_Recibidas/2021/CI004_GP-14218_070104_CON_0666_CONSOLIDA_INFORMACION.pdf
1018,1,,,CONSORCIO 4C,GP-14377,,,15_04_Comunic_Recibidas/2021/CI004_GP-14377_070109_CON_0883_PROG_CAPACITA_1SEM_21.pdf
1019,20,,,CONSORCIO 4C,GP-14363,,,15_04_Comunic_Recibidas/2021/CI004_GP-14363_070108_CON_0859_COMPENSA_EXP_51968.pdf
1020,1,,,CONSORCIO 4C,GP-14055,,,15_04_Comunic_Recibidas/2021/CI004_GP-14055_070209_CON_0452_ACTA_VPIP_FEB21.pdf
1021,2,,,CONSORCIO 4C,GP-14110,,,15_04_Comunic_Recibidas/2021/CI004_GP-14110_070111_CON_0527_IMPLEMENTA_PMT_UF3.pdf
1022,2,,,CONSORCIO 4C,GP-14057,,,15_04_Comunic_Recibidas/2021/CI004_GP-14057_070303_CON_0456_CRONOG_INDICAD_ISEM_2021.pdf
1023,1,,,CONSORCIO 4C,GP-14029,,,15_04_Comunic_Recibidas/2021/CI004_GP-14029_070108_CON_0418_FOR_REGALIAS_SCV-09031.pdf
1024,4,,,CONSORCIO 4C,GP-14654,,,15_04_Comunic_Recibidas/2021/CI004_GP-14654_050300_CON_1244_PLAZO_CURA_PTE_GALLERA.pdf
1025,1,,,CONSORCIO 4C,GP-14306,,,15_04_Comunic_Recibidas/2021/CI004_GP-14306_070108_CON_0723_COMPENSA_DRMC_0205.pdf
1026,1,,,CONSORCIO 4C,GP-14848,,,15_04_Comunic_Recibidas/2021/CI004_GP-14848_050300_ANI_032104-1_POLIZA_RCE_802011852.pdf
1027,1,,,CONSORCIO 4C,GP-14680,,,15_04_Comunic_Recibidas/2021/CI004_GP-14680_070202_CON_1283_FOR_GCSP_F203_AGO21.pdf
1028,2,,,CONSORCIO 4C,GP-15085,,,15_04_Comunic_Recibidas/2021/CI004_GP-15085_070108_CON_1788_PAG_SERV_AMB_EXP_51859.pdf
1029,2,,,CONSORCIO 4C,GP-14541,,,15_04_Comunic_Recibidas/2021/CI004_GP-14541_050300_ANI_022395-1_SUSCRIP_CONVENIO.pdf
1030,4,,,CONSORCIO 4C,GP-14817,,,15_04_Comunic_Recibidas/2021/CI004_GP-14817_050300_CON_1483_PLAZO_CURA_PONAL.pdf
1031,2,,,CONSORCIO 4C,GP-15153,,,15_04_Comunic_Recibidas/2021/CI004_GP-15153_070108_CON_1866_ENTREG_INF_N5_RESOL_1082.pdf
1032,6,CONCESION ALTO MAGDALENA S.A.S.,,CONSORCIO 4C,GP-14685,02/09/2021,Respuesta comunicación CI.004/GP9366/21/7.1.10 (Rad. Int. ALMA-R-2021-1191) - 23/08/2021 Revisión soportes Seguridad Social abril y salarios marzo de 2021.,15_04_Comunic_Recibidas/2021/CI004_GP-14685_070110_CON_1293_SOPORT_SEGYSAL_ABR_MAR.pdf
1033,2,CONCESION ALTO MAGDALENA S.A.S.,,CONSORCIO 4C,GP-14506,14/07/2021,Cumplimiento obligación pago por control y seguimiento ambiental. Auto DRAM 03216000550 del 15 de junio de 2021 (Rad. Interno ALMA-R-2021-0786) Expediente 51909,15_04_Comunic_Recibidas/2021/CI004_GP-14506_070108_CON_1052_OBLIGA_PAG_EXP_51909.pdf
1034,1,CONCESION ALTO MAGDALENA S.A.S.,,CONSORCIO 4C,GP-14837,08/10/2021,Estados financieros auditados y sus revelaciones al 30 de junio de 2021.,15_04_Comunic_Recibidas/2021/CI004_GP-14837_070202_CON_1499_ESTAD_FINAN_AUDITA_JUN21.pdf
1035,4,CONCESION ALTO MAGDALENA S.A.S.,,CONSORCIO 4C,GP-14249,07/04/2021,"Respuesta Comunicación No. CI.004/GP8968/21/7.3.3 (Rad. Int. ALMA-R-2021-0293) ""Niveles de Servicio Ciclo ruta – febrero 2021""",15_04_Comunic_Recibidas/2021/CI004_GP-14249_070303_CON_0703_NIVELES_SERV_CICLORUTA.pdf
1036,1,CONCESION ALTO MAGDALENA S.A.S.,,CONSORCIO 4C,GP-14927,05/11/2021,"Contrato de Concesión bajo esquema APP N° 003-2014 – “La financiación, construcción, rehabilitación, mejoramiento, operación y mantenimiento del corredor Honda – Puerto Salgar – Girardot, de acuerdo con el Apéndice Técnico 1 y demás Apéndices del Contrato.” Seguimiento radicado ANLA2020131929-1-000 (Radicado interno ALMA-R- 2020-2062) del 14 de agosto de 2020. Expediente: LAV 0004-00-2016",15_04_Comunic_Recibidas/2021/CI004_GP-14927_070108_CON_1606_SEG_ANLA_2020131929-1-000.pdf
1037,1,,,CONSORCIO 4C,GP-15069,,,15_04_Comunic_Recibidas/2021/CI004_GP-15069_070209_CON_1771_ACTA_VPIP_OCT21.pdf
1038,2,,,CONSORCIO 4C,GP-14323,,,15_04_Comunic_Recibidas/2021/CI004_GP-14323_070108_CON_0791_SOPORT_PAG_EXP_51511_71558.pdf
1039,4,,,CONSORCIO 4C,GP-14365,,,15_04_Comunic_Recibidas/2021/CI004_GP-14365_070108_CON_0862_VISITA_AMB_UF4.2.pdf
1040,2,,,CONSORCIO 4C,GP-14310,,,15_04_Comunic_Recibidas/2021/CI004_GP-14310_070202_FBTA_SINNUMERO_ESTAD_FINAN_ABR21.pdf
1041,2,,,CONSORCIO 4C,GP-14940,,,15_04_Comunic_Recibidas/2021/CI004_GP-14940_070201_CON_1629_INF_ING_EGRES_OCT21.pdf
1042,2,,,CONSORCIO 4C,GP-15095,,,15_04_Comunic_Recibidas/2021/CI004_GP-15095_070108_CON_1809_PAG_SERV_AMB_EXP_60751.pdf
1043,1,,,CONSORCIO 4C,GP-15071,,,15_04_Comunic_Recibidas/2021/CI004_GP-15071_070104_ANI_037972-1_ARREG_BACHES_NPH.pdf
1044,4,,,CONSORCIO 4C,GP-14525,,,15_04_Comunic_Recibidas/2021/CI004_GP-14525_070202_CON_1070_FOR_GCSP_F009_JUN21.pdf
1045,1,,,CONSORCIO 4C,GP-14908,,,15_04_Comunic_Recibidas/2021/CI004_GP-14908_070208_FBTA_SINNUMERO_PAG_FOSEVI_SEP21.pdf
1046,1,,,CONSORCIO 4C,GP-13855,,,15_04_Comunic_Recibidas/2021/CI004_GP-13855_070104_CON_0136_OFICINA_TURISMO_K18+500_K80+500.pdf
1047,2,,,CONSORCIO 4C,GP-14866,,,15_04_Comunic_Recibidas/2021/CI004_GP-14866_070108_CON_1531_AUTO_DRAM_0976_EXP_51848.pdf
1048,1,,,CONSORCIO 4C,GP-15128,,,15_04_Comunic_Recibidas/2021/CI004_GP-15128_070108_CON_1840_ENTREG_ICA_N9.pdf
1049,1,,,CONSORCIO 4C,GP-14443,,,15_04_Comunic_Recibidas/2021/CI004_GP-14443_070109_CON_0949_DP_FBRAVO.pdf
1050,1,,,CONSORCIO 4C,GP-14530,,,15_04_Comunic_Recibidas/2021/CI004_GP-14530_050300-070104_PONAL_012433_SUSCRI_CONVENIO.pdf
1051,6,,,CONSORCIO 4C,GP-14883,,,15_04_Comunic_Recibidas/2021/CI004_GP-14883_050300_ANI_033281-1_EXCLU_PAG_IMPUEST_PREDIAL.pdf
1052,2,,,CONSORCIO 4C,GP-14948,,,15_04_Comunic_Recibidas/2021/CI004_GP-14948_070108_CON_1628_AUTO_DRAM_0809_EXP_51829.pdf
1053,2,,,CONSORCIO 4C,GP-14131,,,15_04_Comunic_Recibidas/2021/CI004_GP-14131_070402-090300_CON_0553_PDTES_FICHAS_UF3.pdf
1054,2,,,CONSORCIO 4C,GP-14051,,,15_04_Comunic_Recibidas/2021/CI004_GP-14051_050300_ANI_007262-1_EXP_FINALES_UF1_UF2.pdf
1055,6,,,CONSORCIO 4C,GP-14732,,,15_04_Comunic_Recibidas/2021/CI004_GP-14732_070202_CON_1363_OBS_ESTAD_FINAN_MAY21.pdf
1056,2,,,CONSORCIO 4C,GP-14445,,,15_04_Comunic_Recibidas/2021/CI004_GP-14445_070108_CON_0952_OBLIG_PAG_UTIL_AGUAS.pdf
1057,1,,,CONSORCIO 4C,GP-14070,,,15_04_Comunic_Recibidas/2021/CI004_GP-14070_050300_ANI_007809-1_APROBA_INF_N75.pdf
1058,2,,,CONSORCIO 4C,GP-14132,,,15_04_Comunic_Recibidas/2021/CI004_GP-14132_070108_CON_0554_RTA_RESOL_VSC_0000761.pdf
1059,1,,,CONSORCIO 4C,GP-14495,,,15_04_Comunic_Recibidas/2021/CI004_GP-14495_070500_CON_1038_MEMOTEC_MAY21.pdf
1061,4,,,CONSORCIO 4C,GP-14366,,,15_04_Comunic_Recibidas/2021/CI004_GP-14366_070109_CON_0856_PROTE_BIENE_USO_PUB.pdf
1060,1,,,CONSORCIO 4C,GP-13851,,,15_04_Comunic_Recibidas/2021/CI004_GP-13851_070104_CON_0132_OFICINA_TURISMO_K18+500_K80+500.pdf
1062,1,,,CONSORCIO 4C,GP-15004,,,15_04_Comunic_Recibidas/2021/CI004_GP-15004_070401_CON_1655_EXP_PREDIAL.pdf
1063,2,,,CONSORCIO 4C,GP-13933,,,15_04_Comunic_Recibidas/2021/CI004_GP-13933_050300_CON_0252_ACTA_ENTREG_PTE_HONDA.pdf
1064,1,,,CONSORCIO 4C,GP-14466,,,15_04_Comunic_Recibidas/2021/CI004_GP-14466_070300_ANI_019519-1_REQ_HALLAZG_SST.pdf
1065,4,,,CONSORCIO 4C,GP-14890,,,15_04_Comunic_Recibidas/2021/CI004_GP-14890_070109-070401_ANI_033550-1_DP_MFONNEGRA.pdf
1066,6,,,CONSORCIO 4C,GP-14285,,,15_04_Comunic_Recibidas/2021/CI004_GP-14285_070202_CON_0744_ESTAD_FINAN_MAR21.pdf
1067,1,,,CONSORCIO 4C,GP-14114,,,15_04_Comunic_Recibidas/2021/CI004_GP-14114_070302_ANI_009144-1_DP_ARAQUEJO.pdf
1068,4,,,CONSORCIO 4C,GP-14606,,,15_04_Comunic_Recibidas/2021/CI004_GP-14606_050300_ANI_024239-1_ACTUALIZA_POLIZAS.pdf
1069,1,,,CONSORCIO 4C,GP-13980,,,15_04_Comunic_Recibidas/2021/CI004_GP-13980_070401_CON_0298_EXP_PREDIAL.pdf
1070,2,,,CONSORCIO 4C,GP-14352,,,15_04_Comunic_Recibidas/2021/CI004_GP-14352_070104_ANI_016277-1_ADOP_MEDID_RUTA_4510.pdf
1071,1,,,CONSORCIO 4C,GP-15173,,,15_04_Comunic_Recibidas/2021/CI004_GP-15173_050300_CON_1887_ACTUAL_GARANT_EER_PREDIAL.pdf
1072,2,,,CONSORCIO 4C,GP-14544,,,15_04_Comunic_Recibidas/2021/CI004_GP-14544_070401_CON_1028_ARCHIV_EXP_PREDIALES.pdf
1073,2,,,CONSORCIO 4C,GP-14038,,,15_04_Comunic_Recibidas/2021/CI004_GP-14038_070108_CON_0421_SIEMB_COMPENSA_EXP_62024.pdf
1074,16,,,CONSORCIO 4C,GP-14245,,,15_04_Comunic_Recibidas/2021/CI004_GP-14245_070108_CON_0672_COMPENSA_EXP_52183.pdf
1075,1,,,CONSORCIO 4C,GP-14930,,,15_04_Comunic_Recibidas/2021/CI004_GP-14930_050300_CON_1579_OBS_POLIZA_TODO_RIESG.pdf
1076,4,,,CONSORCIO 4C,GP-14892,,,15_04_Comunic_Recibidas/2021/CI004_GP-14892_050300_CON_1570_RECIBO_PAGO_POLIZA_RCE.pdf
1077,4,,,CONSORCIO 4C,GP-14956,,,15_04_Comunic_Recibidas/2021/CI004_GP-14956_070108_CON_1644_SEG_AUTO_DRAM_0791_EXP_51731.pdf
1078,1,,,CONSORCIO 4C,GP-13783,,,15_04_Comunic_Recibidas/2021/CI004_GP-13783_070209_CON_0003_ACTA_VPIP_NOV20.pdf
1079,1,,,CONSORCIO 4C,GP-14483,,,15_04_Comunic_Recibidas/2021/CI004_GP-14483_010400_ANI_020581-1_OTROSI_N5.pdf
1080,20,,,CONSORCIO 4C,GP-14465,,,15_04_Comunic_Recibidas/2021/CI004_GP-14465_070108_CON_0976_REPOSI_DRAM_0524.pdf
1081,2,,,CONSORCIO 4C,GP-13953,,,15_04_Comunic_Recibidas/2021/CI004_GP-13953_140711_ANI_003496-1_ENCUESTA_SATISFA_CLIENTE.pdf
1082,1,,,CONSORCIO 4C,GP-15042,,,15_04_Comunic_Recibidas/2021/CI004_GP-15042_070108_CON_1739_OBS_INF_TRIM_AMB_N27.pdf
1083,2,,,CONSORCIO 4C,GP-14424,,,15_04_Comunic_Recibidas/2021/CI004_GP-14424_070110_CON_0914_SOPORT_SEGYSAL_FEB_ENE.pdf
1084,1,,,CONSORCIO 4C,GP-14497,,,15_04_Comunic_Recibidas/2021/CI004_GP-14497_070108_CON_1040_RECUR_REPOSI_80890.pdf
1085,2,,,CONSORCIO 4C,GP-14046,,,15_04_Comunic_Recibidas/2021/CI004_GP-14046_070108_CON_0444_SOPORTE_PAGO_EXP_62369.pdf
1086,14,,,CONSORCIO 4C,GP-13891,,,15_04_Comunic_Recibidas/2021/CI004_GP-13891_090300_CON_0184_ACCESOS_PREDIOS_UF5.4.pdf
1087,2,,,CONSORCIO 4C,GP-14227,,,15_04_Comunic_Recibidas/2021/CI004_GP-14227_070402_ANI_013006-1_DP_PMONTERO.pdf
1088,2,,,CONSORCIO 4C,GP-14748,,,15_04_Comunic_Recibidas/2021/CI004_GP-14748_070303_CON_1382_TIEMPO_CORREC_INDICADOR.pdf
1089,16,,,CONSORCIO 4C,GP-14362,,,15_04_Comunic_Recibidas/2021/CI004_GP-14362_070108_CON_0858_COMPENSA_EXP_51969.pdf
1090,4,,,CONSORCIO 4C,GP-15143,,,15_04_Comunic_Recibidas/2021/CI004_GP-15143_070108_CON_1861_CUMPLI_OBLIG_AUTO_DRBM_04216001059.pdf
1092,1,CONCESION ALTO MAGDALENA S.A.S.,,CONSORCIO 4C,GP-14172,22/04/2021,Respuesta comunicado CI.004/GP9016/21/7.1.10 (Rad. Int. ALMA-R-2021-0400 del 05/04/2021) Actualización Protocolo de Bioseguridad Concesión Alto Magdalena S.A.S.,15_04_Comunic_Recibidas/2021/CI004_GP-14172_070110_CON_0625_ACT_PROTOC_BIOSEG.pdf
1091,1,CONCESIÓN ALTO MAGDALENA S.A.S.,,CONSORCIO 4C,GP-13802,06/01/2021,"Solicitud copia documentos expedientes 52061, 52005, 65312 y 51989 que corresponden a permisos de ocupación de cauce.",15_04_Comunic_Recibidas/2021/CI004_GP-13802_070108_CON_0022_COPIA_EXP_OCUPA_CAUCE.pdf
1093,1,CONCESIONES ALTO MAGDALENA S.A.S.,,CONSORCIO 4C,GP-14095,26/03/2021,"Remisión listas de chequeo y hojas de control de los expedientes ALMA-1-0009, ALMA-2-0010, ALMA-2-0012, ALMA-2-0015, ALMA-2-0039 y ALMA-2-0110.",15_04_Comunic_Recibidas/2021/CI004_GP-14095_070401_CON_0512_LISTA_CHEQUEO_PREDIAL.pdf
1094,2,CONCESION ALTO MAGDALENA S.A.S.,,CONSORCIO 4C,GP-15046,26/11/2021,Envío Formulario liquidación y declaración regalías Autorización Temporal QBN-15031 - III trimestre del 2021.,15_04_Comunic_Recibidas/2021/CI004_GP-15046_070108_CON_1746_FOR_REGALIAS_QBN-15031.pdf
1095,10,CONCESION ALTO MAGDALENA S.A.S.,,CONSORCIO 4C,GP-13883,27/01/2021,Solicitud declaratoria pérdida de fuerza ejecutoria de la Resolución No. 2372 del 03 de noviembre de 2015. Expediente 51511.,15_04_Comunic_Recibidas/2021/CI004_GP-13883_070108_CON_0171_SCTUD_DECLARA_RESOL_2372.pdf
1096,2,CONCESION ALTO MAGDALENA S.A.S.,,CONSORCIO 4C,GP-14556,29/07/2021,Envío Formulario de liquidación y declaración de regalías del primer (1) Trimestre Año 2021. Autorización Temporal SCV-09031.,15_04_Comunic_Recibidas/2021/CI004_GP-14556_070108_CON_1104_FOR_REGALIAS_SCV-09031.pdf
1098,4,CONCESION ALTO MAGDALENA S.A.S.,,CONSORCIO 4C,GP-14783,23/09/2021,Respuesta comunicación CI.004/GP9305/21/7.5 (Rad. Int. ALMA-R-2021-1174 - 19/08/2021) - Revisión Memoria Técnica junio 2021.,15_04_Comunic_Recibidas/2021/CI004_GP-14783_070500_CON_1415_OBS_MEMOTEC_JUN21.pdf
1097,1,CONCESION ALTO MAGDALENA S.A.S.,,CONSORCIO 4C,GP-14868,19/10/2021,Respuesta comunicaciones CI.004/GP9232/21/7.1.8 (Rad. Int. ALMA-R-2021-0898 – 30/06/2021) y CI.004/GP9461/21/7.1.8 (Rad. Int. ALMA-R-2021-1411 – 24/09/2021). Observaciones Informe Trimestral Ambiental N° 26 V0 / Componente Ambiental.,15_04_Comunic_Recibidas/2021/CI004_GP-14868_070108_CON_1538_OBS_INF_TRIM_AMB_N26.pdf
1100,1,Fiduciaria Bogotá,,CONSORCIO 4C,GP-14644,11/08/2021,Fiducia Mercantil Irrevocable de administración y Pagos Fideicomiso PA Alto Magdalena (3-1-63664),15_04_Comunic_Recibidas/2021/CI004_GP-14644_070202_FBTA_SINNUMERO_SCTUD_INFO.pdf
1099,4,CONCESION ALTO MAGDALENA S.A.S.,,CONSORCIO 4C,GP-14715,08/09/2021,Respuesta comunicaciones CI.004/GP9374/21/5.3 (ALMA-R-2021-1201) y CI.004/GP9388/21/5.3 (ALMA-R-2021-1238) - Póliza Todo Riesgo Obra Civil.,15_04_Comunic_Recibidas/2021/CI004_GP-14715_050300_CON_1336_POLIZA_TODO_RIESGO.pdf
1102,4,CONCESION ALTO MAGDALENA S.A.S.,,CONSORCIO 4C,GP-13889,27/01/2021,"Solicitud cierre pendientes #2, #13 y #15 – AT2-UF5– Postes SOS.",15_04_Comunic_Recibidas/2021/CI004_GP-13889_090300_CON_0179_CIERRE_PDTES_POSTES_UF5.pdf
1101,2,CONCESION ALTO MAGDALENA S.A.S.,,CONSORCIO 4C,GP-14274,14/05/2021,"Respuesta oficio No. SRN 18407 del 14 de abril de 2021 ""Respuesta Entrada No. 25335 con Fecha 26/03/2021""",15_04_Comunic_Recibidas/2021/CI004_GP-14274_050300_CON_0736_RTA_OFICIO_SRN_18407.pdf
1103,2,CONCESION ALTO MAGDALENA S.A.S.,,CONSORCIO 4C,GP-13831,18/01/2021,Solicitud de notificación del Auto DRAM 1250 del 14 de diciembre de 2020. Expediente 60750 (sic),15_04_Comunic_Recibidas/2021/CI004_GP-13831_070108_CON_0090_NOTIFI_AUTO_DRAM_1250.pdf
1104,6,CONCESION ALTO MAGDALENA S.A.S.,,CONSORCIO 4C,GP-14264,13/05/2021,Seguimiento GPS vehículos – Excesos de velocidad y salidas del corredor vial Marzo a Abril de 2021,15_04_Comunic_Recibidas/2021/CI004_GP-14264_070104_CON_0726_SEG_GPS_VEHICULOS.pdf
1105,6,CONCESION ALTO MAGDALENA S.A.S,,CONSORCIO 4C,GP-14296,19/05/2021,Alcance respuesta PQRS UF3-2021-445 - (Rad Int. ALMA-R-2021-0465 - Rad. ANI No. 20213050143241) – Solicitud respuesta Derecho de Petición con radicado ANI No. 20214090132842.,15_04_Comunic_Recibidas/2021/CI004_GP-14296_070109_CON_0758_DP_OALZATE.pdf
1106,2,,,CONSORCIO 4C,GP-14650,25/08/2021,Respuesta a su comunicación No. CI.004/GP9358/21/1.4 con radicado ANI No. 2021409045672 - Condiciones para la entrega del archivo digital – Contrato de Interventoría 145 de 2014 - Proyecto Girardot - Honda - Puerto Salgar. Consorcio 4C.,15_04_Comunic_Recibidas/2021/CI004_GP-14650_010400_ANI_026112-1_ENTREG_ARCHIVO_DIGITAL.pdf
1110,6,,,CONSORCIO 4C,GP-14081,,,15_04_Comunic_Recibidas/2021/CI004_GP-14081_070108_CON_0479_LIC_AMB_RESOL_1685.pdf
1111,2,,,CONSORCIO 4C,GP-14932,,,15_04_Comunic_Recibidas/2021/CI004_GP-14932_050300_ANI_034714-1_CIERRE_PLAZO_INF_TRIM_25.pdf
1108,8,CONCESION ALTO MAGDALENA S.A.S.,,CONSORCIO 4C,GP-14976,16/11/2021,Acuerdo 019 del 21 de junio de 2016 modificado Acuerdo 016 de 21 mayo de 2019- Sustracción 7.04 ha DMI Cuchilla de San Antonio y la Laguna del Coco.,15_04_Comunic_Recibidas/2021/CI004_GP-14976_070108_CON_1685_ACUERDO_019_21-JUN-2016.pdf
1112,1,,,CONSORCIO 4C,GP-14626,,,15_04_Comunic_Recibidas/2021/CI004_GP-14626_070201_CON_1212_ACTAS_RETRIBU_JUN21.pdf
1113,1,,,CONSORCIO 4C,GP-13975,,,15_04_Comunic_Recibidas/2021/CI004_GP-13975_070114_TRANSSURENCO_SINNUMERO_SCTD_PERMISO.pdf
1114,1,,,CONSORCIO 4C,GP-14019,,,15_04_Comunic_Recibidas/2021/CI004_GP-14019_070500_CON_0404_MEMOTEC_ENE21.pdf
1115,8,,,CONSORCIO 4C,GP-13865,,,15_04_Comunic_Recibidas/2021/CI004_GP-13865_070107_CON_0144_DISEÑO_SEÑALIZA_UF5.pdf
1116,2,,,CONSORCIO 4C,GP-14159,,,15_04_Comunic_Recibidas/2021/CI004_GP-14159_070108_CON_0585_SIEMBRA_COMPENSA.pdf
1117,2,,,CONSORCIO 4C,GP-14585,,,15_04_Comunic_Recibidas/2021/CI004_GP-14585_070107_CON_1146_ESTUD_HIDRAU_PR24+900.pdf
1107,8,CONCESION ALTO MAGDALENA S.A.S.,,CONSORCIO 4C,GP-14631,20/08/2021,"Observaciones comunicación CI.004/GP9338/5.3 - Otrosí Modificatorio de la sección 12.8 de la Parte General, literal (a) – Seguro de daños contra todo riesgo de obras civiles (ALMA-R-2021-1134)",15_04_Comunic_Recibidas/2021/CI004_GP-14631_050300_CON_1227_SEGURO_DAÑOS_RIESG.pdf
1118,1,,,CONSORCIO 4C,GP-14115,,,15_04_Comunic_Recibidas/2021/CI004_GP-14115_070302_ANI_009145-1_DP_ARAQUEJO.pdf
1119,2,,,CONSORCIO 4C,GP-14593,,,15_04_Comunic_Recibidas/2021/CI004_GP-14593_050300_ANI_024016-1_AMIGAB_COMPONEDOR.pdf
1121,16,,,CONSORCIO 4C,GP-13952,,,15_04_Comunic_Recibidas/2021/CI004_GP-13952_070108_CON_0276_CTROL_SEGUI_AMB_220.pdf
1122,1,,,CONSORCIO 4C,GP-14559,,,15_04_Comunic_Recibidas/2021/CI004_GP-14559_070202_CON_1112_FOR_ANI_GCSP_F203_JUL21.pdf
1120,2,,,CONSORCIO 4C,GP-15015,,,15_04_Comunic_Recibidas/2021/CI004_GP-15015_070108_CON_1710_PAG_AUTO_DRMC_0788_EXP_51503.pdf
1125,2,,,CONSORCIO 4C,GP-15021,,,15_04_Comunic_Recibidas/2021/CI004_GP-15021_070108_CON_1717_PAG_AUTO_DRMC_0795_EXP_51491.pdf
1123,14,,,CONSORCIO 4C,GP-14900,,,15_04_Comunic_Recibidas/2021/CI004_GP-14900_070108_CON_1585_REPOSI_RESOL_0125.pdf
1124,6,,,CONSORCIO 4C,GP-14546,,,15_04_Comunic_Recibidas/2021/CI004_GP-14546_070109_CON_1007_INTERPOSI_QUERELLA.pdf
1109,4,CONCESION ALTO MAGDALENA S.A.S.,,CONSORCIO 4C,GP-14474,02/07/2021,Respuesta comunicados ANI No. 2021-305-017930-1 (rad. Int. ALMA-R-2021-0779 - 15/06/2021) y 2021-305-019519-1 (rad. Int. ALMA-R-2021-0895 - 29/06/2021). Requerimiento formal atención hallazgos Superintendencia de Puertos y Transporte,15_04_Comunic_Recibidas/2021/CI004_GP-14474_070300_CON_0992_HALLAZG_SUPER_TRANSPOR.pdf
1128,4,,,CONSORCIO 4C,GP-14720,,,15_04_Comunic_Recibidas/2021/CI004_GP-14720_070202_CON_1352_FOR_GCSP_F208_AGO21.pdf
1126,2,,,CONSORCIO 4C,GP-14425,,,15_04_Comunic_Recibidas/2021/CI004_GP-14425_070109_ANI_018376-1_COMPRO_PTO_BGTA.pdf
1127,6,,,CONSORCIO 4C,GP-14802,,,15_04_Comunic_Recibidas/2021/CI004_GP-14802_070109_CON_1458_LIBERA_BIENES_USO_PUB.pdf
1130,1,,,CONSORCIO 4C,GP-13930,,,15_04_Comunic_Recibidas/2021/CI004_GP-13930_070109_RMARTINEZ_SINNUMERO_DENUNC_POLICIA_GUATAQ.pdf
1129,2,,,CONSORCIO 4C,GP-15089,,,15_04_Comunic_Recibidas/2021/CI004_GP-15089_070108_CON_1792_PAG_SERV_AMB_EXP_51861.pdf
1131,2,,,CONSORCIO 4C,GP-15020,,,15_04_Comunic_Recibidas/2021/CI004_GP-15020_070108_CON_1716_PAG_AUTO_DRMC_0794_EXP_51534.pdf
1132,1,,,CONSORCIO 4C,GP-15002,,,15_04_Comunic_Recibidas/2021/CI004_GP-15002_070108_CON_1704_PERMI_APROV_FORESTAL_PR66+820.pdf
1133,6,,,CONSORCIO 4C,GP-14067,,,15_04_Comunic_Recibidas/2021/CI004_GP-14067_070500_CON_0461_MEMOTEC_NOV20.pdf
1134,1,,,CONSORCIO 4C,GP-14359,,,15_04_Comunic_Recibidas/2021/CI004_GP-14359_070500_CON_0855_MEMOTEC_ABR21.pdf
1135,1,,,CONSORCIO 4C,GP-14142,,,15_04_Comunic_Recibidas/2021/CI004_GP-14142_070500_CON_0562_MEMOTEC_FEB21.pdf
1136,1,,,CONSORCIO 4C,GP-14336,,,15_04_Comunic_Recibidas/2021/CI004_GP-14336_070109-070201_CON_0804_FOR_GCSP_F203_MAY21.pdf
1137,2,,,CONSORCIO 4C,GP-13912,,,15_04_Comunic_Recibidas/2021/CI004_GP-13912_070108_CON_0208_SOPORT_PAG_AUTO_DRAM_1250.pdf
1139,2,,,CONSORCIO 4C,GP-13875,,,15_04_Comunic_Recibidas/2021/CI004_GP-13875_070114_ANI_001914-1_ACTA_SUSPEN_RESOL_387.pdf
1140,2,,,CONSORCIO 4C,GP-14289,,,15_04_Comunic_Recibidas/2021/CI004_GP-14289_070108_CON_0748_SOPORT_PAG_DRMC_0288.pdf
1141,6,,,CONSORCIO 4C,GP-14490,,,15_04_Comunic_Recibidas/2021/CI004_GP-14490_070300_CON_1033_INTERV_PAVI_UF4.pdf
1138,1,,,CONSORCIO 4C,GP-14916,,,15_04_Comunic_Recibidas/2021/CI004_GP-14916_070406_CON_1550_EXP_PREDIAL_5-0105.pdf
1142,4,,,CONSORCIO 4C,GP-14250,,,15_04_Comunic_Recibidas/2021/CI004_GP-14250_070301_CON_0704_PUNTOS_CONTEO_UF5.pdf
1143,2,,,CONSORCIO 4C,GP-14746,,,15_04_Comunic_Recibidas/2021/CI004_GP-14746_070108_CON_1366_EYD_QUEBRA_ARENALES.pdf
1144,1,,,CONSORCIO 4C,GP-14234,,,15_04_Comunic_Recibidas/2021/CI004_GP-14234_050300_CON_0684_SUSCRIPCION_OTROSI_11.pdf
1145,1,,,CONSORCIO 4C,GP-13941,,,15_04_Comunic_Recibidas/2021/CI004_GP-13941_050300_CON_0249_AJUST_HORARIO_RADICACION.pdf
1146,2,,,CONSORCIO 4C,GP-14575,,,15_04_Comunic_Recibidas/2021/CI004_GP-14575_070108_CON_1133_PAGO_DRBM_0536.pdf
1147,4,,,CONSORCIO 4C,GP-14523,,,15_04_Comunic_Recibidas/2021/CI004_GP-14523_070201_CON_1068_PAG_FONSECON_JUN21.pdf
1148,2,,,CONSORCIO 4C,GP-14020,,,15_04_Comunic_Recibidas/2021/CI004_GP-14020_070114_CON_0407_ROCERIA_TOSCANA.pdf
1149,1,,,CONSORCIO 4C,GP-14796,,,15_04_Comunic_Recibidas/2021/CI004_GP-14796_070209_CON_1465_ACTA_VPIP_AGO21.pdf
1150,2,,,CONSORCIO 4C,GP-14329,,,15_04_Comunic_Recibidas/2021/CI004_GP-14329_070114_ANI_015524-1_SCTUD_PERMISO_AJIMENEZ.pdf
1151,1,,,CONSORCIO 4C,GP-13815,,,15_04_Comunic_Recibidas/2021/CI004_GP-13815_070402_CON_0010_EXP_SOCIAL.pdf
1152,22,,,CONSORCIO 4C,GP-14467,,,15_04_Comunic_Recibidas/2021/CI004_GP-14467_070108_CON_0990_REPOSI_DRAM_00550.pdf
1153,1,,,CONSORCIO 4C,GP-13869,,,15_04_Comunic_Recibidas/2021/CI004_GP-13869_050300_CON_0128_ACTUALIZACION_IPC.pdf
1154,2,,,CONSORCIO 4C,GP-14278,,,15_04_Comunic_Recibidas/2021/CI004_GP-14278_050300_ANI_014545-1_ENTREG_ARCHIVO_DIGITAL.pdf
1155,1,,,CONSORCIO 4C,GP-15174,,,15_04_Comunic_Recibidas/2021/CI004_GP-15174_070209_CON_1888_ACTA_VPIP_NOV21.pdf
1156,2,,,CONSORCIO 4C,GP-14192,,,15_04_Comunic_Recibidas/2021/CI004_GP-14192_070109_ANI_012297-1_DP_ARAQUEJO.pdf
1157,1,,,CONSORCIO 4C,GP-14939,,,15_04_Comunic_Recibidas/2021/CI004_GP-14939_070109_CON_1618_LISTAD_FOR_SEG_PQRS_UF2.pdf
1158,1,,,CONSORCIO 4C,GP-14328,,,15_04_Comunic_Recibidas/2021/CI004_GP-14328_070401_CON_0789_EXP_PREDIAL.pdf
1159,4,,,CONSORCIO 4C,GP-14997,,,15_04_Comunic_Recibidas/2021/CI004_GP-14997_070200_ANI_036395-1_CONCEP_TEC_VIDA_UTIL_ACTIVOS.pdf
1160,6,,,CONSORCIO 4C,GP-13828,,,15_04_Comunic_Recibidas/2021/CI004_GP-13828_050300_CON_0086_CAMBIO_TIPO_O&M_NPH.pdf
1161,1,,,CONSORCIO 4C,GP-14464,,,15_04_Comunic_Recibidas/2021/CI004_GP-14464_090200_ANI_019090-1_APROB_INF_INTERV_79.pdf
1162,2,,,CONSORCIO 4C,GP-14321,,,15_04_Comunic_Recibidas/2021/CI004_GP-14321_070108_CON_0779_SOPORT_PAG_DRMC_0779.pdf
1163,1,,,CONSORCIO 4C,GP-15135,,,15_04_Comunic_Recibidas/2021/CI004_GP-15135_070210_CON_1848_ACTA_RETRIBU_OCT21.pdf
1164,28,,,CONSORCIO 4C,GP-14301,,,15_04_Comunic_Recibidas/2021/CI004_GP-14301_070110_CON_0762_ACT_PROTOCOLO_BIOSEG.pdf
1165,2,,,CONSORCIO 4C,GP-14291,,,15_04_Comunic_Recibidas/2021/CI004_GP-14291_070108_CON_0750_SOPORT_PAG_DRMC_0290.pdf
1166,4,,,CONSORCIO 4C,GP-13904,,,15_04_Comunic_Recibidas/2021/CI004_GP-13904_050300_CON_0196_SCTUD_COSTOS_OCIOSOS.pdf
1167,9,,,CONSORCIO 4C,GP-14144,,,15_04_Comunic_Recibidas/2021/CI004_GP-14144_070201-070115_ANI_009962-1_APROBA_CTA_4.pdf
1168,2,,,CONSORCIO 4C,GP-14318,,,15_04_Comunic_Recibidas/2021/CI004_GP-14318_070108_CON_0776_SOPORT_PAG_DRMC_0280.pdf
1169,6,,,CONSORCIO 4C,GP-14177,,,15_04_Comunic_Recibidas/2021/CI004_GP-14177_070202_CON_0631_FOR_GCSP_F009_FEB21.pdf
1170,2,,,CONSORCIO 4C,GP-14297,,,15_04_Comunic_Recibidas/2021/CI004_GP-14297_070110_CON_0742_PAG_SEGYSAL_FEB_ENE21.pdf
1171,4,,,CONSORCIO 4C,GP-14716,,,15_04_Comunic_Recibidas/2021/CI004_GP-14716_070202_CON_1342_FOR_GCSP_F001_AGO21.pdf
1172,2,,,CONSORCIO 4C,GP-15018,,,15_04_Comunic_Recibidas/2021/CI004_GP-15018_070108_CON_1714_PAG_AUTO_DRMC_0792_EXP_51524.pdf
1173,2,,,CONSORCIO 4C,GP-14917,,,15_04_Comunic_Recibidas/2021/CI004_GP-14917_070104_ANI_034673-1_REITERA_SCTUD_ALC_DORADA.pdf
1174,2,,,CONSORCIO 4C,GP-14573,,,15_04_Comunic_Recibidas/2021/CI004_GP-14573_070108_CON_1131_PAGO_DRBM_0534.pdf
1175,1,,,CONSORCIO 4C,GP-14950,,,15_04_Comunic_Recibidas/2021/CI004_GP-14950_070500_CON_1632_INF_MEN_N84_OCT21.pdf
1177,1,,,CONSORCIO 4C,GP-14396,,,15_04_Comunic_Recibidas/2021/CI004_GP-14396_070108_CON_0897_CUMPLI_DRMC_0209_EXP_51961.pdf
1176,16,,,CONSORCIO 4C,GP-14219,,,15_04_Comunic_Recibidas/2021/CI004_GP-14219_070104_CON_0668_DP_ARAQUEJO.pdf
1178,4,,,CONSORCIO 4C,GP-13845,,,15_04_Comunic_Recibidas/2021/CI004_GP-13845_070402_CON_0080_PLAZO_CURA_PREDIO_4-0030.pdf
1179,1,,,CONSORCIO 4C,GP-14766,,,15_04_Comunic_Recibidas/2021/CI004_GP-14766_050300_ANI_029058-1_MINUTA_OTROSI_N11.pdf
1180,4,,,CONSORCIO 4C,GP-14149,,,15_04_Comunic_Recibidas/2021/CI004_GP-14149_050300_CON_0570_ELUSION_PEAJE_BRISAS.pdf
1181,6,,,CONSORCIO 4C,GP-14737,,,15_04_Comunic_Recibidas/2021/CI004_GP-14737_070202_CON_1380_ALC_FOR_GCSP_F009_AGO21.pdf
1182,8,,,CONSORCIO 4C,GP-14537,,,15_04_Comunic_Recibidas/2021/CI004_GP-14537_050300_CON_1094_AMIGAB_COMPONEDOR.pdf
1183,1,,,CONSORCIO 4C,GP-14845,,,15_04_Comunic_Recibidas/2021/CI004_GP-14845_070108_CON_1510_ACTUAL_PROG_PAGA_O&M.pdf
1184,6,,,CONSORCIO 4C,GP-14247,,,15_04_Comunic_Recibidas/2021/CI004_GP-14247_070109_CON_0702_SCTUD_COMPRO_PTO_BGTA.pdf
1185,2,,,CONSORCIO 4C,GP-15115,,,15_04_Comunic_Recibidas/2021/CI004_GP-15115_070109_CON_1825_RECUPE_ESPACIO_PUB_NOV21.pdf
1186,2,CONCESIÓN ALTO MAGDALENA S.A.S.,,CONSORCIO 4C,GP-14596,05/08/2021,"Respuesta comunicado interno ALMA-R-2021-0912, retiro de elementos religiosos, recuperación de espacio público.",15_04_Comunic_Recibidas/2021/CI004_GP-14596_070109_CON_1159_RETIRO_ELEMENT_RELIGIOSOS.pdf
1187,2,CONCESION ALTO MAGDALENA S.A.S.,,CONSORCIO 4C,GP-14638,20/08/2021,Cumplimiento de la obligación de pago por el seguimiento y control ambiental. Auto DRAM 0625 del 1/07/2021 (Rad. Interno ALMA-R-2021-0996 del 21/07/2021). Expediente 60751,15_04_Comunic_Recibidas/2021/CI004_GP-14638_070108_CON_1220_OBLIGA_PAG_DRAM_0625.pdf
1188,2,CONCESIÓN ALTO MAGDALENA S.A.S.,,CONSORCIO 4C,GP-14928,05/11/2021,Solicitud entrega Resolución CAR 50207101107 del 31 de agosto de 2020. Expediente 81887.,15_04_Comunic_Recibidas/2021/CI004_GP-14928_070108_CON_1607_ENTREG_RESOL_CAR_50207101107.pdf
1189,4,CONCESION ALTO MAGDALENA S.A.S.,,CONSORCIO 4C,GP-14011,05/03/2021,"Comunicados CI.004/GP8661/20/7.1.15 (Rad int. ALMA-R-2020-2148 - 24/11/2020), y CI.004/GP8681/20/7.1.15 (Rad int. ALMA-R-2020-2170 - 26/11/2020) – Fondeo No. 5 Actas de Redes No. 13 y 14.",15_04_Comunic_Recibidas/2021/CI004_GP-14011_070115_CON_0399_FONDEO_N5_ACTA_REDES.pdf
1190,8,,,CONSORCIO 4C,GP-13838,,,15_04_Comunic_Recibidas/2021/CI004_GP-13838_070108_CON_0115_REPOSI_AUTO_DRAM_1329.pdf
1191,18,,,CONSORCIO 4C,GP-14232,,,15_04_Comunic_Recibidas/2021/CI004_GP-14232_070108_CON_0683_DESCARG_AUTO_DRAM_0314.pdf
1192,4,,,CONSORCIO 4C,GP-15080,,,15_04_Comunic_Recibidas/2021/CI004_GP-15080_070105_CON_1803_ESTUD_HIDRAU_SITIO_CRITIC_PR66+850.pdf
1193,2,,,CONSORCIO 4C,GP-15063,,,15_04_Comunic_Recibidas/2021/CI004_GP-15063_050300_ANI_037712-1_ENTREG_PAZ_SALVO_POLIZAS.pdf
1194,1,,,CONSORCIO 4C,GP-14820,,,15_04_Comunic_Recibidas/2021/CI004_GP-14820_070109_CON_1490_FOR_GCSP_F203_SEP21.pdf
1195,2,,,CONSORCIO 4C,GP-14579,,,15_04_Comunic_Recibidas/2021/CI004_GP-14579_070108_CON_1137_PAGO_DRBM_0540.pdf
1196,2,,,CONSORCIO 4C,GP-14428,,,15_04_Comunic_Recibidas/2021/CI004_GP-14428_070108_CON_0930_SIEMBRA_COMPENSA_56598.pdf
1197,1,,,CONSORCIO 4C,GP-13790,,,15_04_Comunic_Recibidas/2021/CI004_GP-13790_070108_CON_0027_VISITA_PREDIO_LOS_ALPES.pdf
1198,1,,,CONSORCIO 4C,GP-14655,,,15_04_Comunic_Recibidas/2021/CI004_GP-14655_050300_CON_1231_FIRMA_OTROSI_N11.pdf
1199,4,,,CONSORCIO 4C,GP-13769,,,15_04_Comunic_Recibidas/2021/CI004_GP-13769_070104_CON_3208_ACTA_ENTREGA_NPH_PDTES.pdf
1200,2,,,CONSORCIO 4C,GP-14524,,,15_04_Comunic_Recibidas/2021/CI004_GP-14524_070111_CON_1058_INCUMPLI_PMT_UF3_UF4.pdf
1201,4,,,CONSORCIO 4C,GP-14918,,,15_04_Comunic_Recibidas/2021/CI004_GP-14918_070108_CON_1609_OBS_PLAN_COMPENS_BIODIVERSID.pdf
1202,1,,,CONSORCIO 4C,GP-14649,,,15_04_Comunic_Recibidas/2021/CI004_GP-14649_070104_ANI_026118-1_DP_CONCEJO_GUATAQUI.pdf
1203,4,,,CONSORCIO 4C,GP-14388,,,15_04_Comunic_Recibidas/2021/CI004_GP-14388_070108_CON_0893_PAG_DRAM_0387_EXP_51709.pdf
1204,1,,,CONSORCIO 4C,GP-14282,,,15_04_Comunic_Recibidas/2021/CI004_GP-14282_070202_FBTA_ESTAD_FINAN_ABR21.pdf
1205,1,,,CONSORCIO 4C,GP-14522,,,15_04_Comunic_Recibidas/2021/CI004_GP-14522_070109_CON_1067_RECUPERA_BIENES_USO_PUB.pdf
1206,2,,,CONSORCIO 4C,GP-14498,,,15_04_Comunic_Recibidas/2021/CI004_GP-14498_070108_CON_1041_OCUP_CAUC_EXP_80890_80891.pdf
1207,1,,,CONSORCIO 4C,GP-13817,,,15_04_Comunic_Recibidas/2021/CI004_GP-13817_050300_CON_3224_POLIZAS_O&M.pdf
1208,1,,,CONSORCIO 4C,GP-14419,,,15_04_Comunic_Recibidas/2021/CI004_GP-14419_070109-070301_ANI_018277-1_TARIF_DIFEREN_PEAJ.pdf
1209,8,CONCESION ALTO MAGDALENA S.A.S.,,CONSORCIO 4C,GP-14872,21/10/2021,Alcance reclamación costos ociosos.,15_04_Comunic_Recibidas/2021/CI004_GP-14872_050300_CON_1545_ALC_COSTOS_OCIOSOS.pdf
1210,4,CONCESION ALTO MAGDALENA S.A.S.,,CONSORCIO 4C,GP-13969,18/02/2021,Respuesta requerimientos Auto DRAM 1028 del 29 de octubre del 2020. Expediente: 61896,15_04_Comunic_Recibidas/2021/CI004_GP-13969_070108_CON_0284_REQUERI_AUTO_1028_EXP_61896.pdf
1212,1,CONCESIÓN ALTO MAGDALENA S.A.S.,,CONSORCIO 4C,GP-13870,26/01/2021,Entrega del Formato ANI-GCSP-F-203 Informe Ejecutivo – Enero de 2021,15_04_Comunic_Recibidas/2021/CI004_GP-13870_070109-070202_CON_0153_FOR_GCSP_F203_ENE21.pdf
1211,1,CONCESIÓN ALTO MAGDALENA S.A.S.,,CONSORCIO 4C,GP-13858,22/01/2021,Información sobre oficina para turismo ubicada en las áreas de servicio del Concesionario Km 18+500 y Km 80+500.,15_04_Comunic_Recibidas/2021/CI004_GP-13858_070104_CON_0140_OFICINA_TURISMO_K18+500_K80+500.pdf
1214,1,CONCESION ALTO MAGDALENA S.A.S.,,CONSORCIO 4C,GP-14630,20/08/2021,Informe ejecutivo de avance de ejecución predial y sabana de avalúos del mes de julio del año 2021.,15_04_Comunic_Recibidas/2021/CI004_GP-14630_070401_CON_1226_INF_PREDIAL_JUL21.pdf
1213,1,Agencia Nacional de Infraestructura,,CONSORCIO 4C,GP-14460,24/06/2021,"Traslado de Derecho de Petición del Señor Samuel Barrera Rodríguez con radicado ANI No. 20214090682352 - Proyecto Girardot – Honda – Puerto Salgar, Contrato de Concesión 003 de 2014. Alto Magdalena S.A.S.",15_04_Comunic_Recibidas/2021/CI004_GP-14460_070109_ANI_019100-1_DP_SBARRERA.pdf
1216,1,CONCESION ALTO MAGDALENA S.A.S,,CONSORCIO 4C,GP-14303,18/05/2021,"Entrega Expedientes Finales ALMA-5-0265, ALMA-5-0269, ALMA-5-0272 Y ALMA-5-0273.",15_04_Comunic_Recibidas/2021/CI004_GP-14303_070401_CON_0743_EXP_FINAL.pdf
1215,2,,,CONSORCIO 4C,GP-14847,13/10/2021,Solicitud concepto sobre los comunicados No. ALMA-2021-1473 y ALMA-2021-1461 con radicados ANI No. 20214091163482 y 20214091150922 - Remisión Pólizas Otrosí No. 11 y Eventos Eximentes de Responsabilidad Predial UF2 y UF5. - Contrato de Interventoría 145 de 2014 - Proyecto Girardot - Honda - Puerto Salgar. Consorcio 4C.,15_04_Comunic_Recibidas/2021/CI004_GP-14847_050300_ANI_032076-1_POLIZAS_OTROSI_N11.pdf
1217,2,GESTION SOCIAL ALTO MAGDALENA,,CONSORCIO 4C,GP-13931,05/02/2021,Reporte de denuncio interpuesto ante la Inspección de Policía del municipio de Guataquí,15_04_Comunic_Recibidas/2021/CI004_GP-13931_070109_CON_SINNUMERO_DENUNC_POLICIA_GUATAQ.pdf
1218,4,CONCESION ALTO MAGDALENA S.A.S.,,CONSORCIO 4C,GP-14489,12/07/2021,"Respuesta comunicado ALMA-R-2021-0930 (CI.004/GP9243/21/7.1.7) ""Requerimiento Estudio Hidráulico y Socavación Zona de Erosión PR24+900, UF2""",15_04_Comunic_Recibidas/2021/CI004_GP-14489_070107_CON_1021_ESTUD_HIDRAU_PR24+900.pdf
1219,4,CONCESION ALTO MAGDALENA S.A.S.,,CONSORCIO 4C,GP-14043,12/03/2021,"Remisión información - Resolución 0641 del 8/05/2020, modificada por la Resolución 1273 del 25/08/2020. Expediente OCA 15512",15_04_Comunic_Recibidas/2021/CI004_GP-14043_070108_CON_0428_RESOL_0641_EXP_OCA_15512.pdf
1220,2,SOCIEDAD CONCESION ALTO MAGDALENA S.A.S.,,CONSORCIO 4C,GP-14555,30/07/2021,"Radicado No. 20214090810712 del 21 de julio de 2021 - Solicitud de concepto técnico de permiso de uso, ocupación y la intervención temporal de la infraestructura vial - Proyecto vial Girardot – Honda – Puerto Salgar. Al responder, favor citar Expediente: 20213040280200286E.",15_04_Comunic_Recibidas/2021/CI004_GP-14555_070114_ANI_023033-1_PERMI_USO_TEMPO_UNIFET.pdf
1221,1,CONCESION ALTO MAGDALENA S.A.S.,,CONSORCIO 4C,GP-15182,30/12/2021,"Respuesta PQRS-UF4-2021-0596 del 29/12/2021 – “Solicitud instalación de luminarias con paneles solares tipo isla, en el sector de ingreso y salida del Establecimiento por lo menos a cien metros a lado y lado de la vía”",15_04_Comunic_Recibidas/2021/CI004_GP-15182_070109_CON_1908_INSTAL_LUMI_PANEL_SOLAR.pdf
1222,2,Agencia Nacional de Infraestructura,,CONSORCIO 4C,GP-14905,02/11/2021,Traslado queja Empresa Riotax – Radicado ANI 20214091248492 del 26 de octubre de 2021 - Contrato de Concesión No 003 de 2014 – Proyecto Girardot-Honda-Puerto Salgar. Concesión Alto Magdalena S.A.S.,15_04_Comunic_Recibidas/2021/CI004_GP-14905_070300_ANI_034210-1_TRASLAD_QUEJA_RIOTAX.pdf
1223,1,CONCESION ALTO MAGDALENA S.A.S.,CI004/GP6721/9.4.1,CONSORCIO 4C,GP-15005,11/11/2021,Remisión expedientes prediales ALMA-4-0037 Y ALMA-5-0110-1 para revisión.,15_04_Comunic_Recibidas/2021/CI004_GP-15005_070401_CON_1656_EXP_FINALES_4-0037_5-0110-1.pdf
1224,2,Concesión Alto Magdalena S.A.S,,CONSORCIO 4C,GP-14910,03/11/2021,"Respuesta a su comunicado No. ALMA-2021-1330 con radicado ANI No. 20214091059402 – Informe Gerencial No. 82, correspondiente al mes de agosto de 2021- Proyecto Girardot – Honda – Puerto Salgar, Contrato de Concesión 003 de 2014. Concesión Alto Magdalena S.A.S.",15_04_Comunic_Recibidas/2021/CI004_GP-14910_070500_ANI_034484-1_INF_MEN_N82_AGO21.pdf
1227,1,CONCESIÓN ALTO MAGDALENA S.A.S.,ALMA-2021-0552,CONSORCIO 4C,GP-14141,09/04/2021,Entrega expediente predial ALMA-4-0062 aprobación Actualización de insumos.,15_04_Comunic_Recibidas/2021/CI004_GP-14141_070401_CON_0552_EXP_PREDIAL_4-0062.pdf
1226,4,CONCESIÓN ALTO MAGDALENA S.A.S.,,CONSORCIO 4C,GP-14504,14/07/2021,Cumplimiento obligación de pago por control y seguimiento ambiental. Auto DRAM 03216000524 del 8 de junio de 2021 (Rad. Interno ALMA-R-2021-0784) Expediente 62375,15_04_Comunic_Recibidas/2021/CI004_GP-14504_070108_CON_1050_OBLIGA_PAG_EXP_62375.pdf
1230,2,,,CONSORCIO 4C,GP-14747,,,15_04_Comunic_Recibidas/2021/CI004_GP-14747_070109_CON_1374_LIBERA_BIEN_USO_PUB_K26+200.pdf
1231,2,,,CONSORCIO 4C,GP-14557,,,15_04_Comunic_Recibidas/2021/CI004_GP-14557_070108_CON_1105_FOR_REGALIAS_SCV-09031.pdf
1225,5,CONCESION ALTO MAGDALENA S.A.S.,,CONSORCIO 4C,GP-14830,07/10/2021,"Respuesta comunicación CI.004/GP9304/21/7.4.1 (Rad. Int. ALMA-R-2021-1060) - 30/07/2021. Remisión Expedientes Finales (digitales) ALMA-2-0011 UF2, ALMA-4-0047 UF4 y ALMA-5-0225 UF5 para Revisión ANI.",15_04_Comunic_Recibidas/2021/CI004_GP-14830_070401_CON_1486_EXP_FINALES.pdf
1232,2,,,CONSORCIO 4C,GP-14853,,,15_04_Comunic_Recibidas/2021/CI004_GP-14853_070108_CON_1518_AUTO_DRAM_0614_EXP_62374.pdf
1233,2,,,CONSORCIO 4C,GP-14446,,,15_04_Comunic_Recibidas/2021/CI004_GP-14446_070108_CON_0953_OBLIG_PAG_UTIL_AGUAS.pdf
1228,2,CONCESION ALTO MAGDALENA S.A.S.,,CONSORCIO 4C,GP-13988,23/02/2021,Entrega Soportes Pagos de Seguridad Social diciembre y Salarios noviembre de 2020.,15_04_Comunic_Recibidas/2021/CI004_GP-13988_070110_CON_0310_PAG_SEGYSAL_NOV20.pdf
1235,1,,,CONSORCIO 4C,GP-14409,,,15_04_Comunic_Recibidas/2021/CI004_GP-14409_070104-070109_JGALVEZ_DP_EROSION_PREDIO.pdf
1234,2,,,CONSORCIO 4C,GP-14633,,,15_04_Comunic_Recibidas/2021/CI004_GP-14633_070108_CON_1215_OBLIGA_PAG_DRAM_0501.pdf
1236,1,,,CONSORCIO 4C,GP-13849,,,15_04_Comunic_Recibidas/2021/CI004_GP-13849_070401_CON_0127_INF_PREDIAL_DIC_20.pdf
1237,8,,,CONSORCIO 4C,GP-14627,,,15_04_Comunic_Recibidas/2021/CI004_GP-14627_070108_CON_1213_OBLIG_INFO_RCD_EXP_60748.pdf
1239,4,,,CONSORCIO 4C,GP-14731,,,15_04_Comunic_Recibidas/2021/CI004_GP-14731_070109_CON_1356_INVA_ESPACIO_PUB.pdf
1238,2,,,CONSORCIO 4C,GP-14455,,,15_04_Comunic_Recibidas/2021/CI004_GP-14455_070109_ANI_018998-1_COMPRO_PTO_BGTA.pdf
1240,2,,,CONSORCIO 4C,GP-14116,,,15_04_Comunic_Recibidas/2021/CI004_GP-14116_070302_ANI_009150-1_DP_SERVINGENIEROS.pdf
1242,2,,,CONSORCIO 4C,GP-14691,,,15_04_Comunic_Recibidas/2021/CI004_GP-14691_070108_CON_1298_AUTO_DRAM_0699_EXP_52105.pdf
1241,1,,,CONSORCIO 4C,GP-13973,,,15_04_Comunic_Recibidas/2021/CI004_GP-13973_070108_CON_0288_SCTUD_EXP_52004_52000_52029.pdf
1243,4,,,CONSORCIO 4C,GP-14987,,,15_04_Comunic_Recibidas/2021/CI004_GP-14987_070301_CON_1688_VENTA_BOLETE_PEAJE_UF5.pdf
1245,6,,,CONSORCIO 4C,GP-14955,,,15_04_Comunic_Recibidas/2021/CI004_GP-14955_070202_CON_1660_FOR_GCSP_F001_OCT21.pdf
1244,4,,,CONSORCIO 4C,GP-14499,,,15_04_Comunic_Recibidas/2021/CI004_GP-14499_070500_CON_1042_MEMOTEC_ABR21.pdf
1248,1,,,CONSORCIO 4C,GP-14988,,,15_04_Comunic_Recibidas/2021/CI004_GP-14988_070114_ANI_035919-1_SCTUD_CONCEP_EDS_RSECO.pdf
1246,1,,,CONSORCIO 4C,GP-13853,,,15_04_Comunic_Recibidas/2021/CI004_GP-13853_070104_CON_0134_OFICINA_TURISMO_K18+500_K80+500.pdf
1247,14,,,CONSORCIO 4C,GP-15051,,,15_04_Comunic_Recibidas/2021/CI004_GP-15051_070108_CON_1751_SCTUD_INF_TEC_0838_EXP_51852.pdf
1249,2,,,CONSORCIO 4C,GP-14989,,,15_04_Comunic_Recibidas/2021/CI004_GP-14989_070202_FBTA_SINNUMERO_ALC_INF_MEN_OCT21.pdf
1250,2,,,CONSORCIO 4C,GP-14944,,,15_04_Comunic_Recibidas/2021/CI004_GP-14944_070108_CON_1624_AUTO_DRAM_0793_EXP_51730.pdf
1251,2,,,CONSORCIO 4C,GP-14550,,,15_04_Comunic_Recibidas/2021/CI004_GP-14550_070109_CON_1098_ENTREG_RESULT_1SEM_2021.pdf
1229,1,CONCESIÓN ALTO MAGDALENA S.A.S.,,CONSORCIO 4C,GP-14480,06/07/2021,Respuesta comunicación CI.004/GP8375/20/7.4.4 (Rad. Int. ALMA-R-2020-1684 del 31/08/2020). Entrega expediente ALMA-5-0105 para aprobación de Actualización insumos prediales.,15_04_Comunic_Recibidas/2021/CI004_GP-14480_070401_CON_1002_EXP_PREDIAL.pdf
1252,1,,,CONSORCIO 4C,GP-14375,,,15_04_Comunic_Recibidas/2021/CI004_GP-14375_070102_CON_0881_MEDI_PERCEPCION_CLIENTE.pdf
1253,4,,,CONSORCIO 4C,GP-15084,,,15_04_Comunic_Recibidas/2021/CI004_GP-15084_070108_CON_1787_PAG_SERV_AMB_EXP_51703.pdf
1254,1,,,CONSORCIO 4C,GP-14675,,,15_04_Comunic_Recibidas/2021/CI004_GP-14675_070406_CON_1259_APROBA_ALMA-5-0261.pdf
1255,14,,,CONSORCIO 4C,GP-15053,,,15_04_Comunic_Recibidas/2021/CI004_GP-15053_070108_CON_1755_SCTUD_COPIA_DCTOS.pdf
1256,2,,,CONSORCIO 4C,GP-15016,,,15_04_Comunic_Recibidas/2021/CI004_GP-15016_070108_CON_1712_PAG_AUTO_DRMC_0790_EXP_51509.pdf
1257,4,,,CONSORCIO 4C,GP-14665,,,15_04_Comunic_Recibidas/2021/CI004_GP-14665_070109_CON_1255_CENTRO_BIENES_ANIMAL.pdf
1259,1,,,CONSORCIO 4C,GP-13994,,,15_04_Comunic_Recibidas/2021/CI004_GP-13994_070109_CON_0337_OBS_INF_TRIM_SOCIAL_25.pdf
1260,4,,,CONSORCIO 4C,GP-14344,,,15_04_Comunic_Recibidas/2021/CI004_GP-14344_070109_ANI_016067-1_DP_NAGASI_SAS.pdf
1258,1,,,CONSORCIO 4C,GP-14410,,,15_04_Comunic_Recibidas/2021/CI004_GP-14410_070401_CON_0906_AVALUOS_OTROSI_N9.pdf
1261,2,,,CONSORCIO 4C,GP-14574,,,15_04_Comunic_Recibidas/2021/CI004_GP-14574_070108_CON_1132_PAGO_DRBM_0535.pdf
1262,2,,,CONSORCIO 4C,GP-14763,,,15_04_Comunic_Recibidas/2021/CI004_GP-14763_050300_ANI_028819-1_FALLAS_EQUIPOS_RECEPT_NPH.pdf
1263,4,,,CONSORCIO 4C,GP-14983,,,15_04_Comunic_Recibidas/2021/CI004_GP-14983_070108_CON_1678_SEG_AUTO_DRAM_0894_EXP_51862.pdf
1264,12,,,CONSORCIO 4C,GP-14831,,,15_04_Comunic_Recibidas/2021/CI004_GP-14831_050300-070401_CON_1496_PLAZ_CURA_CERCAS_UF2.pdf
1265,2,,,CONSORCIO 4C,GP-14505,,,15_04_Comunic_Recibidas/2021/CI004_GP-14505_070108_CON_1051_OBLIGA_PAG_EXP_51782.pdf
1266,10,,,CONSORCIO 4C,GP-14325,,,15_04_Comunic_Recibidas/2021/CI004_GP-14325_050300_CON_0737_SCTUD_MODIFI_APT2.pdf
1267,2,,,CONSORCIO 4C,GP-14966,,,15_04_Comunic_Recibidas/2021/CI004_GP-14966_070104_CON_1663_CONCEP_TEC_HIDRAU_PR81+740.pdf
1268,8,,,CONSORCIO 4C,GP-14137,,,15_04_Comunic_Recibidas/2021/CI004_GP-14137_050300_CON_0560_PLAZO_CURA_PTE_UF5.2.pdf
1269,6,,,CONSORCIO 4C,GP-14367,,,15_04_Comunic_Recibidas/2021/CI004_GP-14367_070109_CON_0864_CUMPLI_COMPRO_PTO_BGTA.pdf
1270,1,,,CONSORCIO 4C,GP-15134,,,15_04_Comunic_Recibidas/2021/CI004_GP-15134_070210_CON_1844_ACTA_RETRIBU_OCT21.pdf
1271,1,,,CONSORCIO 4C,GP-14405,,,15_04_Comunic_Recibidas/2021/CI004_GP-14405_070202_FBTA_SINNUMERO_ESTAD_FINAN_MAY21.pdf
1272,2,,,CONSORCIO 4C,GP-14186,,,15_04_Comunic_Recibidas/2021/CI004_GP-14186_070114_ANI_012012-1_PERM_OCUPA_TEMPORAL.pdf
1273,1,,,CONSORCIO 4C,GP-14241,,,15_04_Comunic_Recibidas/2021/CI004_GP-14241_070402_ANI_013217-1_DP_PMONTERO.pdf
1274,2,,,CONSORCIO 4C,GP-14999,,,15_04_Comunic_Recibidas/2021/CI004_GP-14999_070109_CON_1699_OBS_EXP_PQRS_UF1-2021-109.pdf
1275,1,,,CONSORCIO 4C,GP-13776,,,15_04_Comunic_Recibidas/2021/CI004_GP-13776_070108_CON_3222_AUTO_DRAM_0920_EXP_83404.pdf
1276,1,,,CONSORCIO 4C,GP-14672,,,15_04_Comunic_Recibidas/2021/CI004_GP-14672_070110_CON_1267_PAG_SEGYSAL_MAY_ABR21.pdf
1277,2,,,CONSORCIO 4C,GP-14239,,,15_04_Comunic_Recibidas/2021/CI004_GP-14239_070109_CON_0690_PROCESO_ADMIN_MINDECO.pdf
1278,2,,,CONSORCIO 4C,GP-14182,,,15_04_Comunic_Recibidas/2021/CI004_GP-14182_070109_ANI_011718-1_COMPROMI_PTO_BGTA.pdf
1279,4,,,CONSORCIO 4C,GP-14145,,,15_04_Comunic_Recibidas/2021/CI004_GP-14145_090300_ANI_010178-1_ENTREG_PLANOS_RECORD.pdf
1280,1,,,CONSORCIO 4C,GP-13850,,,15_04_Comunic_Recibidas/2021/CI004_GP-13850_070104_CON_0131_OFICINA_TURISMO_K18+500_K80+500.pdf
1281,2,,,CONSORCIO 4C,GP-14786,,,15_04_Comunic_Recibidas/2021/CI004_GP-14786_050300_CON_1423_OBS_COSTOS_OCIOSOS.pdf
1282,2,,,CONSORCIO 4C,GP-14290,,,15_04_Comunic_Recibidas/2021/CI004_GP-14290_070108_CON_0749_SOPORT_PAG_DRMC_0289.pdf
1283,1,,,CONSORCIO 4C,GP-15006,,,15_04_Comunic_Recibidas/2021/CI004_GP-15006_070401_CON_1657_EXP_FINALES_UF5.pdf
1284,2,,,CONSORCIO 4C,GP-14697,,,15_04_Comunic_Recibidas/2021/CI004_GP-14697_070108_CON_1318_FORMULARIOS_REGALIAS.pdf
1285,1,,,CONSORCIO 4C,GP-14307,,,15_04_Comunic_Recibidas/2021/CI004_GP-14307_070108_CON_0724_COMPENSA_DRMC_0207.pdf
1286,18,,,CONSORCIO 4C,GP-14528,,,15_04_Comunic_Recibidas/2021/CI004_GP-14528_070104_CON_1074_HALLAZG_INSPEC_PROYECT.pdf
1287,1,,,CONSORCIO 4C,GP-13774,,,15_04_Comunic_Recibidas/2021/CI004_GP-13774_070209_CON_3218_ACTA_VPIP_OCT20.pdf
1288,2,,,CONSORCIO 4C,GP-14157,,,15_04_Comunic_Recibidas/2021/CI004_GP-14157_070201_CON_0583_INF_ING_EGRE_MAR21.pdf
1289,2,,,CONSORCIO 4C,GP-14903,,,15_04_Comunic_Recibidas/2021/CI004_GP-14903_070202_ANI_034180-1_REQUERI_ORDINARIO_ALC_HONDA.pdf
1290,4,,,CONSORCIO 4C,GP-14769,,,15_04_Comunic_Recibidas/2021/CI004_GP-14769_070304_CON_1398_ACCION_MEJORA_AUDIT_SEG_VIAL.pdf
1291,16,,,CONSORCIO 4C,GP-14568,,,15_04_Comunic_Recibidas/2021/CI004_GP-14568_090300_CON_1120_OBS_PLANOS_RECORD.pdf
1292,1,,,CONSORCIO 4C,GP-14815,,,15_04_Comunic_Recibidas/2021/CI004_GP-14815_070104_CON_1482_ENTREG_PDTES_ITS_UF5.pdf
1293,4,,,CONSORCIO 4C,GP-14015,,,15_04_Comunic_Recibidas/2021/CI004_GP-14015_070114_CON_0397_TRAMITE_CONFOR_RESOL_0716.pdf
1294,1,,,CONSORCIO 4C,GP-15068,,,15_04_Comunic_Recibidas/2021/CI004_GP-15068_070110_CON_1768_PAG_SEGYSAL_AGO_JUL.pdf
1295,1,,,CONSORCIO 4C,GP-14334,,,15_04_Comunic_Recibidas/2021/CI004_GP-14334_070114_ANI_015781-1_CARTA_COMPROMISO.pdf
1296,2,,,CONSORCIO 4C,GP-14833,,,15_04_Comunic_Recibidas/2021/CI004_GP-14833_070201_CON_1503_INF_INGRE_EGRES_SEP21.pdf
1297,6,,,CONSORCIO 4C,GP-15155,,,15_04_Comunic_Recibidas/2021/CI004_GP-15155_070108_CON_1869_CESA_PROC_SANCIO_AMB_EXP_88108.pdf
1298,1,,,CONSORCIO 4C,GP-13917,,,15_04_Comunic_Recibidas/2021/CI004_GP-13917_070202_CON_0213_FOR_GCSP-F301_PPYE.pdf
1299,1,,,CONSORCIO 4C,GP-15137,,,15_04_Comunic_Recibidas/2021/CI004_GP-15137_070110_CON_1845_PAG_SEGYSAL_SEP_OCT.pdf
1300,2,,,CONSORCIO 4C,GP-14507,,,15_04_Comunic_Recibidas/2021/CI004_GP-14507_070108_CON_1053_OBLIGA_PAG_EXP_51481.pdf
1301,1,,,CONSORCIO 4C,GP-14852,,,15_04_Comunic_Recibidas/2021/CI004_GP-14852_070202_FBTA_SINNUMERO_ESTAD_FINAN_SEP21.pdf
1302,2,,,CONSORCIO 4C,GP-14315,,,15_04_Comunic_Recibidas/2021/CI004_GP-14315_070108_CON_0773_SOPORT_PAG_DRAM_1219.pdf
1303,1,,,CONSORCIO 4C,GP-15156,,,15_04_Comunic_Recibidas/2021/CI004_GP-15156_070108_CON_1862_APROVE_FOREST_PR66+820.pdf
1304,14,,,CONSORCIO 4C,GP-14881,,,15_04_Comunic_Recibidas/2021/CI004_GP-14881_070108_CON_1554_SCTUD_INFO_TEC_N665.pdf
1305,4,,,CONSORCIO 4C,GP-14850,,,15_04_Comunic_Recibidas/2021/CI004_GP-14850_070110_ANI_032091-1_TRASLAD_RECLAM_APEREZ.pdf
1306,14,,,CONSORCIO 4C,GP-14879,,,15_04_Comunic_Recibidas/2021/CI004_GP-14879_070108_CON_1552_SCTUD_INFO_TEC_N661.pdf
1307,1,,,CONSORCIO 4C,GP-13918,,,15_04_Comunic_Recibidas/2021/CI004_GP-13918_070104_CON_0216_SITIO_CRITICO_ENTRE_K130_K132.pdf
1308,2,,,CONSORCIO 4C,GP-15117,,,15_04_Comunic_Recibidas/2021/CI004_GP-15117_070200_CON_1827_INF_ING_EGRES_NOV21.pdf
1309,2,,,CONSORCIO 4C,GP-14582,,,15_04_Comunic_Recibidas/2021/CI004_GP-14582_070108_CON_1140_PAGO_DRBM_0543.pdf
1310,1,,,CONSORCIO 4C,GP-14778,,,15_04_Comunic_Recibidas/2021/CI004_GP-14778_070208_FBTA_SINNUMERO_FOSEVI_AGO21.pdf
1311,1,,,CONSORCIO 4C,GP-14891,,,15_04_Comunic_Recibidas/2021/CI004_GP-14891_070401_CON_1452_INF_PREDIAL_SEP_21.pdf
1312,1,,,CONSORCIO 4C,GP-14437,,,15_04_Comunic_Recibidas/2021/CI004_GP-14437_070300_CON_0945_DP_FBRAVO.pdf
1313,2,,,CONSORCIO 4C,GP-14212,,,15_04_Comunic_Recibidas/2021/CI004_GP-14212_070115_CON_0648_ACTA_N16_REDES.pdf
1314,2,,,CONSORCIO 4C,GP-14432,,,15_04_Comunic_Recibidas/2021/CI004_GP-14432_070108_CON_0917_INFORME_N8_ATV_0268.pdf
1315,2,,,CONSORCIO 4C,GP-15012,,,15_04_Comunic_Recibidas/2021/CI004_GP-15012_070108_CON_1711_PAG_AUTO_DRMC_0789_EXP_51505.pdf
1316,6,,,CONSORCIO 4C,GP-14065,,,15_04_Comunic_Recibidas/2021/CI004_GP-14065_070202_CON_0475_ALC_FOR_GCSP_F009_FEB21.pdf
1317,1,,,CONSORCIO 4C,GP-14248,,,15_04_Comunic_Recibidas/2021/CI004_GP-14248_070500_CON_0701_INF_MEN_N78_ABR21.pdf
1318,4,CONCESION ALTO MAGDALENA S.A.S.,,CONSORCIO 4C,GP-14771,21/09/2021,Respuesta comunicado CI.004/GP9424/21/5.3 (Rad. ALMA-R-2021-1349 - 13/09/2021). Requerimiento formal para sanear el incumplimiento de lo contenido en el numeral 6.3.3.1 del Apéndice Técnico 4.,15_04_Comunic_Recibidas/2021/CI004_GP-14771_050300-070304_CON_1403_SANEA_INCUMP_DEFENS.pdf
1319,1,CONCESION ALTO MAGDALENA S.A.S.,,CONSORCIO 4C,GP-15092,29/11/2021,Entrega Informe Cumplimiento Ambiental No. 16 obligaciones de compensaciones del componente biótico. Expediente LAV0004-00-2016.,15_04_Comunic_Recibidas/2021/CI004_GP-15092_070108_CON_1753_ENTREG_ICA_N16.pdf
1320,2,,,CONSORCIO 4C,GP-14101,26/03/2021,Cambio y presentación de personal de Interventoría. Fase de Operación. Para el cargo de Auxiliar de Predial. Radicado ANI No. 2021-409-11219-2 de fecha 02 de febrero de 2021. Contrato de Interventoría 145 del 2014. Contrato de Concesión Vial No. 003 de 2014 Concesión Girardot Honda Puerto Salgar.,15_04_Comunic_Recibidas/2021/CI004_GP-14101_020200_ANI_008856-1_APROBA_HV_AUX_PREDIAL.pdf
1321,2,CONCESION ALTO MAGDALENA S.A.S.,,CONSORCIO 4C,GP-14724,10/09/2021,Entrega soportes correspondientes a Pagos de Seguridad Social de junio 2021 y Pago de Salarios de mayo de 2021.,15_04_Comunic_Recibidas/2021/CI004_GP-14724_070110_CON_1354_PAG_SEGYSAL_MAY21.pdf
1322,4,CONCESION ALTO MAGDALENA S.A.S.,,CONSORCIO 4C,GP-14225,05/05/2021,Informe criterios para contabilizar Ingresos y Egresos por Unidad Funcional.,15_04_Comunic_Recibidas/2021/CI004_GP-14225_070201_CON_0675_INF_ING_EGRE_ABR21.pdf
1323,1,,,CONSORCIO 4C,GP-14676,,,15_04_Comunic_Recibidas/2021/CI004_GP-14676_070406_CON_1260_APROBA_ALMA-5-0106.pdf
1324,1,,,CONSORCIO 4C,GP-14091,,,15_04_Comunic_Recibidas/2021/CI004_GP-14091_070114_ANI_008604-1_PERMI_OCUPA_TEMPO.pdf
1325,1,,,CONSORCIO 4C,GP-13781,,,15_04_Comunic_Recibidas/2021/CI004_GP-13781_070109_CON_3191_ENTREGA_EDIC_23_REVISTA.pdf
1326,2,,,CONSORCIO 4C,GP-14629,,,15_04_Comunic_Recibidas/2021/CI004_GP-14629_070401_ANI_025096-1_DP_MFONNEGRA.pdf
1327,2,,,CONSORCIO 4C,GP-13948,,,15_04_Comunic_Recibidas/2021/CI004_GP-13948_070401_CON_0260_REPORTE_INFO_NIIF.pdf
1328,6,,,CONSORCIO 4C,GP-14204,,,15_04_Comunic_Recibidas/2021/CI004_GP-14204_050300_ANI_012560-1_PLAZO_CURA_CERCAS_UF5.pdf
1329,2,,,CONSORCIO 4C,GP-14130,,,15_04_Comunic_Recibidas/2021/CI004_GP-14130_020200_ANI_009947-1_APROBA_HV_TOPOGRAFO.pdf
1330,2,,,CONSORCIO 4C,GP-14287,,,15_04_Comunic_Recibidas/2021/CI004_GP-14287_070108_CON_0746_SOPORT_PAG_DRMC_0285.pdf
1331,4,,,CONSORCIO 4C,GP-14311,,,15_04_Comunic_Recibidas/2021/CI004_GP-14311_070108_CON_0781_SOPORT_PAG_EXP_52018.pdf
1332,22,CONCESION ALTO MAGDALENA S.A.S.,CI004/6903/24/5.3,CONSORCIO 4C,GP-14156,16/04/2021,"Notificación Evento Eximente de Responsabilidad imposibilidad efectuar las actividades de Operación y Mantenimiento, así mismo cumplir con los indicadores E3-Fisuras y E6-Baches sobre el Nuevo Puente de Honda entregado el 29 de septiembre de 2020.",15_04_Comunic_Recibidas/2021/CI004_GP-14156_050300_CON_0588_EER_O&M_NPH.pdf
1333,1,,,CONSORCIO 4C,GP-14592,06/08/2021,Comunicado No. CI.004/GP9320/21/7.1.4 con radicado ANI No. 20214090875442 - Requerimiento Inicio Medidas temporales de emergencia para el Control de Erosión PR 66+820. Contrato 003 de 2014 – Proyecto Girardot – Honda – Puerto Salgar. Concesión Alto Magdalena S.A.S.,15_04_Comunic_Recibidas/2021/CI004_GP-14592_070104_ANI_024018-1_MEDIDAS_EROSION_PR66+820.pdf
1334,2,CONCESION ALTO MAGDALENA S.A.S.,,CONSORCIO 4C,GP-14947,10/11/2021,Cumplimiento obligación artículo primero del Auto DRAM No. 0808 del 04/08/2021 (Rad. Interno ALMA-R-2021-1256) Expediente 51739,15_04_Comunic_Recibidas/2021/CI004_GP-14947_070108_CON_1627_AUTO_DRAM_0808_EXP_51739.pdf
1335,1,CONCESION ALTO MAGDALENA S.A.S.,,CONSORCIO 4C,GP-13809,07/01/2021,Memoria Técnica Noviembre 2020.,15_04_Comunic_Recibidas/2021/CI004_GP-13809_070500_CON_0050_MEMOTEC_NOV20.pdf
1337,8,CONCESION ALTO MAGDALENA S.A.S.,,CONSORCIO 4C,GP-13901,01/02/2021,"Solicitud revocatoria del Auto DRBM 0116 del 4 de marzo de 2020, por el cual se inicia un trámite administrativo de carácter sancionatorio, y se toman otras determinaciones",15_04_Comunic_Recibidas/2021/CI004_GP-13901_070108_CON_0193_SCTUD_REVOCA_AUTO_0116.pdf
1336,4,CONCESION ALTO MAGDALENA S.A.S.,,CONSORCIO 4C,GP-14061,17/03/2021,Respuesta comunicado No CI.004/GP8913/21/5.3-7.3.3 (Rad. Int. ALMA-R-2021-0210) - Requerimiento formal para Sanear los incumplimientos de los indicadores de la UF4.,15_04_Comunic_Recibidas/2021/CI004_GP-14061_050300-070303_CON_0455_INCUMPLI_INDICAD_UF4.pdf
1338,2,CONCESION ALTO MAGDALENA S.A.S.,,CONSORCIO 4C,GP-15091,06/12/2021,Cumplimiento obligación pago servicio de seguimiento y control ambiental. Auto DRAM 03216001025 del 10/09/2021 (Rad. Int. ALMA-R-2021-1428 del 30/09/2021). Expediente 61893,15_04_Comunic_Recibidas/2021/CI004_GP-15091_070108_CON_1794_PAG_SERV_AMB_EXP_61893.pdf
1339,4,CONCESION ALTO MAGDALENA S.A.S.,,CONSORCIO 4C,GP-15111,10/12/2021,Respuesta comunicado CI.004/GP9596/21/5.3 (Rad. Int. ALMA-R-2021-1731 - 19 /11/2021). Otorgamiento Plazo de Cura incumplimiento especificaciones Apéndice Técnico 3 para puentes peatonales sobre el Proyecto.,15_04_Comunic_Recibidas/2021/CI004_GP-15111_050300_CON_1820_PLAZO_CURA_PTES_PEATON.pdf
1341,2,CONCESIÓN ALTO MAGDALENA S.A.S.,,CONSORCIO 4C,GP-14373,08/06/2021,"Cumplimiento obligación pago seguimiento ambiental 2021, Auto DRAM 0296 del 5 de mayo de 2021 (Rad. Interno ALMA-R-2021-0610). Expediente 51536",15_04_Comunic_Recibidas/2021/CI004_GP-14373_070108_CON_0875_SEG_AMB_DRAM_0296.pdf
1340,2,,,CONSORCIO 4C,GP-15105,10/12/2021,Comunicado No. CI.004/GP9613/21/5.3 con radicado ANI No. 20214091385742 – Cumplimiento del Concesionario y cierre del Plazo de derivado del presunto incumplimiento relacionado con las Especificaciones Técnicas de la UF3. Ambientales. Contrato de Concesión 003 de 2014 – Proyecto Girardot-Honda-Puerto Salgar. Concesión Alto Magdalena S.A.S.,15_04_Comunic_Recibidas/2021/CI004_GP-15105_050300_ANI_038937-1_CIERRE_PLAZO_INCUMP_AMB_UF3.pdf
1343,1,CONCESIÓN ALTO MAGDALENA S.A.S.,ALMA-2021-0346,CONSORCIO 4C,GP-14007,04/03/2021,Entrega del expediente predial ALMA-2-0088 para aprobación de Concepto Técnico por afectación del DRMI.,15_04_Comunic_Recibidas/2021/CI004_GP-14007_070401_CON_0346_EXP_PREDIAL.pdf
1342,5,CONCESIÓN ALTO MAGDALENA S.A.S.,,CONSORCIO 4C,GP-14479,02/07/2021,"Respuesta comunicación CI.004/GP9228/21/7.4.1 (Rad. Int. ALMA-R-2021-0874-29/06/2021). Requerimiento Formal entrega de Expedientes Prediales Finales. Predios ALMA-2-0011, ALMA-4-0047 Y ALMA-5-0225 - CORREGIDOS",15_04_Comunic_Recibidas/2021/CI004_GP-14479_070401_CON_0997_EXP_FINALES.pdf
1344,12,CONCESION ALTO MAGDALENA S.A.S.,CI004/GP 9026124153,CONSORCIO 4C,GP-13990,26/02/2021,"Notificación Evento Eximente de Responsabilidad relativo a la imposibilidad de comunicar los ITS localizados en la UFS con el CCO (UF3), por la ausencia del permiso de instalación de la fibra en el Nuevo Puente de Honda por parte del INVIAS.",15_04_Comunic_Recibidas/2021/CI004_GP-13990_050300_CON_0328_EER_IMPOSIB_ITS_UF5_CCO_UF3.pdf
1345,2,CONCESIÓN ALTO MAGDALENA S.A.S.,ALMA-2021-1462,CONSORCIO 4C,GP-14828,30/09/2021,"Cronograma Eventos Eximentes predios ALMA-2-0163, ALMA-5-0013-1 y ALMA-5-0266",15_04_Comunic_Recibidas/2021/CI004_GP-14828_050300_CON_1462_CRONOG_EER_PREDIOS.pdf
1346,4,,,CONSORCIO 4C,GP-14170,21/04/2021,"Cierre PQRS-UFS-2021-1063 (Oficio SDP-DMA-244-128 con Rad Int. ALMA-R-2021-0373) – Erradicación árbol vereda Purnio, municipio de La Dorada.",15_04_Comunic_Recibidas/2021/CI004_GP-14170_070104_CON_0620_ERRADICA_ARBOL_PURNIO.pdf
1347,2,Agencia Nacional de Infraestructura,,CONSORCIO 4C,GP-14119,05/04/2021,Respuesta a su comunicación ALMA-2021-0459 con radicado ANI No. 20214090308832 del 18 de marzo de 2021 - Alcance Comité de Aprobación de Aportes subcuenta de Redes N° 6. Radicado ALMA-2020-2612 del 19 de octubre de 2020. Contrato de Concesión 003 de 2014 - Proyecto Girardot-Honda-Puerto Salgar.,15_04_Comunic_Recibidas/2021/CI004_GP-14119_070201-070115_ANI_009440-1_APROB_SUBCTA_N6.pdf
1350,8,Fiduciaria Bogotá S.A.,,CONSORCIO 4C,GP-15030,23/11/2021,Notificación pago fondo de seguridad vial FOSEVI mes de octubre 2021.,15_04_Comunic_Recibidas/2021/CI004_GP-15030_070208_FBTA_SINNUMERO_PAG_FOSEVI_OCT21.pdf
1348,1,CONCESION ALTO MAGDALENA S.A.S.,,CONSORCIO 4C,GP-13965,18/02/2021,"Respuesta oficio 04212000278 (Rad. Int. ALMA-R-2021-0151 del 05/02/2021). Solicitud expedientes 51980, 52001, 52036 y 62024",15_04_Comunic_Recibidas/2021/CI004_GP-13965_070108_CON_0280_SCTUD_EXP_51980_52001_52036_62024.pdf
1353,1,,,CONSORCIO 4C,GP-14421,,,15_04_Comunic_Recibidas/2021/CI004_GP-14421_050300_ANI_018279-1_REMISION_OTROSI_N5.pdf
1352,6,,,CONSORCIO 4C,GP-15054,,,15_04_Comunic_Recibidas/2021/CI004_GP-15054_070108_CON_1754_ACTA_REUNI_AMB_N442.pdf
1354,2,,,CONSORCIO 4C,GP-13982,,,15_04_Comunic_Recibidas/2021/CI004_GP-13982_070108_CON_0311_MANTENIMIENTO_K131+530.pdf
1355,2,,,CONSORCIO 4C,GP-15040,,,15_04_Comunic_Recibidas/2021/CI004_GP-15040_070114_ANI_037305-1_PERM_USO_VO_RENOVABLES_SOL.pdf
1349,1,CONCESION ALTO MAGDALENA S.A.S.,,CONSORCIO 4C,GP-14677,30/08/2021,Cumplimiento obligación artículo segundo del Auto DRAM No. 0502 del 3/06/2021 (Rad. Interno ALMA-R-2021-0973) Expediente 60698,15_04_Comunic_Recibidas/2021/CI004_GP-14677_070108_CON_1269_CUMPLI_AUTO_DRAM_0502.pdf
1357,4,,,CONSORCIO 4C,GP-14085,,,15_04_Comunic_Recibidas/2021/CI004_GP-14085_070109_CON_0483_PLAN_GEST_SOCIAL.pdf
1356,1,,,CONSORCIO 4C,GP-15067,,,15_04_Comunic_Recibidas/2021/CI004_GP-15067_070108_CON_1763_INF_TRIM_AMB_N28.pdf
1358,1,,,CONSORCIO 4C,GP-14036,,,15_04_Comunic_Recibidas/2021/CI004_GP-14036_070108_CON_0432_OBS_INF_TRIM_AMB_N24.pdf
1359,2,,,CONSORCIO 4C,GP-15017,,,15_04_Comunic_Recibidas/2021/CI004_GP-15017_070108_CON_1713_PAG_AUTO_DRMC_0791_EXP_51510.pdf
1360,2,,,CONSORCIO 4C,GP-14730,,,15_04_Comunic_Recibidas/2021/CI004_GP-14730_050300_ANI_028239-1_INF_ESTAD_PLAZO_CURA_SICC.pdf
1361,1,,,CONSORCIO 4C,GP-14440,,,15_04_Comunic_Recibidas/2021/CI004_GP-14440_070500_ANI_018811-1_INF_MEN_CON_N78.pdf
1364,4,,,CONSORCIO 4C,GP-14684,,,15_04_Comunic_Recibidas/2021/CI004_GP-14684_070108_CON_1292_OCUPA_CAUCE_PR12+680.pdf
1362,1,,,CONSORCIO 4C,GP-14613,,,15_04_Comunic_Recibidas/2021/CI004_GP-14613_070202_FBTA_SINNUMERO_ESTAD_FINAN_JUL21.pdf
1363,1,,,CONSORCIO 4C,GP-13962,,,15_04_Comunic_Recibidas/2021/CI004_GP-13962_070104_CON_0277_SITIO_CRITICO_UF5_K131.pdf
1351,2,CONCESIÓN ALTO MAGDALENA S.A.S,,CONSORCIO 4C,GP-14849,13/10/2021,Respuesta a su comunicado No. ALMA-2021-1483 con radicado ANI No. 20214091163662 – Solicitud No Objeción Plazo de Cura-Suscripción Convenio de Cooperación con la Policía Nacional. Contrato de Concesión 003 de 2014 – Proyecto Girardot – Honda – Puerto Salgar. Concesión Alto Magdalena S.A.S.,15_04_Comunic_Recibidas/2021/CI004_GP-14849_050300_ANI_032105-1_PLAZ_CURA_CONVENIO_PONAL.pdf
1367,1,,,CONSORCIO 4C,GP-15183,,,15_04_Comunic_Recibidas/2021/CI004_GP-15183_070109_CON_1909_FOR_SEG_PQRS_UF5.pdf
1365,1,,,CONSORCIO 4C,GP-14590,,,15_04_Comunic_Recibidas/2021/CI004_GP-14590_070109_CON_1154_SCTUD_PROTEC_FAJAS.pdf
1366,1,,,CONSORCIO 4C,GP-13944,,,15_04_Comunic_Recibidas/2021/CI004_GP-13944_070500_CON_0255_INF_TRIME_SOCIAL_N25.pdf
1368,1,,,CONSORCIO 4C,GP-13829,,,15_04_Comunic_Recibidas/2021/CI004_GP-13829_090300_CON_0088_PLANOS_RECORD.pdf
1369,1,,,CONSORCIO 4C,GP-14342,,,15_04_Comunic_Recibidas/2021/CI004_GP-14342_050300_ANI_016065-1_CONCEPT_SCTUD_MODIFI_APT2.pdf
1370,2,,,CONSORCIO 4C,GP-14276,,,15_04_Comunic_Recibidas/2021/CI004_GP-14276_070104_ANI_014548-1_SALID_NO_AUTORIZAD_DITRA.pdf
1371,2,,,CONSORCIO 4C,GP-14576,,,15_04_Comunic_Recibidas/2021/CI004_GP-14576_070108_CON_1134_PAGO_DRBM_0537.pdf
1372,4,,,CONSORCIO 4C,GP-14719,,,15_04_Comunic_Recibidas/2021/CI004_GP-14719_070301_CON_1349_CUMPLI_CIRCULAR_021_SPT.pdf
1373,3,,,CONSORCIO 4C,GP-13896,,,15_04_Comunic_Recibidas/2021/CI004_GP-13896_070402_CON_0188_EXP_SOCIAL.pdf
1374,2,,,CONSORCIO 4C,GP-13777,,,15_04_Comunic_Recibidas/2021/CI004_GP-13777_070108_CON_3223_RTA_CAR_20202191448.pdf
1375,2,,,CONSORCIO 4C,GP-13913,,,15_04_Comunic_Recibidas/2021/CI004_GP-13913_070108_CON_0209_SOPORT_PAG_AUTO_DRAM_0943.pdf
1377,22,,,CONSORCIO 4C,GP-14014,,,15_04_Comunic_Recibidas/2021/CI004_GP-14014_070401_CON_0395_ACTUAL_OLYMPUS_NIIF_II_IV.pdf
1378,8,,,CONSORCIO 4C,GP-14312,,,15_04_Comunic_Recibidas/2021/CI004_GP-14312_070108_CON_0763_CUMPLI_OBLIGA.pdf
1376,2,,,CONSORCIO 4C,GP-14926,,,15_04_Comunic_Recibidas/2021/CI004_GP-14926_070108_CON_1605_ICA_BIOTICO_N15.pdf
1379,1,,,CONSORCIO 4C,GP-15157,,,15_04_Comunic_Recibidas/2021/CI004_GP-15157_070108_CON_1870_OBS_INF_TRIM_AMB_N28.pdf
1380,1,,,CONSORCIO 4C,GP-14456,,,15_04_Comunic_Recibidas/2021/CI004_GP-14456_070108_CON_0954_CUMPLI_DRMC_0211.pdf
1382,1,,,CONSORCIO 4C,GP-13804,,,15_04_Comunic_Recibidas/2021/CI004_GP-13804_070108_CON_0024_COPIA_EXP_OCUPA_CAUCE.pdf
1381,14,,,CONSORCIO 4C,GP-13922,,,15_04_Comunic_Recibidas/2021/CI004_GP-13922_090300_CON_0223_ESTADO_PDTES_UF5.pdf
1383,4,,,CONSORCIO 4C,GP-14549,,,15_04_Comunic_Recibidas/2021/CI004_GP-14549_070300_CON_1097_SEÑAL_CARRILES_IP-REV.pdf
1384,1,,,CONSORCIO 4C,GP-14822,,,15_04_Comunic_Recibidas/2021/CI004_GP-14822_070202_CON_1493_ACTUAL_INVENTA_ACTIV.pdf
1385,6,,,CONSORCIO 4C,GP-13787,,,15_04_Comunic_Recibidas/2021/CI004_GP-13787_070108_CON_0021_ASPECT_IMPACT_AMB_O&M.pdf
1386,2,,,CONSORCIO 4C,GP-15131,,,15_04_Comunic_Recibidas/2021/CI004_GP-15131_070202_ANI_000072-4_FOR_CIERRE_CONTABLE_21.pdf
1387,4,,,CONSORCIO 4C,GP-14663,,,15_04_Comunic_Recibidas/2021/CI004_GP-14663_070109_CON_1253_CENTRO_BIENES_ANIMAL.pdf
1388,6,,,CONSORCIO 4C,GP-14356,,,15_04_Comunic_Recibidas/2021/CI004_GP-14356_070109_ANI_016575-1_DP_EGARAVITO.pdf
1389,30,,,CONSORCIO 4C,GP-14335,,,15_04_Comunic_Recibidas/2021/CI004_GP-14335_070108_CON_0803_AVALUO_DINAMARCA.pdf
1390,2,,,CONSORCIO 4C,GP-14476,,,15_04_Comunic_Recibidas/2021/CI004_GP-14476_050300_ANI_020039-1_INFO_PTE_CAÑO_GRANDE.pdf
1391,6,,,CONSORCIO 4C,GP-13985,,,15_04_Comunic_Recibidas/2021/CI004_GP-13985_050300_CON_0318_PLAZO_CURA_CERCAS_PREDIOS.pdf
1392,1,,,CONSORCIO 4C,GP-14793,,,15_04_Comunic_Recibidas/2021/CI004_GP-14793_070114_ANI_030204-1_PERM_USO_TEMPO.pdf
1393,2,,,CONSORCIO 4C,GP-15011,,,15_04_Comunic_Recibidas/2021/CI004_GP-15011_070108_CON_1707_PAG_AUTO_DRBM_0800_EXP_52052.pdf
1394,1,,,CONSORCIO 4C,GP-14129,,,15_04_Comunic_Recibidas/2021/CI004_GP-14129_070210_FBTA_SINNUMERO_CERT_RETRIBU_MAR21.pdf
1395,4,,,CONSORCIO 4C,GP-14235,,,15_04_Comunic_Recibidas/2021/CI004_GP-14235_070114_ANI_013279-1_APROB_PERMISO_RESOL_387.pdf
1396,2,,,CONSORCIO 4C,GP-14021,,,15_04_Comunic_Recibidas/2021/CI004_GP-14021_070109_ANI_006433-1_DP_OALZATE.pdf
1397,6,,,CONSORCIO 4C,GP-15136,,,15_04_Comunic_Recibidas/2021/CI004_GP-15136_070202_CON_1847_FOR_GCSP_F001_NOV21.pdf
1398,1,,,CONSORCIO 4C,GP-13897,,,15_04_Comunic_Recibidas/2021/CI004_GP-13897_070202_CON_0189_ALC_SEPG_F067_IV_BIMEST_20.pdf
1399,2,,,CONSORCIO 4C,GP-14400,,,15_04_Comunic_Recibidas/2021/CI004_GP-14400_070108_CON_0905_DESMANTELA_LA_CAJITA.pdf
1400,1,,,CONSORCIO 4C,GP-14492,,,15_04_Comunic_Recibidas/2021/CI004_GP-14492_070109_CON_1030_PLAN_COMPENSA_JUN21.pdf
1401,44,,,CONSORCIO 4C,GP-13999,,,15_04_Comunic_Recibidas/2021/CI004_GP-13999_070108_CON_0339_LIC_AMB_RESOL_0660.pdf
1402,4,,,CONSORCIO 4C,GP-13881,,,15_04_Comunic_Recibidas/2021/CI004_GP-13881_070108_CON_0168_AUTO_DRAM_1064_EXP_60705.pdf
1403,6,,,CONSORCIO 4C,GP-14416,,,15_04_Comunic_Recibidas/2021/CI004_GP-14416_070202_CON_0920_FOR_GCSP_F009_MAY.pdf
1404,2,,,CONSORCIO 4C,GP-14233,,,15_04_Comunic_Recibidas/2021/CI004_GP-14233_070303_ANI_013411-1_CIRCULAR_ORDEN_PUB.pdf
1405,4,,,CONSORCIO 4C,GP-13960,,,15_04_Comunic_Recibidas/2021/CI004_GP-13960_070210_FBTA_SINNUMERO_CERT_RETRIBU_ENE21.pdf
1406,10,,,CONSORCIO 4C,GP-14534,,,15_04_Comunic_Recibidas/2021/CI004_GP-14534_070108_CON_1081_PERMISO_OCUPA_CAUCE.pdf
1407,2,,,CONSORCIO 4C,GP-15027,,,15_04_Comunic_Recibidas/2021/CI004_GP-15027_070114_ANI_036675-1_PERMI_USO_UFINET.pdf
1408,2,,,CONSORCIO 4C,GP-14800,,,15_04_Comunic_Recibidas/2021/CI004_GP-14800_070401_CON_1355_SEG_CRONOG_EXP_FINALES.pdf
1409,2,,,CONSORCIO 4C,GP-14044,,,15_04_Comunic_Recibidas/2021/CI004_GP-14044_070108_CON_0442_SOPORTE_PAGO_EXP_60235.pdf
1411,6,,,CONSORCIO 4C,GP-14096,,,15_04_Comunic_Recibidas/2021/CI004_GP-14096_070404_CON_0513_REPORTE_GEST_PREDIO_4-0030.pdf
1410,2,,,CONSORCIO 4C,GP-14059,,,15_04_Comunic_Recibidas/2021/CI004_GP-14059_070500_CON_0454_SCTUD_INF_MEN_ESTACI_PEAJES.pdf
1412,1,,,CONSORCIO 4C,GP-13986,,,15_04_Comunic_Recibidas/2021/CI004_GP-13986_070110_CON_0315_SOPORT_SEGYSAL_AGO_JUL.pdf
1413,1,,,CONSORCIO 4C,GP-14431,,,15_04_Comunic_Recibidas/2021/CI004_GP-14431_070108_CON_0934_AUTO_TEMPO_SFT_08411.pdf
1414,1,,,CONSORCIO 4C,GP-14729,,,15_04_Comunic_Recibidas/2021/CI004_GP-14729_050300_ANI_028240-1_ACTAS_EER_UF2_UF5.pdf
1415,12,,,CONSORCIO 4C,GP-14214,,,15_04_Comunic_Recibidas/2021/CI004_GP-14214_070303_CON_0659_NIVEL_SERV_DIC20.pdf
1416,2,,,CONSORCIO 4C,GP-14583,,,15_04_Comunic_Recibidas/2021/CI004_GP-14583_070108_CON_1141_PAGO_DRBM_0544.pdf
1417,1,,,CONSORCIO 4C,GP-13861,,,15_04_Comunic_Recibidas/2021/CI004_GP-13861_070202_CON_0148_SEPG_F067_IV_BIMEST_20.pdf
1418,3,CONSORCIO 4C,GP-0536,,,,,15_01_Cartas_Enviadas/RADICADAS/2021/CI004_053621_010000_ANI_GARANTIA UNICA CUMPLIMIENTO_RECIBO DE CAJA.pdf
1419,5,CONSORCIO 4C,CI.004/GP9610/21/7.2.10,,,5 de Noviembre de 2021,,15_01_Cartas_Enviadas/RADICADAS/2021/CI004_961021_070210_ANI_ACTAS_RETRIBUCIÓN_UF1234_SEP2021.pdf
1420,4,CONSORCIO 4C,CI.004/GP9359/21/7.1.8,,,8 de agosto de 2021,,15_01_Cartas_Enviadas/RADICADAS/2021/CI004_935921_070108_CON_ACT_PAGA_O&M.pdf
1421,15,CONSORCIO 4C,CI.004/G9222/21/7.1.9,,,9 de Junio de 2021,,15_01_Cartas_Enviadas/RADICADAS/2021/CI004_922221_070109_ANI_TARIFA_DIFERENCIAL_GUATAQUÍ.pdf
1423,4,CONSORCIO 4C,CI.004/GP8938/21/7.3.1.,,,7 de febrero de 2021,,15_01_Cartas_Enviadas/RADICADAS/2021/CI004_893821_070301_CON_BUS_ESCAL.pdf
1422,2,CONSORCIO 4C,CI.004/GP8986/21/7.2.2,,,8 de Marzo de 2021,,15_01_Cartas_Enviadas/RADICADAS/2021/CI004_898621_070202_ANI_F-001_MTTO_FEB-21.pdf
1424,8,CONSORCIO 4C,CI.004/GP9116/21/5.3,,,9 de Mayo de 2021,,15_01_Cartas_Enviadas/RADICADAS/2021/CI004_911621_050300_ANI_NO-OBJECION_PCURA_CERCAS-UF2.pdf
1425,15,CONSORCIO 4C,CI.004/GP9697/21/7.3.3,,,8 de diciembre de 2021,,15_01_Cartas_Enviadas/RADICADAS/2021/CI004_969721_070303_CON_CORRECCIÓN_IC_SEM#2_2021.pdf
1426,4,CONSORCIO 4C,CI.004/GP9508/21/7.4.1,,,3 de Octubre de 2021,,15_01_Cartas_Enviadas/RADICADAS/2021/CI004_950821_070401_ANI_APROB_REMANENTE_ALMA-5-0255.pdf
1427,4,CONSORCIO 4C,CI.004/GP9010/21/7.4.4,,,1 de Marzo de 2021,,15_01_Cartas_Enviadas/RADICADAS/2021/CI004_901021_070404_ANI_RESOL_EXPRO_ALMA-2-0088.pdf
1428,4,CONSORCIO 4C,CI.004/GP9125/21/5.3,,,9 de Mayo de 2021,,15_01_Cartas_Enviadas/RADICADAS/2021/CI004_912521_050300_ANI_VISITA_ACCESO_ALIRIO_UF2.pdf
1429,2,CONSORCIO 4C,CI.004/GP9395/21/5.3,,,2 de Septiembre de 2021,,15_01_Cartas_Enviadas/RADICADAS/2021/CI004_939521_050300_ANI_ACCION_POPULAR_BELTRAN.pdf
1430,2,CONSORCIO 4C,GP-8995,,,6 de Marzo de 2021,,15_01_Cartas_Enviadas/RADICADAS/2021/CI004_899521_070401_CON_DEVOLUCION_EXPEDIENTE_ALMA-2-0113_.pdf
1431,5,CONSORCIO 4C,CI.004/GP9473/21/7.1.4,,,1 de octubre de 2021,,15_01_Cartas_Enviadas/RADICADAS/2021/CI004_947321_070104_CON_REQUER_E&D_SIT_CRITICO_PR66_UF3.pdf
1432,4,CONSORCIO 4C,CI.004/GP8823/21/7.4.1,,,8 de enero de 2021,,15_01_Cartas_Enviadas/RADICADAS/2021/CI004_882321_070401_CON_REV_INFORME_OLYMPUS.pdf
1434,4,CONSORCIO 4C,CI.004/GP9523/21/7.4.6,,,1 de octubre de 2021,,15_01_Cartas_Enviadas/RADICADAS/2021/CI004_952321_070406_CON_OBSER_AVALUOS9_9UF3.pdf
1433,3,CONSORCIO 4C,CI.004/GP9260/21/7.1.9,,,3 de Julio de 2021,,15_01_Cartas_Enviadas/RADICADAS/2021/CI004_926021_070109_ANI_PETICION_GALVEZ_Y_BARRERA.pdf
1435,2,CONSORCIO 4C,CI.004/GP9064/21/5.3,,,1 de Abril de 2021,,15_01_Cartas_Enviadas/RADICADAS/2021/CI004_906421_050300_ANI_PROT_BIOS_4C_V02.pdf
1436,7,CONSORCIO 4C,CI.004/GP9356/21/5.3,,,7 de agosto de 2021,,15_01_Cartas_Enviadas/RADICADAS/2021/CI004_935621_050300_CON_INUNADACIÓN_UF3_PR81+740.pdf
1437,3,CONSORCIO 4C,CI.004/GP9211/21/7.2.9,,,4 de Junio de 2021,,15_01_Cartas_Enviadas/RADICADAS/2021/CI004_921121_070209_ANI_ACTA_VPIP_MARZ_2021.pdf
1438,2,CONSORCIO 4C,CI.004/GP9452/21/7.2.2,,,1 de Septiembre de 2021,,15_01_Cartas_Enviadas/RADICADAS/2021/CI004_945221_070202_ANI_F-301_PPYE_ENE-JUN_2021.pdf
1439,3,CONSORCIO 4C,CI.004/GP8962/21/7.1.9,,,0 de marzo de 2021,,15_01_Cartas_Enviadas/RADICADAS/2021/CI004_896221_070109_CON_NO-OBJEC_INFOTRIMESTRAL_N25-SOCIAL.pdf
1440,6,CONSORCIO 4C,CI.004/GP9001/21/5.3,,,5 de marzo de 2021,,15_01_Cartas_Enviadas/RADICADAS/2021/CI004_900121_070401_ANI_CONSULTA_ALCANCE_SOLIC_CESION V2.pdf
1441,3,CONSORCIO 4C,CI.004/GP9375/21/5.3,,,4 de agosto de 2021,,15_01_Cartas_Enviadas/RADICADAS/2021/CI004_937521_050300_CON_REQUE_RECIBO_PAGO_POLIZAS_O&M.pdf
1442,3,CONSORCIO 4C,CI.004/GP9381/21/7.4.1,,,7 de agosto de 2021,,15_01_Cartas_Enviadas/RADICADAS/2021/CI004_938121_070401_CON_OBS_INFOGP_JUL2021.pdf
1443,3,CONSORCIO 4C,CI.004/GP8819/21/5.3,,,8 de enero de 2021,,15_01_Cartas_Enviadas/RADICADAS/2021/CI004_881921_050300_CON_FONDEO SEMESTRAL AMIGABLE COMPOSICION.pdf
1444,5,CONSORCIO 4C,CI.004/GP9300/21/7.4.6,,,8 de julio de 2021,,15_01_Cartas_Enviadas/RADICADAS/2021/CI004_930021_070406_CON_OBSER_AVALUOS9_4UF2-4UF3-1UF5.pdf
1445,4,CONSORCIO 4C,CI.004/GP9312/21/7.2.2,,,3 de agosto de 2021,,15_01_Cartas_Enviadas/RADICADAS/2021/CI004_931221_070202_CON_REQUER_MANEJO_SUBCUENTA_REDES.pdf
1446,6,CONSORCIO 4C,CI.004/GP9305/21/7.5,,,3 de agosto de 2021,,15_01_Cartas_Enviadas/RADICADAS/2021/CI004_930521_070500_CON_REV_MEMOTECNICA_MAY2021.pdf
1447,3,CONSORCIO 4C,CI.004/GP9604/21/7.2.1,,,4 de noviembre de 2021,,15_01_Cartas_Enviadas/RADICADAS/2021/CI004_960421_070201_CON_AJUSTE_FLUJOS_SUBCUENTAS.pdf
1448,3,CONSORCIO 4C,CI.004/GP9301/21/7.4.1,,,0 de julio de 2021,,15_01_Cartas_Enviadas/RADICADAS/2021/CI004_930121_070401_CON_OBS_INFOGP_JUN2021.pdf
1449,2,CONSORCIO 4C,CI.004/GP9175/21/9.2,AGENCIA NACIONAL DE INFRAESTRUCTURA - ANI,,11/06/2021,Ref. Contrato de Concesión 003 de 2014 Concesión Honda – Girardot – Puerto Salgar. Registro Fílmico Informe Mensual Técnico 79,15_01_Cartas_Enviadas/RADICADAS/2021/CI004_917521_090200_ANI_VIDEO_IMI_MAYO_2021.pdf
1450,5,CONSORCIO 4C,CI.004/GP8806/21/7.4.6,CONCESIÓN ALTO MAGDALENA S.A.S,,13/01/2021,"Ref. Contrato de Concesión 003 de 2014 Concesión Honda – Girardot – Puerto Salgar. Revisión de Avalúos Otrosí No. 9. Predios ALMA-3-0013, ALMA-3-0014 y ALMA-3-0015-1, UF3",15_01_Cartas_Enviadas/RADICADAS/2021/CI004_880621_070406_CON_OBS_AVAL9_3UF3.pdf
1451,5,CONSORCIO 4C,CI.004/GP9250/21/7.2.2,CONCESIÓN ALTO MAGDALENA S.A.S.,,09/07/2021,Ref. Contrato de Concesión 003 de 2014 Concesión Honda - Puerto Salgar - Girardot Observaciones a los Estado Financieros del Patrimonio Autónomo del mes de mayo de 2021,15_01_Cartas_Enviadas/RADICADAS/2021/CI004_925021_070202_CON_OBSERVA_ESTADOS_FINANC_PA_MAY2021.pdf
1452,2,CONSORCIO 4C,CI.004/GP8976/21/7.2.2,AGENCIA NACIONAL DE INFRAESTRUCTURA – ANI,,17/03/2021,Ref. Contrato de Concesión 003 de 2014 Concesión Honda – Girardot – Puerto Salgar. Remisión Formato GCSP-F-207 Rendimientos Subcuentas – Febrero 2021.,15_01_Cartas_Enviadas/RADICADAS/2021/CI004_897621_070202_ANI_F-207_RENDI_FEB-2021.pdf
1453,3,CONSORCIO 4C,CI.004/GP9234/21/7.3.1,CONCESIÓN ALTO MAGDALENA S.A.S.,,01/07/2021,Ref. Contrato de Concesión 003 de 2014 Concesión Honda - Puerto Salgar - Girardot Requerimiento formal. Implementación del sistema de recaudo electrónico IP/REV.,15_01_Cartas_Enviadas/RADICADAS/2021/CI004_923421_070301_CON_REQUER_IP-REV-PEAJES.pdf
1454,6,CONSORCIO 4C,CI.004/GP9224/21/7.1.8,CONCESIÓN ALTO MAGDALENA S.A.S.,,29/06/2021,Ref. Contrato de Concesión 003 de 2014 Concesión Honda - Puerto Salgar - Girardot Aspectos e Impactos Ambientales / Operación y Mantenimiento,15_01_Cartas_Enviadas/RADICADAS/2021/CI004_922421_070108_CON_ASP_IMP_AMB_O&M.pdf
1455,4,CONSORCIO 4C,CI.004/GP8979/21/5.3,AGENCIA NACIONAL DE INFRAESTRUCTURA - ANI,20214090217852,17/03/2021,Ref. Contrato de Concesión 003 de 2014 Concesión Honda – Puerto Salgar – Girardot. Estado de las Pólizas para la Etapa de Operación y Mantenimiento. Solicitud de No Objeción a un Plazo de Cura. Alcance a la carta CI.004/GP8933/21/5.3.,15_01_Cartas_Enviadas/RADICADAS/2021/CI004_897921_050300_ANI_POLIZAS_OPERA_MMTO.pdf
1456,26,CONSORCIO 4C,CI.004/GP9029/21/5.3,AGENCIA NACIONAL DE INFRAESTRUCTURA - ANI,,09/04/2021,Ref. Contrato de Concesión 003 de 2014 Concesión Honda - Puerto Salgar - Girardot Concepto favorable frente al presunto Evento Eximente de Responsabilidad relacionado con la imposibilidad de registrar la Oferta Formal de compra del predio ALMA-5-013-1 de la Unidad Funcional 5.,15_01_Cartas_Enviadas/RADICADAS/2021/CI004_902921_050300_ANI_EER_OF_ALMA-5-013-1.pdf
1457,2,CONSORCIO 4C,CI.004/GP9653/21/7.2.2,AGENCIA NACIONAL DE INFRAESTRUCTURA - ANI,,14/12/2021,Ref. Contrato de Concesión 003 de 2014 Concesión Honda - Puerto Salgar - Girardot Remisión Formato GCSP-F-207 Rendimientos Subcuentas – Noviembre 2021.,15_01_Cartas_Enviadas/RADICADAS/2021/CI004_965321_070202_ANI_F-207_REND_SUBC_NOV-2021.pdf
1458,5,CONSORCIO 4C,CI.004/GP9293/21/7.3 – 5.3,CONCESIÓN ALTO MAGDALENA S.A.S.,,27/07/2021,"Ref. Contrato de Concesión 003 de 2014 Concesión Honda – Girardot – Puerto Salgar Conectividad del CCO con infraestructura de tecnología de la información, postes S.O.S, Sistemas de Control de Tráfico, estaciones de Pesaje y Peajes.",15_01_Cartas_Enviadas/RADICADAS/2021/CI004_929321_070303_050300_CON_FIBRAÓPTICA_CONECTIVIDAD_UF3.pdf
1459,4,CONSORCIO 4C,CI.004/GP9316/21/7.2.2,CONCESIÓN ALTO MAGDALENA S.A.S.,,03/08/2021,"Ref. Contrato de Concesión 003 de 2014 Concesión Honda - Puerto Salgar - Girardot Requerimiento. Entrega de Información aclaratoria relacionada con Pagos Subcuenta Compensaciones Ambientales, corte a jun/2021.",15_01_Cartas_Enviadas/RADICADAS/2021/CI004_931621_070202_CON_REQUERI_SUBCUENTA_AMBIENTAL.pdf
1460,3,CONSORCIO 4C,CI.004/GP8849/21/7.4.4,CONCESIÓN ALTO MAGDALENA S.A.S.,,27/01/2021,Ref. Contrato de Concesión 003 de 2014 Concesión Honda - Puerto Salgar - Girardot Observaciones Resolución de Expropiación Predio ALMA-5-0069 (UF5),15_01_Cartas_Enviadas/RADICADAS/2021/CI004_884921_070404_CON_OBS_RES_EXPR_ALMA-5-0069.pdf
1461,8,CONSORCIO 4C,CI.004/GP9281/21/5.3,AGENCIA NACIONAL DE INFRAESTRUCTURA - ANI,,22/07/2021,Ref. Contrato de Concesión 003 de 2014 Concesión Honda - Puerto Salgar - Girardot Solicitud No objeción Plazo de Cura. Incumplimiento relacionado con las Especificaciones Técnicas de la Unidad Funcional 4,15_01_Cartas_Enviadas/RADICADAS/2021/CI004_928121_0503000_ANI_NO_OBJ_PCURA_ESPECIF_TECNIC_UF4.pdf
1462,3,CONSORCIO 4C,CI.004/GP9210/21/7.2.9,AGENCIA NACIONAL DE INFRAESTRUCTURA - ANI,,24/06/2021,"Ref. Contrato de Concesión 003 de 2014 Concesión Honda - Puerto Salgar - Girardot Actas de Retribución abril de 2021. UF1, UF3 y UF4.",15_01_Cartas_Enviadas/RADICADAS/2021/CI004_921021_070210_ANI_ACTAS_RETRIBUCION_UF134_ABR_2021.pdf
1464,10,CONSORCIO 4C,CI.004/GP9527/21/5.3,AGENCIA NACIONAL DE INFRAESTRUCTURA - ANI,,21/10/2021,Ref. Contrato de Concesión 003 de 2014 Concesión Honda - Puerto Salgar - Girardot Informe del estado de cumplimiento al proceso sancionatorio relacionado con el cercado predios UF 2,15_01_Cartas_Enviadas/RADICADAS/2021/CI004_952721_050300_ANI_INFORME-CURA_CERCAS_UF2.pdf
1463,4,CONSORCIO 4C,CI.004/GP8997/21/7.1.8,CONCESIÓN ALTO MAGDALENA S.A.S,,29/03/2021,Ref. Contrato de Concesión 003 de 2014 Concesión Honda - Puerto Salgar - Girardot. Observaciones Informe Trimestral N°25 / Componente Ambiental,15_01_Cartas_Enviadas/RADICADAS/2021/CI004_899721_070108_CON_INF_TRIM_25.pdf
1465,8,CONSORCIO 4C,CI.004/GP9142/21/7.3.3,CONCESIÓN ALTO MAGDALENA S.A.S.,,25/05/2021,Ref. Contrato de Concesión 003 de 2014 Concesión Honda - Puerto Salgar - Girardot Rta. ALMA-2021-0735. Resultados de medición Niveles de Servicio abril de 2021.,15_01_Cartas_Enviadas/RADICADAS/2021/CI004_914221_070303_CON_INDICES_ABRIL_2021_#2_ACLARACIONES.pdf
1466,3,CONSORCIO 4C,CI.004/GP9360/21/7.1.9,CONCESIÓN ALTO MAGDALENA S.A.S.,,18/08/2021,"Ref. Contrato de Concesión 003 de 2014 Concesión Honda - Puerto Salgar - Girardot Informe Trimestral Socio – Ambiental 27, Componente Social",15_01_Cartas_Enviadas/RADICADAS/2021/CI004_936021_070109_CON_NO-OBJEC_INFOTRIMESTRAL_N27-SOCIAL.pdf
1468,2,CONSORCIO 4C,CI.004/GP9646/21/7 4.1,CONCESIÓN ALTO MAGDALENA S.A.S,ALMA-R-2021-1883,13/12/2021,Observación a actualización Estudio de Títulos ALMA-3-0056 UF3,15_01_Cartas_Enviadas/RADICADAS/2021/CI004_964621_070401_CON_ESTUDIO_TITULOS_ALMA-2021-1611_.pdf
1467,9,CONSORCIO 4C,CI.004/GP9502/21/7.1.9,CONCESION ALTO MAGDALENA S.A.S,,12/10/2021,"Ref. Contrato de Concesión 003 de 2014 Concesión Honda – Girardot – Puerto Salgar. Respuesta comunicado ALMA-2021-1356. Cumplimiento a obligaciones relacionadas con el Programa de Apoyo a la Capacidad de Gestión Institucional. Invasión del espacio público por ocupantes irregulares en el sector de la glorieta Purnio- La dorada, Caldas.",15_01_Cartas_Enviadas/RADICADAS/2021/CI004_950221_070109_CON_REQUE_INVASION_GLORIETA_PURNIO.pdf
1470,10,CONSORCIO 4C,CI.004/GP9553/21/5.3,,,0 de noviembre de 2021,,15_01_Cartas_Enviadas/RADICADAS/2021/CI004_955321_050300_ANI_POLIZAS_O&M_OTROSI_11.pdf
1472,2,CONSORCIO 4C,CI.004/GP9053/21/7.2.2,,,6 de Abril de 2021,,15_01_Cartas_Enviadas/RADICADAS/2021/CI004_905321_070202_ANI_F-207_REND_SUBC_MAR2021.pdf
1471,3,CONSORCIO 4C,CI.004/GP8935/21/7.3.3,,,5 de febrero de 2021,,15_01_Cartas_Enviadas/RADICADAS/2021/CI004_893521_070303_CON_MEDICIÓN_INDICADORES_03_2021.pdf
1473,1,CONSORCIO 4C,GP-9570,,,9 de noviembre de 2021,,15_01_Cartas_Enviadas/RADICADAS/2021/CI004_957021_090200_ANI_INF_SOCIOAMB_OCT_2021.pdf
1474,4,CONSORCIO 4C,CI.004/GP9475/21/7.3.3,,,9 de Septiembre de 2021,,15_01_Cartas_Enviadas/RADICADAS/2021/CI004_947521_070303_CON_MEDICIÓN_INDICADORES_10_2021.pdf
1469,10,CONSORCIO 4C,CI.004/GP9214/21/5.3,AGENCIA NACIONAL DE INFRAESTRUCTURA - ANI,,25/06/2021,Ref. Contrato de Concesión 003 de 2014 Concesión Honda - Puerto Salgar - Girardot Informe de incumplimiento cercado de predios UF 3 y UF4,15_01_Cartas_Enviadas/RADICADAS/2021/CI004_921421_050300_ANI_INFORME-CURA_CERCAS_UF3-UF4.pdf
1475,16,CONSORCIO 4C,CI.004/GP9405/21/7.1.9,,,6 de Septiembre de 2021,,15_01_Cartas_Enviadas/RADICADAS/2021/CI004_940521_070109_ANI_TARIFA_DIFERENCIAL_GUATAQUÍ.pdf
1476,4,CONSORCIO 4C,CI.004/GP9118/21/7.1.9,,,8 de mayo de 2021,,15_01_Cartas_Enviadas/RADICADAS/2021/CI004_911821_070109_CON__INFOTRIMESTRAL_N26-SOCIAL.pdf
1477,5,CONSORCIO 4C,CI.004/GP9661/21/5.3,,,6 de Diciembre de 2021,,15_01_Cartas_Enviadas/RADICADAS/2021/CI004_966121_050300_ANI_POLIZAS_O&M_OTROSI11_R1.pdf
1479,2,CONSORCIO 4C,CI.004/GP9663/21/7.2.2,,,6 de Diciembre de 2021,,15_01_Cartas_Enviadas/RADICADAS/2021/CI004_966321_070202_ANI_F-009_RECAUD_PEAJES_NOV_2021.pdf
1480,5,CONSORCIO 4C,CI.004/GP9103/21/7.4.6,,,3 de mayo de 2021,,15_01_Cartas_Enviadas/RADICADAS/2021/CI004_910321_070406_CON_OBS_AVALUO_ALMA-5-0261.pdf
1481,4,CONSORCIO 4C,CI.004/GP9232/21/7.1.8,,,0 de junio de 2021,,15_01_Cartas_Enviadas/RADICADAS/2021/CI004_923221_070108_CON_INF_TRIM_26_V0.pdf
1482,6,CONSORCIO 4C,CI.004/GP9507/21/7.1.4,,,3 de octubre de 2021,,15_01_Cartas_Enviadas/RADICADAS/2021/CI004_950721_070104_CON_ALERT-LLUVIAS_SITIOS_CRITICOS.pdf
1478,3,CONSORCIO 4C,GP-9681,,,2de diciembre de2021,,15_01_Cartas_Enviadas/RADICADAS/2021/CI004_968121_070401_CON_EXP_FINAL_ALMA-2021-1657.pdf
1483,5,CONSORCIO 4C,CI.004/GP9090/21/5.3,,,0 de Mayo de 2021,,15_01_Cartas_Enviadas/RADICADAS/2021/CI004_909021_140100_ANI_ENTREGA_ARCHIVO_DIGITAL.pdf
1484,4,CONSORCIO 4C,CI.004/GP9242/21/7.2.8,,,6 de Julio de 2021,,15_01_Cartas_Enviadas/RADICADAS/2021/CI004_924221_070208_ANI_REVISION_RECAUDO_FOSEVI.pdf
1485,4,CONSORCIO 4C,CI.004/GP9632/21/7.4.4,,,7 de Diciembre de 2021,,15_01_Cartas_Enviadas/RADICADAS/2021/CI004_963221_070404_ANI_RESOL_EXPRO_ALMA-4-0062.pdf
1487,4,CONSORCIO 4C,CI.004/GP9085/21/7.4.2,,,4 de mayo de 2021,,15_01_Cartas_Enviadas/RADICADAS/2021/CI004_908521_070402_CON_PENDIENTES_FICHAS_UF3-UF5.pdf
1486,3,CONSORCIO 4C,GP-0534,,,6 de Noviembre de 2021,,15_01_Cartas_Enviadas/RADICADAS/2021/CI004_053421_010000_ANI_MODIFICACION POLIZAS_CUMPLIMIENTO.pdf
1488,2,CONSORCIO 4C,CI.004/GP9498/21/9.2,,,8 de Octubre de 2021,,15_01_Cartas_Enviadas/RADICADAS/2021/CI004_949821_090200_ANI_INFORME_MENSUAL_SEPT_2021.pdf
1489,11,CONSORCIO 4C,CI.004/GP9582/21/7.3.3,,,2 de noviembre de 2021,,15_01_Cartas_Enviadas/RADICADAS/2021/CI004_958221_070303_CON_INDICES_OCTUBRE_2021.pdf
1490,4,CONSORCIO 4C,CI.004/GP9166/21/7.2.1,,,8 de junio de 2021,,15_01_Cartas_Enviadas/RADICADAS/2021/CI004_916621_070201_CON_MAYORES_VALORES_SUBCUEN_PREDIAL.pdf
1491,3,CONSORCIO 4C,CI.004/GP954921/7.2.9,,,2 de Noviembre de 2021,,15_01_Cartas_Enviadas/RADICADAS/2021/CI004_954921_070209_ANI_ACTA_VPIP_SEP_2021.pdf
1492,3,CONSORCIO 4C,CI.004/GP9087/21/7.1.15,,,4 de mayo de 2021,,15_01_Cartas_Enviadas/RADICADAS/2021/CI004_908721_070115_CON_TRASLADO_PQR_GEOFORAGROS.pdf
1493,4,CONSORCIO 4C,CI.004/GP9198/21/7.1.15,,,8 de junio de 2021,,15_01_Cartas_Enviadas/RADICADAS/2021/CI004_919821_070115_CON_REQUE_TRASLA_RED_CODEN_UF3.pdf
1494,2,CONSORCIO 4C,CI.004/GP9031/21/9.2,,,9 de Abril de 2021,,15_01_Cartas_Enviadas/RADICADAS/2021/CI004_903121_090200_ANI_INFORME_MENSUAL_MAR_2021.pdf
1495,3,CONSORCIO 4C,GP-9458,,,3 de Septiembre de 2021,,15_01_Cartas_Enviadas/RADICADAS/2021/CI004_945821_050300_ANI_CIERRE_PCURA_MANEJO_SUBCUENTA_AMBIENTAL.pdf
1497,2,CONSORCIO 4C,CI.004/GP9266/21/7.2.2,,,5 de Julio de 2021,,15_01_Cartas_Enviadas/RADICADAS/2021/CI004_926621_070202_ANI_F-007_REC_PUB_JUN-2021.pdf
1496,3,CONSORCIO 4C,CI.004/GP9560/21/7.2.9,,,2 de Noviembre de 2021,,15_01_Cartas_Enviadas/RADICADAS/2021/CI004_956021_070209_ANI_ACTA_VPIP_SEP_2021_ALCAN.pdf
1498,4,CONSORCIO 4C,CI.004/GP9564/21/7.4.4,,,1 de noviembre de 2021,,15_01_Cartas_Enviadas/RADICADAS/2021/CI004_956421_070404_CON_OBS_RESO_EXPR_ALMA-4-0062.pdf
1499,2,CONSORCIO 4C,CI.004/GP9585/21/7.2.2,,,2 de Noviembre de 2021,,15_01_Cartas_Enviadas/RADICADAS/2021/CI004_958521_070202_ANI_F-009_RECAUD_PEAJES_OCT-2021.pdf
1500,4,CONSORCIO 4C,CI.004/GP8931/21/7.4.6,,,4 de febrero de 2021,,15_01_Cartas_Enviadas/RADICADAS/2021/CI004_893121_070406_CON_OBS_AVALUO9_10UF3.pdf
1501,6,CONSORCIO 4C,CI.004/GP9304/21/7.4.1,,,4 de Agosto de 2021,,15_01_Cartas_Enviadas/RADICADAS/2021/CI004_930421_070401_ANI_3EXP_PREDIALES_FINALES.pdf
1502,4,CONSORCIO 4C,CI.004/GP9130/21/7.4.1,,,1 de mayo de 2021,,15_01_Cartas_Enviadas/RADICADAS/2021/CI004_913021_070401_CON_CRONOGRAMA_OTROSÍ9.pdf
1503,2,CONSORCIO 4C,CI.004/GP9490/21/5.3,,,6 de Octubre de 2021,,15_01_Cartas_Enviadas/RADICADAS/2021/CI004_949021_050300_ANI_ACUERDO2_TRAFICO_COVID19.pdf
1504,2,CONSORCIO 4C,CI.004/GP9350/21/7.2.2,,,8 de Agosto de 2021,,15_01_Cartas_Enviadas/RADICADAS/2021/CI004_935021_070202_ANI_F-009_RECAUD_PEAJES_JUL-2021.pdf
1505,2,CONSORCIO 4C,CI.004/GP9326/21/9.2,,,0 de Agosto de 2021,,15_01_Cartas_Enviadas/RADICADAS/2021/CI004_932621_090200_ANI_INF_SOCIOAMB_JUL_2021.pdf
1507,3,CONSORCIO 4C,CI.004/GP8885/21/7.4.1,,,0 de febrero de 2021,,15_01_Cartas_Enviadas/RADICADAS/2021/CI004_888521_070401_CON_REQUERIM_TABLAS_AVALUOS.pdf
1508,4,CONSORCIO 4C,CI.004/GP9401/21/7.1.9,,,6 de septiembre de 2021,,15_01_Cartas_Enviadas/RADICADAS/2021/CI004_940121_070109_CON_OBSERB_REUNIÓN_PTO_BOGOTA.pdf
1506,4,CONSORCIO 4C,CI.004/GP9544/21/7.3.1.,,,7 de octubre de 2021,,15_01_Cartas_Enviadas/RADICADAS/2021/CI004_954421_070301_CON_BASCULAS.pdf
1509,3,CONSORCIO 4C,CI.004/GP8853/21/5.3-7.2.1,,,8 de Enero de 2021,,15_01_Cartas_Enviadas/RADICADAS/2021/CI004_885321_0503-070201_ANI_SUBCU_INTERVE_SUPER.pdf
1510,3,CONSORCIO 4C,CI.004/GP9684/21/5.3,,,3 de diciembre de 2021,,15_01_Cartas_Enviadas/RADICADAS/2021/CI004_968421_050300_CON_REQUERIMI_POLIZAS_O&M_EER_PREDIAL_ALCAN.pdf
1511,3,CONSORCIO 4C,GP-8883,,,5 de febrero de 2021,,15_01_Cartas_Enviadas/RADICADAS/2021/CI004_888321_070406_CON_REV_AVALU_ALMA-2021-0154-0155.pdf
1512,10,CONSORCIO 4C,CI.004/GP9696/21/5.3-7.3,AGENCIA NACIONAL DE INFRAESTRUCTURA - ANI,,28/12/2021,Ref. Contrato de Concesión 003 de 2014 Concesión Honda - Puerto Salgar - Girardot Solicitud No objeción Plazo de Cura por el incumplimiento en la seguridad vial del desvío temporal en el PR66+820 de la Unidad Funcional 3 - pérdida de la banca de la vía.,15_01_Cartas_Enviadas/RADICADAS/2021/CI004_969621_050300_070300_ANI_NO_OBJECIÓN_PCURA_SEGURIDAD_PR66.pdf
1513,2,CONSORCIO 4C,CI.004/GP9063/21/7.2.2,AGENCIA NACIONAL DE INFRAESTRUCTURA – ANI,,20/04/2021,Ref. Contrato de Concesión 003 de 2014 Concesión Honda – Girardot – Puerto Salgar. Remisión Formato GCSP-F-001 Mantenimiento Bienes Uso Público – Marzo 2021,15_01_Cartas_Enviadas/RADICADAS/2021/CI004_906321_070202_ANI_REMISION_FORMATO_GCSP-F-001_MTTO_MAR-21.pdf
1514,4,CONSORCIO 4C,CI.004/GP9269/21/7.4.6,CONCESIÓN ALTO MAGDALENA S.A.S,,15/07/2021,Ref. Contrato de Concesión 003 de 2014 Concesión Honda - Puerto Salgar - Girardot. Revisión de 4 Avalúos Otrosí No. 9 de la UF3,15_01_Cartas_Enviadas/RADICADAS/2021/CI004_926921_070406_CON_OBSER_AVALUOS9_4UF3.pdf
1515,6,CONSORCIO 4C,CI.004/GP9361/21/7.5,CONCESIÓN ALTO MAGDALENA S.A.S.,,19/08/2021,Ref. Contrato de Concesión 003 de 2014 Concesión Honda - Puerto Salgar - Girardot Revisión Memoria Técnica Junio 2021,15_01_Cartas_Enviadas/RADICADAS/2021/CI004_936121_070500_CON_REV_MEMOTECNICA_JUN2021.pdf
1517,2,CONSORCIO 4C,CI.004/GP9642/21/7.4.1,CONCESIÓN ALTO MAGDALENA S.A.S,ALMA-R-2021-1882,09/12/2021,"Ref. Contrato de Concesión 003 de 2014 - Concesión Honda - Puerto Salgar - Girardot Devolución Expediente Predial ALMA-5-0220, UF5.",15_01_Cartas_Enviadas/RADICADAS/2021/CI004_964221_070401_CON_SELLOS_EXPEDIENTE_2021-1655_.pdf
1516,3,CONSORCIO 4C,CI.004/GP9432/21/5.3,,,4 de septiembre de 2021,,15_01_Cartas_Enviadas/RADICADAS/2021/CI004_943221_050300_CON_PCURA_SICC_TRAMOS_HUERFANOS.pdf
1518,2,CONSORCIO 4C,GP-8863,,,9 de enero de2021,,15_01_Cartas_Enviadas/RADICADAS/2021/CI004_886321_070401_CON_EXPEDIENTE_ALMA-4-0073.pdf
1519,4,CONSORCIO 4C,CI.004/GP9039/21/7.4.4,,,6 de Abril de 2021,,15_01_Cartas_Enviadas/RADICADAS/2021/CI004_903921_070404_ANI_RESOL_EXPRO_ALMA-2-0106-11.pdf
1520,6,CONSORCIO 4C,CI.004/GP9581/21/7.3.3,,,2 de noviembre de 2021,,15_01_Cartas_Enviadas/RADICADAS/2021/CI004_958121_070303_CON_PASAMANOS_BARANDAS.pdf
1521,6,CONSORCIO 4C,CI.004/GP9411/21/5.3,,,8 de Septiembre de 2021,,15_01_Cartas_Enviadas/RADICADAS/2021/CI004_941121_050300_ANI_NOOBJECION_PCURA_PAZYSALVO_POLIZAS.pdf
1522,4,CONSORCIO 4C,CI.004/GP8998/21/7.4.6,,,5 de Marzo de 2021,,15_01_Cartas_Enviadas/RADICADAS/2021/CI004_899821_050300_ANI_DERECHO_PETICIÓN_GIRARDOT.pdf
1523,4,CONSORCIO 4C,CI.004/GP9445/21/7.4.6,,,7 de Septiembre de 2021,,15_01_Cartas_Enviadas/RADICADAS/2021/CI004_944521_070406_CON_OBSER_AVALUOS9_4UF3y5.pdf
1524,2,CONSORCIO 4C,CI.004/GP9342/21/7.3.7,,,7 de Agosto de 2021,,15_01_Cartas_Enviadas/RADICADAS/2021/CI004_934221_030703_ANI_ACCIDENTE_UF2_PR63+130_01.AGOSTO.2021.pdf
1525,6,CONSORCIO 4C,CI.004/GP9477/21/7.4.1,,,5 de Octubre de 2021,,15_01_Cartas_Enviadas/RADICADAS/2021/CI004_947721_070401_ANI_REPORTE_NIIF_III-TRIMESTRE-2021.pdf
1526,5,CONSORCIO 4C,CI.004/GP9354/21/7.1.8,,,8 de agosto de 2021,,15_01_Cartas_Enviadas/RADICADAS/2021/CI004_935421_070108_CON_DIAG_GEST_AMB_UF1V2.pdf
1527,5,CONSORCIO 4C,CI.004/GP9434/21/7.2.10,,,6 de Septiembre de 2021,,15_01_Cartas_Enviadas/RADICADAS/2021/CI004_943421_070210_ANI_ACTAS_RETRIBUCIÓN_UF134_JUL2021.pdf
1528,2,CONSORCIO 4C,CI.004/GP9695/21/7.2.8,,,8 de Diciembre de 2021,,15_01_Cartas_Enviadas/RADICADAS/2021/CI004_969521_070208_ANI_REVISION_RECAUDO_FOSEVI_NOV_2021_ALCAN.pdf
1529,4,CONSORCIO 4C,CI.004/GP9177/21/7.1.8,,,1 de junio de 2021,,15_01_Cartas_Enviadas/RADICADAS/2021/CI004_917721_070108_CON_INF_COMP_EXP_60681.pdf
1531,4,CONSORCIO 4C,CI.004/GP9150/21/7.4.6,,,7 de mayo de 2021,,15_01_Cartas_Enviadas/RADICADAS/2021/CI004_915021_070406_CON_OBS_AVALUOS9_x5_UF3.pdf
1532,3,CONSORCIO 4C,GP-9062,,,1 de Abril de 2021,,15_01_Cartas_Enviadas/RADICADAS/2021/CI004_906221_070401_CON_REV_FICHA_ALMA-2-0122.pdf
1533,4,CONSORCIO 4C,CI.004/GP9510/21/5.3,,,4 de Octubre de 2021,,15_01_Cartas_Enviadas/RADICADAS/2021/CI004_951021_070401_ANI_EXP_PREDIAL_ALMA-5-0215.pdf
1530,3,CONSORCIO 4C,CI.004/GP9353/21/7.3.1,,,8 de agosto de 2021,,15_01_Cartas_Enviadas/RADICADAS/2021/CI004_935321_070301_CON_CARGUE_ANISCOPIO_TRAFICO_RECAUDO.pdf
1534,3,CONSORCIO 4C,CI.004/GP9237/21/7.4.4,,,6 de julio de 2021,,15_01_Cartas_Enviadas/RADICADAS/2021/CI004_923721_070404_CON_OBS_RES_EXPR_ALMA-2-0122-1.pdf
1535,10,CONSORCIO 4C,CI.004/GP9155/21/7.1.4,,,1 de Junio de 2021,,15_01_Cartas_Enviadas/RADICADAS/2021/CI004_915521_070104_ANI_RTA_STT_HONDA_PR0_UF52.pdf
1536,4,CONSORCIO 4C,CI.004/GP8952/21/7.4.1,,,2 de marzo de 2021,,15_01_Cartas_Enviadas/RADICADAS/2021/CI004_895221_070401_CON_SEG_CRONO_FINALES.pdf
1537,4,CONSORCIO 4C,CI.004/GP9690/21/7.4.4,,,7 de Diciembre de 2021,,15_01_Cartas_Enviadas/RADICADAS/2021/CI004_969021_070404_ANI_RESOL_EXPRO_ALMA-2-0003-1.pdf
1538,4,CONSORCIO 4C,CI.004/GP8862/21/7.4.1,,,9 de enero de 2021,,15_01_Cartas_Enviadas/RADICADAS/2021/CI004_886221_070401_CON_EST_FICHA_ALMA-5-0261.pdf
1539,7,CONSORCIO 4C,CI.004/GP9634/21/7.1.7,,,7 de diciembre de 2021,,15_01_Cartas_Enviadas/RADICADAS/2021/CI004_963421_070107_CON_REVISI_TRATAMIENTO_CORRECTIVO_E16_UF3.pdf
1540,2,CONSORCIO 4C,CI.004/GP9286/21/7.3.5,,,6 de Julio de 2021,,15_01_Cartas_Enviadas/RADICADAS/2021/CI004_928621_070305_ANI_ANTIJURÍDICO_JUN_2021.pdf
1541,4,CONSORCIO 4C,CI.004/GP9470/21/7.4.6,,,9 de septiembre de 2021,,15_01_Cartas_Enviadas/RADICADAS/2021/CI004_947021_070406_CON_OBSER_AVALUOS9_UF3.pdf
1543,8,CONSORCIO 4C,CI.004/GP8984/21/5.3,,,7 de Marzo de 2021,,15_01_Cartas_Enviadas/RADICADAS/2021/CI004_898421_0503000_ANI_NOOBJEC_PCURA_ESPEC_TECNIC_UF3.pdf
1542,12,CONSORCIO 4C,CI.004/GP8944/21/9.3,,,1 de marzo de 2021,,15_01_Cartas_Enviadas/RADICADAS/2021/CI004_894421_090300_CON_PLANOS_RECORD_PROYECTO V5.pdf
1544,2,CONSORCIO 4C,CI.004/GP9673/21/7.2.2,,,1 de Diciembre de 2021,,15_01_Cartas_Enviadas/RADICADAS/2021/CI004_967321_070202_ANI_F-001_MTTO_NOV-2021.pdf
1545,3,CONSORCIO 4C,CI.004/GP9481/21/7.4.1,,,5 de octubre de 2021,,15_01_Cartas_Enviadas/RADICADAS/2021/CI004_948121_070401_CON_OBS_INFOGP_AGO2021.pdf
1546,3,CONSORCIO 4C,CI.004/GP9509/20/5.3,,,3 de octubre de 2021,,15_01_Cartas_Enviadas/RADICADAS/2021/CI004_950921_050300_CON_OBSERVACIÓN_POLIZA_TODORIESGO_EER.pdf
1547,2,CONSORCIO 4C,CI.004/GP9587/21/7.2.2,,,2 de Noviembre de 2021,,15_01_Cartas_Enviadas/RADICADAS/2021/CI004_958721_070202_ANI_F-208_EXPLOTA_COMERCIAL_OCT_2021.pdf
1548,8,CONSORCIO 4C,CI.004/GP9111/21/7.3,,,4 de Mayo de 2021,,15_01_Cartas_Enviadas/RADICADAS/2021/CI004_911121_070300_ANI_INFO_INVIAS.pdf
1549,2,CONSORCIO 4C,CI.004/GP9494/21/9.2,,,8 de Octubre de 2021,,15_01_Cartas_Enviadas/RADICADAS/2021/CI004_949421_090200_ANI_VIDEO_IMI_SEPT_2021.pdf
1550,3,CONSORCIO 4C,CI.004/GP9589/21/9.2,,,6 de noviembre de 2021,,15_01_Cartas_Enviadas/RADICADAS/2021/CI004_958921_090200_SUP_SUPER_TRANSP_OCTT_2021.pdf
1552,14,CONSORCIO 4C,CI.004/GP9552/21/5.3,,,2 de Noviembre de 2021,,15_01_Cartas_Enviadas/RADICADAS/2021/CI004_955221_050300_070300_ANI_NO_OBJECION_PCURA_INUNDACIÓN_PR81.pdf
1553,4,CONSORCIO 4C,CI.004/GP8896/21/7.4.4,,,1 de Febrero de 2021,,15_01_Cartas_Enviadas/RADICADAS/2021/CI004_889621_070404_ANI_RESOL_EXPRO_ALMA-5-0104.pdf
1551,3,CONSORCIO 4C,CI.004/GP9044/21/7.4.4,,,4 de abril de 2021,,15_01_Cartas_Enviadas/RADICADAS/2021/CI004_904421_070404_CON_OBS_RES_EXPR_ALMA-2-0159.pdf
1554,5,CONSORCIO 4C,CI.004/GP9182/21/7.3.3,,,1 de junio de 2021,,15_01_Cartas_Enviadas/RADICADAS/2021/CI004_918221_0703_CON_MECO_ESPACIOPÚBLICO_UF5.2.pdf
1555,2,CONSORCIO 4C,CI.004/GP9033/21/9.2,,,1 de Abril de 2021,,15_01_Cartas_Enviadas/RADICADAS/2021/CI004_903321_090200_ANI_VIDEO_IMI_MARZO_2021.pdf
1556,11,CONSORCIO 4C,CI.004/GP8972/21/5.3,,,5 de Marzo de 2021,,15_01_Cartas_Enviadas/RADICADAS/2021/CI004_897221_050300_ANI_NOOBJ_PCURA_CAÑO_GRANDE.pdf
1557,5,CONSORCIO 4C,CI.004/GP9520/21/7.1.8,,,1 de octubre de 2021,,15_01_Cartas_Enviadas/RADICADAS/2021/CI004_952021_070108_CON_ALMA-2021-1509_RES DGEN No. 20207100901.pdf
1558,5,CONSORCIO 4C,CI.004/GP9533/21/5.3-7.1.4,,,6 de Octubre de 2021,,15_01_Cartas_Enviadas/RADICADAS/2021/CI004_953321_050300_070104_ANI_CIERRE_PCURA_CAÑO_HONDO.pdf
1559,6,CONSORCIO 4C,CI.004/GP8848/21/7.1.11,,,7 de enero de 2021,,15_01_Cartas_Enviadas/RADICADAS/2021/CI004_884821_070111_CON_PMT_UF3_2021.pdf
1560,3,CONSORCIO 4C,CI.004/GP9325/21/7.3.1.,,,5 de agosto de 2021,,15_01_Cartas_Enviadas/RADICADAS/2021/CI004_932521_070301_CON_INFO-AUDI_PEAJE_Julio-21.pdf
1561,4,CONSORCIO 4C,CI.004/GP8968/21/7.3.3,,,1 de Marzo  de 2021,,15_01_Cartas_Enviadas/RADICADAS/2021/CI004_896821_070303_CON_CICLORUTA_FEBRERO_2021.pdf
1562,3,CONSORCIO 4C,CI.004/GP9194/21/5.3,,,8 de Junio de 2021,,15_01_Cartas_Enviadas/RADICADAS/2021/CI004_919421_050300_ANI_CONCEPTO_EDS_GUATAQUÍ.pdf
1563,4,CONSORCIO 4C,CI.004/GP9004/21/7.4.6,,,0 de marzo de 2021,,15_01_Cartas_Enviadas/RADICADAS/2021/CI004_900421_070406_CON_SABANA_AVALUOS_FEB2021.pdf
1564,2,CONSORCIO 4C,CI.004/GP9077/21/7.2.2,,,9 de Abril de 2021,,15_01_Cartas_Enviadas/RADICADAS/2021/CI004_907721_070202_ANI_F-009_RECAUD_PEAJES_MAR2021.pdf
1565,9,CONSORCIO 4C,CI.004/GP9491/21/7.4.1,,,6 de octubre de 2021,,15_01_Cartas_Enviadas/RADICADAS/2021/CI004_949121_070401_CON_INDICE_PREDIAL_SEP2021.pdf
1566,28,CONSORCIO 4C,CI.004/GP9030/21/5.3,,,9 de Abril de 2021,,15_01_Cartas_Enviadas/RADICADAS/2021/CI004_903021_050300_ANI_EER_OF_ALMA-2-163.pdf
1567,3,CONSORCIO 4C,CI.004/GP9443/21/5.3,,,7 de Septiembre de 2021,,15_01_Cartas_Enviadas/RADICADAS/2021/CI004_944321_050300_ANI_CIERRE_PLAZ_CURA_PAZYSALVOS_POLIZAS.pdf
1568,3,CONSORCIO 4C,GP-9136,,,4 de Mayo de 2021,,15_01_Cartas_Enviadas/RADICADAS/2021/CI004_913621_070401_CON_EXP_FINAL_PREDIOS_5-0232_5-233..pdf
1569,5,CONSORCIO 4C,CI.004/GP9181/21/7.4.1,,,5 de junio de 2021,,15_01_Cartas_Enviadas/RADICADAS/2021/CI004_918121_070401_CON_REQUERIMIENTO_OLYMPUS.pdf
1570,5,CONSORCIO 4C,CI.004/GP8902/21/7.1.8,,,2 de febrero de 2021,,15_01_Cartas_Enviadas/RADICADAS/2021/CI004_890221_070108_CON_RECOM_COMP_AMB_VF.pdf
1571,4,CONSORCIO 4C,CI.004/GP8927/21/5.3,,,3 de febrero de 2021,,15_01_Cartas_Enviadas/RADICADAS/2021/CI004_892721_050300_CON_POLIZAS_OPERA_MMTO.pdf
1572,5,CONSORCIO 4C,CI.004/GP9192/21/7.1.9,,,8 de Junio de 2021,,15_01_Cartas_Enviadas/RADICADAS/2021/CI004_919221_070109_ANI_COMPROMISOS_PTO_BOGOTA.pdf
1573,6,CONSORCIO 4C,CI.004/GP8831/21/7.1.8,CONCESIÓN ALTO MAGDALENA S.A.S,,22/01/2021,Ref. Contrato de Concesión 003 de 2014 Concesión Honda – Girardot – Puerto Salgar. Diagnóstico de la Gestión Ambiental UF4.1,15_01_Cartas_Enviadas/RADICADAS/2021/CI004_883121_070108_CON_DIAGN_GEST_AMB_UF4.1.pdf
1574,4,CONSORCIO 4C,CI.004/GP8861/21/7.4.6,CONCESIÓN ALTO MAGDALENA S.A.S,,29/01/2021,"Ref. Contrato de Concesión 003 de 2014 Concesión Honda – Girardot – Puerto Salgar. Revisión de Avalúos Otrosí No. 9. Predios ALMA-3-0001 y ALMA-3-0004, UF3",15_01_Cartas_Enviadas/RADICADAS/2021/CI004_886121_070406_CON_OBS_AVAL9_2UF3.pdf
1575,5,CONSORCIO 4C,CI.004/GP9227/21/7.4.6,CONCESIÓN ALTO MAGDALENA S.A.S,,29/06/2021,Ref. Contrato de Concesión 003 de 2014 Concesión Honda – Girardot – Puerto Salgar. Revisión de 5 Avalúos Otrosí No. 9,15_01_Cartas_Enviadas/RADICADAS/2021/CI004_922721_070406_CON_OBS_AVALUOS9_2UF3-3UF5.pdf
1576,3,CONSORCIO 4C,CI.004/GP8957/21/7.4.1,CONCESIÓN ALTO MAGDALENA S.A.S.,,05/03/2021,"Ref. Contrato de Concesión 003 de 2014 Concesión Honda - Puerto Salgar - Girardot Devolución Expedientes Prediales ALMA-2021-0130, UF1 y UF2.",15_01_Cartas_Enviadas/RADICADAS/2021/CI004_895721_070401_CON_DEVOLUCION_EXPEDIENTES_2021-0130.pdf
1577,6,CONSORCIO 4C,CI.004/GP9213/21/7.3,CONCESIÓN ALTO MAGDALENA S.A.S,,24/06/2021,Ref. Contrato de Concesión 003 de 2014 Concesión Honda – Girardot – Puerto Salgar Requerimiento formal atención hallazgos Superintendencia de Puertos y Transporte.,15_01_Cartas_Enviadas/RADICADAS/2021/CI004_921321_070111_CON_SPT_HALLAZGOS_MAYO_2021.pdf
1578,5,CONSORCIO 4C,CI.004/GP8833/21/7.4.1,CONCESIÓN ALTO MAGDALENA S.A.S.,,22/01/2021,Ref. Contrato de Concesión 003 de 2014 Concesión Honda - Puerto Salgar - Girardot Seguimiento a Revisión Tira Topográfica,15_01_Cartas_Enviadas/RADICADAS/2021/CI004_883321_070401_CON_REV_TIRA_TOPOGRÁFICA.pdf
1579,4,CONSORCIO 4C,CI.004/GP9612/21/7.2.8,AGENCIA NACIONAL DE INFRAESTRUCTURA - ANI,,26/11/2021,Ref. Contrato de Concesión 003 de 2014 Concesión Honda - Puerto Salgar - Girardot Pago de Seguridad Vial - Fosevi Mes de octubre 2021,15_01_Cartas_Enviadas/RADICADAS/2021/CI004_961221_070208_ANI_REVISION_RECAUDO_FOSEVI_OCT_2021.pdf
1581,4,CONSORCIO 4C,CI.004/GP9689/21/7.2.8,AGENCIA NACIONAL DE INFRAESTRUCTURA - ANI,,27/12/2021,Ref. Contrato de Concesión 003 de 2014 Concesión Honda - Puerto Salgar - Girardot Pago al Fondo de Seguridad Vial – Fosevi. Mes de noviembre 2021,15_01_Cartas_Enviadas/RADICADAS/2021/CI004_968921_070208_ANI_REVISION_RECAUDO_FOSEVI_NOV_2021.pdf
1580,26,CONSORCIO 4C,CI.004/GP9057/21/5.3,AGENCIA NACIONAL DE INFRAESTRUCTURA - ANI,,16/04/2021,Ref. Contrato de Concesión 003 de 2014 Concesión Honda - Puerto Salgar - Girardot Concepto relacionado con la solicitud de modificación del Apéndice Técnico 2 del Contrato 003/2014 – Numeral 3.3.9.2 Entrega de Bienes a la Policía de Carreteras.,15_01_Cartas_Enviadas/RADICADAS/2021/CI004_905721_070114_ANI_DITRA_OTROSI_AT2.pdf
1583,5,CONSORCIO 4C,CI.004/GP8824/21/7.4.6,CONCESIÓN ALTO MAGDALENA S.A.S,,18/01/2021,"Ref. Contrato de Concesión 003 de 2014 Concesión Honda - Puerto Salgar - Girardot Revisión de Avalúo Predio ALMA-5-0013, UF5.",15_01_Cartas_Enviadas/RADICADAS/2021/CI004_882421_070406_CON_OBS_AVALUO_ALMA-5-0013.pdf
1582,3,CONSORCIO 4C,CI.004/GP887521/5.3,CONCESIÓN ALTO MAGDALENA S.A.S.,,05/02/2021,Ref. Contrato de Concesión 003 de 2014 Concesión Honda - Puerto Salgar - Girardot Solicitud de ajuste a horario para radicación de Comunicados dirigidos al Concesionario.,15_01_Cartas_Enviadas/RADICADAS/2021/CI004_887521_050300_CON_RADICACIÓN_CONCESIONARIO.pdf
1584,4,CONSORCIO 4C,CI.004/GP8983/21/7.3.1,CONCESIÓN ALTO MAGDALENA S.A.S.,,17/03/2021,Ref. Contrato de Concesión 003 de 2014 Concesión Honda - Puerto Salgar - Girardot Solicitud de cumplimiento de requerimientos de la Supertransporte.,15_01_Cartas_Enviadas/RADICADAS/2021/CI004_898321_070301_CON_VISITA_SUPERTRANSPORTES.pdf
1585,3,CONSORCIO 4C,CI.004/GP9631/21/7.2.9,AGENCIA NACIONAL DE INFRAESTRUCTURA - ANI,,07/12/2021,Ref. Contrato de Concesión 003 de 2014 Concesión Honda - Puerto Salgar - Girardot Acta de Calculo VPIP octubre 2021.,15_01_Cartas_Enviadas/RADICADAS/2021/CI004_963121_070209_ANI_ACTA_VPIP_OCT_2021.pdf
1587,3,CONSORCIO 4C,CI.004/GP8904/21/7.4.1,CONCESIÓN ALTO MAGDALENA S.A.S,ALMA-R-2021-0187,15/02/2021,Ref. Contrato de Concesión 003 de 2014 Concesión Honda - Puerto Salgar - Girardot Observaciones Expedientes Finales Prediales. Predios ALMA-5-0054 y ALMA-5-0055,15_01_Cartas_Enviadas/RADICADAS/2021/CI004_890421_070401_CON_EXP_FINAL_ALMA-2021-0095.pdf
1586,4,CONSORCIO 4C,CI.004/GP9317/21/7.1.7,CONCESIÓN ALTO MAGDALENA S.A.S.,,03/08/2021,Ref. Contrato de Concesión 003 de 2014 Concesión Honda – Puerto Salgar – Girardot. Respuesta Estudio Hidráulico y de Socavación Zona de Erosión PR19+950 - UF2.,15_01_Cartas_Enviadas/RADICADAS/2021/CI004_931721_070107_CON_RESP_EST_HIDRAULICO_PR19+950.pdf
1588,4,CONSORCIO 4C,CI.004/GP9229/21/7.4.1,AGENCIA NACIONAL DE INFRAESTRUCTURA - ANI,,30/06/2021,Ref. Contrato de Concesión 003 de 2014 Concesión Honda - Puerto Salgar - Girardot Remisión del Formato GADF-F-052 Reporte información NIIF- Trimestre II de 2021,15_01_Cartas_Enviadas/RADICADAS/2021/CI004_922921_070401_ANI_REPORTE_NIIF_II-TRIMESTRE-2021.pdf
1589,7,CONSORCIO 4C,CI.004/GP9180/21/7.3,CONCESIÓN ALTO MAGDALENA S.A.S.,,11/06/2021,Ref. Contrato de Concesión 003 de 2014 Concesión Honda – Girardot – Puerto Salgar Intervenciones en el pavimento UF4 – Alto riesgo de accidente.,15_01_Cartas_Enviadas/RADICADAS/2021/CI004_918021_070300_CON_INTERVENCIONES_UF4_JUNIO_2021.pdf
1591,8,CONSORCIO 4C,CI.004/GP9333/21/5.3-7.4.1,,,1 de agosto de 2021,,15_01_Cartas_Enviadas/RADICADAS/2021/CI004_933321_050300_070401_CON_OTORGA_PCURA_CERCAS-UF2.pdf
1592,9,CONSORCIO 4C,CI.004/GP8879/21/7.3.3,,,4 de febrero de 2021,,15_01_Cartas_Enviadas/RADICADAS/2021/CI004_887920_070303_CON_INDICES_ENERO_2021.pdf
1594,2,CONSORCIO 4C,CI.004/GP9639/21/9.2,,,9 de Diciembre de 2021,,15_01_Cartas_Enviadas/RADICADAS/2021/CI004_963921_090200_ANI_INF_SOCIOAMB_NOV_2021.pdf
1593,4,CONSORCIO 4C,CI.004/GP9315/21/7.4.6,,,3 de agosto de 2021,,15_01_Cartas_Enviadas/RADICADAS/2021/CI004_931521_070406_CON_OBSER_AVALUOS9_5UF5.pdf
1596,5,CONSORCIO 4C,CI.004/GP9609/21/7.3,,,5 de noviembre de 2021,,15_01_Cartas_Enviadas/RADICADAS/2021/CI004_960921_070300_CON_REQUE_TIQUETES_PESAJES.pdf
1595,5,CONSORCIO 4C,CI.004/GP9413/21/7.1.3,,,9 de septiembre de 2021,,15_01_Cartas_Enviadas/RADICADAS/2021/CI004_941321_070103_CON_REQUER_PAISAJIS_GLORIETA_NORCASIA.pdf
1597,4,CONSORCIO 4C,CI.004/GP9693/21/7.4.4,,,7 de Diciembre de 2021,,15_01_Cartas_Enviadas/RADICADAS/2021/CI004_969321_070404_ANI_RESOL_EXPRO_ALMA-3-0056.pdf
1598,3,CONSORCIO 4C,CI.004/GP9656/21/9.2,,,4 de diciembre de 2021,,15_01_Cartas_Enviadas/RADICADAS/2021/CI004_965621_090200_SUP_SUPER_TRANSP_NOV_2021.pdf
1599,9,CONSORCIO 4C,CI.004/GP9321/21/7.4.1,,,3 de agosto de 2021,,15_01_Cartas_Enviadas/RADICADAS/2021/CI004_932121_070401_CON_INDICE_PREDIAL_JUL2021.pdf
1600,5,CONSORCIO 4C,CI.004/GP9036/21/7.4.1,,,3 de Abril de 2021,,15_01_Cartas_Enviadas/RADICADAS/2021/CI004_903621_050300_ANI_DERECHO_PETICIÓN_ALMA-2-0157.pdf
1601,3,CONSORCIO 4C,CI.004/GP8978/21/7.4.1,,,7 de marzo de 2021,,15_01_Cartas_Enviadas/RADICADAS/2021/CI004_897821_070401_CON_OLYMPUS_REVISIÓN_NIIF.pdf
1602,7,CONSORCIO 4C,CI.004/GP9134/21/7.1.15,,,4 de Mayo de 2021,,15_01_Cartas_Enviadas/RADICADAS/2021/CI004_913421_070115_ANI_APROBAC_DESEMB_ACT_RED16.pdf
1603,4,CONSORCIO 4C,CI.004/GP9554/21/5.3-7.1.15,,,2 de Noviembre de 2021,,15_01_Cartas_Enviadas/RADICADAS/2021/CI004_955421_050300-070115_ANI_REINTEGR_SUBCUENT_REDES.pdf
1590,3,CONSORCIO 4C,CI.004/GP9138/21/7.4.2,CONCESIÓN ALTO MAGDALENA S.A.S,ALMA-2021-0663 (A),25/05/2021,Respuesta comunicación ALMA-2021-0663 (Ref. Contrato de Concesión 003 de 2014 Concesión Honda - Puerto Salgar - Girardot),15_01_Cartas_Enviadas/RADICADAS/2021/CI004_913821_070402_CON_FICHAS_SOCIALES-ALMA_2021_0663.pdf
1604,9,CONSORCIO 4C,CI.004/GP9548/21/5.3,,,2 de Noviembre de 2021,,15_01_Cartas_Enviadas/RADICADAS/2021/CI004_954821_0503000_ANI_NO_OBJ_PCURA_ESPECIFICA_TECNICAS_UF5.pdf
1605,4,CONSORCIO 4C,CI.004/GP9277/21/7.1.4,,,9 de julio de 2021,,15_01_Cartas_Enviadas/RADICADAS/2021/CI004_927721_070104_CON_REQUER_E&D_SIT_CRITICO_PR66+820_UF3.pdf
1606,6,CONSORCIO 4C,GP-8790,,,6 de enero de 2021,,15_01_Cartas_Enviadas/RADICADAS/2021/CI004_879021_070402_CON_FICHAS_SOCIALES-ALMA_2020_3030_3029.pdf
1607,8,CONSORCIO 4C,CI.004/GP9404/21/5.3,,,6 de Septiembre de 2021,,15_01_Cartas_Enviadas/RADICADAS/2021/CI004_940421_050300_ANI_INFORME_PCURA_CERCAS_UF3-UF4.pdf
1608,3,CONSORCIO 4C,CI.004/GP8946/21/7.3.3,,,1 de marzo de 2021,,15_01_Cartas_Enviadas/RADICADAS/2021/CI004_894621_070303_CON_RESULTADOS_INDICADORES_SEM1_2021.pdf
1610,3,CONSORCIO 4C,CI.004/GP9201/21/7.1.9,,,2 de Junio de 2021,,15_01_Cartas_Enviadas/RADICADAS/2021/CI004_920121_070109_ANI_COMPROMISOS_PTO_BOGOTA.pdf
1611,6,CONSORCIO 4C,CI.004/GP9368/21/7.1.4,,,3 de agosto de 2021,,15_01_Cartas_Enviadas/RADICADAS/2021/CI004_936821_070104_CON_REQUER_E&D_SIT_CRITICO_PR66+820_UF3.pdf
1609,3,CONSORCIO 4C,CI.004/GP8854/21/5.3,,,8 de enero de 2021,,15_01_Cartas_Enviadas/RADICADAS/2021/CI004_885421_050300_CON_REV_POLIZA_TODO_RIESG.pdf
1612,10,CONSORCIO 4C,CI.004/GP9108/21/7.2.8,,,4 de Mayo de 2021,,15_01_Cartas_Enviadas/RADICADAS/2021/CI004_910821_070208_ANI_PROYECCION_DR8_V10.pdf
1613,4,CONSORCIO 4C,CI.004/GP8894/21/7.1.3-9.3,,,1 de febrero de 2021,,15_01_Cartas_Enviadas/RADICADAS/2021/CI004_889421_070103-090300_CON_REV_TALUD_K131.pdf
1614,3,CONSORCIO 4C,CI.004/GP9081/21/7.2.10,,,0 de Abril de 2021,,15_01_Cartas_Enviadas/RADICADAS/2021/CI004_908121_070210_ANI_ACTAS_RETRIBUCION_UF12345_FEB2021.pdf
1615,2,CONSORCIO 4C,CI.004/GP8892/20/9.2,,,0 de Febrero de 2021,,15_01_Cartas_Enviadas/RADICADAS/2021/CI004_889220_090200_ANI_INFORME_MENSUAL_ENER_2020.pdf
1616,2,CONSORCIO 4C,CI.004/GP9414/21/7.1.9,,,9 de septiembre de 2021,,15_01_Cartas_Enviadas/RADICADAS/2021/CI004_941421_070109_PERSONERIA_GUADUAS_RTA_DER_PETICION.pdf
1617,2,CONSORCIO 4C,CI.004/GP9480/21/7.3.7,,,1 de Octubre de 2021,,15_01_Cartas_Enviadas/RADICADAS/2021/CI004_948021_070307_ANI_ACCIDENTE_UF2_PR1+430_19.SEP.2021.pdf
1618,3,CONSORCIO 4C,CI.004/GP8925/21/7.3.1.,,,2 de febrero de 2021,,15_01_Cartas_Enviadas/RADICADAS/2021/CI004_892521_070301_MEMORIA_TECNICA.pdf
1619,5,CONSORCIO 4C,CI.004/GP9216/21/7.1.8,,,5 de junio de 2021,,15_01_Cartas_Enviadas/RADICADAS/2021/CI004_921621_070108_CON_OBS_ICA_15_UF4.1.pdf
1620,6,CONSORCIO 4C,CI.004/GP9203/21/7.5,,,2 de junio de 2021,,15_01_Cartas_Enviadas/RADICADAS/2021/CI004_920321_070500_CON_REV_MEMOTECNICA_ABR2021.pdf
1621,6,CONSORCIO 4C,CI.004/GP9370/21/5.3-7.1.15,,,4 de Agosto de 2021,,15_01_Cartas_Enviadas/RADICADAS/2021/CI004_937021_050300_070115_ANI_NO_OBJECIÓN_PCURA_ACTA17_REDES.pdf
1623,4,CONSORCIO 4C,CI.004/GP8908/21/7.4.2,,,6 de febrero de 2021,,15_01_Cartas_Enviadas/RADICADAS/2021/CI004_890821_070402_CON_ACTUALIZACION_PCSE_ALMA-2021-0191.pdf
1622,21,CONSORCIO 4C,CI.004/GP9669/21/5.3-7.3,,,7 de diciembre de 2021,,15_01_Cartas_Enviadas/RADICADAS/2021/CI004_966921_050300_070300_CON_OTORGA_PCURA_DEFENSAS_UF1.pdf
1624,2,CONSORCIO 4C,CI.004/GP8871/21/2.2,,,2 de Febrero de 2021,,15_01_Cartas_Enviadas/RADICADAS/2021/CI004_887121_020200_ANI_REEMPLAZO_AUXILIAR_PREDIAL.pdf
1625,6,CONSORCIO 4C,CI.004/GP9190/21/7.1.11,,,7 de junio de 2021,,15_01_Cartas_Enviadas/RADICADAS/2021/CI004_919021_070111_CON_PMT_UF4_UF3.pdf
1626,4,CONSORCIO 4C,CI.004/GP9692/21/7.3.3,,,7 de diciembre de 2021,,15_01_Cartas_Enviadas/RADICADAS/2021/CI004_969221_070303_CON_POSTES_SOS_FUERASERVICIO.pdf
1627,2,CONSORCIO 4C,CI.004/GP8916/21/7.2.2,,,8 de Febrero de 2021,,15_01_Cartas_Enviadas/RADICADAS/2021/CI004_891621_070202_ANI_F-007_REC_PUB_ENE2020.pdf
1628,3,CONSORCIO 4C,GP-9067,,,7 de Abril de 2021,,15_01_Cartas_Enviadas/RADICADAS/2021/CI004_906721_070401_CON_REV_3FICHAS.pdf
1629,4,CONSORCIO 4C,CI.004/GP9388/21/5.3,,,0 de agosto de 2021,,15_01_Cartas_Enviadas/RADICADAS/2021/CI004_938821_050300_CON_REQUE_ACLARA_POLIZA_TODORIESGO_O&M.pdf
1630,2,CONSORCIO 4C,CI.004/GP9344/21/5.3,,,7 de Agosto de 2021,,15_01_Cartas_Enviadas/RADICADAS/2021/CI004_934421_050300_ANI_CONCEPTO_CORTIJO_LADORADA_#2.pdf
1631,2,CONSORCIO 4C,CI.004/GP9618/21/7.2.2,,,1 de Diciembre de 2021,,15_01_Cartas_Enviadas/RADICADAS/2021/CI004_961821_070202_ANI_F-001_MTTO_OCT-2021_ALC.pdf
1632,4,CONSORCIO 4C,CI.004/GP8949/21/7.4,,,2 de marzo de 2021,,15_01_Cartas_Enviadas/RADICADAS/2021/CI004_894921_070401_CON_OBS_INFOGP_ENE2021.pdf
1633,2,CONSORCIO 4C,CI.004/GP8947/21/7.3.5.,,,2 de Marzo de 2021,,15_01_Cartas_Enviadas/RADICADAS/2021/CI004_894721_ANI_070305_CRONOGRAMA_PEAJES.pdf
1634,3,CONSORCIO 4C,CI.004/GP9215/21/7.1.8,,,5 de Junio de 2021,,15_01_Cartas_Enviadas/RADICADAS/2021/CI004_921521_070108_CON_INF_CIERRE_AMB_UF5_V02.pdf
1636,8,CONSORCIO 4C,CI.004/GP9243/21/7.1.7,,,7 de julio de 2021,,15_01_Cartas_Enviadas/RADICADAS/2021/CI004_924321_070104_CON_REQUER_EST_HIDRAULICO_PR24.pdf
1635,3,CONSORCIO 4C,CI.004/GP9049/21/7.2.9,,,6 de Abril de 2021,,15_01_Cartas_Enviadas/RADICADAS/2021/CI004_904921_070209_ANI_ACTA_VPIP_FEBRE_2021.pdf
1637,5,CONSORCIO 4C,CI.004/GP9089/21/7.4.6,,,6 de mayo de 2021,,15_01_Cartas_Enviadas/RADICADAS/2021/CI004_908921_070406_CON_OBS_AVALUO9_5-UF3.pdf
1638,5,CONSORCIO 4C,CI.004/GP9019/21/7.4.6,,,7 de abril de 2021,,15_01_Cartas_Enviadas/RADICADAS/2021/CI004_901921_070406_CON_OBS_AVALUO9_4-UF3.pdf
1639,8,CONSORCIO 4C,CI.004/GP8798/21/7.3.3,,,8 de Enero de 2021,,15_01_Cartas_Enviadas/RADICADAS/2021/CI004_879820_070303_ANI_CIERRE_DISCREPANCIAS_AÑO_2020_#21.pdf
1640,3,CONSORCIO 4C,CI.004/GP9016/21/7.1.10,,,5 de abril de 2021,,15_01_Cartas_Enviadas/RADICADAS/2021/CI004_901621_070110_CON_ACT_PROT_BIOS.pdf
1641,3,CONSORCIO 4C,CI.004/GP9420/21/7.1.14,,,0 de Septiembre de 2021,,15_01_Cartas_Enviadas/RADICADAS/2021/CI004_942021_070114_ANI_UFINET_COLOMBIA_SA.pdf
1642,4,CONSORCIO 4C,CI.004/GP9660/21/7.4.6,,,6 de diciembre de 2021,,15_01_Cartas_Enviadas/RADICADAS/2021/CI004_966021_070406_CON_OBSER_AVALUOS9_5UF2.pdf
1643,4,CONSORCIO 4C,CI.004/GP9082/21/7.4.1,,,9 de abril de 2021,,15_01_Cartas_Enviadas/RADICADAS/2021/CI004_908221_070401_CON_OBS_INFOGP_MAR2021.pdf
1644,5,CONSORCIO 4C,CI.004/GP9407/21/7.4.6,,,6 de septiembre de 2021,,15_01_Cartas_Enviadas/RADICADAS/2021/CI004_940721_070406_CON_OBSER_AVALUOS9_9UF5.pdf
1645,4,CONSORCIO 4C,CI.004/GP9539/21/7.3.3,,,6 de octubre de 2021,,15_01_Cartas_Enviadas/RADICADAS/2021/CI004_953921_070303_CON_MEDICIÓN_INDICADORES_11_2021.pdf
1646,4,CONSORCIO 4C,CI.004/GP9398/21/7.4.1,,,6 de septiembre de 2021,,15_01_Cartas_Enviadas/RADICADAS/2021/CI004_939821_070401_CON_SEGU_CRONOGRAMA_OTROSÍ9-AGO2021.pdf
1647,6,CONSORCIO 4C,CI.004/GP9396/21/5.3,,,1 de septiembre de 2021,,15_01_Cartas_Enviadas/RADICADAS/2021/CI004_939621_050300_CON_DEFENSAS_UF1.pdf
1648,4,CONSORCIO 4C,CI.004/GP9165/21/7.1.8,,,8 de junio de 2021,,15_01_Cartas_Enviadas/RADICADAS/2021/CI004_916521_070108_CON_AJUSTES_POLIZAS_CORMAGDALENA.pdf
1649,4,CONSORCIO 4C,CI.004/GP9377/21/7.4.1,,,5 de Agosto de 2021,,15_01_Cartas_Enviadas/RADICADAS/2021/CI004_937721_070401_ANI_DERECHO_PETICION_ALMA-2-0106-5.pdf
1650,4,CONSORCIO 4C,CI.004/GP9273/21/7.1.7,,,9 de julio de 2021,,15_01_Cartas_Enviadas/RADICADAS/2021/CI004_927321_070104_CON_RESP_EST_HIDRAULICO_PR24.pdf
1651,5,CONSORCIO 4C,CI.004/GP9687/21/7.2.10,,,7 de Diciembre de 2021,,15_01_Cartas_Enviadas/RADICADAS/2021/CI004_968721_070210_ANI_ACTAS_RETRIBUCIÓN_UF1234_OCT_2021.pdf
1652,3,CONSORCIO 4C,CI.004/GP9055/21/7.3.1.,,,9 de abril de 2021,,15_01_Cartas_Enviadas/RADICADAS/2021/CI004_905521_070301_CON_INFO-AUDI_PEAJE_Mar-21.pdf
1653,2,CONSORCIO 4C,CI.004/GP8940/21/7.2.2,,,1 de marzo de 2021,,15_01_Cartas_Enviadas/RADICADAS/2021/CI004_894021_070202_PWC_AUDITOR_PWD_PATRIM-AUTONOM-31 DE DICIEMBRE 2020.pdf
1654,4,CONSORCIO 4C,CI.004/GP9331/21/7.4.4,,,1 de Agosto de 2021,,15_01_Cartas_Enviadas/RADICADAS/2021/CI004_933121_070404_ANI_RESOL_EXPRO_ALMA-5-0107.pdf
1655,3,CONSORCIO 4C,CI.004/GP9702/21/7.3.7,,,0 de Diciembre de 2021,,15_01_Cartas_Enviadas/RADICADAS/2021/CI004_970221_070307_ANI_ACCIDENTE_UF2_PR0+220_17.DIC.2021.pdf
1656,3,CONSORCIO 4C,CI.004/GP9558/21/7.4.1,,,1 de noviembre de 2021,,15_01_Cartas_Enviadas/RADICADAS/2021/CI004_955821_070401_CON_OBS_INFOGP_SEP2021.pdf
1658,4,CONSORCIO 4C,CI.004/GP8950/21/7.4.1,,,2 de marzo de 2021,,15_01_Cartas_Enviadas/RADICADAS/2021/CI004_895021_070401_CON_OLYMPUS_NIIF_0260-0296.pdf
1657,2,CONSORCIO 4C,CI.004/GP9252/21/9.2,,,9 de Julio de 2021,,15_01_Cartas_Enviadas/RADICADAS/2021/CI004_925221_090200_ANI_INFORME_MENSUAL_JUN_2021.pdf
1659,4,CONSORCIO 4C,CI.004/GP9070/21/7.4.4,,,8 de Abril de 2021,,15_01_Cartas_Enviadas/RADICADAS/2021/CI004_907021_070404_ANI_RESOL_EXPRO_ALMA-5-0251-1.pdf
1660,3,CONSORCIO 4C,CI.004/GP9559/21/7.2.1,,,2 de Noviembre de 2021,,15_01_Cartas_Enviadas/RADICADAS/2021/CI004_955921_070201_ANI_FONDEO_SUBCUENTAS_SOPORTE_AMIGABLE.pdf
1661,2,CONSORCIO 4C,CI.004/GP9654/21/7.2.2,,,4 de Diciembre de 2021,,15_01_Cartas_Enviadas/RADICADAS/2021/CI004_965421_070202_ANI_F-007_REC_PUB_NOV-2021.pdf
1662,4,CONSORCIO 4C,CI.004/GP9137/21/7.4.6,,,4 de mayo de 2021,,15_01_Cartas_Enviadas/RADICADAS/2021/CI004_913721_070406_CON_OBS_AVALUOS9_4UF3.pdf
1663,3,CONSORCIO 4C,CI.004/GP9645/21/7.4.1,,,0 de diciembre de 2021,,15_01_Cartas_Enviadas/RADICADAS/2021/CI004_964521_070401_CON_REQUERIMIENTO_MAYORES_VALORES.pdf
1664,4,CONSORCIO 4C,CI.004/GP9007/21/5.3,,,1 de Marzo de 2021,,15_01_Cartas_Enviadas/RADICADAS/2021/CI004_900721_050300_ANI_CIERRE_PCURA_GASTOS-NOT.pdf
1665,5,CONSORCIO 4C,CI.004/GP9073/21/5.3-7.3.3,,,7 de abril de 2021,,15_01_Cartas_Enviadas/RADICADAS/2021/CI004_907321_070303_CON_RTA.REQFORMAL_UF4.pdf
1666,9,CONSORCIO 4C,CI.004/GP9164/21/5.3,,,8 de Junio de 2021,,15_01_Cartas_Enviadas/RADICADAS/2021/CI004_916421_050300_ANI_REV_INFO_NPH_INVIAS.pdf
1667,3,CONSORCIO 4C,GP-9135,,,4 de Mayo de 2021,,15_01_Cartas_Enviadas/RADICADAS/2021/CI004_913521_070401_CON_REV_FICHA_PREDIOS_2-0158_4-0062_5-0255_.pdf
1669,2,CONSORCIO 4C,CI.004/GP9628/21/9.3,,,7 de Diciembre de 2021,,15_01_Cartas_Enviadas/RADICADAS/2021/CI004_962821_090300_ANI_INFORMACIÓN_RIESGOS.pdf
1670,3,CONSORCIO 4C,CI.004/GP8795/21/7.2.10,,,8 de Enero de 2021,,15_01_Cartas_Enviadas/RADICADAS/2021/CI004_879521_070210_ANI_ACTAS_RETRIBUCION_OCT2020_SEP2020.pdf
1668,14,CONSORCIO 4C,CI.004/GP9098/21/7.3.3,,,0 de mayo de 2021,,15_01_Cartas_Enviadas/RADICADAS/2021/CI004_909821_070303_CON_INDICES_ABRIL_2021.pdf
1671,10,CONSORCIO 4C,CI.004/GP9676/21/7.1.7,,,1 de diciembre de 2021,,15_01_Cartas_Enviadas/RADICADAS/2021/CI004_967621_070107_CON_REVISI_TRATAMIENTO_CORRECTIVO_E16_UF3_V2.pdf
1672,2,CONSORCIO 4C,CI.004/GP9436/21/7.2.2,,,6 de Septiembre de 2021,,15_01_Cartas_Enviadas/RADICADAS/2021/CI004_943621_070202_ANI_F-001_MTTO_AGO-2021.pdf
1673,6,CONSORCIO 4C,CI.004/GP8891/21/7.1.8,,,0 de febrero de 2021,,15_01_Cartas_Enviadas/RADICADAS/2021/CI004_889121_070108_CON_ASP_IMP_AMB_O&M.pdf
1674,7,CONSORCIO 4C,CI.004/GP9638/21/7.2.8,,,9 de Diciembre de 2021,,15_01_Cartas_Enviadas/RADICADAS/2021/CI004_963821_070208_ANI_MENOR_INGRESO_RECAUDO_BRISAS.pdf
1675,4,CONSORCIO 4C,CI.004/GP9447/21/7.4.4,,,0 de Septiembre de 2021,,15_01_Cartas_Enviadas/RADICADAS/2021/CI004_944721_070404_ANI_RESOL_EXPRO_ALMA-3-0073.pdf
1676,5,CONSORCIO 4C,CI.004/GP9601/21/7.4.6,,,4 de noviembre de 2021,,15_01_Cartas_Enviadas/RADICADAS/2021/CI004_960121_070406_CON_OBS_AVALUO_ALMA-3-0073.pdf
1677,7,CONSORCIO 4C,CI.004/GP9429/21/5.3,,,6 de Septiembre de 2021,,15_01_Cartas_Enviadas/RADICADAS/2021/CI004_942921_050300_ANI_CONT_MIN_HACIEN_2021-I.pdf
1678,4,CONSORCIO 4C,CI.004/GP8897/21/7.4.4,,,1 de Febrero de 2021,,15_01_Cartas_Enviadas/RADICADAS/2021/CI004_889721_070404_ANI_RESOL_EXPRO_ALMA-5-0069.pdf
1679,13,CONSORCIO 4C,CI.004/GP9336/21/5.3,,,2 de Agosto de 2021,,15_01_Cartas_Enviadas/RADICADAS/2021/CI004_933621_050300_ANI_ACTIVA_AMIGABLE_TRAMOS_O&M_UF5.pdf
1680,2,CONSORCIO 4C,CI.004/GP8840/21/7.2.2,,,5 de Enero de 2021,,15_01_Cartas_Enviadas/RADICADAS/2021/CI004_884021_070200_ANI_REMISION_FORMATO_GCSP-F-009_RECAUDOPEAJES_DIC-20.pdf
1682,3,CONSORCIO 4C,CI.004/GP9620/21/7.4.1,,,1 de diciembre de 2021,,15_01_Cartas_Enviadas/RADICADAS/2021/CI004_962021_070401_ANI_DERECHO_PETICION_PUERTA-ORO.pdf
1681,3,CONSORCIO 4C,CI.004/GP9640/21/7.4.1,,,9 de diciembre de 2021,,15_01_Cartas_Enviadas/RADICADAS/2021/CI004_964021_070401_CON_OBS_INFOGP_OCT2021.pdf
1683,3,CONSORCIO 4C,GP-8828,,,0 de enero de 2021,,15_01_Cartas_Enviadas/RADICADAS/2021/CI004_882821_070401_CON_EXP_FINAL_ALMA-2020-3035-.pdf
1684,4,CONSORCIO 4C,CI.004/GP9428/21/7.1.15,CONCESIÓN ALTO MAGDALENA S.A.S.,,15/09/2021,Ref. Contrato de Concesión 003 de 2014 Concesión Honda - Puerto Salgar - Girardot Estado entrega de paz y salvos y cierre de convenios con operadores de redes públicas.,15_01_Cartas_Enviadas/RADICADAS/2021/CI004_942821_070115_CON_CIERRE_CONVENIOS_REDES.pdf
1685,3,CONSORCIO 4C,CI.004/GP9332/21/7.2.10,AGENCIA NACIONAL DE INFRAESTRUCTURA - ANI,20214090874782,11/08/2021,"Ref. Contrato de Concesión 003 de 2014 Concesión Honda - Puerto Salgar - Girardot Actas de Retribución UF1, UF3 y UF4, para el mes de mayo de 2021. Alcance a la Comunicación CI.004/GP9322/21/7.2.10",15_01_Cartas_Enviadas/RADICADAS/2021/CI004_933221_070210_ANI_ACTAS_RETRIBUCIÓN_UF134_MAY2021_ALCAN.pdf
1686,6,CONSORCIO 4C,CI.004/GP9183/21/7.1.3,CONCESIÓN ALTO MAGDALENA S.A.S.,,15/06/2021,Ref. Contrato de Concesión 003 de 2014 Concesión Honda – Girardot – Puerto Salgar. Reiteración Protección Taludes PR38 Unidad Funcional 3,15_01_Cartas_Enviadas/RADICADAS/2021/CI004_918321_070103_CON_REITERA_PROTEC_TALUD_K38-UF3.pdf
1688,3,CONSORCIO 4C,CI.004/GP9500/21/7.3.1.,CONCESIÓN ALTO MAGDALENA S.A.S.,,12/10/2021,Ref. Contrato de Concesión 003 de 2014 Concesión Honda - Puerto Salgar - Girardot Informe Auditoria Peajes Septiembre 2021,15_01_Cartas_Enviadas/RADICADAS/2021/CI004_950021_070301_CON_INFO-AUDI_PEAJE_Sept.-21.pdf
1689,9,CONSORCIO 4C,CI.004/GP8961/21/7.3.3,CONCESIÓN ALTO MAGDALENA S.A.S.,,10/03/2021,Ref. Contrato de Concesión 003 de 2014 Concesión Honda - Puerto Salgar - Girardot Resultado Medición Niveles de Servicio – febrero de 2021 – Índices de Cumplimiento.,15_01_Cartas_Enviadas/RADICADAS/2021/CI004_896121_070303_CON_INDICES_FEBRERO_2021.pdf
1690,2,CONSORCIO 4C,CI.004/GP9422/21/1.4,AGENCIA NACIONAL DE INFRAESTRUCTURA - ANI,,10/09/2021,Ref. Contrato de Concesión 003 de 2014 Concesión Honda - Puerto Salgar - Girardot. Remisión Prorroga Contrato de Interventoría,15_01_Cartas_Enviadas/RADICADAS/2021/CI004_942221_010400_ANI_SOLICITUD_PRORROGA_OTRO SI_6.pdf
1687,7,CONSORCIO 4C,CI.004/GP9105/21/7.4.1,AGENCIA NACIONAL DE INFRAESTRUCTURA - ANI,,13/05/2021,"Ref. Contrato de Concesión 003 de 2014 Concesión Honda – Girardot – Puerto Salgar Expediente Final (digital) ALMA-1-0012 para Revisión ANI, UF2.",15_01_Cartas_Enviadas/RADICADAS/2021/CI004_910521_070401_ANI_EXP_FINALES_ALMA-1-0012.pdf
1691,7,CONSORCIO 4C,CI.004/GP9573/21/7.4.1,CONCESIÓN ALTO MAGDALENA S.A.S.,,11/11/2021,Ref. Contrato de Concesión 003 de 2014 Concesión Honda - Puerto Salgar - Girardot Reiteración Requerimiento Actualización Pagos en Sábana Predial,15_01_Cartas_Enviadas/RADICADAS/2021/CI004_957321_070401_CON_REQUER_PAGOS_SABANA_PREDIAL_NOV2021.pdf
1692,5,CONSORCIO 4C,CI.004/GP9323/21/7.1.8,CONCESIÓN ALTO MAGDALENA S.A.S,,05/08/2021,Ref. Contrato de Concesión 003 de 2014 Concesión Honda - Puerto Salgar - Girardot. Observaciones Informe de Cumplimiento Ambiental “ICA 7” / Respuesta ALMA-2021-1066,15_01_Cartas_Enviadas/RADICADAS/2021/CI004_932321_070108_CON_OBS_ICA_N°7_UF5.3.pdf
1693,5,CONSORCIO 4C,CI.004/GP9677/21/7.1.8,CONCESIÓN ALTO MAGDALENA S.A.S.,,21/12/2021,Ref. Contrato de Concesión 003 de 2014 Concesión Honda - Puerto Salgar - Girardot Aspectos e Impactos Ambientales / Operación y Mantenimiento,15_01_Cartas_Enviadas/RADICADAS/2021/CI004_967721_070108_CON_RESP_ALMA-2021-1856_ASPECT_IMPACT_AMBIEN.pdf
1694,2,CONSORCIO 4C,CI.004/GP8900/21/7.3.7,AGENCIA NACIONAL DE INFRAESTRUCTURA - ANI,,11/02/2021,"Ref. Contrato de Concesión 003 de 2014 Concesión Honda – Girardot – Puerto Salgar Informe de accidente con víctimas fatales PR15+670 Unidad Funcional 5, Ruta Nacional 4510.",15_01_Cartas_Enviadas/RADICADAS/2021/CI004_890021_070307_ANI_ACCIDENT_FATAL_PR15+670_UF5.pdf
1695,2,CONSORCIO 4C,CI.004/GP9352/21/7.2.2,AGENCIA NACIONAL DE INFRAESTRUCTURA – ANI,,18/08/2021,Ref. Contrato de Concesión 003 de 2014 Concesión Honda – Girardot – Puerto Salgar. Formato GCSP-F-208 Informe Ingresos Por Explotación Comercial – enero - junio de 2021,15_01_Cartas_Enviadas/RADICADAS/2021/CI004_935221_070202_ANI_F-208_EXPLOTA_COMERCIAL_ENE-JUN_2021.pdf
1696,4,CONSORCIO 4C,CI.004/GP9390/21/7.4.4,CONCESIÓN ALTO MAGDALENA S.A.S.,,30/08/2021,Ref. Contrato de Concesión 003 de 2014 Concesión Honda - Puerto Salgar - Girardot Observaciones Resolución de Expropiación Predio ALMA-5-0255 (UF5),15_01_Cartas_Enviadas/RADICADAS/2021/CI004_939021_070404_CON_OBS_RES_EXPR_ALMA-5-0255.pdf
1698,3,CONSORCIO 4C,CI.004/GP9253/21/7.3,CONCESIÓN ALTO MAGDALENA S.A.S.,,09/07/2021,"Ref. Contrato de Concesión 003 de 2014 Concesión Honda – Girardot – Puerto Salgar Entrega certificados de calibración equipos medición de Indicadores E1, E2, E4, E5, E12 y E16 segundo semestre de 2021.",15_01_Cartas_Enviadas/RADICADAS/2021/CI004_925321_070303_CON_CERTIFICADOS_A.RENDIEMITO_2021#2.pdf
1697,3,CONSORCIO 4C,CI.004/GP8804/21/5.3-7.2.7,AGENCIA NACIONAL DE INFRAESTRUCTURA – ANI,,13/01/2021,Ref. Contrato de Interventoría 145 de 2014 Proyecto Girardot – Honda – Puerto Salgar Estructura Tarifaria Año 2021 Peajes Cambao-Guataqui-Las Brisas.,15_01_Cartas_Enviadas/RADICADAS/2021/CI004_880421_050300_070207_ANI_TARIFAS_PEAJES_2021.pdf
1700,2,CONSORCIO 4C,CI.004/GP9251/21/9.2,AGENCIA NACIONAL DE INFRAESTRUCTURA - ANI,,09/07/2021,Ref. Contrato de Concesión 003 de 2014 Concesión Honda – Girardot – Puerto Salgar. Informe Socioambiental 68 Versión 00,15_01_Cartas_Enviadas/RADICADAS/2021/CI004_925121_090200_ANI_INF_SOCIOAMB_JUN_2021.pdf
1699,5,CONSORCIO 4C,CI.004/GP9440/21/7.4.1,AGENCIA NACIONAL DE INFRAESTRUCTURA - ANI,2021-305-028237-1,16/09/2021,Ref. Contrato de Concesión 003 de 2014 Concesión Honda - Puerto Salgar - Girardot Aporte Respuesta a Derecho de Petición José Ignacio Barragán. Predio ALMA-5-0193.,15_01_Cartas_Enviadas/RADICADAS/2021/CI004_944021_070401_ANI_DERECHO_PETICION_ALMA-5-0193.pdf
1701,10,CONSORCIO 4C,CI.004/GP9184/21/7.2.8,AGENCIA NACIONAL DE INFRAESTRUCTURA - ANI,,15/06/2021,Ref. Contrato de Concesión 003 de 2014 Concesión Honda – Girardot – Puerto Salgar. Proyección Estimada DR8. Corte a mayo/2021.,15_01_Cartas_Enviadas/RADICADAS/2021/CI004_918421_070208_ANI_PROYECCION_DR8_V11.pdf
1702,4,CONSORCIO 4C,CI.004/GP9299/21/7.3.3,CONCESIÓN ALTO MAGDALENA S.A.S.,,28/07/2021,Ref. Contrato de Concesión 003 de 2014 Concesión Honda - Puerto Salgar – Girardot Plan de mediciones - Niveles de Servicio agosto de 2021.,15_01_Cartas_Enviadas/RADICADAS/2021/CI004_929921_070303_CON_MEDICIÓN_INDICADORES_08_2021.pdf
1704,3,CONSORCIO 4C,CI.004/GP8872/21/7.1.9-7.4.1,CONCESIÓN ALTO MAGDALENA S.A.S.,,02/02/2021,Ref. Contrato de Concesión 003 de 2014 Concesión Honda - Puerto Salgar - Girardot Requerimiento Informe Periódico ALMA-4-0030.,15_01_Cartas_Enviadas/RADICADAS/2021/CI004_887221_070109_070401_CON_REQUERIMIENTO_INFORME_ALMA-4-0030.pdf
1703,5,CONSORCIO 4C,CI.004/GP9071/21/7.4.6,CONCESIÓN ALTO MAGDALENA S.A.S,,27/04/2021,"Ref. Contrato de Concesión 003 de 2014 Concesión Honda – Girardot – Puerto Salgar. Revisión de Avalúos Otrosí No. 9. Predios ALMA-3-0004, ALMA-3-0020-2, ALMA-3-0020-3, ALMA-3-0020-15 y ALMA-3-0020-16, UF3.",15_01_Cartas_Enviadas/RADICADAS/2021/CI004_907121_070406_CON_OBS_AVALUO9_5-UF3.pdf
1705,4,CONSORCIO 4C,CI.004/GP9324/21/7.4.6,CONCESIÓN ALTO MAGDALENA S.A.S,,05/08/2021,Ref. Contrato de Concesión 003 de 2014 Concesión Honda - Puerto Salgar - Girardot. Revisión de 5 Avalúos Otrosí No. 9 de la UF5,15_01_Cartas_Enviadas/RADICADAS/2021/CI004_932421_070406_CON_OBSER_AVALUOS9_5UF5_.pdf
1706,4,CONSORCIO 4C,CI.004/GP9272/21/7.4.1,AGENCIA NACIONAL DE INFRAESTRUCTURA - ANI,,19/07/2021,Ref. Contrato de Concesión 003 de 2014 Concesión Honda - Puerto Salgar - Girardot Aporte Respuesta a Derecho de Petición ALMA-5-0105.,15_01_Cartas_Enviadas/RADICADAS/2021/CI004_927221_070401_ANI_DER_PETICION_ALMA-5-0105.pdf
1710,4,CONSORCIO 4C,CI.004/GP9197/21/5.3,,,8 de Junio de 2021,,15_01_Cartas_Enviadas/RADICADAS/2021/CI004_919721_050300_ANI_CONCEPTO_CORTIJO_LADORADA.pdf
1711,2,CONSORCIO 4C,CI.004/9283/21/2.2,,,2 de Julio de 2021,,15_01_Cartas_Enviadas/RADICADAS/2021/CI004_928321_020200_ANI_REEMPLAZO_ASISTENTE_ADMON.pdf
1708,3,CONSORCIO 4C,CI.004/GP9102/21/9.2,SUPERINTENDENCIA DE PUERTOS Y TRANSPORTE,,13/05/2021,"Ref. Contrato de Concesión 003 de 2014 Concesión Honda - Puerto Salgar - Girardot Informe Mensual Técnico 78 y Socio ambiental 66 Versión 00, correspondientes a Abril de 2021.",15_01_Cartas_Enviadas/RADICADAS/2021/CI004_910221_090200_SUP_SUPER_TRANSP_ABRIL_2021.pdf
1712,4,CONSORCIO 4C,GP-9466,,,8 de Septiembre de 2021,,15_01_Cartas_Enviadas/RADICADAS/2021/CI004_946621_050300_070401_CON_SOLICITUD_INFO_3EER-PREDIALES.pdf
1713,6,CONSORCIO 4C,CI.004/GP8864/21/7.4.4,,,9 de enero de 2021,,15_01_Cartas_Enviadas/RADICADAS/2021/CI004_886421_070404_CON_OBS_RES_EXPR_ALMA-3-0073.pdf
1707,6,CONSORCIO 4C,CI.004/GP8820/21/7.1.8,CONCESIÓN ALTO MAGDALENA S.A.S,,18/01/2021,Ref. Contrato de Concesión 003 de 2014 Concesión Honda – Girardot – Puerto Salgar. Diagnóstico de la Gestión Ambiental UF2,15_01_Cartas_Enviadas/RADICADAS/2021/CI004_882021_070108_CON_DIAGN_GEST_AMB_UF2.pdf
1714,8,CONSORCIO 4C,CI.004/GP8975/21/5.3,,,6 de Marzo de 2021,,15_01_Cartas_Enviadas/RADICADAS/2021/CI004_897521_050300_ANI_ACLARACION_ACUERDO2_ANI_CCI.pdf
1715,4,CONSORCIO 4C,CI.004/GP9678/21/7.1.9,,,1 de diciembre de 2021,,15_01_Cartas_Enviadas/RADICADAS/2021/CI004_967821_070109_CON_MEDICION_PROGRAMAS_SOCIALES_SEM_II_2021.pdf
1716,2,CONSORCIO 4C,CI.004/GP9629/21/7.1.14,,,7 de Diciembre de 2021,,15_01_Cartas_Enviadas/RADICADAS/2021/CI004_962921_050300_070114_ANI_PERMISO_OCUPA_CORTIJO_LADORADA_#4.pdf
1717,7,CONSORCIO 4C,CI.004/GP9417/21/7.4.1,,,0 de septiembre de 2021,,15_01_Cartas_Enviadas/RADICADAS/2021/CI004_941721_070401_CON_CORREC_INDICE_PREDIAL_MAR-JUL2021.pdf
1718,4,CONSORCIO 4C,CI.004/GP9347/21/7.4.4,,,7 de agosto de 2021,,15_01_Cartas_Enviadas/RADICADAS/2021/CI004_934721_070404_CON_OBS_RES_EXPR_ALMA-2-0158_ALMA-3-0073.pdf
1719,3,CONSORCIO 4C,CI.004/GP9365/21/7.2.1,,,3 de agosto de 2021,,15_01_Cartas_Enviadas/RADICADAS/2021/CI004_936521_070201_CON_TRASLAD_RENDI_SUBCUEN_OBRASMENORES.pdf
1720,3,CONSORCIO 4C,GP-8907,,,6 de Febrero de 2021,,15_01_Cartas_Enviadas/RADICADAS/2021/CI004_890721_070402_CON_FICHAS_SOCIALES-ALMA_2021_0187_0188.pdf
1721,3,CONSORCIO 4C,CI.004/GP9231/21/7.4.1,,,0 de junio de 2021,,15_01_Cartas_Enviadas/RADICADAS/2021/CI004_923121_070401_CON_OBS_INFOGP_MAY2021.pdf
1722,10,CONSORCIO 4C,CI.004/GP8921/21/7.2.8,,,2 de Febrero de 2021,,15_01_Cartas_Enviadas/RADICADAS/2021/CI004_892121_070208_ANI_PROYECCION_DR8_V9.pdf
1723,4,CONSORCIO 4C,CI.004/GP8906/21/7.4.6,,,2 de febrero de 2021,,15_01_Cartas_Enviadas/RADICADAS/2021/CI004_890621_070406_CON_REQUERI_AVALUOS_OTROSÍ9.pdf
1724,5,CONSORCIO 4C,CI.004/GP9002/21/5.3,,,5 de Marzo de 2021,,15_01_Cartas_Enviadas/RADICADAS/2021/CI004_900221_050300_ANI_ACLARACION_ACUERDO2_ANI_CCI.pdf
1725,11,CONSORCIO 4C,CI.004/GP9110/21/9.3,,,4 de mayo de 2021,,15_01_Cartas_Enviadas/RADICADAS/2021/CI004_911021_090300_CON_PLANOS_RECORD_PROYECTO V6.pdf
1726,9,CONSORCIO 4C,CI.004/GP9426/21/7.1.9,,,4 de Septiembre de 2021,,15_01_Cartas_Enviadas/RADICADAS/2021/CI004_942621_070109_ANI_TUTELA_GUATAQUI_PR38.pdf
1709,2,CONSORCIO 4C,CI.004/GP9437/21/7.2.2,AGENCIA NACIONAL DE INFRAESTRUCTURA - ANI,,15/09/2021,Ref. Contrato de Concesión 003 de 2014 Concesión Honda - Puerto Salgar - Girardot Remisión Formato GCSP-F-007 Informe de Ejecución de Recursos Públicos – Agosto 2021.,15_01_Cartas_Enviadas/RADICADAS/2021/CI004_943721_070202_ANI_F-007_REC_PUB_AGO-2021.pdf
1727,3,CONSORCIO 4C,CI.004/GP9275/21/7.3,,,9 de julio de 2021,,15_01_Cartas_Enviadas/RADICADAS/2021/CI004_927521_070303_CON_REITERACIÓN_HALLAZGOS_SUPERTRANSPORTE.pdf
1728,2,CONSORCIO 4C,CI.004/GP9530/21/7.2.2,,,2 de Octubre de 2021,,15_01_Cartas_Enviadas/RADICADAS/2021/CI004_953021_070202_ANI_F-007_REC_PUB_SEP-2021.pdf
1729,5,CONSORCIO 4C,CI.004/GP9096/21/7.4.6,,,0 de mayo de 2021,,15_01_Cartas_Enviadas/RADICADAS/2021/CI004_909621_070406_CON_OBS_AVALUOS9_5UF3.pdf
1730,2,CONSORCIO 4C,CI.004/GP9285/21/7.2.2,,,6 de Julio de 2021,,15_01_Cartas_Enviadas/RADICADAS/2021/CI004_928521_070202_ANI_F-009_RECAUD_PEAJES_JUN-2021.pdf
1731,7,CONSORCIO 4C,CI.004/GP9297/21/7.2.2,,,8 de Julio de 2021,,15_01_Cartas_Enviadas/RADICADAS/2021/CI004_929721_070202_CON_REQUERI_SUBCUENTA_PREDIOS.pdf
1732,6,CONSORCIO 4C,CI.004/GP9670/21/7.1.11,,,7 de diciembre de 2021,,15_01_Cartas_Enviadas/RADICADAS/2021/CI004_967021_070111_CON_REQUERIMIEN_SEÑALIZACIÓN_UF3_PR66+820.pdf
1733,2,CONSORCIO 4C,GP-9218,,,8 de Junio de 2021,,15_01_Cartas_Enviadas/RADICADAS/2021/CI004_921821_070401_CON_DEVOLUCION_EXPEDIENTES_FINALES.pdf
1734,12,CONSORCIO 4C,CI.004/GP8827/21/7.4.1,,,0 de enero de 2021,,15_01_Cartas_Enviadas/RADICADAS/2021/CI004_882721_070401_CON_SEGUIMIENTO_INFORMES_OLYMPUS.pdf
1735,2,CONSORCIO 4C,CI.004/GP8914/21/7.2.2,,,8 de Febrero de 2021,,15_01_Cartas_Enviadas/RADICADAS/2021/CI004_891421_070202_ANI_F-207_REND_SUBC_ENE2020.pdf
1736,4,CONSORCIO 4C,GP-8977,,,7 de Marzo de 2021,,15_01_Cartas_Enviadas/RADICADAS/2021/CI004_897721_050300-070115_ANI_FE_ERRATAS_CUENTA_COBRO4_REDES.pdf
1737,2,CONSORCIO 4C,GP-8942,,,,,15_01_Cartas_Enviadas/RADICADAS/2021/CI004_894221_070210_ANI_ACTAS_RETRIBUCION_ENE2021_F.pdf
1738,3,CONSORCIO 4C,CI.004/GP9339/21/7.4.1,,,7 de agosto de 2021,,15_01_Cartas_Enviadas/RADICADAS/2021/CI004_933921_070401_CON_REQUERIMIENTO_AVALUO_ALMA-5-0106.pdf
1739,3,CONSORCIO 4C,GP-9492,,,6 de Octubre de 2021,,15_01_Cartas_Enviadas/RADICADAS/2021/CI004_949221_070401_CON_EXP_FINAL_ALMA-2021-1333.pdf
1740,4,CONSORCIO 4C,CI.004/GP9362/21/7.1.8,,,9 de agosto de 2021,,15_01_Cartas_Enviadas/RADICADAS/2021/CI004_936221_070108_CON_REQUERIMI_RTA_AUTO_10765.pdf
1741,5,CONSORCIO 4C,CI.004/GP9611/21/7.2.10,,,6 de Noviembre de 2021,,15_01_Cartas_Enviadas/RADICADAS/2021/CI004_961121_070210_ANI_ACTAS_RETRIBUCIÓN_UF2_MAR-AGO2021.pdf
1742,7,CONSORCIO 4C,CI.004/GP9464/21/5.3,,,8 de Septiembre de 2021,,15_01_Cartas_Enviadas/RADICADAS/2021/CI004_946421_050300_ANI_NO_OBJ_PLAZO_CURA_INF_TRIM_25.pdf
1743,6,CONSORCIO 4C,CI.004/GP9225/21/5.3,,,9 de Junio de 2021,,15_01_Cartas_Enviadas/RADICADAS/2021/CI004_922521_050300_ANI_NO-OBJECION_PCURA_MANEJO_SUBC_REDES.pdf
1744,3,CONSORCIO 4C,CI.004/GP9267/21/7.2.1,,,5 de Julio de 2021,,15_01_Cartas_Enviadas/RADICADAS/2021/CI004_926721_070201_ANI_DEVOLUC_GMF_SUBCU_OPEX.pdf
1745,3,CONSORCIO 4C,CI.004/GP9290/21/7.4.2,,,7 de julio de 2021,,15_01_Cartas_Enviadas/RADICADAS/2021/CI004_929021_070109_CON_INFORME_PRSA_2020.pdf
1746,3,CONSORCIO 4C,CI.004/GP9496/21/5.3,,,7 de Octubre de 2021,,15_01_Cartas_Enviadas/RADICADAS/2021/CI004_949621_050300_ANI POLIZA TODO RESP.CIVIL.pdf
1747,4,CONSORCIO 4C,CI.004/GP9179/21/7.1.9,,,1 de junio de 2021,,15_01_Cartas_Enviadas/RADICADAS/2021/CI004_917921_070109_JBEDOYA_PETICION.pdf
1748,2,CONSORCIO 4C,CI.004/GP9351/21/7.2.2,,,8 de Agosto de 2021,,15_01_Cartas_Enviadas/RADICADAS/2021/CI004_935121_070202_ANI_F-207_REND_SUBC_JUL-2021.pdf
1749,11,CONSORCIO 4C,GP-9529,,,1 de octubre de 2021,,15_01_Cartas_Enviadas/RADICADAS/2021/CI004_952921_070115_CON_OBSERVA_ACTA 17_REDES.pdf
1751,4,CONSORCIO 4C,CI.004/GP8880/21/7.4.6,,,5 de febrero de 2021,,15_01_Cartas_Enviadas/RADICADAS/2021/CI004_888021_070406_CON_OBS_AVAL9_ALMA-3-0005-0015.pdf
1752,4,CONSORCIO 4C,CI.004/GP9258/21/5.3-7.4.1,,,3 de Julio de 2021,,15_01_Cartas_Enviadas/RADICADAS/2021/CI004_925821_050300_070401_ANI_CIERRE_CURA_EXPEDIENTES_PREDIALES.pdf
1750,4,CONSORCIO 4C,CI.004/GP9018/21/7.4.1,,,7 de abril de 2021,,15_01_Cartas_Enviadas/RADICADAS/2021/CI004_901821_070401_CON_SEG_CRONO_FINALES.pdf
1753,11,CONSORCIO 4C,CI.004/GP8913/21/5.3-7.3.3,,,7 de febrero de 2021,,15_01_Cartas_Enviadas/RADICADAS/2021/CI004_891320_050300-070303_CON_REQUER_INDICADORES_UF4.pdf
1754,4,CONSORCIO 4C,CI.004/GP9185/21/7.4.6,,,5 de junio de 2021,,15_01_Cartas_Enviadas/RADICADAS/2021/CI004_918521_070406_CON_OBS_AVALUOS9_UF3.pdf
1755,4,CONSORCIO 4C,CI.004/GP9576/21/7.1.9,,,1 de noviembre de 2021,,15_01_Cartas_Enviadas/RADICADAS/2021/CI004_957621_070109_CON_ATENCION_USUARIO_PQRS_UF1.pdf
1756,3,CONSORCIO 4C,CI.004/GP9622/21/7.1.8,,,2 de diciembre de 2021,,15_01_Cartas_Enviadas/RADICADAS/2021/CI004_962221_070108_CON_INF_TRIM_AMB_27_V01.pdf
1757,5,CONSORCIO 4C,CI.004/GP9083/21/7.4.6,,,9 de abril de 2021,,15_01_Cartas_Enviadas/RADICADAS/2021/CI004_908321_070406_CON_OBS_AVALUO9_4-UF-3.pdf
1758,2,CONSORCIO 4C,CI.004/GP9076/21/7.2.2,,,9 de Abril de 2021,,15_01_Cartas_Enviadas/RADICADAS/2021/CI004_907621_070202_ANI_F-009_RECAUD_PEAJES_FEB2021.pdf
1759,20,CONSORCIO 4C,CI.004/GP9338/21/5.3,,,2 de Agosto de 2021,,15_01_Cartas_Enviadas/RADICADAS/2021/CI004_933821_050300_ANI_CONCEPTO_OTROSÍ_POLIZAS.pdf
1760,5,CONSORCIO 4C,CI.004/GP9319/21/7.1.4,,,3 de agosto de 2021,,15_01_Cartas_Enviadas/RADICADAS/2021/CI004_931921_070104_CON_REQUER_E&D_SIT_CRITICO_PR66+820_UF3_ALCANCE.pdf
1761,3,CONSORCIO 4C,CI.004/GP8807/21/7.2.9,,,3 de Enero de 2021,,15_01_Cartas_Enviadas/RADICADAS/2021/CI004_880721_070209_ANI_ACTA_VPIP_OCTUBR_2020.pdf
1762,2,CONSORCIO 4C,CI.004/GP9122/21/7.2.2,,,9 de Mayo de 2021,,15_01_Cartas_Enviadas/RADICADAS/2021/CI004_912221_070202_ANI_F-207_REND_SUBC_ABR-2021.pdf
1763,3,CONSORCIO 4C,CI.004/GP8808/21/7.2.9,,,3 de Enero de 2021,,15_01_Cartas_Enviadas/RADICADAS/2021/CI004_880821_070209_ANI_ACTA_VPIP_NOVIEM_2020.pdf
1764,4,CONSORCIO 4C,CI.004/GP9602/21/7.4.4,,,4 de Noviembre de 2021,,15_01_Cartas_Enviadas/RADICADAS/2021/CI004_960221_070404_ANI_RESOL_EXPRO_ALMA-5-0261.pdf
1765,3,CONSORCIO 4C,CI.004/GP9478/21/5.3,,,4 de Octubre de 2021,,15_01_Cartas_Enviadas/RADICADAS/2021/CI004_947821_050300_ANI_ACUERDO2_TRAFICO_COVID19.pdf
1766,6,CONSORCIO 4C,CI.004/GP9236/21/7.3.1,,,6 de julio de 2021,,15_01_Cartas_Enviadas/RADICADAS/2021/CI004_923621_070301_CON_OBS_INF_CONCES_JCH.pdf
1767,3,CONSORCIO 4C,CI.004/GP8948/21/7.2.9,,,2 de Marzo de 2021,,15_01_Cartas_Enviadas/RADICADAS/2021/CI004_894821_070209_ANI_ACTA_VPIP_ENER_2021.pdf
1768,4,CONSORCIO 4C,CI.004/GP9075/21/7.4.4,,,9 de Abril de 2021,,15_01_Cartas_Enviadas/RADICADAS/2021/CI004_907521_070404_ANI_RESOL_EXPRO_ALMA-2-0159.pdf
1769,4,CONSORCIO 4C,CI.004/GP9373/21/7.1.8,,,4 de agosto de 2021,,15_01_Cartas_Enviadas/RADICADAS/2021/CI004_937321_070108_CON_REIT_OBS_ICA_15_UF4.1.pdf
1770,3,CONSORCIO 4C,CI.004/GP8841/21/5.3,,,5 de enero de 2021,,15_01_Cartas_Enviadas/RADICADAS/2021/CI004_884121_050300_CON_SOLIC_DESAGREGACIÓN NUEVO VLR. POLIZAS TODO RIESGO.pdf
1771,2,CONSORCIO 4C,CI.004/GP8839/21/7.2.2,,,5 de Enero de 2021,,15_01_Cartas_Enviadas/RADICADAS/2021/CI004_883921_070200_ANI_REMISION_FORMATO_GCSP-F-007 INFORME EJEC RECURSOS PUB DIC20.pdf
1772,3,CONSORCIO 4C,CI.004/GP9126/21/7.3.1.,,,9 de mayo de 2021,,15_01_Cartas_Enviadas/RADICADAS/2021/CI004_912621_070301_CON_INFO-AUDI_PEAJE_Abril-21.pdf
1773,5,CONSORCIO 4C,CI.004/GP9449/21/7.5,,,1 de septiembre de 2021,,15_01_Cartas_Enviadas/RADICADAS/2021/CI004_944921_CON_OBSERV_INFOR_GERENCI_JULIO2021_JCH.pdf
1774,2,CONSORCIO 4C,CI.004/GP9658/21/7.2.2,,,6 de Diciembre de 2021,,15_01_Cartas_Enviadas/RADICADAS/2021/CI004_965821_070202_ANI_F-207_REND_SUBC_NOV-2021_ALCAN.pdf
1775,3,CONSORCIO 4C,CI.004/GP8852/21/5.3-7.2.1,,,8 de Enero de 2021,,15_01_Cartas_Enviadas/RADICADAS/2021/CI004_885221_0503-070201_ANI_SUBCU_AMIGABLE.pdf
1776,2,CONSORCIO 4C,CI.004/GP8890/21/9.2,,,0 de Febrero de 2021,,15_01_Cartas_Enviadas/RADICADAS/2021/CI004_889021_090200_ANI_VIDEO_IMI_ENER_2021.pdf
1777,5,CONSORCIO 4C,CI.004/GP9567/21/7.1.8,,,1 de noviembre de 2021,,15_01_Cartas_Enviadas/RADICADAS/2021/CI004_956721_070108_CON_ASPECTOS_IMPACTOS_AMBIENTAL_O&M.pdf
1778,7,CONSORCIO 4C,CI.004/GP9382/21/7.1.9,,,7 de agosto de 2021,,15_01_Cartas_Enviadas/RADICADAS/2021/CI004_938221_070109_CON_REQUE_INVASION_GLORIETA_PURNIO.pdf
1779,2,CONSORCIO 4C,GP-9311,,,4 de Agosto de 2021,,15_01_Cartas_Enviadas/RADICADAS/2021/CI004_931121_070401_CON_DEVOLUCION_3EXPEDIENTES_PREDIALES.pdf
1780,4,CONSORCIO 4C,CI.004/GP9047/21/7.1.15,,,5 de abril de 2021,,15_01_Cartas_Enviadas/RADICADAS/2021/CI004_904721_070115_CON_OBS_ACT_16.pdf
1781,4,CONSORCIO 4C,CI.004/GP9302/21/7.4.6,,,0 de julio de 2021,,15_01_Cartas_Enviadas/RADICADAS/2021/CI004_930221_070406_CON_OBS_AVALUOUF5_ALMA-5-0012-1.pdf
1782,4,CONSORCIO 4C,CI.004/GP9402/21/5.3,,,6 de Septiembre de 2021,,15_01_Cartas_Enviadas/RADICADAS/2021/CI004_940221_050300_ANI_INFORME_PCURA_SICC_TRAMOS_HUERFANOS.pdf
1783,4,CONSORCIO 4C,CI.004/GP9318/21/7.1.9,,,4 de Agosto de 2021,,15_01_Cartas_Enviadas/RADICADAS/2021/CI004_931821_070109_ANI_COMPROMISOS_PTO_BOGOTA.pdf
1784,4,CONSORCIO 4C,CI.004/GP9346/21/7.2.10,,,7 de Agosto de 2021,,15_01_Cartas_Enviadas/RADICADAS/2021/CI004_934621_070210_ANI_ACTAS_RETRIBUCIÓN_UF134_MAY2021.pdf
1785,9,CONSORCIO 4C,CI.004/GP9088/21/5.3,,,4 de Mayo de 2021,,15_01_Cartas_Enviadas/RADICADAS/2021/CI004_908821_050300_ANI_NO_OBJ_PCURA_CAÑO_GRANDE_ALC.pdf
1786,5,CONSORCIO 4C,CI.004/GP9542/21/7.1.8,,,6 de octubre de 2021,,15_01_Cartas_Enviadas/RADICADAS/2021/CI004_954221_070108_CON_RTA_ACTA_158_UF1.pdf
1787,5,CONSORCIO 4C,CI.004/GP8847/21/7.4.1,,,7 de Enero de 2021,,15_01_Cartas_Enviadas/RADICADAS/2021/CI004_884721_070401_ANI_OBLIGACIONES_OTROSI9.pdf
1788,7,CONSORCIO 4C,CI.004/GP8936/21/7.5,,,5 de febrero de 2021,,15_01_Cartas_Enviadas/RADICADAS/2021/CI004_893621_070500_CON_REV_MEMOTECNICA_DIC2020.pdf
1789,24,CONSORCIO 4C,CI.004/GP9093/20/5.3,,,1 de Mayo de 2021,,15_01_Cartas_Enviadas/RADICADAS/2021/CI004_909321_050300_ANI_EER_INDICADORES_NPH_UF5.pdf
1790,6,CONSORCIO 4C,CI.004/GP9276/21/7.3,,,9 de julio de 2021,,15_01_Cartas_Enviadas/RADICADAS/2021/CI004_927621_070303_CON_ELUSIÓN_GUATAQUÍ.pdf
1791,2,CONSORCIO 4C,CI.004/GP8996/21/2.2,,,4 de Marzo de 2021,,15_01_Cartas_Enviadas/RADICADAS/2021/CI004_899621_020200_ANI_REEMPLAZO_TOPOGRAFO.pdf
1792,3,CONSORCIO 4C,CI.004/GP0482/21/2.2,,,5 de Noviembre de 2021,,15_01_Cartas_Enviadas/RADICADAS/2021/CI004_048221_020200_ANI_REEMPLAZO_DIRECTOR.pdf
1793,3,CONSORCIO 4C,GP-9511,,,4 de Octubre de 2021,,15_01_Cartas_Enviadas/RADICADAS/2021/CI004_951121_070401_CON_EXP_FINAL_ALMA-2021-1407.pdf
1794,4,CONSORCIO 4C,GP-9465,,,8 de Septiembre de 2021,,15_01_Cartas_Enviadas/RADICADAS/2021/CI004_946521_070303_CON_INDICES_UF5_2021.pdf
1796,3,CONSORCIO 4C,GP-8877,,,5 de Febrero de 2021,,15_01_Cartas_Enviadas/RADICADAS/2021/CI004_887721_070406_CON_REV_AVALU_UF5.pdf
1795,4,CONSORCIO 4C,CI.004/GP9117/21/7.1.8,,,8 de mayo de 2021,,15_01_Cartas_Enviadas/RADICADAS/2021/CI004_911721_070108_CON_DESC_AUTO_DRAM_0324.pdf
1797,2,CONSORCIO 4C,CI.004/GP9584/21/7.2.2,,,2 de Noviembre de 2021,,15_01_Cartas_Enviadas/RADICADAS/2021/CI004_958421_070202_ANI_F-007_REC_PUB_OCT-2021.pdf
1798,9,CONSORCIO 4C,CI.004/GP9034/21/7.4.1,,,2 de Abril de 2021,,15_01_Cartas_Enviadas/RADICADAS/2021/CI004_903421_070401_ANI_DENUNCIA_INVASOR_ROSAURA.pdf
1799,2,CONSORCIO 4C,GP-8954,,,2 de marzo de 2021,,15_01_Cartas_Enviadas/RADICADAS/2021/CI004_895421_070401_CON_SELLOS_EXPEDIENTE_2021-0298.pdf
1800,3,CONSORCIO 4C,CI.004/GP9679/21/7.1.8,,,2 de diciembre de 2021,,15_01_Cartas_Enviadas/RADICADAS/2021/CI004_967921_070108_CON_INF_TRIM_AMB_28_V01.pdf
1801,6,CONSORCIO 4C,CI.004/GP9256/21/7.5,,,3 de julio de 2021,,15_01_Cartas_Enviadas/RADICADAS/2021/CI004_925621_070500_OBSERV_INFOR_GERENC_ABR2021.pdf
1802,4,CONSORCIO 4C,CI.004/GP9131/21/7.1.15,,,1 de mayo de 2021,,15_01_Cartas_Enviadas/RADICADAS/2021/CI004_913121_070115_CON_OBSERV_ACTA16.pdf
1803,2,CONSORCIO 4C,CI.004/GP9435/21/7.2.2,,,6 de Septiembre de 2021,,15_01_Cartas_Enviadas/RADICADAS/2021/CI004_943521_070202_ANI_F-208_EXPLOTA_COMERCIAL_AGO_2021.pdf
1804,7,CONSORCIO 4C,CI.004/GP9012/21/7.1.8,,,5 de abril de 2021,,15_01_Cartas_Enviadas/RADICADAS/2021/CI004_901221_070108_CON_APU_COMPENSA_AMBIEN.pdf
1805,2,CONSORCIO 4C,CI.004/GP9643/21/9.2,,,0 de Diciembre de 2021,,15_01_Cartas_Enviadas/RADICADAS/2021/CI004_964321_090200_ANI_INFORME_MENSUAL_NOV_2021.pdf
1806,4,CONSORCIO 4C,CI.004/GP9686/21/7.1.9,,,7 de diciembre de 2021,,15_01_Cartas_Enviadas/RADICADAS/2021/CI004_968621_070109_CON_FGUTIERREZ_DER_PETICION.pdf
1807,4,CONSORCIO 4C,CI.004/GP9268/21/7.4.1,,,5 de julio de 2021,,15_01_Cartas_Enviadas/RADICADAS/2021/CI004_926821_070401_CON_2DO_REQUERIM_ACTUALIZA_OLYMPUS.pdf
1808,2,CONSORCIO 4C,CI.004/GP9298/21/5.3,AGENCIA NACIONAL DE INFRAESTRUCTURA - ANI,20214090840152,28/07/2021,Ref. Contrato de Concesión 003 de 2014 Concesión Honda - Puerto Salgar - Girardot Concepto Otrosí Modificación Numeral 3.3.9.2 del Apéndice Técnico 2.,15_01_Cartas_Enviadas/RADICADAS/2021/CI004_929821_050300_ANI_CONCEP_OTROSI_POLCA.pdf
1809,4,CONSORCIO 4C,CI.004/GP9270/21/7.4.4,CONCESIÓN ALTO MAGDALENA S.A.S.,,15/07/2021,Ref. Contrato de Concesión 003 de 2014 Concesión Honda - Puerto Salgar - Girardot Observaciones Resolución de Expropiación Predio ALMA-2-0158 (UF2),15_01_Cartas_Enviadas/RADICADAS/2021/CI004_927021_070404_CON_OBS_RES_EXPR_ALMA-2-0158.pdf
1810,7,CONSORCIO 4C,CI.004/GP8959/21/5.3,CONCESIÓN ALTO MAGDALENA S.A.S.,,09/03/2021,"Ref. Contrato de Concesión 003 de 2014 Concesión Honda - Puerto Salgar - Girardot Otorgamiento Plazo Cura, por el Incumplimiento de la Obligación relacionada con la entrega de información razonablemente requerida por el Interventor. Literal (l) la Sección 9.2 de la Parte General del Contrato Concesión.",15_01_Cartas_Enviadas/RADICADAS/2021/CI004_895921_050300_CON_PCURA_GASTOS_NOTARIA.pdf
1811,3,CONSORCIO 4C,CI.004/GP8918/21/7.1.10,CONCESIÓN ALTO MAGDALENA S.A.S,,19/02/2021,Ref. Contrato de Concesión 003 de 2014 Concesión Honda – Girardot – Puerto Salgar. Soportes Pago Seguridad Social y Salarios,15_01_Cartas_Enviadas/RADICADAS/2021/CI004_891821_070110_CON_SOPOR_SS_SAL.pdf
1813,4,CONSORCIO 4C,CI.004/GP9608/21/7.3.3,CONCESIÓN ALTO MAGDALENA S.A.S.,,25/11/2021,Ref. Contrato de Concesión 003 de 2014 Concesión Honda - Puerto Salgar - Girardot Plan de mediciones - Niveles de Servicio diciembre de 2021.,15_01_Cartas_Enviadas/RADICADAS/2021/CI004_960821_070303_CON_PLAN_MEDICION_INDICADORES_DIC_2021.pdf
1812,12,CONSORCIO 4C,CI.004/GP8923/21/5.3,AGENCIA NACIONAL DE INFRAESTRUCTURA - ANI,,22/02/2021,Ref. Contrato de Concesión 003 de 2014 Concesión Honda - Puerto Salgar - Girardot Solicitud de solución de controversia.,15_01_Cartas_Enviadas/RADICADAS/2021/CI004_892321_050300_ANI_CONTROVER_TRAMOS_VIALES.pdf
1815,3,CONSORCIO 4C,CI.004/GP9168/21/7.1.10,CONCESIÓN ALTO MAGDALENA S.A.S.,,09/06/2021,Ref. Contrato de Concesión 003 de 2014 Concesión Honda - Puerto Salgar - Girardot. Actualización Protocolo de Bioseguridad Concesión Alto Magdalena S.A.S,15_01_Cartas_Enviadas/RADICADAS/2021/CI004_916821_070110_CON_ACT_PROT_BIOS_ALMA.pdf
1814,3,CONSORCIO 4C,CI.004/GP9680/21/7.1.10,CONCESIÓN ALTO MAGDALENA S.A.S,,22/12/2021,Ref. Contrato de Concesión 003 de 2014 Concesión Honda - Puerto Salgar - Girardot. Revisión soportes Seguridad Social octubre y salarios septiembre de 2021,15_01_Cartas_Enviadas/RADICADAS/2021/CI004_968021_070110_CON_OBS_SEG_SOCIAL_SALARIOS_SEPT-OCT_2021.pdf
1816,4,CONSORCIO 4C,CI.004/GP9120/21/7.4.1,CONCESIÓN ALTO MAGDALENA S.A.S.,,19/05/2021,Ref. Contrato de Concesión 003 de 2014 Concesión Honda - Puerto Salgar - Girardot Requerimiento Formal para la entrega de tres (3) expedientes prediales Finales.,15_01_Cartas_Enviadas/RADICADAS/2021/CI004_912021_070401_CON_REQUERI_EXPEDI_PREDIALES.pdf
1817,10,CONSORCIO 4C,CI.004/GP9578/21/7.4.1,CONCESIÓN ALTO MAGDALENA S.A.S.,,11/11/2021,Ref. Contrato de Concesión 003 de 2014 Concesión Honda - Puerto Salgar - Girardot Evaluación Deducción por Índice de Cumplimiento Predial – octubre 2021,15_01_Cartas_Enviadas/RADICADAS/2021/CI004_957821_070401_CON_INDICE_PREDIAL_OCT2021.pdf
1818,9,CONSORCIO 4C,CI.004/GP9241/21/7.4.1,CONCESIÓN ALTO MAGDALENA S.A.S.,,06/07/2021,Ref. Contrato de Concesión 003 de 2014 Concesión Honda - Puerto Salgar - Girardot Evaluación Deducción por Índice de Cumplimiento Predial – junio 2021,15_01_Cartas_Enviadas/RADICADAS/2021/CI004_924121_070401_CON_INDICE_PREDIAL_JUN2021.pdf
1819,23,CONSORCIO 4C,CI.004/GP9054/21/5.3,AGENCIA NACIONAL DE INFRAESTRUCTURA – ANI,,16/04/2021,"Ref. Contrato de Concesión 003 de 2014 Concesión Honda – Girardot – Puerto Salgar. Informe de multa por el Incumplimiento recurrente de los Indicadores en la Unidad Funcional 4, al que hace alusión en literal (j) de la Sección 6.1 de la Parte Especial del Contrato de Concesión 003/2014.",15_01_Cartas_Enviadas/RADICADAS/2021/CI004_905421_050300_ANI_MULTA_INDICADORES_UF4_JCH.pdf
1820,2,CONSORCIO 4C,CI.004/GP9515/21/7.2.2,AGENCIA NACIONAL DE INFRAESTRUCTURA – ANI,,15/10/2021,Ref. Contrato de Concesión 003 de 2014 Concesión Honda – Girardot – Puerto Salgar. Formato GCSP-F-001 Mantenimiento Bienes Uso Público – septiembre de 2021,15_01_Cartas_Enviadas/RADICADAS/2021/CI004_951521_070202_ANI_F-001_MTTO_SEP-2021.pdf
1821,4,CONSORCIO 4C,CI.004/GP9392/21/7.1.9-7.1.8,CONCESIÓN ALTO MAGDALENA S.A.S.,,30/08/2021,Ref. Contrato de Concesión 003 de 2014 Concesión Honda - Puerto Salgar - Girardot Rquerimiento informe final - Plan de Reasentamiento,15_01_Cartas_Enviadas/RADICADAS/2021/CI004_939221_070109_070108_CON_INFORME_FINAL_PLAN_REASENT.pdf
1822,7,CONSORCIO 4C,CI.004/GP9104/21/5.3-7.4.1,CONCESIÓN ALTO MAGDALENA S.A.S.,,13/05/2021,Otorgamiento Plazo Cura,15_01_Cartas_Enviadas/RADICADAS/2021/CI004_910421_050300_070401_CON_OTORGA_PCURA_CERCAS-UF5.pdf
1823,5,CONSORCIO 4C,CI.004/GP8834/21/7.4.6,CONCESIÓN ALTO MAGDALENA S.A.S,,22/01/2021,"Ref. Contrato de Concesión 003 de 2014 Concesión Honda – Girardot – Puerto Salgar. Revisión de Avalúo Predio ALMA-2-0122-1, UF2",15_01_Cartas_Enviadas/RADICADAS/2021/CI004_883421_070406_CON_OBS_AVALUO_ALMA-2-0122-1.pdf
1824,3,CONSORCIO 4C,CI.004/GP9288/21/7.2.2,AGENCIA NACIONAL DE INFRAESTRUCTURA - ANI,,26/07/2021,Ref. Contrato de Concesión 003 de 2014 Concesión Honda - Puerto Salgar - Girardot Fondeo I Semestre 2021 de la Subcuenta Amigable Composición.,15_01_Cartas_Enviadas/RADICADAS/2021/CI004_928821_070202_ANI_FONDEO_SUBCUEN_AMIGABL_SEM-I_2021.pdf
1825,2,CONSORCIO 4C,CI.004/GP8965/21/9.2,AGENCIA NACIONAL DE INFRAESTRUCTURA - ANI,,10/03/2021,Ref. Contrato de Concesión 003 de 2014 Concesión Honda - Puerto Salgar - Girardot. Informe Mensual Técnico 76 Versión 00.,15_01_Cartas_Enviadas/RADICADAS/2021/CI004_896520_090200_ANI_INFORME_MENSUAL_FEB_2021.pdf
1826,10,CONSORCIO 4C,CI.004/GP8797/21/7.3.3,CONCESIÓN ALTO MAGDALENA S.A.S.,,08/01/2021,Ref. Contrato de Concesión 003 de 2014 Concesión Honda – Girardot – Puerto Salgar Resultado Medición Niveles de Servicio – diciembre de 2020 – Índices de Cumplimiento.,15_01_Cartas_Enviadas/RADICADAS/2021/CI004_879721_070303_CON_INDICES_DICIEMBRE_2020.pdf
1827,5,CONSORCIO 4C,CI.004/GP9145/21/7.3.3,CONCESIÓN ALTO MAGDALENA S.A.S.,,26/05/2021,"Ref. Contrato de Concesión 003 de 2014 Concesión Honda – Puerto Salgar – Girardot. Visita de Inspección Superintendencia de Puertos y Transporte 19, 20 y 21 de mayo de 2021.",15_01_Cartas_Enviadas/RADICADAS/2021/CI004_914521_070300_CON_STT_MAYO_2021.pdf
1829,3,CONSORCIO 4C,CI.004/GP9167/21/7.1.9,CONCESIÓN ALTO MAGDALENA S.A.S.,,08/06/2021,"Ref. Contrato de Concesión 003 de 2014 Concesión Honda - Puerto Salgar - Girardot Informe Trimestral Socio – Ambiental 26, Componente Social",15_01_Cartas_Enviadas/RADICADAS/2021/CI004_916721_070109_CON_NO-OBJEC_INFOTRIMESTRAL_N26-SOCIAL.pdf
1828,4,CONSORCIO 4C,CI.004/GP9303/21/7.4.4,AGENCIA NACIONAL DE INFRAESTRUCTURA - ANI,,30/07/2021,Ref. Contrato de Concesión 003 de 2014 Concesión Honda - Puerto Salgar - Girardot Revisión de Resoluciones de Expropiación de predios ALMA-2-0122-1 (UF2) y ALMA-5-0106 (UF5),15_01_Cartas_Enviadas/RADICADAS/2021/CI004_930321_070404_ANI_RESOL_EXPRO_ALMA-2-0122-1_ALMA-5-0106.pdf
1830,6,CONSORCIO 4C,CI.004/GP9363/21/7.5,CONCESIÓN ALTO MAGDALENA S.A.S.,,20/08/2021,Ref. Contrato de Concesión 003 de 2014 Concesión Honda - Puerto Salgar - Girardot Rta. ALMA-2021-1011. Revisión del Informe Gerencial Mensual de julio 2021.,15_01_Cartas_Enviadas/RADICADAS/2021/CI004_936321_ 070500_CON_OBSERV_INFOR_GERENC_JULIO2021.pdf
1833,4,CONSORCIO 4C,CI.004/GP9566/21/7.4.4,,,1 de noviembre de 2021,,15_01_Cartas_Enviadas/RADICADAS/2021/CI004_956621_070404_CON_OBS_RESO_EXPR_ALMA-5-0261.pdf
1832,25,CONSORCIO 4C,CI.004/GP9028/21/5.3,,,9 de Abril de 2021,,15_01_Cartas_Enviadas/RADICADAS/2021/CI004_902821_050300_ANI_EER_OF_ALMA-5-266.pdf
1835,11,CONSORCIO 4C,CI.004/GP8993/21/7.3,,,9 de marzo de 2021,,15_01_Cartas_Enviadas/RADICADAS/2021/CI004_899321_070303_CON_DISEÑO_SEÑALIZACIÓN_2021.pdf
1836,3,CONSORCIO 4C,CI.004/GP8802/21/7.4.1,,,3 de enero de 2021,,15_01_Cartas_Enviadas/RADICADAS/2021/CI004_880221_070401_CON_SEGUIMIENTO_CRONOGRAMA_EXP-FINALES4.pdf
1837,19,CONSORCIO 4C,GP-8955,,,3 de Marzo de 2021,,15_01_Cartas_Enviadas/RADICADAS/2021/CI004_895521_070401_ANI_EXP_FINALES_6CURA_.pdf
1838,5,CONSORCIO 4C,CI.004/GP9540/21/5.3,,,6 de Octubre de 2021,,15_01_Cartas_Enviadas/RADICADAS/2021/CI004_954021_050300_070300_ANI_DERECHO_PETICIÓN_ROCERÍA.pdf
1834,11,CONSORCIO 4C,CI.004/GP9596/21/5.3,,,9 de noviembre de 2021,,15_01_Cartas_Enviadas/RADICADAS/2021/CI004_959621_050300_CON_PLAZOCURA_PASAMANOS.pdf
1839,3,CONSORCIO 4C,CI.004/GP9595/21/7.1.14,,,9 de Noviembre de 2021,,15_01_Cartas_Enviadas/RADICADAS/2021/CI004_959521_070114_ANI_PERMISO_INTERVEN_CONCRETOLIMA_#1.pdf
1840,22,CONSORCIO 4C,CI.004/GP9000/21/5.3,,,5 de Marzo de 2021,,15_01_Cartas_Enviadas/RADICADAS/2021/CI004_900021_050300_ANI_MULTA_EXPEDIENTES_PREDIALES.pdf
1841,7,CONSORCIO 4C,GP-9456,,,4 de Septiembre de 2021,,15_01_Cartas_Enviadas/RADICADAS/2021/CI004_945621_050300_CON_REQ_SUPERTRANSPORTE.pdf
1843,7,CONSORCIO 4C,CI.004/GP9014/21/7.5,,,7 de abril de 2021,,15_01_Cartas_Enviadas/RADICADAS/2021/CI004_901421_070500_CON_REV_MEMOTECNICA_ENE2021.pdf
1842,3,CONSORCIO 4C,CI.004/GP9289/21/7.3.3,,,6 de julio de 2021,,15_01_Cartas_Enviadas/RADICADAS/2021/CI004_928921_070303_CON_RESULTADOS_INDICADOR_E16_UF3_SEM_II_2021.pdf
1845,4,CONSORCIO 4C,CI.004/GP9246/21/7.1.9,,,8 de julio de 2021,,15_01_Cartas_Enviadas/RADICADAS/2021/CI004_924621_070109_JGALVEZ_RTA_PETICION.pdf
1844,7,CONSORCIO 4C,CI.004/GP9431/21/5.3,,,6 de Septiembre de 2021,,15_01_Cartas_Enviadas/RADICADAS/2021/CI004_943121_050300_ANI_SANEAMIENTO_SEGURIDADVIAL_GLORIETAS_UF5.4.pdf
1846,1,CONSORCIO 4C,GP-9045,,,4 de abril de 2021,,15_01_Cartas_Enviadas/RADICADAS/2021/CI004_904521_030000_STT_CERT_BÁSCULA_2021.pdf
1831,2,CONSORCIO 4C,CI.004/GP9583/21/7.2.2,AGENCIA NACIONAL DE INFRAESTRUCTURA – ANI,,12/11/2021,Ref. Contrato de Concesión 003 de 2014 Concesión Honda – Girardot – Puerto Salgar. Formato GCSP-F-001 Mantenimiento Bienes Uso Público – octubre de 2021,15_01_Cartas_Enviadas/RADICADAS/2021/CI004_958321_070202_ANI_F-001_MTTO_OCT-2021.pdf
1847,6,CONSORCIO 4C,CI.004/GP9193/21/7.1.9,,,8 de junio de 2021,,15_01_Cartas_Enviadas/RADICADAS/2021/CI004_919321_070109_CON_REUN_PUERTO_BOGOTA.pdf
1848,4,CONSORCIO 4C,CI.004/GP8826/21/7.1.10,,,0 de enero de 2021,,15_01_Cartas_Enviadas/RADICADAS/2021/CI004_882621_070110_CON_INF_ACCID_LAB.pdf
1849,7,CONSORCIO 4C,CI.004/GP9516/21/5.3-7.3,,,0 de Octubre de 2021,,15_01_Cartas_Enviadas/RADICADAS/2021/CI004_951621_050300_070300_ANI_NO_OBJECIÓN_CONVENIO_DITRA.pdf
1850,4,CONSORCIO 4C,CI.004/GP9244/21/7.1.9,,,7 de Julio de 2021,,15_01_Cartas_Enviadas/RADICADAS/2021/CI004_924421_070109_ANI_DERE_PETICION_NAGASI.pdf
1851,3,CONSORCIO 4C,CI.004/GP9703/21/5.3,,,1 de Diciembre de 2021,,15_01_Cartas_Enviadas/RADICADAS/2021/CI004_970321_050300_ANI_REVI_POLIZAS_O&M_ACTUALIZA_EER_PREDIAL.pdf
1852,2,CONSORCIO 4C,CI.004/GP9204/21/7.2.2,,,2 de Junio de 2021,,15_01_Cartas_Enviadas/RADICADAS/2021/CI004_920421_070202_ANI_F-009_RECAUD_PEAJES_MAY-2021.pdf
1853,3,CONSORCIO 4C,CI.004/GP/9249/21/7.2.9,,,9 de Julio de 2021,,15_01_Cartas_Enviadas/RADICADAS/2021/CI004_924921_070209_ANI_ACTA_VPIP MAYO 2021.pdf
1854,6,CONSORCIO 4C,CI.004/GP9378/21/5.3,,,5 de agosto de 2021,,15_01_Cartas_Enviadas/RADICADAS/2021/CI004_937821_050300_CON_REQUE_CONVENIO_DITRA_O&M.pdf
1855,2,CONSORCIO 4C,CI.004/GP9343/21/7.3.7,,,7 de Agosto de 2021,,15_01_Cartas_Enviadas/RADICADAS/2021/CI004_934321_050300_ANI_ACCIDENTE_UF2_PR4+750_05.JUN.2021.pdf
1856,2,CONSORCIO 4C,CI.004/GP8813/21/7.3.5,,,5 de Enero de 2021,,15_01_Cartas_Enviadas/RADICADAS/2021/CI004_881321_0703_ANI_ANTUJURIDICO_DIC_2020.pdf
1857,2,CONSORCIO 4C,CI.004/GP9189/21/7.2.2,,,7 de Junio de 2021,,15_01_Cartas_Enviadas/RADICADAS/2021/CI004_918921_070202_ANI_F-207_REND_SUBC_MAY-2021.pdf
1858,7,CONSORCIO 4C,CI.004/GP9069/21/7.3.3,,,0 de abril de 2021,,15_01_Cartas_Enviadas/RADICADAS/2021/CI004_906921_070303_CON_INDICES_JULIO_AGOSTO_SEPTIEMBRE_2020_DEFINITIVOS.pdf
1859,8,CONSORCIO 4C,CI.004/GP9094/21/5.3,,,0 de mayo de 2021,,15_01_Cartas_Enviadas/RADICADAS/2021/CI004_909421_050300_CON_PCURA_INFORME_PAVI_UF4.pdf
1860,10,CONSORCIO 4C,CI.004/GP9240/21/5.3,,,7 de Julio de 2021,,15_01_Cartas_Enviadas/RADICADAS/2021/CI004_924021_050300_ANI_PERIODO DE CURA_SICC_#3_TRAMOS_HUERFANOS.pdf
1861,5,CONSORCIO 4C,CI.004/GP8851/21/7.4.4,,,7 de Enero de 2021,,15_01_Cartas_Enviadas/RADICADAS/2021/CI004_885121_070404_ANI_RESOL_EXPRO_ALMA-2-0001.pdf
1862,21,CONSORCIO 4C,CI.004/GP8786/21/5.3,,,6 de Enero de 2021,,15_01_Cartas_Enviadas/RADICADAS/2021/CI004_878621_050300_ANI_INFORME_EJECUCION_PREDIAL-2020.pdf
1863,3,CONSORCIO 4C,GP-9412,,,0 de Septiembre de 2021,,15_01_Cartas_Enviadas/RADICADAS/2021/CI004_941221_070401_CON_EXP_FINAL_ALMA-2021-1183.pdf
1864,8,CONSORCIO 4C,CI.004/GP8919/21/5.3-9.3,,,9 de febrero de 2021,,15_01_Cartas_Enviadas/RADICADAS/2021/CI004_891921_050300_090300_CON_ESTADO_PENDIENTES_UF5_REV2.pdf
1865,4,CONSORCIO 4C,CI.004/GP9226/21/7.3.3,,,9 de junio de 2021,,15_01_Cartas_Enviadas/RADICADAS/2021/CI004_922621_070303_CON_MEDICIÓN_INDICADORES_07_2021.pdf
1866,5,CONSORCIO 4C,CI.004/GP9700/21/7.1.5,,,0 de diciembre de 2021,,15_01_Cartas_Enviadas/RADICADAS/2021/CI004_970021_070105_CON_SEGUIMIENTO_AVANCE_PR66_UF3.pdf
1867,16,CONSORCIO 4C,CI.004/GP8817/21/7.3.3,,,5 de Enero de 2021,,15_01_Cartas_Enviadas/RADICADAS/2021/CI004_881720_070303_ANI_OTROSI_INDICAD_E12_E16_NEGACION_FINAL.pdf
1868,8,CONSORCIO 4C,CI.004/GP9329/21/5.3,,,1 de Agosto de 2021,,15_01_Cartas_Enviadas/RADICADAS/2021/CI004_932921_050300_070107_ANI_NO_OBJECIÓN_PCURA_P.GALLERA.pdf
1869,6,CONSORCIO 4C,CI.004/GP9699/21/7.4.1,,,0 de Diciembre de 2021,,15_01_Cartas_Enviadas/RADICADAS/2021/CI004_969921_070401_ANI_REPORTE_NIIF_IV-TRIMESTRE-2021.pdf
1870,5,CONSORCIO 4C,GP-9209,,,8 de Junio de 2021,,15_01_Cartas_Enviadas/RADICADAS/2021/CI004_920921_070406_CON_OBS_AVALUOS9_4UF2-6UF3.pdf
1871,4,CONSORCIO 4C,CI.004/GP9320/21/7.1.4,,,3 de agosto de 2021,,15_01_Cartas_Enviadas/RADICADAS/2021/CI004_932021_070104_CON_REQUE_OBRAS_EMERGENCIA_PR66+820.pdf
1872,3,CONSORCIO 4C,CI.004/GP9235/21/5.3,,,6 de julio de 2021,,15_01_Cartas_Enviadas/RADICADAS/2021/CI004_923521_050300_CON_REQUERI_INFORME_SEMANAL_EER_ITS.pdf
1874,6,CONSORCIO 4C,CI.004/GP8937/21/7.1.8,,,7 de febrero de 2021,,15_01_Cartas_Enviadas/RADICADAS/2021/CI004_893721_070108_CON_AFECT_CAÑO_GRANDE_UF5.2.pdf
1873,3,CONSORCIO 4C,GP-9672,,,1 de diciembre de 2021,,15_01_Cartas_Enviadas/RADICADAS/2021/CI004_967221_070401_CON_EXP_FINAL_ALMA-2021-1656.pdf
1875,4,CONSORCIO 4C,CI.004/GP9052/21/7.1.10,,,6 de abril de 2021,,15_01_Cartas_Enviadas/RADICADAS/2021/CI004_905221_070110_CON_OBS_SEG_SOC_SAL_ENE-DIC.pdf
1876,6,CONSORCIO 4C,CI.004/GP8951/21/7.4.1,CONCESIÓN ALTO MAGDALENA S.A.S,,02/03/2021,Ref. Contrato de Concesión 003 de 2014 Concesión Honda - Puerto Salgar - Girardot. Requerimiento Instalación y corrección de Cercas Unidad Funcional 2.,15_01_Cartas_Enviadas/RADICADAS/2021/CI004_895121_070401_CON_REQUERIMIENTO_CERCAS_UF2.pdf
1877,2,CONSORCIO 4C,CI.004/GP9662/21/7.2.2,AGENCIA NACIONAL DE INFRAESTRUCTURA – ANI,,16/12/2021,Ref. Contrato de Concesión 003 de 2014 Concesión Honda – Girardot – Puerto Salgar. Formato GCSP-F-208 Informe Ingresos Por Explotación Comercial – noviembre de 2021,15_01_Cartas_Enviadas/RADICADAS/2021/CI004_966221_070202_ANI_F-208_EXPLOTA_COMERCIAL_NOV_2021.pdf
1878,4,CONSORCIO 4C,CI.004/GP9212/21/7.1.8,CONCESIÓN ALTO MAGDALENA S.A.S,,24/06/2021,Ref. Contrato de Concesión 003 de 2014 Concesión Honda - Puerto Salgar - Girardot. Observaciones Informe N° 8 Resolución 1928 de 2015,15_01_Cartas_Enviadas/RADICADAS/2021/CI004_921221_070108_CON_INF_RES_1928_LV.pdf
1879,3,CONSORCIO 4C,CI.004/GP9517/21/7.2.10,AGENCIA NACIONAL DE INFRAESTRUCTURA - ANI,,19/10/2021,"Ref. Contrato de Concesión 003 de 2014 Concesión Honda - Puerto Salgar - Girardot Actas de Retribución UF1, UF3 y UF4, para el mes de agosto de 2021.",15_01_Cartas_Enviadas/RADICADAS/2021/CI004_951721_070210_ANI_ACTAS_RETRIBUCIÓN_UF134_AGO2021.pdf
1880,4,CONSORCIO 4C,CI.004/GP9238/21/7.4.6,CONCESIÓN ALTO MAGDALENA S.A.S,,06/07/2021,Ref. Contrato de Concesión 003 de 2014 Concesión Honda - Puerto Salgar - Girardot. Revisión de 5 Avalúos Otrosí No. 9 de la UF5,15_01_Cartas_Enviadas/RADICADAS/2021/CI004_923821_070406_CON_OBS_AVALUOS9_5UF5.pdf
1881,9,CONSORCIO 4C,CI.004/GP8793/21/7.1.9,,,7 de enero de 2021,,15_01_Cartas_Enviadas/RADICADAS/2021/CI004_879321_070109_CON_CURA_INVACIÓN_ALMA-4-0030.pdf
1882,4,CONSORCIO 4C,CI.004/GP9358/21/1.4,,,9 de Agosto de 2021,,15_01_Cartas_Enviadas/RADICADAS/2021/CI004_935821_010400_ANI_ENTREGA_ARCHIVO_DIGITAL_CTO_INTERVEN.pdf
1883,4,CONSORCIO 4C,CI.004/GP9471/21/7.2.8,,,9 de Septiembre de 2021,,15_01_Cartas_Enviadas/RADICADAS/2021/CI004_947121_070208_ANI_REVISION_RECAUDO_FOSEVI_AGO_2021.pdf
1886,3,CONSORCIO 4C,GP-8982,,,8 de Marzo de 2021,,15_01_Cartas_Enviadas/RADICADAS/2021/CI004_898221_070301_CON_INFO-AUDI_PEAJE_feb-21.pdf
1885,2,CONSORCIO 4C,CI.004/GP8915/21/7.2.2,,,8 de Febrero de 2021,,15_01_Cartas_Enviadas/RADICADAS/2021/CI004_891521_070202_ANI_F-009_RECAU_PEAJE_ENE2020.pdf
1884,4,CONSORCIO 4C,CI.004/GP9665/21/7.1.10,,,7 de diciembre de 2021,,15_01_Cartas_Enviadas/RADICADAS/2021/CI004_966521_070110_CON_REQUER_INFO_ACCIDENTES_LABORALES.pdf
1887,3,CONSORCIO 4C,CI.004/GP9406/21/7.2.9,,,6 de Septiembre de 2021,,15_01_Cartas_Enviadas/RADICADAS/2021/CI004_940621_070209_ANI_ACTA_VPIP_JUL_2021.pdf
1888,2,CONSORCIO 4C,CI.004/GP9097/21/7.1.14,,,0 de Mayo de 2021,,15_01_Cartas_Enviadas/RADICADAS/2021/CI004_909721_070114_ANI_LACHISMOSA_#3.pdf
1889,4,CONSORCIO 4C,CI.004/GP9186/21/7.4.6,,,5 de junio de 2021,,15_01_Cartas_Enviadas/RADICADAS/2021/CI004_918621_070406_CON_OBS_AVALUOS9_3UF2-2UF3.pdf
1890,2,CONSORCIO 4C,CI.004/GP9263/21/9.2,,,5 de Julio de 2021,,15_01_Cartas_Enviadas/RADICADAS/2021/CI004_926321_090200_ANI_VIDEO_IMI_JUNIO_2021.pdf
1891,3,CONSORCIO 4C,GP-9345,,,7 de Agosto de 2021,,15_01_Cartas_Enviadas/RADICADAS/2021/CI004_934521_070402_CON_FICHAS_SOCIALES-ALMA_2021.pdf
1892,2,CONSORCIO 4C,CI.004/GP8964/21/9.2,,,1 de Marzo de 2021,,15_01_Cartas_Enviadas/RADICADAS/2021/CI004_896421_090200_ANI_VIDEO_IMI_FEBRERO_2021.pdf
1893,4,CONSORCIO 4C,CI.004/GP8812/21/5.3,,,5 de Enero de 2021,,15_01_Cartas_Enviadas/RADICADAS/2021/CI004_881221_050300_ANI_CIERRE_PLAZ_CURA_SS_SAL_.pdf
1894,3,CONSORCIO 4C,CI.004/GP8924/21/7.1.9,,,2 de febrero de 2021,,15_01_Cartas_Enviadas/RADICADAS/2021/CI004_892421_070109_CON__INFOTRIMESTRAL_N25-SOCIAL.pdf
1895,13,CONSORCIO 4C,CI.004/GP8969/21/5.3-7.1.15,,,2 de Marzo de 2021,,15_01_Cartas_Enviadas/RADICADAS/2021/CI004_896921_050300_070115_ANI_SOPORTES_SUBCUENTA_REDES_CC4.pdf
1896,4,CONSORCIO 4C,CI.004/GP9048/21/7.1.9,,,5 de abril de 2021,,15_01_Cartas_Enviadas/RADICADAS/2021/CI004_904821_070109_CON_REUN_PTO_BOGOTA.pdf
1898,29,CONSORCIO 4C,CI.004/GP9688/21/5.3,,,7 de Diciembre de 2021,,15_01_Cartas_Enviadas/RADICADAS/2021/CI004_968821_050300_ANI_EER_INDICADORES_MANTENIMIENTO_NPH.pdf
1899,4,CONSORCIO 4C,CI.004/GP9648/21/7.2.3,,,4 de Diciembre de 2021,,15_01_Cartas_Enviadas/RADICADAS/2021/CI004_964821_070203_ANI_VIGENCIAS_FUTURAS_DIC_2021.pdf
1897,5,CONSORCIO 4C,CI.004/GP8903/21/7.4.1,,,2 de febrero de 2021,,15_01_Cartas_Enviadas/RADICADAS/2021/CI004_890321_070401_CON_OLYMPUS_NIIF_II-IV-TRIM-2020.pdf
1900,4,CONSORCIO 4C,CI.004/GP8956/21/7.1.10,,,3 de marzo de 2021,,15_01_Cartas_Enviadas/RADICADAS/2021/CI004_895621_070110_CON_SEG_SOC_SALAR_DIC-NOV.pdf
1901,5,CONSORCIO 4C,CI.004/GP8829/21/7.1.8,,,0 de enero de 2021,,15_01_Cartas_Enviadas/RADICADAS/2021/CI004_882921_070108_CON_DIAGN_GEST_AMB_UF3.pdf
1902,2,CONSORCIO 4C,CI.004/GP8945/21/7.2.2,,,2 de Marzo de 2021,,15_01_Cartas_Enviadas/RADICADAS/2021/CI004_894521_070202_ANI_FORMATO_GCSP-F-001_MTTO_ENE-21.pdf
1903,3,CONSORCIO 4C,GP-9172,,,0 de Junio de 2021,,15_01_Cartas_Enviadas/RADICADAS/2021/CI004_917221_070401_CON_EXP_FINAL_ALMA-2021-0743.pdf
1904,3,CONSORCIO 4C,GP-9450,,,2 de Septiembre de 2021,,15_01_Cartas_Enviadas/RADICADAS/2021/CI004_945021_070402_CON_FICHAS_SOCIALES-ALMA_2021-1203-1331.pdf
1905,12,CONSORCIO 4C,CI.004/GP9506/21/5.3,,,4 de Octubre de 2021,,15_01_Cartas_Enviadas/RADICADAS/2021/CI004_950621_050300_070300_ANI_NO_OBJECIÓN_PCURA_PASAMANOS.pdf
1906,6,CONSORCIO 4C,CI.004/GP9367/21/7.1.8,,,3 de agosto de 2021,,15_01_Cartas_Enviadas/RADICADAS/2021/CI004_936721_070108_CON_ASP_IMP_AMB_O&M.pdf
1907,2,CONSORCIO 4C,CI.004/GP9051/21/7.2.2,,,6 de Abril de 2021,,15_01_Cartas_Enviadas/RADICADAS/2021/CI004_905121_070202_ANI_F-007_REC_PUB_MAR2021.pdf
1908,5,CONSORCIO 4C,CI.004/GP9691/21/7.5,,,7 de diciembre de 2021,,15_01_Cartas_Enviadas/RADICADAS/2021/CI004_969121_070500_CON_REV_INFORME_GERENCIAL_NOV_2021.pdf
1910,9,CONSORCIO 4C,CI.004/GP9006/21/5.3,,,1 de Marzo de 2021,,15_01_Cartas_Enviadas/RADICADAS/2021/CI004_900621_050300_ANI_INFORME-CURA_CERCAS_UF3-UF4.pdf
1909,3,CONSORCIO 4C,GP-9228,,,1 de Julio de 2021,,15_01_Cartas_Enviadas/RADICADAS/2021/CI004_922821_070401_CON_2DO_REQUERI_EXPEDI_PREDIALES.pdf
1911,3,CONSORCIO 4C,GP-9379,,,5 de Agosto de 2021,,15_01_Cartas_Enviadas/RADICADAS/2021/CI004_937921_070401_CON_EXP_FINAL_ALMA-2021-0998.pdf
1912,4,CONSORCIO 4C,CI.004/GP9468/21/7.1.8,,,9 de septiembre de 2021,,15_01_Cartas_Enviadas/RADICADAS/2021/CI004_946821_070108_CON_ACTA_442_SEG_AMBIENTAL_UF5.4.pdf
1913,4,CONSORCIO 4C,CI.004/GP9035/21/7.1.9,,,3 de abril de 2021,,15_01_Cartas_Enviadas/RADICADAS/2021/CI004_903521_070109_CON_ACTUALIZACION_PGSC_ENTREGA3.pdf
1914,5,CONSORCIO 4C,CI.004/GP8992/21/7.4.1,,,9 de Marzo de 2021,,15_01_Cartas_Enviadas/RADICADAS/2021/CI004_899221_070401_ANI_EXP_FINALES_1CURA.pdf
1915,4,CONSORCIO 4C,CI.004/GP9525/21/7.1.10,,,1 de octubre de 2021,,15_01_Cartas_Enviadas/RADICADAS/2021/CI004_952521_070110_CON_RECLAM_LAB_ALEXANDER_PEREZ.pdf
1916,6,CONSORCIO 4C,CI.004/GP9106/21/5.3,,,4 de Mayo de 2021,,15_01_Cartas_Enviadas/RADICADAS/2021/CI004_910621_070109_ANI_COMPROMISOS_PTO_BOGOTA.pdf
1917,3,CONSORCIO 4C,CI.004/GP8876/21/7.2.9,,,5 de Febrero de 2021,,15_01_Cartas_Enviadas/RADICADAS/2021/CI004_887621_070209_ANI_ACTA_VPIP_DICIEM_2020.pdf
1918,3,CONSORCIO 4C,CI.004/GP9534/21/5.3,,,2 de Octubre de 2021,,15_01_Cartas_Enviadas/RADICADAS/2021/CI004_953421_050300_ANI_CESE_SOL_PLAZ_CURA_INF_TRIM_25.pdf
1920,5,CONSORCIO 4C,GP-8825,,,9 de enero de 2021,,15_01_Cartas_Enviadas/RADICADAS/2021/CI004_882521_070402_CON_FICHAS_SOCIALES-ALMA_2021_0010.pdf
1921,4,CONSORCIO 4C,CI.004/GP9574/21/5.3-7.4.1,,,1 de noviembre de 2021,,15_01_Cartas_Enviadas/RADICADAS/2021/CI004_957421_050300_070401_CON_SOLICITUD_INFO_EER-PREDIALES.pdf
1919,3,CONSORCIO 4C,CI.004/GP9080/21/7.2.10,,,0 de Abril de 2021,,15_01_Cartas_Enviadas/RADICADAS/2021/CI004_908021_070210_ANI_ACTA_RETRIBUCION_UF3_FEB2020.pdf
1922,4,CONSORCIO 4C,CI.004/GP8869/21/7.4.6,,,2 de febrero de 2021,,15_01_Cartas_Enviadas/RADICADAS/2021/CI004_886921_070406_CON_OBS_AVAL9_ALMA-3-0020-2.pdf
1923,4,CONSORCIO 4C,CI.004/GP9308/21/7.4.1,,,3 de agosto de 2021,,15_01_Cartas_Enviadas/RADICADAS/2021/CI004_930821_070401_CON_SEGUIM_DISPONIBILIDAD_PREDIAL_JULIO2021.pdf
1924,3,CONSORCIO 4C,GP-9066,,,3 de Abril de 2021,,15_01_Cartas_Enviadas/RADICADAS/2021/CI004_906621_070402_CON_FICHAS_SOCIALES-ALMA_2021_0511.pdf
1925,3,CONSORCIO 4C,CI.004/GP9499/21/9.2,,,1 de octubre de 2021,,15_01_Cartas_Enviadas/RADICADAS/2021/CI004_949921_090200_SUP_SUPER_TRANSP_SEPT_2021.pdf
1926,3,CONSORCIO 4C,CI.004/GP9624/21/7.1.9,,,3 de diciembre de 2021,,15_01_Cartas_Enviadas/RADICADAS/2021/CI004_962421_070109_CON_REV_INFOTRIMESTRAL_N28-SOCIAL.pdf
1927,4,CONSORCIO 4C,CI.004/GP8822/21/7.3.3,,,8 de enero de 2021,,15_01_Cartas_Enviadas/RADICADAS/2021/CI004_882221_070303_CON_MEDICIÓN_INDICADORES_SEMESTRE#1_2021.pdf
1928,3,CONSORCIO 4C,CI.004/GP9430/21/7.1.9,,,5 de septiembre de 2021,,15_01_Cartas_Enviadas/RADICADAS/2021/CI004_943021_070109_PERSONERIA_GUADUAS_RTA2_PETICION.pdf
1929,4,CONSORCIO 4C,CI.004/GP9460/21/7.1.8,CONCESIÓN ALTO MAGDALENA S.A.S,,23/09/2021,Ref. Contrato de Concesión 003 de 2014 Concesión Honda - Puerto Salgar - Girardot. Observaciones Plan de Compensación por Pérdida de Biodiversidad / Resolución 1685 de 2015,15_01_Cartas_Enviadas/RADICADAS/2021/CI004_946021_070108_CON_OBS_PCPB_UF1.pdf
1930,9,CONSORCIO 4C,CI.004/GP9207/21/5.3-7.3.3,CONCESIÓN ALTO MAGDALENA S.A.S.,,24/06/2021,Ref. Contrato de Concesión 003 de 2014 Concesión Honda - Puerto Salgar - Girardot Tramos requeridos para Operar y Mantener de las Rutas Nacionales 5008 y 4510.,15_01_Cartas_Enviadas/RADICADAS/2021/CI004_920721_050300_070303_CON_CONTROVERSIA_TRAMOS_O&M_.pdf
1931,3,CONSORCIO 4C,CI.004/0579/21/1,AGENCIA NACIONAL DE INFRAESTRUCTURA,20213050382241,21/12/2021,Ref.: Contrato de Interventoría 145 de 2014 Interventoría Concesión Vial Girardot – Honda – Puerto Salgar Póliza de Seguro de Responsabilidad Civil Extracontractual,15_01_Cartas_Enviadas/RADICADAS/2021/CI004_057921_010000_ANI_MODIFICACION POLIZA RCE_RECIBO DE CAJA.pdf
1932,4,CONSORCIO 4C,CI.004/GP9394/21/7.1.9,AGENCIA NACIONAL DE INFRAESTRUCTURA - ANI,20214090874692,01/09/2021,Ref. Contrato de Concesión 003 de 2014 Concesión Honda - Puerto Salgar - Girardot Ayuda de memoria - Reunión Puerto Bogotá 27 de agosto de 2021.,15_01_Cartas_Enviadas/RADICADAS/2021/CI004_939421_070109_ANI_AYUDA_MEMOR_REUNION_CONCEJO_PTO_BOGOTA.pdf
1933,5,CONSORCIO 4C,CI.004/GP9563/21/7.4.6,CONCESIÓN ALTO MAGDALENA S.A.S,,11/11/2021,Ref. Contrato de Concesión 003 de 2014 Concesión Honda - Puerto Salgar - Girardot. Revisión de 13 Avalúos Otrosí No. 9 - UF2 y UF3,15_01_Cartas_Enviadas/RADICADAS/2021/CI004_956321_070406_CON_OBSER_AVALUOS9_13UF2-3.pdf
1934,4,CONSORCIO 4C,CI.004/GP8932/21/7.4.6,CONCESIÓN ALTO MAGDALENA S.A.S,,24/02/2021,"Ref. Contrato de Concesión 003 de 2014 Concesión Honda – Girardot – Puerto Salgar. Revisión de Avalúo Predio ALMA-5-0261, UF5.",15_01_Cartas_Enviadas/RADICADAS/2021/CI004_893221_070406_CON_OBS_AVALUO_ALMA-5-0261.pdf
1935,2,CONSORCIO 4C,CI.004/GP9454/21/5.3,INSTITUCIÓN EDUCATIVA NICOLÁS DE FEDERMAN,,21/09/2021,Ref. Contrato de Concesión 003 de 2014 Concesión Honda - Puerto Salgar - Girardot Respuesta a solicitud paso sin cobro de vehículo ODR 738 por el peaje Guataquí.,15_01_Cartas_Enviadas/RADICADAS/2021/CI004_945421_050300_IED_NICOLAS_FEDERMAN_NOCOBRO_PEAJE_GUATAQUI.pdf
1936,10,CONSORCIO 4C,CI.004/GP9139/21/7.3.3,AGENCIA NACIONAL DE INFRAESTRUCTURA - ANI,,25/05/2021,Ref. Contrato de Concesión 003 de 2014 Concesión Honda - Puerto Salgar - Girardot Recomendaciones para promover las intervenciones de mantenimiento a cargo del Concesionario sobre el Nuevo Puente de Honda y sus accesos.,15_01_Cartas_Enviadas/RADICADAS/2021/CI004_913921_070303_ANI_RECOMENDAC_MTO_NPH.pdf
1938,2,CONSORCIO 4C,CI.004/GP9173/21/9.2,AGENCIA NACIONAL DE INFRAESTRUCTURA - ANI,,10/06/2021,Ref. Contrato de Concesión 003 de 2014 Concesión Honda – Girardot – Puerto Salgar. Informe Socioambiental 67 Versión 00,15_01_Cartas_Enviadas/RADICADAS/2021/CI004_917321_090200_ANI_INF_SOCIOAMB_MAY_2021.pdf
1937,12,CONSORCIO 4C,CI.004/GP9037/21/7.3.3,CONCESIÓN ALTO MAGDALENA S.A.S.,,13/04/2021,Ref. Contrato de Concesión 003 de 2014 Concesión Honda - Puerto Salgar - Girardot Resultado Medición Niveles de Servicio – marzo de 2021 – Índices de Cumplimiento.,15_01_Cartas_Enviadas/RADICADAS/2021/CI004_903721_070303_CON_INDICES_MARZO_2021.pdf
1939,11,CONSORCIO 4C,CI.004/GP8845/21/9.3,CONCESIÓN ALTO MAGDALENA S.A.S.,,27/01/2021,Ref. Contrato de Concesión 003 de 2014 Concesión Honda – Puerto Salgar – Girardot Estado Planos Récord Unidades Funcionales,15_01_Cartas_Enviadas/RADICADAS/2021/CI004_884521_090300_CON_PLANOS_RECORD_PROYECTO V4.pdf
1940,5,CONSORCIO 4C,CI.004/GP9159/21/7.4.6,CONCESIÓN ALTO MAGDALENA S.A.S.,,02/06/2021,"Ref. Contrato de Concesión 003 de 2014 Concesión Honda - Puerto Salgar - Girardot Revisión de Avalúo Predio ALMA-5-0261, UF5",15_01_Cartas_Enviadas/RADICADAS/2021/CI004_915921_070406_CON_OBS_AVALUO_ALMA-5-0261.pdf
1941,7,CONSORCIO 4C,CI.004/GP9457/21/7.5,CONCESIÓN ALTO MAGDALENA S.A.S.,,23/09/2021,Ref. Contrato de Concesión 003 de 2014 Concesión Honda - Puerto Salgar - Girardot Rta. ALMA-2021-1011. Revisión del Informe Gerencial Mensual # 82 de Agosto 2021.,15_01_Cartas_Enviadas/RADICADAS/2021/CI004_945721_070500_CON_OBSERV_INFOR_GERENC_AGOSTO_2021.pdf
1943,5,CONSORCIO 4C,CI.004/GP9279/21/7.3.1,CONCESIÓN ALTO MAGDALENA S.A.S.,,22/07/2021,Ref. Contrato de Concesión 003 de 2014 Concesión Honda - Puerto Salgar - Girardot Solicitud para el cumplimiento de la reglamentación del sistema para la Interoperabilidad de Peajes con Recaudo Electrónico Vehicular (IP/ REV). Resolución 546 de 2018.,15_01_Cartas_Enviadas/RADICADAS/2021/CI004_927921_070301_CON_REQUERI_DOCUMEN_CERTIFICA_IP_REV.pdf
1942,4,CONSORCIO 4C,CI.004/GP9446/21/7.4.6,CONCESIÓN ALTO MAGDALENA S.A.S.,,17/09/2021,"Ref. Contrato de Concesión 003 de 2014 Concesión Honda - Puerto Salgar - Girardot Revisión de Avalúo Predio ALMA-5-0105, UF5",15_01_Cartas_Enviadas/RADICADAS/2021/CI004_944621_070406_CON_OBS_AVALUO_ALMA-5-0105.pdf
1944,3,CONSORCIO 4C,CI.004/GP9086/21/7.3.3,CONCESIÓN ALTO MAGDALENA S.A.S.,,04/05/2021,Ref. Contrato de Concesión 003 de 2014 Concesión Honda - Puerto Salgar – Girardot Plan de mediciones - Niveles de Servicio mayo 2021.,15_01_Cartas_Enviadas/RADICADAS/2021/CI004_908621_000000_CON_MEDICIÓN_INDICADORES_05_2021.pdf
1947,2,CONSORCIO 4C,CI.004/GP8963/21/9.2,AGENCIA NACIONAL DE INFRAESTRUCTURA - ANI,,10/03/2021,Ref. Contrato de Concesión 003 de 2014 Concesión Honda – Girardot – Puerto Salgar. Informe Socioambiental 64 Versión 00,15_01_Cartas_Enviadas/RADICADAS/2021/CI004_896321_090200_ANI_INF_SOCIOAMB_FEB_2021.pdf
1945,2,CONSORCIO 4C,CI.004/GP9451/21/5.3,AGENCIA NACIONAL DE INFRAESTRUCTURA - ANI,20214091068622,21/09/2021,"Ref. Contrato de Concesión 003 de 2014 Concesión Honda - Puerto Salgar - Girardot Alcance a Concepto favorable frente al presunto Evento Eximente de Responsabilidad relacionado con la imposibilidad de acreditar la Solicitud de Cesión en los predios: ALMA-5-0253, ALMA-5-0254, ALMA-5-0258 y ALMA-5-0259 de la Unidad Funcional 5.",15_01_Cartas_Enviadas/RADICADAS/2021/CI004_945121_050300_ANI_EER_4PREDIOS_UF5_ALCANCE.pdf
1948,2,CONSORCIO 4C,CI.004/GP8838/21/7.2.2,AGENCIA NACIONAL DE INFRAESTRUCTURA – ANI,,25/01/2021,Ref. Contrato de Concesión 003 de 2014 Concesión Honda – Girardot – Puerto Salgar. Remisión Formato GCSP-F-001 Mantenimiento Bienes Uso Público – Diciembre 2020,15_01_Cartas_Enviadas/RADICADAS/2021/CI004_883821_070200_ANI_REMISION_FORMATO_GCSP-F-001_MTTO_DIC-20.pdf
1946,3,CONSORCIO 4C,CI.004/GP9615/21/7.1.9,CONCESIÓN ALTO MAGDALENA S.A.S,ALMA-R-2021-1781,29/11/2021,Ref. Contrato de Concesión 003 de 2014 Concesión Honda - Puerto Salgar - Girardot Respuesta comunicado ALMA-2021-1668. Acuerdos de reconocimiento de compensación socioeconómica,15_01_Cartas_Enviadas/RADICADAS/2021/CI004_961521_070109_CON_ACUERDOS_COMPENSACION_SOCIAL.pdf
1949,5,CONSORCIO 4C,CI.004/GP9380/21/7.2.10,AGENCIA NACIONAL DE INFRAESTRUCTURA - ANI,,25/08/2021,"Ref. Contrato de Concesión 003 de 2014 Concesión Honda - Puerto Salgar - Girardot Actas de Retribución UF1, UF3 y UF4, para el mes de junio de 2021.",15_01_Cartas_Enviadas/RADICADAS/2021/CI004_938021_070210_ANI_ACTAS_RETRIBUCIÓN_UF134_JUN2021.pdf
1951,9,CONSORCIO 4C,CI.004/GP9170/21/7.4.1,CONCESIÓN ALTO MAGDALENA S.A.S.,,09/06/2021,Ref. Contrato de Concesión 003 de 2014 Concesión Honda - Puerto Salgar - Girardot Evaluación Deducción por Índice de Cumplimiento Predial – mayo 2021,15_01_Cartas_Enviadas/RADICADAS/2021/CI004_917021_070401_CON_INDICE_PREDIAL_MAY2021.pdf
1953,1,CONSORCIO 4C,GP-9140,,,5 de mayo de 2021,,15_01_Cartas_Enviadas/RADICADAS/2021/CI004_914021_030000_STT_VISITA_MAYO_2021.pdf
1955,3,CONSORCIO 4C,CI.004/0040/21/2.1,,,1 de Febrero de 2021,,15_01_Cartas_Enviadas/RADICADAS/2021/CI004_004021_020100_ANI_PAGO MENSUAL 75_20210101-20210131_FEV F-12_CARTA.pdf
1950,2,CONSORCIO 4C,CI.004/GP8888/21/9.2,AGENCIA NACIONAL DE INFRAESTRUCTURA - ANI,,09/02/2021,Ref. Contrato de Concesión 003 de 2014 Concesión Honda - Puerto Salgar - Girardot. Informe Socioambiental 63 Versión 00,15_01_Cartas_Enviadas/RADICADAS/2021/CI004_888821_090200_ANI_INF_SOCIOAMB_ENE_2021.pdf
1956,6,CONSORCIO 4C,CI.004/GP9575/21/7.1.8,,,1 de noviembre de 2021,,15_01_Cartas_Enviadas/RADICADAS/2021/CI004_957521_070108_CON_INFORME_FIN_RES_1928_LVEDA.pdf
1954,4,CONSORCIO 4C,CI.004/GP9259/21/7.3.1,,,2 de julio de 2021,,15_01_Cartas_Enviadas/RADICADAS/2021/CI004_925921_070301_CON_BOLET_MAN_BRISAS.pdf
1957,12,CONSORCIO 4C,CI.004/GP9383/21/7.3.3,,,7  de Septiembre  de 2021,,15_01_Cartas_Enviadas/RADICADAS/2021/CI004_938321_070303_CON_INDICES_AGOSTO_2021.pdf
1958,4,CONSORCIO 4C,CI.004/GP9257/21/5.3-7.4.1,,,3 de Julio de 2021,,15_01_Cartas_Enviadas/RADICADAS/2021/CI004_925721_050300_070401_ANI_CIERRE_CURA_ACCESO_ALMA-2-0098-1.pdf
1952,6,CONSORCIO 4C,CI.004/GP8866/21/5.3-7.1.4,AGENCIA NACIONAL DE INFRAESTRUCTURA - ANI,,02/02/2021,"Ref. Contrato de Concesión 003 de 2014 Concesión Honda - Puerto Salgar - Girardot Solicitud de No Objeción a un Plazo de Cura, por el incumplimiento de la obligación relacionada con la entrega de información exigida por la ANI y/o la Interventoría (incumplimiento al que hace alusión el literal “(h)” de la Sección 6.1 de la Parte Especial del Contrato de Concesión)",15_01_Cartas_Enviadas/RADICADAS/2021/CI004_886621_050300_070104_ANI_NOOBJECI_PCURA_PAVIMENT_UF4.pdf
1959,5,CONSORCIO 4C,CI.004/GP9144/21/7.1.8,,,6 de mayo de 2021,,15_01_Cartas_Enviadas/RADICADAS/2021/CI004_914421_070108_CON_INF_AVANCE_MEDIDAS_COMPENSA_AMBIEN.pdf
1960,4,CONSORCIO 4C,CI.004/GP9568/21/7.2.8,,,2 de Noviembre de 2021,,15_01_Cartas_Enviadas/RADICADAS/2021/CI004_956821_070208_ANI_REVISION_RECAUDO_FOSEVI_SEP_2021.pdf
1961,7,CONSORCIO 4C,CI.004/GP9068/21/7.3.3,,,2 de abril de 2021,,15_01_Cartas_Enviadas/RADICADAS/2021/CI004_906821_070303_CON_INDICES_ENERO2020_DIC2021_CORRECCIÓN.pdf
1963,2,CONSORCIO 4C,CI.004/GP8898/21/7.3.7,,,1 de Febrero de 2021,,15_01_Cartas_Enviadas/RADICADAS/2021/CI004_889821_070307_ANI_ACCIDENTE_FATAL_PR19+900_UF4.pdf
1962,13,CONSORCIO 4C,CI.004/GP9003/21/5.3,,,1 de Marzo de 2021,,15_01_Cartas_Enviadas/RADICADAS/2021/CI004_900321_070203_ANI_CAMBIO_PRESTAMISTAS.pdf
1965,4,CONSORCIO 4C,CI.004/GP9623/21/5.3,,,2 de Diciembre de 2021,,15_01_Cartas_Enviadas/RADICADAS/2021/CI004_962321_050300_ANI_AYUDA_MEMORIA_REUNIÓN_INVIAS_NPH_UF5.pdf
1964,6,CONSORCIO 4C,CI.004/GP9683/21/7.3,,,3 de diciembre de 2021,,15_01_Cartas_Enviadas/RADICADAS/2021/CI004_968321_070300_CON_REQUERIMI_REPARA_BACHES_UF5_NPH.pdf
1967,13,CONSORCIO 4C,CI.004/GP9535/21/7.1.8,,,2 de Octubre de 2021,,15_01_Cartas_Enviadas/RADICADAS/2021/CI004_953521_070108_CON_DIAGNOSTICO_GESTION_AMBIENTAL_UF2.pdf
1966,2,CONSORCIO 4C,cI.004/GP9524n1n.4.1,,,1 de octubre de 2021,,15_01_Cartas_Enviadas/RADICADAS/2021/CI004_952421_070401_CON_DEVOLUCION_EXPEDIENTES_ALMA-2021-1486.pdf
1969,4,CONSORCIO 4C,CI.004/GP8893/21/9.2,,,0 de febrero de 2021,,15_01_Cartas_Enviadas/RADICADAS/2021/CI004_889321_090200_SUP_SUPER_TRANSP_DIC_2020.pdf
1971,5,CONSORCIO 4C,CI.004/GP9121/21/7.1.8,,,9 de mayo de 2021,,15_01_Cartas_Enviadas/RADICADAS/2021/CI004_912121_070108_CON_INF_ACC_COMP_UF3.pdf
1970,7,CONSORCIO 4C,CI.004/GP9472/21/7.5,,,1 de octubre de 2021,,15_01_Cartas_Enviadas/RADICADAS/2021/CI004_947221_070500_CON_REV_MEMOTECNICA_JUL2021.pdf
1968,16,CONSORCIO 4C,CI.004/GP8967/21/5.3,,,1 de Marzo de 2021,,15_01_Cartas_Enviadas/RADICADAS/2021/CI004_896721_050300_ANI_EER_CONCEPTO_ALMA-2-0122.pdf
1972,3,CONSORCIO 4C,CI.004/GP8800/21/7.3.,,,8 de enero de 2021,,15_01_Cartas_Enviadas/RADICADAS/2021/CI004_880020_070300_CON_CIRCULAR_FESTIVOS_REYESMAGOS_2020.pdf
1974,4,CONSORCIO 4C,CI.004/GP9015/21/7.1.8,,,5 de abril de 2021,,15_01_Cartas_Enviadas/RADICADAS/2021/CI004_901521_070108_CON_PROG_VIS_REU_AA.pdf
1973,5,CONSORCIO 4C,CI.004/GP9114/21/7.4.6,,,4 de mayo de 2021,,15_01_Cartas_Enviadas/RADICADAS/2021/CI004_911421_070406_CON_AVALUOS9_1UF3.pdf
1975,2,CONSORCIO 4C,GP-8971,,,2 de Marzo de 2021,,15_01_Cartas_Enviadas/RADICADAS/2021/CI004_897121_070401_CON_SELLOS_EXPEDIENTE_2021-0346.pdf
1976,4,CONSORCIO 4C,GP-8981,,,7 de Marzo de 2021,,15_01_Cartas_Enviadas/RADICADAS/2021/CI004_898121_070401_CON_SEGUIMIENTO_DISPONIBILIDAD_PREDIAL.pdf
1977,5,CONSORCIO 4C,CI.004/GP9161/21/7.4.6,,,2 de junio de 2021,,15_01_Cartas_Enviadas/RADICADAS/2021/CI004_916121_070406_CON_OBS_AVALUO_ALMA-5-0012-1.pdf
1978,4,CONSORCIO 4C,CI.004/GP8980/21/7.1.8,,,7 de marzo de 2021,,15_01_Cartas_Enviadas/RADICADAS/2021/CI004_898021_070108_CON_INF_TRIM_24_V01.pdf
1979,2,CONSORCIO 4C,CI.004/GP9046/21/7.1.14,,,4 de Abril de 2021,,15_01_Cartas_Enviadas/RADICADAS/2021/CI004_904621_070114_ANI_PARROQUIA_DORADA.pdf
1981,8,CONSORCIO 4C,CI.004/GP8859/21/7.3,,,9 de enero de 2021,,15_01_Cartas_Enviadas/RADICADAS/2021/CI004_885920_070303_CON_POSTES_S.O.S.pdf
1980,7,CONSORCIO 4C,CI.004/GP9187/21/5.3,,,7 de Junio de 2021,,15_01_Cartas_Enviadas/RADICADAS/2021/CI004_918721_050300_ANI_MODIFICACIÓN_AT2_#2.pdf
1982,5,CONSORCIO 4C,CI.004/GP9143/21/7.1.9,,,5 de Mayo de 2021,,15_01_Cartas_Enviadas/RADICADAS/2021/CI004_914321_070109_ANI_RTA_PQR_OSCAR_ALZATE.pdf
1983,4,CONSORCIO 4C,CI.004/GP9376/21/7.2.2,,,4 de agosto de 2021,,15_01_Cartas_Enviadas/RADICADAS/2021/CI004_937621_070202_PWC_RTA_AUDITORIA_FIDUCIA.pdf
1985,8,CONSORCIO 4C,CI.004/GP9448/21/5.3,,,0 de Septiembre de 2021,,15_01_Cartas_Enviadas/RADICADAS/2021/CI004_944821_050300_ANI_INFORME-CURA_CERCAS_UF5.pdf
1984,5,CONSORCIO 4C,CI.004/GP9038/21/7.4.1,,,3 de Abril de 2021,,15_01_Cartas_Enviadas/RADICADAS/2021/CI004_903821_070401_ANI_REPORTE_NIIF_I-TRIMESTRE-2021.pdf
1986,4,CONSORCIO 4C,CI.004/GP8881/21/7.4.6,,,5 de febrero de 2021,,15_01_Cartas_Enviadas/RADICADAS/2021/CI004_888121_070406_CON_OBS_AVALUO9_3UF3.pdf
1987,3,CONSORCIO 4C,CI.004/GP9543/21/5.3,,,6 de Octubre de 2021,,15_01_Cartas_Enviadas/RADICADAS/2021/CI004_954321_050300_ANI_CONCEPTO_EDS_GUATAQUÍ_#2.pdf
1988,8,CONSORCIO 4C,CI.004/GP9340/21/7.1.9,,,7 de agosto de 2021,,15_01_Cartas_Enviadas/RADICADAS/2021/CI004_934021_070109_CON_ACCESO_IRREGULAR_PEAJE_GUATAQUI.pdf
1989,5,CONSORCIO 4C,CI.004/GP9489/21/7.2.1,,,6 de octubre de 2021,,15_01_Cartas_Enviadas/RADICADAS/2021/CI004_948921_070201_CON_MAYORES_VALORES_PREDIAL.pdf
1990,2,CONSORCIO 4C,GP-9109,,,4 de Mayo de 2021,,15_01_Cartas_Enviadas/RADICADAS/2021/CI004_910921_070401_CON_EXPEDIENTE_ALMA-1-0012.pdf
1991,4,CONSORCIO 4C,CI.004/GP9013/21/5.3,,,5 de abril de 2021,,15_01_Cartas_Enviadas/RADICADAS/2021/CI004_901321_070115_CON_GES_CENIT.pdf
1992,11,CONSORCIO 4C,CI.004/GP9334/21/7.3.3,,,1 de Agosto  de 2021,,15_01_Cartas_Enviadas/RADICADAS/2021/CI004_933421_070303_CON_INDICES_JULIO_2021.pdf
1994,8,CONSORCIO 4C,CI.004/GP9501/21/7.1.9,,,2 de octubre de 2021,,15_01_Cartas_Enviadas/RADICADAS/2021/CI004_950121_070109_CON_ACCESO_IRREGULAR_PEAJE_GUATAQUI.pdf
1993,2,CONSORCIO 4C,CI.004/GP9169/21/5.3,,,9 de Junio de 2021,,15_01_Cartas_Enviadas/RADICADAS/2021/CI004_916921_050300_ANI_ACT_PROT_BIOS_4C_V03.pdf
1995,3,CONSORCIO 4C,CI.004/GP9313/21/7.1.10,,,3 de agosto de 2021,,15_01_Cartas_Enviadas/RADICADAS/2021/CI004_931321_070110_CON_INF_SS_SAL_SEMI_2021.pdf
1996,10,CONSORCIO 4C,CI.004/GP9328/21/7.2.8,,,1 de Agosto de 2021,,15_01_Cartas_Enviadas/RADICADAS/2021/CI004_932821_070208_ANI_PROYECCION_DR8_JUL2021.pdf
1997,3,CONSORCIO 4C,GP-8789,,,6 de Enero de 2021,,15_01_Cartas_Enviadas/RADICADAS/2021/CI004_878921_070401_CON_EST_FICHA_ALMA-2-0157.pdf
1998,5,CONSORCIO 4C,GP-9572,,,2 de Noviembre de 2021,,15_01_Cartas_Enviadas/RADICADAS/2021/CI004_957221_070406_CON_REV_AVALU_ALMA-2021-1550.pdf
1999,3,CONSORCIO 4C,CI.004/GP8811/21/9.2,,,5 de Enero de 2021,,15_01_Cartas_Enviadas/RADICADAS/2021/CI004_881121_090200_SUP_SUPER_TRANSP_DIC_2020.pdf
2000,4,CONSORCIO 4C,CI.004/GP8803/21/7.4.1,,,3 de enero de 2021,,15_01_Cartas_Enviadas/RADICADAS/2021/CI004_880321_070401_CON_SEGUIMIENTO_CRONOGRAMA_OTROSÍ9.pdf
2001,2,CONSORCIO 4C,CI.004/GP9348/21/7.2.2,,,7 de Agosto de 2021,,15_01_Cartas_Enviadas/RADICADAS/2021/CI004_934821_070202_ANI_F-001_MTTO_JUL-2021.pdf
2002,5,CONSORCIO 4C,CI.004/GP8874/21/7.4.6,,,4 de febrero de 2021,,15_01_Cartas_Enviadas/RADICADAS/2021/CI004_887421_070406_CON_OBS_AVALUO_ALMA-3-0056.pdf
2003,3,CONSORCIO 4C,CI.004/GP9526/21/7.1.8,,,1 de octubre de 2021,,15_01_Cartas_Enviadas/RADICADAS/2021/CI004_952621_070108_CON_INF_TRIM_AMB_25_V03.pdf
2004,6,CONSORCIO 4C,CI.004/GP8858/21/7.4.1,,,9 de enero de 2021,,15_01_Cartas_Enviadas/RADICADAS/2021/CI004_885821_070401_CON_ESTADO_PREDIOS_ADQUIRIDOS.pdf
2006,4,CONSORCIO 4C,CI.004/GP8860/21/7.4.6,,,9 de enero de 2021,,15_01_Cartas_Enviadas/RADICADAS/2021/CI004_886021_070406_CON_OBS_AVAL9_ALMA-3-0020-3.pdf
2007,5,CONSORCIO 4C,CI.004/GP9536/21/7.1.8,,,2 de octubre de 2021,,15_01_Cartas_Enviadas/RADICADAS/2021/CI004_953621_070108_CON_E&D_QUEBRADA_ARENALES.pdf
2008,2,CONSORCIO 4C,GP-8784,,,5 de enero de 2021,,15_01_Cartas_Enviadas/RADICADAS/2021/CI004_878421_070401_CON_EST_FICHA_ALMA-5-0069_--.pdf
2009,12,CONSORCIO 4C,CI.004/GP9667/21/7.5,,,7 de diciembre de 2021,,15_01_Cartas_Enviadas/RADICADAS/2021/CI004_966721_070500_CON_REV_MEMOTECNICA_OCT 2021.pdf
2005,5,CONSORCIO 4C,CI.004/GP8941/21/7.1.10,,,1 de marzo de 2021,,15_01_Cartas_Enviadas/RADICADAS/2021/CI004_894121_070110_CON_FALLA_CONT_SST.pdf
2010,2,CONSORCIO 4C,CI.004/GP9514/21/7.2.2,,,5 de Octubre de 2021,,15_01_Cartas_Enviadas/RADICADAS/2021/CI004_951421_070202_ANI_F-009_RECAUD_PEAJES_SEP-2021.pdf
2011,2,CONSORCIO 4C,CI.004/GP9174/21/9.2,,,0 de Junio de 2021,,15_01_Cartas_Enviadas/RADICADAS/2021/CI004_917421_090200_ANI_INFORME_MENSUAL_MAY_2021_.pdf
2012,4,CONSORCIO 4C,CI.004/GP9619/21/7.4.1,,,1 de Diciembre de 2021,,15_01_Cartas_Enviadas/RADICADAS/2021/CI004_961921_070401_ANI_DERECHO_PETICION_ALMA-3-0132_.pdf
2013,3,CONSORCIO 4C,GP-8922,,,0 de febrero de 2021,,15_01_Cartas_Enviadas/RADICADAS/2021/CI004_892221_070401_CON_REV_FICHA_ALMA-5-0105.pdf
2014,2,CONSORCIO 4C,CI.004/GP9497/21/7.2.2,,,7 de Octubre de 2021,,15_01_Cartas_Enviadas/RADICADAS/2021/CI004_949721_070202_ANI_F-301_PPYE_ENE-JUN_2021.pdf
2015,7,CONSORCIO 4C,CI.004/GP8787/21/5.3,,,6 de Enero de 2021,,15_01_Cartas_Enviadas/RADICADAS/2021/CI004_878721_050300_ANI_NO-OBJECION_P-CURA_POLIZAS_O&M.pdf
2017,10,CONSORCIO 4C,CI.004/GP9550/21/5.3-9.3,,,2 de Noviembre de 2021,,15_01_Cartas_Enviadas/RADICADAS/2021/CI004_955021_050300_090300_ANI_INFO_ESPECIF-TEC_UF5_R4.pdf
2016,4,CONSORCIO 4C,CI.004/GP9245/21/7.1.9,,,8 de julio de 2021,,15_01_Cartas_Enviadas/RADICADAS/2021/CI004_924521_070109_SBARRERA_RTA_PETICION.pdf
2018,4,CONSORCIO 4C,CI.004/GP9141/21/7.1.10,,,5 de mayo de 2021,,15_01_Cartas_Enviadas/RADICADAS/2021/CI004_914121_070110_CON_OBS_SEG_SOC_SAL_FEB-ENE.pdf
2020,4,CONSORCIO 4C,CI.004/GP8990/21/7.4.1,,,9 de marzo de 2021,,15_01_Cartas_Enviadas/RADICADAS/2021/CI004_899021_070401_CON_OBS_INFOGP_FEB2021.pdf
2021,3,CONSORCIO 4C,CI.004/GP9282/21/5.3,,,2 de julio de 2021,,15_01_Cartas_Enviadas/RADICADAS/2021/CI004_928221_050300_CON_REQUE_ACTUALIZA_POLIZA_TODORIESGO.pdf
2019,3,CONSORCIO 4C,CI.004/GP9008/21/7.3.3,,,9 de marzo de 2021,,15_01_Cartas_Enviadas/RADICADAS/2021/CI004_900821_070303_CON_MEDICIÓN_INDICADORES_04_2021.pdf
2022,3,CONSORCIO 4C,CI.004/GP9671/21/7.3.1.,,,7 de diciembre de 2021,,15_01_Cartas_Enviadas/RADICADAS/2021/CI004_967121_070301_CON_INFO-AUDI_PEAJE_NOV.-21.pdf
2023,2,CONSORCIO 4C,CI.004/GP9408/21/9.2,,,8 de Septiembre de 2021,,15_01_Cartas_Enviadas/RADICADAS/2021/CI004_940821_090200_ANI_INF_SOCIOAMB_AGO_2021.pdf
2024,3,CONSORCIO 4C,CI.004/GP8901/21/7.2.10,,,2 de Febrero de 2021,,15_01_Cartas_Enviadas/RADICADAS/2021/CI004_890121_070210_ANI_ACTAS_RETRIB_DIC2020_UF1-5.pdf
2025,2,CONSORCIO 4C,CI.004/GP9438/21/7.2.2,,,6 de Septiembre de 2021,,15_01_Cartas_Enviadas/RADICADAS/2021/CI004_943821_070202_ANI_F-207_REND_SUBC_AGO-2021.pdf
2026,5,CONSORCIO 4C,CI.004/GP9606/21/7.1.7,,,4 de noviembre de 2021,,15_01_Cartas_Enviadas/RADICADAS/2021/CI004_960621_070107_CON_REV_E&D_SITIO_CRITICO_PR66.pdf
2027,3,CONSORCIO 4C,CI.004/GP8791/20/7.1.14,,,8 de Enero de 2021,,15_01_Cartas_Enviadas/RADICADAS/2021/CI004_879120_070114_ANI_OCUPA_TEMP_TGI_#2.pdf
2028,4,CONSORCIO 4C,CI.004/GP8830/21/7.3.1.,,,1 de enero de 2021,,15_01_Cartas_Enviadas/RADICADAS/2021/CI004_883021_070301_SEÑALIZAC_CARRILE_IP_REV_ENERO_21.pdf
2029,3,CONSORCIO 4C,CI.004/GP8809/21/7.3.1.,,,5 de enero de 2021,,15_01_Cartas_Enviadas/RADICADAS/2021/CI004_880921_070301_CON_INFO-AUDI_PEAJE_DIC-20.pdf
2031,3,CONSORCIO 4C,CI.004/GP9230/21/7.1.2,,,0 de junio de 2021,,15_01_Cartas_Enviadas/RADICADAS/2021/CI004_923021_070102_CON_ENCUESTA_CLIENTE.pdf
2030,3,CONSORCIO 4C,CI.004/GP9196/21/7.1.15,,,8 de junio de 2021,,15_01_Cartas_Enviadas/RADICADAS/2021/CI004_919621_070115_CON_REQUE_TERMINA_CAMA_ANOD.pdf
2032,4,CONSORCIO 4C,CI.004/GP8815/21/7.1.10,,,5 de enero de 2021,,15_01_Cartas_Enviadas/RADICADAS/2021/CI004_881521_070110_CON_SEG_SOC_SALAR_OCT-SEPT.pdf
2033,4,CONSORCIO 4C,CI.004/GP9233/21/7.3.1,,,0 de junio de 2021,,15_01_Cartas_Enviadas/RADICADAS/2021/CI004_923321_070301_CON_ANISCOPIO-CONS.pdf
2034,3,CONSORCIO 4C,CI.004/GP8943/21/7.4.2,,,1 de marzo de 2021,,15_01_Cartas_Enviadas/RADICADAS/2021/CI004_894321_070402_CON_ACTUALIZA_PCSE_ALMA-2021-0312.pdf
2035,5,CONSORCIO 4C,CI.004/GP9594/21/7.1.8,,,8 de noviembre de 2021,,15_01_Cartas_Enviadas/RADICADAS/2021/CI004_959421_070108_CON_INF_COMPENSAC_AMBIEN_RES_0038.pdf
2036,9,CONSORCIO 4C,CI.004/GP9650/21/7.4.1,,,4 de diciembre de 2021,,15_01_Cartas_Enviadas/RADICADAS/2021/CI004_965021_070401_CON_INDICE_PREDIAL_NOV2021.pdf
2037,2,CONSORCIO 4C,CI.004/GP8783/21/14.7.11,,,4 de Enero de 2021,,15_01_Cartas_Enviadas/RADICADAS/2021/CI004_878321_140711_ANI_ENCUESTA_SATISFACCION_CLIENTE 2020.pdf
2038,3,CONSORCIO 4C,GP-9562,,,2 de Noviembre de 2021,,15_01_Cartas_Enviadas/RADICADAS/2021/CI004_956221_070401_CON_EXP_FINAL_ALMA-2021-1355.pdf
2039,2,CONSORCIO 4C,CI.004/GP8801/21/9.2,,,8 de Enero de 2021,,15_01_Cartas_Enviadas/RADICADAS/2021/CI004_880120_090200_ANI_INFORME_MENSUAL_DIC_2020.pdf
2040,6,CONSORCIO 4C,CI.004/GP8934/21/7.1.8,,,5 de febrero de 2021,,15_01_Cartas_Enviadas/RADICADAS/2021/CI004_893421_070108_CON_ALMA-2021-0276_ACTA_220.pdf
2041,4,CONSORCIO 4C,CI.004/GP8933/21/5.3,,,5 de Febrero de 2021,,15_01_Cartas_Enviadas/RADICADAS/2021/CI004_893321_050300_ANI_POLIZAS_OPERA_MMTO.pdf
2043,5,CONSORCIO 4C,CI.004/GP9017/21/7.4.1,,,7 de abril de 2021,,15_01_Cartas_Enviadas/RADICADAS/2021/CI004_901721_070401_CON_SEG_CRONO_OTROSÍ9.pdf
2044,2,CONSORCIO 4C,CI.004/9427/21/2.2,,,5 de Septiembre de 2021,,15_01_Cartas_Enviadas/RADICADAS/2021/CI004_942721_020200_ANI_REEMPLAZO_INGENIERO PREDIAL.pdf
2042,6,CONSORCIO 4C,CI.004/GP9119/21/7.4.1,,,8 de mayo de 2021,,15_01_Cartas_Enviadas/RADICADAS/2021/CI004_911921_070401_CON_CRONO_OTROSÍ9_MAYO2021.pdf
2045,2,CONSORCIO 4C,CI.004/GP8905/21/7.1.14,,,2 de Febrero de 2021,,15_01_Cartas_Enviadas/RADICADAS/2021/CI004_890521_070114_ANI_U.CALDAS.pdf
2046,6,CONSORCIO 4C,CI.004/GP9698/21/5.3-7.1.15,,,0 de Diciembre de 2021,,15_01_Cartas_Enviadas/RADICADAS/2021/CI004_969821_050300_070115_ANI_NOOBJECIÓN_PCURA_CONVENIOS_REDES.pdf
2047,9,CONSORCIO 4C,CI.004/GP9132/21/7.1.15,,,1 de mayo de 2021,,15_01_Cartas_Enviadas/RADICADAS/2021/CI004_913221_070115_CON_APROB_DESMB_ACTA16.pdf
2048,7,CONSORCIO 4C,CI.004/GP9387/21/7.2.1,CONCESIÓN ALTO MAGDALENA S.A.S,,27/08/2021,"Ref. Contrato de Concesión 003 de 2014 Concesión Honda – Girardot – Puerto Salgar Solicitud Información Valoración Obligaciones Contingentes / Ministerio de Hacienda y Crédito Público, con corte a 31.julio.2021.",15_01_Cartas_Enviadas/RADICADAS/2021/CI004_938721_070201_CON_OBLIGA_CONTIN_MINHACI_JUL_2021.pdf
2049,4,CONSORCIO 4C,CI.004/GP9546/21/7.1.9-7.1.8,CONCESIÓN ALTO MAGDALENA S.A.S.,,29/10/2021,Ref. Contrato de Concesión 003 de 2014 Concesión Honda - Puerto Salgar - Girardot Observaciones Informe final Plan de Reasentamiento,15_01_Cartas_Enviadas/RADICADAS/2021/CI004_954621_070109_070108_CON_REVISION_PLAN_REASENT_UF5.pdf
2051,5,CONSORCIO 4C,CI.004/GP9391/21/7.3.1.,CONCESIÓN ALTO MAGDALENA S.A.S.,,30/08/2021,Ref. Contrato de Concesión 003 de 2014 Concesión Honda - Puerto Salgar - Girardot Novedades Peajes - Agosto - 2021,15_01_Cartas_Enviadas/RADICADAS/2021/CI004_939121_070301_CON_NOV_AGOSTO.pdf
2050,3,CONSORCIO 4C,CI.004/GP9239/21/5.3,AGENCIA NACIONAL DE INFRAESTRUCTURA - ANI,,06/07/2021,Ref. Contrato de Concesión 003 de 2014 Concesión Honda - Puerto Salgar - Girardot Alcance a la comunicación CI.004/GP9225/21/5.3 Solicitud de No objeción a un Plazo de Cura,15_01_Cartas_Enviadas/RADICADAS/2021/CI004_923921_050300_ANI_NO-OBJECION_PCURA_SUBC_REDES_ALC.pdf
2052,6,CONSORCIO 4C,CI.004/GP9107/21/7.1.9,CONCESION ALTO MAGDALENA S.A.S,,14/05/2021,Ref. Contrato de Concesión 003 de 2014 Concesión Honda – Girardot – Puerto Salgar. Respuesta ALMA-2021-0702 Avance compromisos con comunidad de Puerto Bogotá,15_01_Cartas_Enviadas/RADICADAS/2021/CI004_910721_070109_CON_REUN_PUERTO_BOGOTA.pdf
2053,3,CONSORCIO 4C,CI.004/GP9462/21/7.1.8,CONCESIÓN ALTO MAGDALENA S.A.S,,27/09/2021,Ref. Contrato de Concesión 003 de 2014 Concesión Honda - Puerto Salgar - Girardot. Informe Trimestral N°27 / Gestión Ambiental mayo – julio 2021,15_01_Cartas_Enviadas/RADICADAS/2021/CI004_946221_070108_CON_REQ_INF_TRIM_27.pdf
2055,5,CONSORCIO 4C,CI.004/GP8926/21/7.3.1,CONCESIÓN ALTO MAGDALENA S.A.S.,,23/02/2021,Ref. Contrato de Concesión 003 de 2014 Concesión Honda - Puerto Salgar - Girardot Solicitud de informes Mensuales y Cuerpo de vigilancia permanente en estaciones de Pesaje,15_01_Cartas_Enviadas/RADICADAS/2021/CI004_892621_070301_CON_INFORME MENSUAL.pdf
2054,4,CONSORCIO 4C,CI.004/GP8821/21/7.1.10,CONCESIÓN ALTO MAGDALENA S.A.S,,18/01/2021,Ref. Contrato de Concesión 003 de 2014 Concesión Honda - Puerto Salgar - Girardot. Revisión soportes Seguridad Social agosto y salarios julio de 2020,15_01_Cartas_Enviadas/RADICADAS/2021/CI004_882121_070110_CON_OBS_SEG_SOC_SALAR_AGOS-JUL.pdf
2057,5,CONSORCIO 4C,CI.004/GP9219/21/7.4.6,CONCESIÓN ALTO MAGDALENA S.A.S.,,25/06/2021,"Ref. Contrato de Concesión 003 de 2014 Concesión Honda - Puerto Salgar - Girardot Revisión de Avalúo Predio ALMA-5-0012-1, UF5",15_01_Cartas_Enviadas/RADICADAS/2021/CI004_921921_070406_CON_OBS_AVALUO_ALMA-5-0012-1.pdf
2056,4,CONSORCIO 4C,CI.004/GP9330/21/7.4.6,CONCESIÓN ALTO MAGDALENA S.A.S,,11/08/2021,Ref. Contrato de Concesión 003 de 2014 Concesión Honda - Puerto Salgar - Girardot. Revisión de 5 Avalúos Otrosí No. 9 de la UF3 y UF5,15_01_Cartas_Enviadas/RADICADAS/2021/CI004_933021_070406_CON_OBSER_AVALUOS9_3UF3-2UF5.pdf
2058,2,CONSORCIO 4C,CI.004/GP9129/21/7.2.2,AGENCIA NACIONAL DE INFRAESTRUCTURA,20214090557652,20/05/2021,"gcsp-f-009 informe mensual recaudo de peajes, abril 2021",15_01_Cartas_Enviadas/RADICADAS/2021/CI004_912921_070202_ANI_F-009_RECAUD_PEAJES_ABR-2021.pdf
2059,2,CONSORCIO 4C,CI.004/GP9513/21/7.2.2,AGENCIA NACIONAL DE INFRAESTRUCTURA – ANI,,15/10/2021,Ref. Contrato de Concesión 003 de 2014 Concesión Honda – Girardot – Puerto Salgar. Formato GCSP-F-208 Informe Ingresos Por Explotación Comercial – septiembre de 2021,15_01_Cartas_Enviadas/RADICADAS/2021/CI004_951321_070202_ANI_F-208_EXPLOTA_COMERCIAL_SEP_2021.pdf
2060,4,CONSORCIO 4C,CI.004/GP9537/21/7.1.9-7.1.8,CONCESIÓN ALTO MAGDALENA S.A.S.,,22/10/2021,Ref. Contrato de Concesión 003 de 2014 Concesión Honda - Puerto Salgar - Girardot Observaciones Informe final Plan de Reasentamiento,15_01_Cartas_Enviadas/RADICADAS/2021/CI004_953721_070109_070108_CON_RESP_PLAN_REASENTAMIENTO.pdf
2061,6,CONSORCIO 4C,CI.004/GP8832/21/7.4.1,CONCESIÓN ALTO MAGDALENA S.A.S,,22/01/2021,Ref. Contrato de Concesión 003 de 2014 Concesión Honda - Puerto Salgar - Girardot. Requerimiento Instalación Cercas Unidad Funcional 5.,15_01_Cartas_Enviadas/RADICADAS/2021/CI004_883221_070401_CON_REQUERIMIENTO_CERCAS_UF5.pdf
2063,2,CONSORCIO 4C,CI.004/GP8987/21/7.2.2,AGENCIA NACIONAL DE INFRAESTRUCTURA - ANI,,18/03/2021,Ref. Contrato de Concesión 003 de 2014 Concesión Honda - Puerto Salgar - Girardot Remisión Formato GCSP-F-007 Informe de Ejecución de Recursos Públicos – Febrero 2021.,15_01_Cartas_Enviadas/RADICADAS/2021/CI004_898721_070202_ANI_F-007_REC_PUB_FEB2021.pdf
2062,5,CONSORCIO 4C,CI.004/GP8873/21/5.3,AGENCIA NACIONAL DE INFRAESTRUCTURA - ANI,,04/02/2021,"Ref. Contrato de Concesión 003 de 2014 Concesión Honda – Girardot – Puerto Salgar. Cierre proceso sancionatorio por Incumplimiento de la Obligación relacionada con la entrega de información asociada con las gestiones del Concesionario frente a la invasión del predio ALMA-4-0030, contemplada en la sección 4.5 literal (k) de la Parte General del Contrato de Concesión",15_01_Cartas_Enviadas/RADICADAS/2021/CI004_887321_070109_ANI_CIERRE_CURA_ALMA-4-0030.pdf
2065,3,CONSORCIO 4C,CI.004/GP9202/21/7.4.2,CONCESIÓN ALTO MAGDALENA S.A.S,,22/06/2021,Ref. Contrato de Concesión 003 de 2014 Concesión Honda - Puerto Salgar - Girardot Respuesta comunicación ALMA-2021-0841,15_01_Cartas_Enviadas/RADICADAS/2021/CI004_920221_070402_CON_FICHAS_SOCIALES-ALMA_2021_0841.pdf
2064,3,CONSORCIO 4C,CI.004/GP9152/21/7.2.10,AGENCIA NACIONAL DE INFRAESTRUCTURA - ANI,,31/05/2021,"Ref. Contrato de Concesión 003 de 2014 Concesión Honda - Puerto Salgar - Girardot Actas de Retribución UF1-3-4, marzo de 2021.",15_01_Cartas_Enviadas/RADICADAS/2021/CI004_915221_070210_ANI_ACTAS_RETRIBUCION_UF134_MARZO 2021.pdf
2066,2,CONSORCIO 4C,CI.004/GP9483/21/7.4.2,CONCESIÓN ALTO MAGDALENA S.A.S.,,01/10/2021,Ref. Contrato de Concesión 003 de 2014 Concesión Honda - Puerto Salgar - Girardot Respuesta comunicación ALMA-2021-1332,15_01_Cartas_Enviadas/RADICADAS/2021/CI004_948321_070402_CON_FICHAS_SOCIALES-ALMA_2021-1332.pdf
2067,2,CONSORCIO 4C,CI.004/GP9284/21/7.2.2,AGENCIA NACIONAL DE INFRAESTRUCTURA – ANI,,26/07/2021,Ref. Contrato de Concesión 003 de 2014 Concesión Honda – Girardot – Puerto Salgar. Formato GCSP-F-001 Mantenimiento Bienes Uso Público – junio de 2021,15_01_Cartas_Enviadas/RADICADAS/2021/CI004_928421_070202_ANI_F-001_MTTO_JUN-2021.pdf
2068,2,CONSORCIO 4C,CI.004/GP9124/21/7.2.2,AGENCIA NACIONAL DE INFRAESTRUCTURA – ANI,,19/05/2021,Ref. Contrato de Concesión 003 de 2014 Concesión Honda – Girardot – Puerto Salgar. Formato GCSP-F-001 Mantenimiento Bienes Uso Público – abril de 2021,15_01_Cartas_Enviadas/RADICADAS/2021/CI004_912421_070202_ANI_F-001_MTTO_ABR-2021.pdf
2069,6,CONSORCIO 4C,CI.004/GP9355/21/7.1.4,CONCESIÓN ALTO MAGDALENA S.A.S.,,18/08/2021,"Ref. Contrato de Concesión 003 de 2014 Concesión Honda – Puerto Salgar – Girardot. Requerimiento Revisión Drenaje Superficial PR21+950, Unidad Funcional 2.",15_01_Cartas_Enviadas/RADICADAS/2021/CI004_935521_070104_CON_REV_DRENAJE_SUPERFICIAL_PR19+950_UF2.pdf
2070,14,CONSORCIO 4C,CI.004/GP9613/21/5.3,AGENCIA NACIONAL DE INFRAESTRUCTURA - ANI,20213050295711,26/11/2021,Ref. Contrato de Concesión 003 de 2014 Concesión Honda - Puerto Salgar - Girardot Desistimiento a la Solicitud No objeción Plazo de Cura derivado del presunto incumplimiento relacionado con las Especificaciones Técnicas de la UF3.,15_01_Cartas_Enviadas/RADICADAS/2021/CI004_961321_050300_ANI_NO_OBJ_PCURA_ESPECIF_TECNIC_UF3_ALCANCE.pdf
2073,3,CONSORCIO 4C,CI.004/GP9694/21/7.1.9,,,28/12/2021,Ref. Contrato de Concesión 003 de 2014 Concesión Honda – Girardot – Puerto Salgar. Respuesta derecho petición,15_01_Cartas_Enviadas/RADICADAS/2021/CI004_969421_070109_FGUTIERREZ_RTA_PETICION.pdf
2075,3,CONSORCIO 4C,CI.004/GP9580/21/7.2.1,CONCESIÓN ALTO MAGDALENA S.A.S.,,11/11/2021,Ref. Contrato de Concesión 003 de 2014 Concesión Honda - Puerto Salgar - Girardot Solicitud Soportes subcuentas. Julio a octubre de 2021.,15_01_Cartas_Enviadas/RADICADAS/2021/CI004_958021_070201_CON_REQUERI_SOPORTES_SUBCUENTAS_JUL_OCT_2021.pdf
2074,2,CONSORCIO 4C,CI.004/GP8917/21/7.2.2,AGENCIA NACIONAL DE INFRAESTRUCTURA - ANI,,17/02/2021,Ref. Contrato de Concesión 003 de 2014 Concesión Honda - Puerto Salgar - Girardot Remisión Formato GCSP-F-001 Mantenimiento Bienes Uso Público – enero 2021.,15_01_Cartas_Enviadas/RADICADAS/2021/CI004_891721_070202_ANI_F-001_MTTO_ENE2020.pdf
2076,3,CONSORCIO 4C,CI.004/GP8792/21/7.1.10,CONCESIÓN ALTO MAGDALENA S.A.S.,,07/01/2021,Ref. Contrato de Concesión 003 de 2014 Concesión Honda - Puerto Salgar - Girardot Solicitud de Información / Seguridad Social agosto y Salarios Julio de 2020,15_01_Cartas_Enviadas/RADICADAS/2021/CI004_879221_070110_CON_REQ_SEG_SOC_SAL_AGOS_JUL.pdf
2077,2,CONSORCIO 4C,CI.004/GP9569/21/2.2,,,1 de Noviembre de 2021,,15_01_Cartas_Enviadas/RADICADAS/2021/CI004_956921_020200_ANI_REEMPLAZO_ESP_PAVIMENTOS_GEOTECNIA.pdf
2072,2,CONSORCIO 4C,CI.004/GP9023/21/9.2,AGENCIA NACIONAL DE INFRAESTRUCTURA - ANI,,08/04/2021,Ref. Contrato de Concesión 003 de 2014 Concesión Honda – Girardot – Puerto Salgar. Informe Socioambiental 65 Versión 00,15_01_Cartas_Enviadas/RADICADAS/2021/CI004_902321_090200_ANI_INF_SOCIOAMB_MAR_2021.pdf
2078,3,CONSORCIO 4C,CI.004/GP9439/21/9.2,,,5 de septiembre de 2021,,15_01_Cartas_Enviadas/RADICADAS/2021/CI004_943921_090200_SUP_SUPER_TRANSP_AGOSTO_2021.pdf
2079,8,CONSORCIO 4C,CI.004/GP9021/21/7.4.1,,,8 de Abril de 2021,,15_01_Cartas_Enviadas/RADICADAS/2021/CI004_902121_070401_ANI_INDICE_PREDIAL_MARZO2021.pdf
2080,4,CONSORCIO 4C,CI.004/GP9208/21/7.1.7,,,4 de junio de 2021,,15_01_Cartas_Enviadas/RADICADAS/2021/CI004_920820_070107_CON_REQUERIMI_E&D_PTE_CAÑO_GRANDE.pdf
2081,3,CONSORCIO 4C,CI.004/GP9248/21/7.3.1.,,,8 de julio de 2021,,15_01_Cartas_Enviadas/RADICADAS/2021/CI004_924821_070301_CON_INFO-AUDI_PEAJE_JUNIO-21.pdf
2071,15,CONSORCIO 4C,CI.004/GP9115/21/5.3-9.3,AGENCIA NACIONAL DE INFRAESTRUCTURA - ANI,,18/05/2021,Ref. Contrato de Concesión 003 de 2014 Concesión Honda - Puerto Salgar - Girardot. Verificación del Cumplimiento a las Correcciones y Complementos Pendientes en la UF5. Revisión 3.,15_01_Cartas_Enviadas/RADICADAS/2021/CI004_911521_050300_090300_ANI_INFO_ESPECIF-TEC_UF5_R3.pdf
2082,7,CONSORCIO 4C,CI.004/GP9011/21/7.1.8,,,0 de marzo de 2021,,15_01_Cartas_Enviadas/RADICADAS/2021/CI004_901121_070108_CON_RTA_ANLA_ACTA_220_UF4.1.pdf
2083,19,CONSORCIO 4C,CI.004/GP9424/21/5.3,,,3 de septiembre de 2021,,15_01_Cartas_Enviadas/RADICADAS/2021/CI004_942421_050300_CON_DEFENSAS_UF4_F.pdf
2084,5,CONSORCIO 4C,CI.004/GP9519/21/7.4.1,,,1 de Octubre de 2021,,15_01_Cartas_Enviadas/RADICADAS/2021/CI004_951921_070401_ANI_3EXP_PREDIALES_FINALES.pdf
2085,4,CONSORCIO 4C,CI.004/GP9061/21/7.5,,,0 de abril de 2021,,15_01_Cartas_Enviadas/RADICADAS/2021/CI004_906121_070500_CON_REV_MEM_TEC_FEB_2021 (1).pdf
2086,3,CONSORCIO 4C,GP-8909,,,6 de febrero de 2021,,15_01_Cartas_Enviadas/RADICADAS/2021/CI004_890921_070401_CON_REV_FICHA_ALMA-5-0261.pdf
2087,6,CONSORCIO 4C,CI.004/GP9292/21/7.4.1,,,8 de julio de 2021,,15_01_Cartas_Enviadas/RADICADAS/2021/CI004_929221_070401_CON_REQUER_PAGOS_SABANA_PREDIAL.pdf
2088,4,CONSORCIO 4C,CI.004/GP9074/21/7.4.4,,,8 de Abril de 2021,,15_01_Cartas_Enviadas/RADICADAS/2021/CI004_907421_070404_ANI_RESOL_EXPRO_ALMA-5-0274.pdf
2089,3,CONSORCIO 4C,CI.004/GP9295/21/5.3,,,8 de Julio de 2021,,15_01_Cartas_Enviadas/RADICADAS/2021/CI004_929521_070209_ANI_ACTA_VPIP_JUN_2021.pdf
2091,3,CONSORCIO 4C,CI.004/GP9400/21/7.3.3,,,3 de septiembre de 2021,,15_01_Cartas_Enviadas/RADICADAS/2021/CI004_940021_070303_CON_MEDICIÓN_INDICADORES_09_2021.pdf
2090,4,CONSORCIO 4C,GP-9419,,,0 de Septiembre de 2021,,15_01_Cartas_Enviadas/RADICADAS/2021/CI004_941921_070406_CON_REV_AVALU_ALMA-2021-1258-1259-1260.pdf
2092,5,CONSORCIO 4C,CI.004/GP8929/21/7.1.8,,,4 de febrero de 2021,,15_01_Cartas_Enviadas/RADICADAS/2021/CI004_892921_070108_CON_ZODM_O&M.pdf
2093,4,CONSORCIO 4C,CI.004/GP9598/21/7.4.4,,,3 de noviembre de 2021,,15_01_Cartas_Enviadas/RADICADAS/2021/CI004_959821_070404_CON_OBS_RESO_EXPR_ALMA-5-0013.pdf
2094,3,CONSORCIO 4C,CI.004/GP9626/21/7.1.14,,,3 de Diciembre de 2021,,15_01_Cartas_Enviadas/RADICADAS/2021/CI004_962621_070114_CON_ANI_DERECHO_PETICIÓN_MURO_HONDA.pdf
2095,3,CONSORCIO 4C,CI.004/GP9386/21/7.3.1.,,,7 de agosto de 2021,,15_01_Cartas_Enviadas/RADICADAS/2021/CI004_938621_070301_CON_REMIT_CERTIFICA_RECAUDO_PEAJES_IP_REV.pdf
2096,2,CONSORCIO 4C,CI.004/GP8939/21/7.1.14,,,1 de Marzo de 2021,,15_01_Cartas_Enviadas/RADICADAS/2021/CI004_893921_070114_ANI_ALCANOS_BELTRAN_#2.pdf
2097,5,CONSORCIO 4C,CI.004/GP9651/21/7.4.1,,,4 de Diciembre de 2021,,15_01_Cartas_Enviadas/RADICADAS/2021/CI004_965121_070401_ANI_EXP_PREDIAL_ALMA-5-0096.pdf
2098,7,CONSORCIO 4C,CI.004/GP9042/21/7.2.1,,,4 de abril de 2021,,15_01_Cartas_Enviadas/RADICADAS/2021/CI004_904221_070201_CON_MAYORES_VALORES_SUBCUEN_PREDIAL.pdf
2099,3,CONSORCIO 4C,CI.004/GP8810/21/7.3.1.,,,5 de enero de 2021,,15_01_Cartas_Enviadas/RADICADAS/2021/CI004_881021_070301_CON_INFO-AUDI_PEAJE_NOV-20.pdf
2100,2,CONSORCIO 4C,GP-8901,,,15 de febrero de 2021,,15_01_Cartas_Enviadas/RADICADAS/2021/CI004_890121_070210_ANI_ACTAS_RETRIB_DIC2020_UF1-5_F.pdf
2101,4,CONSORCIO 4C,CI.004/GP8882/21/7.4.4,,,5 de Febrero de 2021,,15_01_Cartas_Enviadas/RADICADAS/2021/CI004_888221_070404_ANI_RESOL_EXPRO_ALMA-2-0091.pdf
2102,2,CONSORCIO 4C,CI.004/GP9476/21/2.2,,,5 de Octubre de 2021,,15_01_Cartas_Enviadas/RADICADAS/2021/CI004_947621_020200_ANI_REEMPLAZO_RESIDENTE TECNICO.pdf
2103,18,CONSORCIO 4C,CI.004/GP9664/21/5.3-7.3,,,7 de Diciembre de 2021,,15_01_Cartas_Enviadas/RADICADAS/2021/CI004_966421_050300-070300_ANI_NO_OBJECIÓN_PCURA_DEFENSAS_UF2.pdf
2104,5,CONSORCIO 4C,CI.004/GP9040/21/7.4.6,,,3 de abril de 2021,,15_01_Cartas_Enviadas/RADICADAS/2021/CI004_904021_070406_CON_OBS_AVALUO9_4PREDIOSUF3.pdf
2105,9,CONSORCIO 4C,CI.004/GP9617/21/5.3,,,9 de Noviembre de 2021,,15_01_Cartas_Enviadas/RADICADAS/2021/CI004_961721_050300_ANI_NO_OBJ_PCURA_ESPECIFICA_TECNICAS_UF5.pdf
2106,2,CONSORCIO 4C,CI.004/GP8837/21/7.2.2,,,5 de Enero de 2021,,15_01_Cartas_Enviadas/RADICADAS/2021/CI004_883721_070200_ANI_REMISION_FORMATO_GCSP-F-207_RENDIMIENTOS_DIC-2020.pdf
2107,14,CONSORCIO 4C,CI.004/GP9148/21/5.3,,,7 de Mayo de 2021,,15_01_Cartas_Enviadas/RADICADAS/2021/CI004_914821_0503000_ANI_PCURA_ESPEC_TECNIC_UF5.pdf
2108,4,CONSORCIO 4C,CI.004/GP9163/21/7.4.6,,,4 de junio de 2021,,15_01_Cartas_Enviadas/RADICADAS/2021/CI004_916321_070406_CON_OBS_AVALUOS9_2UF2-3UF3.pdf
2109,9,CONSORCIO 4C,CI.004/GP8818/21/7.5,,,8 de enero de 2021,,15_01_Cartas_Enviadas/RADICADAS/2021/CI004_881821_070500_CON_REV_MEMOTECNICA_NOV2020.pdf
2110,5,CONSORCIO 4C,CI.004/GP9418/21/5.3,,,0 de Septiembre de 2021,,15_01_Cartas_Enviadas/RADICADAS/2021/CI004_941821_050300_ANI_CONCEPTO_OTROSÍ_POLIZAS_V2.pdf
2111,5,CONSORCIO 4C,CI.004/GP8878/21/5.3,,,5 de febrero de 2021,,15_01_Cartas_Enviadas/RADICADAS/2021/CI004_887821_050300_CON_POLIZAS_OPERA_MMTO.pdf
2113,4,CONSORCIO 4C,CI.004/GP8887/21/5.3,,,0 de Febrero de 2021,,15_01_Cartas_Enviadas/RADICADAS/2021/CI004_888721_050300_ANI_DERECHO_PETICIÓN_ALMA-1-0015.pdf
2112,2,CONSORCIO 4C,CI.004/GP9453/21/7.2.2,,,1 de Septiembre de 2021,,15_01_Cartas_Enviadas/RADICADAS/2021/CI004_945321_070202_ANI_F-009_RECAUD_PEAJES_AGO-2021.pdf
2114,4,CONSORCIO 4C,CI.004/GP9364/21/7.2.8,,,3 de Agosto de 2021,,15_01_Cartas_Enviadas/RADICADAS/2021/CI004_936421_070208_ANI_REVISION_RECAUDO_FOSEVI_JUL_2021.pdf
2115,2,CONSORCIO 4C,CI.004/GP9357/21/7.3.7,,,9 de Agosto de 2021,,15_01_Cartas_Enviadas/RADICADAS/2021/CI004_935721_070307_ANI_ACCIDENTE_UF1_E5B_PR0+110_12.AGO.2021.pdf
2116,4,CONSORCIO 4C,CI.004/GP9512/21/7.4.4,,,3 de octubre de 2021,,15_01_Cartas_Enviadas/RADICADAS/2021/CI004_951221_070404_CON_OBS_RESO_EXPR_ALMA-3-0056.pdf
2117,10,CONSORCIO 4C,CI.004/GP9171/21/7.3.3,,,9 de junio  de 2021,,15_01_Cartas_Enviadas/RADICADAS/2021/CI004_917121_070303_CON_INDICES_MAYO_2021.pdf
2118,4,CONSORCIO 4C,CI.004/GP9058/21/5.3,,,9 de abril de 2021,,15_01_Cartas_Enviadas/RADICADAS/2021/CI004_905821_050300_CON_ RESPUESTA GP14143 PAGOS REDES.pdf
2119,4,CONSORCIO 4C,CI.004/GP9556/21/7.4.1,,,2 de Noviembre de 2021,,15_01_Cartas_Enviadas/RADICADAS/2021/CI004_955621_070401_ANI_DERECHO_PETICION_ALMA-3-0132.pdf
2120,4,CONSORCIO 4C,CI.004/GP8850/21/7.4.4,,,7 de Enero de 2021,,15_01_Cartas_Enviadas/RADICADAS/2021/CI004_885021_070404_ANI_RESOL_EXPRO_ALMA-3-0128.pdf
2121,14,CONSORCIO 4C,CI.004/GP9504/21/5.3,,,3 de Octubre de 2021,,15_01_Cartas_Enviadas/RADICADAS/2021/CI004_950421_050300_ANI_MULTA_CERCAS_UF5.pdf
2122,9,CONSORCIO 4C,CI.004/GP9389/21/5.3-7.1.4,,,2 de Septiembre de 2021,,15_01_Cartas_Enviadas/RADICADAS/2021/CI004_938921_050300_070104_ANI_NO_OBJECIÓN_PCURA_PR66.pdf
2123,10,CONSORCIO 4C,CI.004/GP8966/21/7.2.8,,,1 de Marzo de 2021,,15_01_Cartas_Enviadas/RADICADAS/2021/CI004_896621_070208_ANI_PROYECCION_DR8_FEB2021.pdf
2125,2,CONSORCIO 4C,CI.004/GP9655/21/9.2,,,6 de Diciembre de 2021,,15_01_Cartas_Enviadas/RADICADAS/2021/CI004_965521_090200_ANI_VIDEO_IMI_NOV_2021.pdf
2124,4,CONSORCIO 4C,CI.004/GP8788/21/7.1.10,,,6 de enero de 2021,,15_01_Cartas_Enviadas/RADICADAS/2021/CI004_878821_070110_CON_SEG_SOC_SAL_AGO_SEPT.pdf
2126,5,CONSORCIO 4C,CI.004/GP8999/21/7.4.6,,,5 de marzo de 2021,,15_01_Cartas_Enviadas/RADICADAS/2021/CI004_899921_070406_CON_OBS_AVALUO9_4UF3.pdf
2127,2,CONSORCIO 4C,GP-9133,,,1 de Mayo de 2021,,15_01_Cartas_Enviadas/RADICADAS/2021/CI004_913321_070401_CON_SELLOS_EXPEDIENTE_ALMA-5-270.pdf
2128,5,CONSORCIO 4C,CI.004/GP8953/21/7.4.1,,,2 de marzo de 2021,,15_01_Cartas_Enviadas/RADICADAS/2021/CI004_895321_070401_CON_SEGU_CRONO_OTROSÍ9.pdf
2129,6,CONSORCIO 4C,CI.004/GP9682/21/7.2.10,,,3 de Diciembre de 2021,,15_01_Cartas_Enviadas/RADICADAS/2021/CI004_968221_070210_ANI_ACTAS_RETRIBUCIÓN_UF5_MAR-OCT_2021.pdf
2130,3,CONSORCIO 4C,CI.004/GP9271/21/7.4.1,,,9 de julio de 2021,,15_01_Cartas_Enviadas/RADICADAS/2021/CI004_927121_070401_CON_CIERRE_REQUER_MAYORES VALORES.pdf
2131,4,CONSORCIO 4C,GP-9455,,,3 de Septiembre de 2021,,15_01_Cartas_Enviadas/RADICADAS/2021/CI004_945521_070202_CON_REQUERIM_ESTADOS_FINANCIEROS_AUDIT_2021-1.pdf
2132,4,CONSORCIO 4C,CI.004/GP8910/21/7.4.4,,,6 de Febrero de 2021,,15_01_Cartas_Enviadas/RADICADAS/2021/CI004_891021_070404_ANI_RESOL_EXPRO_ALMA-5-0276.pdf
2133,14,CONSORCIO 4C,CI.004/GP9444/21/5.3,,,2 de Septiembre de 2021,,15_01_Cartas_Enviadas/RADICADAS/2021/CI004_944421_050300_ANI_INFORME_MULTA_SICC.pdf
2135,6,CONSORCIO 4C,CI.004/GP9255/21/7.5,,,3 de julio de 2021,,15_01_Cartas_Enviadas/RADICADAS/2021/CI004_925521_070500_OBSERV_INFOR_GERENC_MAR2021.pdf
2134,2,CONSORCIO 4C,CI.004/GP8794/21/9.2,,,7 de Enero de 2021,,15_01_Cartas_Enviadas/RADICADAS/2021/CI004_879421_090200_ANI_INF_SOCIOAMB_DIC_2020.pdf
2136,8,CONSORCIO 4C,CI.004/GP9274/21/9.3,,,1 de Julio de 2021,,15_01_Cartas_Enviadas/RADICADAS/2021/CI004_927421_050300_070104_ANI_NOOBJECIÓN_PCURA_INUNDA_PR81_UF3.pdf
2137,4,CONSORCIO 4C,CI.004/GP9674/21/7.4.6,,,1 de diciembre de 2021,,15_01_Cartas_Enviadas/RADICADAS/2021/CI004_967421_070406_CON_OBSER_AVALUOS9_6UF-2-3.pdf
2138,3,CONSORCIO 4C,CI.004/GP9149/21/7.3.3,,,7 de mayo de 2021,,15_01_Cartas_Enviadas/RADICADAS/2021/CI004_914921_070303_CON_MEDICIÓN_INDICADORES_06_2021.pdf
2139,19,CONSORCIO 4C,GP-8844,,,5 de Enero de 2021,,15_01_Cartas_Enviadas/RADICADAS/2021/CI004_884421_050300_ANI_COST_OCIO_EER_COVID.pdf
2140,3,CONSORCIO 4C,CI.004/GP9488/21/5.3,,,6 de octubre de 2021,,15_01_Cartas_Enviadas/RADICADAS/2021/CI004_948821_050300_CON_POLIZAS_RCE_PAGO_PAZYSALVO.pdf
2141,2,CONSORCIO 4C,CI.004/GP8856/21/7.2.2,,,8 de Enero de 2021,,15_01_Cartas_Enviadas/RADICADAS/2021/CI004_885621_070202_ANI_F-007_REC_PUB_DIC2020_ALCANCE.pdf
2142,5,CONSORCIO 4C,CI.004/GP9314/21/5.3,,,3 de Agosto de 2021,,15_01_Cartas_Enviadas/RADICADAS/2021/CI004_931421_050300_ANI_EER_ITS_UF5_ALCANCE.pdf
2143,2,CONSORCIO 4C,CI.004/GP8816/21/9.2,,,6 de Enero de 2021,,15_01_Cartas_Enviadas/RADICADAS/2021/CI004_881621_090200_ANI_VIDEO_IMI_DIC_2020.pdf
2144,4,CONSORCIO 4C,CI.004/GP9341/21/7.1.8,,,7 de agosto de 2021,,15_01_Cartas_Enviadas/RADICADAS/2021/CI004_934121_070108_CON_REQ_INF_TRIM_25.pdf
2145,5,CONSORCIO 4C,CI.004/GP9153/21/7.1.8,,,1 de mayo de 2021,,15_01_Cartas_Enviadas/RADICADAS/2021/CI004_915321_070108_CON_INF_ACC_COMP_UF4.pdf
2146,4,CONSORCIO 4C,CI.004/GP9397/21/5.3,,,3 de Septiembre de 2021,,15_01_Cartas_Enviadas/RADICADAS/2021/CI004_939721_050300_ANI_ACUERDO2_TRAFICO_COVID_OK.pdf
2147,5,CONSORCIO 4C,CI.004/GP9425/21/5.3,,,6 de Septiembre de 2021,,15_01_Cartas_Enviadas/RADICADAS/2021/CI004_942521_050300_ANI_EER_4PREDIOS_UF5_ALCANCE.pdf
2148,4,CONSORCIO 4C,CI.004/GP9701/21/7.3.3,,,0 de diciembre de 2021,,15_01_Cartas_Enviadas/RADICADAS/2021/CI004_970121_070303_CON_PLAN_MEDICION_INDICADORES_ENE_2022.pdf
2149,2,CONSORCIO 4C,CI.004/GP9493/21/9.2,,,7 de Octubre de 2021,,15_01_Cartas_Enviadas/RADICADAS/2021/CI004_949321_090200_ANI_INF_SOCIOAMB_SEPT_2021.pdf
2150,3,CONSORCIO 4C,GP-9158,,,2 de Junio de 2021,,15_01_Cartas_Enviadas/RADICADAS/2021/CI004_915821_070401_CON_REV_FICHA_ALMA-2-122.pdf
2151,5,CONSORCIO 4C,CI.004/GP9154/21/5.3-7.3.3,,,1 de Junio de 2021,,15_01_Cartas_Enviadas/RADICADAS/2021/CI004_915421_050300_ANI_SANEA_INCUMPLIMIENTO_SICC.pdf
2152,6,CONSORCIO 4C,GP-9463,,,8 de Septiembre de 2021,,15_01_Cartas_Enviadas/RADICADAS/2021/CI004_946321_070108_CON_E&D_QB_ARENALES_.pdf
2153,2,CONSORCIO 4C,CI.004/GP9588/21/9.2,,,6 de Noviembre de 2021,,15_01_Cartas_Enviadas/RADICADAS/2021/CI004_958821_090200_ANI_VIDEO_IMI_OCT_2021.pdf
2154,4,CONSORCIO 4C,CI.004/GP9020/21/7.4.4,,,7 de abril de 2021,,15_01_Cartas_Enviadas/RADICADAS/2021/CI004_902021_070404_CON_OBS_RES_EXPR_ALMA-5-0251-1.pdf
2155,5,CONSORCIO 4C,CI.004/GP8868/21/7.3.1.,,,2 de febrero de 2021,,15_01_Cartas_Enviadas/RADICADAS/2021/CI004_886821_070301_CON_NOVEDADES_PEA_BASC.pdf
2157,4,CONSORCIO 4C,CI.004/GP9178/21/7.1.8,,,1 de junio de 2021,,15_01_Cartas_Enviadas/RADICADAS/2021/CI004_917821_070108_CON_INF_RES_2284_LV.pdf
2156,6,CONSORCIO 4C,CI.004/9410/21/5.3,,,8 de Septiembre de 2021,,15_01_Cartas_Enviadas/RADICADAS/2021/CI004_941021_050300_ANI_NOOBJECION_PCURA_PAZYSALVO_POLIZA_TOD_RIESG.pdf
2158,6,CONSORCIO 4C,CI.004/GP8920/21/7.1.9,,,0 de febrero de 2021,,15_01_Cartas_Enviadas/RADICADAS/2021/CI004_892021_070109_CON_OBS_ACTUALIZACION_PGSC.pdf
2159,11,CONSORCIO 4C,CI.004/GP9599/21/7.5,,,4 de noviembre de 2021,,15_01_Cartas_Enviadas/RADICADAS/2021/CI004_959921_070500_CON_REV_MEMOTECNICA_SEPT_2021.pdf
2160,3,CONSORCIO 4C,CI.004/GP9579/21/7.4.1,,,1 de noviembre de 2021,,15_01_Cartas_Enviadas/RADICADAS/2021/CI004_957921_070401_CON_CIERRE_REQUER_EXPEDIENTES_PREDIALES.pdf
2161,11,CONSORCIO 4C,CI.004/GP9495/21/7.3.3,,,7 de Octubre de 2021,,15_01_Cartas_Enviadas/RADICADAS/2021/CI004_949521_070303_CON_INDICES_SEPTIEMBRE_2021.pdf
2162,17,CONSORCIO 4C,CI.004/GP9528/21/5.3,,,2 de Octubre de 2021,,15_01_Cartas_Enviadas/RADICADAS/2021/CI004_952821_050300_ANI_NO_OBJECIÓN_DEFENSAS_UF1.pdf
2163,14,CONSORCIO 4C,CI.004/GP9372/21/5.3,,,4 de Agosto de 2021,,15_01_Cartas_Enviadas/RADICADAS/2021/CI004_937221_050300_ANI_VERIFICA_ALCAN_FISICO_UF5-SUB1.pdf
2164,5,CONSORCIO 4C,CI.004/GP9195/21/7.1.8,,,8 de junio de 2021,,15_01_Cartas_Enviadas/RADICADAS/2021/CI004_919521_070108_CON_INF_TRIM_25_V02.pdf
2165,2,CONSORCIO 4C,CI.004/GP9188/21/7.2.2,AGENCIA NACIONAL DE INFRAESTRUCTURA - ANI,,16/06/2021,Ref. Contrato de Concesión 003 de 2014 Concesión Honda - Puerto Salgar - Girardot Remisión Formato GCSP-F-007 Informe de Ejecución de Recursos Públicos – Mayo 2021.,15_01_Cartas_Enviadas/RADICADAS/2021/CI004_918821_070202_ANI_F-007_REC_PUB_MAY-2021.pdf
2166,2,CONSORCIO 4C,CI.004/GP8842/21/7.2.2,AGENCIA NACIONAL DE INFRAESTRUCTURA – ANI,2020-409-128404-2,25/01/2021,Ref. Contrato de Concesión 003 de 2014 Concesión Honda – Girardot – Puerto Salgar. Alcance Formato GCSP-F-007 Informe de Ejecución de Recursos Públicos – noviembre 2020,15_01_Cartas_Enviadas/RADICADAS/2021/CI004_884221_070202_ANI_ALCANCE_REMISION_FORMATO_GCSP-F-007 INFORME EJEC RECURSOS PUB NOV20.pdf
2167,3,CONSORCIO 4C,CI.004/GP9176/21/9.2,SUPERINTENDENCIA DE PUERTOS Y TRANSPORTE,,11/06/2021,"Ref. Contrato de Concesión 003 de 2014 Concesión Honda - Puerto Salgar - Girardot Informe Mensual Técnico 79 y Socio ambiental 67 Versión 00, correspondientes a Mayo de 2021.",15_01_Cartas_Enviadas/RADICADAS/2021/CI004_917621_090200_SUP_SUPER_TRANSP_MAYO_2021.pdf
2168,4,CONSORCIO 4C,CI.004/GP9633/21/7.4.4,AGENCIA NACIONAL DE INFRAESTRUCTURA - ANI,,07/12/2021,"Ref. Contrato de Concesión 003 de 2014 Concesión Honda - Puerto Salgar - Girardot Observaciones Resolución de Expropiación de predio ALMA-5-0013, UF5.",15_01_Cartas_Enviadas/RADICADAS/2021/CI004_963321_070404_ANI_RESOL_EXPRO_ALMA-5-0013.pdf
2169,11,CONSORCIO 4C,CI.004/GP9337/21/7.3.3,CONCESIÓN ALTO MAGDALENA S.A.S.,,13/04/2021,"Ref. Contrato de Concesión 003 de 2014 Concesión Honda - Puerto Salgar - Girardot Corrección Índices de Cumplimiento marzo, abril y mayo de 2021 por finalización del Tiempo Máximo de Corrección de los Indicadores E1 y E2.",15_01_Cartas_Enviadas/RADICADAS/2021/CI004_933721_070303_CON_CORRECCIÓN_IC_SEM#1_2021__..pdf
2170,2,CONSORCIO 4C,CI.004/GP9162/21/5.3,AGENCIA NACIONAL DE INFRAESTRUCTURA - ANI,20214090609202,03/06/2021,Ref. Contrato de Concesión 003 de 2014 Concesión Honda - Puerto Salgar - Girardot Plazo de Cura por la actualización de la Póliza de Todo Riesgo Obra Civil-Etapa de Operación y Mantenimiento.,15_01_Cartas_Enviadas/RADICADAS/2021/CI004_916221_050300_ANI_INFOR_PCURA_POLIZAS_O&M.pdf
2172,4,CONSORCIO 4C,CI.004/GP9605/21/7.1.9,CONCESIÓN ALTO MAGDALENA S.A.S.,,24/11/2021,Ref. Contrato de Concesión 003 de 2014 Concesión Honda - Puerto Salgar - Girardot Seguimiento programa de atención al usuario. PQRS de la UF,15_01_Cartas_Enviadas/RADICADAS/2021/CI004_960521_070109_CON_ATENCION_USUARIO_PQRS_UF2.pdf
2171,5,CONSORCIO 4C,CI.004/GP8895/21/7.4.6,CONCESIÓN ALTO MAGDALENA S.A.S,,11/02/2021,"Ref. Contrato de Concesión 003 de 2014 Concesión Honda – Girardot – Puerto Salgar. Revisión de Avalúos Otrosí No. 9, correspondientes a 17 predios, UF3.",15_01_Cartas_Enviadas/RADICADAS/2021/CI004_889521_070406_CON_OBS_AVALUO9_17UF3.pdf
2173,15,CONSORCIO 4C,CI.004/GP9649/21/7.3.3,CONCESIÓN ALTO MAGDALENA S.A.S.,,13/12/2021,Ref. Contrato de Concesión 003 de 2014 Concesión Honda - Puerto Salgar - Girardot Índices de Cumplimiento - Resultado Medición Niveles de Servicio NOVIEMBRE de 2021,15_01_Cartas_Enviadas/RADICADAS/2021/CI004_964921_070303_CON_INDICES_NOVIEMBRE_2021.pdf
2174,4,CONSORCIO 4C,CI.004/GP9561/21/7.4.1,AGENCIA NACIONAL DE INFRAESTRUCTURA - ANI,,11/11/2021,Ref. Contrato de Concesión 003 de 2014 Concesión Honda - Puerto Salgar - Girardot Remisión de Expedientes Finales (digitales) ALMA-5-0079 y ALMA-5-0080-1 UF5 para Revisión ANI.,15_01_Cartas_Enviadas/RADICADAS/2021/CI004_956121_070401_ANI_2EXP_PREDIALES_FINALES.pdf
2175,2,CONSORCIO 4C,CI.004/GP9531/21/7.2.2,AGENCIA NACIONAL DE INFRAESTRUCTURA - ANI,,22/10/2021,Ref. Contrato de Concesión 003 de 2014 Concesión Honda - Puerto Salgar - Girardot Remisión Formato GCSP-F-207 Rendimientos Subcuentas – Septiembre 2021.,15_01_Cartas_Enviadas/RADICADAS/2021/CI004_953121_070202_ANI_F-207_REND_SUBC_SEP-2021.pdf
2176,21,CONSORCIO 4C,CI.004/GP9593/21/5.3-7.1.4,AGENCIA NACIONAL DE INFRAESTRUCTURA - ANI,,18/11/2021,Ref. Contrato de Concesión 003 de 2014 Concesión Honda - Puerto Salgar - Girardot Solicitud No objeción Plazo de Cura por el incumplimiento de lo contenido en el numeral 6.3.3.1 del Apéndice Técnico 2 - Defensas metálicas de la UF4.,15_01_Cartas_Enviadas/RADICADAS/2021/CI004_959321_050300_ANI_NO_OBJECIÓN_P_CURA_DEFENSAS_UF4.pdf
2177,2,CONSORCIO 4C,CI.004/GP9101/21/9.2,AGENCIA NACIONAL DE INFRAESTRUCTURA - ANI,,13/05/2021,Ref. Contrato de Concesión 003 de 2014 Concesión Honda – Girardot – Puerto Salgar. Registro Fílmico Informe Mensual Técnico 78,15_01_Cartas_Enviadas/RADICADAS/2021/CI004_910121_090200_ANI_VIDEO_IMI_ABRIL_2021.pdf
2178,3,CONSORCIO 4C,CI.004/GP9200/21/7.2.9,AGENCIA NACIONAL DE INFRAESTRUCTURA - ANI,,18/06/2021,Ref. Contrato de Concesión 003 de 2014 Concesión Honda - Puerto Salgar - Girardot Alcance a Acta de Calculo VPIP octubre 2019.,15_01_Cartas_Enviadas/RADICADAS/2021/CI004_920021_070209_ANI_ACTA_VPIP_OCTUB_2019_ALCAN.pdf
2180,2,CONSORCIO 4C,CI.004/GP9659/21/7.2.2,AGENCIA NACIONAL DE INFRAESTRUCTURA - ANI,,16/12/2021,Ref. Contrato de Concesión 003 de 2014 Concesión Honda - Puerto Salgar - Girardot Alcance a Remisión Formato GCSP-F-007 Informe de Ejecución de Recursos Públicos – Noviembre 2021.,15_01_Cartas_Enviadas/RADICADAS/2021/CI004_965921_070202_ANI_F-007_REC_PUB_NOV-2021_ALCAN.pdf
2181,4,CONSORCIO 4C,CI.004/GP9600/21/7.4.6,CONCESIÓN ALTO MAGDALENA S.A.S,,24/11/2021,Ref. Contrato de Concesión 003 de 2014 Concesión Honda - Puerto Salgar - Girardot. Revisión de 7 Avalúos Otrosí No. 9 de la UF3,15_01_Cartas_Enviadas/RADICADAS/2021/CI004_960021_070406_CON_OBSER_AVALUOS9_7UF3.pdf
2179,8,CONSORCIO 4C,CI.004/GP8930/21/5.3,AGENCIA NACIONAL DE INFRAESTRUCTURA - ANI,,24/02/2021,Solicitud No objeción Plazo de Cura,15_01_Cartas_Enviadas/RADICADAS/2021/CI004_893021_050300_ANI_NO-OBJECION_PCURA_CERCAS-UF5.pdf
2182,2,CONSORCIO 4C,CI.004/GP8960/21/7.4.1,CONCESIÓN ALTO MAGDALENA S.A.S,ALMA-R-2021-0258,10/03/2021,"Ref. Contrato de Concesión 003 de 2014 Concesión Honda - Puerto Salgar - Girardot Devolución Expediente Predial ALMA-2-0159, UF2.",15_01_Cartas_Enviadas/RADICADAS/2021/CI004_896021_070401_CON_SELLOS_EXPEDIENTE_2021-0254.pdf
2184,2,CONSORCIO 4C,CI.004/GP9416/21/9.2,AGENCIA NACIONAL DE INFRAESTRUCTURA - ANI,,09/09/2021,Ref. Contrato de Concesión 003 de 2014 Concesión Honda – Girardot – Puerto Salgar. Registro Fílmico Informe Mensual Técnico 82,15_01_Cartas_Enviadas/RADICADAS/2021/CI004_941621_090200_ANI_VIDEO_IMI_AGOSTO_2021.pdf
2183,7,CONSORCIO 4C,CI.004/GP9025/21/7.2.1,CONCESIÓN ALTO MAGDALENA S.A.S,,08/04/2021,"Ref. Contrato de Concesión 003 de 2014 Concesión Honda – Girardot – Puerto Salgar Solicitud Información Valoración Obligaciones Contingentes / Ministerio de Hacienda y Crédito Público, diciembre de 2020.",15_01_Cartas_Enviadas/RADICADAS/2021/CI004_902521_070201_CON_OBLIGA_CONTIN_MINHACI_DIC_2020.pdf
2185,3,CONSORCIO 4C,CI.004/GP9441/21/5.3-7.1.15,AGENCIA NACIONAL DE INFRAESTRUCTURA – ANI,20214090962142,17/09/2021,Ref. Contrato de Concesión 003 de 2014 Concesión Honda - Puerto Salgar - Girardot Cierre del Proceso Sancionatorio derivado del cumplimiento del Concesionario relacionado con la entrega del Acta Parcial de Obra 17 de protección y traslado de Redes de servicios públicos.,15_01_Cartas_Enviadas/RADICADAS/2021/CI004_944121_050300-070115_ANI_CIERRE_PLAZ_CURA_ACTA17_REDES.pdf
2186,2,CONSORCIO 4C,CI.004/GP9327/21/9.2,AGENCIA NACIONAL DE INFRAESTRUCTURA - ANI,,10/08/2021,Ref. Contrato de Concesión 003 de 2014 Concesión Honda - Puerto Salgar - Girardot. Informe Mensual Técnico 81 Versión 00. Correspondiente al mes de Julio de 2021.,15_01_Cartas_Enviadas/RADICADAS/2021/CI004_932721_090200_ANI_INFORME_MENSUAL_JUL_2021.pdf
2189,6,CONSORCIO 4C,CI.004/GP9095/21/5.3,,,0 de mayo de 2021,,15_01_Cartas_Enviadas/RADICADAS/2021/CI004_909521_050300_CON_PCURA_POLIZA_O&M.pdf
2191,2,CONSORCIO 4C,CI.004/GP8899/21/7.3.7,,,1 de Febrero de 2021,,15_01_Cartas_Enviadas/RADICADAS/2021/CI004_889921_070307_ANI_ACCIDENTE_FATAL_PR15+750_UF4.pdf
2192,13,CONSORCIO 4C,CI.004/GP9072/21/7.3.1.,,,8 de Abril de 2021,,15_01_Cartas_Enviadas/RADICADAS/2021/CI004_907221_070301_ANI_INFORME-7_VERIFICA_PUNTOS-CONTEO-UF5.pdf
2190,4,CONSORCIO 4C,CI.004/GP9666/21/7.3.3,,,7 de diciembre de 2021,,15_01_Cartas_Enviadas/RADICADAS/2021/CI004_966621_070303_CON_RESULTADOS_NS_UF2_CICLO_RUTA_NOV_2021.pdf
2193,14,CONSORCIO 4C,CI.004/GP9485/21/5.3,,,4 de Octubre de 2021,,15_01_Cartas_Enviadas/RADICADAS/2021/CI004_948521_050300_ANI_MULTA_CERCAS_UF3_UF4.pdf
2194,3,CONSORCIO 4C,CI.004/GP9616/21/7.1.15,,,9 de noviembre de 2021,,15_01_Cartas_Enviadas/RADICADAS/2021/CI004_961621_070115_CON_CIERRE_CONVENIOS_REDES_REITERA.pdf
2195,5,CONSORCIO 4C,GP-0541,,,,,15_01_Cartas_Enviadas/RADICADAS/2021/CI004_054121_010000_ANI_MODIFICACION POLIZAS_RCE.pdf
2196,4,CONSORCIO 4C,CI.004/GP8785/21/7.4.1,,,5 de Enero de 2021,,15_01_Cartas_Enviadas/RADICADAS/2021/CI004_878521_070401_ANI_REPORTE_NIIF_IV-TRIMESTRE-2020.pdf
2197,6,CONSORCIO 4C,CI.004/GP9254/21/7.5,,,3 de julio de 2021,,15_01_Cartas_Enviadas/RADICADAS/2021/CI004_925421_070500_OBSERV_INFOR_GERENC_MAY2021.pdf
2198,8,CONSORCIO 4C,CI.004/GP9486/21/5.3-7.1.4,,,5 de octubre de 2021,,15_01_Cartas_Enviadas/RADICADAS/2021/CI004_948621_050300_070104_CON_OTORGA_PCURA_CAÑO_HONDO.pdf
2199,2,CONSORCIO 4C,GP-9557,,,2 de Noviembre de 2021,,15_01_Cartas_Enviadas/RADICADAS/2021/CI004_955721_070402_CON_REV_FICHA_SOCIAL_ALMA-4-0076.pdf
2200,2,CONSORCIO 4C,CI.004/GP8870/21/7.2.2,,,2 de Febrero de 2021,,15_01_Cartas_Enviadas/RADICADAS/2021/CI004_887021_070202_ANI_GCSP_F-008_2020-II.pdf
2201,7,CONSORCIO 4C,CI.004/GP9647/21/7.4.1,,,0 de Diciembre de 2021,,15_01_Cartas_Enviadas/RADICADAS/2021/CI004_964721_070401_ANI_INSTALACION_CERCAS_ZONAS-URBANAS.pdf
2202,3,CONSORCIO 4C,CI.004/GP9060/21/7.1.8,,,0 de abril de 2021,,15_01_Cartas_Enviadas/RADICADAS/2021/CI004_906021_070108_CON_INF_TRIM_AMB_24_V01.pdf
2187,5,CONSORCIO 4C,CI.004/GP9157/21/5.3,AGENCIA NACIONAL DE INFRAESTRUCTURA - ANI,,01/06/2021,Ref. Contrato de Concesión 003 de 2014 Concesión Honda - Puerto Salgar - Girardot Plazo de Cura por la actualización de la Póliza de Todo Riesgo Obra Civil-Etapa de Operación y Mantenimiento.,15_01_Cartas_Enviadas/RADICADAS/2021/CI004_915721_050300_ANI_INFOR_PCURA_POLIZAS_O&M.pdf
2188,3,CONSORCIO 4C,CI.004/GP9050/21/7.4.6,CONCESIÓN ALTO MAGDALENA S.A.S.,,16/04/2021,Ref. Contrato de Concesión 003 de 2014 Concesión Honda - Puerto Salgar - Girardot Tablas Avalúos 2021.,15_01_Cartas_Enviadas/RADICADAS/2021/CI004_905021_070406_CON_TABLAS_AVALUOS_2021.pdf
2203,4,CONSORCIO 4C,CI.004/GP9522/21/7.1.8,,,1 de octubre de 2021,,15_01_Cartas_Enviadas/RADICADAS/2021/CI004_952221_070108_CON_RESP_ALMA-2021-1510_PAGA_O&M_V08.pdf
2204,2,CONSORCIO 4C,GP-8985,,,7 de Marzo de 2021,,15_01_Cartas_Enviadas/RADICADAS/2021/CI004_898521_090200_ANI_INF_SOCIOAMB_FEB_2021_ALC.pdf
2205,3,CONSORCIO 4C,CI.004/GP9518/21/7.2.9,,,0 de Octubre de 2021,,15_01_Cartas_Enviadas/RADICADAS/2021/CI004_951821_070209_ANI_ACTA_VPIP_AGO_2021.pdf
2206,5,CONSORCIO 4C,GP-9459,,,4 de Septiembre de 2021,,15_01_Cartas_Enviadas/RADICADAS/2021/CI004_945921_050300_CON_COSTOS_OCIOSOS_EER_COVID.pdf
2207,6,CONSORCIO 4C,CI.004/GP9532/21/7.5,,,2 de octubre de 2021,,15_01_Cartas_Enviadas/RADICADAS/2021/CI004_953221_070500_OBSERV_INFOR_GERENC_SEP_2021.pdf
2208,4,CONSORCIO 4C,CI.004/GP9547/21/7.1.8,,,0 de octubre de 2021,,15_01_Cartas_Enviadas/RADICADAS/2021/CI004_954721_070108_CON_INF_TRIM_27.pdf
2209,3,CONSORCIO 4C,CI.004/GP9056/21/7.1.9,,,9 de Abril de 2021,,15_01_Cartas_Enviadas/RADICADAS/2021/CI004_905621_070109_ANI_REUNION_PTO_BOGOTA.pdf
2210,2,CONSORCIO 4C,CI.004/GP8889/21/7.2.2,,,0 de Febrero de 2021,,15_01_Cartas_Enviadas/RADICADAS/2021/CI004_888921_070202_ANI_FORMATO_F-301_PPYE_DIC2020.pdf
2211,5,CONSORCIO 4C,CI.004/GP9607/21/7.5,,,5 de noviembre de 2021,,15_01_Cartas_Enviadas/RADICADAS/2021/CI004_960721_070500_OBSERV_INFOR_GERENC_OCT_2021.pdf
2212,3,CONSORCIO 4C,CI.004/GP9009/21/7.3.,,,0 de marzo de 2021,,15_01_Cartas_Enviadas/RADICADAS/2021/CI004_900921_070300_CON_CIRCULAR_FESTIVOS_SEMANASANTA_2021.pdf
2213,9,CONSORCIO 4C,CI.004/GP9423/21/7.1.7,,,3 de septiembre de 2021,,15_01_Cartas_Enviadas/RADICADAS/2021/CI004_942321_070107_CON_REQUERI_DEFENSAS_UF2.pdf
2215,6,CONSORCIO 4C,CI.004/GP9005/21/7.1.8,,,0 de marzo de 2021,,15_01_Cartas_Enviadas/RADICADAS/2021/CI004_900521_070108_CON_ALMA-2021-0479_AUTO_09099.pdf
2216,23,CONSORCIO 4C,CI.004/GP9026/21/5.3,,,9 de Abril de 2021,,15_01_Cartas_Enviadas/RADICADAS/2021/CI004_902621_050300_ANI_EER_ITS_UF5.pdf
2217,3,CONSORCIO 4C,GP-9280,,,2 de Julio de 2021,,15_01_Cartas_Enviadas/RADICADAS/2021/CI004_928021_070401_CON_REV_FICHA_ALMA-2021-0891-1002.pdf
2214,4,CONSORCIO 4C,CI.004/GP9366/21/7.1.10,,,3 de agosto de 2021,,15_01_Cartas_Enviadas/RADICADAS/2021/CI004_936621_070110_CON_OBS_SEG_SOC_SAL_MAR_ABR.pdf
2218,3,CONSORCIO 4C,CI.004/GP9592/21/7.1.14,,,8 de Noviembre de 2021,,15_01_Cartas_Enviadas/RADICADAS/2021/CI004_959221_070114_ANI_PERMISO_INTERVEN_CORTIJO_LADORADA_#3.pdf
2219,3,CONSORCIO 4C,CI.004/GP9310/21/7.4.1,,,3 de agosto de 2021,,15_01_Cartas_Enviadas/RADICADAS/2021/CI004_931021_070401_CON_GESTION_ADQUISI_PREDIAL_TERCEROS.pdf
2220,6,CONSORCIO 4C,CI.004/GP8973/21/7.1.11,,,5 de marzo de 2021,,15_01_Cartas_Enviadas/RADICADAS/2021/CI004_897321_070111_CON_PMT_UF5_2021.pdf
2221,2,CONSORCIO 4C,CI.004/GP9349/21/7.2.2,,,8 de Agosto de 2021,,15_01_Cartas_Enviadas/RADICADAS/2021/CI004_934921_070202_ANI_F-007_REC_PUB_JUL-2021.pdf
2222,2,CONSORCIO 4C,CI.004/GP9156/21/5.3,,,1 de Junio de 2021,,15_01_Cartas_Enviadas/RADICADAS/2021/CI004_915621_050300_ANI_EER_4PREDIOS_UF5.pdf
2223,4,CONSORCIO 4C,CI.004/GP9505/21/7.3.3,,,3 de Octubre  de 2021,,15_01_Cartas_Enviadas/RADICADAS/2021/CI004_950521_070303_CON_CONCEPTOS_PENDIENTES_2021.pdf
2224,2,CONSORCIO 4C,CI.004/GP9668/21/14.7.11,,,7 de Diciembre de 2021,,15_01_Cartas_Enviadas/RADICADAS/2021/CI004_966821_140711_ANI_ENCUESTA_SATISFACCION_CLIENTE 2021.pdf
2225,4,CONSORCIO 4C,GP-9467,,,8 de Septiembre de 2021,,15_01_Cartas_Enviadas/RADICADAS/2021/CI004_946721_070404_ANI_RESOL_EXPRO_ALMA-5-0255.pdf
2226,4,CONSORCIO 4C,ci.004/gp9187/21/5.3,,,8 de Julio de 2021,,15_01_Cartas_Enviadas/RADICADAS/2021/CI004_929621_050300_ANI_OTROSÍ_POLCA_AT2_#3.pdf
2227,4,CONSORCIO 4C,CI.004/GP9220/21/5.3,,,9 de Junio de 2021,,15_01_Cartas_Enviadas/RADICADAS/2021/CI004_922021_050300_ANI_CIERRE_PCURA_CAÑO_GRANDE.pdf
2228,3,CONSORCIO 4C,CI.004/GP9637/21/7.1.10,,,9 de diciembre de 2021,,15_01_Cartas_Enviadas/RADICADAS/2021/CI004_963721_070110_CON_OBS_SEG_SOC_SAL_JUL-AGOS.pdf
2229,3,CONSORCIO 4C,GP-8846,,,7 de Enero de 2021,,15_01_Cartas_Enviadas/RADICADAS/2021/CI004_884621_070401_CON_EST_FICHA_ALMA-2-0158.pdf
2230,7,CONSORCIO 4C,CI.004/GP9128/21/7.5,,,0 de mayo de 2021,,15_01_Cartas_Enviadas/RADICADAS/2021/CI004_912821_070500_CON_REV_MEMOTECNICA_MAR2021.pdf
2231,6,CONSORCIO 4C,CI.004/GP9079/21/7.3,,,7 de abril de 2021,,15_01_Cartas_Enviadas/RADICADAS/2021/CI004_907921_070303_CON_RTA_ALMA-2021-0597_DEVISAB.pdf
2232,5,CONSORCIO 4C,CI.004/GP9217/21/7.3.3,,,8 de Junio de 2021,,15_01_Cartas_Enviadas/RADICADAS/2021/CI004_921721_070303_ANI_DEVOLUCI_DEDUCCION_INDICE_CUMPLI.pdf
2233,4,CONSORCIO 4C,CI.004/GP9577/21/7.2.1,,,1 de noviembre de 2021,,15_01_Cartas_Enviadas/RADICADAS/2021/CI004_957721_070201_CON_MAYORES_VALORES_PREDIAL_NOV2021.pdf
2234,3,CONSORCIO 4C,CI.004/GP9597/21/1.4,,,2 de Noviembre de 2021,,15_01_Cartas_Enviadas/RADICADAS/2021/CI004_959721_010400_ANI_ENTREGA_ARCHIVO_FISICO.pdf
2235,3,CONSORCIO 4C,CI.004/GP9262/21/9.2,,,3 de julio de 2021,,15_01_Cartas_Enviadas/RADICADAS/2021/CI004_926221_090200_SUP_SUPER_TRANSP_MAYO_2021.pdf
2237,5,CONSORCIO 4C,CI.004/GP9393/21/7.4.6,CONCESIÓN ALTO MAGDALENA S.A.S.,,01/09/2021,"Ref. Contrato de Concesión 003 de 2014 Concesión Honda - Puerto Salgar - Girardot Revisión de Avalúo Predio ALMA-5-0105, UF5",15_01_Cartas_Enviadas/RADICADAS/2021/CI004_939321_070406_CON_OBS_AVALUOUF5_ALMA-5-0105.pdf
2236,5,CONSORCIO 4C,CI.004/GP9084/21/7.1.8,CONCESIÓN ALTO MAGDALENA S.A.S.,,03/05/2021,Ref. Contrato de Concesión 003 de 2014 Concesión Honda – Girardot – Puerto Salgar. Informes de avance medida compensatoria / Permisos de Ocupación de Cauce UF2,15_01_Cartas_Enviadas/RADICADAS/2021/CI004_908421_070108_CON_INF_ACC_COMP_UF2.pdf
2238,2,CONSORCIO 4C,CI.004/GP8855/21/7.1.14,AGENCIA NACIONAL DE INFRAESTRUCTURA - ANI,,28/01/2021,Ref. Contrato de Concesión 003 de 2014 Concesión Honda – Girardot – Puerto Salgar Rta. ANI-20203040400541. No. De expediente 20203040280200264E Segunda solicitud de concepto técnico para la ocupación temporal de la Infraestructura vial – RUTA 79 S.A.S.,15_01_Cartas_Enviadas/RADICADAS/2021/CI004_885521_070114_ANI_LACHISMOSA_#2.pdf
2239,7,CONSORCIO 4C,CI.004/GP9206/21/7.3.3,CONCESIÓN ALTO MAGDALENA S.A.S.,,22/06/2021,Ref. Contrato de Concesión 003 de 2014 Concesión Honda – Girardot – Puerto Salgar Resultado de las verificaciones solicitadas por el Concesionario para Niveles de Servicio E1 y E2 evaluados por el Interventor en 1er semestre 2021.,15_01_Cartas_Enviadas/RADICADAS/2021/CI004_920621_070303_CON_DISCREPANCIAS_RESULTADOS_2021_#1 (JCH).pdf
2240,2,CONSORCIO 4C,CI.004/GP9415/21/9.2,AGENCIA NACIONAL DE INFRAESTRUCTURA - ANI,,09/09/2021,Ref. Contrato de Concesión 003 de 2014 Concesión Honda - Puerto Salgar - Girardot. Informe Mensual Técnico 82 Versión 00. Correspondiente al mes de agosto de 2021.,15_01_Cartas_Enviadas/RADICADAS/2021/CI004_941521_090200_ANI_INFORME_MENSUAL_AGO_2021.pdf
2242,2,CONSORCIO 4C,CI.004/GP9265/21/7.2.2,,,5 de Julio de 2021,,15_01_Cartas_Enviadas/RADICADAS/2021/CI004_926521_070202_ANI_F-207_REND_SUBC_JUN-2021.pdf
2241,8,CONSORCIO 4C,CI.004/GP8835/21/5.3-9.3,,,2 de enero de 2021,,15_01_Cartas_Enviadas/RADICADAS/2021/CI004_883521_050300_090300_CON_ESTADO_PENDIENTES_UF5_REV1.pdf
2243,13,CONSORCIO 4C,CI.004/GP9657/21/5.3-7.3,,,4 de diciembre de 2021,,15_01_Cartas_Enviadas/RADICADAS/2021/CI004_965721_050300-070300_CON_OTORGA_PCURA_PR81_UF3.pdf
2244,4,CONSORCIO 4C,CI.004/GP9484/21/7.4.4,,,1 de octubre de 2021,,15_01_Cartas_Enviadas/RADICADAS/2021/CI004_948421_070404_CON_OBS_RES_EXPR_ALMA-3-0056.pdf
2245,3,CONSORCIO 4C,CI.004/GP9322/21/7.2.10,,,4 de Agosto de 2021,,15_01_Cartas_Enviadas/RADICADAS/2021/CI004_932221_070210_ANI_ACTAS_RETRIBUCIÓN_UF134_MAY2021.pdf
2246,2,CONSORCIO 4C,CI.004/GP9705/21/5.3,,,1 de Diciembre de 2021,,15_01_Cartas_Enviadas/RADICADAS/2021/CI004_970521_050300_ANI_REQUERI_INFO_COSTOS_OCIOSOS.pdf
2247,4,CONSORCIO 4C,CI.004/GP9041/21/7.1.4,,,4 de abril de 2021,,15_01_Cartas_Enviadas/RADICADAS/2021/CI004_904121_070104_CON_RETIRO_CONTENEDORES_AREA_SERV_UF5.2.pdf
2248,3,CONSORCIO 4C,CI.004/GP9335/21/5.3,,,2 de agosto de 2021,,15_01_Cartas_Enviadas/RADICADAS/2021/CI004_933521_050300_CON_REQUE_ACTUALIZA_POLIZA_TODORIESGO.pdf
2249,4,CONSORCIO 4C,CI.004/GP9374/21/5.3,,,4 de agosto de 2021,,15_01_Cartas_Enviadas/RADICADAS/2021/CI004_937421_050300_CON_REV_POLIZA_TODORIESGO_O&M.pdf
2250,4,CONSORCIO 4C,CI.004/GP9160/21/5.3,,,2 de junio de 2021,,15_01_Cartas_Enviadas/RADICADAS/2021/CI004_916021_050300_CON_OBSRVACIONES INFORME ABRIL 2020.pdf
2251,3,CONSORCIO 4C,CI.004/GP9065/21/7.2.1,,,1 de Abril de 2021,,15_01_Cartas_Enviadas/RADICADAS/2021/CI004_906521_070201_ANI_TRASLAD_FOND_PREPAGO.pdf
2252,4,CONSORCIO 4C,CI.004/GP9503/21/7.4.6,,,2 de octubre de 2021,,15_01_Cartas_Enviadas/RADICADAS/2021/CI004_950321_070406_CON_OBSER_AVALUOS9_9UF3.pdf
2253,4,CONSORCIO 4C,CI.004/GP9291/21/7.1.8,,,7 de julio de 2021,,15_01_Cartas_Enviadas/RADICADAS/2021/CI004_929121_070108_CON_RESP_ALMA-2021-1081.pdf
2254,3,CONSORCIO 4C,CI.004/GP8989/21/5.3-7.1.15,,,9 de Marzo de 2021,,15_01_Cartas_Enviadas/RADICADAS/2021/CI004_898921_050300-070115_ANI_CIERRE_PCURA_SUBCUENT_REDES.pdf
2255,23,CONSORCIO 4C,CI.004/GP9538/21/5.3,,,2 de Octubre de 2021,,15_01_Cartas_Enviadas/RADICADAS/2021/CI004_953821_0503000_ANI_NO_OBJ_PCURA_ESPECIF_TECNIC_UF4_ALCANCE.pdf
2256,1,CONSORCIO 4C,GP-9571,,,9 de noviembre de 2021,,15_01_Cartas_Enviadas/RADICADAS/2021/CI004_957121_090200_ANI_INFORME_MENSUAL_OCT_2021.pdf
2257,8,CONSORCIO 4C,CI.004/GP9621/21/7.4.1,,,1 de diciembre de 2021,,15_01_Cartas_Enviadas/RADICADAS/2021/CI004_962121_070401_CON_CORREC_INDICE_PREDIAL_MAR-OCT2021.pdf
2258,4,CONSORCIO 4C,CI.004/GP9627/21/7.2.8,,,3 de Diciembre de 2021,,15_01_Cartas_Enviadas/RADICADAS/2021/CI004_962721_070208_ANI_VIDA_UTIL_ACTIVOS_CONCESIÓN.pdf
2259,4,CONSORCIO 4C,CI.004/GP9371/21/7.4.6,,,4 de agosto de 2021,,15_01_Cartas_Enviadas/RADICADAS/2021/CI004_937121_070406_CON_OBSER_AVALUOS9_5UF-5.pdf
2260,11,CONSORCIO 4C,CI.004/GP9636/21/5.3-7.1.4,,,9 de diciembre de 2021,,15_01_Cartas_Enviadas/RADICADAS/2021/CI004_963621_050300_070104_CON_DEFENSAS_ACLARACIÓN.pdf
2261,2,CONSORCIO 4C,CI.004/GP9123/21/7.2.2,,,9 de Mayo de 2021,,15_01_Cartas_Enviadas/RADICADAS/2021/CI004_912321_070202_ANI_F-007_REC_PUB_ABR-2021.pdf
2263,7,CONSORCIO 4C,CI.004/GP8928/21/7.1.9,,,3 de febrero de 2021,,15_01_Cartas_Enviadas/RADICADAS/2021/CI004_892821_070109_CON_SICC_SOCIAL.pdf
2262,2,CONSORCIO 4C,GP-9652,,,0 de Diciembre de 2021,,15_01_Cartas_Enviadas/RADICADAS/2021/CI004_965221_070401_CON_DEVOLUCION_EXPEDIENTE_ALMA-5-0096.pdf
2264,4,CONSORCIO 4C,CI.004/GP9264/21/7.3,,,3 de julio de 2021,,15_01_Cartas_Enviadas/RADICADAS/2021/CI004_926421_0703_CON_SEÑALIZACIÓN_IP REV.pdf
2265,9,CONSORCIO 4C,CI.004/GP9421/21/7.4.1,,,0 de septiembre de 2021,,15_01_Cartas_Enviadas/RADICADAS/2021/CI004_942121_070401_CON_INDICE_PREDIAL_AGO2021.pdf
2266,3,CONSORCIO 4C,CI.004/GP9278/21/7.4.2,,,2 de julio de 2021,,15_01_Cartas_Enviadas/RADICADAS/2021/CI004_927821_070402_CON_ACTUALIZA_PCSE_ALMA-2021-1030.pdf
2267,4,CONSORCIO 4C,CI.004/GP9287/21/7.2.8,,,6 de Julio de 2021,,15_01_Cartas_Enviadas/RADICADAS/2021/CI004_928721_070208_ANI_REVISION_RECAUDO_FOSEVI_JUN_2021.pdf
2268,4,CONSORCIO 4C,CI.004/GP8970/21/5.3,,,2 de marzo de 2021,,15_01_Cartas_Enviadas/RADICADAS/2021/CI004_897021_070202_CON_FLUJO_SUBCUENTA_REDES.pdf
2269,4,CONSORCIO 4C,CI.004/GP9433/21/7.4.4,,,7 de Septiembre de 2021,,15_01_Cartas_Enviadas/RADICADAS/2021/CI004_943321_070404_ANI_RESOL_EXPRO_ALMA-2-0158.pdf
2270,4,CONSORCIO 4C,CI.004/GP9644/21/7.1.8,,,0 de diciembre de 2021,,15_01_Cartas_Enviadas/RADICADAS/2021/CI004_964421_070108_CON_INF_TRIM_28.pdf
2271,4,CONSORCIO 4C,CI.004/GP9078/21/7.1.10,,,9 de abril de 2021,,15_01_Cartas_Enviadas/RADICADAS/2021/CI004_907821_070110_CON_REV_PROT_BIOS.pdf
2272,4,CONSORCIO 4C,CI.004/GP9591/21/7.4.6,,,7 de noviembre de 2021,,15_01_Cartas_Enviadas/RADICADAS/2021/CI004_959121_070406_CON_OBSER_AVALUOS9_5UF3.pdf
2273,7,CONSORCIO 4C,CI.004/GP9555/21/7.5,,,1 de noviembre de 2021,,15_01_Cartas_Enviadas/RADICADAS/2021/CI004_955521_070500_CON_REV_MEMOTECNICA_AGO 2021.pdf
2274,3,CONSORCIO 4C,CI.004/GP9641/21/7.4.1,,,9 de diciembre de 2021,,15_01_Cartas_Enviadas/RADICADAS/2021/CI004_964121_070401_CON_REQUERIMIENTO_PAGOS_SABANA_PREDIAL.pdf
2275,4,CONSORCIO 4C,GP-9461,,,8 de Septiembre de 2021,,15_01_Cartas_Enviadas/RADICADAS/2021/CI004_946121_070108_CON_REQ_INF_TRIM_26.pdf
2276,4,CONSORCIO 4C,CI.004/GP8911/21/7.4.4,,,7 de Febrero de 2021,,15_01_Cartas_Enviadas/RADICADAS/2021/CI004_891121_070404_ANI_RESOL_EXPRO_ALMA-2-0157.pdf
2277,3,CONSORCIO 4C,GP-9024,,,9 de Abril de 2021,,15_01_Cartas_Enviadas/RADICADAS/2021/CI004_902421_070401_CON_EXP_FINAL_ALMA-2021-0409.pdf
2278,3,CONSORCIO 4C,CI.004/GP9147/21/7.4.1,,,6 de mayo de 2021,,15_01_Cartas_Enviadas/RADICADAS/2021/CI004_914721_070401_CON_OBS_INFOGP_ABR2021.pdf
2279,5,CONSORCIO 4C,CI.004/GP9614/21/7.1.7,,,9 de noviembre de 2021,,15_01_Cartas_Enviadas/RADICADAS/2021/CI004_961421_070107_CON_REV_SOLUCION_HIDRA_INUNDACION_PR81.pdf
2280,2,CONSORCIO 4C,GP-9565,,,2 de Noviembre de 2021,,15_01_Cartas_Enviadas/RADICADAS/2021/CI004_956521_070401_CON_DEVOLUCION_EXPEDIENTES_ALMA-2021-1500.pdf
2281,2,CONSORCIO 4C,CI.004/GP8843/21/7.2.2,,,5 de Enero de 2021,,15_01_Cartas_Enviadas/RADICADAS/2021/CI004_884321_070202_ANI_MODELO_CONTABLE.pdf
2282,11,CONSORCIO 4C,CI.004/GP9112/21/5.3,,,4 de Mayo de 2021,,15_01_Cartas_Enviadas/RADICADAS/2021/CI004_911221_050300_ANI_ELUSIÓN_CHICORAL.pdf
2283,4,CONSORCIO 4C,CI.004/GP9474/21/5.3-7.3,,,7 de septiembre de 2021,,15_01_Cartas_Enviadas/RADICADAS/2021/CI004_947421_050300_070300_CON_REQUER_DEFENSAS_UF124.pdf
2284,3,CONSORCIO 4C,CI.004/GP9059/21/7.4.6,CONCESIÓN ALTO MAGDALENA S.A.S,ALMA-2021-0238,20/04/2021,"Ref. Contrato de Concesión 003 de 2014 Concesión Honda - Puerto Salgar - Girardot. Revisión de Avalúo. Predio ALMA-3-0056, UF3",15_01_Cartas_Enviadas/RADICADAS/2021/CI004_905921_070406_CON_REV_AVALU_ALMA-2021-0238.pdf
2285,9,CONSORCIO 4C,CI.004/GP9551/21/5.3-7.1.4,AGENCIA NACIONAL DE INFRAESTRUCTURA - ANI,,11/11/2021,Ref. Contrato de Concesión 003 de 2014 Concesión Honda - Puerto Salgar – Girardot Solicitud No objeción Plazo de Cura por el incumplimiento de la obligación relacionada con la entrega de información exigida por la ANI y/o la Interventoría – Estudios & Diseños Atención Sitio Critico PR66+820.,15_01_Cartas_Enviadas/RADICADAS/2021/CI004_955121_050300_070104_ANI_NO_OBJECIÓN_PCURA_PR66_EYD.pdf
2286,3,CONSORCIO 4C,CI.004/GP9635/21/1,AGENCIA NACIONAL DE INFRAESTRUCTURA - ANI,,07/12/2021,Ref. Contrato de Concesión 003 de 2014 Concesión Honda - Puerto Salgar - Girardot. Suspensión temporal en la Atención Oficina Girardot,15_01_Cartas_Enviadas/RADICADAS/2021/CI004_963521_010000_CON_ANI_ATENCION_OFICINA_GIRARDOT.pdf
2287,6,CONSORCIO 4C,CI.004/GP9704/21/5.3,CONCESIÓN ALTO MAGDALENA S.A.S.,,31/12/2021,Ref. Contrato de Concesión 003 de 2014 Concesión Honda - Puerto Salgar - Girardot Solicitud de información complementaria relacionada con los Costos Ociosos reclamados por el Concesionario,15_01_Cartas_Enviadas/RADICADAS/2021/CI004_970421_050300_CON_REQUERI_INFO_COSTOS_OCIOSOS.pdf
2288,17,CONSORCIO 4C,CI.004/GP9625/21/9.3,CONCESIÓN ALTO MAGDALENA S.A.S.,,03/12/2021,Ref. Contrato de Concesión 003 de 2014 Concesión Honda – Puerto Salgar – Girardot Observaciones Planos As Built del Proyecto,15_01_Cartas_Enviadas/RADICADAS/2021/CI004_962521_090300_CON_PLANOS_RECORD_PROYECTO_V8.pdf
2289,4,CONSORCIO 4C,CI.004/GP9399/21/7.4.1,CONCESIÓN ALTO MAGDALENA S.A.S.,,06/09/2021,Ref. Contrato de Concesión 003 de 2014 Concesión Honda - Puerto Salgar - Girardot Seguimiento a cronograma de expedientes prediales Finales.,15_01_Cartas_Enviadas/RADICADAS/2021/CI004_939921_070401_CON_SEGU_CRONOGRAMA_EXP-FINALES.pdf
2290,4,CONSORCIO 4C,CI.004/GP8974/21/7.1.9,CONCESIÓN ALTO MAGDALENA S.A.S.,,16/03/2021,Ref. Contrato de Concesión 003 de 2014 Concesión Honda – Girardot – Puerto Salgar. Observaciones – Actualización anual del Plan de Gestión Social Contractual ALMA-2021-0341,15_01_Cartas_Enviadas/RADICADAS/2021/CI004_897421_070109_CON_OBS_ACTUALIZACION_PGSC_ENTREGA2.pdf
2291,3,CONSORCIO 4C,CI.004/GP9442/21/5.3,AGENCIA NACIONAL DE INFRAESTRUCTURA – ANI,2021409102732-2,17/09/2021,Ref. Contrato de Concesión 003 de 2014 Concesión Honda - Puerto Salgar - Girardot Cierre del Proceso Sancionatorio derivado del cumplimiento del Concesionario relacionado con la entrega de recibos de pago con su paz y salvo de las Póliza Todo Riesgo.,15_01_Cartas_Enviadas/RADICADAS/2021/CI004_944221_050300_ANI_CIERRE_PLAZ_CURA_PAZYSALVO_POLIZA_TODORIESGO.pdf
2292,2,CONSORCIO 4C,CI.004/GP9586/21/7.2.2,AGENCIA NACIONAL DE INFRAESTRUCTURA - ANI,,12/11/2021,Ref. Contrato de Concesión 003 de 2014 Concesión Honda - Puerto Salgar - Girardot Remisión Formato GCSP-F-207 Rendimientos Subcuentas – Octubre 2021.,15_01_Cartas_Enviadas/RADICADAS/2021/CI004_958621_070202_ANI_F-207_REND_SUBC_OCT-2021.pdf
2293,4,CONSORCIO 4C,CI.004/GP8805/21/7.1.9,CONCESION ALTO MAGDALENA S.A.S,,13/01/2021,Ref. Contrato de Concesión 003 de 2014 Concesión Honda – Girardot – Puerto Salgar. Repuesta comunicación ALMA-2020-3206,15_01_Cartas_Enviadas/RADICADAS/2021/CI004_880521_070109_CON_INVACIÓN_ESP_PUBLICO.pdf
2294,5,CONSORCIO 4C,CI.004/GP8958/21/9.2,SUPERINTENDENCIA DE PUERTOS Y TRANSPORTE,,11/03/2021,"Ref. Contrato de Concesión 003 de 2014 Concesión Honda - Puerto Salgar - Girardot Informe Mensual Técnico 75 y Socio ambiental 63 Versión 00, correspondientes a enero de 2021.",15_01_Cartas_Enviadas/RADICADAS/2021/CI004_895821_090200_SUP_SUPER_TRANSP_FEB_2021.pdf
2295,8,CONSORCIO 4C,CI.004/GP9091/21/7.4.1,CONCESIÓN ALTO MAGDALENA S.A.S.,,07/05/2021,Ref. Contrato de Concesión 003 de 2014 Concesión Honda - Puerto Salgar - Girardot Evaluación Deducción por Índice de Cumplimiento Predial – abril 2021,15_01_Cartas_Enviadas/RADICADAS/2021/CI004_909121_070401_CON_INDICE_PREDIAL_ABR2021.pdf
2297,2,CONSORCIO 4C,CI.004/GP9100/21/9.2,AGENCIA NACIONAL DE INFRAESTRUCTURA - ANI,,10/05/2021,Ref. Contrato de Concesión 003 de 2014 Concesión Honda - Puerto Salgar - Girardot. Informe Mensual Técnico 78 Versión 00.,15_01_Cartas_Enviadas/RADICADAS/2021/CI004_910021_090200_ANI_INFORME_MENSUAL_ABR_2021.pdf
2296,3,CONSORCIO 4C,CI.004/GP9027/21/7.4.2,CONCESIÓN ALTO MAGDALENA S.A.S,,09/04/2021,Ref. Contrato de Concesión 003 de 2014 Concesión Honda - Puerto Salgar - Girardot Respuesta comunicaciones ALMA-2021-0417 y ALMA-2021-0450,15_01_Cartas_Enviadas/RADICADAS/2021/CI004_902721_070402_CON_FICHAS_SOCIALES-ALMA_2021_0450_0417.pdf
2298,4,CONSORCIO 4C,CI.004/GP8988/21/7.1.8,CONCESIÓN ALTO MAGDALENA S.A.S,,18/03/2021,Ref. Contrato de Concesión 003 de 2014 Concesión Honda – Girardot – Puerto Salgar Observaciones Complemento Informe N° 3 Resolución 2602 de 2015 / Respuesta ALMA-2021-0427,15_01_Cartas_Enviadas/RADICADAS/2021/CI004_898821_070108_COM_INF_3_LEV_VED_RES-2602.pdf
2299,4,CONSORCIO 4C,CI.004/GP8814/21/7.1.8,CONCESIÓN ALTO MAGDALENA S.A.S,,15/01/2021,"Ref. Contrato de Concesión 003 de 2014 Concesión Honda - Puerto Salgar - Girardot. Observaciones Informe de Cumplimiento Ambiental ""ICA 6"" / Respuesta ALMA-2020-3199",15_01_Cartas_Enviadas/RADICADAS/2021/CI004_881421_070108_CON_OBS_ICA-6_UF5.3.pdf
2300,3,CONSORCIO 4C,CI.004/GP9032/21/9.2,SUPERINTENDENCIA DE PUERTOS Y TRANSPORTE,,13/04/2021,"Ref. Contrato de Concesión 003 de 2014 Concesión Honda - Puerto Salgar - Girardot Informe Mensual Técnico 77 y Socio ambiental 65 Versión 00, correspondientes a Marzo de 2021.",15_01_Cartas_Enviadas/RADICADAS/2021/CI004_903221_090200_SUP_SUPER_TRANSP_MARZ0_2021.pdf
2301,2,CONSORCIO 4C,CI.004/GP9630/21/5.3 -7.1.14,AGENCIA NACIONAL DE INFRAESTRUCTURA - ANI,,06/12/2021,Ref. Contrato de Concesión 003 de 2014 Concesión Honda – Girardot – Puerto Salgar Rta. ANI-20213040366751. No. De expediente 20213040280200286E. Solicitud Concepto técnico para la ocupación temporal de la Infraestructura Vial – UFINET COLOMBIA S.A.,15_01_Cartas_Enviadas/RADICADAS/2021/CI004_963021_050300_070114_ANI_PERMISO_OCUPA_UFINET_#3.pdf
2302,4,CONSORCIO 4C,CI.004/GP9603/21/7.4.1,AGENCIA NACIONAL DE INFRAESTRUCTURA - ANI,,24/11/2021,"Ref. Contrato de Concesión 003 de 2014 Concesión Honda - Puerto Salgar - Girardot Aporte Respuesta a Derecho de Petición Julio Hernando Rincón Chavarriaga, predio ALMA-2-0030.",15_01_Cartas_Enviadas/RADICADAS/2021/CI004_960321_070401_ANI_DERECHO_PETICION_ALMA-2-0030.pdf
2303,9,CONSORCIO 4C,CI.004/GP9384/21/5.3,CONCESIÓN ALTO MAGDALENA S.A.S.,,25/08/2021,Ref. Contrato de Concesión 003 de 2014 Concesión Honda – Girardot – Puerto Salgar Otorgamiento Período Cura por el Incumplimiento en contenido en los numerales 5.3.1 y 5.4.8 del Apéndice Técnico 4 - Obligaciones del Concesionario respecto del SICC.,15_01_Cartas_Enviadas/RADICADAS/2021/CI004_938421_050300_CON_OTORGA_PCURA_SICC_2021.pdf
2304,9,CONSORCIO 4C,CI.004/GP9482/21/7.2.1,CONCESIÓN ALTO MAGDALENA S.A.S.,,01/10/2021,Ref. Contrato de Concesión 003 de 2014 Concesión Honda - Puerto Salgar - Girardot Respuesta ALMA-2021-1327 Pagos Subcuenta Predial.,15_01_Cartas_Enviadas/RADICADAS/2021/CI004_948221_070201_CON_REQUER_INGRESOS_EGRESOS_SUBCUEN_PREDIOS.pdf
2305,3,CONSORCIO 4C,CI.004/GP9221/21/7.1.15,CONCESIÓN ALTO MAGDALENA S.A.S.,,29/06/2021,Ref. Contrato de Concesión 003 de 2014 Concesión Honda – Girardot – Puerto Salgar. Requerimiento formal. Presentación del Acta Parcial de Obra 17. Protección y Traslado de Redes de servicios públicos.,15_01_Cartas_Enviadas/RADICADAS/2021/CI004_922121_070115_CON_REQUERI_ACTA17_REDES.pdf
2306,4,CONSORCIO 4C,CI.004/GP8886/21/7.1.15,CONCESIÓN ALTO MAGDALENA S.A.S.,,10/02/2021,Ref. Contrato de Concesión 003 de 2014 Concesión Honda - Puerto Salgar - Girardot Requerimiento formal. Entrega de paz y salvos y cierre de convenios con operadores de redes públicas.,15_01_Cartas_Enviadas/RADICADAS/2021/CI004_888621_070115_CON_REQUERIM_CIERRE_CONVENIOS_REDES.pdf
2307,10,CONSORCIO 4C,CI.004/GP9261/21/9.3,CONCESIÓN ALTO MAGDALENA S.A.S.,,13/07/2021,Ref. Contrato de Concesión 003 de 2014 Concesión Honda – Puerto Salgar – Girardot Observaciones Planos As Built del Proyecto,15_01_Cartas_Enviadas/RADICADAS/2021/CI004_926121_090300_CON_PLANOS_RECORD_PROYECTO_V7.pdf
2309,11,CONSORCIO 4C,CI.004/GP9247/21/7.3.3,,,8 de julio de 2021,,15_01_Cartas_Enviadas/RADICADAS/2021/CI004_924721_070303_CON_INDICES_JUNIO_2021.pdf
2311,3,CONSORCIO 4C,CI.004/GP8912/21/7.3.1.,,,7 de febrero de 2021,,15_01_Cartas_Enviadas/RADICADAS/2021/CI004_891220_070301_CON_INFO-AUDI_PEAJE_ENE-21.pdf
2312,11,CONSORCIO 4C,CI.004/GP9521/21/7.1.4,,,0 de octubre de 2021,,15_01_Cartas_Enviadas/RADICADAS/2021/CI004_952121_070104_CON_O&M_AREAS_CONTRACTUALES.pdf
2313,6,CONSORCIO 4C,CI.004/9409/21/5.3,,,8 de Septiembre de 2021,,15_01_Cartas_Enviadas/RADICADAS/2021/CI004_940921_050300_ANI_NOOBJECION_PCURA_MANEJ_SUBCUEN_AMBIEN.pdf
2314,4,CONSORCIO 4C,CI.004/GP8857/21/7.4,,,9 de enero de 2021,,15_01_Cartas_Enviadas/RADICADAS/2021/CI004_885721_070401_CON_OBS_INFO_GEST_PREDIAL_DIC2020.pdf
2310,2,CONSORCIO 4C,CI.004/GP9685/21/1,,,4 de Diciembre de 2021,,15_01_Cartas_Enviadas/RADICADAS/2021/CI004_968521_010000_ANI_PAGO_POLIZAS_INTERVENTORIA_OTROSI6.pdf
2317,5,CONSORCIO 4C,CI.004/GP9223/21/7.1.10,,,9 de junio de 2021,,15_01_Cartas_Enviadas/RADICADAS/2021/CI004_922321_070110_CON_FALLA_CONT_SST.pdf
2315,6,CONSORCIO 4C,CI.004/GP9151/21/7.1.4,,,8 de mayo de 2021,,15_01_Cartas_Enviadas/RADICADAS/2021/CI004_915121_070104_CON_REQUERIM_INUNDA_PR81_UF3.pdf
2316,2,CONSORCIO 4C,CI.004/GP9479/21/7.3.7,,,4 de Octubre de 2021,,15_01_Cartas_Enviadas/RADICADAS/2021/CI004_947921_070307_ANI_ACCIDENTE_UF2_PR8+752_08.AGO.2021.pdf
2319,8,CONSORCIO 4C,CI.004/GP9043/21/7.4.1,,,4 de abril de 2021,,15_01_Cartas_Enviadas/RADICADAS/2021/CI004_904321_070401_CON_CONSULTA_RESOLUCIÓN_ALMA-5-0253.pdf
2318,29,CONSORCIO 4C,CI.004/GP9113/21/5.3,,,8 de Mayo de 2021,,15_01_Cartas_Enviadas/RADICADAS/2021/CI004_911321_050300_ANI_EER_4PREDIOS_UF5.pdf
2320,5,CONSORCIO 4C,CI.004/GP9127/21/7.3.4,,,9 de mayo de 2021,,15_01_Cartas_Enviadas/RADICADAS/2021/CI004_912721_070303_CON_SECTORES_CRÍTICOS_2021.pdf
2321,4,CONSORCIO 4C,CI.004/GP9369/21/7.3.1.,,,4 de agosto de 2021,,15_01_Cartas_Enviadas/RADICADAS/2021/CI004_936921_070301_CON_PAPEL_BASC.pdf
2322,2,CONSORCIO 4C,CI.004/GP9205/21/7.2.2,,,2 de Junio de 2021,,15_01_Cartas_Enviadas/RADICADAS/2021/CI004_920521_070202_ANI_F-001_MTTO_MAY-2021.pdf
2323,4,CONSORCIO 4C,CI.004/GP9306/21/7.4.6,,,3 de agosto de 2021,,15_01_Cartas_Enviadas/RADICADAS/2021/CI004_930621_070406_CON_SEGUIM_CRONOGRAMA_OTROSÍ9.pdf
2324,12,CONSORCIO 4C,CI.004/GP8836/21/5.3,,,2 de Enero de 2021,,15_01_Cartas_Enviadas/RADICADAS/2021/CI004_883621_050300_ANI_OTROSÍ_CTO_FIDUCIA.pdf
2325,3,CONSORCIO 4C,CI.004/GP8942/21/7.2.10,,,2 de Marzo de 2021,,15_01_Cartas_Enviadas/RADICADAS/2021/CI004_894221_070210_ANI_ACTAS_RETRIBUCION_ENE2021.pdf
2326,5,CONSORCIO 4C,CI.004/GP9590/21/7.1.9,,,7 de noviembre de 2021,,15_01_Cartas_Enviadas/RADICADAS/2021/CI004_959021_070109_CON_INFOTRIMESTRAL_N28-SOCIAL.pdf
2308,3,CONSORCIO 4C,CI.004/GP9675/21/5.3,CONCESIÓN ALTO MAGDALENA S.A.S.,,21/12/2021,Ref. Contrato de Concesión 003 de 2014 Concesión Honda - Puerto Salgar - Girardot Requerimiento para Actualizar Garantías conforme al EER Predial,15_01_Cartas_Enviadas/RADICADAS/2021/CI004_967521_050300_CON_REQUERIMI_POLIZAS_O&M_EER_PREDIAL.pdf
2327,4,CONSORCIO 4C,CI.004/GP9385/21/7.4.6,,,7 de agosto de 2021,,15_01_Cartas_Enviadas/RADICADAS/2021/CI004_938521_070406_CON_OBSER_AVALUOS9_UF5.pdf
2328,4,CONSORCIO 4C,CI.004/GP9403/21/5.3-7.1.7,,,6 de septiembre de 2021,,15_01_Cartas_Enviadas/RADICADAS/2021/CI004_940321_050300_070107_CON_NO_OBJECIÓN_PCURA_P.GALLERA_ACLARACI.pdf
2329,4,CONSORCIO 4C,CI.004/GP9146/21/7.3.3,,,5 de mayo de 2021,,15_01_Cartas_Enviadas/RADICADAS/2021/CI004_914621_070303_CON_SICC_TRAMOS_UF4_5.pdf
2330,8,CONSORCIO 4C,CI.004/GP8884/21/7.4.4,,,0 de febrero de 2021,,15_01_Cartas_Enviadas/RADICADAS/2021/CI004_888421_070404_CON_REQUERIM_IMPULSO_PROCESAL.pdf
2331,7,CONSORCIO 4C,CI.004/GP8799/21/7.1.15,,,8 de Enero de 2021,,15_01_Cartas_Enviadas/RADICADAS/2021/CI004_879921_070115_ANI_RTA_PENDIENTES_CENIT.pdf
2334,6,CONSORCIO 4C,CI.004/GP9022/21/7.1.4,,,7 de abril de 2021,,15_01_Cartas_Enviadas/RADICADAS/2021/CI004_902221_070104_CON_PLAN_RIESGO_DESASTR_LLUVIAS.pdf
2335,6,CONSORCIO 4C,CI.004/GP9294/21/7.5,,,7 de julio de 2021,,15_01_Cartas_Enviadas/RADICADAS/2021/CI004_929421_070500_CON_OBSERV_INFOR_GERENC_JUNIO2021.pdf
2333,5,CONSORCIO 4C,CI.004/GP9191/21/7.1.7,,,8 de junio de 2021,,15_01_Cartas_Enviadas/RADICADAS/2021/CI004_919121_070104_CON_REQUERIM_DESCOLE_PR19+950_UF2.pdf
2332,3,CONSORCIO 4C,CI.004/GP8867/21/7.3.3,,,2 de Febrero de 2021,,15_01_Cartas_Enviadas/RADICADAS/2021/CI004_886721_070303_CON_MEDICIÓN_INDICADORES_02_2021.pdf
2336,5,CONSORCIO 4C,CI.004/GP9309/21/7.4.1,,,3 de agosto de 2021,,15_01_Cartas_Enviadas/RADICADAS/2021/CI004_930921_070401_CON_REQUERI_EXPEDI_PREDIALES.pdf
2337,5,CONSORCIO 4C,CI.004/GP8865/21/5.3,,,2 de febrero de 2021,,15_01_Cartas_Enviadas/RADICADAS/2021/CI004_886521_050300_CON_REV_POLIZA_CUMPLIM.pdf
2338,2,CONSORCIO 4C,CI.004/GP9099/21/9.2,,,0 de Mayo de 2021,,15_01_Cartas_Enviadas/RADICADAS/2021/CI004_909921_090200_ANI_INF_SOCIOAMB_ABR_2021.pdf
2339,3,CONSORCIO 4C,CI.004/GP9199/21/7.2.9,,,8 de Junio de 2021,,15_01_Cartas_Enviadas/RADICADAS/2021/CI004_919921_070209_ANI_ACTA_VPIP_ABRIL_2021.docx.pdf
2340,3,CONSORCIO 4C,CI.004/GP9541/21/7.1.8,,,6 de octubre de 2021,,15_01_Cartas_Enviadas/RADICADAS/2021/CI004_954121_070108_CON_INF_TRIM_AMB_26_V01.pdf
2341,3,CONSORCIO 4C,CI.004/GP8991/21/7.4.1,,,9 de marzo de 2021,,15_01_Cartas_Enviadas/RADICADAS/2021/CI004_899121_070401_CON_REIT_REQ_CERCA-ALMA-5-0012-1.pdf
2342,8,CONSORCIO 4C,CI.004/GP9469/21/5.3,,,9 de Septiembre de 2021,,15_01_Cartas_Enviadas/RADICADAS/2021/CI004_946921_050300_070300_ANI_NO_OBJECIÓN_PCURA_CONVENIO_POLCA.pdf
2343,3,CONSORCIO 4C,CI.004/GP9307/21/7.4.1,,,3 de agosto de 2021,,15_01_Cartas_Enviadas/RADICADAS/2021/CI004_930721_070401_CON_SUSPENSIÓN_REQUERIMIENTO_OLYMPUS.pdf
2344,3,CONSORCIO 4C,CI.004/GP8782/21/7.3.3,,,4 de enero de 2021,,15_01_Cartas_Enviadas/RADICADAS/2021/CI004_878221_070303_CON_MEDICIÓN_INDICADORES_01_2021.pdf
2345,7,CONSORCIO 4C,CI.004/GP9092/21/5.3,,,0 de Mayo de 2021,,15_01_Cartas_Enviadas/RADICADAS/2021/CI004_909221_050300_ANI_CONT_MIN_HACIEN_2020.pdf
2346,5,CONSORCIO 4C,CI.004/GP8796/21/7.1.8,,,5 de enero de 2021,,15_01_Cartas_Enviadas/RADICADAS/2021/CI004_879621_070108_CON_INF_CIERRE_AMB_UF5.pdf
